"Player,Unnamed: 1_level_1,Net Fixed P/W (USD),Net Fixed P/Y (USD),Net Bonus P/Y (USD),Net Total P/Y (USD),Status,Signed,""Expiration Jul 1, 2031Jun 30, 2026Jun 30, 2027Jun 30, 2028Jun 30, 2029Jun 30, 2030Jun 30, 2031Jun 30, 2032Jun 30, 2033Jun 30, 2034May 31, 2026May 31, 2027"",Years Remaining 123456789,Net Remaining (USD),Release Clause (USD),Pos. DFKM,Pos. AMCBCFCMDMGKLBLMLWRBRMRWSS,Age,Country,Club,Active,Loan"
"Erling Haaland,,""$ 387,162"",""$ 20,132,412"",""$ 13,417,140"",""$ 33,549,551"",Active,""Jan 17, 2025"",""Jun 30, 2034"",9,""$ 181,191,705"",,F,CF,25,Norway,Manchester City,True,"
"Mohamed Salah,,""$ 294,882"",""$ 15,333,874"",""$ 3,833,469"",""$ 19,167,343"",Active,""Apr 11, 2025"",""Jun 30, 2027"",2,""$ 30,667,748"",,F,RW,33,Egypt,Liverpool,True,"
"Virgil van Dijk,,""$ 258,022"",""$ 13,417,140"",""$ 1,916,734"",""$ 15,333,874"",Active,""Apr 17, 2025"",""Jun 30, 2027"",2,""$ 26,834,280"",,D,CB,34,Netherlands,Liverpool,True,"
"Casemiro,,""$ 258,022"",""$ 13,417,140"",""$ 3,833,469"",""$ 17,250,608"",Active,""Aug 22, 2022"",""Jun 30, 2026"",1,""$ 13,417,140"",,M,DM,33,Brazil,Manchester United,True,"
"Bernardo Silva,,""$ 221,162"",""$ 11,500,406"",""$ 2,881,803"",""$ 14,382,209"",Active,""Aug 23, 2023"",""Jun 30, 2026"",1,""$ 11,500,406"",""$ 67,018,681"",F,AM,31,Portugal,Manchester City,True,"
"Bruno Fernandes,,""$ 221,162"",""$ 11,500,406"",""$ 2,881,803"",""$ 14,382,209"",Active,""Aug 14, 2024"",""Jun 30, 2027"",2,""$ 23,000,811"",,F,AM,31,Portugal,Manchester United,True,"
"Omar Marmoush,,""$ 217,553"",""$ 11,312,753"",""$ 2,828,188"",""$ 14,140,942"",Active,""Jan 23, 2025"",""Jun 30, 2029"",4,""$ 45,251,013"",,F,CF,26,Egypt,Manchester City,True,"
"Kai Havertz,,""$ 206,469"",""$ 10,736,393"",""$ 1,916,734"",""$ 12,653,127"",Active,""Jul 1, 2023"",""Jun 30, 2028"",3,""$ 32,209,178"",,F,CF,26,Germany,Arsenal,True,"
"Alexander Isak,,""$ 206,469"",""$ 10,736,393"",""$ 764,013"",""$ 11,500,406"",Active,""Sep 1, 2025"",""Jun 30, 2031"",6,""$ 64,418,356"",,F,CF,26,Sweden,Liverpool,True,"
"Gabriel Jesus,,""$ 195,385"",""$ 10,160,032"",""$ 2,533,306"",""$ 12,693,338"",Active,""Jul 4, 2022"",""Jun 30, 2027"",2,""$ 20,320,064"",,F,CF,28,Brazil,Arsenal,True,"
"Rúben Dias,,""$ 184,301"",""$ 9,583,671"",""$ 2,399,269"",""$ 11,982,940"",Active,""Aug 22, 2025"",""Jun 30, 2029"",4,""$ 38,334,685"",,D,CB,28,Portugal,Manchester City,True,"
"Gianluigi Donnarumma,,""$ 184,301"",""$ 9,583,671"",""$ 2,399,269"",""$ 11,982,940"",Active,""Sep 1, 2025"",""Jun 30, 2030"",5,""$ 47,918,357"",,K,GK,26,Italy,Manchester City,True,"
"John Stones,,""$ 184,301"",""$ 9,583,671"",""$ 2,399,269"",""$ 11,982,940"",Active,""Aug 10, 2021"",""Jun 30, 2026"",1,""$ 9,583,671"",,D,CB,31,England,Manchester City,True,"
"Marc Guéhi,,""$ 184,301"",""$ 9,583,671"",""$ 1,916,734"",""$ 11,500,406"",Active,""Jan 19, 2026"",""Jun 30, 2031"",6,""$ 57,502,028"",,D,CB,25,England,Manchester City,True,"
"William Saliba,,""$ 184,301"",""$ 9,583,671"",""$ 1,434,200"",""$ 11,017,871"",Active,""Sep 30, 2025"",""Jun 30, 2030"",5,""$ 47,918,357"",,D,CB,24,France,Arsenal,True,"
"Cody Gakpo,,""$ 184,301"",""$ 9,583,671"",""$ 2,399,269"",""$ 11,982,940"",Active,""Aug 30, 2025"",""Jun 30, 2030"",5,""$ 47,918,357"",,F,LW,26,Netherlands,Liverpool,True,"
"Declan Rice,,""$ 176,826"",""$ 9,194,963"",""$ 2,305,443"",""$ 11,500,406"",Active,""Jul 15, 2023"",""Jun 30, 2028"",3,""$ 27,584,889"",,M,CM,27,England,Arsenal,True,"
"Martin Ødegaard,,""$ 176,826"",""$ 9,194,963"",""$ 2,305,443"",""$ 11,500,406"",Active,""Sep 22, 2023"",""Jun 30, 2028"",3,""$ 27,584,889"",,F,AM,27,Norway,Arsenal,True,"
"Tijjani Reijnders,,""$ 169,609"",""$ 8,819,658"",""$ 2,198,213"",""$ 11,017,871"",Active,""Jun 10, 2025"",""Jun 30, 2030"",5,""$ 44,098,292"",,M,CM,27,Netherlands,Manchester City,True,"
"Phil Foden,,""$ 166,000"",""$ 8,632,006"",""$ 2,158,002"",""$ 10,790,008"",Active,""Oct 14, 2022"",""Jun 30, 2027"",2,""$ 17,264,012"",,F,AM,25,England,Manchester City,True,"
"Jack Grealish,,""$ 166,000"",""$ 8,632,006"",""$ 2,158,002"",""$ 10,790,008"",Loan,""Aug 12, 2025"",""Jun 30, 2026"",1,""$ 8,632,006"",,F,LW,30,England,Everton,True,"
"Rodri,,""$ 162,134"",""$ 8,430,950"",""$ 2,104,387"",""$ 10,535,337"",Active,""Jul 12, 2022"",""Jun 30, 2027"",2,""$ 16,861,900"",,M,DM,29,Spain,Manchester City,True,"
"Viktor Gyökeres,,""$ 147,441"",""$ 7,666,937"",""$ 1,916,734"",""$ 9,583,671"",Active,""Jul 26, 2025"",""Jun 30, 2030"",5,""$ 38,334,685"",,F,CF,27,Sweden,Arsenal,True,"
"Wesley Fofana,,""$ 147,441"",""$ 7,666,937"",""$ 1,916,734"",""$ 9,583,671"",Active,""Aug 31, 2022"",""Jun 30, 2029"",4,""$ 30,667,748"",,D,CB,25,France,Chelsea,True,"
"Reece James,,""$ 147,441"",""$ 7,666,937"",""$ 3,833,469"",""$ 11,500,406"",Active,""Mar 13, 2026"",""Jun 30, 2032"",7,""$ 53,668,559"",,D,RB,26,England,Chelsea,True,"
"Josko Gvardiol,,""$ 147,441"",""$ 7,666,937"",""$ 1,916,734"",""$ 9,583,671"",Active,""Aug 5, 2023"",""Jun 30, 2028"",3,""$ 23,000,811"",,D,CB,24,Croatia,Manchester City,True,"
"Jadon Sancho,,""$ 147,441"",""$ 7,666,937"",""$ 1,916,734"",""$ 9,583,671"",Loan,""Sep 1, 2025"",""Jun 30, 2026"",1,""$ 7,666,937"",,F,LW,25,England,Aston Villa,True,"
"Florian Wirtz,,""$ 147,441"",""$ 7,666,937"",""$ 1,916,734"",""$ 9,583,671"",Active,""Jul 1, 2025"",""Jun 30, 2030"",5,""$ 38,334,685"",,F,AM,22,Germany,Liverpool,True,"
"Hugo Ekitiké,,""$ 147,441"",""$ 7,666,937"",""$ 1,916,734"",""$ 9,583,671"",Active,""Jul 23, 2025"",""Jun 30, 2031"",6,""$ 46,001,622"",,F,CF,23,France,Liverpool,True,"
"Matthijs de Ligt,,""$ 143,832"",""$ 7,479,285"",""$ 1,863,119"",""$ 9,342,404"",Active,""Aug 13, 2024"",""Jun 30, 2029"",4,""$ 29,917,139"",,D,CB,26,Netherlands,Manchester United,True,"
"Bukayo Saka,,""$ 143,832"",""$ 7,479,285"",""$ 3,833,469"",""$ 11,312,753"",Active,""Feb 19, 2026"",""Jun 30, 2030"",5,""$ 37,396,424"",,F,RW,24,England,Arsenal,True,"
"Cristian Romero,,""$ 143,832"",""$ 7,479,285"",""$ 1,863,119"",""$ 9,342,404"",Active,""Aug 18, 2025"",""Jun 30, 2029"",4,""$ 29,917,139"",,D,CB,27,Argentina,Tottenham,True,"
"Xavi Simons,,""$ 143,832"",""$ 7,479,285"",""$ 1,863,119"",""$ 9,342,404"",Active,""Aug 29, 2025"",""Jun 30, 2030"",5,""$ 37,396,424"",,F,AM,22,Netherlands,Tottenham,True,"
"Harry Maguire,,""$ 139,966"",""$ 7,278,229"",""$ 1,822,908"",""$ 9,101,137"",Active,""Apr 7, 2026"",""Jun 30, 2027"",2,""$ 14,556,457"",,D,CB,32,England,Manchester United,True,"
"Rayan Cherki,,""$ 132,749"",""$ 6,902,924"",""$ 1,729,082"",""$ 8,632,006"",Active,""Jun 10, 2025"",""Jun 30, 2030"",5,""$ 34,514,620"",,F,AM,22,France,Manchester City,True,"
"Gabriel Martinelli,,""$ 132,749"",""$ 6,902,924"",""$ 1,729,082"",""$ 8,632,006"",Active,""Feb 3, 2023"",""Jun 30, 2027"",2,""$ 13,805,848"",,F,LW,24,Brazil,Arsenal,True,"
"Enzo Fernández,,""$ 132,749"",""$ 6,902,924"",""$ 1,729,082"",""$ 8,632,006"",Active,""Jan 31, 2023"",""Jun 30, 2032"",7,""$ 48,320,469"",,M,CM,25,Argentina,Chelsea,True,"
"Leandro Trossard,,""$ 132,749"",""$ 6,902,924"",""$ 1,729,082"",""$ 8,632,006"",Active,""Aug 19, 2025"",""Jun 30, 2027"",2,""$ 13,805,848"",,F,LW,31,Belgium,Arsenal,True,"
"Matheus Cunha,,""$ 132,749"",""$ 6,902,924"",""$ 764,013"",""$ 7,666,937"",Active,""Jul 1, 2025"",""Jun 30, 2030"",5,""$ 34,514,620"",,F,CF,26,Brazil,Manchester United,True,"
"Eberechi Eze,,""$ 132,749"",""$ 6,902,924"",""$ 1,729,082"",""$ 8,632,006"",Active,""Aug 23, 2025"",""Jun 30, 2029"",4,""$ 27,611,696"",,F,AM,27,England,Arsenal,True,"
"Marc Cucurella,,""$ 129,140"",""$ 6,715,272"",""$ 1,675,467"",""$ 8,390,739"",Active,""Aug 5, 2022"",""Jun 30, 2028"",3,""$ 20,145,815"",,D,LB,27,Spain,Chelsea,True,"
"James Maddison,,""$ 125,273"",""$ 6,514,216"",""$ 1,635,256"",""$ 8,149,472"",Active,""Jul 1, 2023"",""Jun 30, 2028"",3,""$ 19,542,647"",,F,AM,29,England,Tottenham,True,"
"Nathan Aké,,""$ 118,056"",""$ 6,138,911"",""$ 1,528,026"",""$ 7,666,937"",Active,""Jul 29, 2023"",""Jun 30, 2027"",2,""$ 12,277,822"",,D,CB,30,Netherlands,Manchester City,True,"
"Andrew Robertson,,""$ 118,056"",""$ 6,138,911"",""$ 1,528,026"",""$ 7,666,937"",Active,""Aug 24, 2021"",""Jun 30, 2026"",1,""$ 6,138,911"",,D,LB,31,Scotland,Liverpool,True,"
"Bruno Guimarães,,""$ 118,056"",""$ 6,138,911"",""$ 1,528,026"",""$ 7,666,937"",Active,""Oct 7, 2023"",""Jun 30, 2028"",3,""$ 18,416,733"",,M,CM,28,Brazil,Newcastle,True,"
"Conor Gallagher,,""$ 118,056"",""$ 6,138,911"",""$ 1,528,026"",""$ 7,666,937"",Active,""Jan 14, 2026"",""Jun 30, 2031"",6,""$ 36,833,467"",,M,CM,25,England,Tottenham,True,"
"Pedro Neto,,""$ 118,056"",""$ 6,138,911"",""$ 1,528,026"",""$ 7,666,937"",Active,""Aug 11, 2024"",""Jun 30, 2031"",6,""$ 36,833,467"",,F,RW,25,Portugal,Chelsea,True,"
"Benjamin Sesko,,""$ 118,056"",""$ 6,138,911"",""$ 1,528,026"",""$ 7,666,937"",Active,""Aug 9, 2025"",""Jun 30, 2030"",5,""$ 30,694,556"",,F,CF,22,Slovenia,Manchester United,True,"
"Ben White,,""$ 110,581"",""$ 5,750,203"",""$ 1,434,200"",""$ 7,184,403"",Active,""Mar 14, 2024"",""Jun 30, 2028"",3,""$ 17,250,608"",,D,RB,28,England,Arsenal,True,"
"Morgan Rogers,,""$ 110,581"",""$ 5,750,203"",""$ 1,434,200"",""$ 7,184,403"",Active,""Nov 10, 2025"",""Jun 30, 2031"",6,""$ 34,501,217"",,F,AM,23,England,Aston Villa,True,"
"Mateo Kovacic,,""$ 110,581"",""$ 5,750,203"",""$ 1,434,200"",""$ 7,184,403"",Active,""Jul 1, 2023"",""Jun 30, 2027"",2,""$ 11,500,406"",,M,CM,31,Croatia,Manchester City,True,"
"Gabriel Magalhães,,""$ 110,581"",""$ 5,750,203"",""$ 1,916,734"",""$ 7,666,937"",Active,""Jun 6, 2025"",""Jun 30, 2029"",4,""$ 23,000,811"",,D,CB,28,Brazil,Arsenal,True,"
"Anthony Gordon,,""$ 110,581"",""$ 5,750,203"",""$ 764,013"",""$ 6,514,216"",Active,""Oct 22, 2024"",""Jun 30, 2030"",5,""$ 28,751,014"",,F,LW,24,England,Newcastle,True,"
"Emiliano Martínez,,""$ 110,581"",""$ 5,750,203"",""$ 1,434,200"",""$ 7,184,403"",Active,""Aug 21, 2024"",""Jun 30, 2029"",4,""$ 23,000,811"",,K,GK,33,Argentina,Aston Villa,True,"
"Alisson,,""$ 110,581"",""$ 5,750,203"",""$ 1,434,200"",""$ 7,184,403"",Active,""Aug 4, 2021"",""Jun 30, 2027"",2,""$ 11,500,406"",,K,GK,33,Brazil,Liverpool,True,"
"Youri Tielemans,,""$ 110,581"",""$ 5,750,203"",""$ 1,434,200"",""$ 7,184,403"",Active,""Jul 1, 2023"",""Jun 30, 2028"",3,""$ 17,250,608"",,M,CM,28,Belgium,Aston Villa,True,"
"Mason Mount,,""$ 110,581"",""$ 5,750,203"",""$ 1,916,734"",""$ 7,666,937"",Active,""Jul 5, 2023"",""Jun 30, 2028"",3,""$ 17,250,608"",,F,AM,27,England,Manchester United,True,"
"Jarrod Bowen,,""$ 110,581"",""$ 5,750,203"",""$ 1,434,200"",""$ 7,184,403"",Active,""Oct 8, 2023"",""Jun 30, 2030"",5,""$ 28,751,014"",,F,RW,29,England,West Ham,True,"
"Jordan Pickford,,""$ 110,581"",""$ 5,750,203"",""$ 1,434,200"",""$ 7,184,403"",Active,""Oct 16, 2025"",""Jun 30, 2029"",4,""$ 23,000,811"",,K,GK,31,England,Everton,True,"
"Ibrahima Konaté,,""$ 110,581"",""$ 5,750,203"",""$ 1,434,200"",""$ 7,184,403"",Active,""Jul 1, 2021"",""Jun 30, 2026"",1,""$ 5,750,203"",,D,CB,26,France,Liverpool,True,"
"Ryan Gravenberch,,""$ 110,581"",""$ 5,750,203"",""$ 1,434,200"",""$ 7,184,403"",Active,""Mar 7, 2026"",""Jun 30, 2032"",7,""$ 40,251,420"",,M,DM,23,Netherlands,Liverpool,True,"
"Boubacar Kamara,,""$ 110,581"",""$ 5,750,203"",""$ 1,434,200"",""$ 7,184,403"",Active,""Jul 24, 2025"",""Jun 30, 2030"",5,""$ 28,751,014"",,M,DM,26,France,Aston Villa,True,"
"Bryan Mbeumo,,""$ 110,581"",""$ 5,750,203"",""$ 1,916,734"",""$ 7,666,937"",Active,""Jul 21, 2025"",""Jun 30, 2030"",5,""$ 28,751,014"",,F,RW,26,Cameroon,Manchester United,True,"
"Luke Shaw,,""$ 110,581"",""$ 5,750,203"",""$ 1,916,734"",""$ 7,666,937"",Active,""Apr 4, 2023"",""Jun 30, 2027"",2,""$ 11,500,406"",,D,LB,30,England,Manchester United,True,"
"Antoine Semenyo,,""$ 110,581"",""$ 5,750,203"",""$ 1,434,200"",""$ 7,184,403"",Active,""Jan 9, 2026"",""Jun 30, 2031"",6,""$ 34,501,217"",,F,RW,26,Ghana,Manchester City,True,"
"Randal Kolo Muani,,""$ 110,581"",""$ 5,750,203"",""$ 2,305,443"",""$ 8,055,645"",Loan,""Sep 1, 2025"",""Jun 30, 2026"",1,""$ 5,750,203"",,F,CF,27,France,Tottenham,True,"
"Alexis Mac Allister,,""$ 110,581"",""$ 5,750,203"",""$ 1,152,721"",""$ 6,902,924"",Active,""Jul 1, 2023"",""Jun 30, 2028"",3,""$ 17,250,608"",,M,CM,27,Argentina,Liverpool,True,"
"Sandro Tonali,,""$ 110,581"",""$ 5,750,203"",""$ 1,528,026"",""$ 7,278,229"",Active,""Jul 3, 2023"",""Jun 30, 2029"",4,""$ 23,000,811"",,M,DM,25,Italy,Newcastle,True,"
"Mohammed Kudus,,""$ 110,581"",""$ 5,750,203"",""$ 1,434,200"",""$ 7,184,403"",Active,""Jul 10, 2025"",""Jun 30, 2031"",6,""$ 34,501,217"",,F,RW,25,Ghana,Tottenham,True,"
"Moisés Caicedo,,""$ 110,581"",""$ 5,750,203"",""$ 965,069"",""$ 6,715,272"",Active,""Apr 17, 2026"",""Jun 30, 2033"",8,""$ 46,001,622"",,M,DM,24,Ecuador,Chelsea,True,"
"Joelinton,,""$ 110,581"",""$ 5,750,203"",""$ 1,434,200"",""$ 7,184,403"",Active,""Apr 11, 2024"",""Jun 30, 2028"",3,""$ 17,250,608"",,M,CM,29,Brazil,Newcastle,True,"
"Federico Chiesa,,""$ 110,581"",""$ 5,750,203"",""$ 1,152,721"",""$ 6,902,924"",Active,""Aug 29, 2024"",""Jun 30, 2028"",3,""$ 17,250,608"",,F,RW,28,Italy,Liverpool,True,"
"Noni Madueke,,""$ 110,581"",""$ 5,750,203"",""$ 1,434,200"",""$ 7,184,403"",Active,""Jul 18, 2025"",""Jun 30, 2030"",5,""$ 28,751,014"",,F,RW,23,England,Arsenal,True,"
"Dominic Solanke,,""$ 103,106"",""$ 5,361,494"",""$ 1,340,374"",""$ 6,701,868"",Active,""Aug 10, 2024"",""Jun 30, 2030"",5,""$ 26,807,472"",,F,CF,28,England,Tottenham,True,"
"Yoane Wissa,,""$ 103,106"",""$ 5,361,494"",""$ 1,340,374"",""$ 6,701,868"",Active,""Sep 1, 2025"",""Jun 30, 2026"",1,""$ 5,361,494"",,F,CF,29,Democratic Republic of the Congo,Newcastle,True,"
"Tammy Abraham,,""$ 103,106"",""$ 5,361,494"",""$ 1,340,374"",""$ 6,701,868"",Active,""Jan 27, 2026"",""Jun 30, 2030"",5,""$ 26,807,472"",,F,CF,28,England,Aston Villa,True,"
"Amadou Onana,,""$ 103,106"",""$ 5,361,494"",""$ 1,340,374"",""$ 6,701,868"",Active,""Jul 22, 2024"",""Jun 30, 2029"",4,""$ 21,445,978"",,M,DM,24,Belgium,Aston Villa,True,"
"Sven Botman,,""$ 103,106"",""$ 5,361,494"",""$ 857,839"",""$ 6,219,334"",Active,""Jan 12, 2026"",""Jun 30, 2030"",5,""$ 26,807,472"",,D,CB,26,Netherlands,Newcastle,True,"
"João Palhinha,,""$ 99,497"",""$ 5,173,842"",""$ 1,219,740"",""$ 6,393,582"",Loan,""Aug 3, 2025"",""Jun 30, 2026"",1,""$ 5,173,842"",,M,DM,30,Portugal,Tottenham,True,"
"Noussair Mazraoui,,""$ 99,497"",""$ 5,173,842"",""$ 1,300,162"",""$ 6,474,005"",Active,""Aug 13, 2024"",""Jun 30, 2028"",3,""$ 15,521,526"",,D,RB,28,Morocco,Manchester United,True,"
"Lucas Digne,,""$ 99,497"",""$ 5,173,842"",""$ 1,300,162"",""$ 6,474,005"",Active,""Aug 7, 2025"",""Jun 30, 2028"",3,""$ 15,521,526"",,D,LB,32,France,Aston Villa,True,"
"Nick Woltemade,,""$ 97,693"",""$ 5,080,016"",""$ 1,273,355"",""$ 6,353,371"",Active,""Aug 30, 2025"",""Jul 1, 2031"",6,""$ 30,480,096"",,F,CF,23,Germany,Newcastle,True,"
"Mikel Merino,,""$ 95,888"",""$ 4,986,190"",""$ 1,246,547"",""$ 6,232,737"",Active,""Aug 27, 2024"",""Jun 30, 2028"",3,""$ 14,958,569"",,M,CM,29,Spain,Arsenal,True,"
"John McGinn,,""$ 95,888"",""$ 4,986,190"",""$ 1,246,547"",""$ 6,232,737"",Active,""Nov 5, 2025"",""Jun 30, 2028"",3,""$ 14,958,569"",,M,CM,31,Scotland,Aston Villa,True,"
"Ollie Watkins,,""$ 95,888"",""$ 4,986,190"",""$ 1,246,547"",""$ 6,232,737"",Active,""Oct 6, 2023"",""Jun 30, 2028"",3,""$ 14,958,569"",,F,CF,30,England,Aston Villa,True,"
"Cole Palmer,,""$ 95,888"",""$ 4,986,190"",""$ 1,246,547"",""$ 6,232,737"",Active,""Aug 13, 2024"",""Jun 30, 2033"",8,""$ 39,889,519"",,F,AM,23,England,Chelsea,True,"
"Matheus Nunes,,""$ 95,888"",""$ 4,986,190"",""$ 1,246,547"",""$ 6,232,737"",Active,""Sep 1, 2023"",""Jun 30, 2028"",3,""$ 14,958,569"",,D,RB,27,Portugal,Manchester City,True,"
"Bernd Leno,,""$ 95,888"",""$ 4,986,190"",""$ 1,246,547"",""$ 6,232,737"",Active,""Dec 13, 2023"",""Jun 30, 2027"",2,""$ 9,972,380"",,K,GK,33,Germany,Fulham,True,"
"João Pedro,,""$ 92,280"",""$ 4,798,538"",""$ 1,192,933"",""$ 5,991,470"",Active,""Jul 2, 2025"",""Jun 30, 2033"",8,""$ 38,388,300"",,F,CF,24,Brazil,Chelsea,True,"
"Leon Bailey,,""$ 88,413"",""$ 4,597,481"",""$ 1,152,721"",""$ 5,750,203"",Active,""Feb 12, 2024"",""Jun 30, 2027"",2,""$ 9,194,963"",,F,RW,28,Jamaica,Aston Villa,True,"
"Jarrad Branthwaite,,""$ 88,413"",""$ 4,597,481"",""$ 1,152,721"",""$ 5,750,203"",Active,""Jul 2, 2025"",""Jun 30, 2030"",5,""$ 22,987,407"",,D,CB,23,England,Everton,True,"
"James Tarkowski,,""$ 88,413"",""$ 4,597,481"",""$ 1,152,721"",""$ 5,750,203"",Active,""Oct 8, 2025"",""Jun 30, 2028"",3,""$ 13,792,444"",,D,CB,33,England,Everton,True,"
"Samuel Chukwueze,,""$ 88,413"",""$ 4,597,481"",""$ 1,152,721"",""$ 5,750,203"",Loan,""Sep 1, 2025"",""Jun 30, 2026"",1,""$ 4,597,481"",,F,RW,26,Nigeria,Fulham,True,"
"Jacob Ramsey,,""$ 88,413"",""$ 4,597,481"",""$ 1,152,721"",""$ 5,750,203"",Active,""Aug 17, 2025"",""Jun 30, 2026"",1,""$ 4,597,481"",,M,CM,24,England,Newcastle,True,"
"Alphonse Areola,,""$ 88,413"",""$ 4,597,481"",""$ 1,152,721"",""$ 5,750,203"",Active,""Jul 1, 2022"",""Jun 30, 2027"",2,""$ 9,194,963"",,K,GK,32,France,West Ham,True,"
"Aaron Ramsdale,,""$ 88,413"",""$ 4,597,481"",""$ 1,152,721"",""$ 5,750,203"",Loan,""Aug 2, 2025"",""Jun 30, 2026"",1,""$ 4,597,481"",,K,GK,27,England,Newcastle,True,"
"Idrissa Gueye,,""$ 88,413"",""$ 4,597,481"",""$ 1,152,721"",""$ 5,750,203"",Active,""Jul 7, 2025"",""Jun 30, 2026"",1,""$ 4,597,481"",,M,DM,36,Senegal,Everton,True,"
"Rayan Aït-Nouri,,""$ 88,413"",""$ 4,597,481"",""$ 1,152,721"",""$ 5,750,203"",Active,""Jun 9, 2025"",""Jun 30, 2030"",5,""$ 22,987,407"",,D,LB,24,Algeria,Manchester City,True,"
"Tosin Adarabioyo,,""$ 88,413"",""$ 4,597,481"",""$ 1,152,721"",""$ 5,750,203"",Active,""Jul 1, 2024"",""Jun 30, 2028"",3,""$ 13,792,444"",,D,CB,28,England,Chelsea,True,"
"Amad Diallo,,""$ 88,413"",""$ 4,597,481"",""$ 1,152,721"",""$ 5,750,203"",Active,""Jan 9, 2025"",""Jun 30, 2030"",5,""$ 22,987,407"",,F,RW,23,Cote d'Ivoire,Manchester United,True,"
"Jorrel Hato,,""$ 88,413"",""$ 4,597,481"",""$ 1,152,721"",""$ 5,750,203"",Active,""Aug 3, 2025"",""Jun 30, 2032"",7,""$ 32,182,370"",,D,LB,19,Netherlands,Chelsea,True,"
"Jørgen Strand Larsen,,""$ 88,413"",""$ 4,597,481"",""$ 1,152,721"",""$ 5,750,203"",Active,""Feb 2, 2026"",""Jun 30, 2030"",5,""$ 22,987,407"",,F,CF,25,Norway,Crystal Palace,True,"
"Kieran Trippier,,""$ 88,413"",""$ 4,597,481"",""$ 1,152,721"",""$ 5,750,203"",Active,""Jan 27, 2023"",""Jun 30, 2026"",1,""$ 4,597,481"",,D,RB,35,England,Newcastle,True,"
"Lisandro Martínez,,""$ 88,413"",""$ 4,597,481"",""$ 1,152,721"",""$ 5,750,203"",Active,""Jul 27, 2022"",""Jun 30, 2027"",2,""$ 9,194,963"",,D,CB,28,Argentina,Manchester United,True,"
"Victor Lindelöf,,""$ 88,413"",""$ 4,597,481"",""$ 1,152,721"",""$ 5,750,203"",Active,""Sep 1, 2025"",""Jun 30, 2027"",2,""$ 9,194,963"",,D,CB,31,Sweden,Aston Villa,True,"
"Dominik Szoboszlai,,""$ 88,413"",""$ 4,597,481"",""$ 1,152,721"",""$ 5,750,203"",Active,""Jul 2, 2023"",""Jun 30, 2028"",3,""$ 13,792,444"",,F,AM,25,Hungary,Liverpool,True,"
"Manuel Ugarte,,""$ 88,413"",""$ 4,597,481"",""$ 1,152,721"",""$ 5,750,203"",Active,""Aug 30, 2024"",""Jun 30, 2029"",4,""$ 18,389,926"",,M,DM,24,Uruguay,Manchester United,True,"
"Riccardo Calafiori,,""$ 88,413"",""$ 4,597,481"",""$ 1,152,721"",""$ 5,750,203"",Active,""Jul 29, 2024"",""Jun 30, 2029"",4,""$ 18,389,926"",,D,LB,23,Italy,Arsenal,True,"
"Leny Yoro,,""$ 84,804"",""$ 4,409,829"",""$ 1,152,721"",""$ 5,562,550"",Active,""Jul 18, 2024"",""Jun 30, 2029"",4,""$ 17,639,317"",,D,CB,20,France,Manchester United,True,"
"Granit Xhaka,,""$ 81,196"",""$ 4,222,177"",""$ 1,058,895"",""$ 5,281,072"",Active,""Jul 30, 2025"",""Jun 30, 2028"",3,""$ 12,666,531"",,M,DM,33,Switzerland,Sunderland,True,"
"Alejandro Garnacho,,""$ 81,196"",""$ 4,222,177"",""$ 1,058,895"",""$ 5,281,072"",Active,""Aug 30, 2025"",""Jun 30, 2032"",7,""$ 29,555,238"",,F,LW,21,Argentina,Chelsea,True,"
"Dejan Kulusevski,,""$ 81,196"",""$ 4,222,177"",""$ 1,058,895"",""$ 5,281,072"",Active,""Jul 1, 2023"",""Jun 30, 2028"",3,""$ 12,666,531"",,F,AM,25,Sweden,Tottenham,True,"
"Tyrone Mings,,""$ 81,196"",""$ 4,222,177"",""$ 1,058,895"",""$ 5,281,072"",Active,""Jun 4, 2025"",""Jun 30, 2027"",2,""$ 8,444,354"",,D,CB,32,England,Aston Villa,True,"
"Brennan Johnson,,""$ 81,196"",""$ 4,222,177"",""$ 1,058,895"",""$ 5,281,072"",Active,""Jan 2, 2026"",""Jun 30, 2030"",5,""$ 21,110,884"",,F,RW,24,Wales,Crystal Palace,True,"
"Morgan Gibbs-White,,""$ 81,196"",""$ 4,222,177"",""$ 1,058,895"",""$ 5,281,072"",Active,""Jul 26, 2025"",""Jun 30, 2028"",3,""$ 12,666,531"",,F,AM,26,England,Nottingham Forest,True,"
"Jamie Bynoe-Gittens,,""$ 79,649"",""$ 4,141,754"",""$ 1,032,088"",""$ 5,173,842"",Active,""Jul 5, 2025"",""Jun 30, 2032"",7,""$ 28,992,281"",,F,LW,21,England,Chelsea,True,"
"Joshua Zirkzee,,""$ 77,329"",""$ 4,021,121"",""$ 1,005,280"",""$ 5,026,401"",Active,""Jul 14, 2024"",""Jun 30, 2029"",4,""$ 16,084,483"",,F,CF,24,Netherlands,Manchester United,True,"
"Daichi Kamada,,""$ 77,329"",""$ 4,021,121"",""$ 1,729,082"",""$ 5,750,203"",Active,""Jul 1, 2024"",""Jun 30, 2026"",1,""$ 4,021,121"",,F,AM,29,Japan,Crystal Palace,True,"
"Nikola Milenković,,""$ 77,329"",""$ 4,021,121"",""$ 1,005,280"",""$ 5,026,401"",Active,""Jul 18, 2024"",""Jun 30, 2029"",4,""$ 16,084,483"",,D,CB,28,Serbia,Nottingham Forest,True,"
"João Gomes,,""$ 77,329"",""$ 4,021,121"",""$ 1,005,280"",""$ 5,026,401"",Active,""Apr 1, 2025"",""Jun 30, 2030"",5,""$ 20,105,604"",,M,CM,24,Brazil,Wolverhampton,True,"
"Kalvin Phillips,,""$ 77,329"",""$ 4,021,121"",""$ 1,005,280"",""$ 5,026,401"",Inactive,""Jul 4, 2022"",""Jun 30, 2028"",3,""$ 12,063,362"",,M,DM,30,England,Manchester City,False,"
"Nordi Mukiele,,""$ 73,721"",""$ 3,833,469"",""$ 965,069"",""$ 4,798,538"",Active,""Aug 17, 2025"",""Jun 30, 2029"",4,""$ 15,333,874"",,D,RB,28,France,Sunderland,True,"
"Ian Maatsen,,""$ 73,721"",""$ 3,833,469"",""$ 965,069"",""$ 4,798,538"",Active,""Jul 1, 2024"",""Jun 30, 2030"",5,""$ 19,167,343"",,D,LB,23,Netherlands,Aston Villa,True,"
"Max Kilman,,""$ 73,721"",""$ 3,833,469"",""$ 965,069"",""$ 4,798,538"",Active,""Jul 6, 2024"",""Jun 30, 2031"",6,""$ 23,000,811"",,D,CB,28,England,West Ham,True,"
"Jeremie Frimpong,,""$ 73,721"",""$ 3,833,469"",""$ 965,069"",""$ 4,798,538"",Active,""Jul 1, 2025"",""Jun 30, 2030"",5,""$ 19,167,343"",,D,RB,25,Netherlands,Liverpool,True,"
"Matty Cash,,""$ 73,721"",""$ 3,833,469"",""$ 965,069"",""$ 4,798,538"",Active,""Oct 27, 2025"",""Jun 30, 2029"",4,""$ 15,333,874"",,D,RB,28,Poland,Aston Villa,True,"
"Pau Torres,,""$ 73,721"",""$ 3,833,469"",""$ 965,069"",""$ 4,798,538"",Active,""Jul 12, 2023"",""Jun 30, 2028"",3,""$ 11,500,406"",,D,CB,29,Spain,Aston Villa,True,"
"David Raya,,""$ 73,721"",""$ 3,833,469"",""$ 965,069"",""$ 4,798,538"",Active,""Jul 4, 2024"",""Jun 30, 2028"",3,""$ 11,500,406"",,K,GK,30,Spain,Arsenal,True,"
"Levi Colwill,,""$ 73,721"",""$ 3,833,469"",""$ 965,069"",""$ 4,798,538"",Active,""Aug 2, 2023"",""Jun 30, 2029"",4,""$ 15,333,874"",,D,CB,22,England,Chelsea,True,"
"Liam Delap,,""$ 73,721"",""$ 3,833,469"",""$ 965,069"",""$ 4,798,538"",Active,""Jun 4, 2025"",""Jun 30, 2031"",6,""$ 23,000,811"",,F,CF,22,England,Chelsea,True,"
"Raúl Jiménez,,""$ 73,721"",""$ 3,833,469"",""$ 764,013"",""$ 4,597,481"",Active,""May 15, 2025"",""Jun 30, 2026"",1,""$ 3,833,469"",,F,CF,34,Mexico,Fulham,True,"
"Mykhailo Mudryk,,""$ 73,721"",""$ 3,833,469"",""$ 1,152,721"",""$ 4,986,190"",Active,""Jan 15, 2023"",""Jun 30, 2031"",6,""$ 23,000,811"",,F,LW,25,Ukraine,Chelsea,True,"
"Dominic Calvert-Lewin,,""$ 73,721"",""$ 3,833,469"",""$ 965,069"",""$ 4,798,538"",Active,""Aug 15, 2025"",""Jun 30, 2028"",3,""$ 11,500,406"",,F,CF,28,England,Leeds,True,"
"Dean Henderson,,""$ 73,721"",""$ 3,833,469"",""$ 965,069"",""$ 4,798,538"",Active,""Aug 31, 2023"",""Jun 30, 2028"",3,""$ 11,500,406"",,K,GK,28,England,Crystal Palace,True,"
"Anthony Elanga,,""$ 73,721"",""$ 3,833,469"",""$ 965,069"",""$ 4,798,538"",Active,""Jul 11, 2025"",""Jun 30, 2026"",1,""$ 3,833,469"",,F,RW,23,Sweden,Newcastle,True,"
"Pascal Groß,,""$ 66,245"",""$ 3,444,760"",""$ 857,839"",""$ 4,302,599"",Active,""Jan 2, 2026"",""Jun 30, 2027"",2,""$ 6,889,520"",,M,CM,34,Germany,Brighton,True,"
"Micky van de Ven,,""$ 66,245"",""$ 3,444,760"",""$ 857,839"",""$ 4,302,599"",Active,""Aug 8, 2023"",""Jun 30, 2029"",4,""$ 13,779,041"",,D,CB,24,Netherlands,Tottenham,True,"
"Joachim Andersen,,""$ 66,245"",""$ 3,444,760"",""$ 857,839"",""$ 4,302,599"",Active,""Aug 23, 2024"",""Jun 30, 2029"",4,""$ 13,779,041"",,D,CB,29,Denmark,Fulham,True,"
"Jurriën Timber,,""$ 66,245"",""$ 3,444,760"",""$ 1,152,721"",""$ 4,597,481"",Active,""Jul 14, 2023"",""Jun 30, 2028"",3,""$ 10,334,281"",,D,RB,24,Netherlands,Arsenal,True,"
"Tomáš Souček,,""$ 66,245"",""$ 3,444,760"",""$ 857,839"",""$ 4,302,599"",Active,""Jan 1, 2024"",""Jun 30, 2027"",2,""$ 6,889,520"",,M,DM,30,Czech Republic,West Ham,True,"
"Callum Hudson-Odoi,,""$ 66,245"",""$ 3,444,760"",""$ 857,839"",""$ 4,302,599"",Active,""Aug 30, 2025"",""Jun 30, 2028"",3,""$ 10,334,281"",,F,LW,25,England,Nottingham Forest,True,"
"Kiernan Dewsbury-Hall,,""$ 66,245"",""$ 3,444,760"",""$ 857,839"",""$ 4,302,599"",Active,""Aug 6, 2025"",""Jun 30, 2030"",5,""$ 17,223,801"",,M,CM,27,England,Everton,True,"
"Benoît Badiashile,,""$ 66,245"",""$ 3,444,760"",""$ 857,839"",""$ 4,302,599"",Active,""Jan 5, 2023"",""Jun 30, 2030"",5,""$ 17,223,801"",,D,CB,24,France,Chelsea,True,"
"Richarlison,,""$ 66,245"",""$ 3,444,760"",""$ 1,528,026"",""$ 4,972,786"",Active,""Jul 1, 2022"",""Jun 30, 2027"",2,""$ 6,889,520"",,F,CF,28,Brazil,Tottenham,True,"
"Chris Wood,,""$ 66,245"",""$ 3,444,760"",""$ 857,839"",""$ 4,302,599"",Active,""Jan 23, 2025"",""Jun 30, 2027"",2,""$ 6,889,520"",,F,CF,34,New Zealand,Nottingham Forest,True,"
"Eddie Nketiah,,""$ 66,245"",""$ 3,444,760"",""$ 857,839"",""$ 4,302,599"",Active,""Aug 30, 2024"",""Jun 30, 2029"",4,""$ 13,779,041"",,F,CF,26,England,Crystal Palace,True,"
"Aaron Wan-Bissaka,,""$ 66,245"",""$ 3,444,760"",""$ 857,839"",""$ 4,302,599"",Active,""Aug 13, 2024"",""Jun 30, 2031"",6,""$ 20,668,561"",,D,RB,28,Democratic Republic of the Congo,West Ham,True,"
"Ferdi Kadıoğlu,,""$ 64,441"",""$ 3,350,934"",""$ 844,435"",""$ 4,195,369"",Active,""Aug 27, 2024"",""Jun 30, 2028"",3,""$ 10,052,802"",,D,LB,26,Turkey,Brighton,True,"
"Evanilson,,""$ 62,637"",""$ 3,257,108"",""$ 817,628"",""$ 4,074,736"",Active,""Aug 16, 2024"",""Jun 30, 2029"",4,""$ 13,028,431"",,F,CF,26,Brazil,Bournemouth,True,"
"Lewis Dunk,,""$ 62,637"",""$ 3,257,108"",""$ 817,628"",""$ 4,074,736"",Active,""Dec 13, 2025"",""Jun 30, 2027"",2,""$ 6,514,216"",,D,CB,34,England,Brighton,True,"
"Dan Ndoye,,""$ 62,637"",""$ 3,257,108"",""$ 817,628"",""$ 4,074,736"",Active,""Jul 31, 2025"",""Jun 30, 2030"",5,""$ 16,285,539"",,F,RW,25,Switzerland,Nottingham Forest,True,"
"Diogo Dalot,,""$ 62,637"",""$ 3,257,108"",""$ 576,361"",""$ 3,833,469"",Active,""May 31, 2023"",""Jun 30, 2028"",3,""$ 9,771,324"",,D,RB,26,Portugal,Manchester United,True,"
"Emmanuel Agbadou,,""$ 62,637"",""$ 3,257,108"",""$ 817,628"",""$ 4,074,736"",Active,""Jan 9, 2025"",""Jun 30, 2029"",4,""$ 13,028,431"",,D,CB,28,Cote d'Ivoire,Wolverhampton,True,"
"Radu Drăgușin,,""$ 62,637"",""$ 3,257,108"",""$ 817,628"",""$ 4,074,736"",Active,""Jan 11, 2024"",""Jun 30, 2030"",5,""$ 16,285,539"",,D,CB,24,Romania,Tottenham,True,"
"Pedro Porro,,""$ 62,637"",""$ 3,257,108"",""$ 817,628"",""$ 4,074,736"",Active,""Jul 1, 2023"",""Jun 30, 2028"",3,""$ 9,771,324"",,D,RB,26,Spain,Tottenham,True,"
"Joe Gomez,,""$ 62,637"",""$ 3,257,108"",""$ 817,628"",""$ 4,074,736"",Active,""Jul 7, 2022"",""Jun 30, 2027"",2,""$ 6,514,216"",,D,CB,28,England,Liverpool,True,"
"Lutsharel Geertruida,,""$ 62,637"",""$ 3,257,108"",""$ 817,628"",""$ 4,074,736"",Loan,""Sep 1, 2025"",""Jun 30, 2026"",1,""$ 3,257,108"",,D,RB,25,Netherlands,Sunderland,True,"
"Giorgi Mamardashvili,,""$ 62,637"",""$ 3,257,108"",""$ 817,628"",""$ 4,074,736"",Active,""Aug 27, 2024"",""Jun 30, 2031"",6,""$ 19,542,647"",,K,GK,25,Georgia,Liverpool,True,"
"Joe Willock,,""$ 59,028"",""$ 3,069,456"",""$ 764,013"",""$ 3,833,469"",Active,""Aug 13, 2021"",""Jun 30, 2027"",2,""$ 6,138,911"",,M,CM,26,England,Newcastle,True,"
"Alex Iwobi,,""$ 59,028"",""$ 3,069,456"",""$ 764,013"",""$ 3,833,469"",Active,""Sep 1, 2023"",""Jun 30, 2028"",3,""$ 9,208,367"",,F,LW,29,Nigeria,Fulham,True,"
"Michael Keane,,""$ 59,028"",""$ 3,069,456"",""$ 764,013"",""$ 3,833,469"",Active,""Jul 4, 2025"",""Jun 30, 2026"",1,""$ 3,069,456"",,D,CB,33,England,Everton,True,"
"Jean-Clair Todibo,,""$ 59,028"",""$ 3,069,456"",""$ 764,013"",""$ 3,833,469"",Active,""Jul 1, 2025"",""Jun 30, 2026"",1,""$ 3,069,456"",,D,CB,26,France,West Ham,True,"
"Sean Longstaff,,""$ 59,028"",""$ 3,069,456"",""$ 764,013"",""$ 3,833,469"",Active,""Jul 18, 2025"",""Jun 30, 2029"",4,""$ 12,277,822"",,M,CM,28,England,Leeds,True,"
"James Garner,,""$ 59,028"",""$ 3,069,456"",""$ 764,013"",""$ 3,833,469"",Active,""Jan 23, 2026"",""Jun 30, 2030"",5,""$ 15,347,278"",,M,DM,24,England,Everton,True,"
"Justin Kluivert,,""$ 59,028"",""$ 3,069,456"",""$ 764,013"",""$ 3,833,469"",Active,""Jul 1, 2023"",""Jun 30, 2028"",3,""$ 9,208,367"",,F,AM,26,Netherlands,Bournemouth,True,"
"Ben Davies,,""$ 59,028"",""$ 3,069,456"",""$ 764,013"",""$ 3,833,469"",Active,""Jun 8, 2025"",""Jun 30, 2026"",1,""$ 3,069,456"",,D,CB,32,Wales,Tottenham,True,"
"Sávio,,""$ 59,028"",""$ 3,069,456"",""$ 764,013"",""$ 3,833,469"",Active,""Oct 3, 2025"",""Jun 30, 2031"",6,""$ 18,416,733"",,F,LW,21,Brazil,Manchester City,True,"
"Kaoru Mitoma,,""$ 59,028"",""$ 3,069,456"",""$ 764,013"",""$ 3,833,469"",Active,""Oct 20, 2023"",""Jun 30, 2027"",2,""$ 6,138,911"",,F,LW,28,Japan,Brighton,True,"
"Toti Gomes,,""$ 59,028"",""$ 3,069,456"",""$ 764,013"",""$ 3,833,469"",Active,""Feb 8, 2024"",""Jun 30, 2029"",4,""$ 12,277,822"",,D,CB,27,Portugal,Wolverhampton,True,"
"Harvey Barnes,,""$ 59,028"",""$ 3,069,456"",""$ 764,013"",""$ 3,833,469"",Active,""Jul 23, 2023"",""Jun 30, 2028"",3,""$ 9,208,367"",,F,LW,28,England,Newcastle,True,"
"Valentín Castellanos,,""$ 55,419"",""$ 2,881,803"",""$ 723,802"",""$ 3,605,605"",Active,""Jan 5, 2026"",""Jun 30, 2030"",5,""$ 14,409,016"",,F,CF,27,Argentina,West Ham,True,"
"Georginio Rutter,,""$ 55,419"",""$ 2,881,803"",""$ 723,802"",""$ 3,605,605"",Active,""Aug 19, 2024"",""Jun 30, 2028"",3,""$ 8,645,410"",,F,CF,23,France,Brighton,True,"
"Conor Bradley,,""$ 55,419"",""$ 2,881,803"",""$ 723,802"",""$ 3,605,605"",Active,""May 17, 2025"",""Jun 30, 2029"",4,""$ 11,527,213"",,D,RB,22,Northern Ireland,Liverpool,True,"
"Ibrahim Sangaré,,""$ 55,419"",""$ 2,881,803"",""$ 723,802"",""$ 3,605,605"",Active,""Sep 1, 2023"",""Jun 30, 2028"",3,""$ 8,645,410"",,M,DM,28,Cote d'Ivoire,Nottingham Forest,True,"
"Murillo,,""$ 55,419"",""$ 2,881,803"",""$ 723,802"",""$ 3,605,605"",Active,""Jan 21, 2025"",""Jun 30, 2029"",4,""$ 11,527,213"",,D,CB,23,Brazil,Nottingham Forest,True,"
"Mikkel Damsgaard,,""$ 55,419"",""$ 2,881,803"",""$ 723,802"",""$ 3,605,605"",Active,""Jan 22, 2025"",""Jun 30, 2030"",5,""$ 14,409,016"",,F,AM,25,Denmark,Brentford,True,"
"Malick Thiaw,,""$ 55,419"",""$ 2,881,803"",""$ 723,802"",""$ 3,605,605"",Active,""Aug 12, 2025"",""Jun 30, 2026"",1,""$ 2,881,803"",,D,CB,24,Germany,Newcastle,True,"
"Archie Gray,,""$ 55,419"",""$ 2,881,803"",""$ 723,802"",""$ 3,605,605"",Active,""Jul 2, 2024"",""Jun 30, 2030"",5,""$ 14,409,016"",,M,CM,19,England,Tottenham,True,"
"Jordan Henderson,,""$ 55,419"",""$ 2,881,803"",""$ 723,802"",""$ 3,605,605"",Active,""Jul 15, 2025"",""Jun 30, 2027"",2,""$ 5,763,607"",,M,DM,35,England,Brentford,True,"
"Igor Thiago,,""$ 55,419"",""$ 2,881,803"",""$ 723,802"",""$ 3,605,605"",Active,""Feb 13, 2026"",""Jun 30, 2031"",6,""$ 17,290,820"",,F,CF,24,Brazil,Brentford,True,"
"Destiny Udogie,,""$ 55,419"",""$ 2,881,803"",""$ 723,802"",""$ 3,605,605"",Active,""Dec 12, 2023"",""Jun 30, 2030"",5,""$ 14,409,016"",,D,LB,23,Italy,Tottenham,True,"
"Guglielmo Vicario,,""$ 55,419"",""$ 2,881,803"",""$ 723,802"",""$ 3,605,605"",Active,""Jul 1, 2023"",""Jun 30, 2028"",3,""$ 8,645,410"",,K,GK,29,Italy,Tottenham,True,"
"Daniel James,,""$ 55,419"",""$ 2,881,803"",""$ 723,802"",""$ 3,605,605"",Active,""Jul 14, 2025"",""Jun 30, 2029"",4,""$ 11,527,213"",,F,RW,28,Wales,Leeds,True,"
"James Trafford,,""$ 55,419"",""$ 2,881,803"",""$ 723,802"",""$ 3,605,605"",Active,""Jul 29, 2025"",""Jun 30, 2030"",5,""$ 14,409,016"",,K,GK,23,England,Manchester City,True,"
"Jack Grealish,,""$ 55,419"",""$ 2,881,803"",""$ 723,802"",""$ 3,605,605"",Inactive,""Aug 5, 2021"",""Jun 30, 2027"",2,""$ 5,763,607"",,F,LW,29,England,Manchester City,False,"
"Tolu Arokodare,,""$ 55,419"",""$ 2,881,803"",""$ 723,802"",""$ 3,605,605"",Active,""Sep 1, 2025"",""Jun 30, 2029"",4,""$ 11,527,213"",,F,CF,25,Nigeria,Wolverhampton,True,"
"Rodrigo Bentancur,,""$ 55,419"",""$ 2,881,803"",""$ 723,802"",""$ 3,605,605"",Active,""Oct 3, 2025"",""Jun 30, 2026"",1,""$ 2,881,803"",,M,CM,28,Uruguay,Tottenham,True,"
"Kyle Walker,,""$ 55,419"",""$ 2,881,803"",""$ 723,802"",""$ 3,605,605"",Active,""Jul 5, 2025"",""Jun 30, 2027"",2,""$ 5,763,607"",,D,RB,35,England,Burnley,True,"
"Milos Kerkez,,""$ 55,419"",""$ 2,881,803"",""$ 723,802"",""$ 3,605,605"",Active,""Jul 1, 2025"",""Jun 30, 2030"",5,""$ 14,409,016"",,D,LB,22,Hungary,Liverpool,True,"
"Martín Zubimendi,,""$ 55,419"",""$ 2,881,803"",""$ 723,802"",""$ 3,605,605"",Active,""Jul 6, 2025"",""Jun 30, 2030"",5,""$ 14,409,016"",,M,DM,27,Spain,Arsenal,True,"
"Ezri Konsa,,""$ 55,419"",""$ 2,881,803"",""$ 723,802"",""$ 3,605,605"",Active,""Sep 20, 2023"",""Jun 30, 2028"",3,""$ 8,645,410"",,D,CB,28,England,Aston Villa,True,"
"Jean-Ricner Bellegarde,,""$ 55,419"",""$ 2,881,803"",""$ 723,802"",""$ 3,605,605"",Active,""Sep 1, 2023"",""Jun 30, 2028"",3,""$ 8,645,410"",,M,CM,27,Haiti,Wolverhampton,True,"
"Emiliano Buendía,,""$ 55,419"",""$ 2,881,803"",""$ 723,802"",""$ 3,605,605"",Active,""Jan 29, 2025"",""Jun 30, 2027"",2,""$ 5,763,607"",,F,AM,29,Argentina,Aston Villa,True,"
"Tyrell Malacia,,""$ 55,419"",""$ 2,881,803"",""$ 723,802"",""$ 3,605,605"",Active,""Jul 5, 2022"",""Jun 30, 2026"",1,""$ 2,881,803"",,D,LB,26,Netherlands,Manchester United,True,"
"Nico González,,""$ 55,419"",""$ 2,881,803"",""$ 723,802"",""$ 3,605,605"",Active,""Feb 3, 2025"",""Jun 30, 2029"",4,""$ 11,527,213"",,M,DM,24,Spain,Manchester City,True,"
"Enzo Le Fée,,""$ 55,419"",""$ 2,881,803"",""$ 723,802"",""$ 3,605,605"",Active,""Jul 1, 2025"",""Jun 30, 2029"",4,""$ 11,527,213"",,M,CM,26,France,Sunderland,True,"
"Noah Okafor,,""$ 53,357"",""$ 2,774,573"",""$ 696,994"",""$ 3,471,568"",Active,""Aug 21, 2025"",""Jun 30, 2029"",4,""$ 11,098,293"",,F,LW,25,Switzerland,Leeds,True,"
"Ismaïla Sarr,,""$ 51,553"",""$ 2,680,747"",""$ 670,187"",""$ 3,350,934"",Active,""Aug 1, 2024"",""Jun 30, 2029"",4,""$ 10,722,989"",,F,RW,27,Senegal,Crystal Palace,True,"
"Jefferson Lerma,,""$ 51,553"",""$ 2,680,747"",""$ 670,187"",""$ 3,350,934"",Active,""Jul 1, 2023"",""Jun 30, 2026"",1,""$ 2,680,747"",,M,DM,31,Colombia,Crystal Palace,True,"
"Ryan Christie,,""$ 51,553"",""$ 2,680,747"",""$ 670,187"",""$ 3,350,934"",Active,""Nov 10, 2023"",""Jun 30, 2027"",2,""$ 5,361,494"",,M,CM,30,Scotland,Bournemouth,True,"
"Hee-chan Hwang,,""$ 51,553"",""$ 2,680,747"",""$ 670,187"",""$ 3,350,934"",Active,""Dec 21, 2023"",""Jun 30, 2028"",3,""$ 8,042,242"",,F,CF,30,South Korea,Wolverhampton,True,"
"Reiss Nelson,,""$ 51,553"",""$ 2,680,747"",""$ 670,187"",""$ 3,350,934"",Loan,""Sep 1, 2025"",""Jun 30, 2026"",1,""$ 2,680,747"",,F,LW,26,England,Brentford,True,"
"Fabian Schär,,""$ 51,553"",""$ 2,680,747"",""$ 670,187"",""$ 3,350,934"",Active,""Apr 3, 2025"",""Jun 30, 2026"",1,""$ 2,680,747"",,D,CB,34,Switzerland,Newcastle,True,"
"Pape Sarr,,""$ 51,553"",""$ 2,680,747"",""$ 670,187"",""$ 3,350,934"",Active,""Jan 2, 2024"",""Jun 30, 2030"",5,""$ 13,403,736"",,M,CM,23,Senegal,Tottenham,True,"
"Issa Diop,,""$ 51,553"",""$ 2,680,747"",""$ 670,187"",""$ 3,350,934"",Active,""Aug 10, 2022"",""Jun 30, 2027"",2,""$ 5,361,494"",,D,CB,29,France,Fulham,True,"
"Dilane Bakwa,,""$ 51,553"",""$ 2,680,747"",""$ 670,187"",""$ 3,350,934"",Active,""Sep 1, 2025"",""Jun 30, 2030"",5,""$ 13,403,736"",,F,RW,23,France,Nottingham Forest,True,"
"Adama Traoré,,""$ 51,553"",""$ 2,680,747"",""$ 670,187"",""$ 3,350,934"",Active,""Jan 28, 2026"",""Jun 30, 2026"",1,""$ 2,680,747"",,F,RW,30,Spain,West Ham,True,"
"Dan Burn,,""$ 51,553"",""$ 2,680,747"",""$ 670,187"",""$ 3,350,934"",Active,""May 24, 2025"",""Jun 30, 2027"",2,""$ 5,361,494"",,D,CB,33,England,Newcastle,True,"
"Donyell Malen,,""$ 51,553"",""$ 2,680,747"",""$ 670,187"",""$ 3,350,934"",Inactive,""Jan 14, 2025"",""Jun 30, 2026"",1,""$ 2,680,747"",,F,CF,26,Netherlands,Aston Villa,False,"
"Bafodé Diakité,,""$ 51,553"",""$ 2,680,747"",""$ 670,187"",""$ 3,350,934"",Active,""Aug 13, 2025"",""Jun 30, 2026"",1,""$ 2,680,747"",,D,CB,25,France,Bournemouth,True,"
"Cheick Doucouré,,""$ 51,553"",""$ 2,680,747"",""$ 670,187"",""$ 3,350,934"",Active,""Feb 28, 2024"",""Jun 30, 2029"",4,""$ 10,722,989"",,M,DM,26,Mali,Crystal Palace,True,"
"Aaron Hickey,,""$ 51,553"",""$ 2,680,747"",""$ 670,187"",""$ 3,350,934"",Active,""Jan 11, 2025"",""Jun 30, 2028"",3,""$ 8,042,242"",,D,RB,23,Scotland,Brentford,True,"
"Emile Smith Rowe,,""$ 51,553"",""$ 2,680,747"",""$ 670,187"",""$ 3,350,934"",Active,""Aug 2, 2024"",""Jun 30, 2029"",4,""$ 10,722,989"",,F,AM,25,England,Fulham,True,"
"Douglas Luiz,,""$ 49,748"",""$ 2,586,921"",""$ 281,478"",""$ 2,868,400"",Loan,""Jan 28, 2026"",""Jun 30, 2026"",1,""$ 2,586,921"",,M,CM,27,Brazil,Aston Villa,True,"
"Douglas Luiz,,""$ 49,748"",""$ 2,586,921"",""$ 281,478"",""$ 2,868,400"",Inactive,""Aug 22, 2025"",""Jun 30, 2026"",1,""$ 2,586,921"",,M,CM,27,Brazil,Nottingham Forest,False,"
"Jackson Tchatchoua,,""$ 47,944"",""$ 2,493,095"",""$ 616,572"",""$ 3,109,667"",Active,""Aug 19, 2025"",""Jun 30, 2030"",5,""$ 12,465,475"",,D,RB,24,Cameroon,Wolverhampton,True,"
"Timothy Castagne,,""$ 47,944"",""$ 2,493,095"",""$ 616,572"",""$ 3,109,667"",Active,""Aug 29, 2023"",""Jun 30, 2027"",2,""$ 4,986,190"",,D,RB,30,Belgium,Fulham,True,"
"Piero Hincapié,,""$ 47,944"",""$ 2,493,095"",""$ 616,572"",""$ 3,109,667"",Loan,""Sep 1, 2025"",""Jun 30, 2026"",1,""$ 2,493,095"",,D,CB,24,Ecuador,Arsenal,True,"
"Jhon Arias,,""$ 47,944"",""$ 2,493,095"",""$ 616,572"",""$ 3,109,667"",Active,""Jul 24, 2025"",""Jun 30, 2029"",4,""$ 9,972,380"",,F,RW,28,Colombia,Wolverhampton,True,"
"Harvey Elliott,,""$ 47,944"",""$ 2,493,095"",""$ 616,572"",""$ 3,109,667"",Loan,""Sep 1, 2025"",""Jun 30, 2026"",1,""$ 2,493,095"",,F,AM,22,England,Aston Villa,True,"
"Oscar Bobb,,""$ 47,944"",""$ 2,493,095"",""$ 616,572"",""$ 3,109,667"",Active,""Jan 30, 2026"",""Jun 30, 2031"",6,""$ 14,958,569"",,F,RW,22,Norway,Fulham,True,"
"Adam Armstrong,,""$ 47,944"",""$ 2,493,095"",""$ 616,572"",""$ 3,109,667"",Active,""Feb 2, 2026"",""Jun 30, 2029"",4,""$ 9,972,380"",,F,CF,28,England,Wolverhampton,True,"
"Christian Nørgaard,,""$ 47,944"",""$ 2,493,095"",""$ 616,572"",""$ 3,109,667"",Active,""Jul 10, 2025"",""Jun 30, 2027"",2,""$ 4,986,190"",,M,DM,31,Denmark,Arsenal,True,"
"Marcus Tavernier,,""$ 47,944"",""$ 2,493,095"",""$ 616,572"",""$ 3,109,667"",Active,""Sep 6, 2025"",""Jun 30, 2029"",4,""$ 9,972,380"",,F,AM,26,England,Bournemouth,True,"
"Kevin Danso,,""$ 47,944"",""$ 2,493,095"",""$ 616,572"",""$ 3,109,667"",Active,""Jul 1, 2025"",""Jun 30, 2030"",5,""$ 12,465,475"",,D,CB,27,Austria,Tottenham,True,"
"Dango Ouattara,,""$ 47,944"",""$ 2,493,095"",""$ 616,572"",""$ 3,109,667"",Active,""Aug 16, 2025"",""Jun 30, 2030"",5,""$ 12,465,475"",,F,RW,23,Burkina Faso,Brentford,True,"
"Omar Alderete,,""$ 47,944"",""$ 2,493,095"",""$ 616,572"",""$ 3,109,667"",Active,""Aug 12, 2025"",""Jun 30, 2029"",4,""$ 9,972,380"",,D,CB,29,Paraguay,Sunderland,True,"
"Bertrand Traoré,,""$ 47,944"",""$ 2,493,095"",""$ 616,572"",""$ 3,109,667"",Active,""Sep 1, 2025"",""Jun 30, 2026"",1,""$ 2,493,095"",,F,RW,30,Burkina Faso,Sunderland,True,"
"Neco Williams,,""$ 47,944"",""$ 2,493,095"",""$ 616,572"",""$ 3,109,667"",Active,""Jul 1, 2025"",""Jun 30, 2029"",4,""$ 9,972,380"",,D,LB,24,Wales,Nottingham Forest,True,"
"Matt O'Riley,,""$ 47,944"",""$ 2,493,095"",""$ 616,572"",""$ 3,109,667"",Active,""Aug 26, 2024"",""Jun 30, 2029"",4,""$ 9,972,380"",,M,CM,25,Denmark,Brighton,True,"
"Kenny Tete,,""$ 47,944"",""$ 2,493,095"",""$ 616,572"",""$ 3,109,667"",Active,""Jul 1, 2025"",""Jun 30, 2028"",3,""$ 7,479,285"",,D,RB,30,Netherlands,Fulham,True,"
"Saša Lukić,,""$ 46,398"",""$ 2,412,672"",""$ 603,168"",""$ 3,015,841"",Active,""Jan 31, 2023"",""Jun 30, 2027"",2,""$ 4,825,345"",,M,CM,29,Serbia,Fulham,True,"
"Senne Lammens,,""$ 44,335"",""$ 2,305,443"",""$ 576,361"",""$ 2,881,803"",Active,""Sep 1, 2025"",""Jun 30, 2030"",5,""$ 11,527,213"",,K,GK,23,Belgium,Manchester United,True,"
"Antonee Robinson,,""$ 44,335"",""$ 2,305,443"",""$ 576,361"",""$ 2,881,803"",Active,""Jul 7, 2023"",""Jun 30, 2028"",3,""$ 6,916,328"",,D,LB,28,United States,Fulham,True,"
"Brian Brobbey,,""$ 44,335"",""$ 2,305,443"",""$ 576,361"",""$ 2,881,803"",Active,""Sep 1, 2025"",""Jun 30, 2029"",4,""$ 9,221,770"",,F,CF,24,Netherlands,Sunderland,True,"
"Will Hughes,,""$ 44,335"",""$ 2,305,443"",""$ 576,361"",""$ 2,881,803"",Active,""Apr 15, 2025"",""Jun 30, 2027"",2,""$ 4,610,885"",,M,CM,30,England,Crystal Palace,True,"
"Yeremi Pino,,""$ 44,335"",""$ 2,305,443"",""$ 576,361"",""$ 2,881,803"",Active,""Aug 29, 2025"",""Jun 30, 2030"",5,""$ 11,527,213"",,F,RW,23,Spain,Crystal Palace,True,"
"Tyler Adams,,""$ 44,335"",""$ 2,305,443"",""$ 576,361"",""$ 2,881,803"",Active,""Aug 20, 2023"",""Jun 30, 2028"",3,""$ 6,916,328"",,M,DM,26,United States,Bournemouth,True,"
"Beto,,""$ 44,335"",""$ 2,305,443"",""$ 576,361"",""$ 2,881,803"",Active,""Aug 29, 2023"",""Jun 30, 2027"",2,""$ 4,610,885"",,F,CF,28,Guinea-Bissau,Everton,True,"
"Nick Pope,,""$ 44,335"",""$ 2,305,443"",""$ 576,361"",""$ 2,881,803"",Active,""Jul 1, 2022"",""Jun 30, 2026"",1,""$ 2,305,443"",,K,GK,33,England,Newcastle,True,"
"Lewis Cook,,""$ 44,335"",""$ 2,305,443"",""$ 576,361"",""$ 2,881,803"",Active,""Jul 4, 2024"",""Jun 30, 2028"",3,""$ 6,916,328"",,M,CM,29,England,Bournemouth,True,"
"Rodrigo Muniz,,""$ 44,335"",""$ 2,305,443"",""$ 576,361"",""$ 2,881,803"",Active,""Oct 1, 2025"",""Jun 30, 2030"",5,""$ 11,527,213"",,F,CF,24,Brazil,Fulham,True,"
"Amine Adli,,""$ 44,335"",""$ 2,305,443"",""$ 576,361"",""$ 2,881,803"",Active,""Aug 21, 2025"",""Jun 30, 2030"",5,""$ 11,527,213"",,F,LW,25,Morocco,Bournemouth,True,"
"Djordje Petrovic,,""$ 44,335"",""$ 2,305,443"",""$ 576,361"",""$ 2,881,803"",Active,""Jul 16, 2025"",""Jun 30, 2030"",5,""$ 11,527,213"",,K,GK,26,Serbia,Bournemouth,True,"
"Kepa Arrizabalaga,,""$ 44,335"",""$ 2,305,443"",""$ 576,361"",""$ 2,881,803"",Active,""Jul 1, 2025"",""Jun 30, 2028"",3,""$ 6,916,328"",,K,GK,31,Spain,Arsenal,True,"
"Olivier Boscagli,,""$ 44,335"",""$ 2,305,443"",""$ 576,361"",""$ 2,881,803"",Active,""Jul 2, 2025"",""Jun 30, 2030"",5,""$ 11,527,213"",,D,CB,28,France,Brighton,True,"
"Mats Wieffer,,""$ 44,335"",""$ 2,305,443"",""$ 576,361"",""$ 2,881,803"",Active,""Jul 5, 2024"",""Jun 30, 2029"",4,""$ 9,221,770"",,M,DM,26,Netherlands,Brighton,True,"
"Estêvão,,""$ 44,335"",""$ 2,305,443"",""$ 576,361"",""$ 2,881,803"",Active,""Jul 14, 2025"",""Jun 30, 2033"",8,""$ 18,443,541"",,F,RW,18,Brazil,Chelsea,True,"
"James Milner,,""$ 44,335"",""$ 2,305,443"",""$ 576,361"",""$ 2,881,803"",Active,""Jun 13, 2025"",""Jun 30, 2026"",1,""$ 2,305,443"",,M,CM,40,England,Brighton,True,"
"Daniel Muñoz,,""$ 44,335"",""$ 2,305,443"",""$ 576,361"",""$ 2,881,803"",Active,""Apr 18, 2025"",""Jun 30, 2028"",3,""$ 6,916,328"",,D,RB,29,Colombia,Crystal Palace,True,"
"Danny Welbeck,,""$ 44,335"",""$ 2,305,443"",""$ 576,361"",""$ 2,881,803"",Active,""Mar 2, 2026"",""Jun 30, 2027"",2,""$ 4,610,885"",,F,CF,35,England,Brighton,True,"
"Mateus Fernandes,,""$ 44,335"",""$ 2,305,443"",""$ 576,361"",""$ 2,881,803"",Active,""Aug 29, 2025"",""Jun 30, 2030"",5,""$ 11,527,213"",,M,CM,21,Portugal,West Ham,True,"
"Ola Aina,,""$ 44,335"",""$ 2,305,443"",""$ 576,361"",""$ 2,881,803"",Active,""Jul 7, 2025"",""Jun 30, 2028"",3,""$ 6,916,328"",,D,RB,29,Nigeria,Nottingham Forest,True,"
"Ross Barkley,,""$ 44,335"",""$ 2,305,443"",""$ 576,361"",""$ 2,881,803"",Active,""Jul 1, 2024"",""Jun 30, 2026"",1,""$ 2,305,443"",,M,CM,32,England,Aston Villa,True,"
"Jean-Philippe Mateta,,""$ 44,335"",""$ 2,305,443"",""$ 576,361"",""$ 2,881,803"",Active,""Dec 23, 2024"",""Jun 30, 2027"",2,""$ 4,610,885"",,F,CF,28,France,Crystal Palace,True,"
"José Sá,,""$ 44,335"",""$ 2,305,443"",""$ 576,361"",""$ 2,881,803"",Active,""Sep 29, 2023"",""Jun 30, 2027"",2,""$ 4,610,885"",,K,GK,33,Portugal,Wolverhampton,True,"
"André Trindade,,""$ 44,335"",""$ 2,305,443"",""$ 576,361"",""$ 2,881,803"",Active,""Aug 30, 2024"",""Jun 30, 2029"",4,""$ 9,221,770"",,M,DM,24,Brazil,Wolverhampton,True,"
"Robert Sánchez,,""$ 44,335"",""$ 2,305,443"",""$ 576,361"",""$ 2,881,803"",Active,""Aug 5, 2023"",""Jun 30, 2030"",5,""$ 11,527,213"",,K,GK,28,Spain,Chelsea,True,"
"Lucas Bergvall,,""$ 44,335"",""$ 2,305,443"",""$ 576,361"",""$ 2,881,803"",Active,""Apr 29, 2025"",""Jun 30, 2031"",6,""$ 13,832,656"",,M,CM,20,Sweden,Tottenham,True,"
"Vitaliy Mykolenko,,""$ 42,789"",""$ 2,225,020"",""$ 549,553"",""$ 2,774,573"",Active,""Jan 1, 2022"",""Jun 30, 2026"",1,""$ 2,225,020"",,D,LB,26,Ukraine,Everton,True,"
"André Onana,,""$ 42,273"",""$ 2,198,213"",,""$ 2,198,213"",Inactive,""Jul 20, 2023"",""Jun 30, 2028"",3,""$ 6,594,638"",,K,GK,29,Cameroon,Manchester United,False,"
"James Ward-Prowse,,""$ 42,273"",""$ 2,198,213"",""$ 549,553"",""$ 2,747,766"",Loan,""Jan 28, 2026"",""May 31, 2026"",1,""$ 2,198,213"",,M,CM,31,England,Burnley,True,"
"James Ward-Prowse,,""$ 42,273"",""$ 2,198,213"",""$ 549,553"",""$ 2,747,766"",Inactive,""Aug 14, 2023"",""Jun 30, 2027"",2,""$ 4,396,425"",,M,CM,31,England,West Ham,False,"
"Caoimhín Kelleher,,""$ 40,469"",""$ 2,104,387"",""$ 522,746"",""$ 2,627,132"",Active,""Jul 1, 2025"",""Jun 30, 2030"",5,""$ 10,521,933"",,K,GK,27,Ireland,Brentford,True,"
"Maxim De Cuyper,,""$ 40,469"",""$ 2,104,387"",""$ 522,746"",""$ 2,627,132"",Active,""Jul 5, 2025"",""Jun 30, 2030"",5,""$ 10,521,933"",,D,LB,25,Belgium,Brighton,True,"
"Mathys Tel,,""$ 40,469"",""$ 2,104,387"",""$ 522,746"",""$ 2,627,132"",Active,""Jul 1, 2025"",""Jun 30, 2031"",6,""$ 12,626,319"",,F,CF,20,France,Tottenham,True,"
"Emil Krafth,,""$ 40,469"",""$ 2,104,387"",""$ 522,746"",""$ 2,627,132"",Active,""Feb 20, 2025"",""Jun 30, 2026"",1,""$ 2,104,387"",,D,RB,31,Sweden,Newcastle,True,"
"Omari Hutchinson,,""$ 40,469"",""$ 2,104,387"",""$ 522,746"",""$ 2,627,132"",Active,""Aug 16, 2025"",""Jun 30, 2030"",5,""$ 10,521,933"",,F,AM,22,England,Nottingham Forest,True,"
"Sander Berge,,""$ 40,469"",""$ 2,104,387"",""$ 522,746"",""$ 2,627,132"",Active,""Aug 22, 2024"",""Jun 30, 2029"",4,""$ 8,417,546"",,M,DM,27,Norway,Fulham,True,"
"Lesley Ugochukwu,,""$ 40,469"",""$ 2,104,387"",""$ 522,746"",""$ 2,627,132"",Active,""Aug 6, 2025"",""Jun 30, 2030"",5,""$ 10,521,933"",,M,DM,21,France,Burnley,True,"
"Cristhian Mosquera,,""$ 40,469"",""$ 2,104,387"",""$ 522,746"",""$ 2,627,132"",Active,""Jul 24, 2025"",""Jun 30, 2030"",5,""$ 10,521,933"",,D,CB,21,Spain,Arsenal,True,"
"Harry Wilson,,""$ 40,469"",""$ 2,104,387"",""$ 522,746"",""$ 2,627,132"",Active,""May 15, 2025"",""Jun 30, 2026"",1,""$ 2,104,387"",,F,RW,28,Wales,Fulham,True,"
"Chris Richards,,""$ 40,469"",""$ 2,104,387"",""$ 522,746"",""$ 2,627,132"",Active,""Jul 27, 2022"",""Jun 30, 2027"",2,""$ 4,208,773"",,D,CB,25,United States,Crystal Palace,True,"
"Séamus Coleman,,""$ 40,469"",""$ 2,104,387"",""$ 522,746"",""$ 2,627,132"",Active,""Jun 27, 2025"",""Jun 30, 2026"",1,""$ 2,104,387"",,D,RB,37,Ireland,Everton,True,"
"Yves Bissouma,,""$ 40,469"",""$ 2,104,387"",""$ 522,746"",""$ 2,627,132"",Active,""Jul 1, 2022"",""Jun 30, 2026"",1,""$ 2,104,387"",,M,DM,29,Mali,Tottenham,True,"
"Josh Cullen,,""$ 40,469"",""$ 2,104,387"",""$ 522,746"",""$ 2,627,132"",Active,""Sep 9, 2024"",""Jun 30, 2027"",2,""$ 4,208,773"",,M,CM,29,Ireland,Burnley,True,"
"Adam Webster,,""$ 40,469"",""$ 2,104,387"",""$ 522,746"",""$ 2,627,132"",Active,""Aug 2, 2021"",""Jun 30, 2026"",1,""$ 2,104,387"",,D,CB,31,England,Brighton,True,"
"Kyle Walker-Peters,,""$ 40,469"",""$ 2,104,387"",""$ 522,746"",""$ 2,627,132"",Active,""Jul 20, 2025"",""Jun 30, 2028"",3,""$ 6,313,160"",,D,RB,28,England,West Ham,True,"
"Giovanni Leoni,,""$ 40,469"",""$ 2,104,387"",""$ 522,746"",""$ 2,627,132"",Active,""Aug 15, 2025"",""Jun 30, 2031"",6,""$ 12,626,319"",,D,CB,19,Italy,Liverpool,True,"
"Jérémy Doku,,""$ 36,860"",""$ 1,916,734"",""$ 482,534"",""$ 2,399,269"",Active,""Aug 24, 2023"",""Jun 30, 2028"",3,""$ 5,750,203"",,F,LW,23,Belgium,Manchester City,True,"
"Filip Jørgensen,,""$ 36,860"",""$ 1,916,734"",""$ 482,534"",""$ 2,399,269"",Active,""Jul 30, 2024"",""Jun 30, 2031"",6,""$ 11,500,406"",,K,GK,23,Denmark,Chelsea,True,"
"Maxime Estève,,""$ 36,860"",""$ 1,916,734"",""$ 482,534"",""$ 2,399,269"",Active,""Jul 30, 2025"",""Jun 30, 2030"",5,""$ 9,583,671"",,D,CB,23,France,Burnley,True,"
"Marcus Edwards,,""$ 36,860"",""$ 1,916,734"",""$ 482,534"",""$ 2,399,269"",Active,""Jul 1, 2025"",""Jun 30, 2029"",4,""$ 7,666,937"",,F,RW,27,England,Burnley,True,"
"Marc Guiu,,""$ 36,860"",""$ 1,916,734"",""$ 482,534"",""$ 2,399,269"",Active,""Jul 1, 2024"",""Jun 30, 2029"",4,""$ 7,666,937"",,F,CF,20,Spain,Chelsea,True,"
"Solly March,,""$ 36,860"",""$ 1,916,734"",""$ 482,534"",""$ 2,399,269"",Active,""Mar 17, 2023"",""Jun 30, 2026"",1,""$ 1,916,734"",,F,RW,31,England,Brighton,True,"
"Trevoh Chalobah,,""$ 36,860"",""$ 1,916,734"",""$ 482,534"",""$ 2,399,269"",Active,""Nov 25, 2022"",""Jun 30, 2028"",3,""$ 5,750,203"",,D,CB,26,England,Chelsea,True,"
"Tino Livramento,,""$ 36,860"",""$ 1,916,734"",""$ 482,534"",""$ 2,399,269"",Active,""Aug 8, 2023"",""Jun 30, 2028"",3,""$ 5,750,203"",,D,RB,23,England,Newcastle,True,"
"Joël Veltman,,""$ 36,860"",""$ 1,916,734"",""$ 482,534"",""$ 2,399,269"",Active,""Jan 1, 2025"",""Jun 30, 2026"",1,""$ 1,916,734"",,D,RB,34,Netherlands,Brighton,True,"
"Jan Paul van Hecke,,""$ 36,860"",""$ 1,916,734"",""$ 482,534"",""$ 2,399,269"",Active,""Dec 15, 2023"",""Jun 30, 2027"",2,""$ 3,833,469"",,D,CB,25,Netherlands,Brighton,True,"
"Igor Jesus,,""$ 36,860"",""$ 1,916,734"",""$ 482,534"",""$ 2,399,269"",Active,""Jul 5, 2025"",""Jun 30, 2029"",4,""$ 7,666,937"",,F,CF,24,Brazil,Nottingham Forest,True,"
"Ryan Yates,,""$ 36,860"",""$ 1,916,734"",""$ 482,534"",""$ 2,399,269"",Active,""Jul 25, 2024"",""Jun 30, 2028"",3,""$ 5,750,203"",,M,CM,28,England,Nottingham Forest,True,"
"Taiwo Awoniyi,,""$ 36,860"",""$ 1,916,734"",""$ 482,534"",""$ 2,399,269"",Active,""Jul 1, 2022"",""Jun 30, 2027"",2,""$ 3,833,469"",,F,CF,28,Nigeria,Nottingham Forest,True,"
"Vitaly Janelt,,""$ 36,860"",""$ 1,916,734"",""$ 482,534"",""$ 2,399,269"",Active,""Jan 17, 2026"",""Jun 30, 2030"",5,""$ 9,583,671"",,M,DM,27,Germany,Brentford,True,"
"Habib Diarra,,""$ 36,860"",""$ 1,916,734"",""$ 482,534"",""$ 2,399,269"",Active,""Jul 1, 2025"",""Jun 30, 2030"",5,""$ 9,583,671"",,M,CM,22,Senegal,Sunderland,True,"
"Reinildo Mandava,,""$ 36,860"",""$ 1,916,734"",""$ 482,534"",""$ 2,399,269"",Active,""Jul 8, 2025"",""Jun 30, 2027"",2,""$ 3,833,469"",,D,LB,32,Mozambique,Sunderland,True,"
"Mathias Jensen,,""$ 36,860"",""$ 1,916,734"",""$ 482,534"",""$ 2,399,269"",Active,""Jan 18, 2023"",""Jun 30, 2026"",1,""$ 1,916,734"",,M,CM,30,Denmark,Brentford,True,"
"Maxence Lacroix,,""$ 36,860"",""$ 1,916,734"",""$ 482,534"",""$ 2,399,269"",Active,""Aug 30, 2024"",""Jun 30, 2029"",4,""$ 7,666,937"",,D,CB,25,France,Crystal Palace,True,"
"Nathaniel Clyne,,""$ 36,860"",""$ 1,916,734"",""$ 482,534"",""$ 2,399,269"",Active,""Jun 5, 2025"",""Jun 30, 2026"",1,""$ 1,916,734"",,D,RB,34,England,Crystal Palace,True,"
"Kristoffer Ajer,,""$ 36,860"",""$ 1,916,734"",""$ 482,534"",""$ 2,399,269"",Active,""Jan 22, 2026"",""Jun 30, 2030"",5,""$ 9,583,671"",,D,CB,27,Norway,Brentford,True,"
"Keane Lewis-Potter,,""$ 36,860"",""$ 1,916,734"",""$ 482,534"",""$ 2,399,269"",Active,""Jan 8, 2025"",""Jun 30, 2031"",6,""$ 11,500,406"",,M,LM,24,England,Brentford,True,"
"Jadon Sancho,,""$ 36,860"",""$ 1,916,734"",""$ 3,833,469"",""$ 5,750,203"",Inactive,""Jul 23, 2021"",""Jun 30, 2026"",1,""$ 1,916,734"",,F,LW,25,England,Manchester United,False,"
"Marcos Senesi,,""$ 36,860"",""$ 1,916,734"",""$ 482,534"",""$ 2,399,269"",Active,""Aug 8, 2022"",""Jun 30, 2026"",1,""$ 1,916,734"",,D,CB,28,Argentina,Bournemouth,True,"
"Abdukodir Khusanov,,""$ 36,860"",""$ 1,916,734"",""$ 482,534"",""$ 2,399,269"",Active,""Jan 20, 2025"",""Jun 30, 2029"",4,""$ 7,666,937"",,D,CB,21,Uzbekistan,Manchester City,True,"
"Wataru Endo,,""$ 36,860"",""$ 1,916,734"",""$ 482,534"",""$ 2,399,269"",Active,""Aug 18, 2023"",""Jun 30, 2027"",2,""$ 3,833,469"",,M,DM,32,Japan,Liverpool,True,"
"David Brooks,,""$ 36,860"",""$ 1,916,734"",""$ 482,534"",""$ 2,399,269"",Active,""Sep 11, 2025"",""Jun 30, 2029"",4,""$ 7,666,937"",,F,RW,28,Wales,Bournemouth,True,"
"Callum Wilson,,""$ 36,860"",""$ 1,916,734"",""$ 482,534"",""$ 2,399,269"",Active,""Aug 2, 2025"",""Jun 30, 2026"",1,""$ 1,916,734"",,F,CF,33,England,West Ham,True,"
"Konstantinos Mavropanos,,""$ 36,860"",""$ 1,916,734"",""$ 482,534"",""$ 2,399,269"",Active,""Aug 22, 2023"",""Jun 30, 2028"",3,""$ 5,750,203"",,D,CB,28,Greece,West Ham,True,"
"Lukasz Fabianski,,""$ 36,860"",""$ 1,916,734"",""$ 482,534"",""$ 2,399,269"",Active,""Sep 10, 2025"",""Jun 30, 2026"",1,""$ 1,916,734"",,K,GK,40,Poland,West Ham,True,"
"Matt Doherty,,""$ 36,860"",""$ 1,916,734"",""$ 482,534"",""$ 2,399,269"",Active,""Jul 20, 2023"",""Jun 30, 2026"",1,""$ 1,916,734"",,D,RB,34,Ireland,Wolverhampton,True,"
"Curtis Jones,,""$ 36,860"",""$ 1,916,734"",""$ 482,534"",""$ 2,399,269"",Active,""Nov 17, 2022"",""Jun 30, 2027"",2,""$ 3,833,469"",,M,CM,25,England,Liverpool,True,"
"Sam Johnstone,,""$ 36,860"",""$ 1,916,734"",""$ 482,534"",""$ 2,399,269"",Active,""Aug 30, 2024"",""Jun 30, 2028"",3,""$ 5,750,203"",,K,GK,32,England,Wolverhampton,True,"
"Harrison Reed,,""$ 36,860"",""$ 1,916,734"",""$ 482,534"",""$ 2,399,269"",Active,""Sep 14, 2023"",""Jun 30, 2027"",2,""$ 3,833,469"",,M,CM,31,England,Fulham,True,"
"Lucas Perri,,""$ 36,860"",""$ 1,916,734"",""$ 482,534"",""$ 2,399,269"",Active,""Jul 26, 2025"",""Jun 30, 2029"",4,""$ 7,666,937"",,K,GK,28,Brazil,Leeds,True,"
"Pascal Struijk,,""$ 36,860"",""$ 1,916,734"",""$ 482,534"",""$ 2,399,269"",Active,""Dec 21, 2022"",""Jun 30, 2027"",2,""$ 3,833,469"",,D,CB,26,Netherlands,Leeds,True,"
"Kevin,,""$ 36,860"",""$ 1,916,734"",""$ 482,534"",""$ 2,399,269"",Active,""Sep 1, 2025"",""Jun 30, 2030"",5,""$ 9,583,671"",,F,LW,23,Brazil,Fulham,True,"
"Mads Hermansen,,""$ 33,252"",""$ 1,729,082"",""$ 428,920"",""$ 2,158,002"",Active,""Aug 9, 2025"",""Jun 30, 2030"",5,""$ 8,645,410"",,K,GK,25,Denmark,West Ham,True,"
"Nicolò Savona,,""$ 33,252"",""$ 1,729,082"",""$ 576,361"",""$ 2,305,443"",Active,""Aug 30, 2025"",""Jun 30, 2030"",5,""$ 8,645,410"",,D,RB,22,Italy,Nottingham Forest,True,"
"Igor,,""$ 33,252"",""$ 1,729,082"",""$ 428,920"",""$ 2,158,002"",Active,""Jul 26, 2023"",""Jun 30, 2027"",2,""$ 3,458,164"",,D,CB,27,Brazil,Brighton,True,"
"Thierno Barry,,""$ 33,252"",""$ 1,729,082"",""$ 428,920"",""$ 2,158,002"",Active,""Jul 9, 2025"",""Jun 30, 2029"",4,""$ 6,916,328"",,F,CF,23,France,Everton,True,"
"Niclas Füllkrug,,""$ 33,252"",""$ 1,729,082"",""$ 428,920"",""$ 2,158,002"",Inactive,""Aug 5, 2024"",""Jun 30, 2028"",3,""$ 5,187,246"",,F,CF,32,Germany,West Ham,False,"
"Roméo Lavia,,""$ 33,252"",""$ 1,729,082"",""$ 428,920"",""$ 2,158,002"",Active,""Aug 18, 2023"",""Jun 30, 2030"",5,""$ 8,645,410"",,M,DM,22,Belgium,Chelsea,True,"
"Armando Broja,,""$ 33,252"",""$ 1,729,082"",""$ 428,920"",""$ 2,158,002"",Active,""Aug 8, 2025"",""Jun 30, 2030"",5,""$ 8,645,410"",,F,CF,24,Albania,Burnley,True,"
"Lewis Hall,,""$ 33,252"",""$ 1,729,082"",""$ 428,920"",""$ 2,158,002"",Active,""Jul 1, 2024"",""Jun 30, 2026"",1,""$ 1,729,082"",,D,LB,21,England,Newcastle,True,"
"Ladislav Krejci,,""$ 33,252"",""$ 1,729,082"",""$ 428,920"",""$ 2,158,002"",Loan,""Aug 28, 2025"",""Jun 30, 2026"",1,""$ 1,729,082"",,D,CB,26,Czech Republic,Wolverhampton,True,"
"Axel Tuanzebe,,""$ 33,252"",""$ 1,729,082"",""$ 428,920"",""$ 2,158,002"",Active,""Jul 1, 2025"",""Jun 30, 2026"",1,""$ 1,729,082"",,D,CB,28,Democratic Republic of the Congo,Burnley,True,"
"Malo Gusto,,""$ 33,252"",""$ 1,729,082"",""$ 428,920"",""$ 2,158,002"",Active,""Jan 29, 2023"",""Jun 30, 2030"",5,""$ 8,645,410"",,D,RB,22,France,Chelsea,True,"
"Myles Lewis-Skelly,,""$ 33,252"",""$ 1,729,082"",""$ 428,920"",""$ 2,158,002"",Active,""Jun 26, 2025"",""Jun 30, 2030"",5,""$ 8,645,410"",,D,LB,19,England,Arsenal,True,"
"Jack Harrison,,""$ 33,252"",""$ 1,729,082"",""$ 428,920"",""$ 2,158,002"",Inactive,""Apr 6, 2023"",""Jun 30, 2028"",3,""$ 5,187,246"",,F,LW,29,England,Leeds,False,"
"Jacob Bruun Larsen,,""$ 33,252"",""$ 1,729,082"",""$ 428,920"",""$ 2,158,002"",Active,""Jul 11, 2025"",""Jun 30, 2029"",4,""$ 6,916,328"",,F,LW,27,Denmark,Burnley,True,"
"Loum Tchaouna,,""$ 33,252"",""$ 1,729,082"",""$ 428,920"",""$ 2,158,002"",Active,""Jul 2, 2025"",""Jun 30, 2030"",5,""$ 8,645,410"",,F,RW,22,France,Burnley,True,"
"Ryan Sessegnon,,""$ 33,252"",""$ 1,729,082"",""$ 428,920"",""$ 2,158,002"",Active,""Jul 26, 2024"",""Jun 30, 2026"",1,""$ 1,729,082"",,D,LB,25,England,Fulham,True,"
"Calvin Bassey,,""$ 33,252"",""$ 1,729,082"",""$ 428,920"",""$ 2,158,002"",Active,""Jul 28, 2023"",""Jun 30, 2027"",2,""$ 3,458,164"",,D,CB,26,Nigeria,Fulham,True,"
"Jaka Bijol,,""$ 33,252"",""$ 1,729,082"",""$ 428,920"",""$ 2,158,002"",Active,""Jul 1, 2025"",""Jun 30, 2030"",5,""$ 8,645,410"",,D,CB,26,Slovenia,Leeds,True,"
"Brenden Aaronson,,""$ 33,252"",""$ 1,729,082"",""$ 428,920"",""$ 2,158,002"",Active,""Jul 1, 2022"",""Jun 30, 2027"",2,""$ 3,458,164"",,F,AM,25,United States,Leeds,True,"
"Sebastiaan Bornauw,,""$ 33,252"",""$ 1,729,082"",""$ 428,920"",""$ 2,158,002"",Active,""Jul 1, 2025"",""Jun 30, 2029"",4,""$ 6,916,328"",,D,CB,26,Belgium,Leeds,True,"
"Jaidon Anthony,,""$ 33,252"",""$ 1,729,082"",""$ 428,920"",""$ 2,158,002"",Active,""Jul 1, 2025"",""Jun 30, 2029"",4,""$ 6,916,328"",,F,LW,26,England,Burnley,True,"
"Quilindschy Hartman,,""$ 33,252"",""$ 1,729,082"",""$ 428,920"",""$ 2,158,002"",Active,""Jul 1, 2025"",""Jun 30, 2029"",4,""$ 6,916,328"",,D,LB,24,Netherlands,Burnley,True,"
"Crysencio Summerville,,""$ 33,252"",""$ 1,729,082"",""$ 428,920"",""$ 2,158,002"",Active,""Aug 3, 2024"",""Jun 30, 2029"",4,""$ 6,916,328"",,F,LW,24,Netherlands,West Ham,True,"
"Iliman Ndiaye,,""$ 33,252"",""$ 1,729,082"",""$ 428,920"",""$ 2,158,002"",Active,""Jul 3, 2024"",""Jun 30, 2029"",4,""$ 6,916,328"",,F,RW,25,Senegal,Everton,True,"
"Rayan,,""$ 33,252"",""$ 1,729,082"",""$ 428,920"",""$ 2,158,002"",Active,""Jan 27, 2026"",""Jun 30, 2031"",6,""$ 10,374,492"",""$ 116,612,504"",F,CF,19,Brazil,Bournemouth,True,"
"Trai Hume,,""$ 33,252"",""$ 1,729,082"",""$ 428,920"",""$ 2,158,002"",Active,""Aug 13, 2025"",""Jun 30, 2030"",5,""$ 8,645,410"",,D,RB,23,Northern Ireland,Sunderland,True,"
"Anton Stach,,""$ 33,252"",""$ 1,729,082"",""$ 428,920"",""$ 2,158,002"",Active,""Jul 22, 2025"",""Jun 30, 2029"",4,""$ 6,916,328"",,M,DM,27,Germany,Leeds,True,"
"Daniel Ballard,,""$ 33,252"",""$ 1,729,082"",""$ 428,920"",""$ 2,158,002"",Active,""Mar 4, 2026"",""Jun 30, 2029"",4,""$ 6,916,328"",,D,CB,26,Northern Ireland,Sunderland,True,"
"Tom Heaton,,""$ 33,252"",""$ 1,729,082"",""$ 428,920"",""$ 2,158,002"",Active,""Jun 27, 2025"",""Jun 30, 2026"",1,""$ 1,729,082"",,K,GK,39,England,Manchester United,True,"
"Stefan Ortega Moreno,,""$ 33,252"",""$ 1,729,082"",""$ 428,920"",""$ 2,158,002"",Active,""Feb 1, 2026"",""Jun 30, 2026"",1,""$ 1,729,082"",,K,GK,33,Germany,Nottingham Forest,True,"
"Marco Bizot,,""$ 33,252"",""$ 1,729,082"",""$ 428,920"",""$ 2,158,002"",Active,""Jul 15, 2025"",""Jun 30, 2027"",2,""$ 3,458,164"",,K,GK,34,Netherlands,Aston Villa,True,"
"Gabriel Gudmundsson,,""$ 29,385"",""$ 1,528,026"",""$ 388,708"",""$ 1,916,734"",Active,""Jul 8, 2025"",""Jun 30, 2029"",4,""$ 6,112,104"",,D,LB,26,Sweden,Leeds,True,"
"Ethan Nwaneri,,""$ 29,385"",""$ 1,528,026"",""$ 388,708"",""$ 1,916,734"",Inactive,""Aug 8, 2025"",""Jun 30, 2030"",5,""$ 7,640,130"",,F,AM,18,England,Arsenal,False,"
"Adam Smith,,""$ 29,385"",""$ 1,528,026"",""$ 388,708"",""$ 1,916,734"",Active,""Feb 12, 2026"",""Jun 30, 2027"",2,""$ 3,056,052"",,D,RB,34,England,Bournemouth,True,"
"Alex Scott,,""$ 29,385"",""$ 1,528,026"",""$ 388,708"",""$ 1,916,734"",Active,""Aug 10, 2023"",""Jun 30, 2028"",3,""$ 4,584,078"",,M,CM,22,England,Bournemouth,True,"
"Alex Tóth,,""$ 29,385"",""$ 1,528,026"",""$ 388,708"",""$ 1,916,734"",Active,""Jan 20, 2026"",""Jun 30, 2031"",6,""$ 9,168,155"",,M,CM,20,Hungary,Bournemouth,True,"
"Fraser Forster,,""$ 29,385"",""$ 1,528,026"",""$ 388,708"",""$ 1,916,734"",Active,""Jan 2, 2026"",""Jun 30, 2026"",1,""$ 1,528,026"",,K,GK,37,England,Bournemouth,True,"
"Fábio Carvalho,,""$ 29,385"",""$ 1,528,026"",""$ 388,708"",""$ 1,916,734"",Active,""Aug 12, 2024"",""Jun 30, 2029"",4,""$ 6,112,104"",,F,AM,23,Portugal,Brentford,True,"
"Michael Kayode,,""$ 29,385"",""$ 1,528,026"",""$ 388,708"",""$ 1,916,734"",Active,""Jul 1, 2025"",""Jun 30, 2030"",5,""$ 7,640,130"",,D,RB,21,Italy,Brentford,True,"
"Charalampos Kostoulas,,""$ 29,385"",""$ 1,528,026"",""$ 388,708"",""$ 1,916,734"",Active,""Jul 1, 2025"",""Jun 30, 2030"",5,""$ 7,640,130"",,F,CF,18,Greece,Brighton,True,"
"Yankuba Minteh,,""$ 29,385"",""$ 1,528,026"",""$ 388,708"",""$ 1,916,734"",Active,""Jul 1, 2024"",""Jun 30, 2029"",4,""$ 6,112,104"",,F,RW,21,The Gambia,Brighton,True,"
"Bashir Humphreys,,""$ 29,385"",""$ 1,528,026"",""$ 388,708"",""$ 1,916,734"",Active,""Jul 1, 2025"",""Jun 30, 2026"",1,""$ 1,528,026"",,D,CB,22,England,Burnley,True,"
"Florentino,,""$ 29,385"",""$ 1,528,026"",""$ 388,708"",""$ 1,916,734"",Loan,""Sep 1, 2025"",""Jun 30, 2026"",1,""$ 1,528,026"",,M,DM,26,Portugal,Burnley,True,"
"Joe Worrall,,""$ 29,385"",""$ 1,528,026"",""$ 388,708"",""$ 1,916,734"",Active,""Aug 22, 2024"",""Jun 30, 2028"",3,""$ 4,584,078"",,D,CB,29,England,Burnley,True,"
"Martin Dubravka,,""$ 29,385"",""$ 1,528,026"",""$ 388,708"",""$ 1,916,734"",Active,""Aug 7, 2025"",""Jun 30, 2026"",1,""$ 1,528,026"",,K,GK,37,Slovakia,Burnley,True,"
"Axel Disasi,,""$ 29,385"",""$ 1,528,026"",""$ 388,708"",""$ 1,916,734"",Inactive,""Aug 4, 2023"",""Jun 30, 2029"",4,""$ 6,112,104"",,D,CB,27,France,Chelsea,False,"
"Dário Essugo,,""$ 29,385"",""$ 1,528,026"",""$ 388,708"",""$ 1,916,734"",Active,""Jun 10, 2025"",""Jun 30, 2033"",8,""$ 12,224,207"",,M,DM,20,Portugal,Chelsea,True,"
"Gabriel Slonina,,""$ 29,385"",""$ 1,528,026"",""$ 388,708"",""$ 1,916,734"",Active,""Aug 2, 2022"",""Jun 30, 2028"",3,""$ 4,584,078"",,K,GK,21,United States,Chelsea,True,"
"Tyrick Mitchell,,""$ 29,385"",""$ 1,528,026"",""$ 388,708"",""$ 1,916,734"",Active,""Apr 13, 2021"",""Jun 30, 2027"",2,""$ 3,056,052"",,D,LB,26,England,Crystal Palace,True,"
"Tyler Dibling,,""$ 29,385"",""$ 1,528,026"",""$ 388,708"",""$ 1,916,734"",Active,""Aug 25, 2025"",""Jun 30, 2029"",4,""$ 6,112,104"",,F,RW,19,England,Everton,True,"
"Ethan Ampadu,,""$ 29,385"",""$ 1,528,026"",""$ 388,708"",""$ 1,916,734"",Active,""Jul 19, 2023"",""Jun 30, 2027"",2,""$ 3,056,052"",,M,DM,25,Wales,Leeds,True,"
"Joël Piroe,,""$ 29,385"",""$ 1,528,026"",""$ 388,708"",""$ 1,916,734"",Active,""Aug 24, 2023"",""Jun 30, 2027"",2,""$ 3,056,052"",,F,CF,26,Suriname,Leeds,True,"
"Joe Rodon,,""$ 29,385"",""$ 1,528,026"",""$ 388,708"",""$ 1,916,734"",Active,""Jul 2, 2024"",""Jun 30, 2028"",3,""$ 4,584,078"",,D,CB,28,Wales,Leeds,True,"
"Wilfried Gnonto,,""$ 29,385"",""$ 1,528,026"",""$ 388,708"",""$ 1,916,734"",Active,""Aug 31, 2024"",""Jun 30, 2028"",3,""$ 4,584,078"",,F,RW,22,Italy,Leeds,True,"
"Stefan Bajcetic,,""$ 29,385"",""$ 1,528,026"",""$ 388,708"",""$ 1,916,734"",Active,""Jan 26, 2023"",""Jun 30, 2027"",2,""$ 3,056,052"",,M,DM,21,Spain,Liverpool,True,"
"Patrick Dorgu,,""$ 29,385"",""$ 1,528,026"",""$ 388,708"",""$ 1,916,734"",Active,""Feb 2, 2025"",""Jun 30, 2030"",5,""$ 7,640,130"",,D,LB,21,Denmark,Manchester United,True,"
"Matt Targett,,""$ 29,385"",""$ 1,528,026"",""$ 388,708"",""$ 1,916,734"",Inactive,""Jul 1, 2022"",""Jun 30, 2026"",1,""$ 1,528,026"",,D,LB,29,England,Newcastle,False,"
"Elliot Anderson,,""$ 29,385"",""$ 1,528,026"",""$ 388,708"",""$ 1,916,734"",Active,""Jul 1, 2024"",""Jun 30, 2029"",4,""$ 6,112,104"",,M,CM,23,England,Nottingham Forest,True,"
"James McAtee,,""$ 29,385"",""$ 1,528,026"",""$ 388,708"",""$ 1,916,734"",Active,""Aug 16, 2025"",""Jun 30, 2030"",5,""$ 7,640,130"",,F,AM,23,England,Nottingham Forest,True,"
"John,,""$ 29,385"",""$ 1,528,026"",""$ 388,708"",""$ 1,916,734"",Active,""Aug 31, 2025"",""Jun 30, 2028"",3,""$ 4,584,078"",,K,GK,29,Brazil,Nottingham Forest,True,"
"Matz Sels,,""$ 29,385"",""$ 1,528,026"",""$ 388,708"",""$ 1,916,734"",Active,""Jul 18, 2025"",""Jun 30, 2027"",2,""$ 3,056,052"",,K,GK,33,Belgium,Nottingham Forest,True,"
"Willy Boly,,""$ 29,385"",""$ 1,528,026"",""$ 388,708"",""$ 1,916,734"",Active,""Jun 19, 2025"",""Jun 30, 2026"",1,""$ 1,528,026"",,D,CB,35,Cote d'Ivoire,Nottingham Forest,True,"
"Chemsdine Talbi,,""$ 29,385"",""$ 1,528,026"",""$ 388,708"",""$ 1,916,734"",Active,""Jul 9, 2025"",""Jun 30, 2030"",5,""$ 7,640,130"",,F,RW,20,Morocco,Sunderland,True,"
"Noah Sadiki,,""$ 29,385"",""$ 1,528,026"",""$ 388,708"",""$ 1,916,734"",Active,""Jul 4, 2025"",""Jun 30, 2030"",5,""$ 7,640,130"",,M,CM,21,Democratic Republic of the Congo,Sunderland,True,"
"Djed Spence,,""$ 29,385"",""$ 1,528,026"",""$ 388,708"",""$ 1,916,734"",Active,""Oct 17, 2024"",""Jun 30, 2029"",4,""$ 6,112,104"",,D,LB,25,England,Tottenham,True,"
"Wilson Odobert,,""$ 29,385"",""$ 1,528,026"",""$ 388,708"",""$ 1,916,734"",Active,""Aug 16, 2024"",""Jun 30, 2029"",4,""$ 6,112,104"",,F,LW,21,France,Tottenham,True,"
"Axel Disasi,,""$ 29,385"",""$ 1,528,026"",""$ 388,708"",""$ 1,916,734"",Loan,""Feb 2, 2026"",""Jun 30, 2026"",1,""$ 1,528,026"",,D,CB,27,France,West Ham,True,"
"Santiago Bueno,,""$ 29,385"",""$ 1,528,026"",""$ 388,708"",""$ 1,916,734"",Active,""Aug 31, 2023"",""Jun 30, 2028"",3,""$ 4,584,078"",,D,CB,27,Uruguay,Wolverhampton,True,"
"Evann Guessand,,""$ 27,581"",""$ 1,434,200"",""$ 361,901"",""$ 1,796,101"",Inactive,""Aug 8, 2025"",""Jun 30, 2026"",1,""$ 1,434,200"",,F,RW,24,Cote d'Ivoire,Aston Villa,False,"
"Evann Guessand,,""$ 27,581"",""$ 1,434,200"",""$ 361,901"",""$ 1,796,101"",Loan,""Jan 30, 2026"",""Jun 30, 2026"",1,""$ 1,434,200"",,F,RW,24,Cote d'Ivoire,Crystal Palace,True,"
"Marcus Bettinelli,,""$ 25,776"",""$ 1,340,374"",""$ 335,093"",""$ 1,675,467"",Active,""Apr 10, 2026"",""Jun 30, 2027"",2,""$ 2,680,747"",,K,GK,33,England,Manchester City,True,"
"Walter Benítez,,""$ 25,776"",""$ 1,340,374"",""$ 335,093"",""$ 1,675,467"",Active,""Jul 1, 2025"",""Jun 30, 2026"",1,""$ 1,340,374"",,K,GK,33,Argentina,Crystal Palace,True,"
"Chris Rigg,,""$ 25,776"",""$ 1,340,374"",""$ 335,093"",""$ 1,675,467"",Active,""Aug 28, 2025"",""Jun 30, 2030"",5,""$ 6,701,868"",,F,AM,18,England,Sunderland,True,"
"Bart Verbruggen,,""$ 25,776"",""$ 1,340,374"",""$ 335,093"",""$ 1,675,467"",Active,""Jul 3, 2023"",""Jun 30, 2028"",3,""$ 4,021,121"",,K,GK,23,Netherlands,Brighton,True,"
"Nicolás Domínguez,,""$ 25,776"",""$ 1,340,374"",""$ 335,093"",""$ 1,675,467"",Active,""Sep 1, 2023"",""Jun 30, 2028"",3,""$ 4,021,121"",,M,CM,27,Argentina,Nottingham Forest,True,"
"Luis Sinisterra,,""$ 25,776"",""$ 1,340,374"",""$ 335,093"",""$ 1,675,467"",Inactive,""Jul 1, 2024"",""Jun 30, 2026"",1,""$ 1,340,374"",,F,LW,26,Colombia,Bournemouth,False,"
"Morato,,""$ 25,776"",""$ 1,340,374"",""$ 335,093"",""$ 1,675,467"",Active,""Aug 30, 2024"",""Jun 30, 2029"",4,""$ 5,361,494"",,D,CB,24,Brazil,Nottingham Forest,True,"
"Luca Netz,,""$ 25,776"",""$ 1,340,374"",""$ 335,093"",""$ 1,675,467"",Active,""Feb 2, 2026"",""Jun 30, 2030"",5,""$ 6,701,868"",,D,LB,22,Germany,Nottingham Forest,True,"
"Max Dowman,,""$ 25,776"",""$ 1,340,374"",""$ 335,093"",""$ 1,675,467"",Active,""Jul 1, 2025"",""Jun 30, 2026"",1,""$ 1,340,374"",,F,RW,16,England,Arsenal,True,"
"Jair Cunha,,""$ 25,776"",""$ 1,340,374"",""$ 335,093"",""$ 1,675,467"",Active,""Jul 11, 2025"",""Jun 30, 2030"",5,""$ 6,701,868"",,D,CB,20,Brazil,Nottingham Forest,True,"
"Soungoutou Magassa,,""$ 25,776"",""$ 1,340,374"",""$ 335,093"",""$ 1,675,467"",Active,""Aug 29, 2025"",""Jun 30, 2031"",6,""$ 8,042,242"",,M,DM,22,France,West Ham,True,"
"Connor Roberts,,""$ 25,776"",""$ 1,340,374"",""$ 335,093"",""$ 1,675,467"",Active,""Aug 31, 2021"",""Jun 30, 2027"",2,""$ 2,680,747"",,D,RB,30,Wales,Burnley,True,"
"Jacob Murphy,,""$ 25,776"",""$ 1,340,374"",""$ 335,093"",""$ 1,675,467"",Active,""Jul 7, 2021"",""Jun 30, 2027"",2,""$ 2,680,747"",,F,RW,30,England,Newcastle,True,"
"Angel Gomes,,""$ 25,776"",""$ 1,340,374"",""$ 335,093"",""$ 1,675,467"",Loan,""Feb 2, 2026"",""Jun 30, 2026"",1,""$ 1,340,374"",,F,AM,25,England,Wolverhampton,True,"
"El Hadji Malick Diouf,,""$ 25,776"",""$ 1,340,374"",""$ 335,093"",""$ 1,675,467"",Active,""Jul 15, 2025"",""Jun 30, 2030"",5,""$ 6,701,868"",,D,LB,21,Senegal,West Ham,True,"
"Lukas Nmecha,,""$ 25,776"",""$ 1,340,374"",""$ 335,093"",""$ 1,675,467"",Active,""Jul 1, 2025"",""Jun 30, 2027"",2,""$ 2,680,747"",,F,CF,27,Germany,Leeds,True,"
"Zeki Amdouni,,""$ 25,776"",""$ 1,340,374"",""$ 335,093"",""$ 1,675,467"",Active,""Jul 19, 2023"",""Jun 30, 2028"",3,""$ 4,021,121"",,F,CF,25,Switzerland,Burnley,True,"
"Andrey Santos,,""$ 25,776"",""$ 1,340,374"",""$ 335,093"",""$ 1,675,467"",Active,""Jan 1, 2023"",""Jun 30, 2030"",5,""$ 6,701,868"",,M,CM,21,Brazil,Chelsea,True,"
"Simon Adingra,,""$ 25,776"",""$ 1,340,374"",""$ 335,093"",""$ 1,675,467"",Inactive,""Jul 10, 2025"",""Jun 30, 2030"",5,""$ 6,701,868"",,F,LW,24,Cote d'Ivoire,Sunderland,False,"
"Tom Cairney,,""$ 25,776"",""$ 1,340,374"",""$ 335,093"",""$ 1,675,467"",Active,""Jan 23, 2026"",""Jun 30, 2027"",2,""$ 2,680,747"",,M,CM,35,Scotland,Fulham,True,"
"Marshall Munetsi,,""$ 25,776"",""$ 1,340,374"",""$ 335,093"",""$ 1,675,467"",Inactive,""Feb 3, 2025"",""Jun 30, 2028"",3,""$ 4,021,121"",,M,CM,29,Zimbabwe,Wolverhampton,False,"
"Mamadou Sarr,,""$ 25,776"",""$ 1,340,374"",""$ 335,093"",""$ 1,675,467"",Active,""Jun 9, 2025"",""Jun 30, 2033"",8,""$ 10,722,989"",,D,CB,20,Senegal,Chelsea,True,"
"Adrien Truffert,,""$ 25,776"",""$ 1,340,374"",""$ 335,093"",""$ 1,675,467"",Active,""Jul 1, 2025"",""Jun 30, 2030"",5,""$ 6,701,868"",,D,LB,24,France,Bournemouth,True,"
"Adam Wharton,,""$ 25,776"",""$ 1,340,374"",""$ 335,093"",""$ 1,675,467"",Active,""Feb 1, 2024"",""Jun 30, 2029"",4,""$ 5,361,494"",,M,DM,21,England,Crystal Palace,True,"
"James Justin,,""$ 25,776"",""$ 1,340,374"",""$ 335,093"",""$ 1,675,467"",Active,""Aug 25, 2025"",""Jun 30, 2029"",4,""$ 5,361,494"",,D,RB,27,England,Leeds,True,"
"Altay Bayındır,,""$ 25,776"",""$ 1,340,374"",""$ 335,093"",""$ 1,675,467"",Active,""Sep 1, 2023"",""Jun 30, 2027"",2,""$ 2,680,747"",,K,GK,27,Turkey,Manchester United,True,"
"Borna Sosa,,""$ 25,776"",""$ 1,340,374"",""$ 335,093"",""$ 1,675,467"",Active,""Jul 11, 2025"",""Jun 30, 2028"",3,""$ 4,021,121"",,D,LB,28,Croatia,Crystal Palace,True,"
"Jake O'Brien,,""$ 25,776"",""$ 1,340,374"",""$ 335,093"",""$ 1,675,467"",Active,""Jul 30, 2024"",""Jun 30, 2028"",3,""$ 4,021,121"",,D,RB,24,Ireland,Everton,True,"
"Rico Henry,,""$ 25,776"",""$ 1,340,374"",""$ 335,093"",""$ 1,675,467"",Active,""Mar 22, 2022"",""Jun 30, 2026"",1,""$ 1,340,374"",,D,LB,28,Jamaica,Brentford,True,"
"Lorenzo Lucca,,""$ 22,425"",""$ 1,166,125"",""$ 294,882"",""$ 1,461,007"",Loan,""Jan 23, 2026"",""Jun 30, 2026"",1,""$ 1,166,125"",,F,CF,25,Italy,Nottingham Forest,True,"
"Antoni Milambo,,""$ 22,168"",""$ 1,152,721"",""$ 281,478"",""$ 1,434,200"",Active,""Jul 3, 2025"",""Jun 30, 2030"",5,""$ 5,763,607"",,F,AM,20,Netherlands,Brentford,True,"
"Reiss Nelson,,""$ 22,168"",""$ 1,152,721"",""$ 281,478"",""$ 1,434,200"",Inactive,""Jun 6, 2023"",""Jun 30, 2027"",2,""$ 2,305,443"",,F,LW,25,England,Arsenal,False,"
"Karl Darlow,,""$ 22,168"",""$ 1,152,721"",""$ 281,478"",""$ 1,434,200"",Active,""Jul 29, 2023"",""Jun 30, 2026"",1,""$ 1,152,721"",,K,GK,35,Wales,Leeds,True,"
"Jayden Bogle,,""$ 22,168"",""$ 1,152,721"",""$ 281,478"",""$ 1,434,200"",Active,""Jul 20, 2024"",""Jun 30, 2028"",3,""$ 3,458,164"",,D,RB,25,England,Leeds,True,"
"Illan Meslier,,""$ 22,168"",""$ 1,152,721"",""$ 281,478"",""$ 1,434,200"",Active,""Aug 13, 2021"",""Jun 30, 2026"",1,""$ 1,152,721"",,K,GK,25,France,Leeds,True,"
"Nico O'Reilly,,""$ 22,168"",""$ 1,152,721"",""$ 281,478"",""$ 1,434,200"",Active,""Sep 26, 2025"",""Jun 30, 2030"",5,""$ 5,763,607"",,D,LB,20,England,Manchester City,True,"
"Christantus Uche,,""$ 22,168"",""$ 1,152,721"",""$ 281,478"",""$ 1,434,200"",Loan,""Sep 1, 2025"",""Jun 30, 2026"",1,""$ 1,152,721"",,F,CF,22,Nigeria,Crystal Palace,True,"
"Chadi Riad,,""$ 22,168"",""$ 1,152,721"",""$ 281,478"",""$ 1,434,200"",Active,""Jul 2, 2024"",""Jun 30, 2029"",4,""$ 4,610,885"",,D,CB,22,Morocco,Crystal Palace,True,"
"Benjamin Lecomte,,""$ 22,168"",""$ 1,152,721"",""$ 281,478"",""$ 1,434,200"",Active,""Jul 26, 2025"",""Jun 30, 2027"",2,""$ 2,305,443"",,K,GK,34,France,Fulham,True,"
"David Møller Wolfe,,""$ 22,168"",""$ 1,152,721"",""$ 281,478"",""$ 1,434,200"",Active,""Aug 2, 2025"",""Jun 30, 2030"",5,""$ 5,763,607"",,D,LB,23,Norway,Wolverhampton,True,"
"Mike Tresor,,""$ 22,168"",""$ 1,152,721"",""$ 281,478"",""$ 1,434,200"",Active,""Jul 1, 2024"",""Jun 30, 2028"",3,""$ 3,458,164"",,F,AM,26,Belgium,Burnley,True,"
"Lewis Miley,,""$ 22,168"",""$ 1,152,721"",""$ 281,478"",""$ 1,434,200"",Active,""Jan 29, 2024"",""Jun 30, 2029"",4,""$ 4,610,885"",,M,CM,19,England,Newcastle,True,"
"Angus Gunn,,""$ 22,168"",""$ 1,152,721"",""$ 281,478"",""$ 1,434,200"",Active,""Aug 6, 2025"",""Jun 30, 2026"",1,""$ 1,152,721"",,K,GK,30,Scotland,Nottingham Forest,True,"
"Arnaud Kalimuendo,,""$ 22,168"",""$ 1,152,721"",""$ 281,478"",""$ 1,434,200"",Inactive,""Aug 18, 2025"",""Jun 30, 2030"",5,""$ 5,763,607"",,F,CF,23,France,Nottingham Forest,False,"
"Jack Hinshelwood,,""$ 22,168"",""$ 1,152,721"",""$ 281,478"",""$ 1,434,200"",Active,""Mar 6, 2026"",""Jun 30, 2029"",4,""$ 4,610,885"",,M,DM,20,England,Brighton,True,"
"Lamare Bogarde,,""$ 22,168"",""$ 1,152,721"",""$ 281,478"",""$ 1,434,200"",Active,""Apr 7, 2025"",""Jun 30, 2026"",1,""$ 1,152,721"",,M,DM,22,Netherlands,Aston Villa,True,"
"Yerson Mosquera,,""$ 22,168"",""$ 1,152,721"",""$ 281,478"",""$ 1,434,200"",Active,""Mar 31, 2025"",""Jun 30, 2030"",5,""$ 5,763,607"",,D,CB,24,Colombia,Wolverhampton,True,"
"Eliezer Mayenda,,""$ 22,168"",""$ 1,152,721"",""$ 281,478"",""$ 1,434,200"",Active,""Aug 7, 2025"",""Jun 30, 2030"",5,""$ 5,763,607"",,F,CF,20,Spain,Sunderland,True,"
"Nathan Collins,,""$ 22,168"",""$ 1,152,721"",""$ 281,478"",""$ 1,434,200"",Active,""Jul 4, 2023"",""Jun 30, 2029"",4,""$ 4,610,885"",,D,CB,24,Ireland,Brentford,True,"
"Robin Roefs,,""$ 22,168"",""$ 1,152,721"",""$ 281,478"",""$ 1,434,200"",Active,""Aug 1, 2025"",""Jun 30, 2030"",5,""$ 5,763,607"",,K,GK,23,Netherlands,Sunderland,True,"
"Antonín Kinský,,""$ 22,168"",""$ 1,152,721"",""$ 281,478"",""$ 1,434,200"",Active,""Jan 5, 2025"",""Jun 30, 2029"",4,""$ 4,610,885"",,K,GK,22,Czech Republic,Tottenham,True,"
"Joshua Da Silva,,""$ 22,168"",""$ 1,152,721"",""$ 281,478"",""$ 1,434,200"",Active,""Oct 23, 2025"",""Jun 30, 2026"",1,""$ 1,152,721"",,M,CM,27,England,Brentford,True,"
"Ben Gannon-Doak,,""$ 22,168"",""$ 1,152,721"",""$ 281,478"",""$ 1,434,200"",Active,""Aug 18, 2025"",""Jun 30, 2030"",5,""$ 5,763,607"",,F,RW,20,Scotland,Bournemouth,True,"
"Ethan Pinnock,,""$ 22,168"",""$ 1,152,721"",""$ 281,478"",""$ 1,434,200"",Active,""May 28, 2023"",""Jun 30, 2027"",2,""$ 2,305,443"",,D,CB,32,Jamaica,Brentford,True,"
"Nathan Patterson,,""$ 20,621"",""$ 1,072,299"",""$ 268,075"",""$ 1,340,374"",Active,""Jan 4, 2022"",""Jun 30, 2027"",2,""$ 2,144,598"",,D,RB,24,Scotland,Everton,True,"
"Boubacar Traoré,,""$ 20,363"",""$ 1,058,895"",""$ 268,075"",""$ 1,326,970"",Inactive,""Jul 1, 2023"",""Jun 30, 2027"",2,""$ 2,117,790"",,M,DM,24,Mali,Wolverhampton,False,"
"Arthur Masuaku,,""$ 20,363"",""$ 1,058,895"",""$ 268,075"",""$ 1,326,970"",Inactive,""Aug 10, 2025"",""Jun 30, 2027"",2,""$ 2,117,790"",,D,LB,32,Democratic Republic of the Congo,Sunderland,False,"
"Freddie Woodman,,""$ 18,559"",""$ 965,069"",""$ 241,267"",""$ 1,206,336"",Active,""Jul 1, 2025"",""Jun 30, 2026"",1,""$ 965,069"",,K,GK,28,England,Liverpool,True,"
"Jaydee Canvot,,""$ 18,559"",""$ 965,069"",""$ 241,267"",""$ 1,206,336"",Active,""Sep 1, 2025"",""Jun 30, 2029"",4,""$ 3,860,276"",,D,CB,19,France,Crystal Palace,True,"
"Trey Nyoni,,""$ 18,559"",""$ 965,069"",""$ 241,267"",""$ 1,206,336"",Active,""Jun 30, 2025"",""Jun 30, 2029"",4,""$ 3,860,276"",,M,CM,18,England,Liverpool,True,"
"Jorge Cuenca,,""$ 18,559"",""$ 965,069"",""$ 241,267"",""$ 1,206,336"",Active,""Aug 3, 2024"",""Jun 30, 2028"",3,""$ 2,895,207"",,D,CB,26,Spain,Fulham,True,"
"Rico Lewis,,""$ 18,559"",""$ 965,069"",""$ 241,267"",""$ 1,206,336"",Active,""Sep 12, 2025"",""Jun 30, 2030"",5,""$ 4,825,345"",,D,RB,21,England,Manchester City,True,"
"Adam Aznou,,""$ 18,559"",""$ 965,069"",""$ 241,267"",""$ 1,206,336"",Active,""Jul 29, 2025"",""Jun 30, 2029"",4,""$ 3,860,276"",,D,LB,19,Morocco,Everton,True,"
"Rio Ngumoha,,""$ 18,559"",""$ 965,069"",""$ 241,267"",""$ 1,206,336"",Active,""Sep 25, 2025"",""Jun 30, 2028"",3,""$ 2,895,207"",,F,LW,17,England,Liverpool,True,"
"Mark Travers,,""$ 18,559"",""$ 965,069"",""$ 241,267"",""$ 1,206,336"",Active,""Jul 15, 2025"",""Jun 30, 2029"",4,""$ 3,860,276"",,K,GK,26,Ireland,Everton,True,"
"Ayden Heaven,,""$ 18,559"",""$ 965,069"",""$ 241,267"",""$ 1,206,336"",Active,""Feb 1, 2025"",""Jun 30, 2029"",4,""$ 3,860,276"",,D,CB,19,England,Manchester United,True,"
"Dwight McNeil,,""$ 18,559"",""$ 965,069"",""$ 241,267"",""$ 1,206,336"",Active,""Jul 28, 2022"",""Jun 30, 2027"",2,""$ 1,930,138"",,F,LW,26,England,Everton,True,"
"Diego León,,""$ 18,559"",""$ 965,069"",""$ 241,267"",""$ 1,206,336"",Active,""Jul 5, 2025"",""Jun 30, 2029"",4,""$ 3,860,276"",,D,LB,18,Paraguay,Manchester United,True,"
"Sam Byram,,""$ 18,559"",""$ 965,069"",""$ 241,267"",""$ 1,206,336"",Active,""Jul 8, 2025"",""Jun 30, 2026"",1,""$ 965,069"",,D,LB,32,England,Leeds,True,"
"Jonah Kusi-Asare,,""$ 18,559"",""$ 965,069"",""$ 241,267"",""$ 1,206,336"",Loan,""Sep 1, 2025"",""Jun 30, 2026"",1,""$ 965,069"",,F,CF,18,Sweden,Fulham,True,"
"Hugo Bueno,,""$ 18,559"",""$ 965,069"",""$ 241,267"",""$ 1,206,336"",Active,""Nov 20, 2023"",""Jun 30, 2028"",3,""$ 2,895,207"",,D,LB,23,Spain,Wolverhampton,True,"
"Kobbie Mainoo,,""$ 18,559"",""$ 965,069"",""$ 241,267"",""$ 1,206,336"",Active,""Feb 9, 2023"",""Jun 30, 2027"",2,""$ 1,930,138"",,M,CM,20,England,Manchester United,True,"
"Wilson Isidor,,""$ 18,559"",""$ 965,069"",""$ 241,267"",""$ 1,206,336"",Active,""Feb 1, 2025"",""Jun 30, 2028"",3,""$ 2,895,207"",,F,CF,25,France,Sunderland,True,"
"Tyler Fredricson,,""$ 18,559"",""$ 965,069"",""$ 241,267"",""$ 1,206,336"",Active,""Jul 1, 2025"",""Jun 30, 2028"",3,""$ 2,895,207"",,D,CB,20,England,Manchester United,True,"
"Max Weiß,,""$ 18,559"",""$ 965,069"",""$ 241,267"",""$ 1,206,336"",Active,""Jul 1, 2025"",""Jun 30, 2029"",4,""$ 3,860,276"",,K,GK,21,Germany,Burnley,True,"
"Jordan Beyer,,""$ 18,559"",""$ 965,069"",""$ 241,267"",""$ 1,206,336"",Active,""Jul 1, 2023"",""Jun 30, 2027"",2,""$ 1,930,138"",,D,CB,25,Germany,Burnley,True,"
"Veljko Milosavljevic,,""$ 18,559"",""$ 965,069"",""$ 241,267"",""$ 1,206,336"",Active,""Sep 1, 2025"",""Jun 30, 2030"",5,""$ 4,825,345"",,D,CB,18,Serbia,Bournemouth,True,"
"Nilson Angulo,,""$ 18,559"",""$ 965,069"",""$ 241,267"",""$ 1,206,336"",Active,""Feb 2, 2026"",""Jun 30, 2030"",5,""$ 4,825,345"",,F,LW,22,Ecuador,Sunderland,True,"
"Hjalmar Ekdal,,""$ 18,559"",""$ 965,069"",""$ 241,267"",""$ 1,206,336"",Active,""Jan 21, 2023"",""Jun 30, 2027"",2,""$ 1,930,138"",,D,CB,27,Sweden,Burnley,True,"
"James Hill,,""$ 18,559"",""$ 965,069"",""$ 241,267"",""$ 1,206,336"",Active,""Sep 9, 2025"",""Jun 30, 2029"",4,""$ 3,860,276"",,D,CB,24,England,Bournemouth,True,"
"Ashley Barnes,,""$ 18,559"",""$ 965,069"",""$ 241,267"",""$ 1,206,336"",Active,""Jun 27, 2025"",""Jun 30, 2026"",1,""$ 965,069"",,F,CF,36,England,Burnley,True,"
"William Osula,,""$ 18,559"",""$ 965,069"",""$ 241,267"",""$ 1,206,336"",Active,""Aug 8, 2024"",""Jun 30, 2029"",4,""$ 3,860,276"",,F,CF,22,Denmark,Newcastle,True,"
"Ao Tanaka,,""$ 18,559"",""$ 965,069"",""$ 241,267"",""$ 1,206,336"",Active,""Aug 30, 2024"",""Jun 30, 2028"",3,""$ 2,895,207"",,M,CM,27,Japan,Leeds,True,"
"Pablo,,""$ 18,559"",""$ 965,069"",""$ 241,267"",""$ 1,206,336"",Active,""Jan 2, 2026"",""Jun 30, 2030"",5,""$ 4,825,345"",,F,CF,22,Brazil,West Ham,True,"
"Rodrigo Gomes,,""$ 18,559"",""$ 965,069"",""$ 241,267"",""$ 1,206,336"",Active,""Jul 1, 2024"",""Jun 30, 2029"",4,""$ 3,860,276"",,M,LM,22,Portugal,Wolverhampton,True,"
"Souza,,""$ 18,559"",""$ 965,069"",""$ 241,267"",""$ 1,206,336"",Active,""Jan 22, 2026"",""Jun 30, 2031"",6,""$ 5,790,414"",,D,LB,19,Brazil,Tottenham,True,"
"Diego Gómez,,""$ 18,559"",""$ 965,069"",""$ 241,267"",""$ 1,206,336"",Active,""Jan 1, 2025"",""Jun 30, 2026"",1,""$ 965,069"",,M,CM,22,Paraguay,Brighton,True,"
"Yegor Yarmolyuk,,""$ 18,559"",""$ 965,069"",""$ 241,267"",""$ 1,206,336"",Active,""May 29, 2025"",""Jun 30, 2031"",6,""$ 5,790,414"",,M,CM,21,Ukraine,Brentford,True,"
"Brajan Gruda,,""$ 18,559"",""$ 965,069"",""$ 241,267"",""$ 1,206,336"",Inactive,""Aug 14, 2024"",""Jun 30, 2028"",3,""$ 2,895,207"",,F,RW,21,Germany,Brighton,False,"
"Ki-Jana Hoever,,""$ 14,693"",""$ 764,013"",""$ 187,652"",""$ 951,665"",Inactive,""Jul 21, 2023"",""Jun 30, 2026"",1,""$ 764,013"",,D,RB,23,Netherlands,Wolverhampton,False,"
"Julio Soler,,""$ 14,693"",""$ 764,013"",""$ 187,652"",""$ 951,665"",Active,""Jan 7, 2025"",""Jun 30, 2029"",4,""$ 3,056,052"",,D,LB,20,Argentina,Bournemouth,True,"
"Josh King,,""$ 14,693"",""$ 764,013"",""$ 187,652"",""$ 951,665"",Active,""Jul 17, 2025"",""Jun 30, 2029"",4,""$ 3,056,052"",,F,AM,19,England,Fulham,True,"
"Justin Devenny,,""$ 14,693"",""$ 764,013"",""$ 187,652"",""$ 951,665"",Active,""Jan 14, 2025"",""Jun 30, 2027"",2,""$ 1,528,026"",,F,AM,22,Northern Ireland,Crystal Palace,True,"
"Kaye Furo,,""$ 14,693"",""$ 764,013"",""$ 187,652"",""$ 951,665"",Active,""Jan 11, 2026"",""Jun 30, 2031"",6,""$ 4,584,078"",,F,CF,18,Belgium,Brentford,True,"
"Oliver Scarles,,""$ 14,693"",""$ 764,013"",""$ 187,652"",""$ 951,665"",Active,""Jan 1, 2025"",""Jun 30, 2028"",3,""$ 2,292,039"",,D,LB,20,England,West Ham,True,"
"Sepp van den Berg,,""$ 14,693"",""$ 764,013"",""$ 187,652"",""$ 951,665"",Active,""Aug 22, 2024"",""Jun 30, 2029"",4,""$ 3,056,052"",,D,CB,24,Netherlands,Brentford,True,"
"Zian Flemming,,""$ 14,693"",""$ 764,013"",""$ 187,652"",""$ 951,665"",Active,""Jul 1, 2025"",""Jun 30, 2029"",4,""$ 3,056,052"",,F,CF,27,Netherlands,Burnley,True,"
"Ian Poveda,,""$ 14,693"",""$ 764,013"",""$ 187,652"",""$ 951,665"",Active,""Jul 24, 2024"",""Jun 30, 2027"",2,""$ 1,528,026"",,F,RW,25,Colombia,Sunderland,True,"
"Carlos Alcaraz,,""$ 14,693"",""$ 764,013"",""$ 187,652"",""$ 951,665"",Active,""Jul 1, 2025"",""Jun 30, 2027"",2,""$ 1,528,026"",,M,CM,23,Argentina,Everton,True,"
"Alysson,,""$ 14,693"",""$ 764,013"",""$ 187,652"",""$ 951,665"",Active,""Jan 1, 2026"",""Jun 30, 2026"",1,""$ 764,013"",,F,RW,19,Brazil,Aston Villa,True,"
"Cuiabano,,""$ 14,693"",""$ 764,013"",""$ 187,652"",""$ 951,665"",Inactive,""Sep 1, 2025"",""Jun 30, 2029"",4,""$ 3,056,052"",,D,LB,22,Brazil,Nottingham Forest,False,"
"Jason Steele,,""$ 14,693"",""$ 764,013"",""$ 187,652"",""$ 951,665"",Active,""Oct 16, 2025"",""Jun 30, 2027"",2,""$ 1,528,026"",,K,GK,35,England,Brighton,True,"
"Daniel Bentley,,""$ 14,693"",""$ 764,013"",""$ 187,652"",""$ 951,665"",Active,""Sep 17, 2024"",""Jun 30, 2027"",2,""$ 1,528,026"",,K,GK,32,England,Wolverhampton,True,"
"Sasa Kalajdzic,,""$ 14,693"",""$ 764,013"",""$ 187,652"",""$ 951,665"",Inactive,""Aug 31, 2022"",""Jun 30, 2027"",2,""$ 1,528,026"",,F,CF,28,Austria,Wolverhampton,False,"
"Eli Junior Kroupi,,""$ 14,693"",""$ 764,013"",""$ 187,652"",""$ 951,665"",Active,""Feb 3, 2025"",""Jun 30, 2030"",5,""$ 3,820,065"",,F,CF,19,France,Bournemouth,True,"
"Luke O'Nien,,""$ 14,693"",""$ 764,013"",""$ 187,652"",""$ 951,665"",Active,""Aug 14, 2025"",""Jun 30, 2027"",2,""$ 1,528,026"",,D,CB,31,England,Sunderland,True,"
"Frank Onyeka,,""$ 14,693"",""$ 764,013"",""$ 187,652"",""$ 951,665"",Inactive,""Aug 7, 2023"",""Jun 30, 2027"",2,""$ 1,528,026"",,M,CM,28,Nigeria,Brentford,False,"
"Lucas Pires,,""$ 14,693"",""$ 764,013"",""$ 187,652"",""$ 951,665"",Active,""Jul 16, 2024"",""Jun 30, 2028"",3,""$ 2,292,039"",,D,LB,24,Brazil,Burnley,True,"
"Josh Laurent,,""$ 14,693"",""$ 764,013"",""$ 187,652"",""$ 951,665"",Active,""Aug 30, 2024"",""Jun 30, 2026"",1,""$ 764,013"",,M,CM,30,England,Burnley,True,"
"Tim Iroegbunam,,""$ 14,693"",""$ 764,013"",""$ 187,652"",""$ 951,665"",Active,""Jul 1, 2024"",""Jun 30, 2027"",2,""$ 1,528,026"",,M,CM,22,England,Everton,True,"
"Stefanos Tzimas,,""$ 14,693"",""$ 764,013"",""$ 187,652"",""$ 951,665"",Active,""Feb 3, 2025"",""Jun 30, 2030"",5,""$ 3,820,065"",,F,CF,20,Greece,Brighton,True,"
"Dennis Cirkin,,""$ 14,693"",""$ 764,013"",""$ 187,652"",""$ 951,665"",Active,""Jun 17, 2023"",""Jun 30, 2026"",1,""$ 764,013"",,D,LB,23,England,Sunderland,True,"
"Álex Jiménez,,""$ 13,146"",""$ 683,591"",""$ 227,864"",""$ 911,454"",Loan,""Sep 1, 2025"",""Jun 30, 2026"",1,""$ 683,591"",,D,RB,20,Spain,Bournemouth,True,"
"Merlin Röhl,,""$ 11,342"",""$ 589,764"",""$ 147,441"",""$ 737,205"",Loan,""Sep 1, 2025"",""Jun 30, 2026"",1,""$ 589,764"",,F,AM,23,Germany,Everton,True,"
"Benson Manuel,,""$ 11,084"",""$ 576,361"",""$ 147,441"",""$ 723,802"",Inactive,""Aug 9, 2023"",""Jun 30, 2027"",2,""$ 1,152,721"",,F,RW,28,Angola,Burnley,False,"
"Freddie Potts,,""$ 11,084"",""$ 576,361"",""$ 147,441"",""$ 723,802"",Active,""Jul 1, 2025"",""Jun 30, 2029"",4,""$ 2,305,443"",,M,DM,22,England,West Ham,True,"
"Enes Ünal,,""$ 11,084"",""$ 576,361"",""$ 147,441"",""$ 723,802"",Active,""Jul 1, 2024"",""Jun 30, 2028"",3,""$ 1,729,082"",,F,CF,28,Turkey,Bournemouth,True,"
"Romelle Donovan,,""$ 11,084"",""$ 576,361"",""$ 147,441"",""$ 723,802"",Active,""Jul 1, 2025"",""Jun 30, 2030"",5,""$ 2,881,803"",,F,RW,19,England,Brentford,True,"
"Simon Moore,,""$ 11,084"",""$ 576,361"",""$ 147,441"",""$ 723,802"",Active,""Jul 1, 2024"",""Jun 30, 2026"",1,""$ 576,361"",,K,GK,35,England,Sunderland,True,"
"Omar Richards,,""$ 11,084"",""$ 576,361"",""$ 147,441"",""$ 723,802"",Inactive,""Jul 10, 2022"",""Jun 30, 2026"",1,""$ 576,361"",,D,LB,27,England,Nottingham Forest,False,"
"Zepiqueno Redmond,,""$ 11,084"",""$ 576,361"",""$ 147,441"",""$ 723,802"",Inactive,""Jul 1, 2025"",""Jun 30, 2026"",1,""$ 576,361"",,F,CF,19,Netherlands,Aston Villa,False,"
"Pedro Lima,,""$ 11,084"",""$ 576,361"",""$ 147,441"",""$ 723,802"",Active,""Jul 1, 2024"",""Jun 30, 2029"",4,""$ 2,305,443"",,D,RB,19,Brazil,Wolverhampton,True,"
"Tom McGill,,""$ 11,084"",""$ 576,361"",""$ 147,441"",""$ 723,802"",Active,""May 8, 2025"",""Jun 30, 2027"",2,""$ 1,152,721"",,K,GK,25,Canada,Brighton,True,"
"Enso González,,""$ 11,084"",""$ 576,361"",""$ 147,441"",""$ 723,802"",Active,""Aug 31, 2023"",""Jun 30, 2029"",4,""$ 2,305,443"",,F,LW,21,Paraguay,Wolverhampton,True,"
"Chido Obi,,""$ 11,084"",""$ 576,361"",""$ 147,441"",""$ 723,802"",Active,""Jul 1, 2025"",""Jun 30, 2028"",3,""$ 1,729,082"",,F,CF,18,Denmark,Manchester United,True,"
"Caleb Wiley,,""$ 11,084"",""$ 576,361"",""$ 147,441"",""$ 723,802"",Active,""Jul 22, 2024"",""Jun 30, 2030"",5,""$ 2,881,803"",,D,LB,21,United States,Chelsea,True,"
"Ilia Gruev,,""$ 11,084"",""$ 576,361"",""$ 147,441"",""$ 723,802"",Active,""Aug 31, 2023"",""Jun 30, 2027"",2,""$ 1,152,721"",,M,DM,25,Bulgaria,Leeds,True,"
"Andrés García,,""$ 11,084"",""$ 576,361"",""$ 147,441"",""$ 723,802"",Active,""Jan 21, 2025"",""Jun 30, 2026"",1,""$ 576,361"",,D,RB,22,Spain,Aston Villa,True,"
"Tom King,,""$ 11,084"",""$ 576,361"",""$ 147,441"",""$ 723,802"",Active,""Aug 15, 2025"",""Jun 30, 2027"",2,""$ 1,152,721"",,K,GK,30,Wales,Everton,True,"
"John Ruddy,,""$ 11,084"",""$ 576,361"",""$ 147,441"",""$ 723,802"",Active,""Jul 1, 2024"",""Jun 30, 2026"",1,""$ 576,361"",,K,GK,39,England,Newcastle,True,"
"Samuel Iling-Junior,,""$ 11,084"",""$ 576,361"",""$ 147,441"",""$ 723,802"",Inactive,""Jul 1, 2024"",""Jun 30, 2026"",1,""$ 576,361"",,F,LW,21,England,Aston Villa,False,"
"Mark Gillespie,,""$ 11,084"",""$ 576,361"",""$ 147,441"",""$ 723,802"",Active,""Jun 6, 2025"",""Jun 30, 2026"",1,""$ 576,361"",,K,GK,33,England,Newcastle,True,"
"Brandon Austin,,""$ 11,084"",""$ 576,361"",""$ 147,441"",""$ 723,802"",Active,""May 28, 2024"",""Jun 30, 2029"",4,""$ 2,305,443"",,K,GK,27,England,Tottenham,True,"
"Ishé Samuels-Smith,,""$ 10,311"",""$ 536,149"",""$ 134,037"",""$ 670,187"",Inactive,""Jul 8, 2023"",""Jun 30, 2031"",6,""$ 3,216,897"",,D,LB,19,England,Chelsea,False,"
"Remi Matthews,,""$ 9,280"",""$ 482,534"",""$ 120,634"",""$ 603,168"",Active,""Jun 5, 2025"",""Jun 30, 2027"",2,""$ 965,069"",,K,GK,31,England,Crystal Palace,True,"
"Fer López,,""$ 9,280"",""$ 482,534"",""$ 120,634"",""$ 603,168"",Inactive,""Jul 1, 2025"",""Jun 30, 2030"",5,""$ 2,412,672"",,F,AM,21,Spain,Wolverhampton,False,"
"Facundo Buonanotte,,""$ 9,280"",""$ 482,534"",""$ 120,634"",""$ 603,168"",Inactive,""Sep 1, 2025"",""Jun 30, 2026"",1,""$ 482,534"",,F,AM,21,Argentina,Chelsea,False,"
"Julián Araujo,,""$ 9,280"",""$ 482,534"",""$ 120,634"",""$ 603,168"",Inactive,""Aug 13, 2024"",""Jun 30, 2029"",4,""$ 1,930,138"",,D,RB,24,Mexico,Bournemouth,False,"
"Gustavo Nunes,,""$ 9,280"",""$ 482,534"",""$ 120,634"",""$ 603,168"",Inactive,""Aug 28, 2024"",""Jun 30, 2030"",5,""$ 2,412,672"",,F,LW,20,Brazil,Brentford,False,"
"Zach Abbott,,""$ 9,280"",""$ 482,534"",""$ 120,634"",""$ 603,168"",Active,""Jul 23, 2025"",""Jun 30, 2029"",4,""$ 1,930,138"",,D,CB,19,England,Nottingham Forest,True,"
"Facundo Buonanotte,,""$ 9,280"",""$ 482,534"",""$ 120,634"",""$ 603,168"",Loan,""Jan 15, 2026"",""Jun 30, 2026"",1,""$ 482,534"",,F,AM,21,Argentina,Leeds,True,"
"Carlos Baleba,,""$ 9,280"",""$ 482,534"",""$ 120,634"",""$ 603,168"",Active,""Aug 29, 2023"",""Jun 30, 2028"",3,""$ 1,447,603"",,M,DM,22,Cameroon,Brighton,True,"
"Caleb Kporha,,""$ 9,280"",""$ 482,534"",""$ 120,634"",""$ 603,168"",Active,""Apr 9, 2025"",""Jun 30, 2029"",4,""$ 1,930,138"",,D,RB,19,England,Crystal Palace,True,"
"Christos Mandas,,""$ 9,280"",""$ 482,534"",""$ 120,634"",""$ 603,168"",Loan,""Jan 27, 2026"",""Jun 30, 2026"",1,""$ 482,534"",,K,GK,24,Greece,Bournemouth,True,"
"Diego Coppola,,""$ 9,280"",""$ 482,534"",""$ 120,634"",""$ 603,168"",Inactive,""Jul 1, 2025"",""Jun 30, 2030"",5,""$ 2,412,672"",,D,CB,22,Italy,Brighton,False,"
"Kota Takai,,""$ 9,280"",""$ 482,534"",""$ 120,634"",""$ 603,168"",Inactive,""Jul 8, 2025"",""Jun 30, 2030"",5,""$ 2,412,672"",,D,CB,21,Japan,Tottenham,False,"
"Václav Hladký,,""$ 8,764"",""$ 455,727"",""$ 120,634"",""$ 576,361"",Active,""Jul 19, 2024"",""Jun 30, 2026"",1,""$ 455,727"",,K,GK,35,Czech Republic,Burnley,True,"
"Aji Alese,,""$ 7,733"",""$ 402,112"",""$ 107,230"",""$ 509,342"",Inactive,""Mar 22, 2024"",""Jun 30, 2027"",2,""$ 804,224"",,D,CB,24,England,Sunderland,False,"
"Issa Kabore,,""$ 7,475"",""$ 388,708"",""$ 93,826"",""$ 482,534"",Inactive,""Jul 29, 2020"",""Jun 30, 2027"",2,""$ 777,417"",,D,RB,24,Burkina Faso,Manchester City,False,"
"Kevin Schade,,""$ 7,475"",""$ 388,708"",""$ 93,826"",""$ 482,534"",Active,""Jul 1, 2023"",""Jun 30, 2028"",3,""$ 1,166,125"",,F,LW,24,Germany,Brentford,True,"
"Michael Olakigbe,,""$ 7,475"",""$ 388,708"",""$ 93,826"",""$ 482,534"",Inactive,""Jul 29, 2022"",""Jun 30, 2028"",3,""$ 1,166,125"",,F,RW,21,England,Brentford,False,"
"Max Aarons,,""$ 7,475"",""$ 388,708"",""$ 93,826"",""$ 482,534"",Inactive,""Aug 10, 2023"",""Jun 30, 2029"",4,""$ 1,554,833"",,D,RB,25,England,Bournemouth,False,"
"Tom Watson,,""$ 7,475"",""$ 388,708"",""$ 93,826"",""$ 482,534"",Inactive,""Jul 1, 2025"",""Jun 30, 2029"",4,""$ 1,554,833"",,F,LW,19,England,Brighton,False,"
"Keiber Lamadrid,,""$ 7,475"",""$ 388,708"",""$ 93,826"",""$ 482,534"",Loan,""Jan 22, 2026"",""Jun 30, 2026"",1,""$ 388,708"",,F,LW,22,Venezuela,West Ham,True,"
"Romaine Mundle,,""$ 7,475"",""$ 388,708"",""$ 93,826"",""$ 482,534"",Active,""Feb 1, 2024"",""Jun 30, 2028"",3,""$ 1,166,125"",,F,LW,22,England,Sunderland,True,"
"Hákon Rafn Valdimarsson,,""$ 7,475"",""$ 388,708"",""$ 93,826"",""$ 482,534"",Active,""Jan 26, 2024"",""Jun 30, 2028"",3,""$ 1,166,125"",,K,GK,24,Iceland,Brentford,True,"
"Alex Cairns,,""$ 7,475"",""$ 388,708"",""$ 93,826"",""$ 482,534"",Active,""Jul 8, 2024"",""Jun 30, 2026"",1,""$ 388,708"",,K,GK,33,England,Leeds,True,"
"Abdoullah Ba,,""$ 7,475"",""$ 388,708"",""$ 93,826"",""$ 482,534"",Active,""Aug 31, 2022"",""Jun 30, 2027"",2,""$ 777,417"",,M,RM,22,France,Sunderland,True,"
"Melker Ellborg,,""$ 7,475"",""$ 388,708"",""$ 93,826"",""$ 482,534"",Active,""Feb 1, 2026"",""Jun 30, 2030"",5,""$ 1,943,542"",,K,GK,22,Sweden,Sunderland,True,"
"Anthony Patterson,,""$ 7,475"",""$ 388,708"",""$ 93,826"",""$ 482,534"",Inactive,""Sep 22, 2023"",""Jun 30, 2028"",3,""$ 1,166,125"",,K,GK,25,England,Sunderland,False,"
"Rhys Williams,,""$ 7,475"",""$ 388,708"",""$ 93,826"",""$ 482,534"",Active,""Aug 31, 2021"",""Jun 30, 2026"",1,""$ 388,708"",,D,CB,25,England,Liverpool,True,"
"Nathan Fraser,,""$ 7,475"",""$ 388,708"",""$ 93,826"",""$ 482,534"",Active,""Jul 5, 2024"",""Jun 30, 2028"",3,""$ 1,166,125"",,F,CF,20,Ireland,Wolverhampton,True,"
"Sverre Nypan,,""$ 7,475"",""$ 388,708"",""$ 53,615"",""$ 442,323"",Active,""Jul 17, 2025"",""Jun 30, 2030"",5,""$ 1,943,542"",,M,CM,19,Norway,Manchester City,True,"
"Ellery Balcombe,,""$ 7,475"",""$ 388,708"",""$ 93,826"",""$ 482,534"",Active,""Jul 1, 2018"",""Jun 30, 2027"",2,""$ 777,417"",,K,GK,26,England,Brentford,True,"
"Harrison Ashby,,""$ 6,702"",""$ 348,497"",""$ 80,422"",""$ 428,920"",Inactive,""Jul 1, 2025"",""Jun 30, 2026"",1,""$ 348,497"",,D,RB,24,Scotland,Newcastle,False,"
"Matheus França,,""$ 5,929"",""$ 308,286"",""$ 80,422"",""$ 388,708"",Inactive,""Aug 5, 2023"",""Jun 30, 2028"",3,""$ 924,858"",,F,AM,21,Brazil,Crystal Palace,False,"
"Alex Murphy,,""$ 5,929"",""$ 308,286"",""$ 80,422"",""$ 388,708"",Active,""Jul 1, 2024"",""Jun 30, 2028"",3,""$ 924,858"",,D,LB,21,Ireland,Newcastle,True,"
"Ahmed Abdullahi,,""$ 5,929"",""$ 308,286"",""$ 80,422"",""$ 388,708"",Active,""Aug 30, 2024"",""Jun 30, 2028"",3,""$ 924,858"",,F,CF,21,Nigeria,Sunderland,True,"
"Dexter Lembikisa,,""$ 5,929"",""$ 308,286"",""$ 80,422"",""$ 388,708"",Inactive,""Jul 1, 2020"",""Jun 30, 2026"",1,""$ 308,286"",,D,RB,21,Jamaica,Wolverhampton,False,"
"Jocelin Ta Bi,,""$ 5,929"",""$ 308,286"",""$ 80,422"",""$ 388,708"",Active,""Jan 16, 2026"",""Jun 30, 2030"",5,""$ 1,541,430"",,F,RW,20,Cote d'Ivoire,Sunderland,True,"
"Eric da Silva Moreira,,""$ 5,929"",""$ 308,286"",""$ 80,422"",""$ 388,708"",Active,""Jul 1, 2024"",""Jun 30, 2028"",3,""$ 924,858"",,D,RB,19,Germany,Nottingham Forest,True,"
"Milan Aleksic,,""$ 5,929"",""$ 308,286"",""$ 80,422"",""$ 388,708"",Active,""Aug 30, 2024"",""Jun 30, 2028"",3,""$ 924,858"",,F,AM,20,Serbia,Sunderland,True,"
"Nigel Lonwijk,,""$ 5,929"",""$ 308,286"",""$ 80,422"",""$ 388,708"",Inactive,""Jan 24, 2020"",""Jun 30, 2026"",1,""$ 308,286"",,D,CB,22,Suriname,Wolverhampton,False,"
"Yasin Ayari,,""$ 5,929"",""$ 308,286"",""$ 80,422"",""$ 388,708"",Active,""Jan 30, 2023"",""Jun 30, 2027"",2,""$ 616,572"",,M,CM,22,Sweden,Brighton,True,"
"Yunus Emre Konak,,""$ 5,413"",""$ 281,478"",""$ 67,019"",""$ 348,497"",Inactive,""Jan 11, 2024"",""Jun 30, 2029"",4,""$ 1,125,914"",,M,DM,19,Turkey,Brentford,False,"
"Lewis Dobbin,,""$ 5,413"",""$ 281,478"",""$ 67,019"",""$ 348,497"",Inactive,""Jul 1, 2024"",""Jun 30, 2026"",1,""$ 281,478"",,F,LW,22,England,Aston Villa,False,"
"George Earthy,,""$ 5,413"",""$ 281,478"",""$ 67,019"",""$ 348,497"",Inactive,""Jul 1, 2025"",""Jun 30, 2026"",1,""$ 281,478"",,F,AM,20,England,West Ham,False,"
"Dan Neil,,""$ 5,413"",""$ 281,478"",""$ 67,019"",""$ 348,497"",Inactive,""Mar 21, 2023"",""Jun 30, 2026"",1,""$ 281,478"",,M,CM,24,England,Sunderland,False,"
"Max Alleyne,,""$ 5,413"",""$ 281,478"",""$ 67,019"",""$ 348,497"",Active,""Jan 6, 2026"",""Jun 30, 2026"",1,""$ 281,478"",,D,CB,20,England,Manchester City,True,"
"Tommi O'Reilly,,""$ 5,413"",""$ 281,478"",""$ 67,019"",""$ 348,497"",Inactive,""Jul 1, 2020"",""Jun 30, 2028"",3,""$ 844,435"",,F,AM,21,England,Aston Villa,False,"
"Tyrique George,,""$ 5,413"",""$ 281,478"",""$ 67,019"",""$ 348,497"",Loan,""Feb 2, 2026"",""Jun 30, 2026"",1,""$ 281,478"",,F,LW,19,England,Everton,True,"
"Dane Scarlett,,""$ 5,413"",""$ 281,478"",""$ 67,019"",""$ 348,497"",Inactive,""Aug 31, 2023"",""Jun 30, 2027"",2,""$ 562,957"",,F,CF,21,England,Tottenham,False,"
"Ezra Mayers,,""$ 5,155"",""$ 268,075"",""$ 67,019"",""$ 335,093"",Active,""Oct 21, 2025"",""Jun 30, 2028"",3,""$ 804,224"",,D,CB,19,England,West Ham,True,"
"Mateus Mané,,""$ 5,155"",""$ 268,075"",""$ 67,019"",""$ 335,093"",Active,""Sep 1, 2025"",""Jun 30, 2029"",4,""$ 1,072,299"",,F,AM,18,England,Wolverhampton,True,"
"Lino Sousa,,""$ 4,382"",""$ 227,864"",""$ 53,615"",""$ 281,478"",Inactive,""Feb 1, 2024"",""Jun 30, 2026"",1,""$ 227,864"",,D,LB,21,England,Aston Villa,False,"
"Yusuf Akhamrich,,""$ 3,609"",""$ 187,652"",""$ 53,615"",""$ 241,267"",Inactive,""Jul 1, 2022"",""Jun 30, 2028"",3,""$ 562,957"",,F,LW,20,Morocco,Tottenham,False,"
"Joe Whitworth,,""$ 3,609"",""$ 187,652"",""$ 53,615"",""$ 241,267"",Inactive,""Jan 11, 2023"",""Jun 30, 2027"",2,""$ 375,305"",,K,GK,21,England,Crystal Palace,False,"
"Jayden Meghoma,,""$ 3,609"",""$ 187,652"",""$ 53,615"",""$ 241,267"",Inactive,""Aug 30, 2024"",""Jun 30, 2028"",3,""$ 562,957"",,D,LB,19,England,Brentford,False,"
"Josh Acheampong,,""$ 3,609"",""$ 187,652"",""$ 53,615"",""$ 241,267"",Active,""Dec 18, 2024"",""Jun 30, 2029"",4,""$ 750,609"",,D,RB,19,England,Chelsea,True,"
"Ethan Wheatley,,""$ 3,609"",""$ 187,652"",""$ 53,615"",""$ 241,267"",Inactive,""Mar 6, 2025"",""Jun 30, 2028"",3,""$ 562,957"",,F,CF,19,England,Manchester United,False,"
"Joe Gauci,,""$ 3,609"",""$ 187,652"",""$ 53,615"",""$ 241,267"",Inactive,""Feb 1, 2024"",""Jun 30, 2028"",3,""$ 562,957"",,K,GK,24,Australia,Aston Villa,False,"
"Joe Hugill,,""$ 3,609"",""$ 187,652"",""$ 53,615"",""$ 241,267"",Inactive,""Jul 1, 2020"",""May 31, 2027"",2,""$ 375,305"",,F,CF,22,England,Manchester United,False,"
"Kane Taylor,,""$ 3,609"",""$ 187,652"",""$ 53,615"",""$ 241,267"",Inactive,""Aug 20, 2024"",""Jun 30, 2026"",1,""$ 187,652"",,M,CM,20,England,Aston Villa,False,"
"Daniel Jebbison,,""$ 3,609"",""$ 187,652"",""$ 53,615"",""$ 241,267"",Inactive,""Jul 10, 2024"",""Jun 30, 2028"",3,""$ 562,957"",,F,CF,22,Canada,Bournemouth,False,"
"Will Dennis,,""$ 3,609"",""$ 187,652"",""$ 80,422"",""$ 268,075"",Inactive,""Feb 5, 2025"",""Jun 30, 2028"",3,""$ 562,957"",,K,GK,25,England,Bournemouth,False,"
"Tyler Bindon,,""$ 3,609"",""$ 187,652"",""$ 53,615"",""$ 241,267"",Inactive,""Feb 2, 2025"",""Jun 30, 2028"",3,""$ 562,957"",,D,CB,20,New Zealand,Nottingham Forest,False,"
"Tawanda Chirewa,,""$ 3,609"",""$ 187,652"",""$ 53,615"",""$ 241,267"",Inactive,""Aug 26, 2024"",""Jun 30, 2027"",2,""$ 375,305"",,F,AM,22,Zimbabwe,Wolverhampton,False,"
"Romain Faivre,,""$ 3,609"",""$ 187,652"",""$ 53,615"",""$ 241,267"",Inactive,""Jul 13, 2023"",""Jun 30, 2028"",3,""$ 562,957"",,F,AM,27,France,Bournemouth,False,"
"Oliver Irow,,""$ 3,609"",""$ 187,652"",""$ 53,615"",""$ 241,267"",Inactive,""Jul 1, 2022"",""Jun 30, 2028"",3,""$ 562,957"",,F,RW,18,England,Tottenham,False,"
"Harrison Jones,,""$ 3,609"",""$ 187,652"",""$ 53,615"",""$ 241,267"",Active,""Dec 23, 2024"",""Jun 30, 2026"",1,""$ 187,652"",,F,AM,21,England,Sunderland,True,"
"Leo Fuhr Hjelde,,""$ 3,609"",""$ 187,652"",""$ 53,615"",""$ 241,267"",Inactive,""Jan 30, 2024"",""Jun 30, 2028"",3,""$ 562,957"",,D,LB,22,Norway,Sunderland,False,"
"Matthew Cox,,""$ 3,609"",""$ 187,652"",""$ 53,615"",""$ 241,267"",Inactive,""Jul 8, 2022"",""Jun 30, 2028"",3,""$ 562,957"",,K,GK,22,England,Brentford,False,"
"Ashley Phillips,,""$ 3,609"",""$ 187,652"",""$ 53,615"",""$ 241,267"",Inactive,""Aug 5, 2023"",""Jun 30, 2028"",3,""$ 562,957"",,D,CB,20,England,Tottenham,False,"
"Luke Harris,,""$ 3,609"",""$ 187,652"",""$ 93,826"",""$ 281,478"",Inactive,""Jul 1, 2024"",""Jun 30, 2026"",1,""$ 187,652"",,F,AM,20,Wales,Fulham,False,"
"Tayo Adaramola,,""$ 3,609"",""$ 187,652"",""$ 67,019"",""$ 254,671"",Inactive,""Jul 1, 2020"",""Jun 30, 2026"",1,""$ 187,652"",,D,LB,21,Ireland,Crystal Palace,False,"
"Rio Cardines,,""$ 3,609"",""$ 187,652"",""$ 53,615"",""$ 241,267"",Active,""Apr 8, 2026"",""Jun 30, 2028"",3,""$ 562,957"",,D,LB,19,Trinidad and Tobago,Crystal Palace,True,"
"Nazarii Rusyn,,""$ 3,351"",""$ 174,249"",""$ 40,211"",""$ 214,460"",Inactive,""Sep 1, 2023"",""Jun 30, 2027"",2,""$ 348,497"",,F,CF,26,Ukraine,Sunderland,False,"
"Alan Browne,,""$ 2,835"",""$ 147,441"",""$ 40,211"",""$ 187,652"",Inactive,""Jul 11, 2024"",""Jun 30, 2027"",2,""$ 294,882"",,M,CM,30,Ireland,Sunderland,False,"
"Kadan Young,,""$ 2,835"",""$ 147,441"",""$ 40,211"",""$ 187,652"",Inactive,""Jul 1, 2021"",""Jun 30, 2026"",1,""$ 147,441"",,F,LW,20,England,Aston Villa,False,"
"Ronnie Stutter,,""$ 2,835"",""$ 147,441"",""$ 40,211"",""$ 187,652"",Inactive,""Jul 1, 2019"",""Jun 30, 2026"",1,""$ 147,441"",,F,CF,21,England,Chelsea,False,"
"Matai Akinmboni,,""$ 2,835"",""$ 147,441"",""$ 40,211"",""$ 187,652"",Active,""Jan 3, 2025"",""Jun 30, 2026"",1,""$ 147,441"",,D,CB,19,United States,Bournemouth,True,"
"Kerr Smith,,""$ 2,835"",""$ 147,441"",""$ 40,211"",""$ 187,652"",Inactive,""Jan 14, 2022"",""Jun 30, 2026"",1,""$ 147,441"",,D,CB,20,Scotland,Aston Villa,False,"
"Mahamadou Susoho,,""$ 2,578"",""$ 134,037"",""$ 40,211"",""$ 174,249"",Inactive,""Jul 1, 2023"",""Jun 30, 2026"",1,""$ 134,037"",,M,DM,20,Spain,Manchester City,False,"
"Teddy Sharman-Lowe,,""$ 2,320"",""$ 120,634"",""$ 28,148"",""$ 148,781"",Inactive,""Sep 5, 2020"",""Jun 30, 2028"",3,""$ 361,901"",,K,GK,22,England,Chelsea,False,"
"Benjamin Arthur,,""$ 2,320"",""$ 120,634"",""$ 28,148"",""$ 148,781"",Inactive,""Aug 31, 2023"",""Jun 30, 2031"",6,""$ 723,802"",,D,CB,20,England,Brentford,False,"
"Harvey Davies,,""$ 2,320"",""$ 120,634"",""$ 28,148"",""$ 148,781"",Active,""Jun 26, 2025"",""Jun 30, 2026"",1,""$ 120,634"",,K,GK,22,England,Liverpool,True,"
"Donnell McNeilly,,""$ 2,320"",""$ 120,634"",""$ 28,148"",""$ 148,781"",Inactive,""Jul 1, 2022"",""Jun 30, 2028"",3,""$ 361,901"",,F,CF,19,England,Nottingham Forest,False,"
"Dan Gore,,""$ 2,320"",""$ 120,634"",""$ 28,148"",""$ 148,781"",Inactive,""Jul 1, 2023"",""Jun 30, 2026"",1,""$ 120,634"",,M,CM,20,England,Manchester United,False,"
"Brodi Hughes,,""$ 2,320"",""$ 120,634"",""$ 28,148"",""$ 148,781"",Inactive,""Jul 1, 2021"",""Jun 30, 2026"",1,""$ 120,634"",,D,RB,20,England,Chelsea,False,"
"Isaac Mabaya,,""$ 2,320"",""$ 120,634"",""$ 28,148"",""$ 148,781"",Inactive,""Jul 1, 2020"",""Jun 30, 2026"",1,""$ 120,634"",,D,RB,20,Zimbabwe,Liverpool,False,"
"Amario Cozier-Duberry,,""$ 2,320"",""$ 120,634"",""$ 28,148"",""$ 148,781"",Inactive,""Jul 7, 2024"",""Jun 30, 2028"",3,""$ 361,901"",,F,RW,20,England,Brighton,False,"
"Louie Barry,,""$ 2,320"",""$ 120,634"",""$ 28,148"",""$ 148,781"",Inactive,""Jan 23, 2020"",""Jun 30, 2028"",3,""$ 361,901"",,F,LW,22,England,Aston Villa,False,"
"Luke Chambers,,""$ 1,804"",""$ 93,826"",""$ 24,127"",""$ 117,953"",Inactive,""Jul 1, 2020"",""Jun 30, 2026"",1,""$ 93,826"",,D,CB,21,England,Liverpool,False,"
"Will Lankshear,,""$ 1,804"",""$ 93,826"",""$ 24,127"",""$ 117,953"",Inactive,""Jul 1, 2023"",""Jun 30, 2029"",4,""$ 375,305"",,F,CF,20,England,Tottenham,False,"
"Niall Huggins,,""$ 1,804"",""$ 93,826"",""$ 24,127"",""$ 117,953"",Inactive,""Aug 20, 2021"",""Jun 30, 2026"",1,""$ 93,826"",,D,RB,24,Wales,Sunderland,False,"
"Jaydon Banel,,""$ 1,804"",""$ 93,826"",""$ 24,127"",""$ 117,953"",Inactive,""Feb 3, 2025"",""Jun 30, 2029"",4,""$ 375,305"",,F,LW,21,Netherlands,Burnley,False,"
"Myles Peart-Harris,,""$ 1,804"",""$ 93,826"",""$ 24,127"",""$ 117,953"",Inactive,""Jul 23, 2021"",""Jun 30, 2026"",1,""$ 93,826"",,F,AM,23,Jamaica,Brentford,False,"
"Jemiah Umolu,,""$ 1,804"",""$ 93,826"",""$ 24,127"",""$ 117,953"",Inactive,""Jul 2, 2024"",""Jun 30, 2026"",1,""$ 93,826"",,F,CF,19,England,Crystal Palace,False,"
"Min-hyeok Yang,,""$ 1,804"",""$ 93,826"",""$ 24,127"",""$ 117,953"",Inactive,""Jan 1, 2025"",""Jun 30, 2026"",1,""$ 93,826"",,F,RW,19,South Korea,Tottenham,False,"
"Jimmy-Jay Morgan,,""$ 1,804"",""$ 93,826"",""$ 24,127"",""$ 117,953"",Inactive,""Feb 10, 2023"",""Jun 30, 2027"",2,""$ 187,652"",,F,CF,19,England,Chelsea,False,"
"Finley Burns,,""$ 1,804"",""$ 93,826"",""$ 24,127"",""$ 117,953"",Inactive,""Jul 1, 2020"",""Jun 30, 2027"",2,""$ 187,652"",,D,CB,22,England,Manchester City,False,"
"Josh Feeney,,""$ 1,547"",""$ 80,422"",""$ 18,765"",""$ 99,188"",Inactive,""Jul 6, 2021"",""Jun 30, 2027"",2,""$ 160,845"",,D,CB,20,England,Aston Villa,False,"
"Matt Dibley-Dias,,""$ 1,547"",""$ 80,422"",""$ 18,765"",""$ 99,188"",Inactive,""Jul 1, 2020"",""Jun 30, 2027"",2,""$ 160,845"",,M,CM,21,New Zealand,Fulham,False,"
"Omari Kellyman,,""$ 1,547"",""$ 80,422"",""$ 18,765"",""$ 99,188"",Inactive,""Jul 1, 2024"",""Jun 30, 2030"",5,""$ 402,112"",,F,AM,19,England,Chelsea,False,"
"Calum Scanlon,,""$ 1,547"",""$ 80,422"",""$ 18,765"",""$ 99,188"",Inactive,""Feb 1, 2021"",""Jun 30, 2026"",1,""$ 80,422"",,D,LB,21,England,Liverpool,False,"
"Divine Mukasa,,""$ 1,547"",""$ 80,422"",""$ 18,765"",""$ 99,188"",Inactive,""Sep 22, 2023"",""Jun 30, 2026"",1,""$ 80,422"",,F,AM,18,England,Manchester City,False,"
"Divin Mubama,,""$ 1,547"",""$ 80,422"",""$ 18,765"",""$ 99,188"",Inactive,""Aug 29, 2024"",""Jun 30, 2026"",1,""$ 80,422"",,F,CF,20,England,Manchester City,False,"
"Emilio Lawrence,,""$ 1,547"",""$ 80,422"",""$ 18,765"",""$ 99,188"",Inactive,""Jul 1, 2022"",""Jun 30, 2026"",1,""$ 80,422"",,F,LW,20,Scotland,Manchester City,False,"
"Ben Winterburn,,""$ 1,547"",""$ 80,422"",""$ 18,765"",""$ 99,188"",Inactive,""Jul 1, 2020"",""Jun 30, 2027"",2,""$ 160,845"",,M,DM,20,England,Bournemouth,False,"
"Stephen Mfuni,,""$ 1,547"",""$ 80,422"",""$ 18,765"",""$ 99,188"",Inactive,""Jul 1, 2023"",""Jun 30, 2026"",1,""$ 80,422"",,D,CB,18,England,Manchester City,False,"
"Caylan Vickers,,""$ 1,547"",""$ 80,422"",""$ 18,765"",""$ 99,188"",Inactive,""Feb 1, 2024"",""Jun 30, 2027"",2,""$ 160,845"",,F,AM,20,England,Brighton,False,"
"Iwan Morgan,,""$ 1,547"",""$ 80,422"",""$ 18,765"",""$ 99,188"",Inactive,""Sep 1, 2023"",""Jun 30, 2026"",1,""$ 80,422"",,F,CF,20,Wales,Brentford,False,"
"Lakyle Samuel,,""$ 1,547"",""$ 80,422"",""$ 18,765"",""$ 99,188"",Inactive,""Jul 1, 2022"",""Jun 30, 2026"",1,""$ 80,422"",,D,RB,19,England,Manchester City,False,"
"Will Dickson,,""$ 1,289"",""$ 67,019"",""$ 17,425"",""$ 84,444"",Inactive,""Jul 1, 2021"",""Jun 30, 2027"",2,""$ 134,037"",,F,CF,20,England,Manchester City,False,"
"Timur Tuterov,,""$ 1,031"",""$ 53,615"",""$ 14,744"",""$ 68,359"",Inactive,""Apr 6, 2023"",""Jun 30, 2027"",2,""$ 107,230"",,F,LW,20,Ukraine,Sunderland,False,"
"Radek Vítek,,""$ 1,031"",""$ 53,615"",""$ 14,744"",""$ 68,359"",Inactive,""Jul 1, 2020"",""Jun 30, 2028"",3,""$ 160,845"",,K,GK,21,Czech Republic,Manchester United,False,"
"Michael Mellon,,""$ 1,031"",""$ 53,615"",""$ 14,744"",""$ 68,359"",Inactive,""Jul 1, 2019"",""Jun 30, 2026"",1,""$ 53,615"",,F,CF,21,Scotland,Burnley,False,"
"James Scanlon,,""$ 1,031"",""$ 53,615"",""$ 14,744"",""$ 68,359"",Inactive,""Mar 5, 2021"",""Jun 30, 2026"",1,""$ 53,615"",,F,LW,19,Gibraltar,Manchester United,False,"
"Aidan Borland,,""$ 1,031"",""$ 53,615"",""$ 14,744"",""$ 68,359"",Inactive,""Aug 1, 2023"",""Jun 30, 2026"",1,""$ 53,615"",,M,CM,18,Scotland,Aston Villa,False,"
"Logan Pye,,""$ 1,031"",""$ 53,615"",""$ 14,744"",""$ 68,359"",Inactive,""Sep 1, 2023"",""Jun 30, 2026"",1,""$ 53,615"",,D,LB,21,England,Burnley,False,"
"Alfie Pond,,""$ 1,031"",""$ 53,615"",""$ 14,744"",""$ 68,359"",Inactive,""Sep 1, 2022"",""Jun 30, 2027"",2,""$ 107,230"",,D,CB,22,England,Wolverhampton,False,"
"Sil Swinkels,,""$ 1,031"",""$ 53,615"",""$ 14,744"",""$ 68,359"",Inactive,""Aug 3, 2020"",""Jun 30, 2026"",1,""$ 53,615"",,D,CB,21,Netherlands,Aston Villa,False,"
"Ben Krauhaus,,""$ 1,031"",""$ 53,615"",""$ 14,744"",""$ 68,359"",Inactive,""Jan 22, 2024"",""Jun 30, 2027"",2,""$ 107,230"",,M,CM,20,England,Brentford,False,"
"Kamari Doyle,,""$ 1,031"",""$ 53,615"",""$ 14,744"",""$ 68,359"",Inactive,""Jan 26, 2024"",""Jun 30, 2026"",1,""$ 53,615"",,F,AM,20,England,Brighton,False,"
"Joe White,,""$ 1,031"",""$ 53,615"",""$ 14,744"",""$ 68,359"",Inactive,""Jul 1, 2023"",""Jun 30, 2026"",1,""$ 53,615"",,F,AM,22,England,Newcastle,False,"
"Gabriele Biancheri,,""$ 1,031"",""$ 53,615"",""$ 12,063"",""$ 65,678"",Inactive,""Feb 27, 2023"",""Jun 30, 2026"",1,""$ 53,615"",,F,CF,19,Wales,Manchester United,False,"
"Ben Broggio,,$ 773,""$ 40,211"",""$ 12,063"",""$ 52,275"",Inactive,""Jul 1, 2023"",""Jun 30, 2026"",1,""$ 40,211"",,F,LW,19,England,Aston Villa,False,"
"Harrison Armstrong,,$ 773,""$ 40,211"",""$ 12,063"",""$ 52,275"",Active,""Feb 3, 2025"",""Jun 30, 2028"",3,""$ 120,634"",,M,CM,19,England,Everton,True,"
"Michael Forbes,,$ 773,""$ 40,211"",""$ 9,383"",""$ 49,594"",Inactive,""Jul 24, 2020"",""Jun 30, 2026"",1,""$ 40,211"",,D,CB,21,Northern Ireland,West Ham,False,"
"Roman Dixon,,$ 773,""$ 40,211"",""$ 9,383"",""$ 49,594"",Inactive,""Jul 1, 2021"",""Jun 30, 2027"",2,""$ 80,422"",,D,RB,21,England,Everton,False,"
"Francis Okoronkwo,,$ 773,""$ 40,211"",""$ 9,383"",""$ 49,594"",Inactive,""Sep 20, 2021"",""Jun 30, 2026"",1,""$ 40,211"",,F,CF,20,England,Everton,False,"
"Elijah Campbell,,$ 773,""$ 40,211"",""$ 9,383"",""$ 49,594"",Inactive,""Jul 1, 2020"",""Jun 30, 2027"",2,""$ 80,422"",,D,CB,21,England,Everton,False,"
"Jaden Heskey,,$ 773,""$ 40,211"",""$ 9,383"",""$ 49,594"",Inactive,""Jul 1, 2022"",""Jun 30, 2026"",1,""$ 40,211"",,M,CM,20,England,Manchester City,False,"
"Joel Ndala,,$ 773,""$ 40,211"",""$ 9,383"",""$ 49,594"",Inactive,""Jul 1, 2016"",""Jun 30, 2026"",1,""$ 40,211"",,F,LW,19,England,Manchester City,False,"
"Owen Goodman,,$ 773,""$ 40,211"",""$ 9,383"",""$ 49,594"",Inactive,""Jul 1, 2022"",""Jun 30, 2026"",1,""$ 40,211"",,K,GK,21,England,Crystal Palace,False,"
"Elyh Harrison,,$ 773,""$ 40,211"",""$ 9,383"",""$ 49,594"",Inactive,""Jul 1, 2022"",""Jun 30, 2026"",1,""$ 40,211"",,K,GK,19,England,Manchester United,False,"
"Ethan Ennis,,$ 773,""$ 40,211"",""$ 9,383"",""$ 49,594"",Inactive,""Jul 28, 2021"",""Jun 30, 2026"",1,""$ 40,211"",,F,RW,20,England,Manchester United,False,"
"Ethan Williams,,$ 773,""$ 40,211"",""$ 9,383"",""$ 49,594"",Inactive,""Nov 14, 2019"",""Jun 30, 2028"",3,""$ 120,634"",,F,LW,19,England,Manchester United,False,"
"Habeeb Ogunneye,,$ 773,""$ 40,211"",""$ 9,383"",""$ 49,594"",Inactive,""Jul 1, 2022"",""Jun 30, 2026"",1,""$ 40,211"",,D,RB,19,England,Manchester United,False,"
"Tommy McDermott,,$ 773,""$ 40,211"",""$ 9,383"",""$ 49,594"",Inactive,""Feb 1, 2024"",""Jun 30, 2026"",1,""$ 40,211"",,F,AM,20,England,Burnley,False,"
"Owen Dodgson,,$ 773,""$ 40,211"",""$ 9,383"",""$ 49,594"",Inactive,""Nov 19, 2020"",""Jun 30, 2027"",2,""$ 80,422"",,D,LB,22,England,Burnley,False,"
"Ben Hammond,,$ 773,""$ 40,211"",""$ 9,383"",""$ 49,594"",Inactive,""Jul 1, 2021"",""Jun 30, 2026"",1,""$ 40,211"",,M,CM,21,Wales,Nottingham Forest,False,"
"Detlef Esapa Osong,,$ 773,""$ 40,211"",""$ 9,383"",""$ 49,594"",Inactive,""Jul 1, 2023"",""Jun 30, 2026"",1,""$ 40,211"",,F,CF,20,England,Nottingham Forest,False,"
"Jacob Slater,,$ 773,""$ 40,211"",""$ 9,383"",""$ 49,594"",Inactive,""Jul 29, 2023"",""Jun 30, 2026"",1,""$ 40,211"",,D,LB,20,Ireland,Brighton,False,"
"Ethan Brierley,,$ 773,""$ 40,211"",""$ 9,383"",""$ 49,594"",Inactive,""Jul 1, 2023"",""Jun 30, 2026"",1,""$ 40,211"",,M,CM,21,England,Brentford,False,"
"Ismeal Kabia,,$ 773,""$ 40,211"",""$ 9,383"",""$ 49,594"",Inactive,""Jul 1, 2022"",""Jun 30, 2026"",1,""$ 40,211"",,F,RW,19,Netherlands,Arsenal,False,"
"Charlie Crew,,$ 773,""$ 40,211"",""$ 9,383"",""$ 49,594"",Active,""Jul 1, 2024"",""Jun 30, 2028"",3,""$ 120,634"",,M,DM,19,Wales,Leeds,True,"
"Lyle Foster,,$ 516,""$ 26,807"",""$ 8,042"",""$ 34,850"",Active,""Oct 26, 2023"",""Jun 30, 2028"",3,""$ 80,422"",,F,CF,25,South Africa,Burnley,True,"
"Tony Yogane,,$ 541,""$ 28,148"",""$ 6,702"",""$ 34,850"",Inactive,""Aug 10, 2022"",""Jun 30, 2027"",2,""$ 56,296"",,F,LW,19,England,Brentford,False,"
"Aaron Loupalo-Bi,,$ 541,""$ 28,148"",""$ 6,702"",""$ 34,850"",Inactive,""Jul 1, 2022"",""Jun 30, 2028"",3,""$ 84,444"",,F,CF,20,England,Fulham,False,"
"Mark O'Mahony,,$ 541,""$ 28,148"",""$ 6,702"",""$ 34,850"",Inactive,""Jan 26, 2023"",""Jun 30, 2027"",2,""$ 56,296"",,F,CF,20,Ireland,Brighton,False,"
"Josh Powell,,$ 541,""$ 28,148"",""$ 6,702"",""$ 34,850"",Inactive,""Jul 1, 2023"",""Jun 30, 2026"",1,""$ 28,148"",,D,LB,20,England,Nottingham Forest,False,"
"Devan Tanton,,$ 541,""$ 28,148"",""$ 6,702"",""$ 34,850"",Inactive,""Jan 4, 2021"",""Jun 30, 2026"",1,""$ 28,148"",,D,RB,21,Colombia,Fulham,False,"
"Sonny Aljofree,,$ 541,""$ 28,148"",""$ 6,702"",""$ 34,850"",Inactive,""Jul 1, 2021"",""Jun 30, 2026"",1,""$ 28,148"",,D,CB,20,England,Manchester United,False,"
"Temple Ojinnaka,,$ 541,""$ 28,148"",""$ 6,702"",""$ 34,850"",Inactive,""Jul 1, 2020"",""Jun 30, 2026"",1,""$ 28,148"",,D,CB,21,Italy,Wolverhampton,False,"
"Lewis Orford,,$ 438,""$ 22,786"",""$ 5,361"",""$ 28,148"",Inactive,""Jul 1, 2021"",""Jun 30, 2029"",4,""$ 91,145"",,M,CM,19,England,West Ham,False,"
"Martin Sherif,,$ 438,""$ 22,786"",""$ 5,361"",""$ 28,148"",Inactive,""Jul 1, 2019"",""Jun 30, 2026"",1,""$ 22,786"",,F,CF,19,Netherlands,Everton,False,"
"Hannibal,,$ 438,""$ 22,786"",""$ 5,361"",""$ 28,148"",Active,""Aug 28, 2024"",""Jun 30, 2028"",3,""$ 68,359"",,F,AM,23,Tunisia,Burnley,True,"
"Harry Gray,,$ 361,""$ 18,765"",""$ 5,361"",""$ 24,127"",Inactive,""Jul 1, 2023"",""Jun 30, 2027"",2,""$ 37,530"",,F,CF,17,England,Leeds,False,"
"Trey Samuel-Ogunsuyi,,$ 361,""$ 18,765"",""$ 5,361"",""$ 24,127"",Inactive,""Jul 1, 2023"",""Jun 30, 2028"",3,""$ 56,296"",,F,CF,18,Belgium,Sunderland,False,"
"George Abbott,,$ 361,""$ 18,765"",""$ 5,361"",""$ 24,127"",Inactive,""Jul 1, 2021"",""Jun 30, 2026"",1,""$ 18,765"",,M,DM,20,England,Tottenham,False,"
"Tyrese Hall,,$ 361,""$ 18,765"",""$ 5,361"",""$ 24,127"",Inactive,""Jul 1, 2022"",""Jun 30, 2029"",4,""$ 75,061"",,D,CB,19,England,Tottenham,False,"
"Danny Imray,,$ 284,""$ 14,744"",""$ 4,021"",""$ 18,765"",Inactive,""Feb 3, 2021"",""Jun 30, 2026"",1,""$ 14,744"",,D,RB,22,England,Crystal Palace,False,"
"Luca Stephenson,,$ 284,""$ 14,744"",""$ 4,021"",""$ 18,765"",Inactive,""Sep 1, 2018"",""Jun 30, 2026"",1,""$ 14,744"",,M,DM,21,England,Liverpool,False,"
"Jota Silva,,,,,,Inactive,""Aug 1, 2024"",""Jun 30, 2028"",3,,,F,RW,26,Portugal,Nottingham Forest,False,"
"Joe Gardner,,,,,,Inactive,""Jul 1, 2023"",""Jun 30, 2027"",2,,,F,CF,20,Ireland,Nottingham Forest,False,"
"Jack Thompson,,,,,,Inactive,""Jul 1, 2023"",""Jun 30, 2026"",1,,,D,CB,20,Wales,Nottingham Forest,False,"
"Evan Ferguson,,,,,,Inactive,""Nov 10, 2023"",""Jun 30, 2029"",4,,,F,CF,20,Ireland,Brighton,False,"
"Facundo Buonanotte,,,,,,Inactive,""Aug 10, 2024"",""Jun 30, 2028"",3,,,F,AM,21,Argentina,Brighton,False,"
"James Beadle,,,,,,Inactive,""Jan 13, 2022"",""Jun 30, 2028"",3,,,K,GK,21,England,Brighton,False,"
"Kosta Nedeljkovic,,,,,,Inactive,""Jan 22, 2024"",""Jun 30, 2029"",4,,,D,RB,19,Serbia,Aston Villa,False,"
"Malick Yalcouyé,,,,,,Inactive,""Jul 12, 2024"",""Jun 30, 2029"",4,,,M,LM,19,Cote d'Ivoire,Brighton,False,"
"Aaron Ramsey,,,,,,Inactive,""Aug 22, 2023"",""Jun 30, 2028"",3,,,F,AM,22,England,Burnley,False,"
"Joe Bauress,,,,,,Inactive,""Jul 1, 2021"",""Jun 30, 2026"",1,,,M,CM,19,England,Burnley,False,"
"Toby Collyer,,,,,,Inactive,""Jul 11, 2024"",""Jun 30, 2027"",2,,,M,DM,21,England,Manchester United,False,"
"Sam Waller,,,,,,Inactive,""Jul 1, 2020"",""Jun 30, 2026"",1,,,K,GK,21,England,Burnley,False,"
"Marcus Rashford,,,,,,Inactive,""Jul 18, 2023"",""Jun 30, 2028"",3,,,F,LW,27,England,Manchester United,False,"
"David Datro Fofana,,,,""$ 147,441"",""$ 147,441"",Inactive,""Jan 1, 2023"",""Jun 30, 2029"",4,,,F,CF,22,Cote d'Ivoire,Chelsea,False,"
"Jacob Devaney,,,,,,Inactive,""Jul 1, 2023"",""Jun 30, 2026"",1,,,M,DM,18,Ireland,Manchester United,False,"
"Mikey Moore,,,,,,Inactive,""Jul 1, 2023"",""Jun 30, 2026"",1,,,F,LW,18,England,Tottenham,False,"
"Harry Amass,,,,,,Inactive,""Jul 1, 2024"",""Jun 30, 2027"",2,,,D,LB,18,England,Manchester United,False,"
"Jamaldeen Jimoh-Aloba,,,,,,Inactive,""Aug 26, 2023"",""Jun 30, 2026"",1,,,F,AM,19,England,Aston Villa,False,"
"David Ozoh,,,,,,Inactive,""Jul 1, 2021"",""Jun 30, 2026"",1,,,M,DM,20,England,Crystal Palace,False,"
"Jesurun Rak-Sakyi,,,,""$ 93,826"",""$ 93,826"",Inactive,""Aug 11, 2022"",""Jun 30, 2027"",2,,,F,RW,22,England,Crystal Palace,False,"
"Josh Wilson-Esbrand,,,,,,Inactive,""Jan 1, 2023"",""Jun 30, 2027"",2,,,D,LB,22,England,Manchester City,False,"
"Romain Esse,,,,,,Inactive,""Jan 18, 2025"",""Jun 30, 2030"",5,,,F,RW,20,England,Crystal Palace,False,"
"Jahmai Simpson-Pusey,,,,,,Inactive,""Jul 1, 2022"",""Jun 30, 2026"",1,,,D,CB,19,England,Manchester City,False,"
"Claudio Echeverri,,,,,,Inactive,""Jan 25, 2024"",""Jun 30, 2028"",3,,,F,AM,19,Argentina,Manchester City,False,"
"Isaac Heath,,,,,,Inactive,""Jul 1, 2021"",""Jun 30, 2027"",2,,,F,LW,20,England,Everton,False,"
"Nasser Djiga,,,,,,Inactive,""Feb 3, 2025"",""Jun 30, 2030"",5,,,D,CB,22,Burkina Faso,Wolverhampton,False,"
"Steven Benda,,,,,,Inactive,""Aug 30, 2023"",""Jun 30, 2026"",1,,,K,GK,27,Germany,Fulham,False,"
"Owen Beck,,,,,,Inactive,""Jul 1, 2019"",""Jun 30, 2026"",1,,,D,LB,23,Wales,Liverpool,False,"
"Joe Gelhardt,,,,,,Inactive,""Aug 2, 2022"",""Jun 30, 2027"",2,,,F,CF,23,England,Leeds,False,"
"Lewis Koumas,,,,,,Inactive,""Jul 1, 2022"",""Jun 30, 2026"",1,,,F,LW,19,Wales,Liverpool,False,"
"Konstantinos Tsimikas,,,,,,Inactive,""Sep 25, 2023"",""Jun 30, 2027"",2,,,D,LB,29,Greece,Liverpool,False,"
"Tyler Onyango,,,,,,Inactive,""Jul 1, 2019"",""Jun 30, 2026"",1,,,M,CM,22,England,Everton,False,"
"William Tamen,,,,,,Inactive,""Aug 13, 2024"",""Jun 30, 2027"",2,,,D,CB,19,England,Everton,False,"
"Tommy Doyle,,,,,,Inactive,""Jul 1, 2024"",""Jun 30, 2028"",3,,,M,CM,23,England,Wolverhampton,False,"
"Jack Moorhouse,,,,,,Inactive,""Jul 1, 2022"",""Jun 30, 2026"",1,,,M,CM,19,Ireland,Manchester United,False,"
"Kyrell Wilson,,,,,,Inactive,""Jul 1, 2021"",""Jun 30, 2026"",1,,,F,RW,20,England,Tottenham,False,"
"Harvey Araujo,,,,,,Inactive,""Jul 1, 2020"",""Jun 30, 2027"",2,,,D,CB,20,England,Fulham,False,"
"Jamie Donley,,,,,,Inactive,""Jul 1, 2021"",""Jun 30, 2029"",4,,,F,SS,20,Northern Ireland,Tottenham,False,"
"Edson Álvarez,,,,,,Inactive,""Aug 10, 2023"",""Jun 30, 2028"",3,,,M,DM,27,Mexico,West Ham,False,"
"Louie Copley,,,,,,Inactive,""Jul 30, 2019"",""Jun 30, 2026"",1,,,M,CM,19,England,Arsenal,False,"
"Damola Ajayi,,,,,,Inactive,""Jul 1, 2022"",""Jun 30, 2028"",3,,,F,RW,19,England,Tottenham,False,"
"Alfie Dorrington,,,,,,Inactive,""Jul 1, 2021"",""Jun 30, 2029"",4,,,D,CB,20,England,Tottenham,False,"
"Alfie Devine,,,,,,Inactive,""Jul 1, 2024"",""Jun 30, 2027"",2,,,F,AM,20,England,Tottenham,False,"
"Gideon Kodua,,,,,,Inactive,""Jul 1, 2021"",""Jun 30, 2026"",1,,,F,CF,20,England,West Ham,False,"
"Matthew Young,,,,,,Inactive,""Jul 1, 2022"",""Jun 30, 2028"",3,,,K,GK,18,England,Sunderland,False,"
"Junior Robinson,,,,,,Inactive,""Jul 1, 2020"",""Jun 30, 2026"",1,,,D,RB,21,England,West Ham,False,"
"Kaelan Casey,,,,,,Inactive,""Aug 15, 2023"",""Jun 30, 2026"",1,,,D,CB,20,England,West Ham,False,"
"Ryan Trevitt,,,,,,Inactive,""Jul 14, 2023"",""Jun 30, 2026"",1,,,M,CM,22,England,Brentford,False,"
"Carl Rushworth,,,,,,Inactive,""Jul 31, 2023"",""Jun 30, 2027"",2,,,K,GK,23,England,Brighton,False,"
"Eiran Cashin,,,,,,Inactive,""Jan 31, 2025"",""Jun 30, 2030"",5,,,D,CB,23,Ireland,Brighton,False,"
"Kyle McAdam,,,,,,Inactive,""Jul 1, 2021"",""Jun 30, 2027"",2,,,M,LM,20,England,Nottingham Forest,False,"
