PlayerID,PlayerNorm,ClubID,Temporada,Player,Age,Country,Position
1,aaron anselmino,33,2024-2025,Aaron Anselmino,19.0,ar ARG,DF
2,aaron anselmino,123,2025-2026,Aarón Anselmino,20.0,Argentina,D
3,aaron ciammaglichella,99,2022-2023,Aaron Ciammaglichella,17.0,it ITA,MF
4,aaron ciammaglichella,99,2023-2024,Aaron Ciammaglichella,18.0,it ITA,MF
5,aaron ciammaglichella,99,2024-2025,Aaron Ciammaglichella,19.0,it ITA,MF
6,aaron cresswell,50,2022-2023,Aaron Cresswell,32.0,eng ENG,DF
7,aaron cresswell,50,2023-2024,Aaron Cresswell,33.0,eng ENG,DF
8,aaron cresswell,50,2024-2025,Aaron Cresswell,34.0,eng ENG,DF
9,aaron escandell,13,2023-2024,Aarón Escandell,27.0,es ESP,GK
10,aaron escandell,21,2025-2026,Aarón Escandell,30.0,Spain,K
11,aaron hickey,30,2022-2023,Aaron Hickey,20.0,sct SCO,DF
12,aaron hickey,30,2023-2024,Aaron Hickey,21.0,sct SCO,"DF,MF"
13,aaron hickey,30,2024-2025,Aaron Hickey,22.0,sct SCO,"DF,MF"
14,aaron hickey,30,2025-2026,Aaron Hickey,23.0,Scotland,D
15,aaron loupalo-bi,36,2025-2026,Aaron Loupalo-Bi,20.0,England,F
16,aaron malouda,109,2023-2024,Aaron Malouda,17.0,fr FRA,FW
17,aaron malouda,109,2024-2025,Aaron Malouda,18.0,fr FRA,FW
18,aaron martin,66,2022-2023,Aarón Martín,25.0,es ESP,"MF,DF"
19,aaron martin,84,2023-2024,Aarón Martín,26.0,es ESP,"MF,DF"
20,aaron martin,84,2024-2025,Aarón Martín,27.0,es ESP,"DF,MF"
21,aaron martin,84,2025-2026,Aarón Martín,28.0,Spain,D
22,aaron ramsdale,27,2022-2023,Aaron Ramsdale,24.0,eng ENG,GK
23,aaron ramsdale,27,2023-2024,Aaron Ramsdale,25.0,eng ENG,GK
24,aaron ramsdale,27,2024-2025,Aaron Ramsdale,26.0,eng ENG,GK
25,aaron ramsdale,44,2025-2026,Aaron Ramsdale,27.0,England,K
26,aaron ramsdale,47,2024-2025,Aaron Ramsdale,26.0,eng ENG,GK
27,aaron ramsey,32,2023-2024,Aaron Ramsey,20.0,eng ENG,MF
28,aaron ramsey,87,2022-2023,Aaron Ramsey,31.0,Wales,M
29,aaron ramsey,117,2022-2023,Aaron Ramsey,31.0,wls WAL,MF
30,aaron seydel,57,2023-2024,Aaron Seydel,27.0,de GER,FW
31,aaron wan-bissaka,43,2022-2023,Aaron Wan-Bissaka,24.0,cd COD,DF
32,aaron wan-bissaka,43,2023-2024,Aaron Wan-Bissaka,25.0,cd COD,DF
33,aaron wan-bissaka,50,2024-2025,Aaron Wan-Bissaka,26.0,cd COD,"DF,MF"
34,aaron wan-bissaka,50,2025-2026,Aaron Wan-Bissaka,28.0,Democratic Republic of the Congo,D
35,aaron zehnter,52,2022-2023,Aaron Zehnter,17.0,de GER,MF
36,aaron zehnter,74,2025-2026,Aaron Zehnter,21.0,Germany,D
37,abakar sylla,116,2025-2026,Abakar Sylla,23.0,Cote d'Ivoire,D
38,abakar sylla,123,2023-2024,Abakar Sylla,20.0,ci CIV,DF
39,abakar sylla,123,2024-2025,Abakar Sylla,21.0,ci CIV,DF
40,abakar sylla,123,2025-2026,Abakar Sylla,23.0,Cote d'Ivoire,D
41,abdallah sima,103,2022-2023,Abdallah Sima,21.0,sn SEN,FW
42,abdallah sima,105,2024-2025,Abdallah Sima,23.0,sn SEN,"FW,MF"
43,abdallah sima,108,2025-2026,Abdallah Sima,24.0,Senegal,F
44,abde ezzalzouli,5,2023-2024,Abde Ezzalzouli,21.0,ma MAR,"FW,MF"
45,abde ezzalzouli,17,2022-2023,Abde Ezzalzouli,20.0,ma MAR,"FW,MF"
46,abde ezzalzouli,19,2023-2024,Abde Ezzalzouli,21.0,ma MAR,MF
47,abde ezzalzouli,19,2024-2025,Abde Ezzalzouli,22.0,ma MAR,MF
48,abde ezzalzouli,19,2025-2026,Abde Ezzalzouli,24.0,Morocco,F
49,abde raihani,4,2023-2024,Abde Raihani,,,
50,abde rebbach,1,2023-2024,Abde Rebbach,24.0,dz ALG,MF
51,abde rebbach,1,2024-2025,Abde Rebbach,25.0,dz ALG,"MF,FW"
52,abde rebbach,1,2025-2026,Abde Rebbach,27.0,Algeria,F
53,abdel abqar,1,2023-2024,Abdel Abqar,24.0,ma MAR,DF
54,abdel abqar,1,2024-2025,Abdel Abqar,25.0,ma MAR,DF
55,abdel abqar,10,2025-2026,Abdel Abqar,26.0,Morocco,D
56,abdelhamid ait boudlal,121,2025-2026,Abdelhamid Ait Boudlal,19.0,Morocco,D
57,abdelhamid sabiri,82,2023-2024,Abdelhamid Sabiri,26.0,ma MAR,MF
58,abdelhamid sabiri,82,2025-2026,Abdelhamid Sabiri,29.0,Morocco,F
59,abdelhamid sabiri,96,2022-2023,Abdelhamid Sabiri,25.0,ma MAR,MF
60,abdellah baallal,106,2023-2024,Abdellah Baallal,18.0,ma MAR,MF
61,abdellah raihani,4,2022-2023,Abdellah Raihani,18.0,ma MAR,FW
62,abdellah raihani,4,2023-2024,Abdellah Raihani,19.0,ma MAR,FW
63,abdenego nankishi,73,2024-2025,Abdenego Nankishi,22.0,de GER,FW
64,abdon prats,16,2022-2023,Abdón Prats,29.0,es ESP,FW
65,abdon prats,16,2023-2024,Abdón Prats,30.0,es ESP,FW
66,abdon prats,16,2024-2025,Abdón Prats,31.0,es ESP,"FW,MF"
67,abdon prats,16,2025-2026,Abdón Prats,33.0,Spain,F
68,abdou diallo,68,2022-2023,Abdou Diallo,26.0,sn SEN,"DF,MF"
69,abdou harroui,83,2023-2024,Abdou Harroui,25.0,nl NED,MF
70,abdou harroui,85,2024-2025,Abdou Harroui,26.0,nl NED,"MF,FW"
71,abdou harroui,85,2025-2026,Abdou Harroui,28.0,Morocco,M
72,abdou harroui,97,2022-2023,Abdou Harroui,24.0,nl NED,MF
73,abdoul coulibaly,73,2024-2025,Abdoul Coulibaly,17.0,de GER,DF
74,abdoul kader bamba,116,2022-2023,Abdoul Kader Bamba,28.0,fr FRA,MF
75,abdoul kader bamba,116,2023-2024,Abdoul Kader Bamba,29.0,fr FRA,MF
76,abdoul kone,120,2023-2024,Abdoul Koné,18.0,fr FRA,DF
77,abdoul kone,120,2024-2025,Abdoul Koné,19.0,fr FRA,DF
78,abdoul ouattara,123,2024-2025,Abdoul Ouattara,18.0,fr FRA,"MF,FW"
79,abdoul ouattara,123,2025-2026,Abdoul Ouattara,20.0,Cote d'Ivoire,F
80,abdoulaye bamba,103,2022-2023,Abdoulaye Bamba,32.0,ci CIV,DF
81,abdoulaye bamba,103,2024-2025,Abdoulaye Bamba,34.0,ci CIV,DF
82,abdoulaye bamba,103,2025-2026,Abdoulaye Bamba,35.0,Cote d'Ivoire,D
83,abdoulaye camara,100,2025-2026,Abdoulaye Camara,17.0,France,M
84,abdoulaye doucoure,35,2022-2023,Abdoulaye Doucouré,29.0,ml MLI,MF
85,abdoulaye doucoure,35,2023-2024,Abdoulaye Doucouré,30.0,ml MLI,MF
86,abdoulaye doucoure,35,2024-2025,Abdoulaye Doucouré,31.0,ml MLI,MF
87,abdoulaye faye,110,2025-2026,Abdoulaye Faye,21.0,Senegal,D
88,abdoulaye kamara,56,2022-2023,Abdoulaye Kamara,17.0,gn GUI,MF
89,abdoulaye kamara,56,2023-2024,Abdoulaye Kamara,19.0,France,M
90,abdoulaye keita,10,2024-2025,Abdoulaye Keita,21.0,es ESP,MF
91,abdoulaye ndiaye,92,2025-2026,Abdoulaye Ndiaye,23.0,Senegal,D
92,abdoulaye ndiaye,105,2024-2025,Abdoulaye Ndiaye,22.0,Senegal,D
93,abdoulaye niakhate ndiaye,105,2024-2025,Abdoulaye Niakhate Ndiaye,22.0,sn SEN,DF
94,abdoulaye toure,107,2023-2024,Abdoulaye Touré,29.0,gn GUI,MF
95,abdoulaye toure,107,2024-2025,Abdoulaye Touré,30.0,gn GUI,MF
96,abdoulaye toure,107,2025-2026,Abdoulaye Touré,31.0,Guinea,M
97,abdoulie ceesay,70,2024-2025,Abdoulie Ceesay,20.0,gm GAM,FW
98,abdoulie ceesay,70,2025-2026,Abdoulie Ceesay,22.0,The Gambia,F
99,abdoullah ba,48,2025-2026,Abdoullah Ba,22.0,France,M
100,abdu conte,125,2022-2023,Abdu Conté,24.0,pt POR,"DF,MF"
101,abdukodir khusanov,42,2024-2025,Abdukodir Khusanov,20.0,uz UZB,DF
102,abdukodir khusanov,42,2025-2026,Abdukodir Khusanov,21.0,Uzbekistan,D
103,abdukodir khusanov,108,2023-2024,Abdukodir Khusanov,19.0,uz UZB,DF
104,abdukodir khusanov,108,2024-2025,Abdukodir Khusanov,20.0,uz UZB,DF
105,abdul fatawu,39,2024-2025,Abdul Fatawu,,,
106,abdul fatawu issahaku,39,2024-2025,Abdul Fatawu Issahaku,20.0,gh GHA,"MF,FW"
107,abdul mumin,18,2022-2023,Abdul Mumin,24.0,gh GHA,DF
108,abdul mumin,18,2023-2024,Abdul Mumin,25.0,gh GHA,DF
109,abdul mumin,18,2024-2025,Abdul Mumin,26.0,gh GHA,DF
110,abdul mumin,18,2025-2026,Abdul Mumin,27.0,Ghana,D
111,abdulai juma bah,23,2024-2025,Abdulai Juma Bah,18.0,sl SLE,DF
112,abdulai juma bah,108,2024-2025,Abdulai Juma Bah,18.0,sl SLE,DF
113,abel bretones,17,2024-2025,Abel Bretones,23.0,es ESP,"DF,MF"
114,abel bretones,17,2025-2026,Abel Bretones,25.0,Spain,D
115,abel ruiz,11,2024-2025,Abel Ruiz,24.0,es ESP,FW
116,abel ruiz,11,2025-2026,Abel Ruiz,26.0,Spain,F
117,ablie jallow,113,2023-2024,Ablie Jallow,24.0,gm GAM,"MF,FW"
118,abner,19,2022-2023,Abner,22.0,br BRA,DF
119,abner,19,2023-2024,Abner,23.0,br BRA,DF
120,abner,111,2024-2025,Abner,24.0,br BRA,"DF,MF"
121,abner,111,2025-2026,Abner,25.0,Brazil,D
122,abner vinicius,19,2022-2023,Abner Vinícius,,,
123,abner vinicius,19,2023-2024,Abner Vinícius,,,
124,abner vinicius,111,2024-2025,Abner Vinícius,,,
125,abou lo,113,2023-2024,Abou Lô,23.0,sn SEN,"MF,DF"
126,aboubacar ali,123,2023-2024,Aboubacar Ali,17.0,km COM,FW
127,aboubacar ali abdallah,123,2023-2024,Aboubacar Ali Abdallah,,,
128,aboubacar bassinga,13,2024-2025,Aboubacar Bassinga,19.0,ci CIV,MF
129,aboubacar lo,113,2023-2024,Aboubacar Lô,24.0,Senegal,D
130,aboubakar nagida,121,2023-2024,Aboubakar Nagida,,,
131,aboubakar nagida,121,2024-2025,Aboubakar Nagida,,,
132,abraham rando,26,2023-2024,Abraham Rando,22.0,es ESP,DF
133,abu francis,124,2025-2026,Abu Francis,24.0,Ghana,M
134,abu kamara,10,2025-2026,Abu Kamara,22.0,England,F
135,achraf dari,105,2022-2023,Achraf Dari,23.0,ma MAR,DF
136,achraf dari,105,2023-2024,Achraf Dari,24.0,ma MAR,DF
137,achraf hakimi,119,2022-2023,Achraf Hakimi,23.0,ma MAR,"MF,DF"
138,achraf hakimi,119,2023-2024,Achraf Hakimi,24.0,ma MAR,"DF,MF"
139,achraf hakimi,119,2024-2025,Achraf Hakimi,25.0,ma MAR,DF
140,achraf hakimi,119,2025-2026,Achraf Hakimi,27.0,Morocco,D
141,achraf laaziri,111,2025-2026,Achraf Laâziri,22.0,Morocco,D
142,adam armstrong,47,2022-2023,Adam Armstrong,25.0,eng ENG,"MF,FW"
143,adam armstrong,47,2024-2025,Adam Armstrong,27.0,eng ENG,"FW,MF"
144,adam armstrong,51,2025-2026,Adam Armstrong,28.0,England,F
145,adam aznou,23,2024-2025,Adam Aznou,18.0,ma MAR,"DF,MF"
146,adam aznou,35,2025-2026,Adam Aznou,19.0,Morocco,D
147,adam aznou,54,2023-2024,Adam Aznou,17.0,ma MAR,DF
148,adam aznou,54,2024-2025,Adam Aznou,18.0,ma MAR,DF
149,adam boayar,8,2025-2026,Adam Boayar,20.0,Morocco,F
150,adam buksa,100,2025-2026,Adam Buksa,29.0,Poland,F
151,adam buksa,108,2022-2023,Adam Buksa,26.0,pl POL,FW
152,adam daghim,74,2025-2026,Adam Daghim,20.0,Denmark,F
153,adam davies,46,2023-2024,Adam Davies,31.0,wls WAL,GK
154,adam dzwigaa,70,2024-2025,Adam Dźwigała,28.0,pl POL,DF
155,adam dzwigala,70,2024-2025,Adam Dzwigala,29.0,Poland,D
156,adam dzwigala,70,2025-2026,Adam Dzwigala,30.0,Poland,D
157,adam forshaw,38,2022-2023,Adam Forshaw,30.0,eng ENG,MF
158,adam hlozek,53,2022-2023,Adam Hlozek,20.0,cz CZE,"FW,MF"
159,adam hlozek,53,2023-2024,Adam Hlozek,21.0,cz CZE,"MF,FW"
160,adam hlozek,63,2024-2025,Adam Hlozek,22.0,cz CZE,"FW,MF"
161,adam hlozek,63,2025-2026,Adam Hlozek,23.0,Czech Republic,F
162,adam jakubech,109,2022-2023,Adam Jakubech,26.0,Slovakia,K
163,adam jakubech,109,2023-2024,Adam Jakubech,27.0,Slovakia,K
164,adam karabec,111,2025-2026,Adam Karabec,22.0,Czech Republic,F
165,adam kolle,61,2025-2026,Adam Kölle,19.0,Germany,D
166,adam lallana,31,2022-2023,Adam Lallana,34.0,eng ENG,MF
167,adam lallana,31,2023-2024,Adam Lallana,35.0,eng ENG,MF
168,adam lallana,47,2024-2025,Adam Lallana,36.0,eng ENG,MF
169,adam marusic,88,2022-2023,Adam Marusic,29.0,me MNE,DF
170,adam marusic,88,2023-2024,Adam Marusic,30.0,me MNE,"DF,MF"
171,adam marusic,88,2024-2025,Adam Marusic,31.0,me MNE,DF
172,adam marusic,88,2025-2026,Adam Marusic,33.0,Montenegro,D
173,adam masina,99,2023-2024,Adam Masina,29.0,ma MAR,DF
174,adam masina,99,2024-2025,Adam Masina,30.0,ma MAR,DF
175,adam masina,100,2022-2023,Adam Masina,28.0,ma MAR,"DF,MF"
176,adam masina,100,2023-2024,Adam Masina,29.0,ma MAR,MF
177,adam obert,78,2023-2024,Adam Obert,20.0,sk SVK,DF
178,adam obert,78,2024-2025,Adam Obert,21.0,sk SVK,"DF,MF"
179,adam obert,78,2025-2026,Adam Obert,23.0,Slovakia,D
180,adam ounas,91,2022-2023,Adam Ounas,25.0,dz ALG,"FW,MF"
181,adam ounas,109,2022-2023,Adam Ounas,25.0,dz ALG,MF
182,adam ounas,109,2023-2024,Adam Ounas,26.0,dz ALG,MF
183,adam smith,29,2022-2023,Adam Smith,31.0,eng ENG,DF
184,adam smith,29,2023-2024,Adam Smith,32.0,eng ENG,DF
185,adam smith,29,2024-2025,Adam Smith,33.0,eng ENG,DF
186,adam smith,29,2025-2026,Adam Smith,34.0,England,D
187,adam webster,31,2022-2023,Adam Webster,27.0,eng ENG,DF
188,adam webster,31,2023-2024,Adam Webster,28.0,eng ENG,DF
189,adam webster,31,2024-2025,Adam Webster,29.0,eng ENG,DF
190,adam webster,31,2025-2026,Adam Webster,31.0,England,D
191,adam wharton,34,2023-2024,Adam Wharton,19.0,eng ENG,MF
192,adam wharton,34,2024-2025,Adam Wharton,20.0,eng ENG,MF
193,adam wharton,34,2025-2026,Adam Wharton,21.0,England,M
194,adama boiro,3,2024-2025,Adama Boiro,22.0,es ESP,DF
195,adama boiro,3,2025-2026,Adama Boiro,23.0,Spain,D
196,adama bojang,120,2023-2024,Adama Bojang,19.0,gm GAM,FW
197,adama camara,118,2025-2026,Adama Camara,29.0,France,M
198,adama soumaoro,77,2022-2023,Adama Soumaoro,30.0,fr FRA,DF
199,adama soumaoro,77,2023-2024,Adama Soumaoro,31.0,fr FRA,DF
200,adama traore,36,2023-2024,Adama Traoré,27.0,es ESP,MF
201,adama traore,36,2024-2025,Adama Traoré,28.0,es ESP,MF
202,adama traore,50,2025-2026,Adama Traoré,30.0,Spain,F
203,adama traore,51,2022-2023,Adama Traoré,26.0,es ESP,"MF,FW"
204,adel mahamoud,116,2023-2024,Adel Mahamoud,20.0,km COM,FW
205,adel mahamoud,116,2025-2026,Adel Mahamoud,23.0,Comoros,F
206,ademola lookman,4,2025-2026,Ademola Lookman,28.0,Nigeria,F
207,ademola lookman,76,2022-2023,Ademola Lookman,24.0,ng NGA,"FW,MF"
208,ademola lookman,76,2023-2024,Ademola Lookman,25.0,ng NGA,"FW,MF"
209,ademola lookman,76,2024-2025,Ademola Lookman,26.0,ng NGA,"MF,FW"
210,ademola ola-adebomi,34,2023-2024,Ademola Ola-Adebomi,19.0,eng ENG,FW
211,adil aouchiche,110,2022-2023,Adil Aouchiche,20.0,dz ALG,MF
212,adil rami,125,2022-2023,Adil Rami,36.0,fr FRA,DF
213,adnan januzaj,13,2024-2025,Adnan Januzaj,29.0,be BEL,"MF,FW"
214,adnan januzaj,24,2022-2023,Adnan Januzaj,27.0,be BEL,MF
215,adnan januzaj,24,2023-2024,Adnan Januzaj,28.0,be BEL,"FW,MF"
216,adnan januzaj,24,2024-2025,Adnan Januzaj,30.0,Belgium,F
217,adnan januzaj,24,2025-2026,Adnan Januzaj,30.0,Belgium,F
218,ado onaiwu,104,2024-2025,Ado Onaiwu,28.0,jp JPN,"MF,FW"
219,ado onaiwu,124,2022-2023,Ado Onaiwu,26.0,jp JPN,"FW,MF"
220,adolfo gaich,85,2022-2023,Adolfo Gaich,23.0,ar ARG,FW
221,adri bosch,12,2023-2024,Adri Bosch,22.0,es ESP,DF
222,adri embarba,2,2022-2023,Adri Embarba,30.0,es ESP,"FW,MF"
223,adri embarba,2,2023-2024,Adri Embarba,31.0,es ESP,"MF,FW"
224,adri embarba,9,2022-2023,Adri Embarba,30.0,es ESP,"FW,MF"
225,adri embarba,18,2024-2025,Adri Embarba,32.0,es ESP,"MF,FW"
226,adria alti,14,2024-2025,Adrià Alti,,,
227,adria alti,26,2023-2024,Adrià Alti,,,
228,adria altimira,14,2024-2025,Adrià Altimira,23.0,es ESP,"DF,MF"
229,adria altimira,26,2023-2024,Adrià Altimira,22.0,es ESP,"DF,MF"
230,adria pedrosa,8,2025-2026,Adrià Pedrosa,27.0,Spain,D
231,adria pedrosa,9,2022-2023,Adrià Pedrosa,24.0,es ESP,DF
232,adria pedrosa,24,2023-2024,Adrià Pedrosa,25.0,es ESP,"DF,MF"
233,adria pedrosa,24,2024-2025,Adrià Pedrosa,26.0,es ESP,DF
234,adrian,19,2024-2025,Adrián,37.0,es ESP,GK
235,adrian,19,2025-2026,Adrián,39.0,Spain,K
236,adrian,40,2022-2023,Adrián,35.0,es ESP,GK
237,adrian,40,2023-2024,Adrián,36.0,es ESP,GK
238,adrian arnu,23,2024-2025,Adrián Arnu,,,
239,adrian baquerin,23,2024-2025,Adrian Baquerin,17.0,es ESP,FW
240,adrian beck,61,2023-2024,Adrian Beck,26.0,de GER,MF
241,adrian beck,61,2024-2025,Adrian Beck,27.0,de GER,"MF,FW"
242,adrian beck,61,2025-2026,Adrian Beck,28.0,Germany,F
243,adrian beckfc,61,2023-2024,Adrian BeckFC,,,
244,adrian beckfc,61,2024-2025,Adrian BeckFC,,,
245,adrian benedyczak,92,2024-2025,Adrian Benedyczak,23.0,pl POL,MF
246,adrian bernabe,92,2024-2025,Adrián Bernabé,23.0,es ESP,MF
247,adrian bernabe,92,2025-2026,Adrián Bernabé,24.0,Spain,M
248,adrian cannavaro,97,2022-2023,Adrian Cannavaro,18.0,it ITA,DF
249,adrian corral,4,2022-2023,Adrián Corral,19.0,es ESP,DF
250,adrian de la fuente,15,2025-2026,Adrián de la Fuente,26.0,Spain,D
251,adrian embarba,2,2022-2023,Adrián Embarba,30.0,Spain,F
252,adrian embarba,2,2023-2024,Adrián Embarba,31.0,Spain,F
253,adrian embarba,18,2024-2025,Adrián Embarba,32.0,Spain,F
254,adrian grbic,110,2022-2023,Adrian Grbic,25.0,at AUT,"FW,MF"
255,adrian grbic,110,2023-2024,Adrian Grbic,26.0,at AUT,"FW,MF"
256,adrian lahdo,79,2025-2026,Adrian Lahdo,18.0,Sweden,M
257,adrian liso,10,2025-2026,Adrián Liso,20.0,Spain,F
258,adrian lopez,12,2023-2024,Adrián López,24.0,es ESP,GK
259,adrian nino,4,2023-2024,Adrian Niño,19.0,es ESP,FW
260,adrian nino,4,2024-2025,Adrián Niño,20.0,es ESP,FW
261,adrian pica,1,2024-2025,Adrián Pica,22.0,Spain,D
262,adrian przyborek,88,2025-2026,Adrian Przyborek,19.0,Poland,F
263,adrian rodriguez,1,2023-2024,Adrian Rodriguez,22.0,es ESP,GK
264,adrian rodriguez,1,2024-2025,Adrián Rodríguez,23.0,es ESP,GK
265,adrian rodriguez,23,2024-2025,Adrián Rodriguez,21.0,es ESP,DF
266,adrian semper,93,2025-2026,Adrian Semper,28.0,Croatia,K
267,adrien hunou,103,2022-2023,Adrien Hunou,28.0,fr FRA,"MF,FW"
268,adrien hunou,103,2024-2025,Adrien Hunou,31.0,France,F
269,adrien lebeau,105,2023-2024,Adrien Lebeau,24.0,fr FRA,MF
270,adrien louveau,108,2022-2023,Adrien Louveau,23.0,France,D
271,adrien rabiot,75,2025-2026,Adrien Rabiot,30.0,France,M
272,adrien rabiot,87,2022-2023,Adrien Rabiot,27.0,fr FRA,MF
273,adrien rabiot,87,2023-2024,Adrien Rabiot,28.0,fr FRA,MF
274,adrien rabiot,112,2024-2025,Adrien Rabiot,29.0,fr FRA,MF
275,adrien tameze,85,2022-2023,Adrien Tamèze,28.0,cm CMR,MF
276,adrien tameze,99,2023-2024,Adrien Tamèze,29.0,cm CMR,"DF,MF"
277,adrien tameze,99,2024-2025,Adrien Tamèze,30.0,cm CMR,"MF,DF"
278,adrien tameze,99,2025-2026,Adrien Tamèze,32.0,France,M
279,adrien thomasson,108,2022-2023,Adrien Thomasson,28.0,fr FRA,"MF,FW"
280,adrien thomasson,108,2023-2024,Adrien Thomasson,29.0,fr FRA,MF
281,adrien thomasson,108,2024-2025,Adrien Thomasson,30.0,fr FRA,MF
282,adrien thomasson,108,2025-2026,Adrien Thomasson,32.0,France,M
283,adrien thomasson,123,2022-2023,Adrien Thomasson,28.0,fr FRA,"MF,FW"
284,adrien truffert,29,2025-2026,Adrien Truffert,24.0,France,D
285,adrien truffert,121,2022-2023,Adrien Truffert,20.0,fr FRA,DF
286,adrien truffert,121,2023-2024,Adrien Truffert,21.0,fr FRA,"DF,MF"
287,adrien truffert,121,2024-2025,Adrien Truffert,22.0,fr FRA,"MF,DF"
288,adryelson,111,2023-2024,Adryelson,25.0,br BRA,DF
289,adryelson,111,2024-2025,Adryelson,26.0,br BRA,DF
290,adson,116,2023-2024,Adson,22.0,br BRA,MF
291,adu ares,3,2022-2023,Adu Ares,20.0,es ESP,MF
292,adu ares,3,2023-2024,Adu Ares,21.0,es ESP,MF
293,adu ares,3,2024-2025,Adu Ares,22.0,es ESP,MF
294,afonso moreira,111,2025-2026,Afonso Moreira,20.0,Portugal,F
295,agon elezi,55,2023-2024,Agon Elezi,22.0,mk MKD,MF
296,agon elezi,55,2024-2025,Agon Elezi,23.0,mk MKD,MF
297,agustin albarracin,78,2025-2026,Agustín Albarracín,20.0,Uruguay,F
298,agustin alvarez,97,2022-2023,Agustín Álvarez,21.0,uy URU,FW
299,agustin alvarez,97,2023-2024,Agustín Álvarez,22.0,uy URU,FW
300,agustin marchesin,7,2022-2023,Agustín Marchesín,34.0,ar ARG,GK
301,agustin marchesin,7,2023-2024,Agustín Marchesín,35.0,ar ARG,GK
302,agustin martegani,95,2023-2024,Agustín Martegani,23.0,ar ARG,MF
303,agustin rogel,62,2022-2023,Agustín Rogel,24.0,uy URU,DF
304,ahmed abdullahi,48,2025-2026,Ahmed Abdullahi,21.0,Nigeria,F
305,ahmed hassan,107,2024-2025,Ahmed Hassan,31.0,Egypt,F
306,ahmed touba,89,2023-2024,Ahmed Touba,25.0,dz ALG,DF
307,aidan borland,28,2025-2026,Aidan Borland,18.0,Scotland,M
308,aidan francis,41,2023-2024,Aidan Francis,19.0,eng ENG,DF
309,aiham ousou,6,2023-2024,Aiham Ousou,23.0,sy SYR,DF
310,aihen munoz,22,2022-2023,Aihen Muñoz,24.0,es ESP,DF
311,aihen munoz,22,2023-2024,Aihen Muñoz,25.0,es ESP,DF
312,aihen munoz,22,2024-2025,Aihen Muñoz,26.0,es ESP,DF
313,aihen munoz,22,2025-2026,Aihen Muñoz,28.0,Spain,D
314,aiman maurer,106,2022-2023,Aiman Maurer,17.0,ma MAR,MF
315,aiman maurer,106,2023-2024,Aiman Maurer,18.0,ma MAR,MF
316,aimar oroz,17,2022-2023,Aimar Oroz,20.0,es ESP,"MF,FW"
317,aimar oroz,17,2023-2024,Aimar Oroz,21.0,es ESP,MF
318,aimar oroz,17,2024-2025,Aimar Oroz,22.0,es ESP,MF
319,aimar oroz,17,2025-2026,Aimar Oroz,24.0,Spain,F
320,aimar sher,98,2022-2023,Aimar Sher,19.0,iq IRQ,MF
321,aimen moueffek,122,2024-2025,Aïmen Moueffek,23.0,fr FRA,MF
322,aingeru olabarrieta,3,2023-2024,Aingeru Olabarrieta,17.0,es ESP,FW
323,aingeru olabarrieta,3,2024-2025,Aingeru Olabarrieta,18.0,es ESP,MF
324,ainsley maitland-niles,47,2022-2023,Ainsley Maitland-Niles,24.0,eng ENG,"DF,MF"
325,ainsley maitland-niles,111,2023-2024,Ainsley Maitland-Niles,25.0,eng ENG,"DF,MF"
326,ainsley maitland-niles,111,2024-2025,Ainsley Maitland-Niles,26.0,eng ENG,"DF,MF"
327,ainsley maitland-niles,111,2025-2026,Ainsley Maitland-Niles,28.0,England,D
328,aissa laidouni,72,2022-2023,Aïssa Laïdouni,25.0,tn TUN,MF
329,aissa laidouni,72,2023-2024,Aïssa Laïdouni,26.0,tn TUN,MF
330,aissa mandi,26,2022-2023,Aïssa Mandi,30.0,dz ALG,DF
331,aissa mandi,26,2023-2024,Aïssa Mandi,31.0,dz ALG,DF
332,aissa mandi,109,2024-2025,Aïssa Mandi,32.0,dz ALG,DF
333,aissa mandi,109,2025-2026,Aïssa Mandi,34.0,Algeria,D
334,aitor fernandez,17,2022-2023,Aitor Fernández,31.0,es ESP,GK
335,aitor fernandez,17,2023-2024,Aitor Fernández,32.0,es ESP,GK
336,aitor fernandez,17,2024-2025,Aitor Fernández,33.0,es ESP,GK
337,aitor fernandez,17,2025-2026,Aitor Fernández,34.0,Spain,K
338,aitor fraga,22,2023-2024,Aitor Fraga,20.0,es ESP,GK
339,aitor fraga,22,2024-2025,Aitor Fraga,21.0,es ESP,GK
340,aitor gismera,4,2022-2023,Aitor Gismera,18.0,es ESP,MF
341,aitor gismera,4,2023-2024,Aitor Gismera,19.0,es ESP,MF
342,aitor gismera,4,2024-2025,Aitor Gismera,20.0,es ESP,MF
343,aitor manas,1,2025-2026,Aitor Mañas,23.0,Spain,F
344,aitor paredes,3,2022-2023,Aitor Paredes,22.0,es ESP,DF
345,aitor paredes,3,2023-2024,Aitor Paredes,23.0,es ESP,DF
346,aitor paredes,3,2024-2025,Aitor Paredes,24.0,es ESP,DF
347,aitor paredes,3,2025-2026,Aitor Paredes,25.0,Spain,D
348,aitor ruibal,19,2022-2023,Aitor Ruibal,26.0,es ESP,"DF,MF"
349,aitor ruibal,19,2023-2024,Aitor Ruibal,27.0,es ESP,"DF,MF"
350,aitor ruibal,19,2024-2025,Aitor Ruibal,28.0,es ESP,"DF,FW"
351,aitor ruibal,19,2025-2026,Aitor Ruibal,29.0,Spain,F
352,aiyegun tosin,110,2023-2024,Aiyegun Tosin,25.0,Benin,F
353,aiyegun tosin,110,2025-2026,Aiyegun Tosin,27.0,Benin,F
354,ajdin hrustic,85,2022-2023,Ajdin Hrustic,26.0,au AUS,MF
355,aji alese,48,2025-2026,Aji Alese,24.0,England,D
356,akim zedadka,104,2022-2023,Akim Zedadka,27.0,dz ALG,"MF,DF"
357,akim zedadka,109,2022-2023,Akim Zedadka,27.0,dz ALG,"DF,MF"
358,akor adams,24,2024-2025,Akor Adams,24.0,ng NGA,FW
359,akor adams,24,2025-2026,Akor Adams,26.0,Nigeria,F
360,akor adams,115,2023-2024,Akor Adams,23.0,ng NGA,FW
361,akor adams,115,2024-2025,Akor Adams,24.0,ng NGA,FW
362,al musrati,85,2025-2026,Al Musrati,29.0,Libya,M
363,al musrati,114,2024-2025,Al Musrati,28.0,Libya,M
364,al-musrati,114,2024-2025,Al-Musrati,28.0,ly LBY,MF
365,alaa bellaarouch,123,2023-2024,Alaa Bellaarouch,21.0,ma MAR,GK
366,alaa bellaarouch,123,2024-2025,Alaa Bellaarouch,23.0,Morocco,K
367,aladji bamba,114,2025-2026,Aladji Bamba,19.0,France,M
368,alain taho,86,2024-2025,Alain Taho,17.0,al ALB,GK
369,alan browne,48,2025-2026,Alan Browne,30.0,Ireland,M
370,alan do marcolino,121,2022-2023,Alan Do Marcolino,20.0,ga GAB,FW
371,alan matturro,15,2025-2026,Alan Matturro,21.0,Uruguay,D
372,alan matturro,84,2023-2024,Alan Matturro,18.0,uy URU,MF
373,alan matturro,84,2024-2025,Alan Matturro,19.0,uy URU,DF
374,alan virginius,106,2023-2024,Alan Virginius,20.0,fr FRA,"MF,FW"
375,alan virginius,109,2022-2023,Alan Virginius,19.0,fr FRA,FW
376,alan virginius,109,2023-2024,Alan Virginius,20.0,fr FRA,MF
377,alassane diatta,26,2024-2025,Alassane Diatta,19.0,sn SEN,MF
378,alassane n'diaye,102,2022-2023,Alassane N'Diaye,31.0,France,M
379,alassane plea,67,2022-2023,Alassane Pléa,29.0,fr FRA,"MF,FW"
380,alassane plea,67,2023-2024,Alassane Pléa,30.0,fr FRA,"FW,MF"
381,alassane plea,67,2024-2025,Alassane Pléa,31.0,fr FRA,MF
382,alassane pleaborussia m.,67,2022-2023,Alassane PléaBorussia M.,,,
383,alassane pleaborussia m.,67,2023-2024,Alassane PléaBorussia M.,,,
384,alassane pleaborussia m.,67,2024-2025,Alassane PléaBorussia M.,,,
385,alban lafont,116,2022-2023,Alban Lafont,23.0,ci CIV,GK
386,alban lafont,116,2023-2024,Alban Lafont,24.0,ci CIV,GK
387,alban lafont,116,2024-2025,Alban Lafont,25.0,ci CIV,GK
388,albert grnbaek,47,2024-2025,Albert Grønbaek,23.0,dk DEN,"MF,FW"
389,albert grnbaek,60,2025-2026,Albert Grønbaek,24.0,Denmark,F
390,albert grnbaek,121,2024-2025,Albert Grønbaek,23.0,dk DEN,"MF,FW"
391,albert grnbk,47,2024-2025,Albert Grønbæk,,,
392,albert grnbk,121,2024-2025,Albert Grønbæk,,,
393,albert gudmundsson,82,2024-2025,Albert Gudmundsson,27.0,Iceland,F
394,albert gudmundsson,82,2025-2026,Albert Gudmundsson,28.0,Iceland,F
395,albert gudmundsson,84,2023-2024,Albert Gudmundsson,26.0,Iceland,F
396,albert gumundsson,82,2024-2025,Albert Guðmundsson,27.0,is ISL,"FW,MF"
397,albert gumundsson,84,2023-2024,Albert Guðmundsson,26.0,is ISL,"FW,MF"
398,albert sambi lokonga,24,2024-2025,Albert Sambi Lokonga,24.0,be BEL,MF
399,albert sambi lokonga,27,2022-2023,Albert Sambi Lokonga,22.0,be BEL,MF
400,albert sambi lokonga,34,2022-2023,Albert Sambi Lokonga,22.0,be BEL,MF
401,albert sambi lokonga,41,2023-2024,Albert Sambi Lokonga,23.0,be BEL,MF
402,albert sambi lokonga,60,2025-2026,Albert Sambi Lokonga,26.0,Belgium,M
403,alberth elis,105,2022-2023,Alberth Elis,26.0,hn HON,MF
404,alberto basso,80,2022-2023,Alberto Basso,18.0,it ITA,FW
405,alberto basso ricci,80,2022-2023,Alberto Basso Ricci,,,
406,alberto centis,100,2022-2023,Alberto Centis,18.0,it ITA,MF
407,alberto cerri,79,2024-2025,Alberto Cerri,28.0,it ITA,FW
408,alberto cerri,81,2023-2024,Alberto Cerri,27.0,it ITA,FW
409,alberto chiesurin,101,2024-2025,Alberto Chiesurin,19.0,it ITA,MF
410,alberto costa,87,2024-2025,Alberto Costa,20.0,pt POR,"DF,MF"
411,alberto dadie,22,2023-2024,Alberto Dadie,21.0,es ESP,DF
412,alberto del moral,26,2022-2023,Alberto del Moral,22.0,es ESP,MF
413,alberto dossena,78,2023-2024,Alberto Dossena,24.0,it ITA,DF
414,alberto dossena,78,2025-2026,Alberto Dossena,27.0,Italy,D
415,alberto dossena,79,2024-2025,Alberto Dossena,25.0,it ITA,DF
416,alberto dossena,79,2025-2026,Alberto Dossena,27.0,Italy,D
417,alberto grassi,80,2025-2026,Alberto Grassi,30.0,Italy,M
418,alberto grassi,81,2022-2023,Alberto Grassi,27.0,it ITA,MF
419,alberto grassi,81,2023-2024,Alberto Grassi,28.0,it ITA,MF
420,alberto grassi,81,2024-2025,Alberto Grassi,29.0,it ITA,MF
421,alberto lopez,24,2022-2023,Alberto López,18.0,es ESP,GK
422,alberto lopez,24,2023-2024,Alberto López,19.0,es ESP,GK
423,alberto lopez,24,2024-2025,Alberto López,20.0,es ESP,GK
424,alberto manzoni,76,2023-2024,Alberto Manzoni,18.0,it ITA,MF
425,alberto manzoni,76,2024-2025,Alberto Manzoni,19.0,it ITA,MF
426,alberto mari,25,2022-2023,Alberto Marí,21.0,es ESP,FW
427,alberto mari,25,2023-2024,Alberto Marí,22.0,es ESP,FW
428,alberto mari,25,2024-2025,Alberto Marí,23.0,es ESP,FW
429,alberto moleiro,13,2023-2024,Alberto Moleiro,19.0,es ESP,"MF,FW"
430,alberto moleiro,13,2024-2025,Alberto Moleiro,20.0,es ESP,MF
431,alberto moleiro,26,2025-2026,Alberto Moleiro,22.0,Spain,F
432,alberto moreno,4,2022-2023,Alberto Moreno,20.0,es ESP,MF
433,alberto moreno,26,2022-2023,Alberto Moreno,30.0,es ESP,DF
434,alberto moreno,26,2023-2024,Alberto Moreno,31.0,es ESP,DF
435,alberto moreno,79,2024-2025,Alberto Moreno,32.0,es ESP,DF
436,alberto moreno,79,2025-2026,Alberto Moreno,33.0,Spain,D
437,alberto paleari,99,2024-2025,Alberto Paleari,31.0,it ITA,GK
438,alberto paleari,99,2025-2026,Alberto Paleari,33.0,Italy,K
439,alberto perea,6,2022-2023,Alberto Perea,31.0,es ESP,MF
440,alberto perea,12,2023-2024,Alberto Perea,32.0,es ESP,"FW,MF"
441,alberto reina,21,2025-2026,Alberto Reina,28.0,Spain,M
442,alberto risco,10,2023-2024,Alberto Risco,17.0,es ESP,MF
443,alberto risco,10,2024-2025,Alberto Risco,18.0,es ESP,MF
444,alberto soro,12,2023-2024,Alberto Soro,24.0,es ESP,"FW,MF"
445,albian hajdari,63,2025-2026,Albian Hajdari,22.0,Kosovo,D
446,albin ekdal,98,2022-2023,Albin Ekdal,33.0,se SWE,MF
447,alcazar,19,2024-2025,Alcázar,22.0,es ESP,DF
448,ale gorrin,13,2023-2024,Ale Gorrin,20.0,es ESP,GK
449,aleix febas,8,2025-2026,Aleix Febas,30.0,Spain,M
450,aleix garcia,11,2022-2023,Aleix García,25.0,es ESP,MF
451,aleix garcia,11,2023-2024,Aleix García,26.0,es ESP,MF
452,aleix garcia,53,2024-2025,Aleix García,27.0,es ESP,MF
453,aleix garcia,53,2025-2026,Aleix García,28.0,Spain,M
454,aleix garrido,5,2022-2023,Aleix Garrido,18.0,es ESP,MF
455,aleix garrido,5,2023-2024,Aleix Garrido,19.0,es ESP,MF
456,aleix vidal,9,2022-2023,Aleix Vidal,32.0,es ESP,"MF,FW"
457,alejandro alfaro,8,2022-2023,Alejandro Alfaro,20.0,es ESP,MF
458,alejandro balde,5,2022-2023,Alejandro Balde,18.0,es ESP,DF
459,alejandro balde,5,2023-2024,Alejandro Balde,19.0,es ESP,"DF,MF"
460,alejandro balde,5,2024-2025,Alejandro Balde,20.0,es ESP,DF
461,alejandro balde,5,2025-2026,Alejandro Balde,22.0,Spain,D
462,alejandro catena,17,2023-2024,Alejandro Catena,29.0,Spain,D
463,alejandro catena,17,2024-2025,Alejandro Catena,30.0,Spain,D
464,alejandro catena,17,2025-2026,Alejandro Catena,31.0,Spain,D
465,alejandro catena,18,2022-2023,Alejandro Catena,28.0,Spain,D
466,alejandro frances,11,2024-2025,Alejandro Francés,21.0,es ESP,DF
467,alejandro frances,11,2025-2026,Alejandro Francés,23.0,Spain,D
468,alejandro garnacho,33,2025-2026,Alejandro Garnacho,21.0,Argentina,F
469,alejandro garnacho,43,2022-2023,Alejandro Garnacho,18.0,ar ARG,MF
470,alejandro garnacho,43,2023-2024,Alejandro Garnacho,19.0,ar ARG,MF
471,alejandro garnacho,43,2024-2025,Alejandro Garnacho,20.0,ar ARG,MF
472,alejandro grimaldo,53,2023-2024,Alejandro Grimaldo,28.0,Spain,D
473,alejandro grimaldo,53,2024-2025,Alejandro Grimaldo,29.0,Spain,D
474,alejandro grimaldo,53,2025-2026,Alejandro Grimaldo,30.0,Spain,D
475,alejandro herranz,10,2023-2024,Alejandro Herranz,18.0,es ESP,DF
476,alejandro iturbe,4,2022-2023,Alejandro Iturbe,18.0,es ESP,GK
477,alejandro iturbe,4,2024-2025,Alejandro Iturbe,20.0,es ESP,GK
478,alejandro iturbe,8,2025-2026,Alejandro Iturbe,22.0,Spain,K
479,alejandro jay agustin,1,2024-2025,Alejandro Jay Agustín,22.0,es ESP,MF
480,alejandro morata,6,2023-2024,Alejandro Morata,17.0,es ESP,DF
481,alejandro pozo,2,2022-2023,Alejandro Pozo,23.0,Spain,D
482,alejandro pozo,2,2023-2024,Alejandro Pozo,24.0,Spain,D
483,alejandro pozo pozo,2,2022-2023,Alejandro Pozo Pozo,23.0,es ESP,"DF,MF"
484,alejandro pozo pozo,2,2023-2024,Alejandro Pozo Pozo,24.0,es ESP,"DF,MF"
485,alejandro rego,3,2024-2025,Alejandro Rego,21.0,es ESP,MF
486,alejandro rego,3,2025-2026,Alejandro Rego,22.0,Spain,M
487,alejandro revuelta montero,10,2022-2023,Alejandro Revuelta Montero,22.0,es ESP,DF
488,alejandro rodriguez,111,2024-2025,Alejandro Rodríguez,16.0,pt POR,FW
489,alejo sarco,53,2024-2025,Alejo Sarco,18.0,ar ARG,FW
490,alejo sarco,67,2025-2026,Alejo Sarco,20.0,Argentina,F
491,alejo veliz,9,2024-2025,Alejo Veliz,20.0,ar ARG,FW
492,alejo veliz,24,2023-2024,Alejo Veliz,19.0,ar ARG,FW
493,alejo veliz,49,2023-2024,Alejo Veliz,19.0,ar ARG,FW
494,aleksa terzic,82,2022-2023,Aleksa Terzic,22.0,rs SRB,DF
495,aleksandar andreev,11,2024-2025,Aleksandar Andreev,18.0,bg BUL,GK
496,aleksandar mitrovic,36,2022-2023,Aleksandar Mitrovic,27.0,rs SRB,FW
497,aleksandar mitrovic,36,2023-2024,Aleksandar Mitrovic,28.0,rs SRB,FW
498,aleksandar pavlovic,54,2022-2023,Aleksandar Pavlovic,18.0,de GER,MF
499,aleksandar pavlovic,54,2023-2024,Aleksandar Pavlovic,19.0,de GER,MF
500,aleksandar pavlovic,54,2024-2025,Aleksandar Pavlovic,20.0,de GER,MF
501,aleksandar pavlovic,54,2025-2026,Aleksandar Pavlovic,21.0,Germany,M
502,aleksandar radovanovic,2,2023-2024,Aleksandar Radovanovic,29.0,rs SRB,DF
503,aleksandar sedlar,1,2023-2024,Aleksandar Sedlar,31.0,rs SRB,DF
504,aleksandar sedlar,1,2024-2025,Aleksandar Sedlar,32.0,rs SRB,DF
505,aleksandar stankovic,86,2022-2023,Aleksandar Stanković,16.0,rs SRB,MF
506,aleksandar stankovic,86,2023-2024,Aleksandar Stanković,17.0,rs SRB,MF
507,aleksandr golovin,114,2022-2023,Aleksandr Golovin,26.0,ru RUS,MF
508,aleksandr golovin,114,2023-2024,Aleksandr Golovin,27.0,ru RUS,MF
509,aleksandr golovin,114,2024-2025,Aleksandr Golovin,28.0,ru RUS,MF
510,aleksandr golovin,114,2025-2026,Aleksandr Golovin,29.0,Russia,F
511,aleksandr kokorin,82,2023-2024,Aleksandr Kokorin,32.0,ru RUS,"FW,MF"
512,aleksei miranchuk,76,2023-2024,Aleksei Miranchuk,27.0,ru RUS,"MF,FW"
513,aleksei miranchuk,99,2022-2023,Aleksei Miranchuk,26.0,ru RUS,MF
514,aleksey miranchuk,76,2023-2024,Aleksey Miranchuk,28.0,Russia,F
515,aleksey miranchuk,99,2022-2023,Aleksey Miranchuk,27.0,Russia,F
516,alen sherri,78,2024-2025,Alen Sherri,26.0,al ALB,GK
517,alen sherri,78,2025-2026,Alen Sherri,28.0,Albania,K
518,alessandro bastoni,86,2022-2023,Alessandro Bastoni,23.0,it ITA,DF
519,alessandro bastoni,86,2023-2024,Alessandro Bastoni,24.0,it ITA,DF
520,alessandro bastoni,86,2024-2025,Alessandro Bastoni,25.0,it ITA,DF
521,alessandro bastoni,86,2025-2026,Alessandro Bastoni,26.0,Italy,D
522,alessandro berardi,85,2022-2023,Alessandro Berardi,31.0,it ITA,GK
523,alessandro berardi,85,2023-2024,Alessandro Berardi,32.0,it ITA,GK
524,alessandro berardi,85,2024-2025,Alessandro Berardi,33.0,it ITA,GK
525,alessandro berretta,90,2023-2024,Alessandro Berretta,17.0,it ITA,MF
526,alessandro berretta,90,2024-2025,Alessandro Berretta,18.0,it ITA,MF
527,alessandro bianco,82,2022-2023,Alessandro Bianco,19.0,it ITA,MF
528,alessandro bianco,82,2024-2025,Alessandro Bianco,21.0,it ITA,MF
529,alessandro bianco,90,2024-2025,Alessandro Bianco,21.0,it ITA,MF
530,alessandro buongiorno,91,2024-2025,Alessandro Buongiorno,25.0,it ITA,DF
531,alessandro buongiorno,91,2025-2026,Alessandro Buongiorno,26.0,Italy,D
532,alessandro buongiorno,99,2022-2023,Alessandro Buongiorno,23.0,it ITA,DF
533,alessandro buongiorno,99,2023-2024,Alessandro Buongiorno,24.0,it ITA,DF
534,alessandro calligaris,86,2023-2024,Alessandro Calligaris,18.0,it ITA,GK
535,alessandro calligaris,86,2024-2025,Alessandro Calligaris,19.0,it ITA,GK
536,alessandro circati,92,2024-2025,Alessandro Circati,20.0,au AUS,DF
537,alessandro circati,92,2025-2026,Alessandro Circati,22.0,Australia,D
538,alessandro cortinovis,76,2023-2024,Alessandro Cortinovis,22.0,it ITA,MF
539,alessandro cortinovis,85,2022-2023,Alessandro Cortinovis,21.0,it ITA,MF
540,alessandro deiola,78,2023-2024,Alessandro Deiola,27.0,it ITA,MF
541,alessandro deiola,78,2024-2025,Alessandro Deiola,28.0,it ITA,MF
542,alessandro deiola,78,2025-2026,Alessandro Deiola,30.0,Italy,M
543,alessandro dellavalle,99,2023-2024,Alessandro Dellavalle,19.0,it ITA,DF
544,alessandro dellavalle,99,2024-2025,Alessandro Dellavalle,20.0,it ITA,DF
545,alessandro di pardo,78,2023-2024,Alessandro Di Pardo,24.0,it ITA,"MF,DF"
546,alessandro di pardo,78,2024-2025,Alessandro Di Pardo,25.0,it ITA,"DF,MF"
547,alessandro falleni,76,2022-2023,Alessandro Falleni,19.0,it ITA,FW
548,alessandro florenzi,75,2022-2023,Alessandro Florenzi,31.0,it ITA,DF
549,alessandro florenzi,75,2023-2024,Alessandro Florenzi,32.0,it ITA,"DF,MF"
550,alessandro florenzi,75,2024-2025,Alessandro Florenzi,33.0,it ITA,"DF,FW"
551,alessandro florenziac,75,2022-2023,Alessandro FlorenziAC,,,
552,alessandro florenziac,75,2023-2024,Alessandro FlorenziAC,,,
553,alessandro florenziac,75,2024-2025,Alessandro FlorenziAC,,,
554,alessandro fontanarosa,86,2022-2023,Alessandro Fontanarosa,19.0,it ITA,DF
555,alessandro fontanarosa,86,2024-2025,Alessandro Fontanarosa,21.0,it ITA,DF
556,alessandro gabrielloni,79,2024-2025,Alessandro Gabrielloni,30.0,it ITA,FW
557,alessandro marcandalli,84,2024-2025,Alessandro Marcandalli,21.0,it ITA,DF
558,alessandro marcandalli,84,2025-2026,Alessandro Marcandalli,23.0,Italy,D
559,alessandro marcandalli,101,2024-2025,Alessandro Marcandalli,21.0,it ITA,DF
560,alessandro micai,95,2022-2023,Alessandro Micai,29.0,it ITA,GK
561,alessandro nunziante,100,2025-2026,Alessandro Nunziante,18.0,Italy,K
562,alessandro renzi,81,2022-2023,Alessandro Renzi,18.0,it ITA,MF
563,alessandro riccio,87,2022-2023,Alessandro Riccio,20.0,it ITA,DF
564,alessandro romano,94,2024-2025,Alessandro Romano,18.0,ch SUI,MF
565,alessandro russo,97,2022-2023,Alessandro Russo,21.0,it ITA,GK
566,alessandro scacchetti,97,2023-2024,Alessandro Scacchetti,18.0,it ITA,GK
567,alessandro sersanti,87,2022-2023,Alessandro Sersanti,20.0,it ITA,MF
568,alessandro sorrentino,90,2022-2023,Alessandro Sorrentino,20.0,it ITA,GK
569,alessandro sorrentino,90,2023-2024,Alessandro Sorrentino,21.0,it ITA,GK
570,alessandro sorrentino,90,2024-2025,Alessandro Sorrentino,22.0,it ITA,GK
571,alessandro tuia,89,2022-2023,Alessandro Tuia,32.0,it ITA,DF
572,alessandro vinciguerra,78,2023-2024,Alessandro Vinciguerra,17.0,it ITA,FW
573,alessandro vinciguerra,78,2024-2025,Alessandro Vinciguerra,18.0,it ITA,FW
574,alessandro vogliacco,84,2023-2024,Alessandro Vogliacco,24.0,it ITA,DF
575,alessandro vogliacco,84,2024-2025,Alessandro Vogliacco,25.0,it ITA,DF
576,alessandro vogliacco,92,2024-2025,Alessandro Vogliacco,25.0,it ITA,DF
577,alessandro zanoli,84,2024-2025,Alessandro Zanoli,23.0,it ITA,MF
578,alessandro zanoli,91,2022-2023,Alessandro Zanoli,21.0,it ITA,MF
579,alessandro zanoli,91,2023-2024,Alessandro Zanoli,22.0,it ITA,MF
580,alessandro zanoli,95,2023-2024,Alessandro Zanoli,22.0,it ITA,"MF,DF"
581,alessandro zanoli,96,2022-2023,Alessandro Zanoli,21.0,it ITA,"MF,DF"
582,alessandro zanoli,100,2025-2026,Alessandro Zanoli,25.0,Italy,D
583,alessio cacciamani,99,2024-2025,Alessio Cacciamani,17.0,it ITA,MF
584,alessio castro-montes,65,2025-2026,Alessio Castro-Montes,28.0,Belgium,M
585,alessio chiesa,79,2024-2025,Alessio Chiesa,18.0,it ITA,DF
586,alessio cragno,90,2022-2023,Alessio Cragno,28.0,it ITA,GK
587,alessio cragno,97,2023-2024,Alessio Cragno,29.0,it ITA,GK
588,alessio furlanetto,88,2023-2024,Alessio Furlanetto,21.0,it ITA,GK
589,alessio furlanetto,88,2024-2025,Alessio Furlanetto,22.0,it ITA,GK
590,alessio furlanetto,88,2025-2026,Alessio Furlanetto,23.0,Italy,K
591,alessio iovine,79,2024-2025,Alessio Iovine,33.0,it ITA,DF
592,alessio marcaccini,94,2024-2025,Alessio Marcaccini,15.0,it ITA,GK
593,alessio raballo,99,2024-2025,Alessio Raballo,17.0,cu CUB,FW
594,alessio romagnoli,88,2022-2023,Alessio Romagnoli,27.0,it ITA,DF
595,alessio romagnoli,88,2023-2024,Alessio Romagnoli,28.0,it ITA,DF
596,alessio romagnoli,88,2024-2025,Alessio Romagnoli,29.0,it ITA,DF
597,alessio romagnoli,88,2025-2026,Alessio Romagnoli,31.0,Italy,D
598,alessio zerbin,80,2025-2026,Alessio Zerbin,26.0,Italy,M
599,alessio zerbin,90,2023-2024,Alessio Zerbin,24.0,it ITA,MF
600,alessio zerbin,91,2022-2023,Alessio Zerbin,23.0,it ITA,"MF,FW"
601,alessio zerbin,91,2023-2024,Alessio Zerbin,24.0,it ITA,FW
602,alessio zerbin,91,2024-2025,Alessio Zerbin,25.0,it ITA,"FW,MF"
603,alessio zerbin,101,2024-2025,Alessio Zerbin,25.0,it ITA,MF
604,alex almansa,9,2024-2025,Alex Almansa,20.0,es ESP,FW
605,alex baena,4,2025-2026,Álex Baena,24.0,Spain,F
606,alex baena,26,2022-2023,Álex Baena,21.0,es ESP,"MF,FW"
607,alex baena,26,2023-2024,Álex Baena,22.0,es ESP,"MF,FW"
608,alex baena,26,2024-2025,Álex Baena,23.0,es ESP,"MF,FW"
609,alex berenguer,3,2022-2023,Alex Berenguer,27.0,es ESP,MF
610,alex berenguer,3,2023-2024,Alex Berenguer,28.0,es ESP,MF
611,alex berenguer,3,2024-2025,Alex Berenguer,29.0,es ESP,"MF,FW"
612,alex berenguer,3,2025-2026,Álex Berenguer,30.0,Spain,F
613,alex cairns,38,2025-2026,Alex Cairns,33.0,England,K
614,alex centelles,2,2022-2023,Álex Centelles,24.0,es ESP,"DF,MF"
615,alex centelles,2,2023-2024,Álex Centelles,25.0,es ESP,DF
616,alex collado,8,2022-2023,Álex Collado,23.0,es ESP,MF
617,alex cordaz,86,2022-2023,Alex Cordaz,39.0,it ITA,GK
618,alex dominguez,124,2023-2024,Álex Domínguez,25.0,Spain,K
619,alex dominguez,124,2024-2025,Álex Domínguez,26.0,es ESP,GK
620,alex dominguez,124,2025-2026,Álex Domínguez,27.0,Spain,K
621,alex fernandez,6,2022-2023,Álex Fernández,29.0,es ESP,"MF,FW"
622,alex fernandez,6,2023-2024,Álex Fernández,30.0,es ESP,MF
623,alex ferrari,80,2022-2023,Alex Ferrari,28.0,it ITA,DF
624,alex ferrari,96,2022-2023,Alex Ferrari,28.0,it ITA,DF
625,alex fores,21,2025-2026,Álex Forés,24.0,Spain,F
626,alex freeman,26,2025-2026,Alex Freeman,21.0,United States,D
627,alex gil,14,2024-2025,Álex Gil,21.0,es ESP,MF
628,alex grimaldo,53,2023-2024,Álex Grimaldo,27.0,es ESP,MF
629,alex grimaldo,53,2024-2025,Álex Grimaldo,28.0,es ESP,MF
630,alex iwobi,35,2022-2023,Alex Iwobi,26.0,ng NGA,MF
631,alex iwobi,35,2023-2024,Alex Iwobi,27.0,ng NGA,MF
632,alex iwobi,36,2023-2024,Alex Iwobi,27.0,ng NGA,MF
633,alex iwobi,36,2024-2025,Alex Iwobi,28.0,ng NGA,MF
634,alex iwobi,36,2025-2026,Alex Iwobi,29.0,Nigeria,F
635,alex jimenez,29,2025-2026,Álex Jiménez,20.0,Spain,D
636,alex jimenez,75,2023-2024,Álex Jiménez,18.0,es ESP,DF
637,alex jimenez,75,2024-2025,Álex Jiménez,19.0,es ESP,"MF,DF"
638,alex jimenezac,75,2023-2024,Álex JiménezAC,,,
639,alex jimenezac,75,2024-2025,Álex JiménezAC,,,
640,alex kral,9,2024-2025,Alex Král,26.0,cz CZE,MF
641,alex kral,69,2022-2023,Alex Král,24.0,cz CZE,MF
642,alex kral,72,2023-2024,Alex Král,25.0,cz CZE,MF
643,alex kral,72,2025-2026,Alex Král,27.0,Czech Republic,M
644,alex marchal,22,2024-2025,Alex Marchal,16.0,es ESP,MF
645,alex matos,33,2023-2024,Alex Matos,18.0,eng ENG,MF
646,alex matos,33,2024-2025,Alex Matos,20.0,England,M
647,alex mccarthy,47,2022-2023,Alex McCarthy,32.0,eng ENG,GK
648,alex mccarthy,47,2024-2025,Alex McCarthy,34.0,eng ENG,GK
649,alex meret,91,2022-2023,Alex Meret,25.0,it ITA,GK
650,alex meret,91,2023-2024,Alex Meret,26.0,it ITA,GK
651,alex meret,91,2024-2025,Alex Meret,27.0,it ITA,GK
652,alex meret,91,2025-2026,Alex Meret,28.0,Italy,K
653,alex mighten,45,2022-2023,Alex Mighten,20.0,eng ENG,"FW,MF"
654,alex moreno,11,2025-2026,Álex Moreno,32.0,Spain,D
655,alex moreno,19,2022-2023,Álex Moreno,29.0,es ESP,DF
656,alex moreno,28,2022-2023,Álex Moreno,29.0,es ESP,DF
657,alex moreno,28,2023-2024,Álex Moreno,30.0,es ESP,DF
658,alex moreno,45,2024-2025,Álex Moreno,31.0,es ESP,DF
659,alex munoz,13,2024-2025,Álex Muñoz,30.0,es ESP,DF
660,alex murphy,44,2023-2024,Alex Murphy,19.0,ie IRL,DF
661,alex murphy,44,2024-2025,Alex Murphy,20.0,ie IRL,DF
662,alex murphy,44,2025-2026,Alex Murphy,21.0,Ireland,D
663,alex oxlade chamberlain,40,2022-2023,Alex Oxlade Chamberlain,,,
664,alex oxlade-chamberlain,40,2022-2023,Alex Oxlade-Chamberlain,28.0,eng ENG,FW
665,alex padilla,3,2023-2024,Alex Padilla,19.0,es ESP,GK
666,alex padilla,3,2024-2025,Álex Padilla,20.0,es ESP,GK
667,alex padilla,3,2025-2026,Álex Padilla,22.0,Mexico,K
668,alex palmer,37,2024-2025,Alex Palmer,27.0,eng ENG,GK
669,alex pozo,2,2022-2023,Álex Pozo,,,
670,alex pozo,2,2023-2024,Álex Pozo,,,
671,alex quevedo,16,2023-2024,Alex Quevedo,19.0,es ESP,GK
672,alex remiro,22,2022-2023,Álex Remiro,27.0,es ESP,GK
673,alex remiro,22,2023-2024,Álex Remiro,28.0,es ESP,GK
674,alex remiro,22,2024-2025,Álex Remiro,29.0,es ESP,GK
675,alex remiro,22,2025-2026,Álex Remiro,30.0,Spain,K
676,alex revuelta,10,2022-2023,Álex Revuelta,,,
677,alex robertson,42,2022-2023,Alex Robertson,19.0,au AUS,MF
678,alex rodriguez,10,2022-2023,Alex Rodríguez,20.0,es ESP,DF
679,alex sala,11,2022-2023,Álex Sala,21.0,es ESP,MF
680,alex sala,89,2025-2026,Álex Sala,24.0,Spain,M
681,alex sancris,10,2025-2026,Álex Sancris,29.0,Spain,F
682,alex sandro,87,2022-2023,Alex Sandro,31.0,br BRA,DF
683,alex sandro,87,2023-2024,Alex Sandro,32.0,br BRA,DF
684,alex scott,29,2023-2024,Alex Scott,19.0,eng ENG,MF
685,alex scott,29,2024-2025,Alex Scott,20.0,eng ENG,MF
686,alex scott,29,2025-2026,Alex Scott,22.0,England,M
687,alex smithies,39,2022-2023,Alex Smithies,32.0,eng ENG,GK
688,alex sola,1,2023-2024,Álex Sola,24.0,es ESP,MF
689,alex sola,10,2024-2025,Álex Sola,25.0,es ESP,MF
690,alex sola,22,2022-2023,Álex Sola,23.0,es ESP,DF
691,alex sola,22,2023-2024,Álex Sola,24.0,es ESP,"DF,FW"
692,alex suarez,13,2023-2024,Álex Suárez,30.0,es ESP,DF
693,alex suarez,13,2024-2025,Álex Suárez,31.0,es ESP,DF
694,alex telles,24,2022-2023,Alex Telles,29.0,br BRA,"DF,MF"
695,alex telles,43,2022-2023,Alex Telles,30.0,Brazil,D
696,alex toth,29,2025-2026,Alex Tóth,20.0,Hungary,M
697,alex valle,5,2024-2025,Álex Valle,20.0,es ESP,DF
698,alex valle,79,2024-2025,Álex Valle,20.0,es ESP,DF
699,alex valle,79,2025-2026,Álex Valle,21.0,Spain,D
700,alexander bernhardsson,64,2024-2025,Alexander Bernhardsson,25.0,se SWE,"FW,MF"
701,alexander brunst,57,2023-2024,Alexander Brunst,28.0,de GER,GK
702,alexander callens,11,2022-2023,Alexander Callens,30.0,pe PER,DF
703,alexander djiku,123,2022-2023,Alexander Djiku,27.0,gh GHA,DF
704,alexander hack,66,2022-2023,Alexander Hack,28.0,de GER,DF
705,alexander isak,22,2022-2023,Alexander Isak,22.0,se SWE,FW
706,alexander isak,40,2025-2026,Alexander Isak,26.0,Sweden,F
707,alexander isak,44,2022-2023,Alexander Isak,22.0,se SWE,FW
708,alexander isak,44,2023-2024,Alexander Isak,23.0,se SWE,FW
709,alexander isak,44,2024-2025,Alexander Isak,24.0,se SWE,FW
710,alexander meyer,56,2022-2023,Alexander Meyer,31.0,de GER,GK
711,alexander meyer,56,2023-2024,Alexander Meyer,32.0,de GER,GK
712,alexander meyer,56,2024-2025,Alexander Meyer,33.0,de GER,GK
713,alexander meyer,56,2025-2026,Alexander Meyer,34.0,Germany,K
714,alexander nubel,54,2023-2024,Alexander Nübel,26.0,Germany,K
715,alexander nubel,54,2024-2025,Alexander Nübel,27.0,Germany,K
716,alexander nubel,54,2025-2026,Alexander Nübel,28.0,Germany,K
717,alexander nubel,71,2023-2024,Alexander Nübel,26.0,de GER,GK
718,alexander nubel,71,2024-2025,Alexander Nübel,27.0,de GER,GK
719,alexander nubel,71,2025-2026,Alexander Nübel,29.0,Germany,K
720,alexander nubel,114,2022-2023,Alexander Nübel,25.0,de GER,GK
721,alexander prass,63,2024-2025,Alexander Prass,23.0,at AUT,"MF,DF"
722,alexander prass,63,2025-2026,Alexander Prass,24.0,Austria,M
723,alexander rssing-lelesiit,60,2025-2026,Alexander Røssing-Lelesiit,19.0,Norway,F
724,alexander schwolow,69,2022-2023,Alexander Schwolow,30.0,de GER,GK
725,alexander schwolow,72,2023-2024,Alexander Schwolow,31.0,de GER,GK
726,alexander schwolow,72,2024-2025,Alexander Schwolow,32.0,de GER,GK
727,alexander sorloth,4,2024-2025,Alexander Sörloth,29.0,Norway,F
728,alexander sorloth,4,2025-2026,Alexander Sörloth,30.0,Norway,F
729,alexander sorloth,22,2022-2023,Alexander Sörloth,27.0,Norway,F
730,alexander sorloth,26,2023-2024,Alexander Sörloth,28.0,Norway,F
731,alexander srloth,4,2024-2025,Alexander Sørloth,28.0,no NOR,FW
732,alexander srloth,22,2022-2023,Alexander Sørloth,26.0,no NOR,FW
733,alexander srloth,26,2023-2024,Alexander Sørloth,27.0,no NOR,FW
734,alexander srloth,68,2022-2023,Alexander Sørloth,26.0,no NOR,FW
735,alexandre alemao,18,2025-2026,Alexandre Alemão,27.0,Brazil,F
736,alexandre coeff,104,2022-2023,Alexandre Coeff,30.0,fr FRA,DF
737,alexandre lacazette,111,2022-2023,Alexandre Lacazette,31.0,fr FRA,FW
738,alexandre lacazette,111,2023-2024,Alexandre Lacazette,32.0,fr FRA,FW
739,alexandre lacazette,111,2024-2025,Alexandre Lacazette,33.0,fr FRA,FW
740,alexandre letellier,119,2022-2023,Alexandre Letellier,31.0,fr FRA,GK
741,alexandre letellier,119,2023-2024,Alexandre Letellier,33.0,France,K
742,alexandre olliero,120,2023-2024,Alexandre Olliero,27.0,France,K
743,alexandre olliero,120,2024-2025,Alexandre Olliero,28.0,France,K
744,alexandre oukidja,113,2023-2024,Alexandre Oukidja,35.0,dz ALG,GK
745,alexandre pierre,123,2022-2023,Alexandre Pierre,21.0,Haiti,K
746,alexandre pierre,123,2023-2024,Alexandre Pierre,22.0,Haiti,K
747,alexandru borbei,89,2023-2024,Alexandru Borbei,20.0,ro ROU,GK
748,alexandru borbei,89,2024-2025,Alexandru Borbei,21.0,ro ROU,GK
749,alexi koum,112,2024-2025,Alexi Koum,,,
750,alexis beka beka,117,2022-2023,Alexis Beka Beka,21.0,fr FRA,MF
751,alexis beka beka,117,2023-2024,Alexis Beka Beka,22.0,France,M
752,alexis blin,89,2022-2023,Alexis Blin,25.0,fr FRA,MF
753,alexis blin,89,2023-2024,Alexis Blin,26.0,fr FRA,MF
754,alexis claude-maurice,52,2024-2025,Alexis Claude-Maurice,26.0,fr FRA,"MF,FW"
755,alexis claude-maurice,52,2025-2026,Alexis Claude-Maurice,27.0,France,F
756,alexis claude-maurice,108,2022-2023,Alexis Claude-Maurice,24.0,fr FRA,"MF,FW"
757,alexis claude-maurice,117,2022-2023,Alexis Claude-Maurice,24.0,fr FRA,MF
758,alexis claude-maurice,117,2023-2024,Alexis Claude-Maurice,25.0,fr FRA,MF
759,alexis flips,120,2022-2023,Alexis Flips,22.0,fr FRA,"MF,DF"
760,alexis mac allister,31,2022-2023,Alexis Mac Allister,23.0,ar ARG,MF
761,alexis mac allister,40,2023-2024,Alexis Mac Allister,24.0,ar ARG,MF
762,alexis mac allister,40,2024-2025,Alexis Mac Allister,25.0,ar ARG,MF
763,alexis mac allister,40,2025-2026,Alexis Mac Allister,27.0,Argentina,M
764,alexis mirbach,116,2025-2026,Alexis Mirbach,20.0,France,K
765,alexis olmedo,5,2024-2025,Alexis Olmedo,18.0,es ESP,DF
766,alexis saelemaekers,75,2022-2023,Alexis Saelemaekers,23.0,be BEL,MF
767,alexis saelemaekers,75,2024-2025,Alexis Saelemaekers,25.0,be BEL,DF
768,alexis saelemaekers,75,2025-2026,Alexis Saelemaekers,26.0,Belgium,M
769,alexis saelemaekers,77,2023-2024,Alexis Saelemaekers,24.0,be BEL,MF
770,alexis saelemaekers,94,2024-2025,Alexis Saelemaekers,25.0,be BEL,"MF,FW"
771,alexis saelemaekersac,75,2022-2023,Alexis SaelemaekersAC,,,
772,alexis saelemaekersac,75,2024-2025,Alexis SaelemaekersAC,,,
773,alexis sanchez,24,2025-2026,Alexis Sánchez,37.0,Chile,F
774,alexis sanchez,86,2022-2023,Alexis Sánchez,33.0,Chile,F
775,alexis sanchez,86,2023-2024,Alexis Sánchez,34.0,cl CHI,FW
776,alexis sanchez,100,2024-2025,Alexis Sánchez,35.0,cl CHI,FW
777,alexis sanchez,112,2022-2023,Alexis Sánchez,33.0,cl CHI,"FW,MF"
778,alexis tibidi,125,2022-2023,Alexis Tibidi,18.0,fr FRA,MF
779,alexis vossah,124,2025-2026,Alexis Vossah,17.0,France,M
780,alexsandro,109,2022-2023,Alexsandro,23.0,Brazil,D
781,alexsandro,109,2023-2024,Alexsandro,24.0,Brazil,D
782,alexsandro,109,2024-2025,Alexsandro,25.0,Brazil,D
783,alexsandro,109,2025-2026,Alexsandro,26.0,Brazil,D
784,alexsandro ribeiro,109,2022-2023,Alexsandro Ribeiro,22.0,br BRA,DF
785,alexsandro ribeiro,109,2023-2024,Alexsandro Ribeiro,23.0,br BRA,DF
786,alexsandro ribeiro,109,2024-2025,Alexsandro Ribeiro,24.0,br BRA,DF
787,alfie devine,49,2022-2023,Alfie Devine,17.0,eng ENG,MF
788,alfie devine,49,2024-2025,Alfie Devine,19.0,eng ENG,MF
789,alfie dorrington,49,2023-2024,Alfie Dorrington,18.0,eng ENG,DF
790,alfie dorrington,49,2024-2025,Alfie Dorrington,19.0,eng ENG,DF
791,alfie doughty,41,2023-2024,Alfie Doughty,23.0,eng ENG,"MF,DF"
792,alfie gilchrist,33,2022-2023,Alfie Gilchrist,18.0,eng ENG,DF
793,alfie gilchrist,33,2023-2024,Alfie Gilchrist,19.0,eng ENG,DF
794,alfie gilchrist,33,2024-2025,Alfie Gilchrist,21.0,England,D
795,alfie pond,51,2024-2025,Alfie Pond,20.0,eng ENG,DF
796,alfie pond,51,2025-2026,Alfie Pond,22.0,England,D
797,alfie whiteman,49,2022-2023,Alfie Whiteman,24.0,England,K
798,alfie whiteman,49,2023-2024,Alfie Whiteman,24.0,eng ENG,GK
799,alfie whiteman,49,2024-2025,Alfie Whiteman,25.0,eng ENG,GK
800,alfon,7,2024-2025,Alfon,25.0,es ESP,"FW,MF"
801,alfon gonzalez,7,2024-2025,Alfon González,25.0,Spain,F
802,alfon gonzalez,24,2025-2026,Alfon González,26.0,Spain,F
803,alfon gonzalez,26,2025-2026,Alfon González,26.0,Spain,F
804,alfonso espino,6,2022-2023,Alfonso Espino,30.0,uy URU,DF
805,alfonso espino,18,2023-2024,Alfonso Espino,31.0,uy URU,DF
806,alfonso espino,18,2024-2025,Alfonso Espino,32.0,uy URU,DF
807,alfonso espino,18,2025-2026,Alfonso Espino,34.0,Uruguay,D
808,alfonso montero,87,2024-2025,Alfonso Montero,17.0,uy URU,DF
809,alfonso pedraza,26,2022-2023,Alfonso Pedraza,26.0,es ESP,DF
810,alfonso pedraza,26,2023-2024,Alfonso Pedraza,27.0,es ESP,DF
811,alfonso pedraza,26,2024-2025,Alfonso Pedraza,28.0,es ESP,"DF,MF"
812,alfonso pedraza,26,2025-2026,Alfonso Pedraza,29.0,Spain,D
813,alfred duncan,82,2022-2023,Alfred Duncan,29.0,gh GHA,MF
814,alfred duncan,82,2023-2024,Alfred Duncan,30.0,gh GHA,MF
815,alfred duncan,101,2024-2025,Alfred Duncan,31.0,gh GHA,MF
816,alfred gomis,110,2023-2024,Alfred Gomis,30.0,Senegal,K
817,ali abdi,117,2024-2025,Ali Abdi,30.0,tn TUN,MF
818,ali abdi,117,2025-2026,Ali Abdi,32.0,Tunisia,D
819,ali al hamadi,37,2024-2025,Ali Al Hamadi,22.0,iq IRQ,FW
820,ali al-hamadi,37,2024-2025,Ali Al-Hamadi,22.0,Iraq,F
821,ali dembele,99,2022-2023,Ali Dembélé,18.0,fr FRA,DF
822,ali dembele,99,2023-2024,Ali Dembélé,19.0,fr FRA,DF
823,ali dembele,99,2024-2025,Ali Dembélé,20.0,fr FRA,DF
824,ali dembele,99,2025-2026,Ali Dembélé,21.0,France,D
825,ali jasim,79,2024-2025,Ali Jasim,20.0,iq IRQ,MF
826,ali kalla,103,2022-2023,Ali Kalla,24.0,France,D
827,ali youssif,116,2025-2026,Ali Youssif,24.0,Libya,D
828,alidu seidu,106,2022-2023,Alidu Seidu,22.0,gh GHA,DF
829,alidu seidu,106,2023-2024,Alidu Seidu,23.0,gh GHA,DF
830,alidu seidu,121,2023-2024,Alidu Seidu,23.0,gh GHA,DF
831,alidu seidu,121,2024-2025,Alidu Seidu,24.0,gh GHA,DF
832,alidu seidu,121,2025-2026,Alidu Seidu,25.0,Ghana,D
833,alieu fadera,79,2024-2025,Alieu Fadera,22.0,gm GAM,MF
834,alieu fadera,97,2025-2026,Alieu Fadera,24.0,The Gambia,F
835,alieu njie,99,2023-2024,Alieu Njie,18.0,se SWE,FW
836,alieu njie,99,2024-2025,Alieu Njie,19.0,se SWE,FW
837,alieu njie,99,2025-2026,Alieu Njie,20.0,Sweden,F
838,alimami gory,118,2025-2026,Alimami Gory,29.0,France,F
839,aliou badara balde,55,2024-2025,Aliou Badara Baldé,21.0,gn GUI,FW
840,aliou badara balde,117,2023-2024,Aliou Badara Baldé,20.0,gn GUI,FW
841,aliou balde,55,2024-2025,Aliou Balde,,,
842,aliou balde,117,2023-2024,Aliou Balde,21.0,Senegal,F
843,alisson,40,2022-2023,Alisson,29.0,br BRA,GK
844,alisson,40,2023-2024,Alisson,30.0,br BRA,GK
845,alisson,40,2024-2025,Alisson,31.0,br BRA,GK
846,alisson,40,2025-2026,Alisson,33.0,Brazil,K
847,alisson becker,40,2022-2023,Alisson Becker,,,
848,alisson becker,40,2023-2024,Alisson Becker,,,
849,alisson becker,40,2024-2025,Alisson Becker,,,
850,alisson santos,91,2025-2026,Alisson Santos,23.0,Brazil,F
851,aljoscha kemlein,72,2022-2023,Aljoscha Kemlein,17.0,de GER,MF
852,aljoscha kemlein,72,2023-2024,Aljoscha Kemlein,18.0,de GER,MF
853,aljoscha kemlein,72,2024-2025,Aljoscha Kemlein,19.0,de GER,MF
854,aljoscha kemlein,72,2025-2026,Aljoscha Kemlein,21.0,Germany,M
855,allan,35,2022-2023,Allan,31.0,br BRA,"DF,MF"
856,allan campbell,41,2023-2024,Allan Campbell,25.0,sct SCO,MF
857,allan nyom,10,2024-2025,Allan Nyom,36.0,cm CMR,"MF,DF"
858,allan nyom,10,2025-2026,Allan Nyom,37.0,Cameroon,D
859,allan saint-maximin,44,2022-2023,Allan Saint-Maximin,25.0,fr FRA,FW
860,allan saint-maximin,108,2025-2026,Allan Saint-Maximin,28.0,France,F
861,almamy toure,58,2022-2023,Almamy Touré,26.0,ml MLI,DF
862,almugera kabar,56,2024-2025,Almugera Kabar,18.0,de GER,DF
863,almugera kabar,56,2025-2026,Almugera Kabar,19.0,Germany,D
864,alois confais,107,2023-2024,Aloïs Confais,26.0,fr FRA,"DF,MF"
865,alois confais,107,2024-2025,Aloïs Confais,27.0,fr FRA,"DF,MF"
866,alou kuol,71,2022-2023,Alou Kuol,21.0,au AUS,FW
867,alpha diallo,108,2025-2026,Alpha Diallo,19.0,France,F
868,alpha toure,113,2025-2026,Alpha Touré,20.0,Senegal,M
869,alphadjo cisse,85,2022-2023,Alphadjo Cissè,15.0,it ITA,MF
870,alphadjo cisse,85,2023-2024,Alphadjo Cissè,16.0,it ITA,MF
871,alphadjo cisse,85,2024-2025,Alphadjo Cissè,17.0,it ITA,MF
872,alphonse areola,50,2022-2023,Alphonse Areola,29.0,fr FRA,GK
873,alphonse areola,50,2023-2024,Alphonse Areola,30.0,fr FRA,GK
874,alphonse areola,50,2024-2025,Alphonse Areola,31.0,fr FRA,GK
875,alphonse areola,50,2025-2026,Alphonse Areola,32.0,France,K
876,alphonso davies,54,2022-2023,Alphonso Davies,21.0,ca CAN,"DF,MF"
877,alphonso davies,54,2023-2024,Alphonso Davies,22.0,ca CAN,DF
878,alphonso davies,54,2024-2025,Alphonso Davies,23.0,ca CAN,DF
879,alphonso davies,54,2025-2026,Alphonso Davies,25.0,Canada,D
880,altay bayindir,43,2024-2025,Altay Bayindir,,,
881,altay bayndr,43,2023-2024,Altay Bayındır,25.0,tr TUR,GK
882,altay bayndr,43,2024-2025,Altay Bayındır,26.0,tr TUR,GK
883,altay bayndr,43,2025-2026,Altay Bayındır,27.0,Turkey,K
884,alvaro abajas,14,2024-2025,Álvaro Abajas,21.0,es ESP,GK
885,alvaro aceves,23,2022-2023,Álvaro Aceves,19.0,es ESP,GK
886,alvaro aceves,23,2024-2025,Álvaro Aceves,21.0,es ESP,GK
887,alvaro aguado,9,2024-2025,Álvaro Aguado,28.0,es ESP,MF
888,alvaro aguado,23,2022-2023,Álvaro Aguado,26.0,es ESP,MF
889,alvaro bastida,6,2022-2023,Álvaro Bastida,18.0,es ESP,MF
890,alvaro bastida,6,2023-2024,Álvaro Bastida,19.0,es ESP,MF
891,alvaro carreras,12,2023-2024,Álvaro Carreras,20.0,es ESP,"MF,FW"
892,alvaro carreras,20,2025-2026,Álvaro Carreras,22.0,Spain,D
893,alvaro carreras,43,2023-2024,Álvaro Carreras,20.0,es ESP,"DF,MF"
894,alvaro carrillo,20,2023-2024,Álvaro Carrillo,21.0,es ESP,DF
895,alvaro cortes,5,2024-2025,Álvaro Cortés,19.0,es ESP,DF
896,alvaro djalo,3,2024-2025,Álvaro Djaló,24.0,gw GNB,"MF,FW"
897,alvaro fernandez,9,2022-2023,Álvaro Fernández,24.0,es ESP,GK
898,alvaro fernandez,24,2024-2025,Álvaro Fernández,26.0,es ESP,GK
899,alvaro fidalgo,19,2025-2026,Álvaro Fidalgo,28.0,Spain,M
900,alvaro garcia,1,2023-2024,Álvaro García,18.0,es ESP,DF
901,alvaro garcia,18,2022-2023,Álvaro García,29.0,es ESP,MF
902,alvaro garcia,18,2023-2024,Álvaro García,30.0,es ESP,MF
903,alvaro garcia,18,2024-2025,Álvaro García,31.0,es ESP,"MF,FW"
904,alvaro garcia,18,2025-2026,Álvaro García,33.0,Spain,F
905,alvaro garcia pascual,24,2024-2025,Álvaro García Pascual,,,
906,alvaro gimenez,6,2022-2023,Álvaro Giménez,31.0,es ESP,"FW,MF"
907,alvaro killane,13,2023-2024,Álvaro Killane,18.0,es ESP,GK
908,alvaro killane,13,2024-2025,Álvaro Killane,19.0,es ESP,GK
909,alvaro lemos,13,2023-2024,Álvaro Lemos,30.0,es ESP,DF
910,alvaro morata,4,2022-2023,Álvaro Morata,29.0,es ESP,FW
911,alvaro morata,4,2023-2024,Álvaro Morata,30.0,es ESP,FW
912,alvaro morata,75,2024-2025,Álvaro Morata,31.0,es ESP,"FW,MF"
913,alvaro morata,79,2025-2026,Álvaro Morata,33.0,Spain,F
914,alvaro morataac,75,2024-2025,Álvaro MorataAC,,,
915,alvaro negredo,6,2022-2023,Álvaro Negredo,36.0,es ESP,FW
916,alvaro negredo,6,2023-2024,Álvaro Negredo,37.0,es ESP,FW
917,alvaro nunez,7,2025-2026,Álvaro Núñez,25.0,Spain,D
918,alvaro odriozola,20,2022-2023,Álvaro Odriozola,26.0,es ESP,DF
919,alvaro odriozola,20,2023-2024,Álvaro Odriozola,27.0,es ESP,DF
920,alvaro odriozola,22,2023-2024,Álvaro Odriozola,27.0,es ESP,DF
921,alvaro odriozola,22,2024-2025,Álvaro Odriozola,28.0,es ESP,DF
922,alvaro odriozola,22,2025-2026,Álvaro Odriozola,30.0,Spain,D
923,alvaro pascual,24,2024-2025,Álvaro Pascual,22.0,es ESP,FW
924,alvaro rodriguez,8,2025-2026,Álvaro Rodríguez,21.0,Uruguay,F
925,alvaro rodriguez,10,2024-2025,Álvaro Rodríguez,20.0,uy URU,FW
926,alvaro rodriguez,20,2022-2023,Álvaro Rodríguez,18.0,uy URU,FW
927,alvaro rodriguez,20,2023-2024,Álvaro Rodríguez,19.0,uy URU,FW
928,alvaro tejero,9,2024-2025,Álvaro Tejero,28.0,es ESP,"MF,DF"
929,alvaro valles,13,2023-2024,Álvaro Valles,26.0,es ESP,GK
930,alvaro valles,13,2024-2025,Álvaro Valles,27.0,Spain,K
931,alvaro valles,19,2025-2026,Álvaro Valles,28.0,Spain,K
932,alvin abajas,14,2024-2025,Alvin Abajas,21.0,Spain,K
933,alvin petit dol,104,2025-2026,Alvin Petit Dol,19.0,France,D
934,alysson,28,2025-2026,Alysson,19.0,Brazil,F
935,amad diallo,43,2023-2024,Amad Diallo,21.0,ci CIV,MF
936,amad diallo,43,2024-2025,Amad Diallo,22.0,ci CIV,"MF,FW"
937,amad diallo,43,2025-2026,Amad Diallo,23.0,Cote d'Ivoire,F
938,amadou diallo,44,2023-2024,Amadou Diallo,20.0,eng ENG,FW
939,amadou haidara,68,2022-2023,Amadou Haidara,24.0,ml MLI,MF
940,amadou haidara,68,2023-2024,Amadou Haidara,25.0,ml MLI,MF
941,amadou haidara,68,2024-2025,Amadou Haidara,26.0,ml MLI,MF
942,amadou haidara,108,2025-2026,Amadou Haidara,28.0,Mali,M
943,amadou kone,120,2023-2024,Amadou Koné,18.0,ml MLI,MF
944,amadou kone,120,2024-2025,Amadou Koné,19.0,ml MLI,MF
945,amadou onana,28,2024-2025,Amadou Onana,22.0,be BEL,MF
946,amadou onana,28,2025-2026,Amadou Onana,24.0,Belgium,M
947,amadou onana,35,2022-2023,Amadou Onana,20.0,be BEL,MF
948,amadou onana,35,2023-2024,Amadou Onana,21.0,be BEL,MF
949,amadou sarr,86,2023-2024,Amadou Sarr,19.0,sn SEN,FW
950,amady camara,116,2025-2026,Amady Camara,20.0,Mali,F
951,amar ahmed,125,2022-2023,Amar Ahmed,18.0,se SWE,FW
952,amar dedic,112,2024-2025,Amar Dedic,21.0,ba BIH,MF
953,amar fatah,125,2022-2023,Amar Fatah,,,
954,amara nallo,40,2023-2024,Amara Nallo,16.0,eng ENG,DF
955,amara nallo,40,2024-2025,Amara Nallo,17.0,eng ENG,DF
956,amari'i bell,41,2023-2024,Amari'i Bell,29.0,jm JAM,DF
957,amario cozier-duberry,27,2022-2023,Amario Cozier-Duberry,17.0,eng ENG,"FW,MF"
958,amario cozier-duberry,31,2024-2025,Amario Cozier-Duberry,19.0,England,F
959,amario cozier-duberry,31,2025-2026,Amario Cozier-Duberry,20.0,England,F
960,amath,16,2022-2023,Amath,26.0,sn SEN,"MF,FW"
961,amath,16,2023-2024,Amath,27.0,sn SEN,"FW,MF"
962,amath,23,2024-2025,Amath,28.0,sn SEN,"FW,MF"
963,amath ndiaye,16,2022-2023,Amath Ndiaye,26.0,Senegal,F
964,amath ndiaye,16,2023-2024,Amath Ndiaye,,,
965,amath ndiaye,23,2024-2025,Amath Ndiaye,28.0,Senegal,F
966,ameen al dakhil,32,2023-2024,Ameen Al Dakhil,,,
967,ameen al dakhil,71,2024-2025,Ameen Al Dakhil,,,
968,ameen al-dakhil,32,2023-2024,Ameen Al-Dakhil,21.0,be BEL,DF
969,ameen al-dakhil,71,2024-2025,Ameen Al-Dakhil,22.0,be BEL,DF
970,ameen al-dakhil,71,2025-2026,Ameen Al-Dakhil,23.0,Belgium,D
971,amidou doumbouya,117,2023-2024,Amidou Doumbouya,16.0,France,D
972,amidou doumbouya,117,2024-2025,Amidou Doumbouya,16.0,fr FRA,MF
973,amil siljevic,58,2024-2025,Amil Siljević,17.0,de GER,GK
974,amil siljevic,58,2025-2026,Amil Siljevic,19.0,Bosnia-Herzegovina,K
975,amin sarr,74,2023-2024,Amin Sarr,22.0,se SWE,"MF,FW"
976,amin sarr,85,2024-2025,Amin Sarr,23.0,se SWE,FW
977,amin sarr,85,2025-2026,Amin Sarr,24.0,Sweden,F
978,amin sarr,111,2022-2023,Amin Sarr,21.0,se SWE,FW
979,amin sarr,111,2023-2024,Amin Sarr,22.0,se SWE,FW
980,amine adli,29,2025-2026,Amine Adli,25.0,Morocco,F
981,amine adli,53,2022-2023,Amine Adli,22.0,ma MAR,"FW,MF"
982,amine adli,53,2023-2024,Amine Adli,23.0,ma MAR,"MF,FW"
983,amine adli,53,2024-2025,Amine Adli,24.0,ma MAR,"MF,FW"
984,amine gouiri,112,2024-2025,Amine Gouiri,24.0,dz ALG,FW
985,amine gouiri,112,2025-2026,Amine Gouiri,25.0,Algeria,F
986,amine gouiri,117,2022-2023,Amine Gouiri,22.0,dz ALG,"MF,FW"
987,amine gouiri,121,2022-2023,Amine Gouiri,22.0,dz ALG,"FW,MF"
988,amine gouiri,121,2023-2024,Amine Gouiri,23.0,dz ALG,"FW,MF"
989,amine gouiri,121,2024-2025,Amine Gouiri,24.0,dz ALG,"MF,FW"
990,amine harit,112,2022-2023,Amine Harit,25.0,ma MAR,"MF,FW"
991,amine harit,112,2023-2024,Amine Harit,26.0,ma MAR,MF
992,amine harit,112,2024-2025,Amine Harit,27.0,ma MAR,MF
993,amine harit,112,2025-2026,Amine Harit,28.0,Morocco,F
994,amine messoussa,109,2022-2023,Amine Messoussa,17.0,dz ALG,FW
995,amine salama,99,2024-2025,Amine Salama,24.0,fr FRA,FW
996,amine salama,103,2022-2023,Amine Salama,22.0,fr FRA,"FW,MF"
997,amine salama,120,2023-2024,Amine Salama,23.0,fr FRA,FW
998,amine salama,120,2024-2025,Amine Salama,24.0,fr FRA,FW
999,amine sbai,103,2025-2026,Amine Sbaï,25.0,Morocco,F
1000,amir murillo,112,2023-2024,Amir Murillo,,,
1001,amir murillo,112,2024-2025,Amir Murillo,,,
1002,amir richardson,82,2024-2025,Amir Richardson,22.0,ma MAR,MF
1003,amir richardson,82,2025-2026,Amir Richardson,23.0,Morocco,M
1004,amir richardson,120,2023-2024,Amir Richardson,21.0,ma MAR,MF
1005,amir rrahmani,91,2022-2023,Amir Rrahmani,28.0,xk KVX,DF
1006,amir rrahmani,91,2023-2024,Amir Rrahmani,29.0,xk KVX,DF
1007,amir rrahmani,91,2024-2025,Amir Rrahmani,30.0,xk KVX,DF
1008,amir rrahmani,91,2025-2026,Amir Rrahmani,31.0,Kosovo,D
1009,amorim,84,2025-2026,Amorim,20.0,Brazil,M
1010,amos pieper,73,2022-2023,Amos Pieper,24.0,de GER,DF
1011,amos pieper,73,2023-2024,Amos Pieper,25.0,de GER,DF
1012,amos pieper,73,2024-2025,Amos Pieper,26.0,de GER,DF
1013,amos pieper,73,2025-2026,Amos Pieper,28.0,Germany,D
1014,anas haj mohamed,92,2024-2025,Anas Haj Mohamed,19.0,Tunisia,F
1015,anass salah-eddine,94,2024-2025,Anass Salah-Eddine,22.0,ma MAR,MF
1016,anass zaroury,32,2023-2024,Anass Zaroury,22.0,ma MAR,FW
1017,anass zaroury,108,2024-2025,Anass Zaroury,23.0,ma MAR,"MF,FW"
1018,anastasios douvikas,7,2023-2024,Anastasios Douvikas,23.0,gr GRE,FW
1019,anastasios douvikas,7,2024-2025,Anastasios Douvikas,24.0,gr GRE,FW
1020,anastasios douvikas,79,2024-2025,Anastasios Douvikas,24.0,gr GRE,FW
1021,anastasios douvikas,79,2025-2026,Anastasios Douvikas,26.0,Greece,F
1022,ander astralaga,5,2022-2023,Ander Astralaga,18.0,es ESP,GK
1023,ander astralaga,5,2023-2024,Ander Astralaga,19.0,es ESP,GK
1024,ander astralaga,5,2024-2025,Ander Astralaga,20.0,es ESP,GK
1025,ander barrenetxea,22,2022-2023,Ander Barrenetxea,20.0,es ESP,"DF,MF"
1026,ander barrenetxea,22,2023-2024,Ander Barrenetxea,21.0,es ESP,"MF,FW"
1027,ander barrenetxea,22,2024-2025,Ander Barrenetxea,22.0,es ESP,MF
1028,ander barrenetxea,22,2025-2026,Ander Barrenetxea,24.0,Spain,F
1029,ander capa,3,2022-2023,Ander Capa,30.0,es ESP,DF
1030,ander guevara,1,2023-2024,Ander Guevara,26.0,es ESP,MF
1031,ander guevara,1,2024-2025,Ander Guevara,27.0,es ESP,MF
1032,ander guevara,1,2025-2026,Ander Guevara,28.0,Spain,M
1033,ander guevara,22,2022-2023,Ander Guevara,25.0,es ESP,MF
1034,ander herrera,3,2022-2023,Ander Herrera,32.0,es ESP,MF
1035,ander herrera,3,2023-2024,Ander Herrera,33.0,es ESP,MF
1036,ander herrera,3,2024-2025,Ander Herrera,34.0,es ESP,MF
1037,ander iru,3,2022-2023,Ander Iru,24.0,Spain,K
1038,ander izagirre,3,2024-2025,Ander Izagirre,21.0,es ESP,DF
1039,ander martin,22,2022-2023,Ander Martín,21.0,es ESP,MF
1040,ander sanchez,1,2023-2024,Ander Sánchez,19.0,es ESP,MF
1041,anders brset,74,2023-2024,Anders Børset,17.0,no NOR,DF
1042,anderson lima,88,2023-2024,Anderson Lima,23.0,br BRA,MF
1043,anderson lucoqui,66,2022-2023,Anderson Lucoqui,25.0,ao ANG,DF
1044,andoni gorosabel,1,2023-2024,Andoni Gorosabel,26.0,es ESP,DF
1045,andoni gorosabel,3,2024-2025,Andoni Gorosabel,27.0,es ESP,DF
1046,andoni gorosabel,3,2025-2026,Andoni Gorosabel,29.0,Spain,D
1047,andoni gorosabel,22,2022-2023,Andoni Gorosabel,25.0,es ESP,DF
1048,andoni zubiaurre,22,2022-2023,Andoni Zubiaurre,25.0,es ESP,GK
1049,andras schafer,72,2022-2023,András Schäfer,23.0,hu HUN,MF
1050,andras schafer,72,2023-2024,András Schäfer,24.0,hu HUN,MF
1051,andras schafer,72,2024-2025,András Schäfer,25.0,hu HUN,MF
1052,andras schafer,72,2025-2026,András Schäfer,26.0,Hungary,M
1053,andre,51,2024-2025,André,23.0,br BRA,MF
1054,andre almeida,25,2022-2023,André Almeida,22.0,Portugal,M
1055,andre almeida,25,2023-2024,André Almeida,23.0,Portugal,M
1056,andre almeida,25,2024-2025,André Almeida,24.0,Portugal,F
1057,andre almeida,25,2025-2026,André Almeida,25.0,Portugal,F
1058,andre anderson,88,2023-2024,André Anderson,24.0,Italy,F
1059,andre anderson,88,2024-2025,André Anderson,25.0,Italy,F
1060,andre ayew,45,2022-2023,André Ayew,32.0,gh GHA,FW
1061,andre ayew,107,2023-2024,André Ayew,33.0,gh GHA,"FW,MF"
1062,andre ayew,107,2024-2025,André Ayew,34.0,gh GHA,FW
1063,andre brooks,46,2023-2024,Andre Brooks,19.0,jm JAM,MF
1064,andre ferreira,12,2023-2024,André Ferreira,27.0,pt POR,GK
1065,andre ferreira,23,2024-2025,André Ferreira,28.0,pt POR,GK
1066,andre gomes,35,2022-2023,André Gomes,29.0,pt POR,MF
1067,andre gomes,35,2023-2024,André Gomes,30.0,pt POR,MF
1068,andre gomes,109,2022-2023,André Gomes,29.0,pt POR,MF
1069,andre gomes,109,2024-2025,André Gomes,31.0,pt POR,MF
1070,andre gomes,109,2025-2026,André Gomes,32.0,Portugal,M
1071,andre hahn,52,2022-2023,André Hahn,31.0,de GER,"MF,FW"
1072,andre onana,43,2023-2024,André Onana,27.0,cm CMR,GK
1073,andre onana,43,2024-2025,André Onana,28.0,cm CMR,GK
1074,andre onana,43,2025-2026,André Onana,29.0,Cameroon,K
1075,andre onana,86,2022-2023,André Onana,26.0,cm CMR,GK
1076,andre silva,8,2025-2026,André Silva,30.0,Portugal,F
1077,andre silva,22,2023-2024,André Silva,27.0,pt POR,FW
1078,andre silva,68,2022-2023,André Silva,26.0,pt POR,FW
1079,andre silva,68,2024-2025,André Silva,28.0,pt POR,FW
1080,andre silva,73,2024-2025,André Silva,28.0,pt POR,FW
1081,andre trindade,51,2024-2025,André Trindade,23.0,Brazil,M
1082,andre trindade,51,2025-2026,André Trindade,24.0,Brazil,M
1083,andre zambo anguissa,91,2022-2023,André Zambo Anguissa,27.0,Cameroon,M
1084,andre zambo anguissa,91,2023-2024,André Zambo Anguissa,28.0,Cameroon,M
1085,andre zambo anguissa,91,2024-2025,André Zambo Anguissa,29.0,Cameroon,M
1086,andre zambo anguissa,91,2025-2026,André Zambo Anguissa,30.0,Cameroon,M
1087,andre-frank zambo anguissa,91,2022-2023,Andre-Frank Zambo Anguissa,26.0,cm CMR,MF
1088,andre-frank zambo anguissa,91,2023-2024,Andre-Frank Zambo Anguissa,27.0,cm CMR,MF
1089,andre-frank zambo anguissa,91,2024-2025,Andre-Frank Zambo Anguissa,28.0,cm CMR,MF
1090,andrea barberis,90,2022-2023,Andrea Barberis,28.0,it ITA,MF
1091,andrea bartoccioni,75,2023-2024,Andrea Bartoccioni,19.0,it ITA,GK
1092,andrea belotti,78,2025-2026,Andrea Belotti,32.0,Italy,F
1093,andrea belotti,79,2024-2025,Andrea Belotti,30.0,it ITA,FW
1094,andrea belotti,82,2023-2024,Andrea Belotti,29.0,it ITA,FW
1095,andrea belotti,94,2022-2023,Andrea Belotti,28.0,it ITA,FW
1096,andrea belotti,94,2023-2024,Andrea Belotti,29.0,it ITA,FW
1097,andrea bozzolan,75,2022-2023,Andrea Bozzolan,18.0,it ITA,DF
1098,andrea cambiaso,77,2022-2023,Andrea Cambiaso,22.0,it ITA,"DF,MF"
1099,andrea cambiaso,87,2023-2024,Andrea Cambiaso,23.0,it ITA,MF
1100,andrea cambiaso,87,2024-2025,Andrea Cambiaso,24.0,it ITA,"DF,MF"
1101,andrea cambiaso,87,2025-2026,Andrea Cambiaso,25.0,Italy,M
1102,andrea carboni,90,2022-2023,Andrea Carboni,21.0,it ITA,DF
1103,andrea carboni,90,2023-2024,Andrea Carboni,22.0,it ITA,DF
1104,andrea carboni,90,2024-2025,Andrea Carboni,23.0,it ITA,DF
1105,andrea cogoni,78,2024-2025,Andrea Cogoni,18.0,it ITA,DF
1106,andrea colpani,82,2024-2025,Andrea Colpani,25.0,it ITA,MF
1107,andrea colpani,90,2022-2023,Andrea Colpani,23.0,it ITA,MF
1108,andrea colpani,90,2023-2024,Andrea Colpani,24.0,it ITA,MF
1109,andrea consigli,97,2022-2023,Andrea Consigli,35.0,it ITA,GK
1110,andrea consigli,97,2023-2024,Andrea Consigli,36.0,it ITA,GK
1111,andrea conti,96,2022-2023,Andrea Conti,28.0,it ITA,"DF,MF"
1112,andrea dacourt,117,2022-2023,Andréa Dacourt,17.0,fr FRA,MF
1113,andrea ferraris,90,2022-2023,Andrea Ferraris,19.0,it ITA,FW
1114,andrea ferraris,90,2023-2024,Andrea Ferraris,20.0,it ITA,FW
1115,andrea mazza,90,2023-2024,Andrea Mazza,19.0,it ITA,GK
1116,andrea mazza,90,2024-2025,Andrea Mazza,20.0,it ITA,GK
1117,andrea natali,53,2024-2025,Andrea Natali,16.0,it ITA,DF
1118,andrea petagna,78,2023-2024,Andrea Petagna,28.0,it ITA,FW
1119,andrea petagna,90,2022-2023,Andrea Petagna,27.0,it ITA,FW
1120,andrea petagna,90,2023-2024,Andrea Petagna,28.0,it ITA,FW
1121,andrea petagna,90,2024-2025,Andrea Petagna,29.0,it ITA,FW
1122,andrea pinamonti,84,2024-2025,Andrea Pinamonti,25.0,it ITA,FW
1123,andrea pinamonti,97,2022-2023,Andrea Pinamonti,23.0,it ITA,FW
1124,andrea pinamonti,97,2023-2024,Andrea Pinamonti,24.0,it ITA,FW
1125,andrea pinamonti,97,2025-2026,Andrea Pinamonti,26.0,Italy,F
1126,andrea ranocchia,90,2022-2023,Andrea Ranocchia,34.0,it ITA,DF
1127,andrea sodero,81,2023-2024,Andrea Sodero,18.0,it ITA,MF
1128,andrea sorrentino,95,2022-2023,Andrea Sorrentino,17.0,it ITA,GK
1129,andrea vailati,90,2024-2025,Andrea Vailati,16.0,it ITA,GK
1130,andreas albers,70,2024-2025,Andreas Albers,34.0,dk DEN,"FW,MF"
1131,andreas bruus,125,2022-2023,Andreas Bruus,23.0,dk DEN,"MF,DF"
1132,andreas christensen,5,2022-2023,Andreas Christensen,26.0,dk DEN,DF
1133,andreas christensen,5,2023-2024,Andreas Christensen,27.0,dk DEN,"DF,MF"
1134,andreas christensen,5,2024-2025,Andreas Christensen,28.0,dk DEN,DF
1135,andreas christensen,5,2025-2026,Andreas Christensen,29.0,Denmark,D
1136,andreas hanche-olsen,66,2022-2023,Andreas Hanche-Olsen,25.0,no NOR,DF
1137,andreas hanche-olsen,66,2023-2024,Andreas Hanche-Olsen,26.0,no NOR,DF
1138,andreas hanche-olsen,66,2024-2025,Andreas Hanche-Olsen,27.0,no NOR,DF
1139,andreas hanche-olsen,66,2025-2026,Andreas Hanche-Olsen,29.0,Norway,D
1140,andreas hountondji,70,2025-2026,Andréas Hountondji,23.0,Benin,F
1141,andreas ivan,69,2022-2023,Andreas Ivan,27.0,ro ROU,MF
1142,andreas jungdal,75,2022-2023,Andreas Jungdal,20.0,dk DEN,GK
1143,andreas luthe,55,2023-2024,Andreas Luthe,36.0,de GER,GK
1144,andreas muller,57,2023-2024,Andreas Müller,23.0,de GER,MF
1145,andreas pereira,36,2022-2023,Andreas Pereira,26.0,br BRA,MF
1146,andreas pereira,36,2023-2024,Andreas Pereira,27.0,br BRA,MF
1147,andreas pereira,36,2024-2025,Andreas Pereira,28.0,br BRA,MF
1148,andreas skov olsen,74,2024-2025,Andreas Skov Olsen,24.0,dk DEN,"MF,FW"
1149,andreas skov olsen,74,2025-2026,Andreas Skov Olsen,26.0,Denmark,F
1150,andreas voglsammer,72,2022-2023,Andreas Voglsammer,30.0,de GER,"FW,MF"
1151,andreaw gravillon,99,2022-2023,Andreaw Gravillon,24.0,Guadeloupe,D
1152,andreaw gravillon,120,2022-2023,Andreaw Gravillon,,,
1153,andrei girotto,116,2022-2023,Andrei Girotto,30.0,br BRA,"DF,MF"
1154,andrei motoc,95,2022-2023,Andrei Motoc,20.0,md MDA,DF
1155,andrei motoc,95,2023-2024,Andrei Motoc,21.0,md MDA,DF
1156,andrei ratiu,18,2023-2024,Andrei Ratiu,25.0,ro ROU,"DF,MF"
1157,andrei ratiu,18,2024-2025,Andrei Ratiu,26.0,ro ROU,"DF,MF"
1158,andrei ratiu,18,2025-2026,Andrei Rațiu,27.0,Romania,D
1159,andrej ilic,72,2024-2025,Andrej Ilic,24.0,rs SRB,FW
1160,andrej ilic,72,2025-2026,Andrej Ilic,25.0,Serbia,F
1161,andrej ilic,109,2023-2024,Andrej Ilic,23.0,rs SRB,FW
1162,andrej kramaric,63,2022-2023,Andrej Kramaric,31.0,hr CRO,"MF,FW"
1163,andrej kramaric,63,2023-2024,Andrej Kramaric,32.0,hr CRO,"MF,FW"
1164,andrej kramaric,63,2024-2025,Andrej Kramaric,33.0,hr CRO,MF
1165,andrej kramaric,63,2025-2026,Andrej Kramaric,34.0,Croatia,F
1166,andres castrin,24,2025-2026,Andrés Castrín,22.0,Spain,D
1167,andres cuenca,5,2024-2025,Andres Cuenca,17.0,es ESP,DF
1168,andres garcia,28,2024-2025,Andrés García,21.0,es ESP,"DF,MF"
1169,andres garcia,28,2025-2026,Andrés García,22.0,Spain,D
1170,andres gomez,121,2024-2025,Andrés Gómez,21.0,co COL,MF
1171,andres guardado,19,2022-2023,Andrés Guardado,35.0,mx MEX,MF
1172,andres guardado,19,2023-2024,Andrés Guardado,36.0,mx MEX,MF
1173,andres martin,18,2022-2023,Andrés Martín,23.0,es ESP,MF
1174,andres sfait,95,2022-2023,Andres Sfait,17.0,ro ROU,MF
1175,andres sfait,95,2023-2024,Andres Sfait,18.0,ro ROU,MF
1176,andrew gravillon,99,2022-2023,Andrew Gravillon,24.0,gp GLP,DF
1177,andrew gravillon,120,2022-2023,Andrew Gravillon,24.0,gp GLP,DF
1178,andrew moran,31,2022-2023,Andrew Moran,18.0,ie IRL,MF
1179,andrew omobamidele,45,2023-2024,Andrew Omobamidele,21.0,ie IRL,DF
1180,andrew omobamidele,45,2024-2025,Andrew Omobamidele,22.0,ie IRL,DF
1181,andrew omobamidele,123,2024-2025,Andrew Omobamidele,22.0,ie IRL,DF
1182,andrew omobamidele,123,2025-2026,Andrew Omobamidele,23.0,Ireland,D
1183,andrew robertson,40,2022-2023,Andrew Robertson,28.0,sct SCO,DF
1184,andrew robertson,40,2023-2024,Andrew Robertson,29.0,sct SCO,DF
1185,andrew robertson,40,2024-2025,Andrew Robertson,30.0,sct SCO,DF
1186,andrew robertson,40,2025-2026,Andrew Robertson,31.0,Scotland,D
1187,andrey lunev,53,2022-2023,Andrey Lunev,31.0,Russia,K
1188,andrey lunyov,53,2022-2023,Andrey Lunyov,30.0,ru RUS,GK
1189,andrey santos,33,2023-2024,Andrey Santos,19.0,br BRA,MF
1190,andrey santos,33,2024-2025,Andrey Santos,20.0,Brazil,M
1191,andrey santos,33,2025-2026,Andrey Santos,21.0,Brazil,M
1192,andrey santos,45,2023-2024,Andrey Santos,19.0,br BRA,MF
1193,andrey santos,123,2023-2024,Andrey Santos,19.0,br BRA,MF
1194,andrey santos,123,2024-2025,Andrey Santos,20.0,br BRA,MF
1195,andri fannar baldursson,77,2024-2025,Andri Fannar Baldursson,23.0,Iceland,M
1196,andrias edmundsson,85,2025-2026,Andrias Edmundsson,25.0,Faroe Islands,D
1197,andrii lunin,20,2022-2023,Andrii Lunin,,,
1198,andrii lunin,20,2023-2024,Andrii Lunin,,,
1199,andrii lunin,20,2024-2025,Andrii Lunin,,,
1200,andrija bulatovic,108,2025-2026,Andrija Bulatovic,19.0,Montenegro,M
1201,andrija maksimovic,68,2025-2026,Andrija Maksimovic,18.0,Serbia,F
1202,andrik markgraf,72,2025-2026,Andrik Markgraf,19.0,Germany,D
1203,andriy lunin,20,2022-2023,Andriy Lunin,23.0,ua UKR,GK
1204,andriy lunin,20,2023-2024,Andriy Lunin,24.0,ua UKR,GK
1205,andriy lunin,20,2024-2025,Andriy Lunin,25.0,ua UKR,GK
1206,andriy lunin,20,2025-2026,Andriy Lunin,26.0,Ukraine,K
1207,andros townsend,35,2022-2023,Andros Townsend,31.0,England,F
1208,andros townsend,41,2023-2024,Andros Townsend,32.0,eng ENG,"MF,FW"
1209,andu kelati,64,2024-2025,Andu Kelati,21.0,de GER,MF
1210,andy delort,115,2024-2025,Andy Delort,32.0,dz ALG,FW
1211,andy delort,116,2022-2023,Andy Delort,30.0,dz ALG,FW
1212,andy delort,117,2022-2023,Andy Delort,30.0,dz ALG,FW
1213,andy diouf,86,2025-2026,Andy Diouf,22.0,France,M
1214,andy diouf,108,2023-2024,Andy Diouf,20.0,fr FRA,MF
1215,andy diouf,108,2024-2025,Andy Diouf,21.0,fr FRA,MF
1216,andy irving,50,2024-2025,Andy Irving,24.0,sct SCO,MF
1217,andy lonergan,35,2022-2023,Andy Lonergan,38.0,ie IRL,GK
1218,andy lonergan,35,2023-2024,Andy Lonergan,39.0,ie IRL,GK
1219,andy pelmard,13,2024-2025,Andy Pelmard,24.0,mg MAD,DF
1220,andy pelmard,89,2024-2025,Andy Pelmard,24.0,mg MAD,DF
1221,andy pelmard,106,2023-2024,Andy Pelmard,23.0,mg MAD,DF
1222,andy robertson,40,2022-2023,Andy Robertson,,,
1223,andy robertson,40,2023-2024,Andy Robertson,,,
1224,andy robertson,40,2024-2025,Andy Robertson,,,
1225,anel ahmedhodzic,46,2023-2024,Anel Ahmedhodzic,24.0,ba BIH,DF
1226,ange loic n'gatta,104,2024-2025,Ange Loic N'Gatta,21.0,France,D
1227,ange martial tia,120,2024-2025,Ange Martial Tia,17.0,ml MLI,MF
1228,ange tia,120,2024-2025,Ange Tia,,,
1229,ange-loic ngatta,104,2024-2025,Ange-Loïc N’Gatta,,,
1230,ange-yoan bonny,86,2025-2026,Ange-Yoan Bonny,22.0,France,F
1231,ange-yoan bonny,92,2024-2025,Ange-Yoan Bonny,20.0,fr FRA,FW
1232,angel alarcon,5,2022-2023,Ángel Alarcón,18.0,es ESP,FW
1233,angel algobia,10,2022-2023,Ángel Algobia,23.0,es ESP,MF
1234,angel correa,4,2022-2023,Ángel Correa,27.0,ar ARG,"FW,MF"
1235,angel correa,4,2023-2024,Ángel Correa,28.0,ar ARG,"FW,MF"
1236,angel correa,4,2024-2025,Ángel Correa,29.0,ar ARG,FW
1237,angel di maria,87,2022-2023,Ángel Di María,34.0,ar ARG,"FW,MF"
1238,angel fortuno,9,2024-2025,Ángel Fortuño,23.0,Spain,K
1239,angel fortuno,9,2025-2026,Ángel Fortuño,24.0,Spain,K
1240,angel gomes,51,2025-2026,Angel Gomes,25.0,England,F
1241,angel gomes,109,2022-2023,Angel Gomes,21.0,eng ENG,MF
1242,angel gomes,109,2023-2024,Angel Gomes,22.0,eng ENG,MF
1243,angel gomes,109,2024-2025,Angel Gomes,23.0,eng ENG,MF
1244,angel gomes,112,2025-2026,Angel Gomes,25.0,England,F
1245,angel ortiz,19,2024-2025,Ángel Ortiz,20.0,es ESP,DF
1246,angel ortiz,19,2025-2026,Ángel Ortiz,21.0,Spain,D
1247,angel perez,1,2025-2026,Ángel Pérez,23.0,Spain,F
1248,angel rodriguez,16,2022-2023,Ángel Rodríguez,35.0,es ESP,FW
1249,angelino,63,2022-2023,Angeliño,25.0,es ESP,MF
1250,angelino,94,2023-2024,Angeliño,26.0,es ESP,"DF,MF"
1251,angelino,94,2024-2025,Angeliño,27.0,es ESP,"MF,DF"
1252,angelino,94,2025-2026,Angeliño,29.0,Spain,D
1253,angelo,123,2023-2024,Ângelo,18.0,br BRA,"MF,FW"
1254,angelo fulgini,66,2022-2023,Angelo Fulgini,25.0,nc NCL,MF
1255,angelo fulgini,108,2022-2023,Angelo Fulgini,25.0,nc NCL,"MF,FW"
1256,angelo fulgini,108,2023-2024,Angelo Fulgini,26.0,nc NCL,MF
1257,angelo fulgini,108,2024-2025,Angelo Fulgini,27.0,nc NCL,MF
1258,angelo gabriel,123,2023-2024,Ângelo Gabriel,19.0,Brazil,F
1259,angelo ogbonna,50,2022-2023,Angelo Ogbonna,34.0,it ITA,DF
1260,angelo ogbonna,50,2023-2024,Angelo Ogbonna,35.0,it ITA,DF
1261,angelo stiller,63,2022-2023,Angelo Stiller,21.0,de GER,MF
1262,angelo stiller,63,2023-2024,Angelo Stiller,22.0,de GER,MF
1263,angelo stiller,71,2023-2024,Angelo Stiller,22.0,de GER,MF
1264,angelo stiller,71,2024-2025,Angelo Stiller,23.0,de GER,MF
1265,angelo stiller,71,2025-2026,Angelo Stiller,24.0,Germany,M
1266,angus gunn,45,2025-2026,Angus Gunn,30.0,Scotland,K
1267,anis ben slimane,46,2023-2024,Anis Ben Slimane,22.0,tn TUN,MF
1268,ank asmussen,81,2024-2025,Ank Asmussen,19.0,dk DEN,FW
1269,anrie chase,71,2023-2024,Anrie Chase,19.0,jp JPN,DF
1270,anrie chase,71,2024-2025,Anrie Chase,20.0,jp JPN,DF
1271,ansgar knauff,58,2022-2023,Ansgar Knauff,20.0,de GER,MF
1272,ansgar knauff,58,2023-2024,Ansgar Knauff,21.0,de GER,"MF,FW"
1273,ansgar knauff,58,2024-2025,Ansgar Knauff,22.0,de GER,MF
1274,ansgar knauff,58,2025-2026,Ansgar Knauff,24.0,Germany,F
1275,ansu fati,5,2022-2023,Ansu Fati,19.0,es ESP,FW
1276,ansu fati,5,2023-2024,Ansu Fati,20.0,es ESP,"FW,MF"
1277,ansu fati,5,2024-2025,Ansu Fati,21.0,es ESP,MF
1278,ansu fati,5,2025-2026,Ansu Fati,22.0,Spain,F
1279,ansu fati,31,2023-2024,Ansu Fati,20.0,es ESP,"MF,FW"
1280,ansu fati,114,2025-2026,Ansu Fati,23.0,Spain,F
1281,antal yaakobishvili,11,2023-2024,Antal Yaakobishvili,19.0,hu HUN,DF
1282,antal yaakobishvili,11,2024-2025,Antal Yaakobishvili,20.0,hu HUN,DF
1283,ante budimir,17,2022-2023,Ante Budimir,31.0,hr CRO,FW
1284,ante budimir,17,2023-2024,Ante Budimir,32.0,hr CRO,FW
1285,ante budimir,17,2024-2025,Ante Budimir,33.0,hr CRO,FW
1286,ante budimir,17,2025-2026,Ante Budimir,34.0,Croatia,F
1287,ante coric,94,2022-2023,Ante Coric,25.0,Croatia,F
1288,ante palaversa,125,2022-2023,Ante Palaversa,22.0,hr CRO,MF
1289,ante rebic,75,2022-2023,Ante Rebić,28.0,hr CRO,"MF,FW"
1290,ante rebic,89,2024-2025,Ante Rebic,30.0,hr CRO,"FW,MF"
1291,ante rebicac,75,2022-2023,Ante RebicAC,,,
1292,anthony bermont,108,2025-2026,Anthony Bermont,20.0,France,F
1293,anthony briancon,122,2024-2025,Anthony Briançon,29.0,fr FRA,"DF,MF"
1294,anthony caci,66,2022-2023,Anthony Caci,25.0,fr FRA,"MF,DF"
1295,anthony caci,66,2023-2024,Anthony Caci,26.0,fr FRA,"MF,DF"
1296,anthony caci,66,2024-2025,Anthony Caci,27.0,fr FRA,MF
1297,anthony caci,66,2025-2026,Anthony Caci,28.0,France,D
1298,anthony elanga,43,2022-2023,Anthony Elanga,20.0,se SWE,MF
1299,anthony elanga,44,2025-2026,Anthony Elanga,23.0,Sweden,F
1300,anthony elanga,45,2023-2024,Anthony Elanga,21.0,se SWE,"MF,FW"
1301,anthony elanga,45,2024-2025,Anthony Elanga,22.0,se SWE,"MF,FW"
1302,anthony gordon,35,2022-2023,Anthony Gordon,21.0,eng ENG,"FW,MF"
1303,anthony gordon,44,2022-2023,Anthony Gordon,21.0,eng ENG,"FW,MF"
1304,anthony gordon,44,2023-2024,Anthony Gordon,22.0,eng ENG,FW
1305,anthony gordon,44,2024-2025,Anthony Gordon,23.0,eng ENG,"FW,MF"
1306,anthony gordon,44,2025-2026,Anthony Gordon,24.0,England,F
1307,anthony jung,59,2025-2026,Anthony Jung,34.0,Germany,D
1308,anthony jung,73,2022-2023,Anthony Jung,30.0,de GER,MF
1309,anthony jung,73,2023-2024,Anthony Jung,31.0,de GER,"DF,MF"
1310,anthony jung,73,2024-2025,Anthony Jung,32.0,de GER,DF
1311,anthony khelifa,102,2022-2023,Anthony Khelifa,16.0,dz ALG,DF
1312,anthony khelifaac,102,2022-2023,Anthony KhelifaAC,,,
1313,anthony lopes,111,2022-2023,Anthony Lopes,31.0,pt POR,GK
1314,anthony lopes,111,2023-2024,Anthony Lopes,32.0,pt POR,GK
1315,anthony lopes,116,2024-2025,Anthony Lopes,33.0,pt POR,GK
1316,anthony lopes,116,2025-2026,Anthony Lopes,35.0,Portugal,K
1317,anthony losilla,55,2022-2023,Anthony Losilla,36.0,fr FRA,MF
1318,anthony losilla,55,2023-2024,Anthony Losilla,37.0,fr FRA,MF
1319,anthony losilla,55,2024-2025,Anthony Losilla,38.0,fr FRA,MF
1320,anthony lozano,2,2023-2024,Anthony Lozano,30.0,hn HON,FW
1321,anthony lozano,6,2022-2023,Anthony Lozano,29.0,hn HON,FW
1322,anthony lozano,10,2023-2024,Anthony Lozano,30.0,hn HON,FW
1323,anthony martial,43,2022-2023,Anthony Martial,26.0,fr FRA,FW
1324,anthony martial,43,2023-2024,Anthony Martial,27.0,fr FRA,FW
1325,anthony modeste,56,2022-2023,Anthony Modeste,34.0,fr FRA,FW
1326,anthony oyono,83,2023-2024,Anthony Oyono,22.0,ga GAB,"DF,MF"
1327,anthony patterson,48,2025-2026,Anthony Patterson,25.0,England,K
1328,anthony pavlesic,54,2024-2025,Anthony Pavlesic,18.0,hr CRO,GK
1329,anthony rouault,71,2023-2024,Anthony Rouault,22.0,fr FRA,DF
1330,anthony rouault,71,2024-2025,Anthony Rouault,23.0,fr FRA,DF
1331,anthony rouault,121,2024-2025,Anthony Rouault,23.0,fr FRA,DF
1332,anthony rouault,121,2025-2026,Anthony Rouault,24.0,France,D
1333,anthony rouault,124,2022-2023,Anthony Rouault,21.0,fr FRA,DF
1334,antoine bernede,85,2024-2025,Antoine Bernede,25.0,fr FRA,MF
1335,antoine bernede,85,2025-2026,Antoine Bernede,26.0,France,M
1336,antoine griezmann,4,2022-2023,Antoine Griezmann,31.0,fr FRA,"FW,MF"
1337,antoine griezmann,4,2023-2024,Antoine Griezmann,32.0,fr FRA,"FW,MF"
1338,antoine griezmann,4,2024-2025,Antoine Griezmann,33.0,fr FRA,"FW,MF"
1339,antoine griezmann,4,2025-2026,Antoine Griezmann,34.0,France,F
1340,antoine hainaut,92,2024-2025,Antoine Hainaut,22.0,fr FRA,"DF,MF"
1341,antoine joujou,107,2023-2024,Antoine Joujou,20.0,fr FRA,"MF,FW"
1342,antoine joujou,107,2024-2025,Antoine Joujou,21.0,fr FRA,"MF,FW"
1343,antoine makoumbou,78,2023-2024,Antoine Makoumbou,25.0,cg CGO,MF
1344,antoine makoumbou,78,2024-2025,Antoine Makoumbou,26.0,cg CGO,MF
1345,antoine mendy,117,2022-2023,Antoine Mendy,18.0,sn SEN,"DF,MF"
1346,antoine mendy,117,2023-2024,Antoine Mendy,19.0,sn SEN,DF
1347,antoine mendy,117,2024-2025,Antoine Mendy,20.0,sn SEN,"DF,MF"
1348,antoine mendy,117,2025-2026,Antoine Mendy,21.0,Senegal,D
1349,antoine semenyo,29,2022-2023,Antoine Semenyo,22.0,gh GHA,"MF,FW"
1350,antoine semenyo,29,2023-2024,Antoine Semenyo,23.0,gh GHA,MF
1351,antoine semenyo,29,2024-2025,Antoine Semenyo,24.0,gh GHA,MF
1352,antoine semenyo,42,2025-2026,Antoine Semenyo,26.0,Ghana,F
1353,anton kade,52,2025-2026,Anton Kade,22.0,Germany,M
1354,anton stach,38,2025-2026,Anton Stach,27.0,Germany,M
1355,anton stach,63,2023-2024,Anton Stach,24.0,de GER,MF
1356,anton stach,63,2024-2025,Anton Stach,25.0,de GER,"MF,DF"
1357,anton stach,66,2022-2023,Anton Stach,23.0,de GER,MF
1358,anton stach,66,2023-2024,Anton Stach,24.0,de GER,MF
1359,antonee robinson,36,2022-2023,Antonee Robinson,24.0,us USA,DF
1360,antonee robinson,36,2023-2024,Antonee Robinson,25.0,us USA,DF
1361,antonee robinson,36,2024-2025,Antonee Robinson,26.0,us USA,"DF,MF"
1362,antonee robinson,36,2025-2026,Antonee Robinson,28.0,United States,D
1363,antoni milambo,30,2025-2026,Antoni Milambo,20.0,Netherlands,F
1364,antonin barak,82,2022-2023,Antonín Barák,27.0,cz CZE,MF
1365,antonin barak,82,2023-2024,Antonín Barák,28.0,cz CZE,"MF,FW"
1366,antonin barak,82,2024-2025,Antonín Barák,29.0,cz CZE,MF
1367,antonin barak,85,2022-2023,Antonín Barák,27.0,cz CZE,MF
1368,antonin bobichon,103,2022-2023,Antonin Bobichon,26.0,fr FRA,"FW,MF"
1369,antonin cartillier,105,2023-2024,Antonin Cartillier,19.0,France,D
1370,antonin cartillier,114,2023-2024,Antonin Cartillier,19.0,fr FRA,DF
1371,antonin kinsky,49,2024-2025,Antonín Kinsky,21.0,cz CZE,GK
1372,antonin kinsky,49,2025-2026,Antonín Kinský,22.0,Czech Republic,K
1373,antonino gallo,89,2022-2023,Antonino Gallo,22.0,it ITA,DF
1374,antonino gallo,89,2023-2024,Antonino Gallo,23.0,it ITA,DF
1375,antonino gallo,89,2024-2025,Antonino Gallo,24.0,it ITA,DF
1376,antonino gallo,89,2025-2026,Antonino Gallo,26.0,Italy,D
1377,antonio blanco,1,2023-2024,Antonio Blanco,23.0,es ESP,MF
1378,antonio blanco,1,2024-2025,Antonio Blanco,24.0,es ESP,MF
1379,antonio blanco,1,2025-2026,Antonio Blanco,25.0,Spain,M
1380,antonio blanco,6,2022-2023,Antonio Blanco,22.0,es ESP,MF
1381,antonio candela,23,2024-2025,Antonio Candela,24.0,it ITA,DF
1382,antonio candela,101,2024-2025,Antonio Candela,24.0,it ITA,"MF,DF"
1383,antonio candreva,95,2022-2023,Antonio Candreva,35.0,it ITA,MF
1384,antonio candreva,95,2023-2024,Antonio Candreva,36.0,it ITA,MF
1385,antonio caracciolo,93,2025-2026,Antonio Caracciolo,35.0,Italy,D
1386,antonio donnarumma,99,2024-2025,Antonio Donnarumma,34.0,it ITA,GK
1387,antonio espigare,26,2024-2025,Antonio Espigare,19.0,es ESP,DF
1388,antonio gomis,4,2022-2023,Antonio Gomís,19.0,es ESP,GK
1389,antonio gomis,4,2023-2024,Antonio Gomis,20.0,es ESP,GK
1390,antonio gomis,4,2024-2025,Antonio Gomis,21.0,es ESP,GK
1391,antonio iervolino,95,2022-2023,Antonio Iervolino,19.0,it ITA,MF
1392,antonio iervolino,95,2023-2024,Antonio Iervolino,20.0,it ITA,MF
1393,antonio mirante,75,2022-2023,Antonio Mirante,39.0,it ITA,GK
1394,antonio mirante,75,2023-2024,Antonio Mirante,40.0,it ITA,GK
1395,antonio miranteac,75,2022-2023,Antonio MiranteAC,,,
1396,antonio miranteac,75,2023-2024,Antonio MiranteAC,,,
1397,antonio nusa,68,2024-2025,Antonio Nusa,19.0,no NOR,"MF,DF"
1398,antonio nusa,68,2025-2026,Antonio Nusa,20.0,Norway,F
1399,antonio pio iervolino,95,2022-2023,Antonio Pio Iervolino,19.0,Italy,M
1400,antonio puertas,12,2023-2024,Antonio Puertas,31.0,es ESP,"MF,FW"
1401,antonio raillo,16,2022-2023,Antonio Raíllo,30.0,es ESP,DF
1402,antonio raillo,16,2023-2024,Antonio Raíllo,31.0,es ESP,DF
1403,antonio raillo,16,2024-2025,Antonio Raíllo,32.0,es ESP,DF
1404,antonio raillo,16,2025-2026,Antonio Raíllo,34.0,Spain,D
1405,antonio raimondo,77,2022-2023,Antonio Raimondo,18.0,it ITA,FW
1406,antonio raimondo,101,2024-2025,Antonio Raimondo,20.0,it ITA,FW
1407,antonio rudiger,20,2022-2023,Antonio Rüdiger,29.0,de GER,DF
1408,antonio rudiger,20,2023-2024,Antonio Rüdiger,30.0,de GER,DF
1409,antonio rudiger,20,2024-2025,Antonio Rüdiger,31.0,de GER,DF
1410,antonio rudiger,20,2025-2026,Antonio Rüdiger,32.0,Germany,D
1411,antonio sanabria,80,2025-2026,Antonio Sanabria,29.0,Paraguay,F
1412,antonio sanabria,99,2022-2023,Antonio Sanabria,26.0,py PAR,FW
1413,antonio sanabria,99,2023-2024,Antonio Sanabria,27.0,py PAR,FW
1414,antonio sanabria,99,2024-2025,Antonio Sanabria,28.0,py PAR,FW
1415,antonio sanchez,16,2022-2023,Antonio Sánchez,25.0,es ESP,"MF,DF"
1416,antonio sanchez,16,2023-2024,Antonio Sánchez,26.0,es ESP,MF
1417,antonio sanchez,16,2024-2025,Antonio Sánchez,27.0,es ESP,"MF,DF"
1418,antonio sanchez,16,2025-2026,Antonio Sánchez,28.0,Spain,M
1419,antonio sivera,1,2023-2024,Antonio Sivera,26.0,es ESP,GK
1420,antonio sivera,1,2024-2025,Antonio Sivera,27.0,es ESP,GK
1421,antonio sivera,1,2025-2026,Antonio Sivera,29.0,Spain,K
1422,antonio tikvic,100,2023-2024,Antonio Tikvic,19.0,hr CRO,DF
1423,antonio vergara,91,2025-2026,Antonio Vergara,23.0,Italy,F
1424,antonios papadopoulos,56,2022-2023,Antonios Papadopoulos,22.0,de GER,"DF,MF"
1425,antonios papadopoulos,56,2023-2024,Antonios Papadopoulos,23.0,de GER,DF
1426,antonis aidonis,71,2022-2023,Antonis Aidonis,21.0,de GER,DF
1427,antoniu,9,2024-2025,Antoniu,21.0,es ESP,MF
1428,antoniu roca,9,2024-2025,Antoniu Roca,22.0,Spain,F
1429,antoniu roca,9,2025-2026,Antoniu Roca,23.0,Spain,F
1430,antony,19,2024-2025,Antony,24.0,br BRA,MF
1431,antony,19,2025-2026,Antony,25.0,Brazil,F
1432,antony,43,2022-2023,Antony,22.0,br BRA,MF
1433,antony,43,2023-2024,Antony,23.0,br BRA,MF
1434,antony,43,2024-2025,Antony,24.0,br BRA,"FW,MF"
1435,antwoine hackford,46,2023-2024,Antwoine Hackford,19.0,eng ENG,FW
1436,anuar,23,2022-2023,Anuar,27.0,ma MAR,"MF,FW"
1437,anuar,23,2024-2025,Anuar,29.0,ma MAR,"MF,FW"
1438,anuar tuhami,23,2022-2023,Anuar Tuhami,,,
1439,anuar tuhami,23,2024-2025,Anuar Tuhami,,,
1440,anwar el ghazi,66,2023-2024,Anwar El Ghazi,28.0,nl NED,"FW,MF"
1441,ao tanaka,38,2025-2026,Ao Tanaka,27.0,Japan,M
1442,arber zeneli,120,2022-2023,Arbër Zeneli,27.0,xk KVX,"MF,FW"
1443,archie gray,38,2022-2023,Archie Gray,16.0,eng ENG,"DF,MF"
1444,archie gray,49,2024-2025,Archie Gray,18.0,eng ENG,"DF,MF"
1445,archie gray,49,2025-2026,Archie Gray,19.0,England,M
1446,archie harris,29,2024-2025,Archie Harris,19.0,wls WAL,DF
1447,arda guler,20,2023-2024,Arda Güler,18.0,tr TUR,"MF,FW"
1448,arda guler,20,2024-2025,Arda Güler,19.0,tr TUR,"MF,FW"
1449,arda guler,20,2025-2026,Arda Güler,20.0,Turkey,F
1450,ardian ismajli,81,2022-2023,Ardian Ismajli,25.0,al ALB,DF
1451,ardian ismajli,81,2023-2024,Ardian Ismajli,26.0,al ALB,DF
1452,ardian ismajli,81,2024-2025,Ardian Ismajli,27.0,al ALB,DF
1453,ardian ismajli,99,2025-2026,Ardian Ismajli,29.0,Albania,D
1454,ardon jashari,75,2025-2026,Ardon Jashari,23.0,Switzerland,M
1455,arial mendy,106,2022-2023,Arial Mendy,27.0,sn SEN,MF
1456,aridane hernandez,17,2022-2023,Aridane Hernández,33.0,es ESP,DF
1457,aridane hernandez,18,2023-2024,Aridane Hernández,34.0,es ESP,DF
1458,aridane hernandez,18,2024-2025,Aridane Hernández,35.0,es ESP,DF
1459,arijanet muric,32,2023-2024,Arijanet Muric,24.0,xk KVX,GK
1460,arijanet muric,37,2024-2025,Arijanet Muric,25.0,xk KVX,GK
1461,arijanet muric,97,2025-2026,Arijanet Murić,27.0,Kosovo,K
1462,arijon ibrahimovic,54,2022-2023,Arijon Ibrahimovic,16.0,de GER,MF
1463,arijon ibrahimovic,54,2024-2025,Arijon Ibrahimovic,18.0,de GER,MF
1464,arijon ibrahimovic,54,2025-2026,Arijon Ibrahimovic,19.0,Germany,F
1465,arijon ibrahimovic,61,2025-2026,Arijon Ibrahimovic,20.0,Germany,F
1466,arijon ibrahimovic,83,2023-2024,Arijon Ibrahimovic,17.0,de GER,"MF,FW"
1467,arijon ibrahimovic,88,2024-2025,Arijon Ibrahimovic,18.0,de GER,MF
1468,aristide njalla,6,2023-2024,Aristide Njalla,20.0,cm CMR,MF
1469,aristide zossou,104,2024-2025,Aristide Zossou,19.0,ci CIV,MF
1470,aritz arambarri,14,2024-2025,Aritz Arambarri,26.0,es ESP,DF
1471,aritz elustondo,22,2022-2023,Aritz Elustondo,28.0,es ESP,DF
1472,aritz elustondo,22,2023-2024,Aritz Elustondo,29.0,es ESP,DF
1473,aritz elustondo,22,2024-2025,Aritz Elustondo,30.0,es ESP,DF
1474,aritz elustondo,22,2025-2026,Aritz Elustondo,31.0,Spain,D
1475,arkadiusz milik,87,2022-2023,Arkadiusz Milik,28.0,pl POL,FW
1476,arkadiusz milik,87,2023-2024,Arkadiusz Milik,29.0,pl POL,FW
1477,arkadiusz milik,87,2024-2025,Arkadiusz Milik,31.0,Poland,F
1478,arkadiusz milik,87,2025-2026,Arkadiusz Milik,31.0,Poland,F
1479,arkadiusz milik,112,2022-2023,Arkadiusz Milik,28.0,pl POL,FW
1480,arkadiusz pyrka,70,2025-2026,Arkadiusz Pyrka,23.0,Poland,D
1481,arkadiusz reca,98,2022-2023,Arkadiusz Reca,27.0,pl POL,"MF,DF"
1482,arkaitz mariezkurrena,22,2024-2025,Arkaitz Mariezkurrena,19.0,es ESP,FW
1483,armand lauriente,97,2022-2023,Armand Laurienté,23.0,fr FRA,"FW,MF"
1484,armand lauriente,97,2023-2024,Armand Laurienté,24.0,fr FRA,"MF,FW"
1485,armand lauriente,97,2025-2026,Armand Laurienté,27.0,France,F
1486,armand lauriente,110,2022-2023,Armand Laurienté,23.0,fr FRA,"MF,FW"
1487,armando broja,32,2025-2026,Armando Broja,24.0,Albania,F
1488,armando broja,33,2022-2023,Armando Broja,20.0,al ALB,FW
1489,armando broja,33,2023-2024,Armando Broja,21.0,al ALB,FW
1490,armando broja,35,2024-2025,Armando Broja,22.0,al ALB,FW
1491,armando broja,36,2023-2024,Armando Broja,21.0,al ALB,FW
1492,armando izzo,90,2022-2023,Armando Izzo,30.0,it ITA,DF
1493,armando izzo,90,2023-2024,Armando Izzo,31.0,it ITA,DF
1494,armando izzo,90,2024-2025,Armando Izzo,32.0,it ITA,DF
1495,armel bella kotchap,47,2022-2023,Armel Bella Kotchap,20.0,de GER,DF
1496,armel bella kotchap,47,2024-2025,Armel Bella Kotchap,22.0,de GER,DF
1497,armel bella-kotchap,47,2022-2023,Armel Bella-Kotchap,21.0,Germany,D
1498,armel bella-kotchap,47,2024-2025,Armel Bella-Kotchap,23.0,Germany,D
1499,armel bella-kotchap,85,2025-2026,Armel Bella-Kotchap,24.0,Germany,D
1500,armin gigovic,64,2024-2025,Armin Gigovic,22.0,ba BIH,MF
1501,armindo sieb,66,2024-2025,Armindo Sieb,21.0,de GER,"MF,FW"
1502,armindo sieb,66,2025-2026,Armindo Sieb,22.0,Germany,F
1503,armstrong okoflex,50,2022-2023,Armstrong Okoflex,20.0,ie IRL,MF
1504,arnau martinez,11,2022-2023,Arnau Martínez,19.0,es ESP,DF
1505,arnau martinez,11,2023-2024,Arnau Martínez,20.0,es ESP,DF
1506,arnau martinez,11,2024-2025,Arnau Martínez,21.0,es ESP,"DF,MF"
1507,arnau martinez,11,2025-2026,Arnau Martínez,22.0,Spain,D
1508,arnau puigmal,2,2022-2023,Arnau Puigmal,21.0,es ESP,MF
1509,arnau puigmal,2,2023-2024,Arnau Puigmal,22.0,es ESP,"MF,DF"
1510,arnau rafus,23,2024-2025,Arnau Rafús,21.0,es ESP,GK
1511,arnau sola,26,2024-2025,Arnau Solà,21.0,es ESP,DF
1512,arnau tenas,5,2022-2023,Arnau Tenas,21.0,es ESP,GK
1513,arnau tenas,26,2025-2026,Arnau Tenas,24.0,Spain,K
1514,arnau tenas,119,2023-2024,Arnau Tenas,22.0,es ESP,GK
1515,arnau tenas,119,2024-2025,Arnau Tenas,23.0,es ESP,GK
1516,arnaud bodart,109,2025-2026,Arnaud Bodart,27.0,Belgium,K
1517,arnaud kalimuendo,45,2025-2026,Arnaud Kalimuendo,23.0,France,F
1518,arnaud kalimuendo,58,2025-2026,Arnaud Kalimuendo,24.0,France,F
1519,arnaud kalimuendo,121,2022-2023,Arnaud Kalimuendo,20.0,fr FRA,FW
1520,arnaud kalimuendo,121,2023-2024,Arnaud Kalimuendo,21.0,fr FRA,FW
1521,arnaud kalimuendo,121,2024-2025,Arnaud Kalimuendo,22.0,fr FRA,FW
1522,arnaud nordin,66,2024-2025,Arnaud Nordin,26.0,fr FRA,"FW,MF"
1523,arnaud nordin,66,2025-2026,Arnaud Nordin,27.0,France,F
1524,arnaud nordin,115,2022-2023,Arnaud Nordin,24.0,fr FRA,"MF,FW"
1525,arnaud nordin,115,2023-2024,Arnaud Nordin,25.0,fr FRA,"MF,FW"
1526,arnaud nordin,115,2024-2025,Arnaud Nordin,26.0,fr FRA,"MF,FW"
1527,arnaud nordin,121,2025-2026,Arnaud Nordin,27.0,France,F
1528,arnaud souquet,115,2022-2023,Arnaud Souquet,30.0,fr FRA,DF
1529,arnaut danjuma,11,2024-2025,Arnaut Danjuma,27.0,nl NED,"MF,FW"
1530,arnaut danjuma,25,2025-2026,Arnaut Danjuma,29.0,Netherlands,F
1531,arnaut danjuma,26,2022-2023,Arnaut Danjuma,25.0,nl NED,FW
1532,arnaut danjuma,26,2024-2025,Arnaut Danjuma,27.0,nl NED,FW
1533,arnaut danjuma,35,2023-2024,Arnaut Danjuma,26.0,nl NED,"MF,FW"
1534,arnaut danjuma,49,2022-2023,Arnaut Danjuma,25.0,nl NED,MF
1535,arne engels,52,2022-2023,Arne Engels,18.0,be BEL,MF
1536,arne engels,52,2023-2024,Arne Engels,19.0,be BEL,"MF,DF"
1537,arne engels,52,2024-2025,Arne Engels,20.0,be BEL,FW
1538,arne maier,52,2022-2023,Arne Maier,23.0,de GER,MF
1539,arne maier,52,2023-2024,Arne Maier,24.0,de GER,"MF,FW"
1540,arne maier,52,2024-2025,Arne Maier,25.0,de GER,MF
1541,aron dnnum,124,2023-2024,Aron Dønnum,25.0,no NOR,"MF,FW"
1542,aron dnnum,124,2024-2025,Aron Dønnum,26.0,no NOR,MF
1543,aron dnnum,124,2025-2026,Aron Dønnum,27.0,Norway,M
1544,aron yaakobishvili,5,2023-2024,Áron Yaakobishvili,17.0,hu HUN,GK
1545,aron yaakobishvili,5,2024-2025,Áron Yaakobishvili,18.0,hu HUN,GK
1546,arouna sangante,107,2023-2024,Arouna Sangante,21.0,sn SEN,DF
1547,arouna sangante,107,2024-2025,Arouna Sangante,22.0,sn SEN,DF
1548,arouna sangante,107,2025-2026,Arouna Sangante,23.0,Senegal,D
1549,arsen zakharyan,22,2023-2024,Arsen Zakharyan,20.0,ru RUS,"MF,FW"
1550,arsen zakharyan,22,2024-2025,Arsen Zakharyan,21.0,ru RUS,MF
1551,arsen zakharyan,22,2025-2026,Arsen Zakharyan,22.0,Russia,F
1552,arsene kouassi,110,2025-2026,Arsène Kouassi,21.0,Burkina Faso,M
1553,artem dovbyk,11,2023-2024,Artem Dovbyk,26.0,ua UKR,FW
1554,artem dovbyk,94,2024-2025,Artem Dovbyk,27.0,ua UKR,FW
1555,artem dovbyk,94,2025-2026,Artem Dovbyk,28.0,Ukraine,F
1556,artem stepanov,53,2024-2025,Artem Stepanov,16.0,ua UKR,FW
1557,arthur,11,2024-2025,Arthur,28.0,Brazil,M
1558,arthur,40,2022-2023,Arthur,26.0,Brazil,M
1559,arthur,53,2022-2023,Arthur,20.0,Brazil,D
1560,arthur,53,2023-2024,Arthur,20.0,br BRA,MF
1561,arthur,53,2024-2025,Arthur,21.0,br BRA,"MF,DF"
1562,arthur,53,2025-2026,Arthur,22.0,Brazil,D
1563,arthur,82,2023-2024,Arthur,27.0,Brazil,M
1564,arthur,87,2022-2023,Arthur,26.0,Brazil,M
1565,arthur,87,2023-2024,Arthur,26.0,Brazil,M
1566,arthur,87,2024-2025,Arthur,28.0,Brazil,M
1567,arthur atta,100,2024-2025,Arthur Atta,21.0,fr FRA,"MF,FW"
1568,arthur atta,100,2025-2026,Arthur Atta,23.0,France,M
1569,arthur atta,113,2023-2024,Arthur Atta,20.0,fr FRA,MF
1570,arthur avom,110,2025-2026,Arthur Avom,21.0,Cameroon,M
1571,arthur borghi,85,2025-2026,Arthur Borghi,18.0,Brazil,K
1572,arthur cabral,82,2022-2023,Arthur Cabral,24.0,br BRA,FW
1573,arthur chaves,52,2025-2026,Arthur Chaves,25.0,Brazil,D
1574,arthur chaves,63,2024-2025,Arthur Chaves,23.0,br BRA,DF
1575,arthur chaves,63,2025-2026,Arthur Chaves,24.0,Brazil,D
1576,arthur desmas,107,2023-2024,Arthur Desmas,29.0,fr FRA,GK
1577,arthur desmas,107,2024-2025,Arthur Desmas,30.0,fr FRA,GK
1578,arthur masuaku,48,2025-2026,Arthur Masuaku,32.0,Democratic Republic of the Congo,D
1579,arthur masuaku,108,2025-2026,Arthur Masuaku,32.0,Democratic Republic of the Congo,D
1580,arthur melo,11,2024-2025,Arthur Melo,27.0,br BRA,MF
1581,arthur melo,40,2022-2023,Arthur Melo,25.0,br BRA,MF
1582,arthur melo,82,2023-2024,Arthur Melo,26.0,br BRA,MF
1583,arthur theate,58,2024-2025,Arthur Theate,24.0,be BEL,DF
1584,arthur theate,58,2025-2026,Arthur Theate,25.0,Belgium,D
1585,arthur theate,121,2022-2023,Arthur Theate,22.0,be BEL,DF
1586,arthur theate,121,2023-2024,Arthur Theate,23.0,be BEL,DF
1587,arthur vermeeren,4,2023-2024,Arthur Vermeeren,18.0,be BEL,MF
1588,arthur vermeeren,4,2024-2025,Arthur Vermeeren,19.0,be BEL,MF
1589,arthur vermeeren,68,2024-2025,Arthur Vermeeren,19.0,be BEL,MF
1590,arthur vermeeren,112,2025-2026,Arthur Vermeeren,20.0,Belgium,M
1591,arttu lotjonen,96,2022-2023,Arttu Lötjönen,18.0,fi FIN,DF
1592,arturo calabresi,93,2025-2026,Arturo Calabresi,29.0,Italy,D
1593,arturo rodriguez,13,2024-2025,Arturo Rodríguez,17.0,es ESP,FW
1594,arvid brorsson,90,2024-2025,Arvid Brorsson,25.0,se SWE,DF
1595,arvin appiah,2,2022-2023,Arvin Appiah,21.0,eng ENG,MF
1596,arvin appiah,2,2023-2024,Arvin Appiah,22.0,eng ENG,MF
1597,asaf arania,57,2023-2024,Asaf Arania,17.0,il ISR,FW
1598,asher agbinone,34,2024-2025,Asher Agbinone,18.0,eng ENG,MF
1599,ashley barnes,32,2025-2026,Ashley Barnes,36.0,England,F
1600,ashley phillips,49,2023-2024,Ashley Phillips,18.0,wls WAL,DF
1601,ashley phillips,49,2024-2025,Ashley Phillips,19.0,England,D
1602,ashley phillips,49,2025-2026,Ashley Phillips,20.0,England,D
1603,ashley young,28,2022-2023,Ashley Young,37.0,eng ENG,DF
1604,ashley young,35,2023-2024,Ashley Young,38.0,eng ENG,"DF,MF"
1605,ashley young,35,2024-2025,Ashley Young,39.0,eng ENG,DF
1606,asier illarramendi,22,2022-2023,Asier Illarramendi,32.0,es ESP,MF
1607,asier osambela,17,2023-2024,Asier Osambela,19.0,es ESP,MF
1608,asier osambela,17,2024-2025,Asier Osambela,20.0,es ESP,MF
1609,asier osambela,17,2025-2026,Asier Osambela,21.0,Spain,M
1610,asier villalibre,1,2024-2025,Asier Villalibre,26.0,es ESP,FW
1611,asier villalibre,3,2022-2023,Asier Villalibre,24.0,es ESP,FW
1612,asier villalibre,3,2023-2024,Asier Villalibre,25.0,es ESP,FW
1613,asmir begovic,35,2022-2023,Asmir Begovic,35.0,ba BIH,GK
1614,asmir begovic,35,2024-2025,Asmir Begović,37.0,ba BIH,GK
1615,assan ceesay,89,2022-2023,Assan Ceesay,28.0,gm GAM,FW
1616,assan ouedraogo,68,2024-2025,Assan Ouédraogo,18.0,de GER,MF
1617,assan ouedraogo,68,2025-2026,Assan Ouédraogo,19.0,Germany,M
1618,assane diao,19,2023-2024,Assane Diao,17.0,sn SEN,MF
1619,assane diao,19,2024-2025,Assane Diao,18.0,sn SEN,FW
1620,assane diao,79,2024-2025,Assane Diao,18.0,sn SEN,"MF,FW"
1621,assane diao,79,2025-2026,Assane Diao,20.0,Senegal,F
1622,assane diousse,104,2024-2025,Assane Dioussé,26.0,sn SEN,MF
1623,assane diousse,104,2025-2026,Assane Dioussé,28.0,Senegal,M
1624,aster vranckx,74,2022-2023,Aster Vranckx,19.0,be BEL,MF
1625,aster vranckx,74,2023-2024,Aster Vranckx,20.0,be BEL,MF
1626,aster vranckx,74,2024-2025,Aster Vranckx,21.0,be BEL,MF
1627,aster vranckx,75,2022-2023,Aster Vranckx,19.0,be BEL,MF
1628,aster vranckx,97,2025-2026,Aster Vranckx,23.0,Belgium,M
1629,aster vranckxac,75,2022-2023,Aster VranckxAC,,,
1630,atakan karazor,71,2022-2023,Atakan Karazor,25.0,tr TUR,MF
1631,atakan karazor,71,2023-2024,Atakan Karazor,26.0,tr TUR,MF
1632,atakan karazor,71,2024-2025,Atakan Karazor,27.0,tr TUR,MF
1633,atakan karazor,71,2025-2026,Atakan Karazor,29.0,Turkey,M
1634,attila szalai,59,2023-2024,Attila Szalai,25.0,hu HUN,"DF,MF"
1635,attila szalai,63,2023-2024,Attila Szalai,25.0,hu HUN,DF
1636,attila szalai,63,2024-2025,Attila Szalai,26.0,hu HUN,"DF,MF"
1637,augustine boakye,122,2024-2025,Augustine Boakye,23.0,gh GHA,"MF,FW"
1638,augusto batalla,12,2023-2024,Augusto Batalla,27.0,ar ARG,GK
1639,augusto batalla,18,2024-2025,Augusto Batalla,28.0,ar ARG,GK
1640,augusto batalla,18,2025-2026,Augusto Batalla,29.0,Argentina,K
1641,augusto owusu,87,2024-2025,Augusto Owusu,19.0,it ITA,DF
1642,augusto solari,7,2022-2023,Augusto Solari,30.0,ar ARG,MF
1643,aurel wagbe,64,2024-2025,Aurel Wagbe,21.0,Germany,M
1644,aurele amenda,58,2024-2025,Aurèle Amenda,21.0,ch SUI,DF
1645,aurele amenda,58,2025-2026,Aurèle Amenda,22.0,Switzerland,D
1646,aurelien nguiamba,98,2022-2023,Aurélien Nguiamba,23.0,fr FRA,MF
1647,aurelien pelon,110,2023-2024,Aurelien Pelon,19.0,fr FRA,DF
1648,aurelien tchouameni,20,2022-2023,Aurélien Tchouaméni,22.0,fr FRA,MF
1649,aurelien tchouameni,20,2023-2024,Aurélien Tchouaméni,23.0,fr FRA,"MF,DF"
1650,aurelien tchouameni,20,2024-2025,Aurélien Tchouaméni,24.0,fr FRA,"DF,MF"
1651,aurelien tchouameni,20,2025-2026,Aurélien Tchouaméni,26.0,France,M
1652,aurelio buta,58,2022-2023,Aurélio Buta,25.0,pt POR,MF
1653,aurelio buta,58,2023-2024,Aurélio Buta,26.0,pt POR,"MF,DF"
1654,aurelio buta,120,2024-2025,Aurélio Buta,27.0,pt POR,DF
1655,auston trusty,46,2023-2024,Auston Trusty,24.0,us USA,DF
1656,awer mabil,6,2022-2023,Awer Mabil,26.0,au AUS,MF
1657,axel camblan,105,2022-2023,Axel Camblan,18.0,fr FRA,FW
1658,axel camblan,105,2023-2024,Axel Camblan,19.0,fr FRA,FW
1659,axel camblan,105,2024-2025,Axel Camblan,20.0,fr FRA,FW
1660,axel disasi,28,2024-2025,Axel Disasi,26.0,fr FRA,DF
1661,axel disasi,33,2023-2024,Axel Disasi,25.0,fr FRA,DF
1662,axel disasi,33,2024-2025,Axel Disasi,26.0,fr FRA,DF
1663,axel disasi,33,2025-2026,Axel Disasi,27.0,France,D
1664,axel disasi,50,2025-2026,Axel Disasi,27.0,France,D
1665,axel disasi,114,2022-2023,Axel Disasi,24.0,fr FRA,DF
1666,axel gueguin,115,2022-2023,Axel Guéguin,17.0,fr FRA,FW
1667,axel gueguin,115,2023-2024,Axel Guéguin,18.0,fr FRA,DF
1668,axel gueguin,115,2024-2025,Axel Guéguin,19.0,fr FRA,FW
1669,axel guessand,100,2022-2023,Axel Guessand,17.0,fr FRA,DF
1670,axel guessand,100,2023-2024,Axel Guessand,18.0,fr FRA,DF
1671,axel piesold,41,2023-2024,Axel Piesold,18.0,eng ENG,MF
1672,axel tape,53,2025-2026,Axel Tape,18.0,France,D
1673,axel tape,119,2024-2025,Axel Tape,16.0,fr FRA,DF
1674,axel tuanzebe,32,2025-2026,Axel Tuanzebe,28.0,Democratic Republic of the Congo,D
1675,axel tuanzebe,37,2024-2025,Axel Tuanzebe,26.0,cd COD,DF
1676,axel werner,8,2022-2023,Axel Werner,26.0,ar ARG,GK
1677,axel witsel,4,2022-2023,Axel Witsel,33.0,be BEL,"DF,MF"
1678,axel witsel,4,2023-2024,Axel Witsel,34.0,be BEL,DF
1679,axel witsel,4,2024-2025,Axel Witsel,35.0,be BEL,DF
1680,axel witsel,11,2025-2026,Axel Witsel,37.0,Belgium,M
1681,ayanda sishuba,85,2024-2025,Ayanda Sishuba,19.0,be BEL,MF
1682,ayanda sishuba,108,2023-2024,Ayanda Sishuba,18.0,be BEL,MF
1683,ayanda sishuba,121,2024-2025,Ayanda Sishuba,19.0,be BEL,MF
1684,ayden heaven,27,2024-2025,Ayden Heaven,17.0,eng ENG,DF
1685,ayden heaven,43,2024-2025,Ayden Heaven,17.0,eng ENG,DF
1686,ayden heaven,43,2025-2026,Ayden Heaven,19.0,England,D
1687,ayman aiki,122,2024-2025,Ayman Aiki,19.0,fr FRA,MF
1688,ayman aourir,53,2022-2023,Ayman Aourir,17.0,de GER,MF
1689,ayman aourir,53,2023-2024,Ayman Aourir,19.0,Morocco,F
1690,ayman azhil,53,2022-2023,Ayman Azhil,21.0,ma MAR,MF
1691,ayman azhil,56,2024-2025,Ayman Azhil,23.0,ma MAR,MF
1692,ayman kari,110,2022-2023,Ayman Kari,17.0,fr FRA,MF
1693,ayman kari,110,2023-2024,Ayman Kari,18.0,fr FRA,MF
1694,aymen barkok,66,2022-2023,Aymen Barkok,24.0,ma MAR,MF
1695,aymen barkok,66,2023-2024,Aymen Barkok,25.0,ma MAR,MF
1696,aymen barkok,66,2024-2025,Aymen Barkok,26.0,ma MAR,MF
1697,aymeric laporte,3,2025-2026,Aymeric Laporte,31.0,Spain,D
1698,aymeric laporte,42,2022-2023,Aymeric Laporte,28.0,es ESP,"DF,MF"
1699,aymeric laporte,42,2023-2024,Aymeric Laporte,29.0,es ESP,DF
1700,ayodele thomas,68,2025-2026,Ayodele Thomas,18.0,Netherlands,F
1701,ayoub amraoui,117,2022-2023,Ayoub Amraoui,18.0,ma MAR,DF
1702,ayoube amaimouni-echghouyab,58,2025-2026,Ayoube Amaimouni-Echghouyab,21.0,Morocco,F
1703,ayoze perez,19,2022-2023,Ayoze Pérez,29.0,es ESP,"MF,FW"
1704,ayoze perez,19,2023-2024,Ayoze Pérez,30.0,es ESP,"MF,FW"
1705,ayoze perez,26,2024-2025,Ayoze Pérez,31.0,es ESP,FW
1706,ayoze perez,26,2025-2026,Ayoze Pérez,32.0,Spain,F
1707,ayoze perez,39,2022-2023,Ayoze Pérez,29.0,es ESP,MF
1708,ayumu seko,107,2025-2026,Ayumu Seko,25.0,Japan,M
1709,ayyoub bouaddi,109,2023-2024,Ayyoub Bouaddi,15.0,fr FRA,MF
1710,ayyoub bouaddi,109,2024-2025,Ayyoub Bouaddi,16.0,fr FRA,MF
1711,ayyoub bouaddi,109,2025-2026,Ayyoub Bouaddi,18.0,France,M
1712,azor matusiwa,120,2022-2023,Azor Matusiwa,24.0,nl NED,MF
1713,azor matusiwa,120,2023-2024,Azor Matusiwa,25.0,nl NED,MF
1714,azor matusiwa,121,2023-2024,Azor Matusiwa,25.0,nl NED,MF
1715,azor matusiwa,121,2024-2025,Azor Matusiwa,26.0,nl NED,MF
1716,azzedine ounahi,11,2025-2026,Azzedine Ounahi,25.0,Morocco,M
1717,azzedine ounahi,103,2022-2023,Azzedine Ounahi,22.0,ma MAR,MF
1718,azzedine ounahi,112,2022-2023,Azzedine Ounahi,22.0,ma MAR,MF
1719,azzedine ounahi,112,2023-2024,Azzedine Ounahi,23.0,ma MAR,MF
1720,babatunde akinsola,23,2022-2023,Babatunde Akinsola,19.0,ng NGA,MF
1721,babis lykogiannis,77,2022-2023,Babis Lykogiannis,28.0,gr GRE,DF
1722,babis lykogiannis,77,2023-2024,Babis Lykogiannis,29.0,gr GRE,DF
1723,babis lykogiannis,77,2024-2025,Babis Lykogiannis,30.0,gr GRE,DF
1724,badredine bouanani,71,2025-2026,Badredine Bouanani,21.0,Algeria,F
1725,badredine bouanani,110,2023-2024,Badredine Bouanani,18.0,dz ALG,MF
1726,badredine bouanani,117,2022-2023,Badredine Bouanani,17.0,dz ALG,"FW,MF"
1727,badredine bouanani,117,2023-2024,Badredine Bouanani,18.0,dz ALG,FW
1728,badredine bouanani,117,2024-2025,Badredine Bouanani,19.0,dz ALG,"MF,FW"
1729,bafode diakite,29,2025-2026,Bafodé Diakité,25.0,France,D
1730,bafode diakite,109,2022-2023,Bafodé Diakité,21.0,fr FRA,DF
1731,bafode diakite,109,2023-2024,Bafodé Diakité,22.0,fr FRA,DF
1732,bafode diakite,109,2024-2025,Bafodé Diakité,23.0,fr FRA,DF
1733,bahereba guirassy,116,2024-2025,Bahereba Guirassy,17.0,fr FRA,MF
1734,bahmed deuff,116,2025-2026,Bahmed Deuff,19.0,France,M
1735,baila diallo,106,2022-2023,Baïla Diallo,21.0,fr FRA,DF
1736,bakery jatta,60,2025-2026,Bakery Jatta,27.0,The Gambia,F
1737,balthazar pierret,89,2024-2025,Balthazar Pierret,24.0,fr FRA,MF
1738,bamba dieng,103,2024-2025,Bamba Dieng,24.0,sn SEN,FW
1739,bamba dieng,110,2022-2023,Bamba Dieng,22.0,sn SEN,"FW,MF"
1740,bamba dieng,110,2023-2024,Bamba Dieng,23.0,sn SEN,FW
1741,bamba dieng,110,2025-2026,Bamba Dieng,25.0,Senegal,F
1742,bamba dieng,112,2022-2023,Bamba Dieng,22.0,sn SEN,FW
1743,bambase conte,63,2023-2024,Bambasé Conté,20.0,de GER,MF
1744,bambo diaby,8,2025-2026,Bambo Diaby,28.0,Spain,D
1745,bamo meite,110,2022-2023,Bamo Meïté,20.0,ci CIV,DF
1746,bamo meite,110,2023-2024,Bamo Meïté,21.0,ci CIV,DF
1747,bamo meite,110,2025-2026,Bamo Meïté,24.0,Cote d'Ivoire,D
1748,bamo meite,112,2023-2024,Bamo Meïté,21.0,ci CIV,DF
1749,bamo meite,112,2024-2025,Bamo Meïté,22.0,ci CIV,DF
1750,bamo meite,115,2024-2025,Bamo Meïté,22.0,ci CIV,DF
1751,bandiougou fadiga,110,2025-2026,Bandiougou Fadiga,25.0,France,F
1752,baptiste santamaria,25,2025-2026,Baptiste Santamaria,30.0,France,M
1753,baptiste santamaria,117,2024-2025,Baptiste Santamaría,29.0,fr FRA,MF
1754,baptiste santamaria,121,2022-2023,Baptiste Santamaría,27.0,fr FRA,MF
1755,baptiste santamaria,121,2023-2024,Baptiste Santamaría,28.0,fr FRA,MF
1756,baptiste santamaria,121,2024-2025,Baptiste Santamaría,29.0,fr FRA,MF
1757,bara sapoko ndiaye,54,2025-2026,Bara Sapoko Ndiaye,18.0,Senegal,M
1758,barcia,7,2022-2023,Barcia,21.0,es ESP,DF
1759,bart verbruggen,31,2023-2024,Bart Verbruggen,20.0,nl NED,GK
1760,bart verbruggen,31,2024-2025,Bart Verbruggen,21.0,nl NED,GK
1761,bart verbruggen,31,2025-2026,Bart Verbruggen,23.0,Netherlands,K
1762,bartlomiej dragowski,98,2022-2023,Bartlomiej Dragowski,25.0,Poland,K
1763,bartol franjic,57,2023-2024,Bartol Franjic,23.0,hr CRO,MF
1764,bartol franjic,74,2022-2023,Bartol Franjic,22.0,hr CRO,MF
1765,bartomiej dragowski,98,2022-2023,Bartłomiej Drągowski,24.0,pl POL,GK
1766,bartosz bereszynski,81,2023-2024,Bartosz Bereszynski,31.0,pl POL,DF
1767,bartosz bereszynski,91,2022-2023,Bartosz Bereszynski,30.0,pl POL,DF
1768,bartosz bereszynski,96,2022-2023,Bartosz Bereszynski,30.0,pl POL,"DF,MF"
1769,bartosz biaek,74,2022-2023,Bartosz Białek,20.0,pl POL,FW
1770,bartosz biaek,74,2024-2025,Bartosz Białek,22.0,pl POL,FW
1771,bartosz bialek,74,2024-2025,Bartosz Bialek,23.0,Poland,F
1772,bartosz zelazowski,117,2025-2026,Bartosz Zelazowski,20.0,Poland,K
1773,bartug elmaz,112,2022-2023,Bartug Elmaz,19.0,Turkey,M
1774,bashir humphreys,32,2025-2026,Bashir Humphreys,22.0,England,D
1775,bashir humphreys,33,2022-2023,Bashir Humphreys,19.0,eng ENG,DF
1776,bashir humphreys,33,2023-2024,Bashir Humphreys,20.0,eng ENG,DF
1777,bashir humphreys,33,2024-2025,Bashir Humphreys,21.0,England,D
1778,bassirou n'diaye,110,2023-2024,Bassirou N'diaye,,,
1779,bassirou ndiaye,110,2023-2024,Bassirou Ndiaye,21.0,sn SEN,FW
1780,bastien meupiyou,51,2024-2025,Bastien Meupiyou,18.0,fr FRA,DF
1781,bastien meupiyou,116,2023-2024,Bastien Meupiyou,17.0,fr FRA,DF
1782,batista mendy,24,2025-2026,Batista Mendy,26.0,France,M
1783,batista mendy,103,2022-2023,Batista Mendy,22.0,fr FRA,"MF,DF"
1784,bazoumana toure,63,2024-2025,Bazoumana Touré,18.0,ci CIV,"MF,FW"
1785,bazoumana toure,63,2025-2026,Bazoumana Touré,19.0,Cote d'Ivoire,F
1786,bebe,18,2022-2023,Bebé,32.0,cv CPV,"FW,MF"
1787,bebe,18,2023-2024,Bebé,33.0,cv CPV,"FW,MF"
1788,becir omeragic,115,2023-2024,Becir Omeragic,21.0,ch SUI,"DF,MF"
1789,becir omeragic,115,2024-2025,Becir Omeragic,22.0,ch SUI,DF
1790,belmin dizdarevic,115,2023-2024,Belmin Dizdarevic,22.0,Bosnia-Herzegovina,K
1791,belmin dizdarevic,115,2024-2025,Belmin Dizdarevic,23.0,Bosnia-Herzegovina,K
1792,ben alexander voll,70,2024-2025,Ben Alexander Voll,23.0,de GER,GK
1793,ben bobzien,66,2022-2023,Ben Bobzien,19.0,de GER,"FW,MF"
1794,ben bobzien,66,2025-2026,Ben Bobzien,22.0,Germany,F
1795,ben brereton,26,2023-2024,Ben Brereton,24.0,cl CHI,"MF,FW"
1796,ben brereton,46,2023-2024,Ben Brereton,24.0,cl CHI,"FW,MF"
1797,ben brereton,47,2024-2025,Ben Brereton,25.0,cl CHI,"FW,MF"
1798,ben broggio,28,2025-2026,Ben Broggio,19.0,England,F
1799,ben chilwell,33,2022-2023,Ben Chilwell,25.0,eng ENG,"MF,DF"
1800,ben chilwell,33,2023-2024,Ben Chilwell,26.0,eng ENG,"MF,DF"
1801,ben chilwell,33,2024-2025,Ben Chilwell,28.0,England,D
1802,ben chilwell,34,2024-2025,Ben Chilwell,27.0,eng ENG,MF
1803,ben chilwell,123,2025-2026,Ben Chilwell,29.0,England,D
1804,ben davies,49,2022-2023,Ben Davies,29.0,wls WAL,"DF,MF"
1805,ben davies,49,2023-2024,Ben Davies,30.0,wls WAL,DF
1806,ben davies,49,2024-2025,Ben Davies,31.0,wls WAL,DF
1807,ben davies,49,2025-2026,Ben Davies,32.0,Wales,D
1808,ben gannon-doak,29,2025-2026,Ben Gannon-Doak,20.0,Scotland,F
1809,ben gannon-doak,40,2022-2023,Ben Gannon-Doak,16.0,sct SCO,MF
1810,ben gannon-doak,40,2023-2024,Ben Gannon-Doak,17.0,sct SCO,MF
1811,ben gannon-doak,40,2024-2025,Ben Gannon-Doak,19.0,Scotland,F
1812,ben godfrey,35,2022-2023,Ben Godfrey,24.0,eng ENG,DF
1813,ben godfrey,35,2023-2024,Ben Godfrey,25.0,eng ENG,DF
1814,ben godfrey,37,2024-2025,Ben Godfrey,26.0,eng ENG,DF
1815,ben godfrey,76,2024-2025,Ben Godfrey,26.0,eng ENG,"DF,MF"
1816,ben godfrey,76,2025-2026,Ben Godfrey,27.0,England,D
1817,ben greenwood,29,2022-2023,Ben Greenwood,19.0,ie IRL,DF
1818,ben greenwood,29,2023-2024,Ben Greenwood,20.0,ie IRL,DF
1819,ben hamed toure,102,2022-2023,Ben Hamed Touré,18.0,ci CIV,FW
1820,ben hammond,45,2025-2026,Ben Hammond,21.0,Wales,M
1821,ben jackson,31,2023-2024,Ben Jackson,19.0,eng ENG,DF
1822,ben johnson,37,2024-2025,Ben Johnson,24.0,eng ENG,"MF,DF"
1823,ben johnson,50,2022-2023,Ben Johnson,22.0,eng ENG,"DF,MF"
1824,ben johnson,50,2023-2024,Ben Johnson,23.0,eng ENG,"MF,DF"
1825,ben knight,42,2022-2023,Ben Knight,20.0,eng ENG,MF
1826,ben kone,79,2024-2025,Ben Kone,,,
1827,ben krauhaus,30,2025-2026,Ben Krauhaus,20.0,England,M
1828,ben lhassine kone,79,2024-2025,Ben Lhassine Kone,24.0,ci CIV,MF
1829,ben mee,30,2022-2023,Ben Mee,32.0,eng ENG,DF
1830,ben mee,30,2023-2024,Ben Mee,33.0,eng ENG,DF
1831,ben mee,30,2024-2025,Ben Mee,34.0,eng ENG,DF
1832,ben nelson,39,2024-2025,Ben Nelson,20.0,England,D
1833,ben old,122,2024-2025,Ben Old,21.0,nz NZL,"MF,FW"
1834,ben osborn,46,2023-2024,Ben Osborn,28.0,eng ENG,MF
1835,ben parkinson,44,2023-2024,Ben Parkinson,18.0,eng ENG,FW
1836,ben pearson,29,2022-2023,Ben Pearson,27.0,eng ENG,MF
1837,ben toureac,102,2022-2023,Ben TouréAC,,,
1838,ben viadere,104,2024-2025,Ben Viadère,18.0,fr FRA,FW
1839,ben voll,70,2024-2025,Ben Voll,24.0,Germany,K
1840,ben voll,70,2025-2026,Ben Voll,25.0,Germany,K
1841,ben white,27,2022-2023,Ben White,24.0,eng ENG,DF
1842,ben white,27,2023-2024,Ben White,25.0,eng ENG,DF
1843,ben white,27,2024-2025,Ben White,26.0,eng ENG,DF
1844,ben white,27,2025-2026,Ben White,28.0,England,D
1845,ben winterburn,29,2024-2025,Ben Winterburn,19.0,eng ENG,MF
1846,ben winterburn,29,2025-2026,Ben Winterburn,20.0,England,M
1847,benat prados,3,2023-2024,Beñat Prados,22.0,es ESP,MF
1848,benat prados,3,2024-2025,Beñat Prados,23.0,es ESP,MF
1849,benat prados,3,2025-2026,Beñat Prados,24.0,Spain,M
1850,benat turrientes,22,2022-2023,Beñat Turrientes,20.0,es ESP,MF
1851,benat turrientes,22,2023-2024,Beñat Turrientes,21.0,es ESP,MF
1852,benat turrientes,22,2024-2025,Beñat Turrientes,22.0,es ESP,MF
1853,benat turrientes,22,2025-2026,Beñat Turrientes,24.0,Spain,M
1854,bence dardai,74,2024-2025,Bence Dárdai,18.0,hu HUN,MF
1855,bence dardai,74,2025-2026,Bence Dárdai,20.0,Hungary,F
1856,benedict hollerbach,66,2025-2026,Benedict Hollerbach,24.0,Germany,F
1857,benedict hollerbach,72,2023-2024,Benedict Hollerbach,22.0,de GER,"FW,MF"
1858,benedict hollerbach,72,2024-2025,Benedict Hollerbach,23.0,de GER,"FW,MF"
1859,benedikt gimber,61,2023-2024,Benedikt Gimber,26.0,de GER,DF
1860,benedikt gimber,61,2024-2025,Benedikt Gimber,27.0,de GER,DF
1861,benedikt gimber,61,2025-2026,Benedikt Gimber,28.0,Germany,D
1862,benedikt gimberfc,61,2023-2024,Benedikt GimberFC,,,
1863,benedikt gimberfc,61,2024-2025,Benedikt GimberFC,,,
1864,benedikt pichler,64,2024-2025,Benedikt Pichler,27.0,at AUT,FW
1865,beni makouana,115,2022-2023,Béni Makouana,19.0,cg CGO,MF
1866,benicio baker-boaitey,31,2023-2024,Benicio Baker-Boaitey,,,
1867,benicio boaitey,31,2023-2024,Benicio Boaitey,19.0,eng ENG,FW
1868,benie traore,46,2023-2024,Bénie Traoré,20.0,ci CIV,"FW,MF"
1869,benie traore,116,2023-2024,Bénie Traoré,20.0,ci CIV,FW
1870,benito ramirez,13,2023-2024,Benito Ramírez,28.0,es ESP,MF
1871,benito ramirez,13,2024-2025,Benito Ramírez,29.0,es ESP,"MF,DF"
1872,benja cremaschi,92,2025-2026,Benja Cremaschi,20.0,United States,M
1873,benja dominguez,77,2024-2025,Benja Domínguez,,,
1874,benjamin andre,109,2022-2023,Benjamin André,31.0,fr FRA,MF
1875,benjamin andre,109,2023-2024,Benjamin André,32.0,fr FRA,MF
1876,benjamin andre,109,2024-2025,Benjamin André,33.0,fr FRA,MF
1877,benjamin andre,109,2025-2026,Benjamin André,35.0,France,M
1878,benjamin arthur,30,2023-2024,Benjamin Arthur,17.0,eng ENG,DF
1879,benjamin arthur,30,2024-2025,Benjamin Arthur,18.0,eng ENG,DF
1880,benjamin arthur,30,2025-2026,Benjamin Arthur,20.0,England,D
1881,benjamin bouchouari,122,2024-2025,Benjamin Bouchouari,22.0,ma MAR,MF
1882,benjamin bourigeaud,121,2022-2023,Benjamin Bourigeaud,28.0,fr FRA,"MF,FW"
1883,benjamin bourigeaud,121,2023-2024,Benjamin Bourigeaud,29.0,fr FRA,MF
1884,benjamin bourigeaud,121,2024-2025,Benjamin Bourigeaud,30.0,fr FRA,MF
1885,benjamin broggio,28,2024-2025,Benjamin Broggio,17.0,eng ENG,FW
1886,benjamin dominguez,77,2024-2025,Benjamín Domínguez,20.0,ar ARG,MF
1887,benjamin dominguez,77,2025-2026,Benjamín Domínguez,22.0,Argentina,F
1888,benjamin fredrick,30,2023-2024,Benjamin Fredrick,18.0,ng NGA,DF
1889,benjamin fredrick,30,2024-2025,Benjamin Fredrick,19.0,ng NGA,DF
1890,benjamin garay,16,2022-2023,Benjamín Garay,22.0,ar ARG,DF
1891,benjamin goller,73,2022-2023,Benjamin Goller,23.0,de GER,"FW,MF"
1892,benjamin henrichs,68,2022-2023,Benjamin Henrichs,25.0,de GER,"DF,MF"
1893,benjamin henrichs,68,2023-2024,Benjamin Henrichs,26.0,de GER,"DF,MF"
1894,benjamin henrichs,68,2024-2025,Benjamin Henrichs,27.0,de GER,"DF,MF"
1895,benjamin henrichs,68,2025-2026,Benjamin Henrichs,28.0,Germany,D
1896,benjamin lecomte,9,2022-2023,Benjamin Lecomte,31.0,fr FRA,GK
1897,benjamin lecomte,36,2025-2026,Benjamin Lecomte,34.0,France,K
1898,benjamin lecomte,115,2022-2023,Benjamin Lecomte,31.0,fr FRA,GK
1899,benjamin lecomte,115,2023-2024,Benjamin Lecomte,32.0,fr FRA,GK
1900,benjamin lecomte,115,2024-2025,Benjamin Lecomte,33.0,fr FRA,GK
1901,benjamin leneis,52,2022-2023,Benjamin Leneis,23.0,Germany,K
1902,benjamin leroy,102,2022-2023,Benjamin Leroy,33.0,fr FRA,GK
1903,benjamin leroy,110,2025-2026,Benjamin Leroy,36.0,France,K
1904,benjamin leroyac,102,2022-2023,Benjamin LeroyAC,,,
1905,benjamin mendy,42,2022-2023,Benjamin Mendy,28.0,France,D
1906,benjamin mendy,110,2023-2024,Benjamin Mendy,29.0,fr FRA,"MF,DF"
1907,benjamin nelson,39,2024-2025,Benjamin Nelson,20.0,eng ENG,DF
1908,benjamin pavard,54,2022-2023,Benjamin Pavard,26.0,fr FRA,DF
1909,benjamin pavard,54,2023-2024,Benjamin Pavard,27.0,fr FRA,DF
1910,benjamin pavard,86,2023-2024,Benjamin Pavard,27.0,fr FRA,DF
1911,benjamin pavard,86,2024-2025,Benjamin Pavard,28.0,fr FRA,DF
1912,benjamin pavard,112,2025-2026,Benjamin Pavard,29.0,France,D
1913,benjamin sesko,43,2025-2026,Benjamin Sesko,22.0,Slovenia,F
1914,benjamin sesko,68,2023-2024,Benjamin Sesko,20.0,si SVN,FW
1915,benjamin sesko,68,2024-2025,Benjamin Sesko,21.0,si SVN,"FW,MF"
1916,benjamin siegrist,84,2024-2025,Benjamin Siegrist,32.0,ch SUI,GK
1917,benjamin siegrist,84,2025-2026,Benjamin Siegrist,34.0,Switzerland,K
1918,benjamin stambouli,113,2025-2026,Benjamin Stambouli,35.0,France,M
1919,benjamin stambouli,120,2023-2024,Benjamin Stambouli,32.0,fr FRA,MF
1920,benjamin tahirovic,94,2022-2023,Benjamin Tahirovic,19.0,ba BIH,MF
1921,benjamin tetteh,113,2023-2024,Benjamin Tetteh,26.0,gh GHA,FW
1922,benjamin uphoff,59,2022-2023,Benjamin Uphoff,28.0,de GER,GK
1923,benjamin uphoff,59,2023-2024,Benjamin Uphoff,30.0,Germany,K
1924,bennit broger,74,2023-2024,Bennit Bröger,17.0,de GER,MF
1925,bennit broger,74,2024-2025,Bennit Bröger,18.0,de GER,MF
1926,benno schmitz,65,2022-2023,Benno Schmitz,27.0,de GER,DF
1927,benno schmitz,65,2023-2024,Benno Schmitz,28.0,de GER,DF
1928,benno schmitzfc,65,2022-2023,Benno SchmitzFC,,,
1929,benno schmitzfc,65,2023-2024,Benno SchmitzFC,,,
1930,benoit badiashile,33,2022-2023,Benoît Badiashile,21.0,fr FRA,DF
1931,benoit badiashile,33,2023-2024,Benoît Badiashile,22.0,fr FRA,DF
1932,benoit badiashile,33,2024-2025,Benoît Badiashile,23.0,fr FRA,DF
1933,benoit badiashile,33,2025-2026,Benoît Badiashile,24.0,France,D
1934,benoit badiashile,114,2022-2023,Benoît Badiashile,21.0,fr FRA,DF
1935,benoit costil,95,2023-2024,Benoît Costil,36.0,fr FRA,GK
1936,benoit costil,104,2022-2023,Benoît Costil,35.0,fr FRA,GK
1937,benoit costil,109,2022-2023,Benoît Costil,35.0,France,K
1938,benson manuel,32,2023-2024,Benson Manuel,26.0,ao ANG,MF
1939,benson manuel,32,2025-2026,Benson Manuel,28.0,Angola,F
1940,beraldo,119,2023-2024,Beraldo,,,
1941,beraldo,119,2024-2025,Beraldo,,,
1942,berat djimsiti,76,2022-2023,Berat Djimsiti,29.0,al ALB,DF
1943,berat djimsiti,76,2023-2024,Berat Djimsiti,30.0,al ALB,DF
1944,berat djimsiti,76,2024-2025,Berat Djimsiti,31.0,al ALB,DF
1945,berat djimsiti,76,2025-2026,Berat Djimsiti,32.0,Albania,D
1946,beres owusu,122,2024-2025,Beres Owusu,20.0,fr FRA,DF
1947,berkan kutlu,84,2023-2024,Berkan Kutlu,25.0,tr TUR,MF
1948,berke ozer,109,2025-2026,Berke Özer,25.0,Turkey,K
1949,bernard nguene,117,2024-2025,Bernard Nguene,17.0,cm CMR,FW
1950,bernardo,55,2023-2024,Bernardo,28.0,br BRA,DF
1951,bernardo,55,2024-2025,Bernardo,29.0,br BRA,DF
1952,bernardo,63,2025-2026,Bernardo,30.0,Brazil,D
1953,bernardo espinosa,11,2022-2023,Bernardo Espinosa,33.0,co COL,DF
1954,bernardo espinosa,11,2023-2024,Bernardo Espinosa,34.0,co COL,DF
1955,bernardo silva,42,2022-2023,Bernardo Silva,27.0,pt POR,"MF,FW"
1956,bernardo silva,42,2023-2024,Bernardo Silva,28.0,pt POR,MF
1957,bernardo silva,42,2024-2025,Bernardo Silva,29.0,pt POR,MF
1958,bernardo silva,42,2025-2026,Bernardo Silva,31.0,Portugal,F
1959,bernd leno,36,2022-2023,Bernd Leno,30.0,de GER,GK
1960,bernd leno,36,2023-2024,Bernd Leno,31.0,de GER,GK
1961,bernd leno,36,2024-2025,Bernd Leno,32.0,de GER,GK
1962,bernd leno,36,2025-2026,Bernd Leno,33.0,Germany,K
1963,bertrand traore,26,2023-2024,Bertrand Traoré,27.0,bf BFA,MF
1964,bertrand traore,28,2022-2023,Bertrand Traoré,26.0,bf BFA,MF
1965,bertrand traore,28,2023-2024,Bertrand Traoré,27.0,bf BFA,"FW,MF"
1966,bertrand traore,48,2025-2026,Bertrand Traoré,30.0,Burkina Faso,F
1967,bertug yildirim,10,2024-2025,Bertug Yildirim,,,
1968,bertug yildirim,121,2023-2024,Bertug Yildirim,,,
1969,bertug yldrm,10,2024-2025,Bertuğ Yıldırım,22.0,tr TUR,FW
1970,bertug yldrm,121,2023-2024,Bertuğ Yıldırım,21.0,tr TUR,FW
1971,beto,35,2023-2024,Beto,25.0,gw GNB,FW
1972,beto,35,2024-2025,Beto,26.0,gw GNB,FW
1973,beto,35,2025-2026,Beto,28.0,Guinea-Bissau,F
1974,beto,100,2022-2023,Beto,24.0,gw GNB,FW
1975,beto,100,2023-2024,Beto,25.0,gw GNB,FW
1976,bevic moussiti-oko,102,2022-2023,Bevic Moussiti-Oko,27.0,cg CGO,FW
1977,bevic moussiti-okoac,102,2022-2023,Bevic Moussiti-OkoAC,,,
1978,biel farres,11,2022-2023,Biel Farres,20.0,es ESP,DF
1979,bigo atom,31,2023-2024,Bigo Atom,18.0,de GER,DF
1980,bilal boutobba,106,2023-2024,Bilal Boutobba,24.0,fr FRA,"MF,FW"
1981,bilal brahimi,105,2023-2024,Bilal Brahimi,23.0,dz ALG,FW
1982,bilal brahimi,117,2022-2023,Bilal Brahimi,22.0,dz ALG,"FW,MF"
1983,bilal brahimi,117,2023-2024,Bilal Brahimi,23.0,dz ALG,"FW,MF"
1984,bilal brahimi,117,2024-2025,Bilal Brahimi,24.0,dz ALG,MF
1985,bilal el khannouss,39,2024-2025,Bilal El Khannouss,20.0,ma MAR,MF
1986,bilal el khannouss,71,2025-2026,Bilal El Khannouss,21.0,Morocco,F
1987,bilal nadir,112,2023-2024,Bilal Nadir,19.0,ma MAR,MF
1988,bilal nadir,112,2024-2025,Bilal Nadir,20.0,ma MAR,MF
1989,bilal nadir,112,2025-2026,Bilal Nadir,22.0,Morocco,M
1990,billal brahimi,105,2023-2024,Billal Brahimi,23.0,Algeria,F
1991,billal brahimi,117,2022-2023,Billal Brahimi,22.0,Algeria,F
1992,billal brahimi,117,2023-2024,Billal Brahimi,,,
1993,billal brahimi,117,2024-2025,Billal Brahimi,,,
1994,billy blacker,46,2023-2024,Billy Blacker,17.0,eng ENG,FW
1995,billy crellin,35,2024-2025,Billy Crellin,24.0,England,K
1996,billy gilmour,31,2022-2023,Billy Gilmour,21.0,sct SCO,MF
1997,billy gilmour,31,2023-2024,Billy Gilmour,22.0,sct SCO,MF
1998,billy gilmour,31,2024-2025,Billy Gilmour,23.0,sct SCO,MF
1999,billy gilmour,33,2022-2023,Billy Gilmour,21.0,sct SCO,MF
2000,billy gilmour,91,2024-2025,Billy Gilmour,23.0,sct SCO,MF
2001,billy gilmour,91,2025-2026,Billy Gilmour,24.0,Scotland,M
2002,bingourou kamara,110,2025-2026,Bingourou Kamara,29.0,Senegal,K
2003,bingourou kamara,115,2022-2023,Bingourou Kamara,25.0,sn SEN,GK
2004,birama toure,104,2022-2023,Birama Touré,30.0,ml MLI,MF
2005,birama toure,115,2024-2025,Birama Touré,32.0,ml MLI,"MF,DF"
2006,birger meling,121,2022-2023,Birger Meling,27.0,no NOR,DF
2007,birger meling,121,2023-2024,Birger Meling,28.0,no NOR,DF
2008,bjarki bjarkason,101,2024-2025,Bjarki Bjarkason,24.0,is ISL,MF
2009,bjarki steinn bjarkason,101,2024-2025,Bjarki Steinn Bjarkason,24.0,Iceland,M
2010,bob murphy omoregbe,75,2024-2025,Bob Murphy Omoregbe,20.0,it ITA,FW
2011,bob omoregbeac,75,2024-2025,Bob OmoregbeAC,,,
2012,bobby clark,40,2022-2023,Bobby Clark,17.0,eng ENG,MF
2013,bobby clark,40,2023-2024,Bobby Clark,18.0,eng ENG,MF
2014,bobby de cordova-reid,36,2022-2023,Bobby De Cordova-Reid,29.0,jm JAM,"MF,DF"
2015,bobby de cordova-reid,36,2023-2024,Bobby De Cordova-Reid,30.0,jm JAM,"MF,FW"
2016,bobby de cordova-reid,39,2024-2025,Bobby De Cordova-Reid,31.0,jm JAM,"MF,FW"
2017,bobby reid,36,2022-2023,Bobby Reid,29.0,Jamaica,F
2018,bobby reid,36,2023-2024,Bobby Reid,31.0,Jamaica,F
2019,bobby reid,39,2024-2025,Bobby Reid,32.0,Jamaica,F
2020,bohdan popov,81,2024-2025,Bohdan Popov,21.0,ua UKR,MF
2021,bojan miovski,11,2024-2025,Bojan Miovski,25.0,mk MKD,FW
2022,bonke innocent,110,2022-2023,Bonke Innocent,26.0,ng NGA,MF
2023,bonke innocent,110,2023-2024,Bonke Innocent,27.0,ng NGA,MF
2024,bono,24,2022-2023,Bono,31.0,Morocco,K
2025,bonota traore,124,2023-2024,Bonota Traoré,20.0,France,F
2026,bor zunec,100,2023-2024,Bor Žunec,18.0,si SVN,MF
2027,boris radunovic,78,2023-2024,Boris Radunovic,27.0,rs SRB,GK
2028,borja garcia,11,2022-2023,Borja García,31.0,es ESP,"MF,FW"
2029,borja garcia,11,2023-2024,Borja García,32.0,es ESP,"FW,MF"
2030,borja iglesias,7,2024-2025,Borja Iglesias,31.0,es ESP,FW
2031,borja iglesias,7,2025-2026,Borja Iglesias,33.0,Spain,F
2032,borja iglesias,19,2022-2023,Borja Iglesias,29.0,es ESP,FW
2033,borja iglesias,19,2023-2024,Borja Iglesias,30.0,es ESP,FW
2034,borja iglesias,53,2023-2024,Borja Iglesias,30.0,es ESP,FW
2035,borja mayoral,10,2022-2023,Borja Mayoral,25.0,es ESP,FW
2036,borja mayoral,10,2023-2024,Borja Mayoral,26.0,es ESP,FW
2037,borja mayoral,10,2024-2025,Borja Mayoral,27.0,es ESP,FW
2038,borja mayoral,10,2025-2026,Borja Mayoral,28.0,Spain,F
2039,borja vazquez,6,2023-2024,Borja Vázquez,18.0,es ESP,FW
2040,borna barisic,14,2024-2025,Borna Barisic,31.0,hr CRO,DF
2041,borna sosa,34,2025-2026,Borna Sosa,28.0,Croatia,D
2042,borna sosa,71,2022-2023,Borna Sosa,24.0,hr CRO,"MF,DF"
2043,borna sosa,71,2023-2024,Borna Sosa,25.0,hr CRO,"DF,MF"
2044,borna sosa,99,2024-2025,Borna Sosa,26.0,hr CRO,"MF,DF"
2045,botond balogh,92,2024-2025,Botond Balogh,22.0,hu HUN,DF
2046,boubacar fall,122,2024-2025,Boubacar Fall,24.0,Senegal,K
2047,boubacar kamara,28,2022-2023,Boubacar Kamara,22.0,fr FRA,MF
2048,boubacar kamara,28,2023-2024,Boubacar Kamara,23.0,fr FRA,MF
2049,boubacar kamara,28,2024-2025,Boubacar Kamara,24.0,fr FRA,"MF,DF"
2050,boubacar kamara,28,2025-2026,Boubacar Kamara,26.0,France,M
2051,boubacar traore,51,2022-2023,Boubacar Traoré,20.0,ml MLI,MF
2052,boubacar traore,51,2023-2024,Boubacar Traoré,21.0,ml MLI,MF
2053,boubacar traore,51,2024-2025,Boubacar Traoré,22.0,ml MLI,MF
2054,boubacar traore,51,2025-2026,Boubacar Traoré,24.0,Mali,M
2055,boubacar traore,113,2025-2026,Boubacar Traoré,24.0,Mali,M
2056,boubakar kouyate,115,2022-2023,Boubakar Kouyaté,25.0,ml MLI,DF
2057,boubakar kouyate,115,2023-2024,Boubakar Kouyaté,26.0,ml MLI,DF
2058,boubakar kouyate,115,2024-2025,Boubakar Kouyaté,27.0,ml MLI,DF
2059,boubakary soumare,24,2023-2024,Boubakary Soumaré,24.0,fr FRA,MF
2060,boubakary soumare,39,2022-2023,Boubakary Soumaré,23.0,fr FRA,MF
2061,boubakary soumare,39,2024-2025,Boubakary Soumaré,25.0,fr FRA,MF
2062,boulaye dia,88,2024-2025,Boulaye Dia,27.0,sn SEN,"MF,FW"
2063,boulaye dia,88,2025-2026,Boulaye Dia,29.0,Senegal,F
2064,boulaye dia,95,2022-2023,Boulaye Dia,25.0,sn SEN,"FW,MF"
2065,boulaye dia,95,2023-2024,Boulaye Dia,26.0,sn SEN,"FW,MF"
2066,bouna sarr,54,2022-2023,Bouna Sarr,30.0,sn SEN,"DF,MF"
2067,bouna sarr,54,2023-2024,Bouna Sarr,31.0,sn SEN,DF
2068,bouna sarr,113,2025-2026,Bouna Sarr,34.0,Senegal,D
2069,bradley barcola,111,2022-2023,Bradley Barcola,19.0,fr FRA,"FW,MF"
2070,bradley barcola,111,2023-2024,Bradley Barcola,20.0,fr FRA,MF
2071,bradley barcola,119,2023-2024,Bradley Barcola,20.0,fr FRA,"FW,MF"
2072,bradley barcola,119,2024-2025,Bradley Barcola,21.0,fr FRA,FW
2073,bradley barcola,119,2025-2026,Bradley Barcola,23.0,France,F
2074,bradley ibrahim,27,2023-2024,Bradley Ibrahim,18.0,eng ENG,MF
2075,bradley locko,105,2022-2023,Bradley Locko,20.0,fr FRA,DF
2076,bradley locko,105,2023-2024,Bradley Locko,21.0,fr FRA,DF
2077,bradley locko,105,2024-2025,Bradley Locko,22.0,fr FRA,DF
2078,bradley locko,105,2025-2026,Bradley Locko,23.0,France,D
2079,bradley locko,120,2022-2023,Bradley Locko,20.0,fr FRA,"MF,DF"
2080,brahim diaz,20,2023-2024,Brahim Díaz,23.0,ma MAR,"MF,FW"
2081,brahim diaz,20,2024-2025,Brahim Díaz,24.0,ma MAR,"MF,FW"
2082,brahim diaz,20,2025-2026,Brahim Díaz,26.0,Morocco,F
2083,brahim diaz,75,2022-2023,Brahim Díaz,22.0,ma MAR,MF
2084,brahim diazac,75,2022-2023,Brahim DíazAC,,,
2085,braian cufre,16,2022-2023,Braian Cufré,25.0,ar ARG,"MF,DF"
2086,brais mendez,22,2022-2023,Brais Méndez,25.0,es ESP,MF
2087,brais mendez,22,2023-2024,Brais Méndez,26.0,es ESP,"MF,FW"
2088,brais mendez,22,2024-2025,Brais Méndez,27.0,es ESP,"MF,FW"
2089,brais mendez,22,2025-2026,Brais Méndez,29.0,Spain,F
2090,brajan gruda,31,2024-2025,Brajan Gruda,20.0,de GER,"MF,FW"
2091,brajan gruda,31,2025-2026,Brajan Gruda,21.0,Germany,F
2092,brajan gruda,66,2022-2023,Brajan Gruda,18.0,de GER,MF
2093,brajan gruda,66,2023-2024,Brajan Gruda,19.0,de GER,"MF,FW"
2094,brajan gruda,68,2025-2026,Brajan Gruda,21.0,Germany,F
2095,bram nuytinck,96,2022-2023,Bram Nuytinck,32.0,nl NED,DF
2096,bram nuytinck,100,2022-2023,Bram Nuytinck,32.0,nl NED,DF
2097,branco van den boomen,103,2025-2026,Branco van den Boomen,30.0,Netherlands,M
2098,branco van den boomen,124,2022-2023,Branco van den Boomen,27.0,nl NED,MF
2099,brandon aguilera,45,2023-2024,Brandon Aguilera,20.0,cr CRC,MF
2100,brandon austin,49,2022-2023,Brandon Austin,23.0,eng ENG,GK
2101,brandon austin,49,2023-2024,Brandon Austin,24.0,eng ENG,GK
2102,brandon austin,49,2024-2025,Brandon Austin,25.0,eng ENG,GK
2103,brandon austin,49,2025-2026,Brandon Austin,27.0,England,K
2104,brandon baiye,106,2022-2023,Brandon Baiye,21.0,be BEL,MF
2105,brandon domingues,21,2025-2026,Brandon Dominguès,25.0,France,F
2106,brandon soppy,76,2022-2023,Brandon Soppy,20.0,fr FRA,MF
2107,brandon soppy,99,2023-2024,Brandon Soppy,21.0,fr FRA,MF
2108,brandon soppy,100,2022-2023,Brandon Soppy,20.0,fr FRA,MF
2109,brandon williams,43,2022-2023,Brandon Williams,21.0,eng ENG,DF
2110,branimir mlacic,100,2025-2026,Branimir Mlacic,18.0,Croatia,D
2111,brau,12,2023-2024,Brau,21.0,es ESP,DF
2112,brayan,81,2024-2025,Brayan,18.0,br BRA,FW
2113,brayann pereira,104,2022-2023,Brayann Pereira,19.0,fr FRA,DF
2114,brayden clarke,27,2024-2025,Brayden Clarke,17.0,wls WAL,DF
2115,braydon manu,57,2023-2024,Braydon Manu,26.0,gh GHA,MF
2116,brecht dejaegere,124,2022-2023,Brecht Dejaegere,31.0,be BEL,MF
2117,breel embolo,114,2022-2023,Breel Embolo,25.0,ch SUI,FW
2118,breel embolo,114,2023-2024,Breel Embolo,26.0,ch SUI,FW
2119,breel embolo,114,2024-2025,Breel Embolo,27.0,ch SUI,"FW,MF"
2120,breel embolo,121,2025-2026,Breel Embolo,28.0,Switzerland,F
2121,bremer,87,2022-2023,Bremer,25.0,Brazil,D
2122,bremer,87,2023-2024,Bremer,26.0,Brazil,D
2123,bremer,87,2024-2025,Bremer,27.0,Brazil,D
2124,bremer,87,2025-2026,Bremer,28.0,Brazil,D
2125,brendan chardonnet,105,2022-2023,Brendan Chardonnet,27.0,fr FRA,DF
2126,brendan chardonnet,105,2023-2024,Brendan Chardonnet,28.0,fr FRA,DF
2127,brendan chardonnet,105,2024-2025,Brendan Chardonnet,29.0,fr FRA,DF
2128,brendan chardonnet,105,2025-2026,Brendan Chardonnet,31.0,France,D
2129,brenden aaronson,38,2022-2023,Brenden Aaronson,21.0,us USA,MF
2130,brenden aaronson,38,2025-2026,Brenden Aaronson,25.0,United States,F
2131,brenden aaronson,72,2023-2024,Brenden Aaronson,22.0,us USA,"MF,FW"
2132,brennan johnson,34,2025-2026,Brennan Johnson,24.0,Wales,F
2133,brennan johnson,45,2022-2023,Brennan Johnson,21.0,wls WAL,"FW,MF"
2134,brennan johnson,45,2023-2024,Brennan Johnson,22.0,wls WAL,"FW,MF"
2135,brennan johnson,49,2023-2024,Brennan Johnson,22.0,wls WAL,"MF,FW"
2136,brennan johnson,49,2024-2025,Brennan Johnson,23.0,wls WAL,"FW,MF"
2137,brenner,100,2023-2024,Brenner,23.0,br BRA,"MF,FW"
2138,brenner,100,2024-2025,Brenner,24.0,br BRA,"MF,FW"
2139,brian bayeye,99,2022-2023,Brian Bayeye,22.0,cd COD,MF
2140,brian bayeye,99,2023-2024,Brian Bayeye,23.0,cd COD,DF
2141,brian brobbey,48,2025-2026,Brian Brobbey,24.0,Netherlands,F
2142,brian ocampo,6,2022-2023,Brian Ocampo,23.0,uy URU,MF
2143,brian ocampo,6,2023-2024,Brian Ocampo,24.0,uy URU,MF
2144,brian oddei,97,2022-2023,Brian Oddei,20.0,Ghana,F
2145,brian olivan,9,2022-2023,Brian Oliván,28.0,es ESP,DF
2146,brian olivan,9,2024-2025,Brian Oliván,30.0,es ESP,DF
2147,brice maubleu,122,2024-2025,Brice Maubleu,35.0,France,K
2148,brice samba,108,2022-2023,Brice Samba,28.0,fr FRA,GK
2149,brice samba,108,2023-2024,Brice Samba,29.0,fr FRA,GK
2150,brice samba,108,2024-2025,Brice Samba,30.0,fr FRA,GK
2151,brice samba,121,2024-2025,Brice Samba,30.0,fr FRA,GK
2152,brice samba,121,2025-2026,Brice Samba,31.0,France,K
2153,brodi hughes,33,2025-2026,Brodi Hughes,20.0,England,D
2154,brooke norton-cuffy,84,2024-2025,Brooke Norton-Cuffy,20.0,eng ENG,"MF,DF"
2155,brooke norton-cuffy,84,2025-2026,Brooke Norton-Cuffy,22.0,England,D
2156,bruno,101,2024-2025,Bruno,26.0,br BRA,GK
2157,bruno amione,85,2022-2023,Bruno Amione,20.0,ar ARG,DF
2158,bruno amione,85,2023-2024,Bruno Amione,21.0,ar ARG,DF
2159,bruno amione,96,2022-2023,Bruno Amione,20.0,ar ARG,DF
2160,bruno fernandes,43,2022-2023,Bruno Fernandes,27.0,pt POR,MF
2161,bruno fernandes,43,2023-2024,Bruno Fernandes,28.0,pt POR,MF
2162,bruno fernandes,43,2024-2025,Bruno Fernandes,29.0,pt POR,MF
2163,bruno fernandes,43,2025-2026,Bruno Fernandes,31.0,Portugal,F
2164,bruno guimaraes,44,2022-2023,Bruno Guimarães,24.0,br BRA,MF
2165,bruno guimaraes,44,2023-2024,Bruno Guimarães,25.0,br BRA,MF
2166,bruno guimaraes,44,2024-2025,Bruno Guimarães,26.0,br BRA,MF
2167,bruno guimaraes,44,2025-2026,Bruno Guimarães,28.0,Brazil,M
2168,bruno iribarne,2,2023-2024,Bruno Iribarne,18.0,es ESP,GK
2169,bruno langa,2,2023-2024,Bruno Langa,25.0,mz MOZ,DF
2170,bruno mendez,12,2023-2024,Bruno Méndez,23.0,uy URU,DF
2171,bruno ogbus,59,2024-2025,Bruno Ogbus,19.0,Switzerland,D
2172,bruno ogbus,59,2025-2026,Bruno Ogbus,20.0,Switzerland,D
2173,bryan cristante,94,2022-2023,Bryan Cristante,27.0,it ITA,MF
2174,bryan cristante,94,2023-2024,Bryan Cristante,28.0,it ITA,MF
2175,bryan cristante,94,2024-2025,Bryan Cristante,29.0,it ITA,MF
2176,bryan cristante,94,2025-2026,Bryan Cristante,30.0,Italy,M
2177,bryan fiabema,22,2023-2024,Bryan Fiabema,20.0,no NOR,FW
2178,bryan gil,11,2024-2025,Bryan Gil,23.0,es ESP,"MF,FW"
2179,bryan gil,11,2025-2026,Bryan Gil,24.0,Spain,F
2180,bryan gil,24,2022-2023,Bryan Gil,21.0,es ESP,MF
2181,bryan gil,49,2022-2023,Bryan Gil,21.0,es ESP,"MF,FW"
2182,bryan gil,49,2023-2024,Bryan Gil,22.0,es ESP,MF
2183,bryan mbeumo,30,2022-2023,Bryan Mbeumo,22.0,cm CMR,FW
2184,bryan mbeumo,30,2023-2024,Bryan Mbeumo,23.0,cm CMR,FW
2185,bryan mbeumo,30,2024-2025,Bryan Mbeumo,24.0,cm CMR,"MF,FW"
2186,bryan mbeumo,43,2025-2026,Bryan Mbeumo,26.0,Cameroon,F
2187,bryan okoh,104,2025-2026,Bryan Okoh,22.0,Switzerland,D
2188,bryan zaragoza,12,2023-2024,Bryan Zaragoza,21.0,es ESP,"MF,FW"
2189,bryan zaragoza,17,2024-2025,Bryan Zaragoza,22.0,es ESP,"MF,FW"
2190,bryan zaragoza,54,2023-2024,Bryan Zaragoza,21.0,es ESP,MF
2191,bryan zaragoza,54,2024-2025,Bryan Zaragoza,22.0,Spain,F
2192,bryan zaragoza,94,2025-2026,Bryan Zaragoza,24.0,Spain,F
2193,buba sangare,8,2025-2026,Buba Sangaré,18.0,Spain,D
2194,buba sangare,94,2024-2025,Buba Sangaré,16.0,es ESP,DF
2195,budu zivzivadze,61,2024-2025,Budu Zivzivadze,30.0,ge GEO,FW
2196,budu zivzivadze,61,2025-2026,Budu Zivzivadze,31.0,Georgia,F
2197,budu zivzivadzefc,61,2024-2025,Budu ZivzivadzeFC,,,
2198,bukayo saka,27,2022-2023,Bukayo Saka,20.0,eng ENG,"FW,MF"
2199,bukayo saka,27,2023-2024,Bukayo Saka,21.0,eng ENG,FW
2200,bukayo saka,27,2024-2025,Bukayo Saka,22.0,eng ENG,"FW,MF"
2201,bukayo saka,27,2025-2026,Bukayo Saka,24.0,England,F
2202,caden clark,68,2022-2023,Caden Clark,19.0,us USA,MF
2203,cafu,45,2022-2023,Cafú,29.0,pt POR,MF
2204,caglar soyuncu,4,2023-2024,Çaglar Söyüncü,27.0,tr TUR,DF
2205,caglar soyuncu,39,2022-2023,Çaglar Söyüncü,26.0,tr TUR,DF
2206,caio henrique,114,2022-2023,Caio Henrique,25.0,Brazil,D
2207,caio henrique,114,2023-2024,Caio Henrique,26.0,Brazil,D
2208,caio henrique,114,2024-2025,Caio Henrique,27.0,Brazil,D
2209,caio henrique,114,2025-2026,Caio Henrique,28.0,Brazil,D
2210,caio henrique oliveira silva,114,2022-2023,Caio Henrique Oliveira Silva,25.0,br BRA,DF
2211,caio henrique oliveira silva,114,2023-2024,Caio Henrique Oliveira Silva,26.0,br BRA,"MF,DF"
2212,caio henrique oliveira silva,114,2024-2025,Caio Henrique Oliveira Silva,27.0,br BRA,DF
2213,cala,6,2022-2023,Cala,32.0,es ESP,DF
2214,caleb ekuban,84,2023-2024,Caleb Ekuban,29.0,gh GHA,FW
2215,caleb ekuban,84,2024-2025,Caleb Ekuban,30.0,gh GHA,FW
2216,caleb ekuban,84,2025-2026,Caleb Ekuban,31.0,Ghana,F
2217,caleb kporha,34,2024-2025,Caleb Kporha,18.0,eng ENG,DF
2218,caleb kporha,34,2025-2026,Caleb Kporha,19.0,England,D
2219,caleb okoli,39,2024-2025,Caleb Okoli,23.0,it ITA,DF
2220,caleb okoli,76,2022-2023,Caleb Okoli,21.0,it ITA,DF
2221,caleb okoli,76,2023-2024,Caleb Okoli,22.0,it ITA,DF
2222,caleb okoli,83,2023-2024,Caleb Okoli,22.0,it ITA,DF
2223,caleb wiley,33,2024-2025,Caleb Wiley,20.0,United States,D
2224,caleb wiley,33,2025-2026,Caleb Wiley,21.0,United States,D
2225,caleb wiley,123,2024-2025,Caleb Wiley,19.0,us USA,"MF,DF"
2226,calebe,1,2025-2026,Calebe,25.0,Brazil,F
2227,callan mckenna,29,2023-2024,Callan Mckenna,16.0,sct SCO,GK
2228,callan mckenna,29,2024-2025,Callan Mckenna,17.0,sct SCO,GK
2229,callum bates,35,2024-2025,Callum Bates,18.0,eng ENG,MF
2230,callum doyle,42,2024-2025,Callum Doyle,21.0,England,D
2231,callum hudson-odoi,33,2022-2023,Callum Hudson-Odoi,21.0,eng ENG,"FW,MF"
2232,callum hudson-odoi,45,2023-2024,Callum Hudson-Odoi,22.0,eng ENG,"MF,FW"
2233,callum hudson-odoi,45,2024-2025,Callum Hudson-Odoi,23.0,eng ENG,MF
2234,callum hudson-odoi,45,2025-2026,Callum Hudson-Odoi,25.0,England,F
2235,callum hudson-odoi,53,2022-2023,Callum Hudson-Odoi,21.0,eng ENG,"MF,FW"
2236,callum marshall,50,2023-2024,Callum Marshall,18.0,nir NIR,FW
2237,callum marshall,50,2024-2025,Callum Marshall,20.0,Northern Ireland,F
2238,callum olusesi,49,2024-2025,Callum Olusesi,17.0,eng ENG,MF
2239,callum wilson,44,2022-2023,Callum Wilson,30.0,eng ENG,FW
2240,callum wilson,44,2023-2024,Callum Wilson,31.0,eng ENG,FW
2241,callum wilson,44,2024-2025,Callum Wilson,32.0,eng ENG,FW
2242,callum wilson,50,2025-2026,Callum Wilson,33.0,England,F
2243,calum chambers,28,2022-2023,Calum Chambers,27.0,eng ENG,DF
2244,calum chambers,28,2023-2024,Calum Chambers,28.0,eng ENG,MF
2245,calum scanlon,40,2023-2024,Calum Scanlon,18.0,eng ENG,MF
2246,calum scanlon,40,2025-2026,Calum Scanlon,21.0,England,D
2247,calvin bassey,36,2023-2024,Calvin Bassey,23.0,ng NGA,DF
2248,calvin bassey,36,2024-2025,Calvin Bassey,24.0,ng NGA,DF
2249,calvin bassey,36,2025-2026,Calvin Bassey,26.0,Nigeria,D
2250,calvin ramsay,40,2022-2023,Calvin Ramsay,19.0,sct SCO,DF
2251,calvin ramsay,40,2024-2025,Calvin Ramsay,21.0,Scotland,D
2252,calvin stengs,93,2025-2026,Calvin Stengs,27.0,Netherlands,F
2253,calvin stengs,117,2022-2023,Calvin Stengs,23.0,nl NED,"MF,FW"
2254,calvin verdonk,109,2025-2026,Calvin Verdonk,28.0,Indonesia,D
2255,cameron archer,28,2022-2023,Cameron Archer,21.0,eng ENG,"FW,MF"
2256,cameron archer,28,2023-2024,Cameron Archer,22.0,eng ENG,"FW,MF"
2257,cameron archer,46,2023-2024,Cameron Archer,22.0,eng ENG,"FW,MF"
2258,cameron archer,47,2024-2025,Cameron Archer,23.0,eng ENG,FW
2259,cameron burgess,37,2024-2025,Cameron Burgess,28.0,au AUS,DF
2260,cameron humphreys,37,2024-2025,Cameron Humphreys,21.0,England,M
2261,cameron peupion,31,2022-2023,Cameron Peupion,19.0,au AUS,MF
2262,cameron peupion,31,2023-2024,Cameron Peupion,20.0,au AUS,MF
2263,cameron plain,29,2022-2023,Cameron Plain,20.0,eng ENG,GK
2264,cameron puertas,73,2025-2026,Cameron Puertas,27.0,Spain,F
2265,can uzun,58,2024-2025,Can Uzun,18.0,tr TUR,MF
2266,can uzun,58,2025-2026,Can Uzun,20.0,Turkey,F
2267,caoimhin kelleher,30,2025-2026,Caoimhín Kelleher,27.0,Ireland,K
2268,caoimhin kelleher,40,2022-2023,Caoimhín Kelleher,23.0,ie IRL,GK
2269,caoimhin kelleher,40,2023-2024,Caoimhín Kelleher,24.0,ie IRL,GK
2270,caoimhin kelleher,40,2024-2025,Caoimhín Kelleher,25.0,ie IRL,GK
2271,carl johansson,64,2024-2025,Carl Johansson,30.0,se SWE,DF
2272,carl klaus,72,2024-2025,Carl Klaus,30.0,de GER,GK
2273,carl klaus,72,2025-2026,Carl Klaus,32.0,Germany,K
2274,carl rushworth,31,2024-2025,Carl Rushworth,23.0,eng ENG,GK
2275,carl starfelt,7,2023-2024,Carl Starfelt,28.0,se SWE,DF
2276,carl starfelt,7,2024-2025,Carl Starfelt,29.0,se SWE,DF
2277,carl starfelt,7,2025-2026,Carl Starfelt,30.0,Sweden,D
2278,carlens arcus,103,2024-2025,Carlens Arcus,28.0,ht HAI,DF
2279,carlens arcus,103,2025-2026,Carlens Arcus,29.0,Haiti,D
2280,carles alena,1,2024-2025,Carles Aleñá,26.0,es ESP,MF
2281,carles alena,1,2025-2026,Carles Aleñá,28.0,Spain,M
2282,carles alena,10,2022-2023,Carles Aleñá,24.0,es ESP,"MF,FW"
2283,carles alena,10,2023-2024,Carles Aleñá,25.0,es ESP,MF
2284,carles alena,10,2024-2025,Carles Aleñá,26.0,es ESP,MF
2285,carles garrido,11,2023-2024,Carles Garrido,18.0,es ESP,FW
2286,carles perez,7,2022-2023,Carles Pérez,24.0,es ESP,"MF,FW"
2287,carles perez,7,2023-2024,Carles Pérez,25.0,es ESP,MF
2288,carles perez,10,2024-2025,Carles Pérez,26.0,es ESP,MF
2289,carlo,26,2022-2023,Carlo,21.0,es ESP,MF
2290,carlo boukhalfa,70,2024-2025,Carlo Boukhalfa,25.0,ma MAR,MF
2291,carlo pinsoglio,87,2022-2023,Carlo Pinsoglio,32.0,it ITA,GK
2292,carlo pinsoglio,87,2023-2024,Carlo Pinsoglio,33.0,it ITA,GK
2293,carlo pinsoglio,87,2024-2025,Carlo Pinsoglio,34.0,it ITA,GK
2294,carlo pinsoglio,87,2025-2026,Carlo Pinsoglio,35.0,Italy,K
2295,carlos alcaraz,35,2024-2025,Carlos Alcaraz,21.0,ar ARG,MF
2296,carlos alcaraz,35,2025-2026,Carlos Alcaraz,23.0,Argentina,M
2297,carlos alcaraz,47,2022-2023,Carlos Alcaraz,19.0,ar ARG,"MF,FW"
2298,carlos alcaraz,47,2024-2025,Carlos Alcaraz,21.0,ar ARG,MF
2299,carlos alcaraz,87,2023-2024,Carlos Alcaraz,20.0,ar ARG,MF
2300,carlos alvarez,15,2025-2026,Carlos Álvarez,22.0,Spain,F
2301,carlos alvarez,24,2022-2023,Carlos Álvarez,18.0,es ESP,MF
2302,carlos andres gomez,121,2024-2025,Carlos Andrés Gómez,22.0,Colombia,F
2303,carlos augusto,86,2023-2024,Carlos Augusto,24.0,br BRA,"MF,DF"
2304,carlos augusto,86,2024-2025,Carlos Augusto,25.0,br BRA,"DF,MF"
2305,carlos augusto,86,2025-2026,Carlos Augusto,27.0,Brazil,D
2306,carlos augusto,90,2022-2023,Carlos Augusto,23.0,br BRA,MF
2307,carlos baleba,31,2023-2024,Carlos Baleba,19.0,cm CMR,MF
2308,carlos baleba,31,2024-2025,Carlos Baleba,20.0,cm CMR,MF
2309,carlos baleba,31,2025-2026,Carlos Baleba,22.0,Cameroon,M
2310,carlos baleba,109,2022-2023,Carlos Baleba,18.0,cm CMR,"MF,FW"
2311,carlos baleba,109,2023-2024,Carlos Baleba,19.0,cm CMR,MF
2312,carlos benavidez,1,2023-2024,Carlos Benavídez,25.0,uy URU,MF
2313,carlos benavidez,1,2024-2025,Carlos Benavídez,26.0,uy URU,MF
2314,carlos benavidez,1,2025-2026,Carlos Benavidez,27.0,Uruguay,M
2315,carlos clerc,8,2022-2023,Carlos Clerc,30.0,es ESP,"DF,MF"
2316,carlos dominguez,7,2022-2023,Carlos Domínguez,21.0,es ESP,DF
2317,carlos dominguez,7,2023-2024,Carlos Domínguez,22.0,es ESP,DF
2318,carlos dominguez,7,2024-2025,Carlos Domínguez,23.0,es ESP,DF
2319,carlos dominguez,7,2025-2026,Carlos Domínguez,24.0,Spain,D
2320,carlos dotor,7,2023-2024,Carlos Dotor,22.0,es ESP,MF
2321,carlos dotor,20,2022-2023,Carlos Dotor,21.0,es ESP,MF
2322,carlos espi,15,2025-2026,Carlos Espí,20.0,Spain,F
2323,carlos fernandez,22,2022-2023,Carlos Fernández,26.0,es ESP,FW
2324,carlos fernandez,22,2023-2024,Carlos Fernández,27.0,es ESP,FW
2325,carlos forbs,51,2024-2025,Carlos Forbs,20.0,pt POR,MF
2326,carlos garcia,6,2022-2023,Carlos García,22.0,es ESP,DF
2327,carlos gruezo,52,2022-2023,Carlos Gruezo,27.0,ec ECU,MF
2328,carlos guirao,14,2024-2025,Carlos Guirao,21.0,es ESP,MF
2329,carlos guirao,19,2024-2025,Carlos Guirao,21.0,es ESP,MF
2330,carlos lumbreras,17,2024-2025,Carlos Lumbreras,19.0,es ESP,FW
2331,carlos macia,26,2025-2026,Carlos Macià,17.0,Spain,M
2332,carlos martin,1,2024-2025,Carlos Martín,22.0,es ESP,"MF,FW"
2333,carlos martin,4,2022-2023,Carlos Martín,20.0,es ESP,"FW,MF"
2334,carlos martin,18,2025-2026,Carlos Martín,23.0,Spain,F
2335,carlos miguel,45,2024-2025,Carlos Miguel,25.0,br BRA,GK
2336,carlos neva,12,2023-2024,Carlos Neva,27.0,es ESP,DF
2337,carlos protesoni,1,2023-2024,Carlos Protesoni,,,
2338,carlos protesoni,1,2024-2025,Carlos Protesoni,,,
2339,carlos rojas,2,2022-2023,Carlos Rojas,20.0,es ESP,FW
2340,carlos romero,9,2024-2025,Carlos Romero,22.0,es ESP,"DF,MF"
2341,carlos romero,9,2025-2026,Carlos Romero,24.0,Spain,D
2342,carlos romero,26,2022-2023,Carlos Romero,20.0,es ESP,DF
2343,carlos romero,26,2023-2024,Carlos Romero,21.0,es ESP,DF
2344,carlos soler,22,2025-2026,Carlos Soler,29.0,Spain,M
2345,carlos soler,25,2022-2023,Carlos Soler,25.0,es ESP,MF
2346,carlos soler,50,2024-2025,Carlos Soler,27.0,es ESP,MF
2347,carlos soler,119,2022-2023,Carlos Soler,25.0,es ESP,MF
2348,carlos soler,119,2023-2024,Carlos Soler,26.0,es ESP,"MF,DF"
2349,carlos vicente,1,2023-2024,Carlos Vicente,24.0,es ESP,MF
2350,carlos vicente,1,2024-2025,Carlos Vicente,25.0,es ESP,MF
2351,carlos vinicius,36,2022-2023,Carlos Vinícius,27.0,br BRA,FW
2352,carlos vinicius,36,2023-2024,Carlos Vinícius,28.0,br BRA,FW
2353,carlos vinicius,36,2024-2025,Carlos Vinícius,29.0,br BRA,FW
2354,carlton morris,41,2023-2024,Carlton Morris,27.0,eng ENG,"FW,MF"
2355,carmona,8,2022-2023,Carmona,20.0,es ESP,"MF,DF"
2356,carmona,10,2023-2024,Carmona,21.0,es ESP,"MF,DF"
2357,carmona,24,2022-2023,Carmona,20.0,es ESP,DF
2358,carmona,24,2024-2025,Carmona,22.0,es ESP,DF
2359,carney chukwuemeka,33,2022-2023,Carney Chukwuemeka,18.0,at AUT,MF
2360,carney chukwuemeka,33,2023-2024,Carney Chukwuemeka,19.0,at AUT,MF
2361,carney chukwuemeka,33,2024-2025,Carney Chukwuemeka,20.0,England,M
2362,carney chukwuemeka,56,2024-2025,Carney Chukwuemeka,20.0,at AUT,MF
2363,carney chukwuemeka,56,2025-2026,Carney Chukwuemeka,22.0,England,M
2364,casemiro,20,2022-2023,Casemiro,30.0,br BRA,MF
2365,casemiro,43,2022-2023,Casemiro,30.0,br BRA,MF
2366,casemiro,43,2023-2024,Casemiro,31.0,br BRA,"MF,DF"
2367,casemiro,43,2024-2025,Casemiro,32.0,br BRA,MF
2368,casemiro,43,2025-2026,Casemiro,33.0,Brazil,M
2369,casper tengstedt,85,2024-2025,Casper Tengstedt,24.0,dk DEN,FW
2370,castello lukeba,68,2023-2024,Castello Lukeba,20.0,fr FRA,DF
2371,castello lukeba,68,2024-2025,Castello Lukeba,21.0,fr FRA,DF
2372,castello lukeba,68,2025-2026,Castello Lukeba,23.0,France,D
2373,castello lukeba,111,2022-2023,Castello Lukeba,19.0,fr FRA,DF
2374,castrin,24,2024-2025,Castrin,21.0,es ESP,DF
2375,catala,9,2024-2025,Català,19.0,es ESP,DF
2376,catena,17,2023-2024,Catena,28.0,es ESP,DF
2377,catena,17,2024-2025,Catena,29.0,es ESP,DF
2378,catena,18,2022-2023,Catena,27.0,es ESP,DF
2379,cauley woodrow,41,2023-2024,Cauley Woodrow,28.0,eng ENG,FW
2380,caumenan n'guessan,99,2022-2023,Caumenan N'Guessan,18.0,fr FRA,DF
2381,caumenan n'guessan,99,2023-2024,Caumenan N'Guessan,19.0,fr FRA,DF
2382,caylan vickers,31,2025-2026,Caylan Vickers,20.0,England,F
2383,cedric avinel,102,2022-2023,Cédric Avinel,35.0,gp GLP,DF
2384,cedric avinelac,102,2022-2023,Cédric AvinelAC,,,
2385,cedric bakambu,19,2023-2024,Cédric Bakambu,32.0,cd COD,FW
2386,cedric bakambu,19,2024-2025,Cédric Bakambu,33.0,cd COD,FW
2387,cedric bakambu,19,2025-2026,Cédric Bakambu,34.0,Democratic Republic of the Congo,F
2388,cedric bakambu,112,2022-2023,Cédric Bakambu,31.0,cd COD,FW
2389,cedric brunner,69,2022-2023,Cédric Brunner,28.0,ch SUI,DF
2390,cedric hountondji,103,2022-2023,Cédric Hountondji,28.0,bj BEN,DF
2391,cedric hountondji,103,2024-2025,Cédric Hountondji,30.0,bj BEN,DF
2392,cedric kipre,120,2024-2025,Cédric Kipré,27.0,ci CIV,DF
2393,cedric soares,27,2022-2023,Cédric Soares,30.0,pt POR,"DF,MF"
2394,cedric soares,27,2023-2024,Cédric Soares,31.0,pt POR,"DF,MF"
2395,cedric soares,36,2022-2023,Cédric Soares,30.0,pt POR,DF
2396,cedric zesiger,52,2024-2025,Cédric Zesiger,26.0,ch SUI,DF
2397,cedric zesiger,52,2025-2026,Cédric Zesiger,27.0,Switzerland,D
2398,cedric zesiger,74,2023-2024,Cédric Zesiger,25.0,ch SUI,DF
2399,cedric zesiger,74,2024-2025,Cédric Zesiger,26.0,ch SUI,DF
2400,cengiz under,112,2022-2023,Cengiz Ünder,25.0,tr TUR,MF
2401,cenk ozkacar,23,2024-2025,Cenk Özkacar,23.0,tr TUR,DF
2402,cenk ozkacar,25,2022-2023,Cenk Özkacar,21.0,tr TUR,DF
2403,cenk ozkacar,25,2023-2024,Cenk Özkacar,22.0,tr TUR,DF
2404,cenk ozkacar,25,2024-2025,Cenk Özkacar,23.0,tr TUR,DF
2405,cenk ozkacar,65,2025-2026,Cenk Özkacar,25.0,Turkey,D
2406,cesar azpilicueta,4,2023-2024,César Azpilicueta,33.0,es ESP,"DF,MF"
2407,cesar azpilicueta,4,2024-2025,César Azpilicueta,34.0,es ESP,DF
2408,cesar azpilicueta,24,2025-2026,César Azpilicueta,36.0,Spain,D
2409,cesar azpilicueta,33,2022-2023,César Azpilicueta,32.0,es ESP,"DF,MF"
2410,cesar de la hoz,2,2022-2023,César de la Hoz,30.0,es ESP,MF
2411,cesar de la hoz,23,2024-2025,César de la Hoz,32.0,es ESP,MF
2412,cesar fernandez,7,2023-2024,César Fernández,19.0,es ESP,GK
2413,cesar fernandez,7,2024-2025,César Fernández,20.0,es ESP,GK
2414,cesar gelabert,124,2023-2024,César Gelabert,23.0,Spain,F
2415,cesar montes,2,2023-2024,César Montes,26.0,mx MEX,DF
2416,cesar montes,9,2022-2023,César Montes,25.0,mx MEX,DF
2417,cesar tarrega,25,2023-2024,César Tárrega,21.0,es ESP,DF
2418,cesar tarrega,25,2024-2025,César Tárrega,22.0,es ESP,DF
2419,cesar tarrega,25,2025-2026,César Tárrega,23.0,Spain,D
2420,cesare casadei,33,2023-2024,Cesare Casadei,20.0,it ITA,MF
2421,cesare casadei,33,2024-2025,Cesare Casadei,21.0,it ITA,MF
2422,cesare casadei,99,2024-2025,Cesare Casadei,21.0,it ITA,MF
2423,cesare casadei,99,2025-2026,Cesare Casadei,23.0,Italy,M
2424,chadi riad,5,2022-2023,Chadi Riad,19.0,ma MAR,DF
2425,chadi riad,19,2023-2024,Chadi Riad,20.0,ma MAR,DF
2426,chadi riad,34,2024-2025,Chadi Riad,21.0,ma MAR,DF
2427,chadi riad,34,2025-2026,Chadi Riad,22.0,Morocco,D
2428,chaim el djebali,111,2023-2024,Chaïm El Djebali,19.0,tn TUN,MF
2429,chaka traore,75,2023-2024,Chaka Traorè,18.0,ci CIV,FW
2430,chaka traoreac,75,2023-2024,Chaka TraorèAC,,,
2431,chaker alhadhur,102,2022-2023,Chaker Alhadhur,31.0,Comoros,D
2432,chancel mbemba,109,2025-2026,Chancel Mbemba,31.0,Democratic Republic of the Congo,D
2433,chancel mbemba,112,2022-2023,Chancel Mbemba,27.0,cd COD,DF
2434,chancel mbemba,112,2023-2024,Chancel Mbemba,28.0,cd COD,DF
2435,chancel mbemba,112,2024-2025,Chancel Mbemba,30.0,Democratic Republic of the Congo,D
2436,charalampos kostoulas,31,2025-2026,Charalampos Kostoulas,18.0,Greece,F
2437,charalampos lykogiannis,77,2022-2023,Charalampos Lykogiannis,29.0,Greece,D
2438,charalampos lykogiannis,77,2023-2024,Charalampos Lykogiannis,30.0,Greece,D
2439,charalampos lykogiannis,77,2024-2025,Charalampos Lykogiannis,31.0,Greece,D
2440,charalampos lykogiannis,77,2025-2026,Charalampos Lykogiannis,32.0,Greece,D
2441,charles aranguiz,53,2022-2023,Charles Aránguiz,33.0,cl CHI,MF
2442,charles de ketelaere,75,2022-2023,Charles De Ketelaere,21.0,be BEL,MF
2443,charles de ketelaere,76,2023-2024,Charles De Ketelaere,22.0,be BEL,"FW,MF"
2444,charles de ketelaere,76,2024-2025,Charles De Ketelaere,23.0,be BEL,"MF,FW"
2445,charles de ketelaere,76,2025-2026,Charles De Ketelaere,24.0,Belgium,F
2446,charles de ketelaereac,75,2022-2023,Charles De KetelaereAC,,,
2447,charles herrmann,67,2024-2025,Charles Herrmann,18.0,de GER,FW
2448,charles pickel,9,2025-2026,Charles Pickel,28.0,Democratic Republic of the Congo,M
2449,charles pickel,80,2022-2023,Charles Pickel,25.0,cd COD,MF
2450,charles sagoe jr,27,2023-2024,Charles Sagoe Jr,19.0,eng ENG,"FW,MF"
2451,charles traore,116,2022-2023,Charles Traoré,30.0,ml MLI,DF
2452,charles vanhoutte,117,2025-2026,Charles Vanhoutte,27.0,Belgium,M
2453,charlie cresswell,124,2024-2025,Charlie Cresswell,21.0,eng ENG,DF
2454,charlie cresswell,124,2025-2026,Charlie Cresswell,23.0,England,D
2455,charlie crew,38,2025-2026,Charlie Crew,19.0,Wales,M
2456,charlie goode,30,2022-2023,Charlie Goode,26.0,eng ENG,DF
2457,charlie goode,30,2023-2024,Charlie Goode,27.0,eng ENG,DF
2458,charlie mcarthur,44,2024-2025,Charlie McArthur,19.0,Scotland,D
2459,charlie perez,25,2022-2023,Charlie Perez,20.0,es ESP,GK
2460,charlie robinson,36,2022-2023,Charlie Robinson,17.0,eng ENG,DF
2461,charlie tasker,31,2024-2025,Charlie Tasker,18.0,eng ENG,DF
2462,charlie taylor,32,2023-2024,Charlie Taylor,29.0,eng ENG,DF
2463,charlie taylor,47,2024-2025,Charlie Taylor,30.0,eng ENG,DF
2464,charly alcaraz,35,2024-2025,Charly Alcaraz,,,
2465,charly alcaraz,47,2022-2023,Charly Alcaraz,,,
2466,charly alcaraz,47,2024-2025,Charly Alcaraz,,,
2467,charly alcaraz,87,2023-2024,Charly Alcaraz,,,
2468,charlys,85,2023-2024,Charlys,19.0,br BRA,MF
2469,che adams,47,2022-2023,Ché Adams,26.0,sct SCO,FW
2470,che adams,99,2024-2025,Ché Adams,28.0,sct SCO,FW
2471,che adams,99,2025-2026,Ché Adams,29.0,Scotland,F
2472,check keita,120,2022-2023,Check Keita,19.0,fr FRA,DF
2473,cheick conde,101,2024-2025,Cheick Condé,24.0,Guinea,M
2474,cheick doucoure,34,2022-2023,Cheick Doucouré,22.0,ml MLI,MF
2475,cheick doucoure,34,2023-2024,Cheick Doucouré,23.0,ml MLI,MF
2476,cheick doucoure,34,2024-2025,Cheick Doucouré,24.0,ml MLI,MF
2477,cheick doucoure,34,2025-2026,Cheick Doucouré,26.0,Mali,M
2478,cheick doumbia,107,2023-2024,Cheick Doumbia,19.0,France,D
2479,cheick keita,120,2022-2023,Cheick Keita,,,
2480,cheick konate,106,2022-2023,Cheick Konaté,18.0,ml MLI,DF
2481,cheick konate,106,2023-2024,Cheick Konaté,19.0,ml MLI,"MF,DF"
2482,cheick oumar conde,101,2024-2025,Cheick Oumar Conde,24.0,gn GUI,MF
2483,cheick oumar konate,106,2022-2023,Cheick Oumar Konaté,,,
2484,cheick oumar konate,106,2023-2024,Cheick Oumar Konaté,19.0,Mali,D
2485,cheikh faye,115,2022-2023,Cheikh Faye,23.0,sn SEN,DF
2486,cheikh niasse,85,2024-2025,Cheikh Niasse,24.0,sn SEN,MF
2487,cheikh niasse,85,2025-2026,Cheikh Niasse,26.0,Senegal,M
2488,cheikh sabaly,113,2023-2024,Cheikh Sabaly,24.0,Senegal,F
2489,cheikh sabaly,113,2025-2026,Cheikh Sabaly,26.0,Senegal,F
2490,cheikh tidiane sabaly,113,2023-2024,Cheikh Tidiane Sabaly,24.0,sn SEN,"MF,FW"
2491,cheikhou kouyate,45,2022-2023,Cheikhou Kouyaté,32.0,sn SEN,"MF,DF"
2492,cheikhou kouyate,45,2023-2024,Cheikhou Kouyaté,33.0,sn SEN,MF
2493,chem campbell,51,2022-2023,Chem Campbell,19.0,wls WAL,"FW,MF"
2494,chem campbell,51,2024-2025,Chem Campbell,22.0,Wales,F
2495,chema,20,2024-2025,Chema,19.0,es ESP,MF
2496,chema andres,20,2024-2025,Chema Andres,,,
2497,chema andres,71,2025-2026,Chema Andrés,20.0,Spain,M
2498,chemsdine talbi,48,2025-2026,Chemsdine Talbi,20.0,Morocco,F
2499,cher ndour,82,2024-2025,Cher Ndour,20.0,it ITA,MF
2500,cher ndour,82,2025-2026,Cher Ndour,21.0,Italy,M
2501,cher ndour,119,2023-2024,Cher Ndour,19.0,it ITA,MF
2502,chidera ejuke,24,2024-2025,Chidera Ejuke,26.0,ng NGA,"MF,FW"
2503,chidera ejuke,24,2025-2026,Chidera Ejuke,28.0,Nigeria,F
2504,chidera ejuke,62,2022-2023,Chidera Ejuke,24.0,ng NGA,"FW,MF"
2505,chido obi,43,2024-2025,Chido Obi,17.0,Denmark,F
2506,chido obi,43,2025-2026,Chido Obi,18.0,Denmark,F
2507,chidozie awaziem,116,2025-2026,Chidozie Awaziem,29.0,Nigeria,D
2508,chidozie obi-martin,43,2024-2025,Chidozie Obi-Martin,16.0,dk DEN,FW
2509,chiedozie ogbene,37,2024-2025,Chiedozie Ogbene,27.0,ie IRL,MF
2510,chiedozie ogbene,41,2023-2024,Chiedozie Ogbene,26.0,ie IRL,MF
2511,chimy avila,17,2022-2023,Chimy Ávila,28.0,Argentina,F
2512,chimy avila,17,2023-2024,Chimy Ávila,,,
2513,chimy avila,19,2023-2024,Chimy Ávila,29.0,Argentina,F
2514,chimy avila,19,2024-2025,Chimy Ávila,31.0,Argentina,F
2515,chimy avila,19,2025-2026,Chimy Ávila,31.0,Argentina,F
2516,chiquinho,16,2024-2025,Chiquinho,24.0,pt POR,MF
2517,chiquinho,51,2022-2023,Chiquinho,22.0,Portugal,F
2518,chiquinho,51,2024-2025,Chiquinho,24.0,pt POR,"FW,MF"
2519,choco lozano,2,2023-2024,Choco Lozano,30.0,Honduras,F
2520,choco lozano,6,2022-2023,Choco Lozano,29.0,Honduras,F
2521,chris basham,46,2023-2024,Chris Basham,35.0,eng ENG,"DF,MF"
2522,chris bedia,72,2023-2024,Chris Bedia,27.0,ci CIV,FW
2523,chris fuhrich,71,2022-2023,Chris Führich,24.0,de GER,"MF,FW"
2524,chris fuhrich,71,2023-2024,Chris Führich,25.0,de GER,MF
2525,chris fuhrich,71,2024-2025,Chris Führich,26.0,de GER,MF
2526,chris fuhrich,71,2025-2026,Chris Führich,28.0,Germany,F
2527,chris mepham,29,2022-2023,Chris Mepham,24.0,wls WAL,DF
2528,chris mepham,29,2023-2024,Chris Mepham,25.0,wls WAL,DF
2529,chris mepham,29,2024-2025,Chris Mepham,27.0,Wales,D
2530,chris ramos,6,2022-2023,Chris Ramos,25.0,es ESP,FW
2531,chris ramos,6,2023-2024,Chris Ramos,26.0,es ESP,FW
2532,chris richards,34,2022-2023,Chris Richards,22.0,us USA,DF
2533,chris richards,34,2023-2024,Chris Richards,23.0,us USA,"DF,MF"
2534,chris richards,34,2024-2025,Chris Richards,24.0,us USA,DF
2535,chris richards,34,2025-2026,Chris Richards,25.0,United States,D
2536,chris rigg,48,2025-2026,Chris Rigg,18.0,England,F
2537,chris smalling,94,2022-2023,Chris Smalling,32.0,eng ENG,DF
2538,chris smalling,94,2023-2024,Chris Smalling,33.0,eng ENG,DF
2539,chris smalling,94,2024-2025,Chris Smalling,34.0,eng ENG,DF
2540,chris wood,44,2022-2023,Chris Wood,30.0,nz NZL,FW
2541,chris wood,45,2022-2023,Chris Wood,30.0,nz NZL,FW
2542,chris wood,45,2023-2024,Chris Wood,31.0,nz NZL,FW
2543,chris wood,45,2024-2025,Chris Wood,32.0,nz NZL,FW
2544,chris wood,45,2025-2026,Chris Wood,34.0,New Zealand,F
2545,chrislain matsima,52,2024-2025,Chrislain Matsima,22.0,fr FRA,DF
2546,chrislain matsima,52,2025-2026,Chrislain Matsima,23.0,France,D
2547,chrislain matsima,106,2023-2024,Chrislain Matsima,21.0,fr FRA,DF
2548,chrislain matsima,110,2022-2023,Chrislain Matsima,20.0,fr FRA,DF
2549,chrislain matsima,114,2022-2023,Chrislain Matsima,20.0,fr FRA,DF
2550,chrislain matsima,114,2023-2024,Chrislain Matsima,21.0,fr FRA,DF
2551,christ mbondi,120,2023-2024,Christ Mbondi,18.0,fr FRA,FW
2552,christantus uche,10,2024-2025,Christantus Uche,21.0,ng NGA,"FW,MF"
2553,christantus uche,34,2025-2026,Christantus Uche,22.0,Nigeria,F
2554,christian acella,80,2022-2023,Christian Acella,20.0,it ITA,MF
2555,christian biagetti,82,2023-2024,Christian Biagetti,19.0,it ITA,DF
2556,christian chigozie,41,2023-2024,Christian Chigozie,16.0,eng ENG,DF
2557,christian conteh,61,2025-2026,Christian Conteh,26.0,Germany,F
2558,christian corradi,85,2023-2024,Christian Corradi,18.0,it ITA,DF
2559,christian corradi,85,2024-2025,Christian Corradi,19.0,it ITA,DF
2560,christian dalle mura,82,2023-2024,Christian Dalle Mura,21.0,it ITA,DF
2561,christian eriksen,43,2022-2023,Christian Eriksen,30.0,dk DEN,MF
2562,christian eriksen,43,2023-2024,Christian Eriksen,31.0,dk DEN,MF
2563,christian eriksen,43,2024-2025,Christian Eriksen,32.0,dk DEN,MF
2564,christian eriksen,74,2025-2026,Christian Eriksen,33.0,Denmark,F
2565,christian fruchtl,89,2024-2025,Christian Früchtl,24.0,de GER,GK
2566,christian fruchtl,89,2025-2026,Christian Früchtl,26.0,Germany,K
2567,christian gro,73,2022-2023,Christian Groß,33.0,de GER,MF
2568,christian gro,73,2023-2024,Christian Groß,34.0,de GER,"DF,MF"
2569,christian gunter,59,2022-2023,Christian Günter,29.0,de GER,"DF,MF"
2570,christian gunter,59,2023-2024,Christian Günter,30.0,de GER,"MF,DF"
2571,christian gunter,59,2024-2025,Christian Günter,31.0,de GER,DF
2572,christian gunter,59,2025-2026,Christian Günter,32.0,Germany,D
2573,christian gytkjaer,90,2022-2023,Christian Gytkjaer,32.0,Denmark,F
2574,christian gytkjaer,101,2024-2025,Christian Gytkjaer,34.0,Denmark,F
2575,christian gytkjr,90,2022-2023,Christian Gytkjær,32.0,dk DEN,FW
2576,christian gytkjr,101,2024-2025,Christian Gytkjær,34.0,dk DEN,FW
2577,christian joel,7,2022-2023,Christian Joel,23.0,cu CUB,GK
2578,christian kabasele,100,2023-2024,Christian Kabasele,32.0,be BEL,DF
2579,christian kabasele,100,2024-2025,Christian Kabasele,33.0,be BEL,DF
2580,christian kabasele,100,2025-2026,Christian Kabasele,34.0,Belgium,D
2581,christian kofane,53,2025-2026,Christian Kofane,19.0,Cameroon,F
2582,christian kouame,81,2024-2025,Christian Kouamé,26.0,ci CIV,"FW,MF"
2583,christian kouame,82,2022-2023,Christian Kouamé,24.0,ci CIV,"FW,MF"
2584,christian kouame,82,2023-2024,Christian Kouamé,25.0,ci CIV,MF
2585,christian kouame,82,2024-2025,Christian Kouamé,26.0,ci CIV,"MF,FW"
2586,christian kouame,82,2025-2026,Christian Kouamé,28.0,Cote d'Ivoire,F
2587,christian kuhlwetter,61,2023-2024,Christian Kühlwetter,27.0,de GER,"FW,MF"
2588,christian kuhlwetterfc,61,2023-2024,Christian KühlwetterFC,,,
2589,christian mawissa,114,2024-2025,Christian Mawissa,19.0,fr FRA,DF
2590,christian mawissa,114,2025-2026,Christian Mawissa,20.0,France,D
2591,christian mawissa,124,2022-2023,Christian Mawissa,17.0,fr FRA,DF
2592,christian mawissa,124,2023-2024,Christian Mawissa,18.0,fr FRA,"DF,MF"
2593,christian mcfarlane,42,2024-2025,Christian McFarlane,18.0,England,D
2594,christian norgaard,30,2022-2023,Christian Nörgaard,28.0,Denmark,M
2595,christian nrgaard,27,2025-2026,Christian Nørgaard,31.0,Denmark,M
2596,christian nrgaard,30,2022-2023,Christian Nørgaard,28.0,dk DEN,MF
2597,christian nrgaard,30,2023-2024,Christian Nørgaard,29.0,dk DEN,MF
2598,christian nrgaard,30,2024-2025,Christian Nørgaard,30.0,dk DEN,MF
2599,christian ordonez,92,2025-2026,Christian Ordóñez,21.0,Argentina,M
2600,christian pehlivanov,89,2024-2025,Christian Pehlivanov,17.0,bg BUL,DF
2601,christian pulisic,33,2022-2023,Christian Pulisic,23.0,us USA,"MF,FW"
2602,christian pulisic,75,2023-2024,Christian Pulisic,24.0,us USA,"MF,FW"
2603,christian pulisic,75,2024-2025,Christian Pulisic,25.0,us USA,"MF,FW"
2604,christian pulisic,75,2025-2026,Christian Pulisic,27.0,United States,F
2605,christian pulisicac,75,2023-2024,Christian PulisicAC,,,
2606,christian pulisicac,75,2024-2025,Christian PulisicAC,,,
2607,christian saydee,29,2022-2023,Christian Saydee,20.0,lr LBR,"FW,MF"
2608,christian walton,37,2024-2025,Christian Walton,28.0,eng ENG,GK
2609,christoph baumgartner,63,2022-2023,Christoph Baumgartner,22.0,at AUT,"MF,FW"
2610,christoph baumgartner,68,2023-2024,Christoph Baumgartner,23.0,at AUT,"MF,FW"
2611,christoph baumgartner,68,2024-2025,Christoph Baumgartner,24.0,at AUT,"MF,FW"
2612,christoph baumgartner,68,2025-2026,Christoph Baumgartner,26.0,Austria,F
2613,christoph klarer,57,2023-2024,Christoph Klarer,23.0,at AUT,DF
2614,christoph kramer,67,2022-2023,Christoph Kramer,31.0,de GER,MF
2615,christoph kramer,67,2023-2024,Christoph Kramer,32.0,de GER,MF
2616,christoph kramerborussia m.,67,2022-2023,Christoph KramerBorussia M.,,,
2617,christoph kramerborussia m.,67,2023-2024,Christoph KramerBorussia M.,,,
2618,christoph zimmermann,57,2023-2024,Christoph Zimmermann,30.0,de GER,DF
2619,christophe herelle,105,2022-2023,Christophe Hérelle,29.0,mq MTQ,DF
2620,christophe herelle,113,2023-2024,Christophe Hérelle,30.0,mq MTQ,DF
2621,christopher antwi-adjei,55,2022-2023,Christopher Antwi-Adjei,28.0,gh GHA,"FW,MF"
2622,christopher antwi-adjei,55,2023-2024,Christopher Antwi-Adjei,29.0,gh GHA,"FW,MF"
2623,christopher jullien,115,2022-2023,Christopher Jullien,29.0,fr FRA,DF
2624,christopher jullien,115,2023-2024,Christopher Jullien,30.0,fr FRA,DF
2625,christopher jullien,115,2024-2025,Christopher Jullien,31.0,France,D
2626,christopher lenz,58,2022-2023,Christopher Lenz,27.0,de GER,"MF,DF"
2627,christopher lenz,58,2023-2024,Christopher Lenz,28.0,de GER,"DF,MF"
2628,christopher lenz,63,2024-2025,Christopher Lenz,29.0,de GER,"DF,MF"
2629,christopher lenz,68,2023-2024,Christopher Lenz,28.0,de GER,"DF,MF"
2630,christopher negele,61,2024-2025,Christopher Negele,19.0,Germany,F
2631,christopher nkunku,33,2023-2024,Christopher Nkunku,25.0,fr FRA,"MF,FW"
2632,christopher nkunku,33,2024-2025,Christopher Nkunku,26.0,fr FRA,"MF,FW"
2633,christopher nkunku,68,2022-2023,Christopher Nkunku,24.0,fr FRA,"FW,MF"
2634,christopher nkunku,75,2025-2026,Christopher Nkunku,28.0,France,F
2635,christopher operi,107,2023-2024,Christopher Opéri,26.0,ci CIV,"DF,MF"
2636,christopher operi,107,2024-2025,Christopher Opéri,27.0,ci CIV,"MF,DF"
2637,christopher trimmel,72,2022-2023,Christopher Trimmel,35.0,at AUT,MF
2638,christopher trimmel,72,2023-2024,Christopher Trimmel,36.0,at AUT,"MF,DF"
2639,christopher trimmel,72,2024-2025,Christopher Trimmel,37.0,at AUT,"MF,DF"
2640,christopher trimmel,72,2025-2026,Christopher Trimmel,38.0,Austria,D
2641,christopher wooh,108,2022-2023,Christopher Wooh,20.0,cm CMR,DF
2642,christopher wooh,121,2022-2023,Christopher Wooh,20.0,cm CMR,DF
2643,christopher wooh,121,2023-2024,Christopher Wooh,21.0,cm CMR,DF
2644,christopher wooh,121,2024-2025,Christopher Wooh,22.0,cm CMR,DF
2645,christos alexiou,86,2024-2025,Christos Alexiou,19.0,gr GRE,DF
2646,christos kourfalidis,78,2023-2024,Christos Kourfalidis,20.0,gr GRE,MF
2647,christos mandas,29,2025-2026,Christos Mandas,24.0,Greece,K
2648,christos mandas,88,2023-2024,Christos Mandas,21.0,gr GRE,GK
2649,christos mandas,88,2024-2025,Christos Mandas,22.0,gr GRE,GK
2650,christos mandas,88,2025-2026,Christos Mandas,24.0,Greece,K
2651,christos papadopoulos,84,2023-2024,Christos Papadopoulos,18.0,gr GRE,MF
2652,christos papadopoulos,84,2024-2025,Christos Papadopoulos,19.0,gr GRE,MF
2653,christos papadopoulos,87,2024-2025,Christos Papadopoulos,19.0,gr GRE,MF
2654,chuba akpom,109,2024-2025,Chuba Akpom,28.0,eng ENG,FW
2655,chuki,23,2024-2025,Chuki,20.0,Spain,F
2656,chukwubuikem ikwuemesi,95,2023-2024,Chukwubuikem Ikwuemesi,21.0,ng NGA,FW
2657,chuky san jose,23,2024-2025,Chuky san jose,20.0,es ESP,"MF,FW"
2658,chumi,2,2022-2023,Chumi,23.0,es ESP,DF
2659,chumi,2,2023-2024,Chumi,24.0,es ESP,DF
2660,cieran slicker,37,2024-2025,Cieran Slicker,21.0,sct SCO,GK
2661,cimo rocker,73,2023-2024,Cimo Röcker,29.0,de GER,DF
2662,ciprian tatarusanu,75,2022-2023,Ciprian Tătărușanu,36.0,ro ROU,GK
2663,ciprian tatarusanuac,75,2022-2023,Ciprian TatarusanuAC,,,
2664,ciro immobile,88,2022-2023,Ciro Immobile,32.0,it ITA,FW
2665,ciro immobile,88,2023-2024,Ciro Immobile,33.0,it ITA,FW
2666,ciro immobile,118,2025-2026,Ciro Immobile,35.0,Italy,F
2667,cj egan-riley,32,2023-2024,CJ Egan-Riley,20.0,eng ENG,DF
2668,cj egan-riley,112,2025-2026,CJ Egan-Riley,23.0,England,D
2669,claudio bravo,19,2022-2023,Claudio Bravo,39.0,cl CHI,GK
2670,claudio bravo,19,2023-2024,Claudio Bravo,40.0,cl CHI,GK
2671,claudio echeverri,11,2025-2026,Claudio Echeverri,20.0,Argentina,F
2672,claudio echeverri,42,2024-2025,Claudio Echeverri,18.0,ar ARG,MF
2673,claudio echeverri,53,2025-2026,Claudio Echeverri,19.0,Argentina,F
2674,claudio gomes,42,2022-2023,Claudio Gomes,22.0,fr FRA,MF
2675,claudio turi,91,2024-2025,Claudio Turi,19.0,it ITA,GK
2676,cleiton,74,2025-2026,Cleiton,22.0,Brazil,D
2677,clemens riedel,9,2025-2026,Clemens Riedel,22.0,Germany,D
2678,clemens riedel,57,2023-2024,Clemens Riedel,20.0,de GER,"DF,MF"
2679,clement akpa,104,2024-2025,Clément Akpa,22.0,ci CIV,DF
2680,clement akpa,104,2025-2026,Clément Akpa,24.0,Cote d'Ivoire,D
2681,clement grenier,16,2022-2023,Clément Grenier,31.0,fr FRA,MF
2682,clement lenglet,4,2024-2025,Clément Lenglet,29.0,fr FRA,DF
2683,clement lenglet,4,2025-2026,Clément Lenglet,30.0,France,D
2684,clement lenglet,5,2023-2024,Clément Lenglet,28.0,France,D
2685,clement lenglet,5,2024-2025,Clément Lenglet,29.0,France,D
2686,clement lenglet,28,2023-2024,Clément Lenglet,28.0,fr FRA,DF
2687,clement lenglet,49,2022-2023,Clément Lenglet,27.0,fr FRA,DF
2688,clement vidal,102,2022-2023,Clément Vidal,22.0,fr FRA,DF
2689,clement vidalac,102,2022-2023,Clément VidalAC,,,
2690,cleo melieres,113,2025-2026,Cléo Mélières,20.0,France,D
2691,clinton mata,111,2023-2024,Clinton Mata,30.0,ao ANG,"DF,MF"
2692,clinton mata,111,2024-2025,Clinton Mata,31.0,ao ANG,DF
2693,clinton mata,111,2025-2026,Clinton Mata,33.0,Angola,D
2694,clinton mola,71,2022-2023,Clinton Mola,21.0,eng ENG,"DF,MF"
2695,clinton nsiala,75,2023-2024,Clinton Nsiala,19.0,fr FRA,DF
2696,coba da costa,10,2024-2025,Coba da Costa,22.0,es ESP,MF
2697,coba da costa,10,2025-2026,Coba da Costa,23.0,Guinea-Bissau,F
2698,coby ebere,35,2024-2025,Coby Ebere,18.0,de GER,MF
2699,cody drameh,38,2022-2023,Cody Drameh,20.0,eng ENG,DF
2700,cody gakpo,40,2022-2023,Cody Gakpo,23.0,nl NED,FW
2701,cody gakpo,40,2023-2024,Cody Gakpo,24.0,nl NED,"FW,MF"
2702,cody gakpo,40,2024-2025,Cody Gakpo,25.0,nl NED,MF
2703,cody gakpo,40,2025-2026,Cody Gakpo,26.0,Netherlands,F
2704,coke carrillo,7,2022-2023,Coke Carrillo,20.0,es ESP,GK
2705,coke carrillo,7,2023-2024,Coke Carrillo,21.0,es ESP,GK
2706,cole campbell,56,2024-2025,Cole Campbell,18.0,us USA,FW
2707,cole campbell,63,2025-2026,Cole Campbell,19.0,United States,F
2708,cole palmer,33,2023-2024,Cole Palmer,21.0,eng ENG,"MF,FW"
2709,cole palmer,33,2024-2025,Cole Palmer,22.0,eng ENG,MF
2710,cole palmer,33,2025-2026,Cole Palmer,23.0,England,F
2711,cole palmer,42,2022-2023,Cole Palmer,20.0,eng ENG,"MF,FW"
2712,cole palmer,42,2023-2024,Cole Palmer,21.0,eng ENG,"FW,MF"
2713,coli saco,91,2024-2025,Coli Saco,22.0,ml MLI,MF
2714,colin dagba,123,2022-2023,Colin Dagba,23.0,fr FRA,"MF,DF"
2715,colin kleine-bekel,64,2024-2025,Colin Kleine-Bekel,22.0,Germany,D
2716,come bianay balcot,99,2023-2024,Côme Bianay Balcot,18.0,fr FRA,DF
2717,come bianay balcot,99,2024-2025,Côme Bianay Balcot,19.0,fr FRA,DF
2718,connor metcalfe,70,2024-2025,Connor Metcalfe,24.0,au AUS,"MF,FW"
2719,connor metcalfe,70,2025-2026,Connor Metcalfe,26.0,Australia,M
2720,connor no,67,2022-2023,Connor Noß,21.0,ie IRL,MF
2721,connor roberts,32,2023-2024,Connor Roberts,27.0,wls WAL,DF
2722,connor roberts,32,2025-2026,Connor Roberts,30.0,Wales,D
2723,connor ronan,51,2022-2023,Connor Ronan,24.0,ie IRL,MF
2724,conor bradley,40,2023-2024,Conor Bradley,20.0,nir NIR,DF
2725,conor bradley,40,2024-2025,Conor Bradley,21.0,nir NIR,DF
2726,conor bradley,40,2025-2026,Conor Bradley,22.0,Northern Ireland,D
2727,conor chaplin,37,2024-2025,Conor Chaplin,27.0,eng ENG,"MF,FW"
2728,conor coady,35,2022-2023,Conor Coady,29.0,eng ENG,DF
2729,conor coady,39,2024-2025,Conor Coady,31.0,eng ENG,DF
2730,conor coady,51,2022-2023,Conor Coady,29.0,eng ENG,"DF,MF"
2731,conor coventry,50,2022-2023,Conor Coventry,22.0,ie IRL,MF
2732,conor coventry,50,2023-2024,Conor Coventry,23.0,ie IRL,MF
2733,conor gallagher,4,2024-2025,Conor Gallagher,24.0,eng ENG,MF
2734,conor gallagher,33,2022-2023,Conor Gallagher,22.0,eng ENG,MF
2735,conor gallagher,33,2023-2024,Conor Gallagher,23.0,eng ENG,MF
2736,conor gallagher,49,2025-2026,Conor Gallagher,25.0,England,M
2737,conor no,67,2022-2023,Conor Noß,22.0,Ireland,F
2738,conor townsend,37,2024-2025,Conor Townsend,31.0,eng ENG,DF
2739,conrad harder,68,2025-2026,Conrad Harder,20.0,Denmark,F
2740,copete,16,2022-2023,Copete,22.0,es ESP,DF
2741,copete,16,2023-2024,Copete,23.0,es ESP,DF
2742,copete,16,2024-2025,Copete,24.0,es ESP,DF
2743,corentin louakima,94,2022-2023,Corentin Louakima,19.0,fr FRA,DF
2744,corentin tolisso,111,2022-2023,Corentin Tolisso,27.0,fr FRA,MF
2745,corentin tolisso,111,2023-2024,Corentin Tolisso,28.0,fr FRA,MF
2746,corentin tolisso,111,2024-2025,Corentin Tolisso,29.0,fr FRA,MF
2747,corentin tolisso,111,2025-2026,Corentin Tolisso,31.0,France,M
2748,corrie ndaba,89,2025-2026,Corrie Ndaba,26.0,Ireland,D
2749,cosimo marco da graca,87,2022-2023,Cosimo Marco Da Graca,20.0,it ITA,FW
2750,costantino favasuli,82,2022-2023,Costantino Favasuli,18.0,it ITA,MF
2751,craig dawson,50,2022-2023,Craig Dawson,32.0,eng ENG,DF
2752,craig dawson,51,2022-2023,Craig Dawson,32.0,eng ENG,DF
2753,craig dawson,51,2023-2024,Craig Dawson,33.0,eng ENG,DF
2754,craig dawson,51,2024-2025,Craig Dawson,34.0,eng ENG,DF
2755,crespo,18,2023-2024,Crespo,26.0,pt POR,MF
2756,cristhian mosquera,25,2022-2023,Cristhian Mosquera,18.0,es ESP,DF
2757,cristhian mosquera,25,2023-2024,Cristhian Mosquera,19.0,es ESP,DF
2758,cristhian mosquera,25,2024-2025,Cristhian Mosquera,20.0,es ESP,DF
2759,cristhian mosquera,27,2025-2026,Cristhian Mosquera,21.0,Spain,D
2760,cristhian stuani,11,2022-2023,Cristhian Stuani,35.0,uy URU,FW
2761,cristhian stuani,11,2023-2024,Cristhian Stuani,36.0,uy URU,FW
2762,cristhian stuani,11,2024-2025,Cristhian Stuani,37.0,uy URU,FW
2763,cristhian stuani,11,2025-2026,Cristhian Stuani,39.0,Uruguay,F
2764,cristian,25,2022-2023,Cristian,24.0,es ESP,GK
2765,cristian,25,2023-2024,Cristian,25.0,es ESP,GK
2766,cristian buonaiuto,80,2022-2023,Cristian Buonaiuto,29.0,it ITA,"MF,FW"
2767,cristian casseres,124,2023-2024,Cristian Cásseres,,,
2768,cristian casseres,124,2024-2025,Cristian Cásseres,,,
2769,cristian casseres jr,124,2023-2024,Cristian Cásseres Jr,24.0,Venezuela,M
2770,cristian casseres jr,124,2024-2025,Cristian Cásseres Jr,25.0,Venezuela,M
2771,cristian casseres jr,124,2025-2026,Cristian Cásseres Jr,26.0,Venezuela,M
2772,cristian casseres jr.,124,2023-2024,Cristian Cásseres Jr.,23.0,ve VEN,MF
2773,cristian casseres jr.,124,2024-2025,Cristian Cásseres Jr.,24.0,ve VEN,MF
2774,cristian gamboa,55,2022-2023,Cristian Gamboa,32.0,cr CRC,DF
2775,cristian gamboa,55,2023-2024,Cristian Gamboa,33.0,cr CRC,"DF,MF"
2776,cristian gamboa,55,2024-2025,Cristian Gamboa,34.0,cr CRC,MF
2777,cristian herrera,13,2023-2024,Cristian Herrera,32.0,es ESP,MF
2778,cristian rivero,25,2022-2023,Cristian Rivero,24.0,Spain,K
2779,cristian rivero,25,2023-2024,Cristian Rivero,25.0,Spain,K
2780,cristian rivero,25,2025-2026,Cristian Rivero,27.0,Spain,K
2781,cristian romero,49,2022-2023,Cristian Romero,24.0,ar ARG,DF
2782,cristian romero,49,2023-2024,Cristian Romero,25.0,ar ARG,DF
2783,cristian romero,49,2024-2025,Cristian Romero,26.0,ar ARG,DF
2784,cristian romero,49,2025-2026,Cristian Romero,27.0,Argentina,D
2785,cristian volpato,94,2022-2023,Cristian Volpato,18.0,it ITA,MF
2786,cristian volpato,97,2023-2024,Cristian Volpato,19.0,it ITA,"MF,FW"
2787,cristian volpato,97,2025-2026,Cristian Volpato,22.0,Italy,F
2788,cristiano biraghi,82,2022-2023,Cristiano Biraghi,29.0,it ITA,DF
2789,cristiano biraghi,82,2023-2024,Cristiano Biraghi,30.0,it ITA,DF
2790,cristiano biraghi,82,2024-2025,Cristiano Biraghi,31.0,it ITA,"DF,MF"
2791,cristiano biraghi,99,2024-2025,Cristiano Biraghi,31.0,it ITA,DF
2792,cristiano biraghi,99,2025-2026,Cristiano Biraghi,33.0,Italy,D
2793,cristiano lombardi,88,2023-2024,Cristiano Lombardi,28.0,Italy,F
2794,cristiano ronaldo,43,2022-2023,Cristiano Ronaldo,37.0,pt POR,FW
2795,cristo munoz,88,2024-2025,Cristo Muñoz,20.0,Spain,F
2796,cristobal montiel,16,2022-2023,Cristóbal Montiel,22.0,es ESP,MF
2797,crysencio summerville,38,2022-2023,Crysencio Summerville,20.0,nl NED,"MF,FW"
2798,crysencio summerville,50,2024-2025,Crysencio Summerville,22.0,nl NED,"MF,FW"
2799,crysencio summerville,50,2025-2026,Crysencio Summerville,24.0,Netherlands,F
2800,cucho,19,2024-2025,Cucho,25.0,co COL,FW
2801,cucho hernandez,19,2024-2025,Cucho Hernández,25.0,Colombia,F
2802,cucho hernandez,19,2025-2026,Cucho Hernández,26.0,Colombia,F
2803,cuiabano,45,2025-2026,Cuiabano,22.0,Brazil,D
2804,curro,2,2022-2023,Curro,26.0,es ESP,"FW,MF"
2805,curro munoz,6,2022-2023,Curro Muñoz,19.0,es ESP,MF
2806,curro sanchez,2,2022-2023,Curro Sánchez,,,
2807,curtis jones,40,2022-2023,Curtis Jones,21.0,eng ENG,MF
2808,curtis jones,40,2023-2024,Curtis Jones,22.0,eng ENG,MF
2809,curtis jones,40,2024-2025,Curtis Jones,23.0,eng ENG,"MF,DF"
2810,curtis jones,40,2025-2026,Curtis Jones,25.0,England,M
2811,cyle larin,16,2023-2024,Cyle Larin,28.0,ca CAN,FW
2812,cyle larin,16,2024-2025,Cyle Larin,29.0,ca CAN,FW
2813,cyle larin,23,2022-2023,Cyle Larin,27.0,ca CAN,FW
2814,cyriaque irie,59,2025-2026,Cyriaque Irié,20.0,Burkina Faso,F
2815,cyriel dessers,80,2022-2023,Cyriel Dessers,27.0,ng NGA,FW
2816,cyril ngonge,9,2025-2026,Cyril Ngonge,25.0,Belgium,F
2817,cyril ngonge,85,2022-2023,Cyril Ngonge,22.0,be BEL,"MF,FW"
2818,cyril ngonge,85,2023-2024,Cyril Ngonge,23.0,be BEL,"MF,FW"
2819,cyril ngonge,91,2023-2024,Cyril Ngonge,23.0,be BEL,FW
2820,cyril ngonge,91,2024-2025,Cyril Ngonge,24.0,be BEL,FW
2821,cyril ngonge,99,2025-2026,Cyril Ngonge,25.0,Belgium,F
2822,cyrille bayala,102,2022-2023,Cyrille Bayala,26.0,bf BFA,MF
2823,cyrille bayalaac,102,2022-2023,Cyrille BayalaAC,,,
2824,daichi kamada,34,2024-2025,Daichi Kamada,27.0,jp JPN,MF
2825,daichi kamada,34,2025-2026,Daichi Kamada,29.0,Japan,F
2826,daichi kamada,58,2022-2023,Daichi Kamada,25.0,jp JPN,MF
2827,daichi kamada,88,2023-2024,Daichi Kamada,26.0,jp JPN,MF
2828,daiki hashioka,41,2023-2024,Daiki Hashioka,24.0,jp JPN,"DF,MF"
2829,dailon livramento,85,2024-2025,Dailon Livramento,23.0,cv CPV,"MF,FW"
2830,dalbert,86,2022-2023,Dalbert,29.0,Brazil,D
2831,dale taylor,45,2022-2023,Dale Taylor,18.0,nir NIR,"FW,MF"
2832,dale taylor,45,2024-2025,Dale Taylor,21.0,Northern Ireland,F
2833,daler kuzyaev,107,2023-2024,Daler Kuzyaev,30.0,ru RUS,MF
2834,daler kuzyaev,107,2024-2025,Daler Kuzyaev,31.0,ru RUS,MF
2835,daley blind,11,2023-2024,Daley Blind,33.0,nl NED,DF
2836,daley blind,11,2024-2025,Daley Blind,34.0,nl NED,DF
2837,daley blind,11,2025-2026,Daley Blind,35.0,Netherlands,D
2838,daley blind,54,2022-2023,Daley Blind,32.0,nl NED,DF
2839,daley sinkgraven,13,2023-2024,Daley Sinkgraven,28.0,nl NED,DF
2840,daley sinkgraven,13,2024-2025,Daley Sinkgraven,29.0,nl NED,DF
2841,daley sinkgraven,53,2022-2023,Daley Sinkgraven,27.0,nl NED,"MF,DF"
2842,damian pizarro,100,2024-2025,Damián Pizarro,19.0,cl CHI,FW
2843,damian rodriguez,7,2023-2024,Damián Rodríguez,20.0,es ESP,MF
2844,damian rodriguez,7,2024-2025,Damián Rodríguez,21.0,es ESP,MF
2845,damian suarez,10,2022-2023,Damián Suárez,34.0,uy URU,"DF,MF"
2846,damian suarez,10,2023-2024,Damián Suárez,35.0,uy URU,DF
2847,damien da silva,111,2022-2023,Damien Da Silva,34.0,fr FRA,DF
2848,damion downs,60,2025-2026,Damion Downs,21.0,United States,F
2849,damion downs,65,2022-2023,Damion Downs,18.0,us USA,FW
2850,damion downs,65,2023-2024,Damion Downs,19.0,us USA,FW
2851,damion downsfc,65,2023-2024,Damion DownsFC,,,
2852,dan bentley,51,2022-2023,Dan Bentley,,,
2853,dan bentley,51,2023-2024,Dan Bentley,,,
2854,dan bentley,51,2024-2025,Dan Bentley,,,
2855,dan burn,44,2022-2023,Dan Burn,30.0,eng ENG,DF
2856,dan burn,44,2023-2024,Dan Burn,31.0,eng ENG,DF
2857,dan burn,44,2024-2025,Dan Burn,32.0,eng ENG,DF
2858,dan burn,44,2025-2026,Dan Burn,33.0,England,D
2859,dan gore,43,2025-2026,Dan Gore,20.0,England,M
2860,dan ndoye,45,2025-2026,Dan Ndoye,25.0,Switzerland,F
2861,dan ndoye,77,2023-2024,Dan Ndoye,22.0,ch SUI,"MF,FW"
2862,dan ndoye,77,2024-2025,Dan Ndoye,23.0,ch SUI,"MF,FW"
2863,dan neil,48,2025-2026,Dan Neil,24.0,England,M
2864,dan potts,41,2023-2024,Dan Potts,29.0,eng ENG,DF
2865,dan sinate,103,2025-2026,Dan Sinaté,19.0,Mali,D
2866,dan-axel zagadou,71,2022-2023,Dan-Axel Zagadou,23.0,fr FRA,DF
2867,dan-axel zagadou,71,2023-2024,Dan-Axel Zagadou,24.0,fr FRA,DF
2868,dan-axel zagadou,71,2024-2025,Dan-Axel Zagadou,25.0,fr FRA,DF
2869,dan-axel zagadou,71,2025-2026,Dan-Axel Zagadou,26.0,France,D
2870,dane scarlett,49,2023-2024,Dane Scarlett,19.0,eng ENG,FW
2871,dane scarlett,49,2024-2025,Dane Scarlett,20.0,eng ENG,FW
2872,dane scarlett,49,2025-2026,Dane Scarlett,21.0,England,F
2873,danel dongmo,125,2022-2023,Danel Dongmo,,,
2874,danel sinani,70,2024-2025,Danel Sinani,27.0,lu LUX,"FW,MF"
2875,danel sinani,70,2025-2026,Danel Sinani,28.0,Luxembourg,F
2876,dango ouattara,29,2022-2023,Dango Ouattara,20.0,bf BFA,MF
2877,dango ouattara,29,2023-2024,Dango Ouattara,21.0,bf BFA,"DF,MF"
2878,dango ouattara,29,2024-2025,Dango Ouattara,22.0,bf BFA,"MF,FW"
2879,dango ouattara,30,2025-2026,Dango Ouattara,23.0,Burkina Faso,F
2880,dango ouattara,110,2022-2023,Dango Ouattara,20.0,bf BFA,"MF,FW"
2881,dani calvo,21,2025-2026,Dani Calvo,31.0,Spain,D
2882,dani cardenas,18,2023-2024,Dani Cárdenas,26.0,es ESP,GK
2883,dani cardenas,18,2024-2025,Dani Cárdenas,27.0,es ESP,GK
2884,dani cardenas,18,2025-2026,Dani Cárdenas,28.0,Spain,K
2885,dani carvajal,20,2022-2023,Dani Carvajal,30.0,es ESP,DF
2886,dani carvajal,20,2023-2024,Dani Carvajal,31.0,es ESP,DF
2887,dani carvajal,20,2024-2025,Dani Carvajal,32.0,es ESP,DF
2888,dani ceballos,20,2022-2023,Dani Ceballos,25.0,es ESP,MF
2889,dani ceballos,20,2023-2024,Dani Ceballos,26.0,es ESP,MF
2890,dani ceballos,20,2024-2025,Dani Ceballos,27.0,es ESP,MF
2891,dani ceballos,20,2025-2026,Dani Ceballos,29.0,Spain,M
2892,dani de wit,55,2024-2025,Dani de Wit,26.0,nl NED,"MF,FW"
2893,dani garcia,3,2022-2023,Dani García,32.0,es ESP,MF
2894,dani garcia,3,2023-2024,Dani García,33.0,es ESP,MF
2895,dani gomez,9,2022-2023,Dani Gómez,24.0,es ESP,FW
2896,dani gomez,25,2024-2025,Dani Gómez,26.0,es ESP,FW
2897,dani martin,19,2022-2023,Dani Martín,24.0,Spain,K
2898,dani olmo,5,2024-2025,Dani Olmo,26.0,es ESP,MF
2899,dani olmo,5,2025-2026,Dani Olmo,27.0,Spain,F
2900,dani olmo,68,2022-2023,Dani Olmo,24.0,es ESP,MF
2901,dani olmo,68,2023-2024,Dani Olmo,25.0,es ESP,MF
2902,dani parejo,26,2022-2023,Dani Parejo,33.0,Spain,M
2903,dani parejo,26,2023-2024,Dani Parejo,34.0,Spain,M
2904,dani parejo,26,2024-2025,Dani Parejo,35.0,Spain,M
2905,dani parejo,26,2025-2026,Dani Parejo,36.0,Spain,M
2906,dani raba,14,2024-2025,Dani Raba,28.0,es ESP,"MF,FW"
2907,dani requena,26,2024-2025,Dani Requena,,,
2908,dani rodriguez,5,2024-2025,Dani Rodríguez,,,
2909,dani rodriguez,16,2022-2023,Dani Rodríguez,34.0,es ESP,MF
2910,dani rodriguez,16,2023-2024,Dani Rodríguez,35.0,es ESP,MF
2911,dani rodriguez,16,2024-2025,Dani Rodríguez,36.0,es ESP,"MF,FW"
2912,dani silva,85,2023-2024,Dani Silva,,,
2913,dani silva,85,2024-2025,Dani Silva,,,
2914,dani vivian,3,2022-2023,Dani Vivian,23.0,Spain,D
2915,dani vivian,3,2023-2024,Dani Vivian,24.0,Spain,D
2916,dani vivian,3,2024-2025,Dani Vivian,25.0,Spain,D
2917,dani vivian,3,2025-2026,Dani Vivian,26.0,Spain,D
2918,daniel adu-adjei,29,2022-2023,Daniel Adu-Adjei,17.0,eng ENG,FW
2919,daniel adu-adjei,29,2024-2025,Daniel Adu-Adjei,19.0,eng ENG,FW
2920,daniel amartey,39,2022-2023,Daniel Amartey,27.0,gh GHA,DF
2921,daniel ballard,48,2025-2026,Daniel Ballard,26.0,Northern Ireland,D
2922,daniel bandeira,85,2023-2024,Daniel Bandeira,23.0,pt POR,MF
2923,daniel bandeira,85,2024-2025,Daniel Bandeira,24.0,pt POR,MF
2924,daniel batz,66,2023-2024,Daniel Batz,32.0,de GER,GK
2925,daniel batz,66,2024-2025,Daniel Batz,33.0,de GER,GK
2926,daniel batz,66,2025-2026,Daniel Batz,35.0,Germany,K
2927,daniel bentley,51,2022-2023,Daniel Bentley,29.0,eng ENG,GK
2928,daniel bentley,51,2023-2024,Daniel Bentley,30.0,eng ENG,GK
2929,daniel bentley,51,2024-2025,Daniel Bentley,31.0,eng ENG,GK
2930,daniel bentley,51,2025-2026,Daniel Bentley,32.0,England,K
2931,daniel boloca,97,2023-2024,Daniel Boloca,24.0,ro ROU,MF
2932,daniel boloca,97,2025-2026,Daniel Boloca,27.0,Italy,M
2933,daniel budesca,26,2023-2024,Daniel Budesca,17.0,es ESP,DF
2934,daniel caligiuri,52,2022-2023,Daniel Caligiuri,34.0,it ITA,MF
2935,daniel carvajal,20,2022-2023,Daniel Carvajal,31.0,Spain,D
2936,daniel carvajal,20,2023-2024,Daniel Carvajal,32.0,Spain,D
2937,daniel carvajal,20,2024-2025,Daniel Carvajal,33.0,Spain,D
2938,daniel carvajal,20,2025-2026,Daniel Carvajal,34.0,Spain,D
2939,daniel ciofani,80,2022-2023,Daniel Ciofani,37.0,it ITA,FW
2940,daniel denoon,93,2025-2026,Daniel Denoon,22.0,Switzerland,D
2941,daniel diaz,22,2024-2025,Daniel Díaz,18.0,es ESP,FW
2942,daniel elfadli,60,2025-2026,Daniel Elfadli,28.0,Libya,D
2943,daniel fila,101,2024-2025,Daniel Fila,21.0,cz CZE,FW
2944,daniel fuzato,10,2023-2024,Daniel Fuzato,26.0,br BRA,GK
2945,daniel gleiber,66,2024-2025,Daniel Gleiber,19.0,de GER,MF
2946,daniel gleiber,66,2025-2026,Daniel Gleiber,21.0,Germany,M
2947,daniel gore,43,2023-2024,Daniel Gore,18.0,eng ENG,MF
2948,daniel guerrero,19,2023-2024,Daniel Guerrero,18.0,es ESP,MF
2949,daniel hausmann,52,2023-2024,Daniel Hausmann,20.0,de GER,MF
2950,daniel heuer fernandes,60,2025-2026,Daniel Heuer Fernandes,33.0,Portugal,K
2951,daniel iversen,39,2022-2023,Daniel Iversen,25.0,dk DEN,GK
2952,daniel iversen,39,2024-2025,Daniel Iversen,27.0,dk DEN,GK
2953,daniel james,36,2022-2023,Daniel James,24.0,wls WAL,"MF,FW"
2954,daniel james,38,2022-2023,Daniel James,24.0,wls WAL,MF
2955,daniel james,38,2025-2026,Daniel James,28.0,Wales,F
2956,daniel jebbison,29,2024-2025,Daniel Jebbison,20.0,ca CAN,FW
2957,daniel jebbison,29,2025-2026,Daniel Jebbison,22.0,Canada,F
2958,daniel jebbison,46,2023-2024,Daniel Jebbison,19.0,ca CAN,FW
2959,daniel katic,52,2022-2023,Daniel Katić,19.0,hr CRO,DF
2960,daniel klein,52,2022-2023,Daniel Klein,21.0,de GER,GK
2961,daniel klein,52,2024-2025,Daniel Klein,23.0,de GER,GK
2962,daniel klein,52,2025-2026,Daniel Klein,24.0,Germany,K
2963,daniel kyereh,59,2022-2023,Daniel Kyereh,26.0,gh GHA,"MF,FW"
2964,daniel luna,16,2023-2024,Daniel Luna,20.0,co COL,MF
2965,daniel luna,16,2024-2025,Daniel Luna,21.0,co COL,MF
2966,daniel macej,83,2023-2024,Daniel Macej,19.0,,DF
2967,daniel maldini,76,2024-2025,Daniel Maldini,22.0,it ITA,MF
2968,daniel maldini,76,2025-2026,Daniel Maldini,24.0,Italy,F
2969,daniel maldini,81,2023-2024,Daniel Maldini,21.0,it ITA,"FW,MF"
2970,daniel maldini,88,2025-2026,Daniel Maldini,24.0,Italy,F
2971,daniel maldini,90,2023-2024,Daniel Maldini,21.0,it ITA,MF
2972,daniel maldini,90,2024-2025,Daniel Maldini,22.0,it ITA,"MF,FW"
2973,daniel maldini,98,2022-2023,Daniel Maldini,20.0,it ITA,"FW,MF"
2974,daniel martin,19,2022-2023,Daniel Martín,24.0,es ESP,GK
2975,daniel mikoajewski,92,2024-2025,Daniel Mikołajewski,18.0,pl POL,FW
2976,daniel mosquera,85,2024-2025,Daniel Mosquera,24.0,co COL,FW
2977,daniel mosquera,85,2025-2026,Daniel Mosquera,26.0,Colombia,F
2978,daniel munoz,34,2023-2024,Daniel Muñoz,27.0,co COL,"MF,DF"
2979,daniel munoz,34,2024-2025,Daniel Muñoz,28.0,co COL,MF
2980,daniel munoz,34,2025-2026,Daniel Muñoz,29.0,Colombia,D
2981,daniel oyegoke,85,2024-2025,Daniel Oyegoke,21.0,eng ENG,"DF,MF"
2982,daniel oyegoke,85,2025-2026,Daniel Oyegoke,23.0,England,D
2983,daniel parejo,26,2022-2023,Daniel Parejo,33.0,es ESP,MF
2984,daniel parejo,26,2023-2024,Daniel Parejo,34.0,es ESP,MF
2985,daniel parejo,26,2024-2025,Daniel Parejo,35.0,es ESP,MF
2986,daniel peretz,54,2023-2024,Daniel Peretz,23.0,il ISR,GK
2987,daniel peretz,54,2024-2025,Daniel Peretz,24.0,il ISR,GK
2988,daniel peretz,60,2025-2026,Daniel Peretz,25.0,Israel,K
2989,daniel podence,51,2022-2023,Daniel Podence,26.0,pt POR,"MF,FW"
2990,daniel podence,51,2024-2025,Daniel Podence,28.0,pt POR,"FW,MF"
2991,daniel raba,14,2024-2025,Daniel Raba,29.0,Spain,F
2992,daniel raba,25,2025-2026,Daniel Raba,30.0,Spain,F
2993,daniel requena,26,2024-2025,Daniel Requena,20.0,es ESP,MF
2994,daniel rodriguez,5,2022-2023,Daniel Rodriguez,16.0,es ESP,MF
2995,daniel rodriguez,5,2024-2025,Daniel Rodriguez,18.0,es ESP,MF
2996,daniel samek,89,2022-2023,Daniel Samek,18.0,Czech Republic,M
2997,daniel samek,89,2023-2024,Daniel Samek,19.0,cz CZE,DF
2998,daniel silva,85,2023-2024,Daniel Silva,23.0,Portugal,M
2999,daniel svensson,56,2024-2025,Daniel Svensson,22.0,se SWE,"MF,DF"
3000,daniel svensson,56,2025-2026,Daniel Svensson,23.0,Sweden,D
3001,daniel theiner,97,2023-2024,Daniel Theiner,19.0,it ITA,GK
3002,daniel villahermosa,9,2022-2023,Daniel Villahermosa,21.0,es ESP,MF
3003,daniel vivian,3,2022-2023,Daniel Vivian,23.0,es ESP,DF
3004,daniel vivian,3,2023-2024,Daniel Vivian,24.0,es ESP,DF
3005,daniel vivian,3,2024-2025,Daniel Vivian,25.0,es ESP,DF
3006,daniel yanez,20,2024-2025,Daniel Yáñez,17.0,es ESP,MF
3007,daniel-kofi kyereh,59,2022-2023,Daniel-Kofi Kyereh,26.0,Ghana,F
3008,daniel-kofi kyereh,59,2023-2024,Daniel-Kofi Kyereh,27.0,Ghana,F
3009,daniel-kofi kyereh,59,2024-2025,Daniel-Kofi Kyereh,28.0,Ghana,F
3010,daniel-kofi kyereh,59,2025-2026,Daniel-Kofi Kyereh,29.0,Ghana,F
3011,daniele baselli,79,2024-2025,Daniele Baselli,32.0,it ITA,MF
3012,daniele ghilardi,85,2024-2025,Daniele Ghilardi,21.0,it ITA,DF
3013,daniele ghilardi,94,2025-2026,Daniele Ghilardi,23.0,Italy,D
3014,daniele montevago,96,2022-2023,Daniele Montevago,19.0,it ITA,FW
3015,daniele padelli,100,2022-2023,Daniele Padelli,36.0,it ITA,GK
3016,daniele padelli,100,2023-2024,Daniele Padelli,37.0,it ITA,GK
3017,daniele padelli,100,2024-2025,Daniele Padelli,38.0,it ITA,GK
3018,daniele padelli,100,2025-2026,Daniele Padelli,40.0,Italy,K
3019,daniele rugani,82,2025-2026,Daniele Rugani,31.0,Italy,D
3020,daniele rugani,87,2022-2023,Daniele Rugani,28.0,it ITA,DF
3021,daniele rugani,87,2023-2024,Daniele Rugani,29.0,it ITA,DF
3022,daniele rugani,87,2025-2026,Daniele Rugani,31.0,Italy,D
3023,daniele sommariva,84,2023-2024,Daniele Sommariva,26.0,it ITA,GK
3024,daniele sommariva,84,2024-2025,Daniele Sommariva,27.0,it ITA,GK
3025,daniele sommariva,84,2025-2026,Daniele Sommariva,28.0,Italy,K
3026,daniele verde,98,2022-2023,Daniele Verde,26.0,it ITA,"FW,MF"
3027,danilho doekhi,72,2022-2023,Danilho Doekhi,24.0,nl NED,DF
3028,danilho doekhi,72,2023-2024,Danilho Doekhi,25.0,nl NED,DF
3029,danilho doekhi,72,2024-2025,Danilho Doekhi,26.0,nl NED,DF
3030,danilho doekhi,72,2025-2026,Danilho Doekhi,27.0,Netherlands,D
3031,danilo,45,2022-2023,Danilo,21.0,Brazil,M
3032,danilo,45,2023-2024,Danilo,22.0,Brazil,M
3033,danilo,45,2024-2025,Danilo,23.0,Brazil,M
3034,danilo,87,2022-2023,Danilo,31.0,br BRA,DF
3035,danilo,87,2023-2024,Danilo,32.0,br BRA,DF
3036,danilo,87,2024-2025,Danilo,33.0,br BRA,DF
3037,danilo cataldi,82,2024-2025,Danilo Cataldi,29.0,it ITA,MF
3038,danilo cataldi,88,2022-2023,Danilo Cataldi,27.0,it ITA,MF
3039,danilo cataldi,88,2023-2024,Danilo Cataldi,28.0,it ITA,MF
3040,danilo cataldi,88,2024-2025,Danilo Cataldi,29.0,it ITA,MF
3041,danilo cataldi,88,2025-2026,Danilo Cataldi,31.0,Italy,M
3042,danilo d'ambrosio,86,2022-2023,Danilo D'Ambrosio,33.0,it ITA,DF
3043,danilo d'ambrosio,90,2023-2024,Danilo D'Ambrosio,34.0,it ITA,DF
3044,danilo d'ambrosio,90,2024-2025,Danilo D'Ambrosio,35.0,it ITA,DF
3045,danilo pereira,119,2022-2023,Danilo Pereira,30.0,pt POR,"DF,MF"
3046,danilo pereira,119,2023-2024,Danilo Pereira,31.0,pt POR,DF
3047,danilo santos,45,2022-2023,Danilo Santos,21.0,br BRA,MF
3048,danilo santos,45,2023-2024,Danilo Santos,22.0,br BRA,MF
3049,danilo santos,45,2024-2025,Danilo Santos,23.0,br BRA,MF
3050,danilo soares,55,2022-2023,Danilo Soares,30.0,br BRA,DF
3051,danilo soares,55,2023-2024,Danilo Soares,31.0,br BRA,MF
3052,danilo veiga,89,2024-2025,Danilo Veiga,21.0,pt POR,"MF,DF"
3053,danilo veiga,89,2025-2026,Danilo Veiga,23.0,Portugal,D
3054,danley jean jacques,113,2023-2024,Danley Jean Jacques,23.0,Haiti,M
3055,danley jean-jacques,113,2023-2024,Danley Jean-Jacques,23.0,ht HAI,MF
3056,danny da costa,66,2022-2023,Danny da Costa,29.0,de GER,MF
3057,danny da costa,66,2023-2024,Danny da Costa,30.0,de GER,"MF,DF"
3058,danny da costa,66,2024-2025,Danny da Costa,31.0,de GER,DF
3059,danny da costa,66,2025-2026,Danny da Costa,32.0,Germany,D
3060,danny imray,34,2025-2026,Danny Imray,22.0,England,D
3061,danny ings,28,2022-2023,Danny Ings,30.0,eng ENG,FW
3062,danny ings,50,2022-2023,Danny Ings,30.0,eng ENG,FW
3063,danny ings,50,2023-2024,Danny Ings,31.0,eng ENG,"FW,MF"
3064,danny ings,50,2024-2025,Danny Ings,32.0,eng ENG,FW
3065,danny latza,69,2022-2023,Danny Latza,32.0,de GER,MF
3066,danny loader,104,2025-2026,Danny Loader,25.0,Cameroon,F
3067,danny ward,39,2022-2023,Danny Ward,29.0,wls WAL,GK
3068,danny ward,39,2024-2025,Danny Ward,31.0,wls WAL,GK
3069,danny welbeck,31,2022-2023,Danny Welbeck,31.0,eng ENG,FW
3070,danny welbeck,31,2023-2024,Danny Welbeck,32.0,eng ENG,"FW,MF"
3071,danny welbeck,31,2024-2025,Danny Welbeck,33.0,eng ENG,FW
3072,danny welbeck,31,2025-2026,Danny Welbeck,35.0,England,F
3073,dante,117,2022-2023,Dante,38.0,br BRA,DF
3074,dante,117,2023-2024,Dante,39.0,br BRA,DF
3075,dante,117,2024-2025,Dante,40.0,br BRA,DF
3076,dante,117,2025-2026,Dante,42.0,Brazil,D
3077,dante cassanova,49,2024-2025,Dante Cassanova,20.0,jm JAM,DF
3078,dany jean,123,2022-2023,Dany Jean,19.0,ht HAI,MF
3079,dany mota,90,2022-2023,Dany Mota,24.0,pt POR,"FW,MF"
3080,dany mota,90,2023-2024,Dany Mota,25.0,pt POR,"MF,FW"
3081,dany mota,90,2024-2025,Dany Mota,26.0,pt POR,"MF,FW"
3082,daouda doumbia,1,2024-2025,Daouda Doumbia,22.0,ml MLI,MF
3083,daouda guindo,105,2025-2026,Daouda Guindo,23.0,Mali,D
3084,daouda traore,117,2022-2023,Daouda Traoré,16.0,France,M
3085,daouda traore,117,2023-2024,Daouda Traoré,17.0,fr FRA,MF
3086,dapo afolayan,70,2024-2025,Dapo Afolayan,26.0,eng ENG,"FW,MF"
3087,dara o'shea,32,2023-2024,Dara O'Shea,24.0,ie IRL,DF
3088,dara o'shea,37,2024-2025,Dara O'Shea,25.0,ie IRL,DF
3089,daren mosengo,107,2025-2026,Daren Mosengo,19.0,France,M
3090,dario benavides,24,2024-2025,Darío Benavides,,,
3091,dario daka,89,2024-2025,Dario Daka,20.0,al ALB,FW
3092,dario essugo,13,2024-2025,Dário Essugo,19.0,pt POR,MF
3093,dario essugo,33,2025-2026,Dário Essugo,20.0,Portugal,M
3094,dario fuentes,24,2023-2024,Darío Fuentes,20.0,es ESP,DF
3095,dario fuentes,24,2024-2025,Darío Fuentes,21.0,es ESP,DF
3096,dario gebuhr,58,2022-2023,Dario Gebuhr,19.0,de GER,DF
3097,dario gebuhr,58,2023-2024,Dario Gebuhr,20.0,Germany,D
3098,dario ramos,17,2022-2023,Dario Ramos,22.0,es ESP,GK
3099,darius falcusan,81,2024-2025,Darius Fălcușan,18.0,ro ROU,DF
3100,darko brasanac,14,2024-2025,Darko Brasanac,32.0,rs SRB,MF
3101,darko brasanac,17,2022-2023,Darko Brasanac,30.0,rs SRB,MF
3102,darko brasanac,17,2023-2024,Darko Brasanac,31.0,rs SRB,MF
3103,darko churlinov,71,2022-2023,Darko Churlinov,22.0,mk MKD,"FW,MF"
3104,darko gyabi,38,2022-2023,Darko Gyabi,18.0,eng ENG,MF
3105,darko lazovic,85,2022-2023,Darko Lazovic,31.0,rs SRB,MF
3106,darko lazovic,85,2023-2024,Darko Lazovic,32.0,rs SRB,MF
3107,darko lazovic,85,2024-2025,Darko Lazovic,33.0,rs SRB,MF
3108,darlin yongwa,110,2022-2023,Darlin Yongwa,21.0,cm CMR,"MF,DF"
3109,darlin yongwa,110,2023-2024,Darlin Yongwa,22.0,cm CMR,"MF,DF"
3110,darline yongwa,110,2022-2023,Darline Yongwa,22.0,Cameroon,D
3111,darline yongwa,110,2023-2024,Darline Yongwa,23.0,Cameroon,D
3112,darline yongwa,110,2025-2026,Darline Yongwa,25.0,Cameroon,D
3113,darren randolph,29,2022-2023,Darren Randolph,35.0,ie IRL,GK
3114,darren randolph,29,2023-2024,Darren Randolph,36.0,ie IRL,GK
3115,darren randolph,50,2022-2023,Darren Randolph,35.0,ie IRL,GK
3116,darryl bakola,97,2025-2026,Darryl Bakola,18.0,France,F
3117,darryl bakola,112,2024-2025,Darryl Bakola,16.0,fr FRA,MF
3118,darwin machis,6,2023-2024,Darwin Machís,30.0,ve VEN,MF
3119,darwin machis,23,2022-2023,Darwin Machís,29.0,ve VEN,"MF,FW"
3120,darwin machis,23,2024-2025,Darwin Machís,31.0,ve VEN,"MF,FW"
3121,darwin nunez,40,2022-2023,Darwin Núñez,23.0,uy URU,FW
3122,darwin nunez,40,2023-2024,Darwin Núñez,24.0,uy URU,FW
3123,darwin nunez,40,2024-2025,Darwin Núñez,25.0,uy URU,FW
3124,david affengruber,8,2025-2026,David Affengruber,24.0,Austria,D
3125,david akpan ankeye,84,2023-2024,David Akpan Ankeye,21.0,ng NGA,FW
3126,david akpan ankeye,84,2024-2025,David Akpan Ankeye,22.0,ng NGA,FW
3127,david alaba,20,2022-2023,David Alaba,30.0,at AUT,DF
3128,david alaba,20,2023-2024,David Alaba,31.0,at AUT,DF
3129,david alaba,20,2024-2025,David Alaba,32.0,at AUT,DF
3130,david alaba,20,2025-2026,David Alaba,33.0,Austria,D
3131,david ankeye,84,2023-2024,David Ankeye,21.0,Nigeria,F
3132,david ankeye,84,2024-2025,David Ankeye,,,
3133,david arguelles,10,2024-2025,David Argüelles,22.0,es ESP,DF
3134,david brooks,29,2022-2023,David Brooks,25.0,wls WAL,MF
3135,david brooks,29,2023-2024,David Brooks,26.0,wls WAL,MF
3136,david brooks,29,2024-2025,David Brooks,27.0,wls WAL,MF
3137,david brooks,29,2025-2026,David Brooks,28.0,Wales,F
3138,david carmo,21,2025-2026,David Carmo,26.0,Angola,D
3139,david colina,52,2022-2023,David Colina,22.0,hr CRO,"DF,MF"
3140,david colina,52,2023-2024,David Čolina,23.0,hr CRO,"DF,MF"
3141,david costa,108,2022-2023,David Costa,21.0,pt POR,"MF,FW"
3142,david costa,108,2023-2024,David Costa,22.0,pt POR,MF
3143,david costa,108,2024-2025,David Costa,23.0,pt POR,MF
3144,david costas,21,2025-2026,David Costas,30.0,Spain,D
3145,david da costa,108,2022-2023,David da Costa,,,
3146,david da costa,108,2023-2024,David da Costa,,,
3147,david da costa,108,2024-2025,David da Costa,,,
3148,david datro fofana,32,2023-2024,David Datro Fofana,20.0,ci CIV,FW
3149,david datro fofana,33,2022-2023,David Datro Fofana,19.0,ci CIV,FW
3150,david datro fofana,33,2024-2025,David Datro Fofana,22.0,Cote d'Ivoire,F
3151,david datro fofana,33,2025-2026,David Datro Fofana,22.0,Cote d'Ivoire,F
3152,david datro fofana,72,2023-2024,David Datro Fofana,20.0,ci CIV,"FW,MF"
3153,david datro fofana,123,2025-2026,David Datro Fofana,23.0,Cote d'Ivoire,F
3154,david de gea,43,2022-2023,David de Gea,31.0,es ESP,GK
3155,david de gea,82,2024-2025,David de Gea,33.0,es ESP,GK
3156,david de gea,82,2025-2026,David de Gea,35.0,Spain,K
3157,david deger,52,2023-2024,David Deger,23.0,de GER,MF
3158,david deger,52,2024-2025,David Deger,24.0,de GER,MF
3159,david garcia,17,2022-2023,David García,28.0,es ESP,DF
3160,david garcia,17,2023-2024,David García,29.0,es ESP,DF
3161,david gil,6,2022-2023,David Gil,28.0,es ESP,GK
3162,david gil,6,2023-2024,David Gil,29.0,es ESP,GK
3163,david hancko,4,2025-2026,Dávid Hancko,28.0,Slovakia,D
3164,david jimenez,20,2024-2025,David Jiménez,20.0,es ESP,DF
3165,david jurasek,63,2023-2024,David Jurásek,22.0,cz CZE,"MF,DF"
3166,david jurasek,63,2024-2025,David Jurásek,23.0,cz CZE,"DF,MF"
3167,david lelle,56,2024-2025,David Lelle,21.0,de GER,DF
3168,david lopez,11,2022-2023,David López,32.0,es ESP,"DF,MF"
3169,david lopez,11,2023-2024,David López,33.0,es ESP,DF
3170,david lopez,11,2024-2025,David López,34.0,es ESP,DF
3171,david lopez,11,2025-2026,David López,36.0,Spain,D
3172,david lopez,16,2023-2024,David López,20.0,es ESP,DF
3173,david lopez,16,2024-2025,David López,21.0,es ESP,DF
3174,david lopez,16,2025-2026,David López,23.0,Spain,D
3175,david mamutovic,66,2023-2024,David Mamutovic,22.0,de GER,MF
3176,david mller wolfe,51,2025-2026,David Møller Wolfe,23.0,Norway,D
3177,david mokwa,63,2024-2025,David Mokwa,20.0,fr FRA,FW
3178,david nemeth,70,2024-2025,David Nemeth,23.0,at AUT,DF
3179,david nemeth,70,2025-2026,David Nemeth,24.0,Austria,D
3180,david neres,91,2024-2025,David Neres,27.0,br BRA,FW
3181,david neres,91,2025-2026,David Neres,28.0,Brazil,F
3182,david odogu,74,2022-2023,David Odogu,16.0,de GER,DF
3183,david odogu,74,2024-2025,David Odogu,18.0,de GER,DF
3184,david odogu,75,2025-2026,David Odogu,19.0,Germany,D
3185,david okereke,80,2022-2023,David Okereke,24.0,ng NGA,"FW,MF"
3186,david okereke,80,2025-2026,David Okereke,28.0,Nigeria,F
3187,david okereke,99,2023-2024,David Okereke,25.0,ng NGA,"FW,MF"
3188,david otorbi,25,2023-2024,David Otorbi,15.0,es ESP,FW
3189,david otorbi,25,2024-2025,David Otorbi,16.0,es ESP,FW
3190,david ozoh,34,2022-2023,David Ozoh,17.0,eng ENG,MF
3191,david ozoh,34,2023-2024,David Ozoh,18.0,eng ENG,MF
3192,david pejicic,100,2023-2024,David Pejičić,16.0,si SVN,MF
3193,david pejicic,100,2024-2025,David Pejičić,17.0,si SVN,MF
3194,david preu,72,2024-2025,David Preu,19.0,de GER,MF
3195,david preu,72,2025-2026,David Preu,21.0,Germany,F
3196,david raum,68,2022-2023,David Raum,24.0,de GER,"MF,DF"
3197,david raum,68,2023-2024,David Raum,25.0,de GER,DF
3198,david raum,68,2024-2025,David Raum,26.0,de GER,"MF,DF"
3199,david raum,68,2025-2026,David Raum,27.0,Germany,D
3200,david raya,27,2023-2024,David Raya,27.0,es ESP,GK
3201,david raya,27,2024-2025,David Raya,28.0,es ESP,GK
3202,david raya,27,2025-2026,David Raya,30.0,Spain,K
3203,david raya,30,2022-2023,David Raya,26.0,es ESP,GK
3204,david silva,22,2022-2023,David Silva,36.0,es ESP,"MF,FW"
3205,david soria,10,2022-2023,David Soria,29.0,es ESP,GK
3206,david soria,10,2023-2024,David Soria,30.0,es ESP,GK
3207,david soria,10,2024-2025,David Soria,31.0,es ESP,GK
3208,david soria,10,2025-2026,David Soria,32.0,Spain,K
3209,david strelec,98,2022-2023,David Strelec,21.0,sk SVK,FW
3210,david torres,23,2022-2023,David Torres,19.0,es ESP,DF
3211,david torres,23,2024-2025,David Torres,21.0,es ESP,DF
3212,david zec,64,2024-2025,David Zec,24.0,si SVN,DF
3213,david zima,99,2022-2023,David Zima,21.0,cz CZE,DF
3214,david zima,99,2023-2024,David Zima,22.0,cz CZE,DF
3215,davide bartesaghi,75,2023-2024,Davide Bartesaghi,17.0,it ITA,MF
3216,davide bartesaghi,75,2024-2025,Davide Bartesaghi,18.0,it ITA,DF
3217,davide bartesaghi,75,2025-2026,Davide Bartesaghi,20.0,Italy,D
3218,davide bartesaghiac,75,2023-2024,Davide BartesaghiAC,,,
3219,davide bartesaghiac,75,2024-2025,Davide BartesaghiAC,,,
3220,davide bettella,90,2023-2024,Davide Bettella,23.0,it ITA,DF
3221,davide bettella,90,2024-2025,Davide Bettella,24.0,it ITA,DF
3222,davide bifulco,90,2024-2025,Davide Bifulco,18.0,it ITA,GK
3223,davide biraschi,84,2023-2024,Davide Biraschi,29.0,it ITA,DF
3224,davide bragantini,85,2022-2023,Davide Bragantini,18.0,it ITA,MF
3225,davide calabria,75,2022-2023,Davide Calabria,25.0,it ITA,DF
3226,davide calabria,75,2023-2024,Davide Calabria,26.0,it ITA,DF
3227,davide calabria,75,2024-2025,Davide Calabria,27.0,it ITA,DF
3228,davide calabria,77,2024-2025,Davide Calabria,27.0,it ITA,DF
3229,davide calabriaac,75,2022-2023,Davide CalabriaAC,,,
3230,davide calabriaac,75,2023-2024,Davide CalabriaAC,,,
3231,davide calabriaac,75,2024-2025,Davide CalabriaAC,,,
3232,davide faraoni,82,2023-2024,Davide Faraoni,31.0,it ITA,DF
3233,davide faraoni,85,2022-2023,Davide Faraoni,30.0,it ITA,"MF,DF"
3234,davide faraoni,85,2023-2024,Davide Faraoni,31.0,it ITA,MF
3235,davide faraoni,85,2024-2025,Davide Faraoni,32.0,it ITA,"MF,DF"
3236,davide frattesi,86,2023-2024,Davide Frattesi,23.0,it ITA,MF
3237,davide frattesi,86,2024-2025,Davide Frattesi,24.0,it ITA,MF
3238,davide frattesi,86,2025-2026,Davide Frattesi,26.0,Italy,M
3239,davide frattesi,97,2022-2023,Davide Frattesi,22.0,it ITA,MF
3240,davide marfella,91,2022-2023,Davide Marfella,22.0,it ITA,GK
3241,davide merola,81,2022-2023,Davide Merola,22.0,it ITA,FW
3242,davide renzetti,88,2023-2024,Davide Renzetti,17.0,it ITA,GK
3243,davide renzetti,88,2024-2025,Davide Renzetti,18.0,Italy,K
3244,davide zappacosta,76,2022-2023,Davide Zappacosta,30.0,it ITA,MF
3245,davide zappacosta,76,2023-2024,Davide Zappacosta,31.0,it ITA,MF
3246,davide zappacosta,76,2024-2025,Davide Zappacosta,32.0,it ITA,MF
3247,davide zappacosta,76,2025-2026,Davide Zappacosta,33.0,Italy,M
3248,davie selke,62,2022-2023,Davie Selke,27.0,de GER,FW
3249,davie selke,65,2022-2023,Davie Selke,27.0,de GER,FW
3250,davie selke,65,2023-2024,Davie Selke,28.0,de GER,FW
3251,davie selkefc,65,2022-2023,Davie SelkeFC,,,
3252,davie selkefc,65,2023-2024,Davie SelkeFC,,,
3253,davinchi,10,2025-2026,Davinchi,18.0,Spain,D
3254,davinson sanchez,49,2022-2023,Davinson Sánchez,26.0,co COL,DF
3255,davinson sanchez,49,2023-2024,Davinson Sánchez,27.0,co COL,DF
3256,davis bautista,58,2023-2024,Davis Bautista,18.0,Ecuador,D
3257,davy klaassen,86,2023-2024,Davy Klaassen,30.0,nl NED,MF
3258,dawda camara,11,2022-2023,Dawda Camara,19.0,mr MTN,FW
3259,dawda camara,11,2024-2025,Dawda Camara,21.0,mr MTN,FW
3260,dawid bembnista,81,2024-2025,Dawid Bembnista,17.0,pl POL,DF
3261,dawid kownacki,73,2023-2024,Dawid Kownacki,26.0,pl POL,FW
3262,dayann methalie,124,2025-2026,Dayann Methalie,19.0,France,M
3263,dayot upamecano,54,2022-2023,Dayot Upamecano,23.0,fr FRA,DF
3264,dayot upamecano,54,2023-2024,Dayot Upamecano,24.0,fr FRA,DF
3265,dayot upamecano,54,2024-2025,Dayot Upamecano,25.0,fr FRA,DF
3266,dayot upamecano,54,2025-2026,Dayot Upamecano,27.0,France,D
3267,dean henderson,34,2023-2024,Dean Henderson,26.0,eng ENG,GK
3268,dean henderson,34,2024-2025,Dean Henderson,27.0,eng ENG,GK
3269,dean henderson,34,2025-2026,Dean Henderson,28.0,England,K
3270,dean henderson,43,2023-2024,Dean Henderson,26.0,eng ENG,GK
3271,dean henderson,45,2022-2023,Dean Henderson,25.0,eng ENG,GK
3272,dean huijsen,20,2025-2026,Dean Huijsen,20.0,Spain,D
3273,dean huijsen,29,2024-2025,Dean Huijsen,19.0,es ESP,DF
3274,dean huijsen,87,2023-2024,Dean Huijsen,18.0,es ESP,DF
3275,dean huijsen,94,2023-2024,Dean Huijsen,18.0,es ESP,DF
3276,declan rice,27,2023-2024,Declan Rice,24.0,eng ENG,MF
3277,declan rice,27,2024-2025,Declan Rice,25.0,eng ENG,MF
3278,declan rice,27,2025-2026,Declan Rice,27.0,England,M
3279,declan rice,50,2022-2023,Declan Rice,23.0,eng ENG,MF
3280,dehmaine assoumani,116,2024-2025,Dehmaine Assoumani,19.0,fr FRA,FW
3281,dehmaine tabibou,116,2024-2025,Dehmaine Tabibou,19.0,France,M
3282,dehmaine tabibou,116,2025-2026,Dehmaine Tabibou,20.0,France,M
3283,deiver machado,108,2022-2023,Deiver Machado,28.0,co COL,MF
3284,deiver machado,108,2023-2024,Deiver Machado,29.0,co COL,MF
3285,deiver machado,108,2024-2025,Deiver Machado,30.0,co COL,"DF,MF"
3286,deiver machado,116,2025-2026,Deiver Machado,32.0,Colombia,D
3287,deivid washington,33,2023-2024,Deivid Washington,18.0,br BRA,FW
3288,deivid washington,33,2024-2025,Deivid Washington,19.0,Brazil,F
3289,dejan kulusevski,49,2022-2023,Dejan Kulusevski,22.0,se SWE,"MF,FW"
3290,dejan kulusevski,49,2023-2024,Dejan Kulusevski,23.0,se SWE,"MF,FW"
3291,dejan kulusevski,49,2024-2025,Dejan Kulusevski,24.0,se SWE,"MF,FW"
3292,dejan kulusevski,49,2025-2026,Dejan Kulusevski,25.0,Sweden,F
3293,dejan ljubicic,65,2022-2023,Dejan Ljubicic,24.0,at AUT,MF
3294,dejan ljubicic,65,2023-2024,Dejan Ljubicic,25.0,at AUT,MF
3295,dejan ljubicicfc,65,2022-2023,Dejan LjubicicFC,,,
3296,dejan ljubicicfc,65,2023-2024,Dejan LjubicicFC,,,
3297,dejan lovren,111,2022-2023,Dejan Lovren,33.0,hr CRO,DF
3298,dejan lovren,111,2023-2024,Dejan Lovren,34.0,hr CRO,DF
3299,delano burgzorg,66,2022-2023,Delano Burgzorg,23.0,sr SUR,"FW,MF"
3300,dele alli,35,2022-2023,Dele Alli,26.0,eng ENG,"FW,MF"
3301,dele alli,35,2023-2024,Dele Alli,27.0,England,F
3302,dele alli,79,2024-2025,Dele Alli,28.0,eng ENG,"FW,MF"
3303,demarai gray,35,2022-2023,Demarai Gray,26.0,jm JAM,"FW,MF"
3304,demba seck,83,2023-2024,Demba Seck,22.0,sn SEN,"FW,MF"
3305,demba seck,99,2022-2023,Demba Seck,21.0,sn SEN,"MF,FW"
3306,demba seck,99,2023-2024,Demba Seck,22.0,sn SEN,MF
3307,dembo sylla,110,2023-2024,Dembo Sylla,20.0,gn GUI,"DF,MF"
3308,demyan yesin,99,2024-2025,Demyan Yesin,17.0,ua UKR,DF
3309,denis cazzadori,85,2022-2023,Denis Cazzadori,18.0,it ITA,FW
3310,denis cazzadori,85,2023-2024,Denis Cazzadori,19.0,it ITA,FW
3311,denis genreau,124,2022-2023,Denis Genreau,23.0,au AUS,MF
3312,denis genreau,124,2023-2024,Denis Genreau,24.0,au AUS,MF
3313,denis genreau,124,2024-2025,Denis Genreau,25.0,au AUS,MF
3314,denis huseinbasic,65,2022-2023,Denis Huseinbasic,21.0,ba BIH,"MF,FW"
3315,denis huseinbasic,65,2023-2024,Denis Huseinbasic,22.0,ba BIH,MF
3316,denis huseinbasic,65,2025-2026,Denis Huseinbasic,24.0,Bosnia-Herzegovina,M
3317,denis huseinbasicfc,65,2022-2023,Denis HuseinbasicFC,,,
3318,denis huseinbasicfc,65,2023-2024,Denis HuseinbasicFC,,,
3319,denis petric,108,2024-2025,Denis Petric,36.0,Slovenia,K
3320,denis petric,116,2022-2023,Denis Petric,35.0,Slovenia,K
3321,denis petric,116,2023-2024,Denis Petric,35.0,rs SRB,GK
3322,denis suarez,1,2025-2026,Denis Suárez,32.0,Spain,F
3323,denis suarez,9,2022-2023,Denis Suárez,28.0,es ESP,MF
3324,denis suarez,26,2023-2024,Denis Suárez,29.0,es ESP,MF
3325,denis suarez,26,2024-2025,Denis Suárez,30.0,es ESP,MF
3326,denis thomalla,61,2023-2024,Denis Thomalla,30.0,de GER,MF
3327,denis thomalla,61,2024-2025,Denis Thomalla,31.0,de GER,"FW,MF"
3328,denis thomallafc,61,2023-2024,Denis ThomallaFC,,,
3329,denis thomallafc,61,2024-2025,Denis ThomallaFC,,,
3330,denis vavro,74,2024-2025,Denis Vavro,28.0,sk SVK,DF
3331,denis vavro,74,2025-2026,Denis Vavro,29.0,Slovakia,D
3332,denis zakaria,33,2022-2023,Denis Zakaria,25.0,ch SUI,MF
3333,denis zakaria,87,2022-2023,Denis Zakaria,25.0,ch SUI,MF
3334,denis zakaria,114,2023-2024,Denis Zakaria,26.0,ch SUI,"MF,DF"
3335,denis zakaria,114,2024-2025,Denis Zakaria,27.0,ch SUI,MF
3336,denis zakaria,114,2025-2026,Denis Zakaria,29.0,Switzerland,M
3337,deniz undav,31,2022-2023,Deniz Undav,26.0,de GER,"MF,FW"
3338,deniz undav,71,2023-2024,Deniz Undav,27.0,de GER,"FW,MF"
3339,deniz undav,71,2024-2025,Deniz Undav,28.0,de GER,"FW,MF"
3340,deniz undav,71,2025-2026,Deniz Undav,29.0,Germany,F
3341,deniz zeitler,63,2025-2026,Deniz Zeitler,19.0,Germany,F
3342,dennis appiah,116,2022-2023,Dennis Appiah,30.0,fr FRA,"DF,MF"
3343,dennis appiah,122,2024-2025,Dennis Appiah,32.0,fr FRA,DF
3344,dennis cirkin,48,2025-2026,Dennis Cirkin,23.0,England,D
3345,dennis curatolo,86,2022-2023,Dennis Curatolo,18.0,it ITA,FW
3346,dennis geiger,63,2022-2023,Dennis Geiger,24.0,de GER,MF
3347,dennis geiger,63,2023-2024,Dennis Geiger,25.0,de GER,MF
3348,dennis geiger,63,2024-2025,Dennis Geiger,26.0,de GER,MF
3349,dennis geiger,63,2025-2026,Dennis Geiger,27.0,Germany,M
3350,dennis hadzikadunic,16,2022-2023,Dennis Hadzikadunic,24.0,ba BIH,DF
3351,dennis man,92,2024-2025,Dennis Man,25.0,ro ROU,"MF,FW"
3352,dennis praet,39,2022-2023,Dennis Praet,28.0,be BEL,MF
3353,dennis seimen,71,2022-2023,Dennis Seimen,16.0,de GER,GK
3354,dennis seimen,71,2023-2024,Dennis Seimen,17.0,de GER,GK
3355,dennis seimen,71,2024-2025,Dennis Seimen,19.0,Germany,K
3356,denso kasius,77,2022-2023,Denso Kasius,19.0,nl NED,MF
3357,denys bain,104,2022-2023,Dénys Bain,29.0,fr FRA,DF
3358,denzel dumfries,86,2022-2023,Denzel Dumfries,26.0,nl NED,MF
3359,denzel dumfries,86,2023-2024,Denzel Dumfries,27.0,nl NED,MF
3360,denzel dumfries,86,2024-2025,Denzel Dumfries,28.0,nl NED,MF
3361,denzel dumfries,86,2025-2026,Denzel Dumfries,29.0,Netherlands,D
3362,derek cornelius,112,2024-2025,Derek Cornelius,26.0,ca CAN,DF
3363,derek mazou-sacko,125,2022-2023,Derek Mazou-Sacko,17.0,fr FRA,MF
3364,dermane karim,110,2025-2026,Dermane Karim,22.0,Togo,F
3365,dermot mee,43,2023-2024,Dermot Mee,20.0,nir NIR,GK
3366,dermot mee,43,2024-2025,Dermot Mee,21.0,nir NIR,GK
3367,derrick kohn,72,2025-2026,Derrick Köhn,27.0,Ghana,D
3368,derrick kohn,73,2024-2025,Derrick Köhn,25.0,gh GHA,"MF,DF"
3369,derry scherhant,59,2025-2026,Derry Scherhant,23.0,Germany,F
3370,derry scherhant,62,2022-2023,Derry Scherhant,19.0,de GER,MF
3371,desire doue,119,2024-2025,Désiré Doué,19.0,fr FRA,"MF,FW"
3372,desire doue,119,2025-2026,Désiré Doué,20.0,France,F
3373,desire doue,121,2022-2023,Désiré Doué,17.0,fr FRA,"MF,FW"
3374,desire doue,121,2023-2024,Désiré Doué,18.0,fr FRA,MF
3375,destiny udogie,49,2023-2024,Destiny Udogie,20.0,it ITA,DF
3376,destiny udogie,49,2024-2025,Destiny Udogie,21.0,it ITA,DF
3377,destiny udogie,49,2025-2026,Destiny Udogie,23.0,Italy,D
3378,destiny udogie,100,2022-2023,Destiny Udogie,19.0,it ITA,MF
3379,detlef esapa osong,45,2025-2026,Detlef Esapa Osong,20.0,England,F
3380,detlef osong,45,2023-2024,Detlef Osong,18.0,eng ENG,FW
3381,devan tanton,36,2023-2024,Devan Tanton,19.0,co COL,DF
3382,devan tanton,36,2025-2026,Devan Tanton,21.0,Colombia,D
3383,devis vasquez,75,2022-2023,Devis Vásquez,24.0,co COL,GK
3384,devis vasquez,81,2024-2025,Devis Vásquez,26.0,co COL,GK
3385,devis vasquez,94,2025-2026,Devis Vásquez,27.0,Colombia,K
3386,devyne rensch,94,2024-2025,Devyne Rensch,21.0,nl NED,"MF,DF"
3387,devyne rensch,94,2025-2026,Devyne Rensch,23.0,Netherlands,D
3388,dexter lembikisa,51,2022-2023,Dexter Lembikisa,18.0,jm JAM,"DF,MF"
3389,dexter lembikisa,51,2024-2025,Dexter Lembikisa,21.0,Jamaica,D
3390,dexter lembikisa,51,2025-2026,Dexter Lembikisa,21.0,Jamaica,D
3391,deyovaisio zeefuik,62,2022-2023,Deyovaisio Zeefuik,24.0,nl NED,"DF,MF"
3392,deyovaisio zeefuik,85,2022-2023,Deyovaisio Zeefuik,24.0,nl NED,"DF,MF"
3393,diadie samassekou,6,2023-2024,Diadié Samassékou,27.0,ml MLI,MF
3394,diadie samassekou,63,2022-2023,Diadié Samassékou,26.0,ml MLI,MF
3395,diadie samassekou,63,2023-2024,Diadié Samassékou,27.0,ml MLI,MF
3396,diadie samassekou,63,2024-2025,Diadié Samassékou,28.0,ml MLI,MF
3397,diant ramaj,58,2022-2023,Diant Ramaj,20.0,de GER,GK
3398,diant ramaj,61,2025-2026,Diant Ramaj,24.0,Germany,K
3399,didier lamkel ze,113,2023-2024,Didier Lamkel Zé,26.0,cm CMR,"FW,MF"
3400,diego,14,2024-2025,Diego,24.0,es ESP,"FW,MF"
3401,diego aguado,20,2024-2025,Diego Aguado,17.0,es ESP,DF
3402,diego alves,7,2022-2023,Diego Alves,37.0,br BRA,GK
3403,diego bri,4,2022-2023,Diego Bri,19.0,es ESP,FW
3404,diego carlos,28,2022-2023,Diego Carlos,29.0,br BRA,DF
3405,diego carlos,28,2023-2024,Diego Carlos,30.0,br BRA,DF
3406,diego carlos,28,2024-2025,Diego Carlos,31.0,br BRA,DF
3407,diego carlos,79,2025-2026,Diego Carlos,32.0,Brazil,D
3408,diego collado,26,2022-2023,Diego Collado,21.0,es ESP,"FW,MF"
3409,diego conde,10,2022-2023,Diego Conde,23.0,es ESP,GK
3410,diego conde,26,2024-2025,Diego Conde,25.0,es ESP,GK
3411,diego conde,26,2025-2026,Diego Conde,27.0,Spain,K
3412,diego coppola,31,2025-2026,Diego Coppola,22.0,Italy,D
3413,diego coppola,85,2022-2023,Diego Coppola,18.0,it ITA,DF
3414,diego coppola,85,2023-2024,Diego Coppola,19.0,it ITA,DF
3415,diego coppola,85,2024-2025,Diego Coppola,20.0,it ITA,DF
3416,diego coppola,118,2025-2026,Diego Coppola,22.0,Italy,D
3417,diego costa,51,2022-2023,Diego Costa,33.0,es ESP,FW
3418,diego demme,91,2022-2023,Diego Demme,30.0,de GER,MF
3419,diego demme,91,2023-2024,Diego Demme,31.0,de GER,MF
3420,diego ferrer,10,2024-2025,Diego Ferrer,17.0,es ESP,GK
3421,diego fuoli,2,2022-2023,Diego Fuoli,24.0,es ESP,GK
3422,diego garcia,14,2024-2025,Diego García,24.0,Spain,F
3423,diego gomez,31,2024-2025,Diego Gómez,21.0,py PAR,MF
3424,diego gomez,31,2025-2026,Diego Gómez,22.0,Paraguay,M
3425,diego gonzalez,8,2022-2023,Diego González,27.0,es ESP,DF
3426,diego gonzalez,88,2022-2023,Diego González,19.0,py PAR,MF
3427,diego gonzalez,88,2023-2024,Diego González,20.0,py PAR,MF
3428,diego hormigo,24,2022-2023,Diego Hormigo,,,
3429,diego hormigo,24,2023-2024,Diego Hormigo,,,
3430,diego hormigo,24,2024-2025,Diego Hormigo,,,
3431,diego iturralde,24,2022-2023,Diego Iturralde,19.0,es ESP,DF
3432,diego iturralde,24,2023-2024,Diego Iturralde,20.0,es ESP,DF
3433,diego iturralde,24,2024-2025,Diego Iturralde,21.0,es ESP,MF
3434,diego kochen,5,2023-2024,Diego Kochen,17.0,us USA,GK
3435,diego kochen,5,2024-2025,Diego Kochen,18.0,us USA,GK
3436,diego leon,43,2025-2026,Diego León,18.0,Paraguay,D
3437,diego llorente,19,2024-2025,Diego Llorente,30.0,es ESP,DF
3438,diego llorente,19,2025-2026,Diego Llorente,32.0,Spain,D
3439,diego llorente,38,2022-2023,Diego Llorente,28.0,es ESP,DF
3440,diego llorente,94,2022-2023,Diego Llorente,28.0,es ESP,DF
3441,diego llorente,94,2023-2024,Diego Llorente,29.0,es ESP,DF
3442,diego lopez,10,2023-2024,Diego López,21.0,es ESP,MF
3443,diego lopez,18,2022-2023,Diego López,40.0,es ESP,GK
3444,diego lopez,25,2022-2023,Diego López,20.0,es ESP,MF
3445,diego lopez,25,2023-2024,Diego López,21.0,es ESP,"MF,FW"
3446,diego lopez,25,2024-2025,Diego López,22.0,es ESP,MF
3447,diego lopez,25,2025-2026,Diego López,23.0,Spain,F
3448,diego marino,2,2022-2023,Diego Mariño,32.0,es ESP,GK
3449,diego marino,2,2023-2024,Diego Mariño,33.0,es ESP,GK
3450,diego martin,13,2024-2025,Diego Martín,20.0,es ESP,FW
3451,diego mendez,18,2022-2023,Diego Méndez,18.0,es ESP,MF
3452,diego mendez,18,2023-2024,Diego Méndez,19.0,es ESP,MF
3453,diego mendez,18,2024-2025,Diego Méndez,20.0,es ESP,MF
3454,diego moreira,33,2023-2024,Diego Moreira,18.0,be BEL,MF
3455,diego moreira,111,2023-2024,Diego Moreira,18.0,be BEL,MF
3456,diego moreira,123,2024-2025,Diego Moreira,19.0,be BEL,"MF,DF"
3457,diego moreira,123,2025-2026,Diego Moreira,21.0,Belgium,M
3458,diego moreno,17,2022-2023,Diego Moreno,21.0,es ESP,DF
3459,diego moreno,23,2022-2023,Diego Moreno,20.0,es ESP,DF
3460,diego pampin,15,2025-2026,Diego Pampín,25.0,Spain,D
3461,diego pineiro,20,2022-2023,Diego Piñeiro,18.0,es ESP,GK
3462,diego pineiro,20,2023-2024,Diego Piñeiro,19.0,es ESP,GK
3463,diego pugno,87,2024-2025,Diego Pugno,18.0,it ITA,DF
3464,diego rico,10,2023-2024,Diego Rico,30.0,es ESP,DF
3465,diego rico,10,2024-2025,Diego Rico,31.0,es ESP,DF
3466,diego rico,10,2025-2026,Diego Rico,32.0,Spain,D
3467,diego rico,22,2022-2023,Diego Rico,29.0,es ESP,DF
3468,diego rico,22,2023-2024,Diego Rico,30.0,es ESP,DF
3469,diego russo,100,2022-2023,Diego Russo,17.0,it ITA,MF
3470,diego sia,75,2023-2024,Diego Sia,17.0,it ITA,FW
3471,diego valencia,95,2022-2023,Diego Valencia,22.0,cl CHI,"FW,MF"
3472,dikeni salifou,73,2022-2023,Dikeni Salifou,19.0,Togo,M
3473,dikeni-rafid salifou,73,2022-2023,Dikeni-Rafid Salifou,19.0,tg TOG,MF
3474,dilane bakwa,45,2025-2026,Dilane Bakwa,23.0,France,F
3475,dilane bakwa,123,2023-2024,Dilane Bakwa,20.0,fr FRA,"MF,FW"
3476,dilane bakwa,123,2024-2025,Dilane Bakwa,21.0,fr FRA,MF
3477,dimitri foulquier,25,2022-2023,Dimitri Foulquier,29.0,fr FRA,DF
3478,dimitri foulquier,25,2023-2024,Dimitri Foulquier,30.0,fr FRA,"DF,MF"
3479,dimitri foulquier,25,2024-2025,Dimitri Foulquier,31.0,fr FRA,DF
3480,dimitri foulquier,25,2025-2026,Dimitri Foulquier,32.0,Guadeloupe,D
3481,dimitri lienard,123,2022-2023,Dimitri Liénard,34.0,fr FRA,"MF,DF"
3482,dimitri payet,112,2022-2023,Dimitri Payet,35.0,fr FRA,MF
3483,dimitrije kamenovic,88,2022-2023,Dimitrije Kamenović,22.0,rs SRB,DF
3484,dimitrije kamenovic,88,2023-2024,Dimitrije Kamenović,23.0,rs SRB,DF
3485,dimitrios giannoulis,52,2024-2025,Dimitrios Giannoulis,29.0,Greece,D
3486,dimitrios giannoulis,52,2025-2026,Dimitrios Giannoulis,30.0,Greece,D
3487,dimitrios keramitsis,94,2022-2023,Dimitrios Keramitsis,18.0,gr GRE,DF
3488,dimitrios limnios,65,2022-2023,Dimitrios Limnios,24.0,Greece,F
3489,dimitrios limniosfc,65,2022-2023,Dimitrios LimniosFC,,,
3490,dimitrios nikolaou,98,2022-2023,Dimitrios Nikolaou,24.0,Greece,D
3491,dimitrios stamatakis,17,2023-2024,Dimitrios Stamatakis,20.0,gr GRE,GK
3492,dimitrios stamatakis,17,2024-2025,Dimitrios Stamatakis,21.0,gr GRE,GK
3493,dimitris giannoulis,52,2024-2025,Dimitris Giannoulis,28.0,gr GRE,MF
3494,dimitris limnios,65,2022-2023,Dimitris Limnios,24.0,gr GRE,"FW,MF"
3495,dimitris limnios,65,2023-2024,Dimitris Limnios,25.0,gr GRE,"FW,MF"
3496,dimitris nikolaou,98,2022-2023,Dimitris Nikolaou,23.0,gr GRE,DF
3497,dimitry bertaud,115,2022-2023,Dimitry Bertaud,24.0,France,K
3498,dimitry bertaud,115,2023-2024,Dimitry Bertaud,25.0,cd COD,GK
3499,dimitry bertaud,115,2024-2025,Dimitry Bertaud,26.0,cd COD,GK
3500,dimo krastev,82,2022-2023,Dimo Krastev,19.0,bg BUL,MF
3501,dinko horkas,13,2024-2025,Dinko Horkas,25.0,hr CRO,GK
3502,diogo dalot,43,2022-2023,Diogo Dalot,23.0,pt POR,DF
3503,diogo dalot,43,2023-2024,Diogo Dalot,24.0,pt POR,DF
3504,diogo dalot,43,2024-2025,Diogo Dalot,25.0,pt POR,"MF,DF"
3505,diogo dalot,43,2025-2026,Diogo Dalot,26.0,Portugal,D
3506,diogo jota,40,2022-2023,Diogo Jota,25.0,pt POR,"FW,MF"
3507,diogo jota,40,2023-2024,Diogo Jota,26.0,pt POR,FW
3508,diogo jota,40,2024-2025,Diogo Jota,27.0,pt POR,FW
3509,diogo leite,72,2022-2023,Diogo Leite,23.0,pt POR,DF
3510,diogo leite,72,2023-2024,Diogo Leite,24.0,pt POR,DF
3511,diogo leite,72,2024-2025,Diogo Leite,25.0,pt POR,DF
3512,diogo leite,72,2025-2026,Diogo Leite,27.0,Portugal,D
3513,diogo monteiro,38,2022-2023,Diogo Monteiro,17.0,pt POR,DF
3514,dion beljo,52,2022-2023,Dion Beljo,20.0,Croatia,F
3515,dion beljo,52,2023-2024,Dion Beljo,21.0,Croatia,F
3516,dion drena beljo,52,2022-2023,Dion Drena Beljo,20.0,hr CRO,FW
3517,dion drena beljo,52,2023-2024,Dion Drena Beljo,21.0,hr CRO,"FW,MF"
3518,dion lopy,2,2023-2024,Dion Lopy,21.0,sn SEN,MF
3519,dion lopy,120,2022-2023,Dion Lopy,20.0,sn SEN,MF
3520,divin mubama,42,2024-2025,Divin Mubama,19.0,eng ENG,FW
3521,divin mubama,42,2025-2026,Divin Mubama,20.0,England,F
3522,divin mubama,50,2022-2023,Divin Mubama,17.0,eng ENG,FW
3523,divin mubama,50,2023-2024,Divin Mubama,18.0,eng ENG,FW
3524,divine mukasa,42,2025-2026,Divine Mukasa,18.0,England,F
3525,divock origi,45,2023-2024,Divock Origi,28.0,be BEL,"MF,FW"
3526,divock origi,75,2022-2023,Divock Origi,27.0,be BEL,"FW,MF"
3527,divock origiac,75,2022-2023,Divock OrigiAC,,,
3528,djaoui cisse,121,2023-2024,Djaoui Cissé,19.0,fr FRA,MF
3529,djaoui cisse,121,2024-2025,Djaoui Cissé,20.0,fr FRA,MF
3530,djaoui cisse,121,2025-2026,Djaoui Cissé,22.0,France,M
3531,djavan anderson,88,2022-2023,Djavan Anderson,27.0,sr SUR,"DF,MF"
3532,djed spence,49,2022-2023,Djed Spence,21.0,eng ENG,"DF,MF"
3533,djed spence,49,2023-2024,Djed Spence,23.0,England,D
3534,djed spence,49,2024-2025,Djed Spence,23.0,eng ENG,DF
3535,djed spence,49,2025-2026,Djed Spence,25.0,England,D
3536,djed spence,84,2023-2024,Djed Spence,22.0,eng ENG,MF
3537,djed spence,121,2022-2023,Djed Spence,21.0,eng ENG,DF
3538,djene,10,2022-2023,Djené,30.0,tg TOG,DF
3539,djene,10,2023-2024,Djené,31.0,tg TOG,"DF,MF"
3540,djene,10,2024-2025,Djené,32.0,tg TOG,"DF,MF"
3541,djene,10,2025-2026,Djené,34.0,Togo,D
3542,djene dakonam,10,2022-2023,Djené Dakonam,,,
3543,djene dakonam,10,2023-2024,Djené Dakonam,,,
3544,djene dakonam,10,2024-2025,Djené Dakonam,,,
3545,djibril coulibaly,117,2025-2026,Djibril Coulibaly,17.0,France,M
3546,djibril sidibe,124,2024-2025,Djibril Sidibé,32.0,fr FRA,DF
3547,djibril sidibe,124,2025-2026,Djibril Sidibé,33.0,France,D
3548,djibril sow,24,2023-2024,Djibril Sow,26.0,ch SUI,MF
3549,djibril sow,24,2024-2025,Djibril Sow,27.0,ch SUI,MF
3550,djibril sow,24,2025-2026,Djibril Sow,28.0,Switzerland,M
3551,djibril sow,58,2022-2023,Djibril Sow,25.0,ch SUI,MF
3552,djordje petrovic,29,2025-2026,Djordje Petrovic,26.0,Serbia,K
3553,djordje petrovic,33,2023-2024,Djordje Petrovic,24.0,Serbia,K
3554,djordje petrovic,33,2024-2025,Djordje Petrovic,25.0,Serbia,K
3555,djordje petrovic,123,2024-2025,Djordje Petrovic,25.0,Serbia,K
3556,djordjije medenica,10,2023-2024,Djordjije Medenica,16.0,es ESP,GK
3557,djordjije medenica,10,2024-2025,Djordjije Medenica,17.0,es ESP,GK
3558,djylian n'guessan,122,2024-2025,Djylian N'Guessan,15.0,fr FRA,FW
3559,dmytro bogdanov,72,2025-2026,Dmytro Bogdanov,18.0,Ukraine,F
3560,dodi lukebakio,24,2023-2024,Dodi Lukébakio,25.0,be BEL,"MF,FW"
3561,dodi lukebakio,24,2024-2025,Dodi Lukébakio,26.0,be BEL,"MF,FW"
3562,dodi lukebakio,62,2022-2023,Dodi Lukébakio,24.0,be BEL,"FW,MF"
3563,dodo,82,2022-2023,Dodô,23.0,br BRA,DF
3564,dodo,82,2023-2024,Dodô,24.0,br BRA,DF
3565,dodo,82,2024-2025,Dodô,25.0,br BRA,"DF,MF"
3566,dodo,82,2025-2026,Dodô,27.0,Brazil,D
3567,dogan alemdar,121,2022-2023,Dogan Alemdar,19.0,tr TUR,GK
3568,dogan alemdar,121,2024-2025,Doğan Alemdar,22.0,Turkey,K
3569,dom ballard,47,2022-2023,Dom Ballard,,,
3570,dom ballard,47,2024-2025,Dom Ballard,19.0,England,F
3571,domagoj bradaric,85,2024-2025,Domagoj Bradaric,24.0,hr CRO,"MF,DF"
3572,domagoj bradaric,85,2025-2026,Domagoj Bradarić,26.0,Croatia,D
3573,domagoj bradaric,95,2022-2023,Domagoj Bradaric,22.0,hr CRO,"MF,DF"
3574,domagoj bradaric,95,2023-2024,Domagoj Bradaric,23.0,hr CRO,"MF,DF"
3575,domen crnigoj,95,2022-2023,Domen Crnigoj,26.0,si SVN,MF
3576,domen crnigoj,101,2024-2025,Domen Crnigoj,28.0,si SVN,MF
3577,domenico berardi,97,2022-2023,Domenico Berardi,27.0,it ITA,"FW,MF"
3578,domenico berardi,97,2023-2024,Domenico Berardi,28.0,it ITA,"MF,FW"
3579,domenico berardi,97,2025-2026,Domenico Berardi,31.0,Italy,F
3580,domingos andre ribeiro almeida,25,2022-2023,Domingos André Ribeiro Almeida,22.0,pt POR,MF
3581,domingos andre ribeiro almeida,25,2023-2024,Domingos André Ribeiro Almeida,23.0,pt POR,"FW,MF"
3582,domingos andre ribeiro almeida,25,2024-2025,Domingos André Ribeiro Almeida,24.0,pt POR,"MF,FW"
3583,domingos duarte,10,2022-2023,Domingos Duarte,27.0,pt POR,DF
3584,domingos duarte,10,2023-2024,Domingos Duarte,28.0,pt POR,DF
3585,domingos duarte,10,2024-2025,Domingos Duarte,29.0,pt POR,DF
3586,domingos duarte,10,2025-2026,Domingos Duarte,30.0,Portugal,D
3587,domingos quina,8,2022-2023,Domingos Quina,22.0,pt POR,MF
3588,domingos quina,100,2023-2024,Domingos Quina,23.0,pt POR,MF
3589,dominic ballard,47,2022-2023,Dominic Ballard,17.0,eng ENG,FW
3590,dominic calvert-lewin,35,2022-2023,Dominic Calvert-Lewin,25.0,eng ENG,FW
3591,dominic calvert-lewin,35,2023-2024,Dominic Calvert-Lewin,26.0,eng ENG,FW
3592,dominic calvert-lewin,35,2024-2025,Dominic Calvert-Lewin,27.0,eng ENG,FW
3593,dominic calvert-lewin,38,2025-2026,Dominic Calvert-Lewin,28.0,England,F
3594,dominic corness,40,2024-2025,Dominic Corness,21.0,England,M
3595,dominic martins,41,2023-2024,Dominic Martins,17.0,pt POR,MF
3596,dominic sadi,29,2022-2023,Dominic Sadi,18.0,eng ENG,MF
3597,dominic sadi,29,2023-2024,Dominic Sadi,19.0,eng ENG,MF
3598,dominic sadi,29,2024-2025,Dominic Sadi,20.0,eng ENG,MF
3599,dominic solanke,29,2022-2023,Dominic Solanke,24.0,eng ENG,FW
3600,dominic solanke,29,2023-2024,Dominic Solanke,25.0,eng ENG,FW
3601,dominic solanke,49,2024-2025,Dominic Solanke,26.0,eng ENG,FW
3602,dominic solanke,49,2025-2026,Dominic Solanke,28.0,England,F
3603,dominic vavassori,76,2024-2025,Dominic Vavassori,18.0,it ITA,FW
3604,dominick drexler,69,2022-2023,Dominick Drexler,32.0,de GER,MF
3605,dominik greif,16,2022-2023,Dominik Greif,25.0,sk SVK,GK
3606,dominik greif,16,2023-2024,Dominik Greif,26.0,sk SVK,GK
3607,dominik greif,16,2024-2025,Dominik Greif,27.0,sk SVK,GK
3608,dominik greif,111,2025-2026,Dominik Greif,28.0,Slovakia,K
3609,dominik javorcek,64,2024-2025,Dominik Javorcek,21.0,sk SVK,"MF,DF"
3610,dominik kohr,66,2022-2023,Dominik Kohr,28.0,de GER,MF
3611,dominik kohr,66,2023-2024,Dominik Kohr,29.0,de GER,"DF,MF"
3612,dominik kohr,66,2024-2025,Dominik Kohr,30.0,de GER,"DF,MF"
3613,dominik kohr,66,2025-2026,Dominik Kohr,32.0,Germany,D
3614,dominik szoboszlai,40,2023-2024,Dominik Szoboszlai,22.0,hu HUN,MF
3615,dominik szoboszlai,40,2024-2025,Dominik Szoboszlai,23.0,hu HUN,MF
3616,dominik szoboszlai,40,2025-2026,Dominik Szoboszlai,25.0,Hungary,F
3617,dominik szoboszlai,68,2022-2023,Dominik Szoboszlai,21.0,hu HUN,"MF,FW"
3618,dominique heintz,55,2022-2023,Dominique Heintz,28.0,de GER,DF
3619,dominique heintz,65,2023-2024,Dominique Heintz,29.0,de GER,DF
3620,dominique heintz,65,2025-2026,Dominique Heintz,32.0,Germany,D
3621,dominique heintzfc,65,2023-2024,Dominique HeintzFC,,,
3622,dominique youfeigane,110,2023-2024,Dominique Youfeigane,23.0,Central African Republic,K
3623,donnell mcneilly,45,2025-2026,Donnell McNeilly,19.0,England,F
3624,donny van de beek,11,2024-2025,Donny van de Beek,27.0,nl NED,MF
3625,donny van de beek,11,2025-2026,Donny van de Beek,28.0,Netherlands,M
3626,donny van de beek,43,2022-2023,Donny van de Beek,25.0,nl NED,MF
3627,donny van de beek,43,2023-2024,Donny van de Beek,26.0,nl NED,MF
3628,donny van de beek,58,2023-2024,Donny van de Beek,26.0,nl NED,"MF,FW"
3629,donovan leon,104,2022-2023,Donovan Léon,29.0,gf GUF,GK
3630,donovan leon,104,2024-2025,Donovan Léon,31.0,gf GUF,GK
3631,donovan leon,104,2025-2026,Donovan Léon,33.0,French Guiana,K
3632,donyell malen,28,2024-2025,Donyell Malen,25.0,nl NED,MF
3633,donyell malen,28,2025-2026,Donyell Malen,26.0,Netherlands,F
3634,donyell malen,56,2022-2023,Donyell Malen,23.0,nl NED,"MF,FW"
3635,donyell malen,56,2023-2024,Donyell Malen,24.0,nl NED,"MF,FW"
3636,donyell malen,56,2024-2025,Donyell Malen,25.0,nl NED,MF
3637,donyell malen,94,2025-2026,Donyell Malen,27.0,Netherlands,F
3638,dorian ciezkowski,80,2022-2023,Dorian Ciężkowski,21.0,pl POL,GK
3639,douglas,116,2023-2024,Douglas,26.0,br BRA,MF
3640,douglas,116,2024-2025,Douglas,27.0,br BRA,MF
3641,douglas augusto,116,2023-2024,Douglas Augusto,27.0,Brazil,M
3642,douglas augusto,116,2024-2025,Douglas Augusto,28.0,Brazil,M
3643,douglas luiz,28,2022-2023,Douglas Luiz,24.0,br BRA,MF
3644,douglas luiz,28,2023-2024,Douglas Luiz,25.0,br BRA,MF
3645,douglas luiz,28,2025-2026,Douglas Luiz,27.0,Brazil,M
3646,douglas luiz,45,2025-2026,Douglas Luiz,27.0,Brazil,M
3647,douglas luiz,87,2024-2025,Douglas Luiz,26.0,br BRA,MF
3648,dovydas sasnauskas,46,2023-2024,Dovydas Sasnauskas,16.0,lt LTU,DF
3649,drissa camara,92,2024-2025,Drissa Camara,22.0,ci CIV,FW
3650,dro fernandez,119,2025-2026,Dro Fernández,18.0,Spain,F
3651,duccio degl'innocenti,81,2022-2023,Duccio Degl'Innocenti,19.0,it ITA,MF
3652,duccio degli innocenti,81,2022-2023,Duccio Degli Innocenti,19.0,Italy,M
3653,duje caleta-car,22,2025-2026,Duje Caleta-Car,29.0,Croatia,D
3654,duje caleta-car,47,2022-2023,Duje Caleta-Car,25.0,hr CRO,DF
3655,duje caleta-car,111,2023-2024,Duje Caleta-Car,26.0,hr CRO,DF
3656,duje caleta-car,111,2024-2025,Duje Caleta-Car,27.0,hr CRO,DF
3657,duje caleta-car,112,2022-2023,Duje Caleta-Car,25.0,hr CRO,DF
3658,duk,14,2024-2025,Duk,24.0,cv CPV,MF
3659,dusan vlahovic,87,2022-2023,Dusan Vlahovic,22.0,rs SRB,FW
3660,dusan vlahovic,87,2023-2024,Dusan Vlahovic,23.0,rs SRB,FW
3661,dusan vlahovic,87,2024-2025,Dusan Vlahovic,24.0,rs SRB,FW
3662,dusan vlahovic,87,2025-2026,Dušan Vlahović,26.0,Serbia,F
3663,duvan zapata,76,2022-2023,Duván Zapata,31.0,co COL,FW
3664,duvan zapata,76,2023-2024,Duván Zapata,32.0,co COL,FW
3665,duvan zapata,99,2023-2024,Duván Zapata,32.0,co COL,FW
3666,duvan zapata,99,2024-2025,Duván Zapata,33.0,co COL,FW
3667,duvan zapata,99,2025-2026,Duván Zapata,34.0,Colombia,F
3668,dwight mcneil,35,2022-2023,Dwight McNeil,22.0,eng ENG,"MF,FW"
3669,dwight mcneil,35,2023-2024,Dwight McNeil,23.0,eng ENG,MF
3670,dwight mcneil,35,2024-2025,Dwight McNeil,24.0,eng ENG,MF
3671,dwight mcneil,35,2025-2026,Dwight McNeil,26.0,England,F
3672,dyego sousa,2,2022-2023,Dyego Sousa,32.0,pt POR,FW
3673,dylan batubinsika,122,2024-2025,Dylan Batubinsika,28.0,cd COD,DF
3674,dylan bronn,95,2022-2023,Dylan Bronn,27.0,tn TUN,DF
3675,dylan bronn,95,2023-2024,Dylan Bronn,28.0,tn TUN,DF
3676,dylan williams,33,2024-2025,Dylan Williams,21.0,England,D
3677,dzenan pejcinovic,74,2022-2023,Dzenan Pejcinovic,17.0,de GER,FW
3678,dzenan pejcinovic,74,2023-2024,Dzenan Pejcinovic,18.0,de GER,FW
3679,dzenan pejcinovic,74,2025-2026,Dzenan Pejcinovic,20.0,Germany,F
3680,eba bekir is,58,2024-2025,Eba Bekir Is,15.0,de GER,MF
3681,ebenezer akinsanmiro,86,2022-2023,Ebenezer Akinsanmiro,17.0,ng NGA,MF
3682,ebenezer akinsanmiro,86,2023-2024,Ebenezer Akinsanmiro,18.0,ng NGA,MF
3683,ebenezer akinsanmiro,93,2025-2026,Ebenezer Akinsanmiro,21.0,Nigeria,M
3684,eberechi eze,27,2025-2026,Eberechi Eze,27.0,England,F
3685,eberechi eze,34,2022-2023,Eberechi Eze,24.0,eng ENG,"MF,FW"
3686,eberechi eze,34,2023-2024,Eberechi Eze,25.0,eng ENG,"MF,FW"
3687,eberechi eze,34,2024-2025,Eberechi Eze,26.0,eng ENG,MF
3688,ebrima darboe,94,2022-2023,Ebrima Darboe,21.0,gm GAM,MF
3689,ed mcjannet,89,2024-2025,Ed McJannet,20.0,ie IRL,MF
3690,ed turns,31,2022-2023,Ed Turns,19.0,wls WAL,DF
3691,edan diop,114,2022-2023,Edan Diop,17.0,fr FRA,MF
3692,edan diop,114,2023-2024,Edan Diop,18.0,fr FRA,MF
3693,edan diop,114,2024-2025,Edan Diop,20.0,France,M
3694,edan diop,114,2025-2026,Edan Diop,21.0,France,M
3695,eddie beach,33,2023-2024,Eddie Beach,19.0,wls WAL,GK
3696,eddie nketiah,27,2022-2023,Eddie Nketiah,23.0,eng ENG,FW
3697,eddie nketiah,27,2023-2024,Eddie Nketiah,24.0,eng ENG,FW
3698,eddie nketiah,27,2024-2025,Eddie Nketiah,25.0,eng ENG,FW
3699,eddie nketiah,34,2024-2025,Eddie Nketiah,25.0,eng ENG,"FW,MF"
3700,eddie nketiah,34,2025-2026,Eddie Nketiah,26.0,England,F
3701,eddie salcedo,86,2022-2023,Eddie Salcedo,20.0,it ITA,FW
3702,eddy kouadio,82,2024-2025,Eddy Kouadio,18.0,ci CIV,DF
3703,eddy kouadio,82,2025-2026,Eddy Kouadio,19.0,Italy,D
3704,eden hazard,20,2022-2023,Eden Hazard,31.0,be BEL,FW
3705,eder alvarez balanta,69,2022-2023,Éder Álvarez Balanta,29.0,co COL,MF
3706,eder balanta,69,2022-2023,Éder Balanta,29.0,Colombia,M
3707,eder militao,20,2022-2023,Éder Militão,24.0,br BRA,DF
3708,eder militao,20,2023-2024,Éder Militão,25.0,br BRA,DF
3709,eder militao,20,2024-2025,Éder Militão,26.0,br BRA,DF
3710,eder militao,20,2025-2026,Éder Militão,28.0,Brazil,D
3711,ederson,42,2022-2023,Ederson,28.0,br BRA,GK
3712,ederson,42,2023-2024,Ederson,29.0,br BRA,GK
3713,ederson,42,2024-2025,Ederson,30.0,br BRA,GK
3714,ederson,76,2022-2023,Éderson,23.0,br BRA,MF
3715,ederson,76,2023-2024,Éderson,24.0,br BRA,MF
3716,ederson,76,2024-2025,Éderson,25.0,br BRA,MF
3717,ederson,76,2025-2026,Éderson,26.0,Brazil,M
3718,edgar badia,8,2022-2023,Edgar Badia,30.0,es ESP,GK
3719,edgar gonzalez,2,2023-2024,Edgar González,26.0,es ESP,"DF,MF"
3720,edgar gonzalez,19,2022-2023,Edgar González,25.0,es ESP,DF
3721,edgar pujol,20,2023-2024,Edgar Pujol,18.0,do DOM,DF
3722,edhy zuliani,124,2024-2025,Edhy Zuliani,19.0,fr FRA,MF
3723,edimilson fernandes,66,2022-2023,Edimilson Fernandes,26.0,ch SUI,DF
3724,edimilson fernandes,66,2023-2024,Edimilson Fernandes,27.0,ch SUI,DF
3725,edimilson fernandes,105,2024-2025,Edimilson Fernandes,28.0,ch SUI,"MF,DF"
3726,edin dzeko,86,2022-2023,Edin Dzeko,36.0,ba BIH,FW
3727,edinson cavani,25,2022-2023,Edinson Cavani,35.0,uy URU,FW
3728,edmond tapsoba,53,2022-2023,Edmond Tapsoba,23.0,bf BFA,DF
3729,edmond tapsoba,53,2023-2024,Edmond Tapsoba,24.0,bf BFA,DF
3730,edmond tapsoba,53,2024-2025,Edmond Tapsoba,25.0,bf BFA,DF
3731,edmond tapsoba,53,2025-2026,Edmond Tapsoba,27.0,Burkina Faso,D
3732,edmond-paris maghoma,30,2024-2025,Edmond-Paris Maghoma,23.0,eng ENG,MF
3733,edoardo bove,82,2024-2025,Edoardo Bove,22.0,it ITA,MF
3734,edoardo bove,94,2022-2023,Edoardo Bove,20.0,it ITA,"MF,DF"
3735,edoardo bove,94,2023-2024,Edoardo Bove,21.0,it ITA,MF
3736,edoardo bove,94,2024-2025,Edoardo Bove,22.0,it ITA,MF
3737,edoardo corvi,92,2024-2025,Edoardo Corvi,23.0,it ITA,GK
3738,edoardo corvi,92,2025-2026,Edoardo Corvi,24.0,Italy,K
3739,edoardo goldaniga,78,2023-2024,Edoardo Goldaniga,29.0,it ITA,DF
3740,edoardo goldaniga,79,2024-2025,Edoardo Goldaniga,30.0,it ITA,DF
3741,edoardo goldaniga,79,2025-2026,Edoardo Goldaniga,32.0,Italy,D
3742,edoardo iannoni,97,2025-2026,Edoardo Iannoni,24.0,Italy,M
3743,edoardo motta,88,2025-2026,Edoardo Motta,21.0,Italy,K
3744,edoardo piana,100,2022-2023,Edoardo Piana,18.0,it ITA,GK
3745,edoardo piana,100,2023-2024,Edoardo Piana,19.0,it ITA,GK
3746,edoardo piana,100,2024-2025,Edoardo Piana,20.0,it ITA,GK
3747,edoardo pieragnolo,97,2022-2023,Edoardo Pieragnolo,19.0,it ITA,"DF,MF"
3748,edoardo pieragnolo,97,2025-2026,Edoardo Pieragnolo,23.0,Italy,D
3749,edoardo zaia,99,2024-2025,Edoardo Zaia,17.0,it ITA,FW
3750,edon zhegrova,87,2025-2026,Edon Zhegrova,26.0,Kosovo,F
3751,edon zhegrova,109,2022-2023,Edon Zhegrova,23.0,xk KVX,MF
3752,edon zhegrova,109,2023-2024,Edon Zhegrova,24.0,xk KVX,"MF,FW"
3753,edon zhegrova,109,2024-2025,Edon Zhegrova,25.0,xk KVX,MF
3754,edouard mendy,33,2022-2023,Édouard Mendy,30.0,sn SEN,GK
3755,edson alvarez,50,2023-2024,Edson Álvarez,25.0,mx MEX,MF
3756,edson alvarez,50,2024-2025,Edson Álvarez,26.0,mx MEX,MF
3757,edu exposito,9,2022-2023,Edu Expósito,25.0,es ESP,MF
3758,edu exposito,9,2024-2025,Edu Expósito,27.0,es ESP,MF
3759,edu exposito,9,2025-2026,Edu Expósito,29.0,Spain,M
3760,eduard sobol,123,2022-2023,Eduard Sobol,27.0,ua UKR,"MF,DF"
3761,eduard sobol,123,2023-2024,Eduard Sobol,28.0,ua UKR,"DF,MF"
3762,eduard sobol,123,2024-2025,Eduard Sobol,29.0,ua UKR,"DF,MF"
3763,eduardo camavinga,20,2022-2023,Eduardo Camavinga,19.0,fr FRA,"MF,DF"
3764,eduardo camavinga,20,2023-2024,Eduardo Camavinga,20.0,fr FRA,MF
3765,eduardo camavinga,20,2024-2025,Eduardo Camavinga,21.0,fr FRA,"MF,DF"
3766,eduardo camavinga,20,2025-2026,Eduardo Camavinga,23.0,France,M
3767,eduardo dos santos haesler,73,2022-2023,Eduardo Dos Santos Haesler,23.0,de GER,GK
3768,eduardo dos santos haesler,73,2023-2024,Eduardo Dos Santos Haesler,24.0,de GER,GK
3769,eduardo quaresma,63,2022-2023,Eduardo Quaresma,20.0,pt POR,DF
3770,eghosa bello,12,2023-2024,Eghosa Bello,19.0,ng NGA,FW
3771,egil selvik,100,2024-2025,Egil Selvik,27.0,no NOR,GK
3772,egoitz arana,22,2022-2023,Egoitz Arana,20.0,es ESP,GK
3773,egoitz arana,22,2024-2025,Egoitz Arana,22.0,es ESP,GK
3774,egoitz munoz,1,2023-2024,Egoitz Muñoz,18.0,es ESP,DF
3775,egoitz munoz,1,2024-2025,Egoitz Muñoz,19.0,es ESP,DF
3776,eiji kawashima,123,2022-2023,Eiji Kawashima,39.0,Japan,K
3777,eiran cashin,31,2024-2025,Eiran Cashin,22.0,ie IRL,DF
3778,eivind helland,77,2025-2026,Eivind Helland,20.0,Norway,D
3779,el bilal toure,2,2022-2023,El Bilal Touré,20.0,ml MLI,FW
3780,el bilal toure,71,2024-2025,El Bilal Touré,22.0,ml MLI,FW
3781,el bilal toure,76,2023-2024,El Bilal Touré,21.0,ml MLI,FW
3782,el bilal toure,120,2022-2023,El Bilal Touré,20.0,ml MLI,FW
3783,el chadaille bitshiabu,68,2023-2024,El Chadaille Bitshiabu,18.0,fr FRA,DF
3784,el chadaille bitshiabu,68,2024-2025,El Chadaille Bitshiabu,19.0,fr FRA,DF
3785,el chadaille bitshiabu,68,2025-2026,El Chadaille Bitshiabu,20.0,France,D
3786,el chadaille bitshiabu,119,2022-2023,El Chadaille Bitshiabu,17.0,fr FRA,DF
3787,el hadji malick diouf,50,2025-2026,El Hadji Malick Diouf,21.0,Senegal,D
3788,elayis tavsan,85,2023-2024,Elayis Tavsan,22.0,nl NED,"FW,MF"
3789,elayis tavsan,85,2024-2025,Elayis Tavsan,23.0,nl NED,"FW,MF"
3790,elba rashani,106,2022-2023,Elba Rashani,29.0,xk KVX,MF
3791,elba rashani,106,2023-2024,Elba Rashani,30.0,xk KVX,"MF,FW"
3792,elbasan rashani,106,2022-2023,Elbasan Rashani,29.0,Kosovo,F
3793,elbasan rashani,106,2023-2024,Elbasan Rashani,30.0,Kosovo,F
3794,eldin jakupovic,35,2022-2023,Eldin Jakupović,37.0,ch SUI,GK
3795,eldor shomurodov,78,2023-2024,Eldor Shomurodov,28.0,uz UZB,"MF,FW"
3796,eldor shomurodov,94,2022-2023,Eldor Shomurodov,27.0,uz UZB,FW
3797,eldor shomurodov,94,2024-2025,Eldor Shomurodov,29.0,uz UZB,FW
3798,eldor shomurodov,94,2025-2026,Eldor Shomurodov,30.0,Uzbekistan,F
3799,eldor shomurodov,98,2022-2023,Eldor Shomurodov,27.0,uz UZB,FW
3800,eli junior kroupi,29,2025-2026,Eli Junior Kroupi,19.0,France,F
3801,eli junior kroupi,110,2022-2023,Eli Junior Kroupi,16.0,fr FRA,FW
3802,eli junior kroupi,110,2023-2024,Eli Junior Kroupi,17.0,fr FRA,FW
3803,elia caprile,78,2024-2025,Elia Caprile,22.0,it ITA,GK
3804,elia caprile,78,2025-2026,Elia Caprile,24.0,Italy,K
3805,elia caprile,81,2023-2024,Elia Caprile,21.0,it ITA,GK
3806,elia caprile,91,2024-2025,Elia Caprile,22.0,it ITA,GK
3807,elia plicco,92,2024-2025,Elia Plicco,17.0,it ITA,MF
3808,elia plicco,92,2025-2026,Elia Plicco,19.0,Italy,F
3809,elia tantalocchi,96,2022-2023,Elia Tantalocchi,18.0,it ITA,GK
3810,elias bakatukanda,65,2022-2023,Elias Bakatukanda,18.0,de GER,DF
3811,elias bakatukanda,65,2023-2024,Elias Bakatukanda,19.0,de GER,DF
3812,elias baum,58,2023-2024,Elias Baum,17.0,de GER,DF
3813,elias baum,58,2025-2026,Elias Baum,20.0,Germany,D
3814,elias damergy,121,2022-2023,Elias Damergy,20.0,Tunisia,K
3815,elias legendre quinonez,121,2025-2026,Elías Legendre Quiñónez,17.0,Ecuador,F
3816,elias romero,13,2024-2025,Elías Romero,20.0,es ESP,FW
3817,elias saad,52,2025-2026,Elias Saad,26.0,Tunisia,F
3818,elias saad,70,2024-2025,Elias Saad,24.0,tn TUN,"FW,MF"
3819,elidon qenaj,61,2023-2024,Elidon Qenaj,20.0,Kosovo,F
3820,eliesse ben seghir,53,2025-2026,Eliesse Ben Seghir,20.0,Morocco,F
3821,eliesse ben seghir,114,2022-2023,Eliesse Ben Seghir,17.0,ma MAR,"FW,MF"
3822,eliesse ben seghir,114,2023-2024,Eliesse Ben Seghir,18.0,ma MAR,"MF,FW"
3823,eliesse ben seghir,114,2024-2025,Eliesse Ben Seghir,19.0,ma MAR,MF
3824,eliezer mayenda,48,2025-2026,Eliezer Mayenda,20.0,Spain,F
3825,elif elmas,68,2023-2024,Elif Elmas,23.0,mk MKD,MF
3826,elif elmas,68,2024-2025,Elif Elmas,24.0,mk MKD,"FW,MF"
3827,elif elmas,91,2022-2023,Elif Elmas,22.0,mk MKD,"MF,FW"
3828,elif elmas,91,2023-2024,Elif Elmas,23.0,mk MKD,"MF,FW"
3829,elif elmas,99,2024-2025,Elif Elmas,24.0,mk MKD,"MF,FW"
3830,elijah adebayo,41,2023-2024,Elijah Adebayo,25.0,eng ENG,FW
3831,elijah campbell,35,2023-2024,Elijah Campbell,18.0,eng ENG,DF
3832,elijah campbell,35,2025-2026,Elijah Campbell,21.0,England,D
3833,elijah scott,89,2024-2025,Elijah Scott,18.0,de GER,DF
3834,elikya legros,104,2025-2026,Elikya Legros,17.0,France,D
3835,elio capradossi,78,2023-2024,Elio Capradossi,27.0,ug UGA,DF
3836,elio capradossi,98,2022-2023,Elio Capradossi,26.0,ug UGA,DF
3837,eliot matazo,114,2022-2023,Eliot Matazo,20.0,be BEL,MF
3838,eliot matazo,114,2023-2024,Eliot Matazo,21.0,be BEL,MF
3839,eliot matazo,114,2024-2025,Eliot Matazo,22.0,be BEL,MF
3840,elisha owusu,104,2022-2023,Elisha Owusu,25.0,Ghana,M
3841,elisha owusu,104,2024-2025,Elisha Owusu,26.0,gh GHA,MF
3842,elisha owusu,104,2025-2026,Elisha Owusu,28.0,Ghana,M
3843,eljif elmas,68,2023-2024,Eljif Elmas,24.0,North Macedonia,F
3844,eljif elmas,68,2024-2025,Eljif Elmas,25.0,North Macedonia,F
3845,eljif elmas,91,2022-2023,Eljif Elmas,23.0,North Macedonia,M
3846,eljif elmas,91,2023-2024,Eljif Elmas,,,
3847,eljif elmas,91,2025-2026,Eljif Elmas,26.0,North Macedonia,F
3848,eljif elmas,99,2024-2025,Eljif Elmas,25.0,North Macedonia,F
3849,ellery balcombe,30,2023-2024,Ellery Balcombe,23.0,eng ENG,GK
3850,ellery balcombe,30,2024-2025,Ellery Balcombe,25.0,England,K
3851,ellery balcombe,30,2025-2026,Ellery Balcombe,26.0,England,K
3852,elliot anderson,44,2022-2023,Elliot Anderson,19.0,eng ENG,MF
3853,elliot anderson,44,2023-2024,Elliot Anderson,20.0,eng ENG,"MF,FW"
3854,elliot anderson,45,2024-2025,Elliot Anderson,21.0,eng ENG,MF
3855,elliot anderson,45,2025-2026,Elliot Anderson,23.0,England,M
3856,elliot thorpe,41,2023-2024,Elliot Thorpe,23.0,Wales,M
3857,ellis simms,35,2022-2023,Ellis Simms,21.0,eng ENG,FW
3858,ellyes skhiri,58,2023-2024,Ellyes Skhiri,28.0,tn TUN,MF
3859,ellyes skhiri,58,2024-2025,Ellyes Skhiri,29.0,tn TUN,MF
3860,ellyes skhiri,58,2025-2026,Ellyes Skhiri,30.0,Tunisia,M
3861,ellyes skhiri,65,2022-2023,Ellyes Skhiri,27.0,tn TUN,MF
3862,ellyes skhirifc,65,2022-2023,Ellyes SkhiriFC,,,
3863,eloge zabi,120,2024-2025,Eloge Zabi,17.0,ci CIV,MF
3864,elseid hysaj,88,2022-2023,Elseid Hysaj,28.0,al ALB,DF
3865,elseid hysaj,88,2023-2024,Elseid Hysaj,29.0,al ALB,DF
3866,elseid hysaj,88,2024-2025,Elseid Hysaj,30.0,al ALB,DF
3867,elseid hysaj,88,2025-2026,Elseid Hysaj,32.0,Albania,D
3868,elvis rexhbecaj,52,2022-2023,Elvis Rexhbeçaj,24.0,xk KVX,MF
3869,elvis rexhbecaj,52,2023-2024,Elvis Rexhbeçaj,25.0,xk KVX,MF
3870,elvis rexhbecaj,52,2024-2025,Elvis Rexhbeçaj,26.0,xk KVX,MF
3871,elvis rexhbecaj,52,2025-2026,Elvis Rexhbecaj,28.0,Kosovo,M
3872,elye wahi,58,2024-2025,Elye Wahi,21.0,ci CIV,FW
3873,elye wahi,58,2025-2026,Elye Wahi,22.0,France,F
3874,elye wahi,108,2023-2024,Elye Wahi,20.0,ci CIV,FW
3875,elye wahi,112,2024-2025,Elye Wahi,21.0,ci CIV,FW
3876,elye wahi,115,2022-2023,Elye Wahi,19.0,ci CIV,FW
3877,elye wahi,115,2023-2024,Elye Wahi,20.0,ci CIV,FW
3878,elye wahi,117,2025-2026,Elye Wahi,23.0,France,F
3879,elyh harrison,43,2024-2025,Elyh Harrison,18.0,eng ENG,GK
3880,elyh harrison,43,2025-2026,Elyh Harrison,19.0,England,K
3881,elysee logbo,107,2023-2024,Élysée Logbo,19.0,fr FRA,FW
3882,elysee logbo,107,2024-2025,Élysée Logbo,20.0,fr FRA,FW
3883,eman kospo,82,2025-2026,Eman Kospo,18.0,Bosnia-Herzegovina,D
3884,emanuel aiwu,80,2022-2023,Emanuel Aiwu,22.0,Austria,D
3885,emanuel aiwum,80,2022-2023,Emanuel Aiwum,21.0,at AUT,DF
3886,emanuel emegha,123,2023-2024,Emanuel Emegha,20.0,nl NED,FW
3887,emanuel emegha,123,2024-2025,Emanuel Emegha,21.0,nl NED,FW
3888,emanuel emegha,123,2025-2026,Emanuel Emegha,23.0,Netherlands,F
3889,emanuel vignato,77,2022-2023,Emanuel Vignato,21.0,it ITA,MF
3890,emanuel vignato,81,2022-2023,Emanuel Vignato,21.0,it ITA,MF
3891,emanuel vignato,95,2023-2024,Emanuel Vignato,22.0,it ITA,"MF,FW"
3892,emanuele elia,95,2023-2024,Emanuele Elia,18.0,it ITA,DF
3893,emanuele valeri,80,2022-2023,Emanuele Valeri,23.0,it ITA,"MF,DF"
3894,emanuele valeri,83,2023-2024,Emanuele Valeri,24.0,it ITA,"MF,DF"
3895,emanuele valeri,92,2024-2025,Emanuele Valeri,25.0,it ITA,"DF,MF"
3896,emanuele valeri,92,2025-2026,Emanuele Valeri,27.0,Italy,D
3897,emerson,49,2022-2023,Emerson,23.0,br BRA,"MF,DF"
3898,emerson,49,2023-2024,Emerson,24.0,br BRA,DF
3899,emerson,50,2022-2023,Emerson,28.0,Italy,D
3900,emerson,50,2023-2024,Emerson,29.0,Italy,D
3901,emerson,50,2024-2025,Emerson,30.0,Italy,D
3902,emerson,75,2024-2025,Emerson,25.0,br BRA,DF
3903,emerson,112,2025-2026,Emerson,31.0,Italy,D
3904,emerson palmieri,50,2022-2023,Emerson Palmieri,27.0,it ITA,"MF,DF"
3905,emerson palmieri,50,2023-2024,Emerson Palmieri,28.0,it ITA,DF
3906,emerson palmieri,50,2024-2025,Emerson Palmieri,29.0,it ITA,"DF,MF"
3907,emerson royal,49,2022-2023,Emerson Royal,,,
3908,emerson royal,49,2023-2024,Emerson Royal,,,
3909,emerson royalac,75,2024-2025,Emerson RoyalAC,,,
3910,emersonn,124,2025-2026,Emersonn,21.0,Brazil,F
3911,emi buendia,28,2022-2023,Emi Buendía,25.0,ar ARG,"MF,FW"
3912,emi buendia,28,2024-2025,Emi Buendía,27.0,ar ARG,"FW,MF"
3913,emi buendia,53,2024-2025,Emi Buendía,27.0,ar ARG,MF
3914,emil audero,79,2024-2025,Emil Audero,27.0,id IDN,GK
3915,emil audero,80,2025-2026,Emil Audero,29.0,Indonesia,K
3916,emil audero,86,2023-2024,Emil Audero,26.0,id IDN,GK
3917,emil audero,96,2022-2023,Emil Audero,25.0,id IDN,GK
3918,emil bohinen,84,2023-2024,Emil Bohinen,24.0,no NOR,MF
3919,emil bohinen,84,2024-2025,Emil Bohinen,25.0,no NOR,MF
3920,emil bohinen,95,2022-2023,Emil Bohinen,23.0,no NOR,MF
3921,emil bohinen,95,2023-2024,Emil Bohinen,24.0,no NOR,MF
3922,emil ceide,97,2022-2023,Emil Ceïde,20.0,no NOR,FW
3923,emil ceide,97,2023-2024,Emil Ceïde,21.0,no NOR,FW
3924,emil forsberg,68,2022-2023,Emil Forsberg,30.0,se SWE,"MF,FW"
3925,emil forsberg,68,2023-2024,Emil Forsberg,31.0,se SWE,MF
3926,emil gazdov,70,2025-2026,Emil Gazdov,22.0,Canada,K
3927,emil holm,76,2023-2024,Emil Holm,23.0,se SWE,MF
3928,emil holm,77,2024-2025,Emil Holm,24.0,se SWE,DF
3929,emil holm,77,2025-2026,Emil Holm,25.0,Sweden,D
3930,emil holm,87,2025-2026,Emil Holm,25.0,Sweden,D
3931,emil holm,98,2022-2023,Emil Holm,22.0,se SWE,MF
3932,emil konradsen ceide,97,2022-2023,Emil Konradsen Ceide,21.0,Norway,F
3933,emil konradsen ceide,97,2023-2024,Emil Konradsen Ceide,22.0,Norway,F
3934,emil kornvig,98,2022-2023,Emil Kornvig,22.0,dk DEN,MF
3935,emil krafth,44,2022-2023,Emil Krafth,27.0,se SWE,DF
3936,emil krafth,44,2023-2024,Emil Krafth,28.0,se SWE,DF
3937,emil krafth,44,2024-2025,Emil Krafth,29.0,se SWE,DF
3938,emil krafth,44,2025-2026,Emil Krafth,31.0,Sweden,D
3939,emil roback,75,2022-2023,Emil Roback,19.0,Sweden,F
3940,emil staugaard,70,2024-2025,Emil Staugaard,22.0,dk DEN,DF
3941,emile smith rowe,27,2022-2023,Emile Smith Rowe,22.0,eng ENG,MF
3942,emile smith rowe,27,2023-2024,Emile Smith Rowe,23.0,eng ENG,MF
3943,emile smith rowe,36,2024-2025,Emile Smith Rowe,24.0,eng ENG,MF
3944,emile smith rowe,36,2025-2026,Emile Smith Rowe,25.0,England,F
3945,emiliano buendia,28,2022-2023,Emiliano Buendía,26.0,Argentina,F
3946,emiliano buendia,28,2023-2024,Emiliano Buendía,27.0,Argentina,F
3947,emiliano buendia,28,2024-2025,Emiliano Buendía,28.0,Argentina,F
3948,emiliano buendia,28,2025-2026,Emiliano Buendía,29.0,Argentina,F
3949,emiliano buendia,53,2024-2025,Emiliano Buendía,28.0,Argentina,F
3950,emiliano marcondes,29,2022-2023,Emiliano Marcondes,27.0,dk DEN,"FW,MF"
3951,emiliano marcondes,29,2023-2024,Emiliano Marcondes,28.0,dk DEN,"FW,MF"
3952,emiliano martinez,28,2022-2023,Emiliano Martínez,29.0,ar ARG,GK
3953,emiliano martinez,28,2023-2024,Emiliano Martínez,30.0,ar ARG,GK
3954,emiliano martinez,28,2024-2025,Emiliano Martínez,31.0,ar ARG,GK
3955,emiliano martinez,28,2025-2026,Emiliano Martínez,33.0,Argentina,K
3956,emilio bernard,25,2022-2023,Emilio Bernard,22.0,es ESP,GK
3957,emilio lawrence,42,2025-2026,Emilio Lawrence,20.0,Scotland,F
3958,emir karic,57,2023-2024,Emir Karic,26.0,ba BIH,"MF,DF"
3959,emirhan ilkhan,96,2022-2023,Emirhan Ilkhan,18.0,tr TUR,MF
3960,emirhan ilkhan,99,2022-2023,Emirhan Ilkhan,18.0,tr TUR,MF
3961,emirhan ilkhan,99,2023-2024,Emirhan İlkhan,19.0,tr TUR,MF
3962,emirhan ilkhan,99,2024-2025,Emirhan İlkhan,20.0,tr TUR,MF
3963,emirhan ilkhan,99,2025-2026,Emirhan İlkhan,21.0,Turkey,M
3964,emmanuel agbadou,51,2024-2025,Emmanuel Agbadou,27.0,ci CIV,DF
3965,emmanuel agbadou,51,2025-2026,Emmanuel Agbadou,28.0,Cote d'Ivoire,D
3966,emmanuel agbadou,120,2022-2023,Emmanuel Agbadou,25.0,ci CIV,DF
3967,emmanuel agbadou,120,2023-2024,Emmanuel Agbadou,26.0,ci CIV,DF
3968,emmanuel agbadou,120,2024-2025,Emmanuel Agbadou,27.0,ci CIV,DF
3969,emmanuel amankwaa akurugu,10,2022-2023,Emmanuel Amankwaa Akurugu,20.0,gh GHA,DF
3970,emmanuel biumla,103,2024-2025,Emmanuel Biumla,19.0,fr FRA,DF
3971,emmanuel biumla,103,2025-2026,Emmanuel Biumla,20.0,France,D
3972,emmanuel dennis,45,2022-2023,Emmanuel Dennis,24.0,ng NGA,"MF,FW"
3973,emmanuel dennis,45,2024-2025,Emmanuel Dennis,27.0,Nigeria,F
3974,emmanuel ekong,81,2022-2023,Emmanuel Ekong,20.0,se SWE,FW
3975,emmanuel ekong,81,2023-2024,Emmanuel Ekong,21.0,se SWE,FW
3976,emmanuel ekong,81,2024-2025,Emmanuel Ekong,22.0,se SWE,FW
3977,emmanuel emegha,123,2023-2024,Emmanuel Emegha,,,
3978,emmanuel emegha,123,2024-2025,Emmanuel Emegha,,,
3979,emmanuel gyasi,81,2023-2024,Emmanuel Gyasi,29.0,gh GHA,MF
3980,emmanuel gyasi,81,2024-2025,Emmanuel Gyasi,30.0,gh GHA,MF
3981,emmanuel gyasi,98,2022-2023,Emmanuel Gyasi,28.0,gh GHA,"FW,MF"
3982,emmanuel koum mbondo,112,2024-2025,Emmanuel Koum Mbondo,18.0,fr FRA,FW
3983,emmanuel sabbi,107,2023-2024,Emmanuel Sabbi,25.0,us USA,"MF,FW"
3984,emmanuel sabbi,107,2024-2025,Emmanuel Sabbi,26.0,us USA,"MF,FW"
3985,emran soglo,112,2023-2024,Emran Soglo,18.0,fr FRA,MF
3986,emre can,56,2022-2023,Emre Can,28.0,de GER,MF
3987,emre can,56,2023-2024,Emre Can,29.0,de GER,MF
3988,emre can,56,2024-2025,Emre Can,30.0,de GER,"DF,MF"
3989,emre can,56,2025-2026,Emre Can,32.0,Germany,D
3990,endika bujan,3,2024-2025,Endika Bujan,21.0,es ESP,FW
3991,endri muhameti,76,2022-2023,Endri Muhameti,18.0,al ALB,MF
3992,endrick,20,2024-2025,Endrick,18.0,br BRA,FW
3993,endrick,20,2025-2026,Endrick,19.0,Brazil,F
3994,endrick,111,2025-2026,Endrick,19.0,Brazil,F
3995,endris scaramelli,90,2024-2025,Endris Scaramelli,17.0,it ITA,MF
3996,eneko ortiz,1,2023-2024,Eneko Ortiz,20.0,es ESP,MF
3997,eneko ortiz,1,2024-2025,Eneko Ortiz,21.0,es ESP,MF
3998,enes unal,10,2022-2023,Enes Ünal,25.0,tr TUR,FW
3999,enes unal,10,2023-2024,Enes Ünal,26.0,tr TUR,FW
4000,enes unal,29,2023-2024,Enes Ünal,26.0,tr TUR,FW
4001,enes unal,29,2024-2025,Enes Ünal,27.0,tr TUR,FW
4002,enes unal,29,2025-2026,Enes Ünal,28.0,Turkey,F
4003,eniss shabani,66,2022-2023,Eniss Shabani,19.0,al ALB,MF
4004,enock agyei,32,2023-2024,Enock Agyei,19.0,Belgium,F
4005,enock mwepu,31,2022-2023,Enock Mwepu,24.0,zm ZAM,"MF,FW"
4006,enric franquesa,14,2024-2025,Enric Franquesa,27.0,es ESP,"MF,DF"
4007,enric garcia,11,2024-2025,Enric García,18.0,es ESP,MF
4008,enrico del prato,92,2024-2025,Enrico Del Prato,24.0,it ITA,"DF,MF"
4009,enrico del prato,92,2025-2026,Enrico Del Prato,26.0,Italy,D
4010,enrico delprato,92,2024-2025,Enrico Delprato,,,
4011,enrique,19,2023-2024,Enrique,19.0,es ESP,MF
4012,enso gonzalez,51,2023-2024,Enso González,18.0,py PAR,FW
4013,enso gonzalez,51,2024-2025,Enso González,20.0,Paraguay,F
4014,enso gonzalez,51,2025-2026,Enso González,21.0,Paraguay,F
4015,enzo barrenechea,25,2024-2025,Enzo Barrenechea,23.0,ar ARG,MF
4016,enzo barrenechea,28,2024-2025,Enzo Barrenechea,23.0,Argentina,M
4017,enzo barrenechea,83,2023-2024,Enzo Barrenechea,22.0,ar ARG,MF
4018,enzo barrenechea,87,2022-2023,Enzo Barrenechea,21.0,ar ARG,MF
4019,enzo boyomo,17,2024-2025,Enzo Boyomo,22.0,cm CMR,DF
4020,enzo boyomo,17,2025-2026,Enzo Boyomo,24.0,Cameroon,D
4021,enzo boyomo,23,2024-2025,Enzo Boyomo,22.0,cm CMR,DF
4022,enzo caumont,103,2024-2025,Enzo Caumont,20.0,fr FRA,MF
4023,enzo ebosse,85,2025-2026,Enzo Ebosse,26.0,Cameroon,D
4024,enzo ebosse,99,2025-2026,Enzo Ebosse,26.0,Cameroon,D
4025,enzo ebosse,100,2022-2023,Enzo Ebosse,23.0,cm CMR,"DF,MF"
4026,enzo ebosse,100,2023-2024,Enzo Ebosse,24.0,cm CMR,DF
4027,enzo ebosse,100,2024-2025,Enzo Ebosse,25.0,cm CMR,DF
4028,enzo faty,124,2025-2026,Enzo Faty,18.0,France,F
4029,enzo fernandez,33,2022-2023,Enzo Fernández,21.0,ar ARG,MF
4030,enzo fernandez,33,2023-2024,Enzo Fernández,22.0,ar ARG,MF
4031,enzo fernandez,33,2024-2025,Enzo Fernández,23.0,ar ARG,MF
4032,enzo fernandez,33,2025-2026,Enzo Fernández,25.0,Argentina,M
4033,enzo le fee,48,2025-2026,Enzo Le Fée,26.0,France,M
4034,enzo le fee,94,2024-2025,Enzo Le Fée,24.0,fr FRA,MF
4035,enzo le fee,110,2022-2023,Enzo Le Fée,22.0,fr FRA,MF
4036,enzo le fee,121,2023-2024,Enzo Le Fée,23.0,fr FRA,MF
4037,enzo loiodice,13,2023-2024,Enzo Loiodice,22.0,fr FRA,MF
4038,enzo loiodice,13,2024-2025,Enzo Loiodice,23.0,fr FRA,MF
4039,enzo millot,71,2022-2023,Enzo Millot,20.0,fr FRA,MF
4040,enzo millot,71,2023-2024,Enzo Millot,21.0,fr FRA,MF
4041,enzo millot,71,2024-2025,Enzo Millot,22.0,fr FRA,MF
4042,enzo mongo,116,2023-2024,Enzo Mongo,18.0,fr FRA,DF
4043,enzo roco,8,2022-2023,Enzo Roco,29.0,cl CHI,DF
4044,enzo sternal,112,2024-2025,Enzo Sternal,17.0,fr FRA,FW
4045,enzo tchato,115,2022-2023,Enzo Tchato,19.0,cm CMR,DF
4046,enzo tchato,115,2023-2024,Enzo Tchato,20.0,cm CMR,DF
4047,enzo tchato,115,2024-2025,Enzo Tchato,21.0,cm CMR,"DF,MF"
4048,eray comert,23,2024-2025,Eray Cömert,26.0,ch SUI,"DF,MF"
4049,eray comert,25,2022-2023,Eray Cömert,24.0,ch SUI,DF
4050,eray comert,25,2025-2026,Eray Cömert,28.0,Switzerland,D
4051,eray comert,116,2023-2024,Eray Cömert,25.0,ch SUI,DF
4052,eren dinkci,59,2024-2025,Eren Dinkçi,22.0,de GER,MF
4053,eren dinkci,59,2025-2026,Eren Dinkçi,24.0,Turkey,F
4054,eren dinkci,61,2023-2024,Eren Dinkçi,21.0,de GER,MF
4055,eren dinkci,61,2025-2026,Eren Dinkçi,24.0,Turkey,F
4056,eren dinkci,73,2022-2023,Eren Dinkçi,20.0,de GER,MF
4057,eren dinkcifc,61,2023-2024,Eren DinkçiFC,,,
4058,erencan yardimci,63,2024-2025,Erencan Yardimci,22.0,tr TUR,FW
4059,erencan yardmc,63,2024-2025,Erencan Yardımcı,23.0,Turkey,F
4060,erhan masovic,55,2022-2023,Erhan Masovic,23.0,rs SRB,"DF,MF"
4061,erhan masovic,55,2023-2024,Erhan Masovic,24.0,rs SRB,"DF,MF"
4062,erhan masovic,55,2024-2025,Erhan Masovic,25.0,rs SRB,"DF,MF"
4063,eric bailly,21,2025-2026,Eric Bailly,31.0,Cote d'Ivoire,D
4064,eric bailly,26,2023-2024,Eric Bailly,29.0,ci CIV,DF
4065,eric bailly,26,2024-2025,Eric Bailly,30.0,ci CIV,DF
4066,eric bailly,112,2022-2023,Eric Bailly,28.0,ci CIV,DF
4067,eric choupo-moting,54,2022-2023,Eric Choupo-Moting,,,
4068,eric choupo-moting,54,2023-2024,Eric Choupo-Moting,,,
4069,eric curbelo,13,2023-2024,Eric Curbelo,29.0,es ESP,DF
4070,eric da silva moreira,45,2024-2025,Eric da Silva Moreira,18.0,de GER,DF
4071,eric da silva moreira,45,2025-2026,Eric da Silva Moreira,19.0,Germany,D
4072,eric dier,49,2022-2023,Eric Dier,28.0,eng ENG,DF
4073,eric dier,49,2023-2024,Eric Dier,29.0,eng ENG,DF
4074,eric dier,54,2023-2024,Eric Dier,29.0,eng ENG,DF
4075,eric dier,54,2024-2025,Eric Dier,30.0,eng ENG,DF
4076,eric dier,114,2025-2026,Eric Dier,32.0,England,D
4077,eric ebimbe,58,2022-2023,Éric Ebimbe,22.0,France,M
4078,eric ebimbe,58,2023-2024,Éric Ebimbe,23.0,France,M
4079,eric ebimbe,58,2024-2025,Éric Ebimbe,24.0,France,M
4080,eric ebimbe,105,2025-2026,Éric Ebimbe,25.0,Cameroon,M
4081,eric garcia,5,2022-2023,Eric García,21.0,es ESP,"DF,MF"
4082,eric garcia,5,2023-2024,Eric García,22.0,es ESP,"DF,MF"
4083,eric garcia,5,2024-2025,Eric García,23.0,es ESP,"DF,MF"
4084,eric garcia,5,2025-2026,Eric García,25.0,Spain,D
4085,eric garcia,11,2023-2024,Eric García,22.0,es ESP,DF
4086,eric martel,65,2022-2023,Eric Martel,20.0,de GER,MF
4087,eric martel,65,2023-2024,Eric Martel,21.0,de GER,MF
4088,eric martel,65,2025-2026,Eric Martel,23.0,Germany,M
4089,eric martelfc,65,2022-2023,Eric MartelFC,,,
4090,eric martelfc,65,2023-2024,Eric MartelFC,,,
4091,eric maxim choupo-moting,54,2022-2023,Eric Maxim Choupo-Moting,33.0,cm CMR,FW
4092,eric maxim choupo-moting,54,2023-2024,Eric Maxim Choupo-Moting,34.0,cm CMR,MF
4093,eric monjonell,11,2022-2023,Eric Monjonell,20.0,es ESP,DF
4094,eric monjonell,11,2023-2024,Eric Monjonell,21.0,es ESP,DF
4095,eric n'jo,125,2022-2023,Eric N'Jo,18.0,France,D
4096,eric oelschlagel,70,2024-2025,Eric Oelschlägel,28.0,de GER,GK
4097,eric smith,70,2024-2025,Eric Smith,27.0,se SWE,"DF,MF"
4098,eric smith,70,2025-2026,Eric Smith,29.0,Sweden,D
4099,erik ahlstrand,70,2024-2025,Erik Ahlstrand,22.0,se SWE,MF
4100,erik botheim,95,2022-2023,Erik Botheim,22.0,no NOR,"MF,FW"
4101,erik botheim,95,2023-2024,Erik Botheim,23.0,no NOR,"FW,MF"
4102,erik lamela,24,2022-2023,Érik Lamela,30.0,ar ARG,"MF,FW"
4103,erik lamela,24,2023-2024,Érik Lamela,31.0,ar ARG,MF
4104,erik palmer-brown,125,2022-2023,Erik Palmer-Brown,25.0,us USA,DF
4105,erling haaland,42,2022-2023,Erling Haaland,22.0,no NOR,"FW,MF"
4106,erling haaland,42,2023-2024,Erling Haaland,23.0,no NOR,"FW,MF"
4107,erling haaland,42,2024-2025,Erling Haaland,24.0,no NOR,FW
4108,erling haaland,42,2025-2026,Erling Haaland,25.0,Norway,F
4109,ermedin demirovic,52,2022-2023,Ermedin Demirovic,24.0,ba BIH,"FW,MF"
4110,ermedin demirovic,52,2023-2024,Ermedin Demirovic,25.0,ba BIH,"FW,MF"
4111,ermedin demirovic,71,2024-2025,Ermedin Demirovic,26.0,ba BIH,FW
4112,ermedin demirovic,71,2025-2026,Ermedin Demirovic,27.0,Bosnia-Herzegovina,F
4113,ermin bicakcic,63,2022-2023,Ermin Bicakcic,32.0,ba BIH,DF
4114,ernest nuamah,111,2023-2024,Ernest Nuamah,19.0,gh GHA,"FW,MF"
4115,ernest nuamah,111,2024-2025,Ernest Nuamah,20.0,gh GHA,"MF,FW"
4116,ernest nuamah,111,2025-2026,Ernest Nuamah,22.0,Ghana,F
4117,ernest poku,53,2025-2026,Ernest Poku,22.0,Netherlands,F
4118,ernestas lysionok,84,2025-2026,Ernestas Lysionok,18.0,Lithuania,K
4119,eros maddy,104,2024-2025,Eros Maddy,23.0,nl NED,"FW,MF"
4120,estanis,5,2022-2023,Estanis,18.0,es ESP,FW
4121,estanis,77,2024-2025,Estanis,20.0,es ESP,FW
4122,estanis pedrola,77,2024-2025,Estanis Pedrola,21.0,Spain,F
4123,esteban lepaul,103,2024-2025,Estéban Lepaul,24.0,fr FRA,FW
4124,esteban lepaul,121,2025-2026,Estéban Lepaul,25.0,France,F
4125,esteban saveljich,18,2022-2023,Esteban Saveljich,31.0,me MNE,DF
4126,estevao,33,2025-2026,Estêvão,18.0,Brazil,F
4127,ethan ampadu,33,2022-2023,Ethan Ampadu,21.0,wls WAL,"DF,MF"
4128,ethan ampadu,38,2025-2026,Ethan Ampadu,25.0,Wales,M
4129,ethan ampadu,98,2022-2023,Ethan Ampadu,21.0,wls WAL,"DF,MF"
4130,ethan brierley,30,2023-2024,Ethan Brierley,19.0,eng ENG,MF
4131,ethan brierley,30,2025-2026,Ethan Brierley,21.0,England,M
4132,ethan ennis,43,2025-2026,Ethan Ennis,20.0,England,F
4133,ethan horvath,45,2023-2024,Ethan Horvath,28.0,us USA,GK
4134,ethan mbappe,109,2024-2025,Ethan Mbappé,17.0,fr FRA,MF
4135,ethan mbappe,109,2025-2026,Ethan Mbappé,19.0,France,F
4136,ethan mbappe,119,2023-2024,Ethan Mbappé,16.0,fr FRA,MF
4137,ethan nwaneri,27,2022-2023,Ethan Nwaneri,15.0,eng ENG,MF
4138,ethan nwaneri,27,2023-2024,Ethan Nwaneri,16.0,eng ENG,MF
4139,ethan nwaneri,27,2024-2025,Ethan Nwaneri,17.0,eng ENG,"FW,MF"
4140,ethan nwaneri,27,2025-2026,Ethan Nwaneri,18.0,England,F
4141,ethan nwaneri,112,2025-2026,Ethan Nwaneri,18.0,England,F
4142,ethan pinnock,30,2022-2023,Ethan Pinnock,29.0,jm JAM,DF
4143,ethan pinnock,30,2023-2024,Ethan Pinnock,30.0,jm JAM,DF
4144,ethan pinnock,30,2024-2025,Ethan Pinnock,31.0,jm JAM,DF
4145,ethan pinnock,30,2025-2026,Ethan Pinnock,32.0,Jamaica,D
4146,ethan wady,33,2022-2023,Ethan Wady,20.0,eng ENG,GK
4147,ethan wheatley,43,2023-2024,Ethan Wheatley,17.0,eng ENG,FW
4148,ethan wheatley,43,2024-2025,Ethan Wheatley,18.0,eng ENG,FW
4149,ethan wheatley,43,2025-2026,Ethan Wheatley,19.0,England,F
4150,ethan williams,43,2025-2026,Ethan Williams,19.0,England,F
4151,etienne camara,100,2023-2024,Etienne Camara,20.0,fr FRA,MF
4152,etienne capoue,26,2022-2023,Étienne Capoue,34.0,fr FRA,MF
4153,etienne capoue,26,2023-2024,Étienne Capoue,35.0,fr FRA,MF
4154,etienne eto'o,18,2024-2025,Etienne Eto'o,21.0,cm CMR,FW
4155,etienne eto'o pineda,18,2024-2025,Etienne Eto'o Pineda,,,
4156,etienne youte,107,2023-2024,Étienne Youté,,,
4157,etienne youte,107,2024-2025,Étienne Youté,,,
4158,etienne youte kinkoue,107,2023-2024,Etienne Youte Kinkoue,21.0,fr FRA,DF
4159,etienne youte kinkoue,107,2024-2025,Etienne Youte Kinkoue,22.0,fr FRA,DF
4160,etienne youte kinkoue,107,2025-2026,Étienne Youté Kinkoué,24.0,France,D
4161,etrit berisha,81,2023-2024,Etrit Berisha,34.0,al ALB,GK
4162,etrit berisha,99,2022-2023,Etrit Berisha,33.0,al ALB,GK
4163,euan pollock,29,2022-2023,Euan Pollock,19.0,eng ENG,FW
4164,eugenio lamanna,90,2022-2023,Eugenio Lamanna,33.0,Italy,K
4165,eugenio lamanna,90,2023-2024,Eugenio Lamanna,33.0,it ITA,GK
4166,evan ferguson,31,2022-2023,Evan Ferguson,17.0,ie IRL,FW
4167,evan ferguson,31,2023-2024,Evan Ferguson,18.0,ie IRL,FW
4168,evan ferguson,31,2024-2025,Evan Ferguson,19.0,ie IRL,FW
4169,evan ferguson,50,2024-2025,Evan Ferguson,19.0,ie IRL,FW
4170,evan ferguson,94,2025-2026,Evan Ferguson,21.0,Ireland,F
4171,evan n'dicka,58,2022-2023,Evan N'Dicka,23.0,France,D
4172,evan n'dicka,94,2023-2024,Evan N'Dicka,24.0,Cote d'Ivoire,D
4173,evan n'dicka,94,2024-2025,Evan N'Dicka,25.0,Cote d'Ivoire,D
4174,evan n'dicka,94,2025-2026,Evan N'Dicka,26.0,Cote d'Ivoire,D
4175,evan ndicka,58,2022-2023,Evan Ndicka,,,
4176,evan ndicka,94,2023-2024,Evan Ndicka,,,
4177,evan ndicka,94,2024-2025,Evan Ndicka,,,
4178,evanilson,29,2024-2025,Evanilson,24.0,br BRA,FW
4179,evanilson,29,2025-2026,Evanilson,26.0,Brazil,F
4180,evann guessand,28,2025-2026,Evann Guessand,24.0,Cote d'Ivoire,F
4181,evann guessand,34,2025-2026,Evann Guessand,24.0,Cote d'Ivoire,F
4182,evann guessand,116,2022-2023,Evann Guessand,21.0,ci CIV,"MF,FW"
4183,evann guessand,117,2023-2024,Evann Guessand,22.0,ci CIV,FW
4184,evann guessand,117,2024-2025,Evann Guessand,23.0,ci CIV,"MF,FW"
4185,exequiel palacios,53,2022-2023,Exequiel Palacios,23.0,ar ARG,MF
4186,exequiel palacios,53,2023-2024,Exequiel Palacios,24.0,ar ARG,MF
4187,exequiel palacios,53,2024-2025,Exequiel Palacios,25.0,ar ARG,MF
4188,exequiel palacios,53,2025-2026,Exequiel Palacios,27.0,Argentina,M
4189,ezechiel banzuzi,68,2025-2026,Ezechiel Banzuzi,20.0,Netherlands,M
4190,ezequiel avila,17,2022-2023,Ezequiel Ávila,28.0,ar ARG,"FW,MF"
4191,ezequiel avila,17,2023-2024,Ezequiel Ávila,29.0,ar ARG,"FW,MF"
4192,ezequiel avila,19,2023-2024,Ezequiel Ávila,29.0,ar ARG,"MF,FW"
4193,ezequiel avila,19,2024-2025,Ezequiel Ávila,30.0,ar ARG,"MF,FW"
4194,ezequiel fernandez,53,2025-2026,Ezequiel Fernández,23.0,Argentina,M
4195,ezequiel ponce,8,2022-2023,Ezequiel Ponce,25.0,ar ARG,"FW,MF"
4196,ezra mayers,50,2024-2025,Ezra Mayers,17.0,bb BRB,DF
4197,ezra mayers,50,2025-2026,Ezra Mayers,19.0,England,D
4198,ezri konsa,28,2022-2023,Ezri Konsa,24.0,eng ENG,DF
4199,ezri konsa,28,2023-2024,Ezri Konsa,25.0,eng ENG,DF
4200,ezri konsa,28,2024-2025,Ezri Konsa,26.0,eng ENG,DF
4201,ezri konsa,28,2025-2026,Ezri Konsa,28.0,England,D
4202,fabian bredlow,71,2022-2023,Fabian Bredlow,27.0,de GER,GK
4203,fabian bredlow,71,2023-2024,Fabian Bredlow,28.0,de GER,GK
4204,fabian bredlow,71,2024-2025,Fabian Bredlow,29.0,de GER,GK
4205,fabian bredlow,71,2025-2026,Fabian Bredlow,30.0,Germany,K
4206,fabian holland,57,2023-2024,Fabian Holland,33.0,de GER,"MF,DF"
4207,fabian mrozek,40,2023-2024,Fabian Mrozek,19.0,pl POL,GK
4208,fabian nurnberger,57,2023-2024,Fabian Nürnberger,24.0,bg BUL,MF
4209,fabian rieder,52,2025-2026,Fabian Rieder,23.0,Switzerland,F
4210,fabian rieder,71,2024-2025,Fabian Rieder,22.0,ch SUI,MF
4211,fabian rieder,121,2023-2024,Fabian Rieder,21.0,ch SUI,MF
4212,fabian rudlin,59,2023-2024,Fabian Rüdlin,26.0,de GER,MF
4213,fabian ruiz,119,2022-2023,Fabián Ruiz,26.0,Spain,M
4214,fabian ruiz,119,2023-2024,Fabián Ruiz,27.0,Spain,M
4215,fabian ruiz,119,2024-2025,Fabián Ruiz,28.0,Spain,M
4216,fabian ruiz,119,2025-2026,Fabián Ruiz,29.0,Spain,M
4217,fabian ruiz pena,119,2022-2023,Fabián Ruiz Peña,26.0,es ESP,MF
4218,fabian ruiz pena,119,2023-2024,Fabián Ruiz Peña,27.0,es ESP,MF
4219,fabian ruiz pena,119,2024-2025,Fabián Ruiz Peña,28.0,es ESP,MF
4220,fabian schar,44,2022-2023,Fabian Schär,30.0,ch SUI,DF
4221,fabian schar,44,2023-2024,Fabian Schär,31.0,ch SUI,DF
4222,fabian schar,44,2024-2025,Fabian Schär,32.0,ch SUI,DF
4223,fabian schar,44,2025-2026,Fabian Schär,34.0,Switzerland,D
4224,fabian schnellhardt,57,2023-2024,Fabian Schnellhardt,29.0,de GER,MF
4225,fabiano parisi,81,2022-2023,Fabiano Parisi,21.0,it ITA,DF
4226,fabiano parisi,82,2023-2024,Fabiano Parisi,22.0,it ITA,DF
4227,fabiano parisi,82,2024-2025,Fabiano Parisi,23.0,it ITA,"MF,DF"
4228,fabiano parisi,82,2025-2026,Fabiano Parisi,25.0,Italy,D
4229,fabien centonze,85,2023-2024,Fabien Centonze,27.0,fr FRA,DF
4230,fabien centonze,116,2022-2023,Fabien Centonze,26.0,fr FRA,"DF,MF"
4231,fabien centonze,116,2023-2024,Fabien Centonze,27.0,fr FRA,MF
4232,fabien centonze,116,2024-2025,Fabien Centonze,28.0,fr FRA,DF
4233,fabien centonze,116,2025-2026,Fabien Centonze,30.0,France,D
4234,fabinho,40,2022-2023,Fabinho,28.0,br BRA,MF
4235,fabio,116,2022-2023,Fábio,32.0,br BRA,"DF,MF"
4236,fabio balde,60,2025-2026,Fábio Baldé,20.0,Portugal,F
4237,fabio cardoso,24,2025-2026,Fábio Cardoso,31.0,Portugal,D
4238,fabio carvalho,30,2024-2025,Fábio Carvalho,21.0,pt POR,"FW,MF"
4239,fabio carvalho,30,2025-2026,Fábio Carvalho,23.0,Portugal,F
4240,fabio carvalho,40,2022-2023,Fábio Carvalho,19.0,pt POR,"MF,FW"
4241,fabio carvalho,68,2023-2024,Fábio Carvalho,20.0,pt POR,MF
4242,fabio chiarodia,67,2023-2024,Fabio Chiarodia,18.0,it ITA,DF
4243,fabio chiarodia,67,2024-2025,Fabio Chiarodia,19.0,it ITA,DF
4244,fabio chiarodia,67,2025-2026,Fabio Chiarodia,20.0,Italy,D
4245,fabio chiarodia,73,2022-2023,Fabio Chiarodia,17.0,it ITA,DF
4246,fabio chiarodiaborussia m.,67,2023-2024,Fabio ChiarodiaBorussia M.,,,
4247,fabio chiarodiaborussia m.,67,2024-2025,Fabio ChiarodiaBorussia M.,,,
4248,fabio depaoli,85,2022-2023,Fabio Depaoli,25.0,it ITA,MF
4249,fabio depaoli,96,2022-2023,Fabio Depaoli,25.0,it ITA,DF
4250,fabio gonzalez,13,2023-2024,Fabio González,26.0,es ESP,MF
4251,fabio gonzalez,13,2024-2025,Fabio González,27.0,es ESP,MF
4252,fabio miretti,84,2024-2025,Fabio Miretti,20.0,it ITA,MF
4253,fabio miretti,87,2022-2023,Fabio Miretti,18.0,it ITA,"MF,FW"
4254,fabio miretti,87,2023-2024,Fabio Miretti,19.0,it ITA,MF
4255,fabio miretti,87,2025-2026,Fabio Miretti,22.0,Italy,M
4256,fabio moreno fell,66,2025-2026,Fabio Moreno Fell,25.0,Spain,F
4257,fabio quagliarella,96,2022-2023,Fabio Quagliarella,39.0,it ITA,FW
4258,fabio ruggeri,88,2022-2023,Fabio Ruggeri,17.0,it ITA,DF
4259,fabio ruggeri,88,2023-2024,Fabio Ruggeri,18.0,it ITA,DF
4260,fabio silva,13,2024-2025,Fábio Silva,22.0,pt POR,FW
4261,fabio silva,51,2023-2024,Fábio Silva,21.0,pt POR,FW
4262,fabio silva,51,2024-2025,Fábio Silva,22.0,Portugal,F
4263,fabio silva,56,2025-2026,Fábio Silva,23.0,Portugal,F
4264,fabio torsiello,57,2023-2024,Fabio Torsiello,18.0,it ITA,FW
4265,fabio vieira,27,2022-2023,Fábio Vieira,22.0,pt POR,MF
4266,fabio vieira,27,2023-2024,Fábio Vieira,23.0,pt POR,MF
4267,fabio vieira,60,2025-2026,Fábio Vieira,25.0,Portugal,F
4268,fabrizio angileri,10,2022-2023,Fabrizio Angileri,28.0,ar ARG,DF
4269,fabrizio angileri,10,2023-2024,Fabrizio Angileri,29.0,ar ARG,DF
4270,facundo buonanotte,31,2022-2023,Facundo Buonanotte,17.0,ar ARG,MF
4271,facundo buonanotte,31,2023-2024,Facundo Buonanotte,18.0,ar ARG,"MF,FW"
4272,facundo buonanotte,33,2025-2026,Facundo Buonanotte,21.0,Argentina,F
4273,facundo buonanotte,38,2025-2026,Facundo Buonanotte,21.0,Argentina,F
4274,facundo buonanotte,39,2024-2025,Facundo Buonanotte,19.0,ar ARG,"MF,FW"
4275,facundo esnaider,10,2023-2024,Facundo Esnáider,21.0,es ESP,MF
4276,facundo garces,1,2024-2025,Facundo Garcés,24.0,my MAS,DF
4277,facundo garces,1,2025-2026,Facundo Garcés,26.0,Malaysia,D
4278,facundo medina,108,2022-2023,Facundo Medina,23.0,ar ARG,DF
4279,facundo medina,108,2023-2024,Facundo Medina,24.0,ar ARG,DF
4280,facundo medina,108,2024-2025,Facundo Medina,25.0,ar ARG,DF
4281,facundo medina,112,2025-2026,Facundo Medina,26.0,Argentina,D
4282,facundo pellistri,12,2023-2024,Facundo Pellistri,21.0,uy URU,"MF,FW"
4283,facundo pellistri,43,2022-2023,Facundo Pellistri,20.0,uy URU,"FW,MF"
4284,facundo pellistri,43,2023-2024,Facundo Pellistri,21.0,uy URU,MF
4285,faik sakar,68,2024-2025,Faik Sakar,16.0,de GER,MF
4286,faitout maouassa,12,2023-2024,Faitout Maouassa,25.0,fr FRA,DF
4287,faitout maouassa,108,2023-2024,Faitout Maouassa,25.0,fr FRA,MF
4288,faitout maouassa,115,2022-2023,Faitout Maouassa,24.0,fr FRA,"MF,DF"
4289,falaye sacko,115,2022-2023,Falaye Sacko,27.0,ml MLI,DF
4290,falaye sacko,115,2023-2024,Falaye Sacko,28.0,ml MLI,DF
4291,falaye sacko,115,2024-2025,Falaye Sacko,29.0,ml MLI,DF
4292,falcao,18,2022-2023,Falcao,36.0,Colombia,F
4293,falcao,18,2023-2024,Falcao,37.0,Colombia,F
4294,fali,6,2022-2023,Fali,28.0,es ESP,"DF,MF"
4295,fali,6,2023-2024,Fali,29.0,es ESP,DF
4296,fali cande,97,2025-2026,Fali Candé,28.0,Guinea-Bissau,D
4297,fali cande,101,2024-2025,Fali Candé,26.0,gw GNB,DF
4298,fali cande,113,2023-2024,Fali Candé,25.0,gw GNB,DF
4299,fallou cham,85,2025-2026,Fallou Cham,19.0,The Gambia,D
4300,fallou fall,120,2022-2023,Fallou Fall,18.0,sn SEN,DF
4301,fallou sene,82,2023-2024,Fallou Sene,18.0,sn SEN,FW
4302,famara diedhiou,12,2023-2024,Famara Diédhiou,30.0,sn SEN,FW
4303,faouzi ghoulam,103,2022-2023,Faouzi Ghoulam,31.0,dz ALG,DF
4304,fares chaibi,58,2023-2024,Farès Chaïbi,20.0,dz ALG,"MF,FW"
4305,fares chaibi,58,2024-2025,Farès Chaïbi,21.0,dz ALG,MF
4306,fares chaibi,58,2025-2026,Farès Chaïbi,23.0,Algeria,M
4307,fares chaibi,124,2022-2023,Farès Chaïbi,19.0,dz ALG,"MF,FW"
4308,fares chaibi,124,2023-2024,Farès Chaïbi,20.0,dz ALG,"FW,MF"
4309,fares ghedjemis,83,2023-2024,Farès Ghedjemis,20.0,dz ALG,FW
4310,farid el melali,103,2022-2023,Farid El Melali,25.0,dz ALG,"DF,MF"
4311,farid el melali,103,2024-2025,Farid El Melali,27.0,dz ALG,"MF,FW"
4312,faride alidou,58,2022-2023,Faride Alidou,21.0,de GER,FW
4313,faride alidou,65,2023-2024,Faride Alidou,22.0,de GER,"MF,FW"
4314,faride alidou,85,2024-2025,Faride Alidou,23.0,de GER,FW
4315,faride alidoufc,65,2023-2024,Faride AlidouFC,,,
4316,faris moumbagna,80,2025-2026,Faris Moumbagna,25.0,Cameroon,F
4317,faris moumbagna,112,2023-2024,Faris Moumbagna,23.0,Cameroon,F
4318,faris moumbagna,112,2024-2025,Faris Moumbagna,24.0,Cameroon,F
4319,faris pemi moumbagna,112,2023-2024,Faris Pemi Moumbagna,23.0,cm CMR,FW
4320,faris pemi moumbagna,112,2024-2025,Faris Pemi Moumbagna,24.0,cm CMR,FW
4321,faroukou cisse,84,2023-2024,Faroukou Cissé,19.0,de GER,DF
4322,faustino anjorin,81,2024-2025,Faustino Anjorin,22.0,eng ENG,MF
4323,fayssal harchaoui,65,2025-2026,Fayssal Harchaoui,20.0,Germany,M
4324,fede san emeterio,6,2022-2023,Fede San Emeterio,25.0,es ESP,MF
4325,fede san emeterio,6,2023-2024,Fede San Emeterio,26.0,es ESP,MF
4326,federico accornero,84,2024-2025,Federico Accornero,20.0,it ITA,MF
4327,federico barba,79,2024-2025,Federico Barba,30.0,it ITA,DF
4328,federico baschirotto,80,2025-2026,Federico Baschirotto,29.0,Italy,D
4329,federico baschirotto,89,2022-2023,Federico Baschirotto,25.0,it ITA,DF
4330,federico baschirotto,89,2023-2024,Federico Baschirotto,26.0,it ITA,DF
4331,federico baschirotto,89,2024-2025,Federico Baschirotto,27.0,it ITA,DF
4332,federico bernardeschi,77,2025-2026,Federico Bernardeschi,31.0,Italy,F
4333,federico bonazzoli,80,2025-2026,Federico Bonazzoli,28.0,Italy,F
4334,federico bonazzoli,85,2023-2024,Federico Bonazzoli,26.0,it ITA,FW
4335,federico bonazzoli,95,2022-2023,Federico Bonazzoli,25.0,it ITA,FW
4336,federico brancolini,81,2024-2025,Federico Brancolini,23.0,it ITA,GK
4337,federico brancolini,89,2022-2023,Federico Brancolini,21.0,it ITA,GK
4338,federico brancolini,89,2023-2024,Federico Brancolini,22.0,it ITA,GK
4339,federico caia,85,2022-2023,Federico Caia,19.0,it ITA,FW
4340,federico cassa,76,2024-2025,Federico Cassa,18.0,it ITA,MF
4341,federico ceccherini,80,2025-2026,Federico Ceccherini,33.0,Italy,D
4342,federico ceccherini,85,2022-2023,Federico Ceccherini,30.0,it ITA,DF
4343,federico chiesa,40,2024-2025,Federico Chiesa,26.0,it ITA,FW
4344,federico chiesa,40,2025-2026,Federico Chiesa,28.0,Italy,F
4345,federico chiesa,87,2022-2023,Federico Chiesa,24.0,it ITA,"MF,FW"
4346,federico chiesa,87,2023-2024,Federico Chiesa,25.0,it ITA,FW
4347,federico chinetti,79,2024-2025,Federico Chinetti,19.0,it ITA,FW
4348,federico di francesco,89,2022-2023,Federico Di Francesco,28.0,it ITA,"FW,MF"
4349,federico di francesco,89,2023-2024,Federico Di Francesco,29.0,it ITA,"FW,MF"
4350,federico dimarco,86,2022-2023,Federico Dimarco,24.0,it ITA,"MF,DF"
4351,federico dimarco,86,2023-2024,Federico Dimarco,25.0,it ITA,MF
4352,federico dimarco,86,2024-2025,Federico Dimarco,26.0,it ITA,MF
4353,federico dimarco,86,2025-2026,Federico Dimarco,28.0,Italy,D
4354,federico fazio,95,2022-2023,Federico Fazio,35.0,ar ARG,DF
4355,federico fazio,95,2023-2024,Federico Fazio,36.0,ar ARG,DF
4356,federico fernandez,8,2022-2023,Federico Fernández,33.0,ar ARG,DF
4357,federico gatti,87,2022-2023,Federico Gatti,24.0,it ITA,DF
4358,federico gatti,87,2023-2024,Federico Gatti,25.0,it ITA,DF
4359,federico gatti,87,2024-2025,Federico Gatti,26.0,it ITA,DF
4360,federico gatti,87,2025-2026,Federico Gatti,27.0,Italy,D
4361,federico gattoni,24,2023-2024,Federico Gattoni,24.0,ar ARG,DF
4362,federico gattoni,24,2025-2026,Federico Gattoni,26.0,Argentina,D
4363,federico magro,85,2024-2025,Federico Magro,19.0,it ITA,GK
4364,federico magro,88,2022-2023,Federico Magro,17.0,it ITA,GK
4365,federico marchetti,98,2022-2023,Federico Marchetti,39.0,it ITA,GK
4366,federico mosca,100,2023-2024,Federico Mosca,17.0,it ITA,GK
4367,federico nardin,94,2024-2025,Federico Nardin,17.0,it ITA,DF
4368,federico ravaglia,77,2022-2023,Federico Ravaglia,22.0,it ITA,GK
4369,federico ravaglia,77,2023-2024,Federico Ravaglia,23.0,it ITA,GK
4370,federico ravaglia,77,2024-2025,Federico Ravaglia,24.0,it ITA,GK
4371,federico ravaglia,77,2025-2026,Federico Ravaglia,26.0,Italy,K
4372,federico redondo,8,2025-2026,Federico Redondo,23.0,Argentina,M
4373,federico san emeterio,6,2022-2023,Federico San Emeterio,,,
4374,federico san emeterio,6,2023-2024,Federico San Emeterio,,,
4375,federico steffanoni,76,2024-2025,Federico Steffanoni,15.0,it ITA,MF
4376,federico valverde,20,2022-2023,Federico Valverde,24.0,uy URU,"MF,FW"
4377,federico valverde,20,2023-2024,Federico Valverde,25.0,uy URU,MF
4378,federico valverde,20,2024-2025,Federico Valverde,26.0,uy URU,"MF,DF"
4379,federico valverde,20,2025-2026,Federico Valverde,27.0,Uruguay,M
4380,federico vinas,21,2025-2026,Federico Viñas,27.0,Uruguay,F
4381,federico zorzi,96,2022-2023,Federico Zorzi,18.0,it ITA,GK
4382,felipe,4,2022-2023,Felipe,33.0,br BRA,DF
4383,felipe,45,2022-2023,Felipe,33.0,br BRA,DF
4384,felipe,45,2023-2024,Felipe,34.0,br BRA,DF
4385,felipe anderson,88,2022-2023,Felipe Anderson,29.0,br BRA,FW
4386,felipe anderson,88,2023-2024,Felipe Anderson,30.0,br BRA,"FW,MF"
4387,felipe chavez,65,2025-2026,Felipe Chávez,18.0,Peru,M
4388,felipe loyola,93,2025-2026,Felipe Loyola,25.0,Chile,M
4389,felix afena-gyan,80,2022-2023,Felix Afena-Gyan,19.0,gh GHA,"FW,MF"
4390,felix afena-gyan,94,2022-2023,Felix Afena-Gyan,19.0,gh GHA,FW
4391,felix agu,73,2022-2023,Felix Agu,22.0,ng NGA,"DF,MF"
4392,felix agu,73,2023-2024,Felix Agu,23.0,ng NGA,MF
4393,felix agu,73,2024-2025,Felix Agu,24.0,ng NGA,MF
4394,felix agu,73,2025-2026,Felix Agu,26.0,Nigeria,D
4395,felix correia,109,2025-2026,Félix Correia,25.0,Portugal,F
4396,felix garreta,19,2022-2023,Félix Garreta,18.0,es ESP,DF
4397,felix gotze,52,2022-2023,Felix Götze,24.0,de GER,"DF,MF"
4398,felix lemarechal,105,2022-2023,Félix Lemaréchal,18.0,fr FRA,MF
4399,felix lemarechal,123,2024-2025,Félix Lemaréchal,20.0,fr FRA,"MF,FW"
4400,felix mambimbi,107,2025-2026,Felix Mambimbi,25.0,Switzerland,F
4401,felix meiser,52,2024-2025,Felix Meiser,17.0,de GER,DF
4402,felix meiser,52,2025-2026,Felix Meiser,19.0,Germany,D
4403,felix nmecha,56,2023-2024,Felix Nmecha,22.0,de GER,MF
4404,felix nmecha,56,2024-2025,Felix Nmecha,23.0,de GER,MF
4405,felix nmecha,56,2025-2026,Felix Nmecha,25.0,Germany,M
4406,felix nmecha,74,2022-2023,Felix Nmecha,21.0,de GER,MF
4407,felix passlack,55,2023-2024,Felix Passlack,25.0,de GER,"DF,MF"
4408,felix passlack,55,2024-2025,Felix Passlack,26.0,de GER,"MF,DF"
4409,felix passlack,56,2022-2023,Felix Passlack,24.0,de GER,"DF,MF"
4410,felix uduokhai,52,2022-2023,Felix Uduokhai,25.0,Germany,D
4411,felix uduokhai,52,2023-2024,Felix Uduokhai,26.0,Germany,D
4412,fellipe jack,79,2024-2025,Fellipe Jack,18.0,br BRA,DF
4413,fellipe jack ozilio moreira pacheco,79,2024-2025,Fellipe Jack Ozilio Moreira Pacheco,,,
4414,femi seriki,46,2023-2024,Femi Seriki,21.0,eng ENG,DF
4415,fer lopez,7,2024-2025,Fer López,20.0,es ESP,"FW,MF"
4416,fer lopez,7,2025-2026,Fer López,21.0,Spain,F
4417,fer lopez,51,2025-2026,Fer López,21.0,Spain,F
4418,fer nino,26,2022-2023,Fer Niño,,,
4419,ferdi kadioglu,31,2024-2025,Ferdi Kadioglu,24.0,tr TUR,"DF,MF"
4420,ferdi kadoglu,31,2024-2025,Ferdi Kadıoğlu,25.0,Turkey,D
4421,ferdi kadoglu,31,2025-2026,Ferdi Kadıoğlu,26.0,Turkey,D
4422,ferland mendy,20,2022-2023,Ferland Mendy,27.0,fr FRA,DF
4423,ferland mendy,20,2023-2024,Ferland Mendy,28.0,fr FRA,DF
4424,ferland mendy,20,2024-2025,Ferland Mendy,29.0,fr FRA,DF
4425,ferland mendy,20,2025-2026,Ferland Mendy,30.0,France,D
4426,fermin lopez,5,2023-2024,Fermín López,20.0,es ESP,"MF,FW"
4427,fermin lopez,5,2024-2025,Fermín López,21.0,es ESP,MF
4428,fermin lopez,5,2025-2026,Fermín López,22.0,Spain,F
4429,fernand mayembo,102,2022-2023,Fernand Mayembo,26.0,cg CGO,DF
4430,fernand mayemboac,102,2022-2023,Fernand MayemboAC,,,
4431,fernando,2,2022-2023,Fernando,32.0,es ESP,GK
4432,fernando,2,2023-2024,Fernando,33.0,es ESP,GK
4433,fernando,24,2022-2023,Fernando,35.0,br BRA,"MF,DF"
4434,fernando,24,2023-2024,Fernando,36.0,br BRA,MF
4435,fernando calero,9,2022-2023,Fernando Calero,26.0,es ESP,"DF,MF"
4436,fernando calero,9,2024-2025,Fernando Calero,28.0,es ESP,DF
4437,fernando calero,9,2025-2026,Fernando Calero,30.0,Spain,D
4438,fernando dickes,60,2025-2026,Fernando Dickes,18.0,Germany,K
4439,fernando martinez,2,2022-2023,Fernando Martínez,32.0,Spain,K
4440,fernando martinez,2,2023-2024,Fernando Martínez,33.0,Spain,K
4441,fernando medrano,7,2022-2023,Fernando Medrano,22.0,es ESP,DF
4442,fernando nino,26,2022-2023,Fernando Niño,21.0,es ESP,FW
4443,fernando pacheco,2,2022-2023,Fernando Pacheco,30.0,es ESP,GK
4444,fernando pacheco,9,2022-2023,Fernando Pacheco,30.0,es ESP,GK
4445,fernando pacheco,9,2024-2025,Fernando Pacheco,32.0,es ESP,GK
4446,ferran jutgla,7,2025-2026,Ferran Jutglà,27.0,Spain,F
4447,ferran ruiz,11,2024-2025,Ferrán Ruiz,21.0,es ESP,DF
4448,ferran torres,5,2022-2023,Ferran Torres,22.0,es ESP,FW
4449,ferran torres,5,2023-2024,Ferran Torres,23.0,es ESP,FW
4450,ferran torres,5,2024-2025,Ferran Torres,24.0,es ESP,"FW,MF"
4451,ferran torres,5,2025-2026,Ferran Torres,25.0,Spain,F
4452,festy ebosele,100,2022-2023,Festy Ebosele,19.0,ie IRL,MF
4453,festy ebosele,100,2023-2024,Festy Ebosele,20.0,ie IRL,MF
4454,festy ebosele,100,2024-2025,Festy Ebosele,21.0,ie IRL,"DF,MF"
4455,fidel,8,2022-2023,Fidel,32.0,es ESP,"MF,FW"
4456,fiete arp,64,2024-2025,Fiete Arp,25.0,Germany,F
4457,fikayo tomori,75,2022-2023,Fikayo Tomori,24.0,eng ENG,DF
4458,fikayo tomori,75,2023-2024,Fikayo Tomori,25.0,eng ENG,DF
4459,fikayo tomori,75,2024-2025,Fikayo Tomori,26.0,eng ENG,DF
4460,fikayo tomori,75,2025-2026,Fikayo Tomori,28.0,England,D
4461,fikayo tomoriac,75,2022-2023,Fikayo TomoriAC,,,
4462,fikayo tomoriac,75,2023-2024,Fikayo TomoriAC,,,
4463,fikayo tomoriac,75,2024-2025,Fikayo TomoriAC,,,
4464,filip benkovic,100,2022-2023,Filip Benković,25.0,hr CRO,DF
4465,filip djuricic,96,2022-2023,Filip Djuricic,31.0,Serbia,F
4466,filip jagiello,84,2023-2024,Filip Jagiello,,,
4467,filip jagieo,84,2023-2024,Filip Jagiełło,25.0,pl POL,MF
4468,filip jorgensen,26,2022-2023,Filip Jörgensen,20.0,Denmark,K
4469,filip jorgensen,26,2023-2024,Filip Jörgensen,,,
4470,filip jorgensen,33,2024-2025,Filip Jörgensen,,,
4471,filip jrgensen,26,2022-2023,Filip Jørgensen,20.0,dk DEN,GK
4472,filip jrgensen,26,2023-2024,Filip Jørgensen,21.0,dk DEN,GK
4473,filip jrgensen,33,2024-2025,Filip Jørgensen,22.0,dk DEN,GK
4474,filip jrgensen,33,2025-2026,Filip Jørgensen,23.0,Denmark,K
4475,filip kostic,58,2022-2023,Filip Kostic,29.0,rs SRB,MF
4476,filip kostic,87,2022-2023,Filip Kostic,29.0,rs SRB,"MF,FW"
4477,filip kostic,87,2023-2024,Filip Kostic,30.0,rs SRB,MF
4478,filip kostic,87,2025-2026,Filip Kostić,33.0,Serbia,M
4479,filip marchwinski,89,2024-2025,Filip Marchwinski,22.0,pl POL,MF
4480,filip marchwinski,89,2025-2026,Filip Marchwinski,24.0,Poland,F
4481,filip marschall,28,2022-2023,Filip Marschall,19.0,eng ENG,GK
4482,filip marschall,28,2023-2024,Filip Marschall,20.0,eng ENG,GK
4483,filip marschall,28,2024-2025,Filip Marschall,21.0,England,K
4484,filip stankovic,101,2024-2025,Filip Stankovic,22.0,rs SRB,GK
4485,filip stojilkovic,57,2023-2024,Filip Stojilkovic,23.0,ch SUI,FW
4486,filip stojilkovic,93,2025-2026,Filip Stojilkovic,26.0,Switzerland,F
4487,filip ugrinic,25,2025-2026,Filip Ugrinic,27.0,Switzerland,M
4488,filip uremovic,62,2022-2023,Filip Uremovic,25.0,hr CRO,DF
4489,filip uricic,96,2022-2023,Filip Đuričić,30.0,rs SRB,MF
4490,filipe bordon,88,2024-2025,Filipe Bordon,19.0,br BRA,DF
4491,filippo alessio,94,2023-2024,Filippo Alessio,18.0,it ITA,FW
4492,filippo bandinelli,81,2022-2023,Filippo Bandinelli,27.0,it ITA,MF
4493,filippo carbone,84,2024-2025,Filippo Carbone,17.0,it ITA,MF
4494,filippo distefano,82,2022-2023,Filippo Distefano,18.0,it ITA,FW
4495,filippo mane,56,2024-2025,Filippo Mane,19.0,it ITA,DF
4496,filippo mane,56,2025-2026,Filippo Mane,20.0,Italy,D
4497,filippo melegoni,84,2024-2025,Filippo Melegoni,25.0,it ITA,MF
4498,filippo missori,94,2022-2023,Filippo Missori,18.0,it ITA,"MF,DF"
4499,filippo missori,97,2023-2024,Filippo Missori,19.0,it ITA,MF
4500,filippo pagnucco,87,2024-2025,Filippo Pagnucco,18.0,it ITA,DF
4501,filippo ranocchia,81,2023-2024,Filippo Ranocchia,22.0,it ITA,MF
4502,filippo ranocchia,90,2022-2023,Filippo Ranocchia,21.0,it ITA,"MF,FW"
4503,filippo rinaldi,92,2025-2026,Filippo Rinaldi,23.0,Italy,K
4504,filippo romagna,97,2022-2023,Filippo Romagna,25.0,it ITA,DF
4505,filippo romagna,97,2025-2026,Filippo Romagna,28.0,Italy,D
4506,filippo terracciano,75,2023-2024,Filippo Terracciano,20.0,it ITA,DF
4507,filippo terracciano,75,2024-2025,Filippo Terracciano,21.0,it ITA,"DF,MF"
4508,filippo terracciano,80,2025-2026,Filippo Terracciano,22.0,Italy,D
4509,filippo terracciano,85,2022-2023,Filippo Terracciano,19.0,it ITA,MF
4510,filippo terracciano,85,2023-2024,Filippo Terracciano,20.0,it ITA,"MF,DF"
4511,filippo terraccianoac,75,2023-2024,Filippo TerraccianoAC,,,
4512,filippo terraccianoac,75,2024-2025,Filippo TerraccianoAC,,,
4513,filippo tripi,94,2022-2023,Filippo Tripi,20.0,it ITA,MF
4514,filippo vertua,81,2023-2024,Filippo Vertua,17.0,it ITA,GK
4515,fin stevens,30,2022-2023,Fin Stevens,19.0,Wales,D
4516,fin stevens,70,2024-2025,Fin Stevens,21.0,Wales,D
4517,fin stevens,70,2025-2026,Fin Stevens,22.0,Wales,D
4518,finley burns,42,2024-2025,Finley Burns,21.0,England,D
4519,finley burns,42,2025-2026,Finley Burns,22.0,England,D
4520,finley munroe,28,2023-2024,Finley Munroe,18.0,eng ENG,DF
4521,finley stevens,30,2022-2023,Finley Stevens,19.0,wls WAL,DF
4522,finley stevens,70,2024-2025,Finley Stevens,21.0,wls WAL,DF
4523,finn becker,63,2022-2023,Finn Becker,,,
4524,finn becker,63,2023-2024,Finn Becker,,,
4525,finn becker,63,2024-2025,Finn Becker,,,
4526,finn dahmen,52,2023-2024,Finn Dahmen,25.0,de GER,GK
4527,finn dahmen,52,2024-2025,Finn Dahmen,26.0,de GER,GK
4528,finn dahmen,52,2025-2026,Finn Dahmen,27.0,Germany,K
4529,finn dahmen,66,2022-2023,Finn Dahmen,24.0,de GER,GK
4530,finn jeltsch,71,2024-2025,Finn Jeltsch,18.0,de GER,DF
4531,finn jeltsch,71,2025-2026,Finn Jeltsch,19.0,Germany,D
4532,finn ole becker,63,2022-2023,Finn Ole Becker,22.0,de GER,MF
4533,finn ole becker,63,2023-2024,Finn Ole Becker,23.0,de GER,MF
4534,finn ole becker,63,2024-2025,Finn Ole Becker,24.0,de GER,MF
4535,finn porath,64,2024-2025,Finn Porath,27.0,de GER,MF
4536,fisayo dele-bashiru,88,2024-2025,Fisayo Dele-Bashiru,23.0,ng NGA,MF
4537,fisayo dele-bashiru,88,2025-2026,Fisayo Dele-Bashiru,24.0,Nigeria,F
4538,fisnik asllani,63,2022-2023,Fisnik Asllani,19.0,xk KVX,FW
4539,fisnik asllani,63,2025-2026,Fisnik Asllani,23.0,Kosovo,F
4540,flavien tait,121,2022-2023,Flavien Tait,29.0,fr FRA,MF
4541,flavio paoletti,96,2022-2023,Flavio Paoletti,19.0,it ITA,MF
4542,flavius daniliuc,85,2024-2025,Flavius Daniliuc,23.0,at AUT,DF
4543,flavius daniliuc,95,2022-2023,Flavius Daniliuc,21.0,at AUT,DF
4544,flavius daniliuc,95,2023-2024,Flavius Daniliuc,22.0,at AUT,DF
4545,flavius daniliuc,117,2022-2023,Flavius Daniliuc,21.0,at AUT,DF
4546,fletcher holman,51,2023-2024,Fletcher Holman,18.0,eng ENG,FW
4547,florent duparchy,120,2022-2023,Florent Duparchy,22.0,France,K
4548,florent hanin,103,2024-2025,Florent Hanin,34.0,dz ALG,DF
4549,florent hanin,103,2025-2026,Florent Hanin,36.0,France,D
4550,florent mollet,69,2022-2023,Florent Mollet,30.0,fr FRA,MF
4551,florent mollet,116,2022-2023,Florent Mollet,30.0,fr FRA,MF
4552,florent mollet,116,2023-2024,Florent Mollet,31.0,fr FRA,"MF,FW"
4553,florent mollet,116,2024-2025,Florent Mollet,32.0,fr FRA,MF
4554,florent muslija,59,2023-2024,Florent Muslija,25.0,xk KVX,"FW,MF"
4555,florent muslija,59,2024-2025,Florent Muslija,26.0,xk KVX,"FW,MF"
4556,florent ogier,106,2022-2023,Florent Ogier,33.0,fr FRA,DF
4557,florent ogier,106,2023-2024,Florent Ogier,34.0,fr FRA,DF
4558,florentino,32,2025-2026,Florentino,26.0,Portugal,M
4559,florian aye,104,2024-2025,Florian Ayé,27.0,fr FRA,FW
4560,florian chabrolle,102,2022-2023,Florian Chabrolle,24.0,fr FRA,MF
4561,florian chabrolleac,102,2022-2023,Florian ChabrolleAC,,,
4562,florian dietz,65,2022-2023,Florian Dietz,23.0,de GER,FW
4563,florian dietz,65,2023-2024,Florian Dietz,24.0,de GER,FW
4564,florian dietzfc,65,2022-2023,Florian DietzFC,,,
4565,florian dietzfc,65,2023-2024,Florian DietzFC,,,
4566,florian dimmer,67,2022-2023,Florian Dimmer,17.0,de GER,GK
4567,florian flick,69,2022-2023,Florian Flick,22.0,de GER,MF
4568,florian grillitsch,23,2024-2025,Florian Grillitsch,28.0,at AUT,MF
4569,florian grillitsch,63,2023-2024,Florian Grillitsch,27.0,at AUT,"DF,MF"
4570,florian grillitsch,63,2024-2025,Florian Grillitsch,28.0,at AUT,"MF,DF"
4571,florian hellstern,71,2025-2026,Florian Hellstern,18.0,Germany,K
4572,florian kainz,65,2022-2023,Florian Kainz,29.0,at AUT,MF
4573,florian kainz,65,2023-2024,Florian Kainz,30.0,at AUT,MF
4574,florian kainz,65,2025-2026,Florian Kainz,33.0,Austria,F
4575,florian kainzfc,65,2022-2023,Florian KainzFC,,,
4576,florian kainzfc,65,2023-2024,Florian KainzFC,,,
4577,florian lejeune,18,2022-2023,Florian Lejeune,31.0,fr FRA,DF
4578,florian lejeune,18,2023-2024,Florian Lejeune,32.0,fr FRA,DF
4579,florian lejeune,18,2024-2025,Florian Lejeune,33.0,fr FRA,DF
4580,florian lejeune,18,2025-2026,Florian Lejeune,34.0,France,D
4581,florian micheler,63,2024-2025,Florian Micheler,19.0,at AUT,MF
4582,florian muller,59,2023-2024,Florian Müller,25.0,de GER,GK
4583,florian muller,59,2024-2025,Florian Müller,26.0,de GER,GK
4584,florian muller,59,2025-2026,Florian Müller,28.0,Germany,K
4585,florian muller,71,2022-2023,Florian Müller,24.0,de GER,GK
4586,florian neuhaus,67,2022-2023,Florian Neuhaus,25.0,de GER,MF
4587,florian neuhaus,67,2023-2024,Florian Neuhaus,26.0,de GER,MF
4588,florian neuhaus,67,2024-2025,Florian Neuhaus,27.0,de GER,MF
4589,florian neuhaus,67,2025-2026,Florian Neuhaus,28.0,Germany,M
4590,florian neuhausborussia m.,67,2022-2023,Florian NeuhausBorussia M.,,,
4591,florian neuhausborussia m.,67,2023-2024,Florian NeuhausBorussia M.,,,
4592,florian neuhausborussia m.,67,2024-2025,Florian NeuhausBorussia M.,,,
4593,florian niederlechner,52,2022-2023,Florian Niederlechner,31.0,de GER,"FW,MF"
4594,florian niederlechner,62,2022-2023,Florian Niederlechner,31.0,de GER,FW
4595,florian pick,61,2023-2024,Florian Pick,27.0,de GER,MF
4596,florian pickfc,61,2023-2024,Florian PickFC,,,
4597,florian schock,71,2022-2023,Florian Schock,21.0,Germany,K
4598,florian schock,71,2023-2024,Florian Schock,22.0,de GER,GK
4599,florian sotoca,108,2022-2023,Florian Sotoca,31.0,fr FRA,"MF,FW"
4600,florian sotoca,108,2023-2024,Florian Sotoca,32.0,fr FRA,"MF,FW"
4601,florian sotoca,108,2024-2025,Florian Sotoca,33.0,fr FRA,"FW,MF"
4602,florian sotoca,108,2025-2026,Florian Sotoca,35.0,France,F
4603,florian tardieu,122,2024-2025,Florian Tardieu,32.0,fr FRA,MF
4604,florian tardieu,125,2022-2023,Florian Tardieu,30.0,fr FRA,MF
4605,florian thauvin,100,2022-2023,Florian Thauvin,29.0,fr FRA,"FW,MF"
4606,florian thauvin,100,2023-2024,Florian Thauvin,30.0,fr FRA,FW
4607,florian thauvin,100,2024-2025,Florian Thauvin,31.0,fr FRA,"FW,MF"
4608,florian thauvin,108,2025-2026,Florian Thauvin,33.0,France,F
4609,florian wirtz,40,2025-2026,Florian Wirtz,22.0,Germany,F
4610,florian wirtz,53,2022-2023,Florian Wirtz,19.0,de GER,"FW,MF"
4611,florian wirtz,53,2023-2024,Florian Wirtz,20.0,de GER,MF
4612,florian wirtz,53,2024-2025,Florian Wirtz,21.0,de GER,MF
4613,florinel coman,78,2024-2025,Florinel Coman,26.0,ro ROU,"MF,FW"
4614,flynn downes,47,2024-2025,Flynn Downes,25.0,eng ENG,MF
4615,flynn downes,50,2022-2023,Flynn Downes,23.0,eng ENG,MF
4616,fode ballo-toure,36,2023-2024,Fodé Ballo-Touré,26.0,sn SEN,"DF,MF"
4617,fode ballo-toure,75,2022-2023,Fodé Ballo-Touré,25.0,sn SEN,"DF,MF"
4618,fode ballo-toure,107,2024-2025,Fodé Ballo-Touré,27.0,sn SEN,"DF,MF"
4619,fode ballo-toure,113,2025-2026,Fodé Ballo-Touré,29.0,Senegal,D
4620,fode ballo-toureac,75,2022-2023,Fodé Ballo-TouréAC,,,
4621,fode doucoure,107,2025-2026,Fodé Doucouré,25.0,Mali,D
4622,fode sylla,108,2025-2026,Fodé Sylla,19.0,France,M
4623,folarin balogun,114,2023-2024,Folarin Balogun,22.0,us USA,FW
4624,folarin balogun,114,2024-2025,Folarin Balogun,23.0,us USA,FW
4625,folarin balogun,114,2025-2026,Folarin Balogun,24.0,United States,F
4626,folarin balogun,120,2022-2023,Folarin Balogun,21.0,us USA,FW
4627,formose mendy,110,2023-2024,Formose Mendy,22.0,sn SEN,DF
4628,fortuno,9,2022-2023,Fortuño,20.0,es ESP,GK
4629,fortuno,9,2024-2025,Fortuño,22.0,es ESP,GK
4630,fran,20,2023-2024,Fran,18.0,es ESP,GK
4631,fran,20,2024-2025,Fran,19.0,es ESP,GK
4632,fran arbol,12,2023-2024,Fran Árbol,17.0,es ESP,GK
4633,fran beltran,7,2022-2023,Fran Beltrán,23.0,es ESP,MF
4634,fran beltran,7,2023-2024,Fran Beltrán,24.0,es ESP,MF
4635,fran beltran,7,2024-2025,Fran Beltrán,25.0,es ESP,MF
4636,fran beltran,11,2025-2026,Fran Beltrán,27.0,Spain,M
4637,fran delgado,19,2022-2023,Fran Delgado,21.0,es ESP,DF
4638,fran garcia,18,2022-2023,Fran García,22.0,es ESP,DF
4639,fran garcia,20,2023-2024,Fran García,23.0,es ESP,DF
4640,fran garcia,20,2024-2025,Fran García,24.0,es ESP,DF
4641,fran garcia,20,2025-2026,Fran García,26.0,Spain,D
4642,fran gonzalez,20,2022-2023,Fran González,23.0,es ESP,DF
4643,fran gonzalez,20,2023-2024,Fran González,24.0,es ESP,DF
4644,fran gonzalez,20,2024-2025,Fran González,,,
4645,fran gonzalez,20,2025-2026,Fran González,20.0,Spain,K
4646,fran perez,18,2025-2026,Fran Pérez,23.0,Spain,F
4647,fran perez,25,2022-2023,Fran Pérez,,,
4648,fran perez,25,2023-2024,Fran Pérez,21.0,Spain,F
4649,fran perez,25,2024-2025,Fran Pérez,22.0,Spain,F
4650,fran vieites,19,2022-2023,Fran Vieites,23.0,es ESP,GK
4651,fran vieites,19,2023-2024,Fran Vieites,24.0,es ESP,GK
4652,fran vieites,19,2024-2025,Fran Vieites,25.0,es ESP,GK
4653,francesco acerbi,86,2022-2023,Francesco Acerbi,34.0,it ITA,DF
4654,francesco acerbi,86,2023-2024,Francesco Acerbi,35.0,it ITA,DF
4655,francesco acerbi,86,2024-2025,Francesco Acerbi,36.0,it ITA,DF
4656,francesco acerbi,86,2025-2026,Francesco Acerbi,37.0,Italy,D
4657,francesco andrealli,79,2024-2025,Francesco Andrealli,16.0,it ITA,MF
4658,francesco bardi,77,2022-2023,Francesco Bardi,30.0,it ITA,GK
4659,francesco camarda,75,2023-2024,Francesco Camarda,15.0,it ITA,FW
4660,francesco camarda,75,2024-2025,Francesco Camarda,16.0,it ITA,FW
4661,francesco camarda,89,2025-2026,Francesco Camarda,17.0,Italy,F
4662,francesco camardaac,75,2023-2024,Francesco CamardaAC,,,
4663,francesco camardaac,75,2024-2025,Francesco CamardaAC,,,
4664,francesco caputo,81,2022-2023,Francesco Caputo,34.0,it ITA,FW
4665,francesco caputo,81,2023-2024,Francesco Caputo,35.0,it ITA,FW
4666,francesco caputo,81,2024-2025,Francesco Caputo,36.0,it ITA,FW
4667,francesco caputo,96,2022-2023,Francesco Caputo,34.0,it ITA,FW
4668,francesco coppola,93,2025-2026,Francesco Coppola,20.0,Italy,D
4669,francesco d'alessio,94,2023-2024,Francesco D'Alessio,19.0,it ITA,MF
4670,francesco di mariano,89,2022-2023,Francesco Di Mariano,26.0,it ITA,"FW,MF"
4671,francesco folino,80,2025-2026,Francesco Folino,24.0,Italy,D
4672,francesco gelli,83,2023-2024,Francesco Gelli,26.0,it ITA,"MF,DF"
4673,francesco gioielli,91,2023-2024,Francesco Gioielli,19.0,it ITA,MF
4674,francesco gioielli,91,2024-2025,Francesco Gioielli,20.0,it ITA,MF
4675,francesco mezzoni,91,2024-2025,Francesco Mezzoni,24.0,it ITA,FW
4676,francesco pio esposito,86,2025-2026,Francesco Pio Esposito,20.0,Italy,F
4677,francesco plaia,99,2024-2025,Francesco Plaia,18.0,it ITA,GK
4678,francesco raffaelli,77,2022-2023,Francesco Raffaelli,17.0,it ITA,GK
4679,francesco rossi,76,2022-2023,Francesco Rossi,31.0,it ITA,GK
4680,francesco rossi,76,2023-2024,Francesco Rossi,32.0,it ITA,GK
4681,francesco rossi,76,2024-2025,Francesco Rossi,33.0,it ITA,GK
4682,francesco rossi,76,2025-2026,Francesco Rossi,34.0,Italy,K
4683,francesco zampano,101,2024-2025,Francesco Zampano,30.0,it ITA,MF
4684,franci bouebari,123,2022-2023,Franci Bouebari,18.0,fr FRA,MF
4685,francis coquelin,26,2022-2023,Francis Coquelin,31.0,fr FRA,MF
4686,francis coquelin,26,2023-2024,Francis Coquelin,32.0,fr FRA,MF
4687,francis coquelin,116,2024-2025,Francis Coquelin,33.0,fr FRA,MF
4688,francis coquelin,116,2025-2026,Francis Coquelin,34.0,France,M
4689,francis okoronkwo,35,2024-2025,Francis Okoronkwo,20.0,England,F
4690,francis okoronkwo,35,2025-2026,Francis Okoronkwo,20.0,England,F
4691,francis onyeka,53,2023-2024,Francis Onyeka,16.0,de GER,FW
4692,francis onyeka,53,2024-2025,Francis Onyeka,17.0,de GER,FW
4693,francisco conceicao,87,2024-2025,Francisco Conceição,21.0,pt POR,MF
4694,francisco conceicao,87,2025-2026,Francisco Conceição,23.0,Portugal,F
4695,francisco lopez,7,2022-2023,Francisco Lopez,20.0,es ESP,FW
4696,francisco mwepu,6,2022-2023,Francisco Mwepu,22.0,zm ZAM,FW
4697,francisco perez,25,2022-2023,Francisco Perez,19.0,es ESP,MF
4698,francisco perez,25,2023-2024,Francisco Perez,20.0,es ESP,MF
4699,francisco perez,25,2024-2025,Francisco Perez,21.0,es ESP,MF
4700,francisco portillo,2,2022-2023,Francisco Portillo,32.0,es ESP,MF
4701,francisco sierralta,104,2025-2026,Francisco Sierralta,28.0,Chile,D
4702,franck honorat,67,2023-2024,Franck Honorat,26.0,fr FRA,"MF,FW"
4703,franck honorat,67,2024-2025,Franck Honorat,27.0,fr FRA,MF
4704,franck honorat,67,2025-2026,Franck Honorat,29.0,France,F
4705,franck honorat,105,2022-2023,Franck Honorat,25.0,fr FRA,"MF,FW"
4706,franck honoratborussia m.,67,2023-2024,Franck HonoratBorussia M.,,,
4707,franck honoratborussia m.,67,2024-2025,Franck HonoratBorussia M.,,,
4708,franck kessie,5,2022-2023,Franck Kessie,25.0,ci CIV,MF
4709,franck ribery,95,2022-2023,Franck Ribéry,39.0,fr FRA,"FW,MF"
4710,franco carboni,90,2022-2023,Franco Carboni,19.0,it ITA,MF
4711,franco carboni,90,2023-2024,Franco Carboni,20.0,it ITA,MF
4712,franco carboni,92,2025-2026,Franco Carboni,22.0,Argentina,D
4713,franco carboni,101,2024-2025,Franco Carboni,21.0,it ITA,MF
4714,franco cervi,7,2022-2023,Franco Cervi,28.0,ar ARG,MF
4715,franco cervi,7,2023-2024,Franco Cervi,29.0,ar ARG,"MF,DF"
4716,franco cervi,7,2024-2025,Franco Cervi,30.0,ar ARG,"MF,FW"
4717,franco cervi,7,2025-2026,Franco Cervi,31.0,Argentina,F
4718,franco israel,99,2025-2026,Franco Israel,25.0,Uruguay,K
4719,franco mastantuono,20,2025-2026,Franco Mastantuono,18.0,Argentina,F
4720,franco russo,16,2022-2023,Franco Russo,27.0,ar ARG,DF
4721,franco umeh-chibueze,34,2023-2024,Franco Umeh-Chibueze,18.0,ie IRL,MF
4722,franco umeh-chibueze,34,2024-2025,Franco Umeh-Chibueze,19.0,ie IRL,MF
4723,francois mughe,112,2022-2023,François Mughe,18.0,cm CMR,FW
4724,francois mughe,112,2023-2024,François Mughe,19.0,cm CMR,MF
4725,francois-joseph sollacaro,102,2022-2023,François-Joseph Sollacaro,28.0,fr FRA,GK
4726,francois-joseph sollacaroac,102,2022-2023,François-Joseph SollacaroAC,,,
4727,frank anguissa,91,2022-2023,Frank Anguissa,,,
4728,frank anguissa,91,2023-2024,Frank Anguissa,,,
4729,frank anguissa,91,2024-2025,Frank Anguissa,,,
4730,frank feller,61,2023-2024,Frank Feller,19.0,de GER,GK
4731,frank feller,61,2024-2025,Frank Feller,20.0,de GER,GK
4732,frank feller,61,2025-2026,Frank Feller,22.0,Germany,K
4733,frank fellerfc,61,2024-2025,Frank FellerFC,,,
4734,frank magri,124,2023-2024,Frank Magri,23.0,cm CMR,"FW,MF"
4735,frank magri,124,2024-2025,Frank Magri,24.0,cm CMR,FW
4736,frank magri,124,2025-2026,Frank Magri,26.0,Cameroon,F
4737,frank onyeka,30,2022-2023,Frank Onyeka,24.0,ng NGA,MF
4738,frank onyeka,30,2023-2024,Frank Onyeka,25.0,ng NGA,MF
4739,frank onyeka,30,2024-2025,Frank Onyeka,26.0,ng NGA,MF
4740,frank onyeka,30,2025-2026,Frank Onyeka,28.0,Nigeria,M
4741,frank onyeka,52,2024-2025,Frank Onyeka,26.0,ng NGA,MF
4742,frank ronstadt,57,2023-2024,Frank Ronstadt,26.0,de GER,"DF,MF"
4743,frank tsadjout,80,2022-2023,Frank Tsadjout,23.0,it ITA,FW
4744,frans kratzig,54,2023-2024,Frans Krätzig,20.0,de GER,"DF,MF"
4745,frans kratzig,61,2024-2025,Frans Krätzig,21.0,de GER,"MF,DF"
4746,frans kratzig,71,2024-2025,Frans Krätzig,21.0,de GER,DF
4747,frans kratzigfc,61,2024-2025,Frans KrätzigFC,,,
4748,franz stolz,84,2023-2024,Franz Stolz,22.0,Austria,K
4749,franz stolz,84,2024-2025,Franz Stolz,23.0,at AUT,GK
4750,fraser forster,29,2025-2026,Fraser Forster,37.0,England,K
4751,fraser forster,49,2022-2023,Fraser Forster,34.0,eng ENG,GK
4752,fraser forster,49,2023-2024,Fraser Forster,35.0,eng ENG,GK
4753,fraser forster,49,2024-2025,Fraser Forster,36.0,eng ENG,GK
4754,fraser hornby,57,2023-2024,Fraser Hornby,23.0,sct SCO,FW
4755,fred,43,2022-2023,Fred,29.0,br BRA,MF
4756,fred onyedinma,41,2023-2024,Fred Onyedinma,26.0,eng ENG,MF
4757,freddie potts,50,2024-2025,Freddie Potts,21.0,England,M
4758,freddie potts,50,2025-2026,Freddie Potts,22.0,England,M
4759,freddie simmonds,31,2024-2025,Freddie Simmonds,16.0,eng ENG,DF
4760,freddie veseli,95,2022-2023,Freddie Veseli,29.0,al ALB,DF
4761,freddie woodman,40,2025-2026,Freddie Woodman,28.0,England,K
4762,frederic guilbert,89,2024-2025,Frédéric Guilbert,29.0,fr FRA,DF
4763,frederic guilbert,116,2025-2026,Frédéric Guilbert,31.0,France,D
4764,frederic guilbert,123,2022-2023,Frédéric Guilbert,27.0,fr FRA,"MF,DF"
4765,frederic guilbert,123,2023-2024,Frédéric Guilbert,28.0,fr FRA,"DF,MF"
4766,frederik rnnow,72,2022-2023,Frederik Rønnow,29.0,dk DEN,GK
4767,frederik rnnow,72,2023-2024,Frederik Rønnow,30.0,dk DEN,GK
4768,frederik rnnow,72,2024-2025,Frederik Rønnow,31.0,dk DEN,GK
4769,frederik ronnow,72,2022-2023,Frederik Rönnow,30.0,Denmark,K
4770,frederik ronnow,72,2023-2024,Frederik Rönnow,31.0,Denmark,K
4771,frederik ronnow,72,2024-2025,Frederik Rönnow,32.0,Denmark,K
4772,frederik ronnow,72,2025-2026,Frederik Rönnow,33.0,Denmark,K
4773,frederik winther,52,2022-2023,Frederik Winther,21.0,dk DEN,DF
4774,frederik winther,52,2023-2024,Frederik Winther,22.0,dk DEN,DF
4775,fredrik jensen,52,2022-2023,Fredrik Jensen,24.0,fi FIN,"FW,MF"
4776,fredrik jensen,52,2023-2024,Fredrik Jensen,25.0,fi FIN,MF
4777,fredrik jensen,52,2024-2025,Fredrik Jensen,26.0,fi FIN,"MF,FW"
4778,fredrik oppegard,104,2024-2025,Fredrik Oppegård,21.0,no NOR,"MF,DF"
4779,fredrik oppegard,104,2025-2026,Fredrik Oppegård,23.0,Norway,D
4780,frenkie de jong,5,2022-2023,Frenkie de Jong,25.0,nl NED,MF
4781,frenkie de jong,5,2023-2024,Frenkie de Jong,26.0,nl NED,MF
4782,frenkie de jong,5,2024-2025,Frenkie de Jong,27.0,nl NED,MF
4783,frenkie de jong,5,2025-2026,Frenkie de Jong,28.0,Netherlands,M
4784,fynn schenten,65,2025-2026,Fynn Schenten,18.0,Germany,F
4785,gabin bernardeau,117,2025-2026,Gabin Bernardeau,20.0,France,F
4786,gabin capuano,108,2024-2025,Gabin Capuano,18.0,fr FRA,FW
4787,gabri veiga,7,2022-2023,Gabri Veiga,20.0,Spain,F
4788,gabri veiga,7,2023-2024,Gabri Veiga,,,
4789,gabriel bares,115,2024-2025,Gabriel Barès,23.0,ch SUI,MF
4790,gabriel brazao,86,2022-2023,Gabriel Brazão,21.0,br BRA,GK
4791,gabriel charpentier,92,2024-2025,Gabriel Charpentier,25.0,cg CGO,FW
4792,gabriel gudmundsson,38,2025-2026,Gabriel Gudmundsson,26.0,Sweden,D
4793,gabriel gudmundsson,109,2022-2023,Gabriel Gudmundsson,23.0,se SWE,"DF,MF"
4794,gabriel gudmundsson,109,2023-2024,Gabriel Gudmundsson,24.0,se SWE,"MF,DF"
4795,gabriel gudmundsson,109,2024-2025,Gabriel Gudmundsson,25.0,se SWE,"DF,MF"
4796,gabriel jesus,27,2022-2023,Gabriel Jesus,25.0,br BRA,FW
4797,gabriel jesus,27,2023-2024,Gabriel Jesus,26.0,br BRA,FW
4798,gabriel jesus,27,2024-2025,Gabriel Jesus,27.0,br BRA,FW
4799,gabriel jesus,27,2025-2026,Gabriel Jesus,28.0,Brazil,F
4800,gabriel magalhaes,27,2022-2023,Gabriel Magalhães,24.0,br BRA,DF
4801,gabriel magalhaes,27,2023-2024,Gabriel Magalhães,25.0,br BRA,DF
4802,gabriel magalhaes,27,2024-2025,Gabriel Magalhães,26.0,br BRA,DF
4803,gabriel magalhaes,27,2025-2026,Gabriel Magalhães,28.0,Brazil,D
4804,gabriel martinelli,27,2022-2023,Gabriel Martinelli,21.0,br BRA,"FW,MF"
4805,gabriel martinelli,27,2023-2024,Gabriel Martinelli,22.0,br BRA,FW
4806,gabriel martinelli,27,2024-2025,Gabriel Martinelli,23.0,br BRA,"FW,MF"
4807,gabriel martinelli,27,2025-2026,Gabriel Martinelli,24.0,Brazil,F
4808,gabriel marusic,54,2022-2023,Gabriel Marušić,19.0,hr CRO,DF
4809,gabriel misehouy,11,2024-2025,Gabriel Misehouy,19.0,Netherlands,F
4810,gabriel moscardo,120,2024-2025,Gabriel Moscardo,18.0,br BRA,MF
4811,gabriel osei misehouy,11,2024-2025,Gabriel Osei Misehouy,19.0,nl NED,FW
4812,gabriel osho,41,2023-2024,Gabriel Osho,24.0,ng NGA,DF
4813,gabriel osho,104,2024-2025,Gabriel Osho,25.0,ng NGA,DF
4814,gabriel paletta,90,2022-2023,Gabriel Paletta,36.0,Italy,D
4815,gabriel paulista,4,2023-2024,Gabriel Paulista,32.0,br BRA,DF
4816,gabriel paulista,25,2022-2023,Gabriel Paulista,31.0,br BRA,DF
4817,gabriel paulista,25,2023-2024,Gabriel Paulista,32.0,br BRA,DF
4818,gabriel slonina,33,2022-2023,Gabriel Slonina,18.0,United States,K
4819,gabriel slonina,33,2024-2025,Gabriel Slonina,20.0,United States,K
4820,gabriel slonina,33,2025-2026,Gabriel Slonina,21.0,United States,K
4821,gabriel strefezza,79,2024-2025,Gabriel Strefezza,27.0,br BRA,"MF,FW"
4822,gabriel strefezza,89,2022-2023,Gabriel Strefezza,25.0,br BRA,"FW,MF"
4823,gabriel strefezza,89,2023-2024,Gabriel Strefezza,26.0,br BRA,"FW,MF"
4824,gabriel strefezza,92,2025-2026,Gabriel Strefezza,28.0,Brazil,F
4825,gabriel suazo,24,2025-2026,Gabriel Suazo,28.0,Chile,D
4826,gabriel suazo,124,2022-2023,Gabriel Suazo,24.0,cl CHI,DF
4827,gabriel suazo,124,2023-2024,Gabriel Suazo,25.0,cl CHI,"DF,MF"
4828,gabriel suazo,124,2024-2025,Gabriel Suazo,26.0,cl CHI,"MF,DF"
4829,gabriel veiga,7,2022-2023,Gabriel Veiga,20.0,es ESP,MF
4830,gabriel veiga,7,2023-2024,Gabriel Veiga,21.0,es ESP,MF
4831,gabriel vidovic,54,2022-2023,Gabriel Vidovic,18.0,hr CRO,MF
4832,gabriel vidovic,54,2024-2025,Gabriel Vidovic,20.0,hr CRO,MF
4833,gabriel vidovic,66,2024-2025,Gabriel Vidovic,20.0,hr CRO,MF
4834,gabriele baldi,94,2022-2023,Gabriele Baldi,17.0,it ITA,GK
4835,gabriele biancheri,43,2025-2026,Gabriele Biancheri,19.0,Wales,F
4836,gabriele corbo,77,2022-2023,Gabriele Corbo,23.0,Italy,D
4837,gabriele ferrarini,90,2022-2023,Gabriele Ferrarini,22.0,it ITA,DF
4838,gabriele guarino,81,2022-2023,Gabriele Guarino,18.0,it ITA,DF
4839,gabriele guarino,81,2023-2024,Gabriele Guarino,19.0,it ITA,DF
4840,gabriele guarino,81,2024-2025,Gabriele Guarino,20.0,it ITA,DF
4841,gabriele indragoli,81,2022-2023,Gabriele Indragoli,18.0,it ITA,DF
4842,gabriele indragoli,81,2023-2024,Gabriele Indragoli,19.0,it ITA,DF
4843,gabriele piccinini,93,2025-2026,Gabriele Piccinini,24.0,Italy,M
4844,gabriele re cecconi,86,2024-2025,Gabriele Re Cecconi,18.0,it ITA,DF
4845,gabriele zappa,78,2023-2024,Gabriele Zappa,23.0,it ITA,"DF,MF"
4846,gabriele zappa,78,2024-2025,Gabriele Zappa,24.0,it ITA,DF
4847,gabriele zappa,78,2025-2026,Gabriele Zappa,26.0,Italy,D
4848,gaby jean,89,2024-2025,Gaby Jean,24.0,fr FRA,DF
4849,gaby jean,89,2025-2026,Gaby Jean,25.0,France,D
4850,gael kakuta,108,2022-2023,Gaël Kakuta,31.0,cd COD,"FW,MF"
4851,gael lafont,112,2024-2025,Gaël Lafont,18.0,France,M
4852,gaetan charbonnier,104,2022-2023,Gaëtan Charbonnier,33.0,fr FRA,FW
4853,gaetan laborde,117,2022-2023,Gaëtan Laborde,28.0,fr FRA,FW
4854,gaetan laborde,117,2023-2024,Gaëtan Laborde,29.0,fr FRA,"FW,MF"
4855,gaetan laborde,117,2024-2025,Gaëtan Laborde,30.0,fr FRA,FW
4856,gaetan laborde,121,2022-2023,Gaëtan Laborde,28.0,fr FRA,FW
4857,gaetan perrin,104,2022-2023,Gaëtan Perrin,26.0,fr FRA,"MF,FW"
4858,gaetan perrin,104,2024-2025,Gaëtan Perrin,28.0,fr FRA,MF
4859,gaetan perrin,109,2025-2026,Gaëtan Perrin,29.0,France,F
4860,gaetano castrovilli,82,2022-2023,Gaetano Castrovilli,25.0,it ITA,MF
4861,gaetano castrovilli,82,2023-2024,Gaetano Castrovilli,26.0,it ITA,MF
4862,gaetano castrovilli,88,2024-2025,Gaetano Castrovilli,27.0,it ITA,MF
4863,gaetano castrovilli,90,2024-2025,Gaetano Castrovilli,27.0,it ITA,MF
4864,gaetano oristanio,78,2023-2024,Gaetano Oristanio,20.0,it ITA,"FW,MF"
4865,gaetano oristanio,92,2025-2026,Gaetano Oristanio,23.0,Italy,F
4866,gaetano oristanio,101,2024-2025,Gaetano Oristanio,21.0,it ITA,"FW,MF"
4867,gaizka ayesa,22,2023-2024,Gaizka Ayesa,22.0,es ESP,GK
4868,gaizka garcia,1,2023-2024,Gaizka García,18.0,es ESP,GK
4869,gary medel,77,2022-2023,Gary Medel,34.0,cl CHI,"MF,DF"
4870,gaston alvarez,10,2022-2023,Gastón Álvarez,22.0,uy URU,DF
4871,gaston alvarez,10,2023-2024,Gastón Álvarez,23.0,uy URU,DF
4872,gaston pereiro,78,2023-2024,Gastón Pereiro,28.0,uy URU,"FW,MF"
4873,gaston pereiro,78,2024-2025,Gastón Pereiro,29.0,uy URU,"FW,MF"
4874,gaston pereiro,84,2024-2025,Gastón Pereiro,29.0,uy URU,"FW,MF"
4875,gauthier gallon,121,2023-2024,Gauthier Gallon,30.0,France,K
4876,gauthier gallon,121,2024-2025,Gauthier Gallon,31.0,fr FRA,GK
4877,gauthier gallon,125,2022-2023,Gauthier Gallon,29.0,fr FRA,GK
4878,gauthier hein,104,2022-2023,Gauthier Hein,25.0,fr FRA,MF
4879,gauthier hein,113,2025-2026,Gauthier Hein,29.0,France,F
4880,gautier larsonneur,122,2024-2025,Gautier Larsonneur,27.0,fr FRA,GK
4881,gautier lloris,107,2023-2024,Gautier Lloris,28.0,fr FRA,DF
4882,gautier lloris,107,2024-2025,Gautier Lloris,29.0,fr FRA,DF
4883,gautier lloris,107,2025-2026,Gautier Lloris,30.0,France,D
4884,gavi,5,2022-2023,Gavi,17.0,es ESP,"MF,FW"
4885,gavi,5,2023-2024,Gavi,18.0,es ESP,"MF,FW"
4886,gavi,5,2024-2025,Gavi,19.0,es ESP,MF
4887,gavi,5,2025-2026,Gavi,21.0,Spain,M
4888,gavin bazunu,47,2022-2023,Gavin Bazunu,20.0,ie IRL,GK
4889,gavin bazunu,47,2024-2025,Gavin Bazunu,22.0,Ireland,K
4890,gavin kilkenny,29,2023-2024,Gavin Kilkenny,23.0,ie IRL,MF
4891,gedeon kalulu,110,2022-2023,Gédéon Kalulu,24.0,cd COD,"DF,MF"
4892,gedeon kalulu,110,2023-2024,Gédéon Kalulu,25.0,cd COD,"MF,DF"
4893,gelabert,124,2023-2024,Gelabert,22.0,es ESP,"MF,FW"
4894,gelson martins,114,2022-2023,Gelson Martins,27.0,pt POR,MF
4895,genesis antwi,33,2024-2025,Genesis Antwi,17.0,se SWE,MF
4896,genki haraguchi,71,2022-2023,Genki Haraguchi,31.0,jp JPN,MF
4897,genki haraguchi,71,2023-2024,Genki Haraguchi,32.0,jp JPN,"FW,MF"
4898,genki haraguchi,72,2022-2023,Genki Haraguchi,31.0,jp JPN,MF
4899,gennaro borrelli,78,2025-2026,Gennaro Borrelli,25.0,Italy,F
4900,gennaro borrelli,83,2023-2024,Gennaro Borrelli,23.0,it ITA,FW
4901,gennaro iaccarino,91,2024-2025,Gennaro Iaccarino,21.0,it ITA,MF
4902,geoffrey kondogbia,4,2022-2023,Geoffrey Kondogbia,29.0,cf CTA,MF
4903,geoffrey kondogbia,112,2023-2024,Geoffrey Kondogbia,30.0,cf CTA,MF
4904,geoffrey kondogbia,112,2024-2025,Geoffrey Kondogbia,31.0,cf CTA,"DF,MF"
4905,geoffrey kondogbia,112,2025-2026,Geoffrey Kondogbia,32.0,Central African Republic,M
4906,geoffrey lembet,121,2023-2024,Geoffrey Lembet,35.0,Central African Republic,K
4907,geoffrey lembet,121,2024-2025,Geoffrey Lembet,36.0,Central African Republic,K
4908,georg strauch,65,2022-2023,Georg Strauch,21.0,de GER,DF
4909,george abbott,49,2022-2023,George Abbott,16.0,eng ENG,MF
4910,george abbott,49,2024-2025,George Abbott,19.0,England,M
4911,george abbott,49,2025-2026,George Abbott,20.0,England,M
4912,george baldock,46,2023-2024,George Baldock,30.0,gr GRE,"DF,MF"
4913,george earthy,50,2023-2024,George Earthy,18.0,eng ENG,MF
4914,george earthy,50,2025-2026,George Earthy,20.0,England,F
4915,george edmundson,37,2024-2025,George Edmundson,26.0,eng ENG,DF
4916,george gagua,1,2023-2024,George Gagua,21.0,ge GEO,FW
4917,george hirst,37,2024-2025,George Hirst,25.0,sct SCO,FW
4918,george ilenikhena,114,2024-2025,George Ilenikhena,17.0,ng NGA,FW
4919,george puscas,84,2023-2024,George Puscas,27.0,ro ROU,FW
4920,george shelvey,45,2022-2023,George Shelvey,21.0,eng ENG,GK
4921,george wickens,36,2022-2023,George Wickens,20.0,eng ENG,GK
4922,georges mikautadze,26,2025-2026,Georges Mikautadze,25.0,Georgia,F
4923,georges mikautadze,111,2024-2025,Georges Mikautadze,23.0,ge GEO,"FW,MF"
4924,georges mikautadze,113,2023-2024,Georges Mikautadze,22.0,ge GEO,FW
4925,georginio rutter,31,2024-2025,Georginio Rutter,22.0,fr FRA,"MF,FW"
4926,georginio rutter,31,2025-2026,Georginio Rutter,23.0,France,F
4927,georginio rutter,38,2022-2023,Georginio Rutter,20.0,fr FRA,FW
4928,georginio rutter,63,2022-2023,Georginio Rutter,20.0,fr FRA,FW
4929,georginio wijnaldum,94,2022-2023,Georginio Wijnaldum,31.0,nl NED,MF
4930,georgios kyriakopoulos,77,2022-2023,Georgios Kyriakopoulos,26.0,Greece,D
4931,georgios kyriakopoulos,90,2023-2024,Georgios Kyriakopoulos,27.0,Greece,M
4932,georgios kyriakopoulos,90,2024-2025,Georgios Kyriakopoulos,29.0,Greece,M
4933,georgios kyriakopoulos,97,2022-2023,Georgios Kyriakopoulos,,,
4934,georgios masouras,55,2024-2025,Georgios Masouras,31.0,Greece,F
4935,gerard deulofeu,100,2022-2023,Gerard Deulofeu,28.0,es ESP,FW
4936,gerard deulofeu,100,2023-2024,Gerard Deulofeu,29.0,Spain,F
4937,gerard gumbau,8,2022-2023,Gerard Gumbau,27.0,es ESP,MF
4938,gerard gumbau,12,2023-2024,Gerard Gumbau,28.0,es ESP,MF
4939,gerard gumbau,18,2024-2025,Gerard Gumbau,29.0,es ESP,MF
4940,gerard gumbau,18,2025-2026,Gerard Gumbau,31.0,Spain,M
4941,gerard martin,5,2024-2025,Gerard Martín,22.0,es ESP,DF
4942,gerard martin,5,2025-2026,Gerard Martín,23.0,Spain,D
4943,gerard moreno,26,2022-2023,Gerard Moreno,30.0,es ESP,FW
4944,gerard moreno,26,2023-2024,Gerard Moreno,31.0,es ESP,FW
4945,gerard moreno,26,2024-2025,Gerard Moreno,32.0,es ESP,FW
4946,gerard moreno,26,2025-2026,Gerard Moreno,33.0,Spain,F
4947,gerard pique,5,2022-2023,Gerard Piqué,35.0,es ESP,DF
4948,gerard yepes,96,2022-2023,Gerard Yepes,19.0,es ESP,MF
4949,gerardo fusco,95,2023-2024,Gerardo Fusco,18.0,it ITA,FW
4950,german garcia,19,2024-2025,Germán García,20.0,es ESP,GK
4951,german pezzella,19,2022-2023,Germán Pezzella,31.0,ar ARG,DF
4952,german pezzella,19,2023-2024,Germán Pezzella,32.0,ar ARG,DF
4953,german valera,8,2025-2026,Germán Valera,23.0,Spain,F
4954,german valera,25,2024-2025,Germán Valera,22.0,es ESP,MF
4955,geronimo rulli,26,2022-2023,Gerónimo Rulli,30.0,ar ARG,GK
4956,geronimo rulli,112,2024-2025,Gerónimo Rulli,32.0,ar ARG,GK
4957,geronimo rulli,112,2025-2026,Gerónimo Rulli,33.0,Argentina,K
4958,geronimo spina,4,2024-2025,Gerónimo Spina,19.0,ar ARG,DF
4959,gerrit holtmann,55,2022-2023,Gerrit Holtmann,27.0,ph PHI,"MF,FW"
4960,gerrit holtmann,55,2024-2025,Gerrit Holtmann,29.0,ph PHI,"MF,DF"
4961,gerrit holtmann,57,2023-2024,Gerrit Holtmann,28.0,ph PHI,MF
4962,gerson,112,2022-2023,Gerson,25.0,br BRA,MF
4963,gerzino nyamsi,123,2022-2023,Gerzino Nyamsi,25.0,cm CMR,DF
4964,gerzino nyamsi,123,2023-2024,Gerzino Nyamsi,26.0,cm CMR,DF
4965,gessime yassine,123,2025-2026,Gessime Yassine,20.0,Morocco,F
4966,ghjuvanni quilichini,102,2022-2023,Ghjuvanni Quilichini,19.0,fr FRA,GK
4967,ghjuvanni quilichiniac,102,2022-2023,Ghjuvanni QuilichiniAC,,,
4968,giacomo bonaventura,82,2022-2023,Giacomo Bonaventura,32.0,it ITA,MF
4969,giacomo bonaventura,82,2023-2024,Giacomo Bonaventura,33.0,it ITA,MF
4970,giacomo corona,81,2023-2024,Giacomo Corona,19.0,it ITA,FW
4971,giacomo de pieri,86,2024-2025,Giacomo De Pieri,17.0,it ITA,MF
4972,giacomo faticanti,89,2023-2024,Giacomo Faticanti,19.0,it ITA,MF
4973,giacomo faticanti,94,2022-2023,Giacomo Faticanti,18.0,it ITA,MF
4974,giacomo quagliata,80,2022-2023,Giacomo Quagliata,22.0,it ITA,"MF,DF"
4975,giacomo raspadori,76,2025-2026,Giacomo Raspadori,25.0,Italy,F
4976,giacomo raspadori,91,2022-2023,Giacomo Raspadori,22.0,it ITA,"FW,MF"
4977,giacomo raspadori,91,2023-2024,Giacomo Raspadori,23.0,it ITA,FW
4978,giacomo raspadori,91,2024-2025,Giacomo Raspadori,24.0,it ITA,"FW,MF"
4979,giacomo raspadori,97,2022-2023,Giacomo Raspadori,22.0,it ITA,"FW,MF"
4980,giacomo satalino,97,2025-2026,Giacomo Satalino,26.0,Italy,K
4981,giacomo stabile,86,2023-2024,Giacomo Stabile,18.0,it ITA,DF
4982,giacomo toniolo,85,2022-2023,Giacomo Toniolo,18.0,it ITA,GK
4983,giacomo toniolo,85,2023-2024,Giacomo Toniolo,19.0,it ITA,GK
4984,giacomo toniolo,85,2025-2026,Giacomo Toniolo,21.0,Italy,K
4985,gian crespi,87,2023-2024,Gian Crespi,22.0,it ITA,GK
4986,gian marco fantoni,81,2022-2023,Gian Marco Fantoni,18.0,it ITA,GK
4987,gian marco ferrari,97,2022-2023,Gian Marco Ferrari,30.0,it ITA,DF
4988,gian marco ferrari,97,2023-2024,Gian Marco Ferrari,31.0,it ITA,DF
4989,giangiacomo magnani,85,2022-2023,Giangiacomo Magnani,26.0,it ITA,DF
4990,giangiacomo magnani,85,2023-2024,Giangiacomo Magnani,27.0,it ITA,DF
4991,giangiacomo magnani,85,2024-2025,Giangiacomo Magnani,28.0,it ITA,DF
4992,gianluca astaldi,92,2025-2026,Gianluca Astaldi,19.0,Italy,K
4993,gianluca busio,101,2024-2025,Gianluca Busio,22.0,us USA,MF
4994,gianluca caprari,90,2022-2023,Gianluca Caprari,29.0,it ITA,"MF,FW"
4995,gianluca caprari,90,2023-2024,Gianluca Caprari,30.0,it ITA,"MF,FW"
4996,gianluca caprari,90,2024-2025,Gianluca Caprari,31.0,it ITA,"MF,FW"
4997,gianluca di chiara,92,2024-2025,Gianluca Di Chiara,30.0,it ITA,"DF,MF"
4998,gianluca frabotta,89,2022-2023,Gianluca Frabotta,23.0,it ITA,"DF,MF"
4999,gianluca gaetano,78,2023-2024,Gianluca Gaetano,23.0,it ITA,"MF,FW"
5000,gianluca gaetano,78,2024-2025,Gianluca Gaetano,24.0,it ITA,"MF,FW"
5001,gianluca gaetano,78,2025-2026,Gianluca Gaetano,25.0,Italy,F
5002,gianluca gaetano,91,2022-2023,Gianluca Gaetano,22.0,it ITA,MF
5003,gianluca gaetano,91,2023-2024,Gianluca Gaetano,23.0,it ITA,MF
5004,gianluca gaetano,91,2024-2025,Gianluca Gaetano,24.0,it ITA,MF
5005,gianluca lapadula,78,2023-2024,Gianluca Lapadula,33.0,pe PER,FW
5006,gianluca lapadula,78,2024-2025,Gianluca Lapadula,34.0,pe PER,FW
5007,gianluca mancini,94,2022-2023,Gianluca Mancini,26.0,it ITA,DF
5008,gianluca mancini,94,2023-2024,Gianluca Mancini,27.0,it ITA,DF
5009,gianluca mancini,94,2024-2025,Gianluca Mancini,28.0,it ITA,DF
5010,gianluca mancini,94,2025-2026,Gianluca Mancini,29.0,Italy,D
5011,gianluca pegolo,97,2022-2023,Gianluca Pegolo,41.0,it ITA,GK
5012,gianluca pegolo,97,2023-2024,Gianluca Pegolo,42.0,it ITA,GK
5013,gianluca saro,80,2022-2023,Gianluca Saro,22.0,it ITA,GK
5014,gianluca scamacca,50,2022-2023,Gianluca Scamacca,23.0,it ITA,FW
5015,gianluca scamacca,76,2023-2024,Gianluca Scamacca,24.0,it ITA,FW
5016,gianluca scamacca,76,2024-2025,Gianluca Scamacca,25.0,it ITA,FW
5017,gianluca scamacca,76,2025-2026,Gianluca Scamacca,27.0,Italy,F
5018,gianluigi donnarumma,42,2025-2026,Gianluigi Donnarumma,26.0,Italy,K
5019,gianluigi donnarumma,119,2022-2023,Gianluigi Donnarumma,23.0,it ITA,GK
5020,gianluigi donnarumma,119,2023-2024,Gianluigi Donnarumma,24.0,it ITA,GK
5021,gianluigi donnarumma,119,2024-2025,Gianluigi Donnarumma,25.0,it ITA,GK
5022,gideon mensah,104,2022-2023,Gideon Mensah,24.0,gh GHA,"DF,MF"
5023,gideon mensah,104,2024-2025,Gideon Mensah,26.0,gh GHA,"DF,MF"
5024,gideon mensah,104,2025-2026,Gideon Mensah,27.0,Ghana,D
5025,gift emmanuel orban,63,2024-2025,Gift Emmanuel Orban,22.0,Nigeria,F
5026,gift emmanuel orban,85,2025-2026,Gift Emmanuel Orban,23.0,Nigeria,F
5027,gift emmanuel orban,111,2023-2024,Gift Emmanuel Orban,21.0,Nigeria,F
5028,gift orban,63,2024-2025,Gift Orban,22.0,ng NGA,FW
5029,gift orban,111,2023-2024,Gift Orban,21.0,ng NGA,FW
5030,gift orban,111,2024-2025,Gift Orban,22.0,ng NGA,FW
5031,gil bastiao dias,71,2022-2023,Gil Bastião Dias,25.0,pt POR,FW
5032,gil dias,71,2022-2023,Gil Dias,26.0,Portugal,F
5033,gino caoki,110,2023-2024,Gino Caoki,19.0,fr FRA,FW
5034,gino infantino,82,2023-2024,Gino Infantino,20.0,ar ARG,MF
5035,gino infantino,82,2024-2025,Gino Infantino,21.0,ar ARG,MF
5036,gio reyna,45,2023-2024,Gio Reyna,20.0,us USA,MF
5037,gio reyna,56,2022-2023,Gio Reyna,19.0,us USA,MF
5038,gio reyna,56,2023-2024,Gio Reyna,20.0,us USA,MF
5039,gio reyna,56,2024-2025,Gio Reyna,21.0,us USA,MF
5040,gioele zacchi,97,2022-2023,Gioele Zacchi,19.0,it ITA,GK
5041,gioele zacchi,97,2025-2026,Gioele Zacchi,22.0,Italy,K
5042,giorgi abuashvili,113,2025-2026,Giorgi Abuashvili,22.0,Georgia,F
5043,giorgi gocholeishvili,60,2025-2026,Giorgi Gocholeishvili,24.0,Georgia,D
5044,giorgi kvernadze,83,2023-2024,Giorgi Kvernadze,20.0,ge GEO,FW
5045,giorgi kvilitaia,113,2025-2026,Giorgi Kvilitaia,32.0,Georgia,F
5046,giorgi mamardashvili,25,2022-2023,Giorgi Mamardashvili,21.0,ge GEO,GK
5047,giorgi mamardashvili,25,2023-2024,Giorgi Mamardashvili,22.0,ge GEO,GK
5048,giorgi mamardashvili,25,2024-2025,Giorgi Mamardashvili,23.0,ge GEO,GK
5049,giorgi mamardashvili,40,2024-2025,Giorgi Mamardashvili,24.0,Georgia,K
5050,giorgi mamardashvili,40,2025-2026,Giorgi Mamardashvili,25.0,Georgia,K
5051,giorgi tsitaishvili,113,2025-2026,Giorgi Tsitaishvili,25.0,Georgia,F
5052,giorgio altare,101,2024-2025,Giorgio Altare,25.0,it ITA,DF
5053,giorgio cittadini,84,2023-2024,Giorgio Cittadini,21.0,it ITA,DF
5054,giorgio cittadini,90,2023-2024,Giorgio Cittadini,21.0,it ITA,DF
5055,giorgio de marzi,94,2024-2025,Giorgio De Marzi,17.0,us USA,GK
5056,giorgio scalvini,76,2022-2023,Giorgio Scalvini,18.0,it ITA,DF
5057,giorgio scalvini,76,2023-2024,Giorgio Scalvini,19.0,it ITA,DF
5058,giorgio scalvini,76,2024-2025,Giorgio Scalvini,20.0,it ITA,DF
5059,giorgio scalvini,76,2025-2026,Giorgio Scalvini,22.0,Italy,D
5060,giorgos kyriakopoulos,77,2022-2023,Giorgos Kyriakopoulos,26.0,gr GRE,"DF,MF"
5061,giorgos kyriakopoulos,90,2023-2024,Giorgos Kyriakopoulos,27.0,gr GRE,"MF,DF"
5062,giorgos kyriakopoulos,90,2024-2025,Giorgos Kyriakopoulos,28.0,gr GRE,MF
5063,giorgos kyriakopoulos,97,2022-2023,Giorgos Kyriakopoulos,26.0,gr GRE,"FW,DF"
5064,giorgos masouras,55,2024-2025,Giorgos Masouras,30.0,gr GRE,FW
5065,giovane,91,2025-2026,Giovane,22.0,Brazil,F
5066,giovani lo celso,19,2024-2025,Giovani Lo Celso,28.0,ar ARG,MF
5067,giovani lo celso,19,2025-2026,Giovani Lo Celso,29.0,Argentina,F
5068,giovani lo celso,26,2022-2023,Giovani Lo Celso,26.0,ar ARG,"MF,FW"
5069,giovani lo celso,49,2023-2024,Giovani Lo Celso,27.0,ar ARG,MF
5070,giovanni bonfanti,76,2023-2024,Giovanni Bonfanti,20.0,it ITA,DF
5071,giovanni crociata,81,2022-2023,Giovanni Crociata,24.0,it ITA,MF
5072,giovanni daffara,87,2023-2024,Giovanni Daffara,18.0,it ITA,GK
5073,giovanni daffara,87,2024-2025,Giovanni Daffara,19.0,it ITA,GK
5074,giovanni di lorenzo,91,2022-2023,Giovanni Di Lorenzo,28.0,it ITA,DF
5075,giovanni di lorenzo,91,2023-2024,Giovanni Di Lorenzo,29.0,it ITA,DF
5076,giovanni di lorenzo,91,2024-2025,Giovanni Di Lorenzo,30.0,it ITA,DF
5077,giovanni di lorenzo,91,2025-2026,Giovanni Di Lorenzo,32.0,Italy,D
5078,giovanni fabbian,77,2023-2024,Giovanni Fabbian,20.0,it ITA,MF
5079,giovanni fabbian,77,2024-2025,Giovanni Fabbian,21.0,it ITA,MF
5080,giovanni fabbian,82,2025-2026,Giovanni Fabbian,23.0,Italy,F
5081,giovanni garofani,87,2022-2023,Giovanni Garofani,19.0,it ITA,GK
5082,giovanni garofani,87,2023-2024,Giovanni Garofani,20.0,it ITA,GK
5083,giovanni gonzalez,16,2022-2023,Giovanni González,27.0,uy URU,"DF,MF"
5084,giovanni gonzalez,16,2023-2024,Giovanni González,28.0,uy URU,DF
5085,giovanni leoni,40,2025-2026,Giovanni Leoni,19.0,Italy,D
5086,giovanni leoni,92,2024-2025,Giovanni Leoni,17.0,it ITA,DF
5087,giovanni reyna,45,2023-2024,Giovanni Reyna,21.0,United States,F
5088,giovanni reyna,56,2022-2023,Giovanni Reyna,20.0,United States,F
5089,giovanni reyna,56,2023-2024,Giovanni Reyna,,,
5090,giovanni reyna,56,2024-2025,Giovanni Reyna,22.0,United States,F
5091,giovanni reyna,67,2025-2026,Giovanni Reyna,23.0,United States,F
5092,giovanni simeone,91,2022-2023,Giovanni Simeone,27.0,ar ARG,FW
5093,giovanni simeone,91,2023-2024,Giovanni Simeone,28.0,ar ARG,FW
5094,giovanni simeone,91,2024-2025,Giovanni Simeone,29.0,ar ARG,FW
5095,giovanni simeone,99,2025-2026,Giovanni Simeone,30.0,Argentina,F
5096,giulian biancone,45,2022-2023,Giulian Biancone,22.0,fr FRA,"DF,MF"
5097,giuliano simeone,1,2023-2024,Giuliano Simeone,20.0,ar ARG,MF
5098,giuliano simeone,4,2024-2025,Giuliano Simeone,21.0,ar ARG,MF
5099,giuliano simeone,4,2025-2026,Giuliano Simeone,23.0,Argentina,F
5100,giulio donati,90,2022-2023,Giulio Donati,32.0,it ITA,"DF,MF"
5101,giulio donati,90,2023-2024,Giulio Donati,33.0,it ITA,DF
5102,giulio maggiore,95,2022-2023,Giulio Maggiore,24.0,it ITA,MF
5103,giulio maggiore,95,2023-2024,Giulio Maggiore,25.0,it ITA,MF
5104,giuseppe ambrosino,91,2025-2026,Giuseppe Ambrosino,22.0,Italy,F
5105,giuseppe caso,83,2023-2024,Giuseppe Caso,24.0,it ITA,FW
5106,giuseppe ciocci,78,2024-2025,Giuseppe Ciocci,22.0,it ITA,GK
5107,giuseppe ciocci,78,2025-2026,Giuseppe Ciocci,24.0,Italy,K
5108,giuseppe mazzaglia,79,2024-2025,Giuseppe Mazzaglia,18.0,it ITA,MF
5109,giuseppe pezzella,80,2025-2026,Giuseppe Pezzella,28.0,Italy,D
5110,giuseppe pezzella,81,2023-2024,Giuseppe Pezzella,25.0,it ITA,"MF,DF"
5111,giuseppe pezzella,81,2024-2025,Giuseppe Pezzella,26.0,it ITA,MF
5112,giuseppe pezzella,89,2022-2023,Giuseppe Pezzella,24.0,it ITA,DF
5113,gleison bremer,87,2022-2023,Gleison Bremer,25.0,br BRA,DF
5114,gleison bremer,87,2023-2024,Gleison Bremer,26.0,br BRA,DF
5115,gleison bremer,87,2024-2025,Gleison Bremer,27.0,br BRA,DF
5116,glen kamara,121,2024-2025,Glen Kamara,28.0,fi FIN,MF
5117,glen kamara,121,2025-2026,Glen Kamara,30.0,Finland,M
5118,glenn ngosso,115,2024-2025,Glenn Ngosso,21.0,Cameroon,F
5119,godson kyeremeh,107,2025-2026,Godson Kyeremeh,25.0,France,F
5120,goduine koyalipou,103,2025-2026,Goduine Koyalipou,25.0,Central African Republic,F
5121,goduine koyalipou,108,2024-2025,Goduine Koyalipou,24.0,cf CTA,FW
5122,godwill kukonki,43,2024-2025,Godwill Kukonki,16.0,eng ENG,DF
5123,goktan gurpuz,56,2022-2023,Göktan Gürpüz,20.0,Turkey,F
5124,goncalo guedes,22,2025-2026,Gonçalo Guedes,29.0,Portugal,F
5125,goncalo guedes,26,2023-2024,Gonçalo Guedes,26.0,pt POR,"FW,MF"
5126,goncalo guedes,51,2022-2023,Gonçalo Guedes,25.0,pt POR,"FW,MF"
5127,goncalo guedes,51,2024-2025,Gonçalo Guedes,27.0,pt POR,"MF,FW"
5128,goncalo paciencia,7,2022-2023,Gonçalo Paciência,27.0,pt POR,FW
5129,goncalo paciencia,7,2023-2024,Gonçalo Paciência,28.0,pt POR,FW
5130,goncalo paciencia,55,2023-2024,Gonçalo Paciência,28.0,pt POR,FW
5131,goncalo ramos,119,2023-2024,Gonçalo Ramos,22.0,pt POR,FW
5132,goncalo ramos,119,2024-2025,Gonçalo Ramos,23.0,pt POR,FW
5133,goncalo ramos,119,2025-2026,Gonçalo Ramos,24.0,Portugal,F
5134,gonzalo escalante,6,2022-2023,Gonzalo Escalante,29.0,ar ARG,MF
5135,gonzalo escalante,6,2023-2024,Gonzalo Escalante,30.0,ar ARG,MF
5136,gonzalo escalante,80,2022-2023,Gonzalo Escalante,29.0,ar ARG,MF
5137,gonzalo garcia,20,2023-2024,Gonzalo García,19.0,es ESP,MF
5138,gonzalo garcia,20,2024-2025,Gonzalo García,20.0,es ESP,MF
5139,gonzalo garcia,20,2025-2026,Gonzalo García,21.0,Spain,F
5140,gonzalo melero,2,2022-2023,Gonzalo Melero,28.0,es ESP,MF
5141,gonzalo melero,2,2023-2024,Gonzalo Melero,29.0,es ESP,"MF,FW"
5142,gonzalo montiel,24,2022-2023,Gonzalo Montiel,25.0,ar ARG,DF
5143,gonzalo montiel,24,2023-2024,Gonzalo Montiel,26.0,ar ARG,DF
5144,gonzalo montiel,24,2024-2025,Gonzalo Montiel,27.0,ar ARG,DF
5145,gonzalo montiel,45,2023-2024,Gonzalo Montiel,26.0,ar ARG,DF
5146,gonzalo plata,23,2022-2023,Gonzalo Plata,21.0,ec ECU,"FW,MF"
5147,gonzalo verdu,8,2022-2023,Gonzalo Verdú,33.0,es ESP,DF
5148,gonzalo villar,8,2025-2026,Gonzalo Villar,27.0,Spain,M
5149,gonzalo villar,10,2022-2023,Gonzalo Villar,24.0,es ESP,MF
5150,gonzalo villar,12,2023-2024,Gonzalo Villar,25.0,es ESP,MF
5151,gonzalo villar,96,2022-2023,Gonzalo Villar,24.0,es ESP,MF
5152,gor manvelyan,116,2022-2023,Gor Manvelyan,20.0,France,F
5153,gorka guruzeta,3,2022-2023,Gorka Guruzeta,25.0,es ESP,FW
5154,gorka guruzeta,3,2023-2024,Gorka Guruzeta,26.0,es ESP,FW
5155,gorka guruzeta,3,2024-2025,Gorka Guruzeta,27.0,es ESP,FW
5156,gorka guruzeta,3,2025-2026,Gorka Guruzeta,29.0,Spain,F
5157,gorka rivera,10,2023-2024,Gorka Rivera,,,
5158,gorka rivera,10,2024-2025,Gorka Rivera,,,
5159,gorka rivera alonso,10,2022-2023,Gorka Rivera Alonso,17.0,es ESP,DF
5160,gorka rivera alonso,10,2023-2024,Gorka Rivera Alonso,18.0,es ESP,DF
5161,gorka rivera alonso,10,2024-2025,Gorka Rivera Alonso,19.0,es ESP,DF
5162,grady diangana,8,2025-2026,Grady Diangana,27.0,Democratic Republic of the Congo,F
5163,granit xhaka,27,2022-2023,Granit Xhaka,29.0,ch SUI,MF
5164,granit xhaka,48,2025-2026,Granit Xhaka,33.0,Switzerland,M
5165,granit xhaka,53,2023-2024,Granit Xhaka,30.0,ch SUI,MF
5166,granit xhaka,53,2024-2025,Granit Xhaka,31.0,ch SUI,MF
5167,grant ranos,67,2023-2024,Grant Ranos,20.0,am ARM,FW
5168,grant ranos,67,2024-2025,Grant Ranos,21.0,am ARM,FW
5169,grant-leon ranos,67,2023-2024,Grant-Leon Ranos,20.0,Armenia,F
5170,grant-leon ranos,67,2025-2026,Grant-Leon Ranos,22.0,Armenia,F
5171,grant-leon ranosborussia m.,67,2023-2024,Grant-Leon RanosBorussia M.,,,
5172,grant-leon ranosborussia m.,67,2024-2025,Grant-Leon RanosBorussia M.,,,
5173,gregoire coudert,105,2022-2023,Grégoire Coudert,23.0,France,K
5174,gregoire coudert,105,2023-2024,Grégoire Coudert,24.0,fr FRA,GK
5175,gregoire coudert,105,2024-2025,Grégoire Coudert,25.0,fr FRA,GK
5176,gregoire coudert,105,2025-2026,Grégoire Coudert,26.0,France,K
5177,gregoire defrel,97,2022-2023,Grégoire Defrel,31.0,mq MTQ,FW
5178,gregoire defrel,97,2023-2024,Grégoire Defrel,32.0,mq MTQ,"MF,FW"
5179,gregoire swiderski,1,2024-2025,Grégoire Swiderski,18.0,ca CAN,GK
5180,gregor kobel,56,2022-2023,Gregor Kobel,24.0,ch SUI,GK
5181,gregor kobel,56,2023-2024,Gregor Kobel,25.0,ch SUI,GK
5182,gregor kobel,56,2024-2025,Gregor Kobel,26.0,ch SUI,GK
5183,gregor kobel,56,2025-2026,Gregor Kobel,28.0,Switzerland,K
5184,gregorio salvati,95,2023-2024,Gregorio Salvati,18.0,it ITA,GK
5185,grejohn kyei,106,2022-2023,Grejohn Kyei,26.0,fr FRA,FW
5186,grejohn kyei,106,2023-2024,Grejohn Kyei,27.0,fr FRA,FW
5187,grigoris kastanos,85,2024-2025,Grigoris Kastanos,26.0,cy CYP,"MF,FW"
5188,grigoris kastanos,95,2022-2023,Grigoris Kastanos,24.0,cy CYP,MF
5189,grigoris kastanos,95,2023-2024,Grigoris Kastanos,25.0,cy CYP,MF
5190,grischa promel,63,2022-2023,Grischa Prömel,27.0,de GER,MF
5191,grischa promel,63,2023-2024,Grischa Prömel,28.0,de GER,MF
5192,grischa promel,63,2024-2025,Grischa Prömel,29.0,de GER,MF
5193,grischa promel,63,2025-2026,Grischa Prömel,31.0,Germany,M
5194,guela doue,121,2022-2023,Guéla Doué,19.0,ci CIV,DF
5195,guela doue,121,2023-2024,Guéla Doué,20.0,ci CIV,DF
5196,guela doue,123,2024-2025,Guéla Doué,21.0,ci CIV,"DF,MF"
5197,guela doue,123,2025-2026,Guela Doué,23.0,Cote d'Ivoire,D
5198,guglielmo vicario,49,2023-2024,Guglielmo Vicario,26.0,it ITA,GK
5199,guglielmo vicario,49,2024-2025,Guglielmo Vicario,27.0,it ITA,GK
5200,guglielmo vicario,49,2025-2026,Guglielmo Vicario,29.0,Italy,K
5201,guglielmo vicario,81,2022-2023,Guglielmo Vicario,25.0,it ITA,GK
5202,gui guedes,2,2022-2023,Gui Guedes,20.0,pt POR,MF
5203,gui guedes,2,2023-2024,Gui Guedes,21.0,pt POR,MF
5204,guido rodriguez,19,2022-2023,Guido Rodríguez,28.0,ar ARG,MF
5205,guido rodriguez,19,2023-2024,Guido Rodríguez,29.0,ar ARG,MF
5206,guido rodriguez,25,2025-2026,Guido Rodríguez,31.0,Argentina,M
5207,guido rodriguez,50,2024-2025,Guido Rodríguez,30.0,ar ARG,MF
5208,guilherme fernandes,19,2023-2024,Guilherme Fernandes,22.0,pt POR,GK
5209,guilherme fernandes,19,2024-2025,Guilherme Fernandes,23.0,pt POR,GK
5210,guillaume dietsch,113,2023-2024,Guillaume Dietsch,22.0,fr FRA,GK
5211,guillaume restes,124,2023-2024,Guillaume Restes,18.0,fr FRA,GK
5212,guillaume restes,124,2024-2025,Guillaume Restes,19.0,fr FRA,GK
5213,guillaume restes,124,2025-2026,Guillaume Restes,20.0,France,K
5214,guille bueno,56,2023-2024,Guille Bueno,20.0,es ESP,DF
5215,guillem cortinas,10,2024-2025,Guillem Cortiñas,21.0,es ESP,DF
5216,guillermo fernandez,5,2024-2025,Guillermo Fernandez,16.0,es ESP,MF
5217,guillermo maripan,99,2024-2025,Guillermo Maripán,30.0,cl CHI,DF
5218,guillermo maripan,99,2025-2026,Guillermo Maripán,31.0,Chile,D
5219,guillermo maripan,114,2022-2023,Guillermo Maripán,28.0,cl CHI,DF
5220,guillermo maripan,114,2023-2024,Guillermo Maripán,29.0,cl CHI,DF
5221,guillermo ochoa,95,2022-2023,Guillermo Ochoa,37.0,mx MEX,GK
5222,guillermo ochoa,95,2023-2024,Guillermo Ochoa,38.0,mx MEX,GK
5223,guillermo ruiz,14,2024-2025,Guillermo Ruiz,20.0,es ESP,GK
5224,gustav isaksen,88,2023-2024,Gustav Isaksen,22.0,dk DEN,"FW,MF"
5225,gustav isaksen,88,2024-2025,Gustav Isaksen,23.0,dk DEN,MF
5226,gustav isaksen,88,2025-2026,Gustav Isaksen,24.0,Denmark,F
5227,gustavo hamer,46,2023-2024,Gustavo Hamer,26.0,nl NED,MF
5228,gustavo nunes,30,2024-2025,Gustavo Nunes,18.0,br BRA,MF
5229,gustavo nunes,30,2025-2026,Gustavo Nunes,20.0,Brazil,F
5230,gustavo puerta,53,2023-2024,Gustavo Puerta,20.0,co COL,MF
5231,gustavo scarpa,45,2022-2023,Gustavo Scarpa,28.0,br BRA,MF
5232,guy-noel zohouri,107,2025-2026,Guy-Noël Zohouri,19.0,Cote d'Ivoire,M
5233,gvidas gineitis,99,2022-2023,Gvidas Gineitis,18.0,lt LTU,MF
5234,gvidas gineitis,99,2023-2024,Gvidas Gineitis,19.0,lt LTU,MF
5235,gvidas gineitis,99,2024-2025,Gvidas Gineitis,20.0,lt LTU,MF
5236,gvidas gineitis,99,2025-2026,Gvidas Gineitis,21.0,Lithuania,M
5237,habeeb ogunneye,43,2023-2024,Habeeb Ogunneye,18.0,eng ENG,DF
5238,habeeb ogunneye,43,2025-2026,Habeeb Ogunneye,19.0,England,D
5239,habib diallo,113,2025-2026,Habib Diallo,30.0,Senegal,F
5240,habib diallo,123,2022-2023,Habib Diallo,27.0,sn SEN,FW
5241,habib diarra,48,2025-2026,Habib Diarra,22.0,Senegal,M
5242,habib diarra,123,2022-2023,Habib Diarra,18.0,sn SEN,"MF,FW"
5243,habib diarra,123,2023-2024,Habib Diarra,19.0,sn SEN,"MF,FW"
5244,habib diarra,123,2024-2025,Habib Diarra,20.0,sn SEN,"MF,FW"
5245,habib keita,106,2023-2024,Habib Keïta,21.0,ml MLI,MF
5246,habib maiga,113,2023-2024,Habib Maïga,27.0,ci CIV,MF
5247,hafiz ibrahim,120,2024-2025,Hafiz Ibrahim,18.0,ng NGA,FW
5248,haissem hassan,21,2025-2026,Haissem Hassan,23.0,France,F
5249,haissem hassan,26,2022-2023,Haissem Hassan,20.0,eg EGY,MF
5250,hakan calhanoglu,86,2022-2023,Hakan Çalhanoglu,28.0,tr TUR,MF
5251,hakan calhanoglu,86,2023-2024,Hakan Çalhanoglu,29.0,tr TUR,MF
5252,hakan calhanoglu,86,2024-2025,Hakan Çalhanoglu,30.0,tr TUR,MF
5253,hakan calhanoglu,86,2025-2026,Hakan Çalhanoğlu,31.0,Turkey,M
5254,hakim ziyech,33,2022-2023,Hakim Ziyech,29.0,ma MAR,"MF,FW"
5255,hakon arnar haraldsson,109,2023-2024,Hákon Arnar Haraldsson,20.0,Iceland,F
5256,hakon arnar haraldsson,109,2024-2025,Hákon Arnar Haraldsson,21.0,Iceland,F
5257,hakon arnar haraldsson,109,2025-2026,Hákon Arnar Haraldsson,22.0,Iceland,F
5258,hakon haraldsson,109,2023-2024,Hákon Haraldsson,20.0,is ISL,"MF,FW"
5259,hakon haraldsson,109,2024-2025,Hákon Haraldsson,21.0,is ISL,MF
5260,hakon rafn valdimarsson,30,2023-2024,Hákon Rafn Valdimarsson,22.0,Iceland,K
5261,hakon rafn valdimarsson,30,2024-2025,Hákon Rafn Valdimarsson,23.0,Iceland,K
5262,hakon rafn valdimarsson,30,2025-2026,Hákon Rafn Valdimarsson,24.0,Iceland,K
5263,hakon valdimarsson,30,2023-2024,Hákon Valdimarsson,21.0,is ISL,GK
5264,hakon valdimarsson,30,2024-2025,Hákon Valdimarsson,22.0,is ISL,GK
5265,halid sabanovic,103,2022-2023,Halid Sabanovic,22.0,ba BIH,"DF,MF"
5266,halid sabanovic,103,2024-2025,Halid Sabanovic,25.0,Bosnia-Herzegovina,D
5267,halil dervisoglu,30,2022-2023,Halil Dervisoglu,22.0,tr TUR,FW
5268,hamari traore,22,2023-2024,Hamari Traoré,31.0,ml MLI,DF
5269,hamari traore,22,2024-2025,Hamari Traoré,32.0,ml MLI,DF
5270,hamari traore,118,2025-2026,Hamari Traoré,34.0,Mali,D
5271,hamari traore,121,2022-2023,Hamari Traoré,30.0,ml MLI,DF
5272,hamed junior traore,29,2022-2023,Hamed Junior Traorè,22.0,ci CIV,MF
5273,hamed junior traore,29,2023-2024,Hamed Junior Traorè,23.0,ci CIV,MF
5274,hamed junior traore,29,2024-2025,Hamed Junior Traorè,24.0,ci CIV,MF
5275,hamed junior traore,91,2023-2024,Hamed Junior Traorè,23.0,ci CIV,MF
5276,hamed junior traore,97,2022-2023,Hamed Junior Traorè,22.0,ci CIV,"MF,FW"
5277,hamed junior traore,104,2024-2025,Hamed Junior Traorè,24.0,ci CIV,MF
5278,hamed junior traore,112,2025-2026,Hamed Junior Traorè,25.0,Cote d'Ivoire,F
5279,hamed traore,29,2022-2023,Hamed Traoré,,,
5280,hamed traore,29,2023-2024,Hamed Traoré,,,
5281,hamed traore,91,2023-2024,Hamed Traoré,,,
5282,hamed traore,97,2022-2023,Hamed Traoré,,,
5283,hamed traore,104,2024-2025,Hamed Traoré,,,
5284,hamidou makalou,105,2024-2025,Hamidou Makalou,18.0,ml MLI,MF
5285,hamidou makalou,105,2025-2026,Hamidou Makalou,19.0,Mali,M
5286,hamza bellari,25,2024-2025,Hamza Bellari,21.0,es ESP,FW
5287,hamza choudhury,39,2024-2025,Hamza Choudhury,26.0,bd BAN,MF
5288,hamza haoudi,83,2023-2024,Hamza Haoudi,22.0,it ITA,MF
5289,hamza igamane,109,2025-2026,Hamza Igamane,23.0,Morocco,F
5290,hamza rafia,89,2023-2024,Hamza Rafia,24.0,tn TUN,MF
5291,hamza rafia,89,2024-2025,Hamza Rafia,25.0,tn TUN,MF
5292,hamza sakhi,104,2022-2023,Hamza Sakhi,26.0,fr FRA,MF
5293,hamzat ojediran,108,2024-2025,Hamzat Ojediran,20.0,ng NGA,MF
5294,han-noah massengo,32,2023-2024,Han-Noah Massengo,22.0,fr FRA,MF
5295,han-noah massengo,52,2025-2026,Han-Noah Massengo,24.0,France,M
5296,han-noah massengo,104,2022-2023,Han-Noah Massengo,21.0,fr FRA,MF
5297,han-noah massengo,104,2024-2025,Han-Noah Massengo,23.0,fr FRA,MF
5298,hannes behrens,63,2024-2025,Hannes Behrens,19.0,de GER,DF
5299,hannes delcroix,32,2023-2024,Hannes Delcroix,24.0,ht HAI,DF
5300,hannes hermann,60,2025-2026,Hannes Hermann,20.0,Germany,K
5301,hannes wolf,67,2022-2023,Hannes Wolf,23.0,at AUT,MF
5302,hannes wolfborussia m.,67,2022-2023,Hannes WolfBorussia M.,,,
5303,hannibal,24,2023-2024,Hannibal,21.0,Tunisia,F
5304,hannibal,32,2025-2026,Hannibal,23.0,Tunisia,F
5305,hannibal mejbri,24,2023-2024,Hannibal Mejbri,20.0,tn TUN,MF
5306,hannibal mejbri,43,2023-2024,Hannibal Mejbri,20.0,tn TUN,MF
5307,hans hateboer,76,2022-2023,Hans Hateboer,28.0,nl NED,"MF,DF"
5308,hans hateboer,76,2023-2024,Hans Hateboer,29.0,nl NED,MF
5309,hans hateboer,111,2025-2026,Hans Hateboer,32.0,Netherlands,D
5310,hans hateboer,121,2024-2025,Hans Hateboer,30.0,nl NED,"DF,MF"
5311,hans nicolussi caviglia,87,2023-2024,Hans Nicolussi Caviglia,23.0,it ITA,MF
5312,hans nicolussi caviglia,92,2025-2026,Hans Nicolussi Caviglia,25.0,Italy,M
5313,hans nicolussi caviglia,95,2022-2023,Hans Nicolussi Caviglia,22.0,it ITA,MF
5314,hans nicolussi caviglia,101,2024-2025,Hans Nicolussi Caviglia,24.0,it ITA,MF
5315,haris belkebla,103,2024-2025,Haris Belkebla,30.0,dz ALG,MF
5316,haris belkebla,103,2025-2026,Haris Belkebla,32.0,Algeria,M
5317,haris belkebla,105,2022-2023,Haris Belkebla,28.0,dz ALG,MF
5318,haris seferovic,7,2022-2023,Haris Seferovic,30.0,ch SUI,FW
5319,haris tabakovic,63,2024-2025,Haris Tabakovic,30.0,ba BIH,FW
5320,haris tabakovic,67,2025-2026,Haris Tabakovic,31.0,Bosnia-Herzegovina,F
5321,harouna djibirin,103,2025-2026,Harouna Djibirin,19.0,Cameroon,F
5322,harpreet ghotra,58,2023-2024,Harpreet Ghotra,21.0,Germany,M
5323,harrison armstrong,35,2024-2025,Harrison Armstrong,17.0,eng ENG,MF
5324,harrison armstrong,35,2025-2026,Harrison Armstrong,19.0,England,M
5325,harrison ashby,44,2022-2023,Harrison Ashby,20.0,sct SCO,"DF,MF"
5326,harrison ashby,44,2024-2025,Harrison Ashby,23.0,Scotland,D
5327,harrison ashby,44,2025-2026,Harrison Ashby,24.0,Scotland,D
5328,harrison ashby,50,2022-2023,Harrison Ashby,20.0,sct SCO,"DF,MF"
5329,harrison jones,48,2025-2026,Harrison Jones,21.0,England,F
5330,harrison reed,36,2022-2023,Harrison Reed,27.0,eng ENG,MF
5331,harrison reed,36,2023-2024,Harrison Reed,28.0,eng ENG,MF
5332,harrison reed,36,2024-2025,Harrison Reed,29.0,eng ENG,MF
5333,harrison reed,36,2025-2026,Harrison Reed,31.0,England,M
5334,harry amass,43,2023-2024,Harry Amass,16.0,eng ENG,MF
5335,harry amass,43,2024-2025,Harry Amass,17.0,eng ENG,MF
5336,harry arter,45,2022-2023,Harry Arter,33.0,Ireland,M
5337,harry arter,45,2023-2024,Harry Arter,34.0,Ireland,M
5338,harry clarke,37,2024-2025,Harry Clarke,23.0,eng ENG,DF
5339,harry gray,38,2025-2026,Harry Gray,17.0,England,F
5340,harry howell,31,2024-2025,Harry Howell,16.0,eng ENG,FW
5341,harry kane,49,2022-2023,Harry Kane,29.0,eng ENG,FW
5342,harry kane,54,2023-2024,Harry Kane,30.0,eng ENG,FW
5343,harry kane,54,2024-2025,Harry Kane,31.0,eng ENG,FW
5344,harry kane,54,2025-2026,Harry Kane,32.0,England,F
5345,harry maguire,43,2022-2023,Harry Maguire,29.0,eng ENG,DF
5346,harry maguire,43,2023-2024,Harry Maguire,30.0,eng ENG,DF
5347,harry maguire,43,2024-2025,Harry Maguire,31.0,eng ENG,DF
5348,harry maguire,43,2025-2026,Harry Maguire,32.0,England,D
5349,harry souttar,39,2022-2023,Harry Souttar,23.0,au AUS,DF
5350,harry souttar,39,2024-2025,Harry Souttar,26.0,Australia,D
5351,harry toffolo,45,2022-2023,Harry Toffolo,26.0,eng ENG,"DF,MF"
5352,harry toffolo,45,2023-2024,Harry Toffolo,27.0,eng ENG,"DF,MF"
5353,harry toffolo,45,2024-2025,Harry Toffolo,28.0,eng ENG,DF
5354,harry wilson,36,2022-2023,Harry Wilson,25.0,wls WAL,MF
5355,harry wilson,36,2023-2024,Harry Wilson,26.0,wls WAL,"MF,FW"
5356,harry wilson,36,2024-2025,Harry Wilson,27.0,wls WAL,"MF,FW"
5357,harry wilson,36,2025-2026,Harry Wilson,28.0,Wales,F
5358,harry winks,39,2024-2025,Harry Winks,28.0,eng ENG,MF
5359,harry winks,96,2022-2023,Harry Winks,26.0,eng ENG,MF
5360,harvey barnes,39,2022-2023,Harvey Barnes,24.0,eng ENG,"MF,FW"
5361,harvey barnes,44,2023-2024,Harvey Barnes,25.0,eng ENG,"FW,MF"
5362,harvey barnes,44,2024-2025,Harvey Barnes,26.0,eng ENG,"FW,MF"
5363,harvey barnes,44,2025-2026,Harvey Barnes,28.0,England,F
5364,harvey davies,40,2022-2023,Harvey Davies,18.0,eng ENG,GK
5365,harvey davies,40,2024-2025,Harvey Davies,20.0,eng ENG,GK
5366,harvey davies,40,2025-2026,Harvey Davies,22.0,England,K
5367,harvey elliott,28,2025-2026,Harvey Elliott,22.0,England,F
5368,harvey elliott,40,2022-2023,Harvey Elliott,19.0,eng ENG,MF
5369,harvey elliott,40,2023-2024,Harvey Elliott,20.0,eng ENG,"MF,FW"
5370,harvey elliott,40,2024-2025,Harvey Elliott,21.0,eng ENG,MF
5371,harvey griffiths,51,2022-2023,Harvey Griffiths,18.0,eng ENG,MF
5372,harvey griffiths,51,2023-2024,Harvey Griffiths,19.0,eng ENG,MF
5373,harvey vale,33,2022-2023,Harvey Vale,18.0,ie IRL,MF
5374,harvey white,49,2022-2023,Harvey White,20.0,eng ENG,MF
5375,hassane kamara,100,2023-2024,Hassane Kamara,29.0,ci CIV,MF
5376,hassane kamara,100,2024-2025,Hassane Kamara,30.0,ci CIV,"MF,DF"
5377,hassane kamara,100,2025-2026,Hassane Kamara,31.0,Cote d'Ivoire,D
5378,hauke wahl,70,2024-2025,Hauke Wahl,30.0,de GER,DF
5379,hauke wahl,70,2025-2026,Hauke Wahl,31.0,Germany,D
5380,hector bellerin,5,2022-2023,Héctor Bellerín,27.0,es ESP,DF
5381,hector bellerin,19,2023-2024,Héctor Bellerín,28.0,es ESP,DF
5382,hector bellerin,19,2024-2025,Héctor Bellerín,29.0,es ESP,DF
5383,hector bellerin,19,2025-2026,Héctor Bellerín,30.0,Spain,D
5384,hector fort,5,2023-2024,Héctor Fort,16.0,es ESP,DF
5385,hector fort,5,2024-2025,Héctor Fort,17.0,es ESP,DF
5386,hector fort,8,2025-2026,Héctor Fort,19.0,Spain,D
5387,hee-chan hwang,51,2022-2023,Hee-chan Hwang,27.0,South Korea,F
5388,hee-chan hwang,51,2023-2024,Hee-chan Hwang,28.0,South Korea,F
5389,hee-chan hwang,51,2024-2025,Hee-chan Hwang,29.0,South Korea,F
5390,hee-chan hwang,51,2025-2026,Hee-chan Hwang,30.0,South Korea,F
5391,helibelton palacios,8,2022-2023,Helibelton Palacios,29.0,co COL,"DF,MF"
5392,hendry blank,56,2023-2024,Hendry Blank,18.0,de GER,DF
5393,hennes behrens,61,2025-2026,Hennes Behrens,21.0,Germany,D
5394,hennes behrens,63,2024-2025,Hennes Behrens,,,
5395,henning matriciani,69,2022-2023,Henning Matriciani,22.0,de GER,DF
5396,henri koudossou,52,2024-2025,Henri Koudossou,24.0,de GER,MF
5397,henrijs auseklis,78,2024-2025,Henrijs Auseklis,17.0,lv LVA,GK
5398,henrik meister,93,2025-2026,Henrik Meister,22.0,Denmark,F
5399,henrik meister,121,2024-2025,Henrik Meister,20.0,dk DEN,FW
5400,henrikh mkhitaryan,86,2022-2023,Henrikh Mkhitaryan,33.0,am ARM,MF
5401,henrikh mkhitaryan,86,2023-2024,Henrikh Mkhitaryan,34.0,am ARM,MF
5402,henrikh mkhitaryan,86,2024-2025,Henrikh Mkhitaryan,35.0,am ARM,MF
5403,henrikh mkhitaryan,86,2025-2026,Henrikh Mkhitaryan,37.0,Armenia,M
5404,henrique,23,2024-2025,Henrique,30.0,br BRA,DF
5405,henrique,111,2022-2023,Henrique,28.0,br BRA,"DF,MF"
5406,henrique,111,2023-2024,Henrique,29.0,br BRA,"DF,MF"
5407,henrique menke,79,2025-2026,Henrique Menke,19.0,Brazil,K
5408,henry cartwright,39,2024-2025,Henry Cartwright,19.0,eng ENG,MF
5409,herba guirassy,116,2024-2025,Herba Guirassy,18.0,Guinea,F
5410,herba guirassy,116,2025-2026,Herba Guirassy,19.0,France,F
5411,herculano nabian,81,2022-2023,Herculano Nabian,18.0,pt POR,FW
5412,hernani,92,2024-2025,Hernani,30.0,br BRA,MF
5413,herve koffi,103,2025-2026,Hervé Koffi,29.0,Burkina Faso,K
5414,herve koffi,108,2024-2025,Hervé Koffi,27.0,bf BFA,GK
5415,heung-min son,49,2022-2023,Heung-min Son,30.0,South Korea,F
5416,heung-min son,49,2023-2024,Heung-min Son,31.0,South Korea,F
5417,heung-min son,49,2024-2025,Heung-min Son,32.0,South Korea,F
5418,hianga'a mbock,105,2022-2023,Hianga'a Mbock,22.0,fr FRA,MF
5419,hianga'a mbock,105,2023-2024,Hianga'a Mbock,23.0,fr FRA,MF
5420,hianga'a mbock,105,2024-2025,Hianga'a Mbock,24.0,fr FRA,MF
5421,hicham boudaoui,117,2022-2023,Hicham Boudaoui,22.0,dz ALG,MF
5422,hicham boudaoui,117,2023-2024,Hicham Boudaoui,23.0,dz ALG,MF
5423,hicham boudaoui,117,2024-2025,Hicham Boudaoui,24.0,dz ALG,MF
5424,hicham boudaoui,117,2025-2026,Hicham Boudaoui,26.0,Algeria,M
5425,himad abdelli,103,2022-2023,Himad Abdelli,22.0,dz ALG,"MF,FW"
5426,himad abdelli,103,2024-2025,Himad Abdelli,24.0,dz ALG,MF
5427,himad abdelli,112,2025-2026,Himad Abdelli,26.0,Algeria,F
5428,hiroki ito,54,2024-2025,Hiroki Ito,25.0,jp JPN,DF
5429,hiroki ito,54,2025-2026,Hiroki Ito,26.0,Japan,D
5430,hiroki ito,71,2022-2023,Hiroki Ito,23.0,jp JPN,DF
5431,hiroki ito,71,2023-2024,Hiroki Ito,24.0,jp JPN,DF
5432,hiroki sekine,120,2024-2025,Hiroki Sekine,21.0,jp JPN,DF
5433,hirving lozano,91,2022-2023,Hirving Lozano,27.0,mx MEX,"FW,MF"
5434,hirving lozano,91,2023-2024,Hirving Lozano,28.0,mx MEX,"FW,MF"
5435,hjalmar ekdal,32,2023-2024,Hjalmar Ekdal,24.0,se SWE,DF
5436,hjalmar ekdal,32,2025-2026,Hjalmar Ekdal,27.0,Sweden,D
5437,honest ahanor,76,2025-2026,Honest Ahanor,17.0,Nigeria,D
5438,honest ahanor,84,2024-2025,Honest Ahanor,16.0,it ITA,"MF,DF"
5439,hong hyun-seok,66,2024-2025,Hong Hyun-Seok,,,
5440,hong hyunseok,66,2024-2025,Hong Hyunseok,25.0,kr KOR,MF
5441,horatiu moldovan,4,2023-2024,Horaţiu Moldovan,25.0,ro ROU,GK
5442,horatiu moldovan,4,2024-2025,Horaţiu Moldovan,26.0,ro ROU,GK
5443,horatiu moldovan,21,2025-2026,Horațiu Moldovan,28.0,Romania,K
5444,houboulang mendes,2,2022-2023,Houboulang Mendes,24.0,gw GNB,DF
5445,houboulang mendes,2,2023-2024,Houboulang Mendes,25.0,gw GNB,DF
5446,houssem aouar,94,2023-2024,Houssem Aouar,25.0,dz ALG,"MF,FW"
5447,houssem aouar,111,2022-2023,Houssem Aouar,24.0,dz ALG,"MF,FW"
5448,hrvoje smolcic,58,2022-2023,Hrvoje Smolcic,21.0,hr CRO,DF
5449,hrvoje smolcic,58,2023-2024,Hrvoje Smolcic,22.0,hr CRO,DF
5450,hubert graczyk,43,2024-2025,Hubert Graczyk,21.0,pl POL,GK
5451,hubert idasiak,91,2022-2023,Hubert Idasiak,20.0,pl POL,GK
5452,hubert idasiak,91,2023-2024,Hubert Idasiak,21.0,pl POL,GK
5453,hugo alvarez,7,2022-2023,Hugo Álvarez,19.0,es ESP,"DF,MF"
5454,hugo alvarez,7,2023-2024,Hugo Álvarez,20.0,es ESP,"MF,FW"
5455,hugo alvarez,7,2024-2025,Hugo Álvarez,21.0,es ESP,MF
5456,hugo alvarez,7,2025-2026,Hugo Álvarez,22.0,Spain,F
5457,hugo barbet,116,2024-2025,Hugo Barbet,23.0,France,K
5458,hugo bolin,67,2025-2026,Hugo Bolin,22.0,Sweden,M
5459,hugo boutsingkham,116,2023-2024,Hugo Boutsingkham,20.0,fr FRA,DF
5460,hugo bueno,51,2022-2023,Hugo Bueno,19.0,es ESP,DF
5461,hugo bueno,51,2023-2024,Hugo Bueno,20.0,es ESP,"MF,DF"
5462,hugo bueno,51,2024-2025,Hugo Bueno,22.0,Spain,D
5463,hugo bueno,51,2025-2026,Hugo Bueno,23.0,Spain,D
5464,hugo cuenca,75,2024-2025,Hugo Cuenca,19.0,py PAR,MF
5465,hugo cuenca,84,2024-2025,Hugo Cuenca,19.0,py PAR,MF
5466,hugo duro,25,2022-2023,Hugo Duro,22.0,es ESP,FW
5467,hugo duro,25,2023-2024,Hugo Duro,23.0,es ESP,FW
5468,hugo duro,25,2024-2025,Hugo Duro,24.0,es ESP,FW
5469,hugo duro,25,2025-2026,Hugo Duro,26.0,Spain,F
5470,hugo ekitike,40,2025-2026,Hugo Ekitiké,23.0,France,F
5471,hugo ekitike,58,2023-2024,Hugo Ekitiké,21.0,fr FRA,FW
5472,hugo ekitike,58,2024-2025,Hugo Ekitiké,22.0,fr FRA,FW
5473,hugo ekitike,119,2022-2023,Hugo Ekitiké,20.0,fr FRA,FW
5474,hugo ekitike,119,2023-2024,Hugo Ekitiké,21.0,fr FRA,FW
5475,hugo gonzalez,25,2023-2024,Hugo González,20.0,es ESP,FW
5476,hugo guillamon,25,2022-2023,Hugo Guillamón,22.0,es ESP,MF
5477,hugo guillamon,25,2023-2024,Hugo Guillamón,23.0,es ESP,MF
5478,hugo guillamon,25,2024-2025,Hugo Guillamón,24.0,es ESP,MF
5479,hugo larsson,58,2023-2024,Hugo Larsson,19.0,se SWE,MF
5480,hugo larsson,58,2024-2025,Hugo Larsson,20.0,se SWE,MF
5481,hugo larsson,58,2025-2026,Hugo Larsson,21.0,Sweden,M
5482,hugo lloris,49,2022-2023,Hugo Lloris,35.0,fr FRA,GK
5483,hugo magnetti,105,2022-2023,Hugo Magnetti,24.0,fr FRA,MF
5484,hugo magnetti,105,2023-2024,Hugo Magnetti,25.0,fr FRA,MF
5485,hugo magnetti,105,2024-2025,Hugo Magnetti,26.0,fr FRA,MF
5486,hugo magnetti,105,2025-2026,Hugo Magnetti,27.0,France,M
5487,hugo mallo,7,2022-2023,Hugo Mallo,31.0,es ESP,DF
5488,hugo novoa,1,2024-2025,Hugo Novoa,21.0,es ESP,"MF,DF"
5489,hugo novoa,68,2022-2023,Hugo Novoa,19.0,es ESP,MF
5490,hugo novoa,68,2023-2024,Hugo Novoa,20.0,es ESP,"DF,MF"
5491,hugo rincon,3,2023-2024,Hugo Rincón,20.0,es ESP,"DF,MF"
5492,hugo rincon,11,2025-2026,Hugo Rincón,23.0,Spain,D
5493,hugo rolleke,55,2023-2024,Hugo Rölleke,18.0,de GER,GK
5494,hugo siquet,59,2022-2023,Hugo Siquet,20.0,be BEL,"DF,MF"
5495,hugo solozabal,14,2024-2025,Hugo Solozabal,21.0,es ESP,MF
5496,hugo sotelo,7,2022-2023,Hugo Sotelo,18.0,es ESP,MF
5497,hugo sotelo,7,2023-2024,Hugo Sotelo,19.0,es ESP,MF
5498,hugo sotelo,7,2024-2025,Hugo Sotelo,20.0,es ESP,MF
5499,hugo sotelo,7,2025-2026,Hugo Sotelo,22.0,Spain,M
5500,hwang hee-chan,51,2022-2023,Hwang Hee-Chan,26.0,kr KOR,"FW,MF"
5501,hwang hee-chan,51,2023-2024,Hwang Hee-Chan,27.0,kr KOR,"FW,MF"
5502,hwang hee-chan,51,2024-2025,Hwang Hee-Chan,28.0,kr KOR,"MF,FW"
5503,hwang ui-jo,45,2023-2024,Hwang Ui-jo,30.0,kr KOR,"FW,MF"
5504,hyun-seok hong,66,2024-2025,Hyun-seok Hong,25.0,South Korea,F
5505,iacopo regonesi,76,2022-2023,Iacopo Regonesi,18.0,it ITA,DF
5506,iago,52,2022-2023,Iago,25.0,br BRA,"DF,MF"
5507,iago,52,2023-2024,Iago,26.0,br BRA,"DF,MF"
5508,iago aspas,7,2022-2023,Iago Aspas,34.0,es ESP,FW
5509,iago aspas,7,2023-2024,Iago Aspas,35.0,es ESP,FW
5510,iago aspas,7,2024-2025,Iago Aspas,36.0,es ESP,"FW,MF"
5511,iago aspas,7,2025-2026,Iago Aspas,38.0,Spain,F
5512,iago borduchi,52,2022-2023,Iago Borduchi,,,
5513,iago borduchi,52,2023-2024,Iago Borduchi,,,
5514,iago herrerin,25,2022-2023,Iago Herrerín,34.0,es ESP,GK
5515,iago parente,23,2024-2025,Iago Parente,18.0,es ESP,DF
5516,ian maatsen,28,2024-2025,Ian Maatsen,22.0,nl NED,DF
5517,ian maatsen,28,2025-2026,Ian Maatsen,23.0,Netherlands,D
5518,ian maatsen,33,2023-2024,Ian Maatsen,21.0,nl NED,MF
5519,ian maatsen,56,2023-2024,Ian Maatsen,21.0,nl NED,DF
5520,ian poveda,48,2025-2026,Ian Poveda,25.0,Colombia,F
5521,ianis hagi,1,2023-2024,Ianis Hagi,24.0,ro ROU,MF
5522,ibanez,94,2022-2023,Ibañez,,,
5523,ibou sane,113,2023-2024,Ibou Sané,18.0,sn SEN,FW
5524,ibrahim alani,23,2024-2025,Ibrahim Alani,18.0,ng NGA,MF
5525,ibrahim amadou,103,2022-2023,Ibrahim Amadou,29.0,fr FRA,DF
5526,ibrahim cissoko,124,2023-2024,Ibrahim Cissoko,20.0,nl NED,MF
5527,ibrahim diabate,1,2025-2026,Ibrahim Diabate,26.0,Cote d'Ivoire,F
5528,ibrahim diakite,120,2022-2023,Ibrahim Diakité,18.0,gn GUI,DF
5529,ibrahim diakite,120,2023-2024,Ibrahim Diakité,19.0,gn GUI,DF
5530,ibrahim maza,53,2025-2026,Ibrahim Maza,20.0,Algeria,F
5531,ibrahim maza,62,2022-2023,Ibrahim Maza,16.0,dz ALG,MF
5532,ibrahim mbaye,119,2024-2025,Ibrahim Mbaye,16.0,sn SEN,FW
5533,ibrahim mbaye,119,2025-2026,Ibrahim Mbaye,18.0,Senegal,F
5534,ibrahim osman,31,2024-2025,Ibrahim Osman,20.0,Ghana,F
5535,ibrahim osman,104,2025-2026,Ibrahim Osman,21.0,Ghana,F
5536,ibrahim salah,105,2024-2025,Ibrahim Salah,22.0,ma MAR,"MF,FW"
5537,ibrahim salah,121,2022-2023,Ibrahim Salah,20.0,ma MAR,FW
5538,ibrahim salah,121,2023-2024,Ibrahim Salah,21.0,ma MAR,"MF,FW"
5539,ibrahim sangare,45,2023-2024,Ibrahim Sangaré,25.0,ci CIV,MF
5540,ibrahim sangare,45,2024-2025,Ibrahim Sangaré,26.0,ci CIV,MF
5541,ibrahim sangare,45,2025-2026,Ibrahim Sangaré,28.0,Cote d'Ivoire,M
5542,ibrahim sissoko,122,2024-2025,Ibrahim Sissoko,28.0,ml MLI,FW
5543,ibrahim sulemana,76,2024-2025,Ibrahim Sulemana,21.0,gh GHA,MF
5544,ibrahim sulemana,77,2025-2026,Ibrahim Sulemana,22.0,Ghana,M
5545,ibrahim sulemana,78,2023-2024,Ibrahim Sulemana,20.0,gh GHA,MF
5546,ibrahim sulemana,78,2025-2026,Ibrahim Sulemana,22.0,Ghana,M
5547,ibrahim sulemana,85,2022-2023,Ibrahim Sulemana,19.0,gh GHA,MF
5548,ibrahima balde,108,2023-2024,Ibrahima Baldé,21.0,France,F
5549,ibrahima cisse,69,2022-2023,Ibrahima Cissé,21.0,Mali,D
5550,ibrahima diallo,47,2022-2023,Ibrahima Diallo,23.0,fr FRA,MF
5551,ibrahima kebe,11,2022-2023,Ibrahima Kébé,22.0,Mali,M
5552,ibrahima kebe,11,2023-2024,Ibrahima Kébé,22.0,ml MLI,MF
5553,ibrahima konate,40,2022-2023,Ibrahima Konaté,23.0,fr FRA,DF
5554,ibrahima konate,40,2023-2024,Ibrahima Konaté,24.0,fr FRA,DF
5555,ibrahima konate,40,2024-2025,Ibrahima Konaté,25.0,fr FRA,DF
5556,ibrahima konate,40,2025-2026,Ibrahima Konaté,26.0,France,D
5557,ibrahima kone,2,2023-2024,Ibrahima Koné,24.0,ml MLI,FW
5558,ibrahima kone,110,2022-2023,Ibrahima Koné,23.0,ml MLI,FW
5559,ibrahima kone,110,2023-2024,Ibrahima Koné,24.0,ml MLI,FW
5560,ibrahima mbaye,77,2022-2023,Ibrahima Mbaye,27.0,sn SEN,"DF,MF"
5561,ibrahima niane,103,2022-2023,Ibrahima Niane,23.0,sn SEN,FW
5562,ibrahima niane,103,2024-2025,Ibrahima Niane,25.0,sn SEN,FW
5563,ibrahima sissoko,55,2024-2025,Ibrahima Sissoko,26.0,ml MLI,MF
5564,ibrahima sissoko,116,2025-2026,Ibrahima Sissoko,28.0,Mali,M
5565,ibrahima sissoko,123,2022-2023,Ibrahima Sissoko,24.0,ml MLI,MF
5566,ibrahima sissoko,123,2023-2024,Ibrahima Sissoko,25.0,ml MLI,MF
5567,ibrahima sow,24,2023-2024,Ibrahima Sow,16.0,sn SEN,FW
5568,ibrahima wadji,122,2024-2025,Ibrahima Wadji,29.0,sn SEN,FW
5569,ichem ferrah,109,2023-2024,Ichem Ferrah,17.0,fr FRA,FW
5570,iddrisu baba,2,2023-2024,Iddrisu Baba,27.0,gh GHA,MF
5571,iddrisu baba,16,2022-2023,Iddrisu Baba,26.0,gh GHA,MF
5572,idjessi metsoko,104,2022-2023,Idjessi Metsoko,20.0,Togo,F
5573,idrissa gana gueye,35,2022-2023,Idrissa Gana Gueye,32.0,sn SEN,MF
5574,idrissa gana gueye,35,2023-2024,Idrissa Gana Gueye,33.0,sn SEN,MF
5575,idrissa gana gueye,35,2024-2025,Idrissa Gana Gueye,34.0,sn SEN,MF
5576,idrissa gueye,35,2022-2023,Idrissa Gueye,33.0,Senegal,M
5577,idrissa gueye,35,2023-2024,Idrissa Gueye,34.0,Senegal,M
5578,idrissa gueye,35,2024-2025,Idrissa Gueye,35.0,Senegal,M
5579,idrissa gueye,35,2025-2026,Idrissa Gueye,36.0,Senegal,M
5580,idrissa gueye,100,2025-2026,Idrissa Gueye,19.0,Senegal,F
5581,idrissa toure,93,2025-2026,Idrissa Touré,27.0,Germany,M
5582,ifechukwu ogbus,59,2024-2025,Ifechukwu Ogbus,18.0,ch SUI,DF
5583,ifenna dorgu,84,2024-2025,Ifenna Dorgu,17.0,dk DEN,FW
5584,iglesias,10,2022-2023,Iglesias,24.0,es ESP,DF
5585,iglesias,10,2023-2024,Iglesias,25.0,es ESP,"DF,MF"
5586,iglesias,10,2024-2025,Iglesias,26.0,es ESP,"DF,MF"
5587,ignace van der brempt,79,2024-2025,Ignace Van der Brempt,22.0,be BEL,DF
5588,ignace van der brempt,79,2025-2026,Ignace Van der Brempt,23.0,Belgium,D
5589,ignacio miramon,109,2023-2024,Ignacio Miramón,20.0,ar ARG,MF
5590,ignacio pussetto,96,2022-2023,Ignacio Pussetto,26.0,ar ARG,MF
5591,ignasi miquel,12,2023-2024,Ignasi Miquel,30.0,es ESP,DF
5592,ignatius ganago,108,2022-2023,Ignatius Ganago,23.0,cm CMR,"FW,MF"
5593,ignatius ganago,116,2022-2023,Ignatius Ganago,23.0,cm CMR,"FW,MF"
5594,ignatius ganago,116,2023-2024,Ignatius Ganago,24.0,cm CMR,"MF,FW"
5595,ignatius ganago,116,2024-2025,Ignatius Ganago,25.0,cm CMR,MF
5596,ignatius ganago,116,2025-2026,Ignatius Ganago,26.0,Cameroon,F
5597,igor,31,2023-2024,Igor,25.0,br BRA,DF
5598,igor,31,2024-2025,Igor,26.0,br BRA,DF
5599,igor,31,2025-2026,Igor,27.0,Brazil,D
5600,igor,82,2022-2023,Igor,24.0,br BRA,DF
5601,igor carioca,110,2022-2023,Igor Carioca,25.0,br BRA,"DF,MF"
5602,igor carioca,110,2023-2024,Igor Carioca,26.0,br BRA,"MF,DF"
5603,igor jesus,45,2025-2026,Igor Jesus,24.0,Brazil,F
5604,igor julio,31,2023-2024,Igor Julio,,,
5605,igor julio,31,2024-2025,Igor Julio,,,
5606,igor julio,82,2022-2023,Igor Julio,,,
5607,igor matanovic,58,2024-2025,Igor Matanovic,21.0,hr CRO,FW
5608,igor matanovic,59,2025-2026,Igor Matanovic,22.0,Croatia,F
5609,igor miladinovic,122,2024-2025,Igor Miladinovic,21.0,rs SRB,MF
5610,igor paixao,112,2025-2026,Igor Paixão,25.0,Brazil,F
5611,igor silva,110,2022-2023,Igor Silva,26.0,Brazil,D
5612,igor silva,110,2023-2024,Igor Silva,27.0,Brazil,D
5613,igor silva,110,2025-2026,Igor Silva,29.0,Brazil,D
5614,igor thiago,30,2024-2025,Igor Thiago,23.0,br BRA,FW
5615,igor thiago,30,2025-2026,Igor Thiago,24.0,Brazil,F
5616,igor zubeldia,22,2022-2023,Igor Zubeldia,25.0,es ESP,DF
5617,igor zubeldia,22,2023-2024,Igor Zubeldia,26.0,es ESP,DF
5618,igor zubeldia,22,2024-2025,Igor Zubeldia,27.0,es ESP,DF
5619,igor zubeldia,22,2025-2026,Igor Zubeldia,28.0,Spain,D
5620,ihlas bebou,63,2022-2023,Ihlas Bebou,28.0,tg TOG,"FW,MF"
5621,ihlas bebou,63,2023-2024,Ihlas Bebou,29.0,tg TOG,"FW,MF"
5622,ihlas bebou,63,2024-2025,Ihlas Bebou,30.0,tg TOG,"FW,MF"
5623,ihlas bebou,63,2025-2026,Ihlas Bebou,31.0,Togo,F
5624,ike orazi,120,2024-2025,Ike Orazi,17.0,ie IRL,FW
5625,ike ugbo,125,2022-2023,Iké Ugbo,23.0,ca CAN,"FW,MF"
5626,ikechukwu orazi,120,2024-2025,Ikechukwu Orazi,,,
5627,iker almena,11,2023-2024,Iker Almena,19.0,es ESP,MF
5628,iker almena,11,2024-2025,Iker Almena,20.0,es ESP,MF
5629,iker alvarez,26,2022-2023,Iker Álvarez,21.0,ad AND,GK
5630,iker alvarez,26,2023-2024,Iker Álvarez,22.0,ad AND,GK
5631,iker alvarez,26,2024-2025,Iker Álvarez,23.0,ad AND,GK
5632,iker bachiller,14,2024-2025,Iker Bachiller,21.0,es ESP,DF
5633,iker benito,17,2022-2023,Iker Benito,19.0,es ESP,MF
5634,iker benito,17,2024-2025,Iker Benito,21.0,es ESP,"FW,MF"
5635,iker benito,17,2025-2026,Iker Benito,23.0,Spain,F
5636,iker bravo,100,2024-2025,Iker Bravo,19.0,es ESP,FW
5637,iker bravo,100,2025-2026,Iker Bravo,20.0,Spain,F
5638,iker cordoba,25,2024-2025,Iker Córdoba,18.0,es ESP,DF
5639,iker losada,7,2024-2025,Iker Losada,22.0,es ESP,"MF,FW"
5640,iker losada,15,2025-2026,Iker Losada,24.0,Spain,F
5641,iker losada,19,2024-2025,Iker Losada,22.0,es ESP,MF
5642,iker muniain,3,2022-2023,Iker Muniain,29.0,es ESP,MF
5643,iker muniain,3,2023-2024,Iker Muniain,30.0,es ESP,MF
5644,iker munoz,17,2022-2023,Iker Muñoz,19.0,es ESP,MF
5645,iker munoz,17,2023-2024,Iker Muñoz,20.0,es ESP,MF
5646,iker munoz,17,2024-2025,Iker Muñoz,21.0,es ESP,MF
5647,iker munoz,17,2025-2026,Iker Muñoz,23.0,Spain,M
5648,iker varela,3,2024-2025,Iker Varela,21.0,es ESP,MF
5649,ilaix moriba,7,2024-2025,Ilaix Moriba,21.0,gn GUI,MF
5650,ilaix moriba,7,2025-2026,Ilaix Moriba,23.0,Guinea,M
5651,ilaix moriba,10,2023-2024,Ilaix Moriba,20.0,gn GUI,MF
5652,ilaix moriba,25,2022-2023,Ilaix Moriba,19.0,gn GUI,MF
5653,ilaix moriba,68,2023-2024,Ilaix Moriba,20.0,gn GUI,MF
5654,ilan jourdren,108,2025-2026,Ilan Jourdren,17.0,France,K
5655,ilan kebbal,118,2025-2026,Ilan Kebbal,27.0,Algeria,F
5656,ilario monterisi,83,2023-2024,Ilario Monterisi,21.0,it ITA,DF
5657,ilhan fakili,106,2023-2024,Ilhan Fakili,17.0,fr FRA,MF
5658,ilia gruev,38,2025-2026,Ilia Gruev,25.0,Bulgaria,M
5659,ilia gruev,73,2022-2023,Ilia Gruev,22.0,bg BUL,MF
5660,ilia gruev,73,2023-2024,Ilia Gruev,23.0,bg BUL,MF
5661,ilias akhomach,18,2025-2026,Ilias Akhomach,21.0,Morocco,F
5662,ilias akhomach,26,2023-2024,Ilias Akhomach,19.0,ma MAR,MF
5663,ilias akhomach,26,2024-2025,Ilias Akhomach,20.0,ma MAR,MF
5664,ilias kostis,4,2022-2023,Ilias Kostis,19.0,gr GRE,DF
5665,ilias kostis,4,2023-2024,Ilias Kostis,20.0,gr GRE,DF
5666,ilias kostis,4,2024-2025,Ilias Kostis,21.0,gr GRE,DF
5667,ilija nestorovski,100,2022-2023,Ilija Nestorovski,32.0,mk MKD,FW
5668,iliman ndiaye,35,2024-2025,Iliman Ndiaye,24.0,sn SEN,"MF,FW"
5669,iliman ndiaye,35,2025-2026,Iliman Ndiaye,25.0,Senegal,F
5670,iliman ndiaye,112,2023-2024,Iliman Ndiaye,23.0,sn SEN,"FW,MF"
5671,ilkay gundogan,5,2023-2024,Ilkay Gündogan,32.0,de GER,MF
5672,ilkay gundogan,5,2024-2025,İlkay Gündoğan,33.0,Germany,M
5673,ilkay gundogan,42,2022-2023,Ilkay Gündogan,31.0,de GER,MF
5674,ilkay gundogan,42,2024-2025,Ilkay Gündogan,33.0,de GER,MF
5675,illan meslier,38,2022-2023,Illan Meslier,22.0,fr FRA,GK
5676,illan meslier,38,2025-2026,Illan Meslier,25.0,France,K
5677,illia zabarnyi,29,2022-2023,Illia Zabarnyi,19.0,ua UKR,DF
5678,illia zabarnyi,29,2023-2024,Illia Zabarnyi,20.0,ua UKR,DF
5679,illia zabarnyi,29,2024-2025,Illia Zabarnyi,21.0,ua UKR,DF
5680,ilya zabarnyi,29,2022-2023,Ilya Zabarnyi,20.0,Ukraine,D
5681,ilya zabarnyi,29,2023-2024,Ilya Zabarnyi,21.0,Ukraine,D
5682,ilya zabarnyi,29,2024-2025,Ilya Zabarnyi,22.0,Ukraine,D
5683,ilya zabarnyi,119,2025-2026,Ilya Zabarnyi,23.0,Ukraine,D
5684,ilyas ansah,72,2025-2026,Ilyas Ansah,21.0,Germany,F
5685,ilyas chaira,21,2025-2026,Ilyas Chaira,25.0,Morocco,F
5686,ilyes cheti,103,2022-2023,Ilyes Cheti,27.0,dz ALG,DF
5687,ilyes chetti,103,2022-2023,Ilyés Chétti,28.0,Algeria,D
5688,ilyes housni,107,2024-2025,Ilyes Housni,19.0,fr FRA,FW
5689,ilyes housni,119,2022-2023,Ilyes Housni,17.0,fr FRA,FW
5690,imanol,3,2023-2024,Imanol,23.0,es ESP,DF
5691,imanol garcia de albeniz,3,2023-2024,Imanol García de Albéniz,23.0,Spain,D
5692,imari samuels,31,2022-2023,Imari Samuels,19.0,eng ENG,DF
5693,imari samuels,31,2023-2024,Imari Samuels,20.0,eng ENG,DF
5694,imari samuels,31,2024-2025,Imari Samuels,21.0,eng ENG,DF
5695,immanuel pherai,60,2025-2026,Immanuel Pherai,24.0,Suriname,F
5696,imran louza,110,2023-2024,Imrân Louza,24.0,ma MAR,MF
5697,inaki gonzalez,13,2023-2024,Iñaki González,19.0,es ESP,MF
5698,inaki pena,5,2022-2023,Iñaki Peña,23.0,es ESP,GK
5699,inaki pena,5,2023-2024,Iñaki Peña,24.0,es ESP,GK
5700,inaki pena,5,2024-2025,Iñaki Peña,25.0,es ESP,GK
5701,inaki pena,5,2025-2026,Iñaki Peña,26.0,Spain,K
5702,inaki pena,8,2025-2026,Iñaki Peña,26.0,Spain,K
5703,inaki ruperez,22,2023-2024,Iñaki Rupérez,20.0,es ESP,DF
5704,inaki ruperez,22,2024-2025,Iñaki Rupérez,21.0,es ESP,DF
5705,inaki williams,3,2022-2023,Iñaki Williams,28.0,gh GHA,"FW,MF"
5706,inaki williams,3,2023-2024,Iñaki Williams,29.0,gh GHA,MF
5707,inaki williams,3,2024-2025,Iñaki Williams,30.0,gh GHA,"MF,FW"
5708,inaki williams,3,2025-2026,Iñaki Williams,31.0,Ghana,F
5709,inigo arguibide,17,2023-2024,Iñigo Arguibide,18.0,es ESP,FW
5710,inigo arguibide,17,2024-2025,Iñigo Arguibide,19.0,es ESP,FW
5711,inigo arguibide,17,2025-2026,Iñigo Arguibide,20.0,Spain,D
5712,inigo eguaras,2,2022-2023,Íñigo Eguaras,30.0,es ESP,MF
5713,inigo lekue,3,2022-2023,Íñigo Lekue,29.0,es ESP,DF
5714,inigo lekue,3,2023-2024,Íñigo Lekue,30.0,es ESP,DF
5715,inigo lekue,3,2024-2025,Íñigo Lekue,31.0,es ESP,DF
5716,inigo lekue,3,2025-2026,Iñigo Lekue,32.0,Spain,D
5717,inigo martinez,3,2022-2023,Iñigo Martínez,31.0,es ESP,DF
5718,inigo martinez,5,2023-2024,Iñigo Martínez,32.0,es ESP,DF
5719,inigo martinez,5,2024-2025,Iñigo Martínez,33.0,es ESP,DF
5720,inigo ruiz de galarreta,3,2023-2024,Íñigo Ruíz de Galarreta,29.0,es ESP,MF
5721,inigo ruiz de galarreta,3,2024-2025,Íñigo Ruíz de Galarreta,30.0,es ESP,MF
5722,inigo ruiz de galarreta,3,2025-2026,Iñigo Ruiz de Galarreta,32.0,Spain,M
5723,inigo ruiz de galarreta,16,2022-2023,Íñigo Ruíz de Galarreta,28.0,es ESP,MF
5724,ionut radu,7,2025-2026,Ionut Radu,28.0,Romania,K
5725,ionut radu,29,2023-2024,Ionut Radu,26.0,ro ROU,GK
5726,ionut radu,80,2022-2023,Ionut Radu,25.0,ro ROU,GK
5727,ionut radu,101,2024-2025,Ionut Radu,27.0,ro ROU,GK
5728,ionut radu,104,2022-2023,Ionut Radu,25.0,ro ROU,GK
5729,iron gomis,95,2023-2024,Iron Gomis,23.0,fr FRA,MF
5730,iru,3,2022-2023,Iru,23.0,es ESP,GK
5731,irvin cardona,9,2024-2025,Irvin Cardona,26.0,mt MLT,"FW,MF"
5732,irvin cardona,52,2022-2023,Irvin Cardona,24.0,mt MLT,"FW,MF"
5733,irvin cardona,52,2023-2024,Irvin Cardona,25.0,mt MLT,"FW,MF"
5734,irvin cardona,105,2022-2023,Irvin Cardona,24.0,mt MLT,FW
5735,irvin cardona,122,2024-2025,Irvin Cardona,26.0,mt MLT,"FW,MF"
5736,isaac,85,2025-2026,Isaac,21.0,Brazil,F
5737,isaac carcelen,6,2022-2023,Isaac Carcelen,29.0,es ESP,DF
5738,isaac carcelen,6,2023-2024,Isaac Carcelen,30.0,es ESP,DF
5739,isaac hayden,44,2024-2025,Isaac Hayden,29.0,Jamaica,M
5740,isaac heath,35,2024-2025,Isaac Heath,19.0,eng ENG,MF
5741,isaac mabaya,40,2025-2026,Isaac Mabaya,20.0,Zimbabwe,D
5742,isaac palazon camacho,18,2022-2023,Isaac Palazón Camacho,27.0,es ESP,MF
5743,isaac palazon camacho,18,2023-2024,Isaac Palazón Camacho,28.0,es ESP,MF
5744,isaac palazon camacho,18,2024-2025,Isaac Palazón Camacho,29.0,es ESP,"MF,FW"
5745,isaac price,35,2022-2023,Isaac Price,18.0,nir NIR,MF
5746,isaac romero,24,2023-2024,Isaac Romero,23.0,es ESP,FW
5747,isaac romero,24,2024-2025,Isaac Romero,24.0,es ESP,FW
5748,isaac romero,24,2025-2026,Isaac Romero,25.0,Spain,F
5749,isaac schmidt,73,2025-2026,Isaac Schmidt,26.0,Switzerland,D
5750,isaac success,100,2022-2023,Isaac Success,26.0,ng NGA,FW
5751,isaac success,100,2023-2024,Isaac Success,27.0,ng NGA,"FW,MF"
5752,isaak toure,100,2024-2025,Isaak Touré,,,
5753,isaak toure,104,2022-2023,Isaak Touré,,,
5754,isaak toure,110,2023-2024,Isaak Touré,,,
5755,isaak toure,112,2022-2023,Isaak Touré,,,
5756,isak hansen-aaren,73,2023-2024,Isak Hansen-Aarøen,18.0,no NOR,MF
5757,isak hansen-aaren,73,2024-2025,Isak Hansen-Aarøen,19.0,no NOR,MF
5758,isak hien,76,2023-2024,Isak Hien,24.0,se SWE,DF
5759,isak hien,76,2024-2025,Isak Hien,25.0,se SWE,DF
5760,isak hien,76,2025-2026,Isak Hien,27.0,Sweden,D
5761,isak hien,85,2022-2023,Isak Hien,23.0,se SWE,DF
5762,isak hien,85,2023-2024,Isak Hien,24.0,se SWE,DF
5763,isak jansson,117,2025-2026,Isak Jansson,24.0,Sweden,F
5764,isak johannesson,65,2025-2026,Ísak Jóhannesson,22.0,Iceland,M
5765,isak vural,83,2023-2024,İsak Vural,17.0,tr TUR,MF
5766,isak vural,93,2025-2026,İsak Vural,19.0,Turkey,M
5767,isco,19,2023-2024,Isco,31.0,es ESP,MF
5768,isco,19,2024-2025,Isco,32.0,es ESP,MF
5769,isco,19,2025-2026,Isco,33.0,Spain,F
5770,isco,24,2022-2023,Isco,30.0,es ESP,"MF,FW"
5771,ishe samuels-smith,33,2023-2024,Ishé Samuels-Smith,17.0,eng ENG,DF
5772,ishe samuels-smith,33,2024-2025,Ishé Samuels-Smith,18.0,eng ENG,DF
5773,ishe samuels-smith,33,2025-2026,Ishé Samuels-Smith,19.0,England,D
5774,ishe samuels-smith,35,2022-2023,Ishé Samuels-Smith,16.0,eng ENG,DF
5775,isi palazon,18,2022-2023,Isi Palazón,28.0,Spain,F
5776,isi palazon,18,2023-2024,Isi Palazón,29.0,Spain,F
5777,isi palazon,18,2024-2025,Isi Palazón,30.0,Spain,F
5778,isi palazon,18,2025-2026,Isi Palazón,31.0,Spain,F
5779,islam slimani,105,2022-2023,Islam Slimani,34.0,dz ALG,FW
5780,ismael bekhoucha,10,2024-2025,Ismael Bekhoucha,19.0,ma MAR,DF
5781,ismael bekhoucha,10,2025-2026,Ismael Bekhoucha,21.0,Morocco,D
5782,ismael bennacer,75,2022-2023,Ismaël Bennacer,24.0,dz ALG,MF
5783,ismael bennacer,75,2023-2024,Ismaël Bennacer,25.0,dz ALG,MF
5784,ismael bennacer,75,2024-2025,Ismaël Bennacer,26.0,dz ALG,MF
5785,ismael bennacer,75,2025-2026,Ismaël Bennacer,27.0,Algeria,M
5786,ismael bennacer,112,2024-2025,Ismaël Bennacer,26.0,dz ALG,MF
5787,ismael bennacerac,75,2022-2023,Ismaël BennacerAC,,,
5788,ismael bennacerac,75,2023-2024,Ismaël BennacerAC,,,
5789,ismael bennacerac,75,2024-2025,Ismaël BennacerAC,,,
5790,ismael boura,108,2022-2023,Ismaël Boura,21.0,km COM,DF
5791,ismael diallo,102,2022-2023,Ismael Diallo,25.0,ci CIV,DF
5792,ismael dialloac,102,2022-2023,Ismaël DialloAC,,,
5793,ismael doukoure,123,2022-2023,Ismaël Doukouré,19.0,fr FRA,"DF,MF"
5794,ismael doukoure,123,2023-2024,Ismaël Doukouré,20.0,fr FRA,"MF,DF"
5795,ismael doukoure,123,2024-2025,Ismaël Doukouré,21.0,fr FRA,"DF,MF"
5796,ismael doukoure,123,2025-2026,Ismaël Doukouré,22.0,France,D
5797,ismael gharbi,52,2025-2026,Ismaël Gharbi,21.0,Tunisia,F
5798,ismael gharbi,119,2022-2023,Ismaël Gharbi,18.0,tn TUN,MF
5799,ismael guerti,113,2025-2026,Ismaël Guerti,21.0,Morocco,F
5800,ismael konate,81,2024-2025,Ismael Konaté,18.0,it ITA,FW
5801,ismael kone,97,2025-2026,Ismaël Koné,23.0,Canada,M
5802,ismael kone,112,2024-2025,Ismaël Koné,22.0,ca CAN,MF
5803,ismael kone,121,2024-2025,Ismaël Koné,22.0,ca CAN,MF
5804,ismael sierra,17,2024-2025,Ismael Sierra,21.0,es ESP,DF
5805,ismael traore,113,2023-2024,Ismaël Traoré,36.0,ci CIV,DF
5806,ismaelo ganiou,108,2025-2026,Ismaëlo Ganiou,20.0,Burkina Faso,D
5807,ismail bouneb,107,2024-2025,Ismaïl Bouneb,18.0,France,F
5808,ismail jakobs,114,2022-2023,Ismail Jakobs,22.0,sn SEN,"MF,DF"
5809,ismail jakobs,114,2023-2024,Ismail Jakobs,23.0,sn SEN,"MF,DF"
5810,ismail jakobs,114,2024-2025,Ismail Jakobs,24.0,sn SEN,DF
5811,ismaila cheick coulibaly,46,2023-2024,Ismaila Cheick Coulibaly,22.0,ml MLI,MF
5812,ismaila coulibaly,46,2023-2024,Ismaila Coulibaly,23.0,Mali,M
5813,ismaila sarr,34,2024-2025,Ismaïla Sarr,26.0,sn SEN,MF
5814,ismaila sarr,34,2025-2026,Ismaïla Sarr,27.0,Senegal,F
5815,ismaila sarr,112,2023-2024,Ismaïla Sarr,25.0,sn SEN,"MF,FW"
5816,ismaily,109,2022-2023,Ismaily,32.0,br BRA,"DF,MF"
5817,ismaily,109,2023-2024,Ismaily,33.0,br BRA,DF
5818,ismaily,109,2024-2025,Ismaily,34.0,br BRA,DF
5819,ismeal kabia,27,2024-2025,Ismeal Kabia,18.0,eng ENG,MF
5820,ismeal kabia,27,2025-2026,Ismeal Kabia,19.0,Netherlands,F
5821,israel dominguez,24,2024-2025,Israel Domínguez,21.0,es ESP,MF
5822,israel mora,13,2024-2025,Israel Mora,,,
5823,issa diop,36,2022-2023,Issa Diop,25.0,ma MAR,DF
5824,issa diop,36,2023-2024,Issa Diop,26.0,ma MAR,DF
5825,issa diop,36,2024-2025,Issa Diop,27.0,ma MAR,DF
5826,issa diop,36,2025-2026,Issa Diop,29.0,France,D
5827,issa doumbia,101,2024-2025,Issa Doumbia,20.0,it ITA,MF
5828,issa kabore,41,2023-2024,Issa Kaboré,22.0,bf BFA,"MF,DF"
5829,issa kabore,42,2024-2025,Issa Kaboré,23.0,bf BFA,"DF,MF"
5830,issa kabore,42,2025-2026,Issa Kabore,24.0,Burkina Faso,D
5831,issa kabore,73,2024-2025,Issa Kaboré,23.0,bf BFA,MF
5832,issa kabore,112,2022-2023,Issa Kaboré,21.0,bf BFA,MF
5833,issa soumare,107,2023-2024,Issa Soumaré,22.0,sn SEN,"FW,MF"
5834,issa soumare,107,2024-2025,Issa Soumaré,23.0,sn SEN,"MF,FW"
5835,issa soumare,107,2025-2026,Issa Soumaré,25.0,Senegal,F
5836,issa traore,53,2025-2026,Issa Traoré,18.0,Mali,D
5837,issahaku fatawu,39,2024-2025,Issahaku Fatawu,20.0,Ghana,F
5838,issiaga camara,117,2024-2025,Issiaga Camara,19.0,gn GUI,MF
5839,issiaga sylla,115,2022-2023,Issiaga Sylla,28.0,gn GUI,DF
5840,issiaga sylla,115,2023-2024,Issiaga Sylla,29.0,gn GUI,"DF,MF"
5841,issiaga sylla,115,2024-2025,Issiaga Sylla,30.0,gn GUI,"DF,MF"
5842,issiaga sylla,124,2022-2023,Issiaga Sylla,28.0,gn GUI,DF
5843,issiaka kamate,86,2023-2024,Issiaka Kamate,18.0,fr FRA,MF
5844,ivan alejo,6,2022-2023,Iván Alejo,27.0,es ESP,MF
5845,ivan alejo,6,2023-2024,Iván Alejo,28.0,es ESP,MF
5846,ivan azon,79,2024-2025,Ivan Azón,21.0,es ESP,FW
5847,ivan balliu,18,2022-2023,Iván Balliu,30.0,al ALB,DF
5848,ivan balliu,18,2023-2024,Iván Balliu,31.0,al ALB,DF
5849,ivan balliu,18,2024-2025,Iván Balliu,32.0,al ALB,DF
5850,ivan balliu,18,2025-2026,Iván Balliu,34.0,Albania,D
5851,ivan cavaleiro,109,2023-2024,Ivan Cavaleiro,29.0,pt POR,"MF,FW"
5852,ivan cedric,23,2022-2023,Iván Cédric,20.0,es ESP,FW
5853,ivan cuellar,16,2023-2024,Iván Cuéllar,39.0,es ESP,GK
5854,ivan cuellar,16,2024-2025,Iván Cuéllar,40.0,es ESP,GK
5855,ivan cuellar,16,2025-2026,Iván Cuéllar,41.0,Spain,K
5856,ivan fresneda,23,2022-2023,Iván Fresneda,17.0,es ESP,"DF,MF"
5857,ivan gil,13,2024-2025,Iván Gil,24.0,es ESP,MF
5858,ivan ilic,85,2022-2023,Ivan Ilic,21.0,rs SRB,MF
5859,ivan ilic,99,2022-2023,Ivan Ilic,21.0,rs SRB,MF
5860,ivan ilic,99,2023-2024,Ivan Ilic,22.0,rs SRB,MF
5861,ivan ilic,99,2024-2025,Ivan Ilic,23.0,rs SRB,MF
5862,ivan ilic,99,2025-2026,Ivan Ilić,24.0,Serbia,M
5863,ivan jaime,25,2024-2025,Iván Jaime,24.0,Spain,F
5864,ivan jaime pajuelo,25,2024-2025,Ivan Jaime Pajuelo,23.0,es ESP,MF
5865,ivan m'bahia,106,2023-2024,Ivan M'Bahia,,,
5866,ivan martin,11,2022-2023,Iván Martín,23.0,es ESP,MF
5867,ivan martin,11,2023-2024,Iván Martín,24.0,es ESP,MF
5868,ivan martin,11,2024-2025,Iván Martín,25.0,es ESP,MF
5869,ivan martin,11,2025-2026,Iván Martín,26.0,Spain,F
5870,ivan nekic,64,2024-2025,Ivan Nekic,23.0,hr CRO,DF
5871,ivan ordets,55,2022-2023,Ivan Ordets,30.0,ua UKR,DF
5872,ivan ordets,55,2023-2024,Ivan Ordets,31.0,ua UKR,DF
5873,ivan ordets,55,2024-2025,Ivan Ordets,32.0,ua UKR,DF
5874,ivan perisic,49,2022-2023,Ivan Perisic,33.0,hr CRO,MF
5875,ivan perisic,49,2023-2024,Ivan Perisic,34.0,hr CRO,"FW,MF"
5876,ivan provedel,88,2022-2023,Ivan Provedel,28.0,it ITA,GK
5877,ivan provedel,88,2023-2024,Ivan Provedel,29.0,it ITA,GK
5878,ivan provedel,88,2024-2025,Ivan Provedel,30.0,it ITA,GK
5879,ivan provedel,88,2025-2026,Ivan Provedel,31.0,Italy,K
5880,ivan prtajin,72,2024-2025,Ivan Prtajin,28.0,hr CRO,FW
5881,ivan radovanovic,95,2022-2023,Ivan Radovanovic,33.0,rs SRB,"MF,DF"
5882,ivan rakitic,24,2022-2023,Ivan Rakitic,34.0,hr CRO,MF
5883,ivan rakitic,24,2023-2024,Ivan Rakitic,35.0,hr CRO,MF
5884,ivan romero,15,2025-2026,Iván Romero,24.0,Spain,F
5885,ivan romero,24,2022-2023,Iván Romero,21.0,es ESP,"FW,MF"
5886,ivan sanchez,23,2022-2023,Iván Sánchez,29.0,es ESP,"MF,FW"
5887,ivan sanchez,23,2024-2025,Iván Sánchez,31.0,es ESP,MF
5888,ivan smolcic,79,2024-2025,Ivan Smolcic,23.0,hr CRO,DF
5889,ivan smolcic,79,2025-2026,Ivan Smolcic,25.0,Croatia,D
5890,ivan sunjic,62,2022-2023,Ivan Sunjic,25.0,ba BIH,MF
5891,ivan toney,30,2022-2023,Ivan Toney,26.0,eng ENG,FW
5892,ivan toney,30,2023-2024,Ivan Toney,27.0,eng ENG,FW
5893,ivan villar,7,2022-2023,Iván Villar,25.0,es ESP,GK
5894,ivan villar,7,2023-2024,Iván Villar,26.0,es ESP,GK
5895,ivan villar,7,2024-2025,Iván Villar,27.0,es ESP,GK
5896,ivan villar,7,2025-2026,Iván Villar,28.0,Spain,K
5897,ivane chegra,102,2022-2023,Ivane Chegra,18.0,fr FRA,MF
5898,ivane chegraac,102,2022-2023,Ivane ChegraAC,,,
5899,ivo grbic,4,2022-2023,Ivo Grbic,26.0,hr CRO,GK
5900,ivo grbic,4,2023-2024,Ivo Grbić,27.0,hr CRO,GK
5901,ivo grbic,46,2023-2024,Ivo Grbic,27.0,hr CRO,GK
5902,iwan morgan,30,2024-2025,Iwan Morgan,18.0,wls WAL,FW
5903,iwan morgan,30,2025-2026,Iwan Morgan,20.0,Wales,F
5904,iza carcelen,6,2022-2023,Iza Carcelén,29.0,Spain,D
5905,iza carcelen,6,2023-2024,Iza Carcelén,30.0,Spain,D
5906,jacek goralski,55,2022-2023,Jacek Góralski,29.0,pl POL,MF
5907,jacen russell-rowe,124,2025-2026,Jacen Russell-Rowe,23.0,Canada,F
5908,jack butland,34,2022-2023,Jack Butland,29.0,eng ENG,GK
5909,jack butland,43,2022-2023,Jack Butland,29.0,eng ENG,GK
5910,jack clarke,37,2024-2025,Jack Clarke,23.0,eng ENG,MF
5911,jack colback,45,2022-2023,Jack Colback,32.0,eng ENG,MF
5912,jack cork,32,2023-2024,Jack Cork,34.0,eng ENG,"DF,MF"
5913,jack fletcher,43,2024-2025,Jack Fletcher,17.0,eng ENG,MF
5914,jack grealish,35,2025-2026,Jack Grealish,30.0,England,F
5915,jack grealish,42,2022-2023,Jack Grealish,26.0,eng ENG,"FW,MF"
5916,jack grealish,42,2023-2024,Jack Grealish,27.0,eng ENG,"MF,FW"
5917,jack grealish,42,2024-2025,Jack Grealish,28.0,eng ENG,"MF,FW"
5918,jack grealish,42,2025-2026,Jack Grealish,29.0,England,F
5919,jack harrison,35,2023-2024,Jack Harrison,26.0,eng ENG,MF
5920,jack harrison,35,2024-2025,Jack Harrison,27.0,eng ENG,"MF,FW"
5921,jack harrison,38,2022-2023,Jack Harrison,25.0,eng ENG,MF
5922,jack harrison,38,2025-2026,Jack Harrison,29.0,England,F
5923,jack harrison,82,2025-2026,Jack Harrison,29.0,England,F
5924,jack hendry,80,2022-2023,Jack Hendry,27.0,sct SCO,DF
5925,jack henry-francis,27,2024-2025,Jack Henry-Francis,20.0,ie IRL,MF
5926,jack hinshelwood,31,2022-2023,Jack Hinshelwood,17.0,eng ENG,"DF,MF"
5927,jack hinshelwood,31,2023-2024,Jack Hinshelwood,18.0,eng ENG,"DF,MF"
5928,jack hinshelwood,31,2024-2025,Jack Hinshelwood,19.0,eng ENG,"MF,DF"
5929,jack hinshelwood,31,2025-2026,Jack Hinshelwood,20.0,England,M
5930,jack moorhouse,43,2024-2025,Jack Moorhouse,18.0,ie IRL,MF
5931,jack porter,27,2024-2025,Jack Porter,16.0,eng ENG,GK
5932,jack robinson,46,2023-2024,Jack Robinson,29.0,eng ENG,DF
5933,jack stacey,29,2022-2023,Jack Stacey,26.0,eng ENG,"DF,MF"
5934,jack stephens,29,2022-2023,Jack Stephens,28.0,eng ENG,DF
5935,jack stephens,47,2022-2023,Jack Stephens,28.0,eng ENG,DF
5936,jack stephens,47,2024-2025,Jack Stephens,30.0,eng ENG,DF
5937,jack taylor,37,2024-2025,Jack Taylor,26.0,ie IRL,MF
5938,jack wells-morrison,34,2022-2023,Jack Wells-Morrison,18.0,eng ENG,MF
5939,jackson irvine,70,2024-2025,Jackson Irvine,31.0,au AUS,MF
5940,jackson irvine,70,2025-2026,Jackson Irvine,32.0,Australia,M
5941,jackson porozo,14,2024-2025,Jackson Porozo,23.0,ec ECU,DF
5942,jackson porozo,125,2022-2023,Jackson Porozo,21.0,ec ECU,DF
5943,jackson tchatchoua,51,2025-2026,Jackson Tchatchoua,24.0,Cameroon,D
5944,jackson tchatchoua,85,2023-2024,Jackson Tchatchoua,21.0,cm CMR,DF
5945,jackson tchatchoua,85,2024-2025,Jackson Tchatchoua,22.0,cm CMR,"MF,DF"
5946,jacob brown,41,2023-2024,Jacob Brown,25.0,sct SCO,"MF,FW"
5947,jacob bruun larsen,32,2023-2024,Jacob Bruun Larsen,24.0,dk DEN,MF
5948,jacob bruun larsen,32,2025-2026,Jacob Bruun Larsen,27.0,Denmark,F
5949,jacob bruun larsen,63,2022-2023,Jacob Bruun Larsen,23.0,dk DEN,FW
5950,jacob bruun larsen,63,2024-2025,Jacob Bruun Larsen,25.0,dk DEN,"MF,FW"
5951,jacob bruun larsen,71,2024-2025,Jacob Bruun Larsen,25.0,dk DEN,MF
5952,jacob christensen,65,2023-2024,Jacob Christensen,22.0,dk DEN,MF
5953,jacob christensenfc,65,2023-2024,Jacob ChristensenFC,,,
5954,jacob greaves,37,2024-2025,Jacob Greaves,23.0,eng ENG,DF
5955,jacob murphy,44,2022-2023,Jacob Murphy,27.0,eng ENG,FW
5956,jacob murphy,44,2023-2024,Jacob Murphy,28.0,eng ENG,"FW,MF"
5957,jacob murphy,44,2024-2025,Jacob Murphy,29.0,eng ENG,"FW,MF"
5958,jacob murphy,44,2025-2026,Jacob Murphy,30.0,England,F
5959,jacob ondrejka,92,2024-2025,Jacob Ondrejka,21.0,se SWE,MF
5960,jacob ondrejka,92,2025-2026,Jacob Ondrejka,23.0,Sweden,F
5961,jacob ramsey,28,2022-2023,Jacob Ramsey,21.0,eng ENG,MF
5962,jacob ramsey,28,2023-2024,Jacob Ramsey,22.0,eng ENG,MF
5963,jacob ramsey,28,2024-2025,Jacob Ramsey,23.0,eng ENG,MF
5964,jacob ramsey,44,2025-2026,Jacob Ramsey,24.0,England,M
5965,jacob slater,31,2024-2025,Jacob Slater,19.0,ie IRL,DF
5966,jacob slater,31,2025-2026,Jacob Slater,20.0,Ireland,D
5967,jacob wright,42,2023-2024,Jacob Wright,17.0,eng ENG,MF
5968,jacob wright,42,2024-2025,Jacob Wright,18.0,eng ENG,MF
5969,jacobo ramon,20,2023-2024,Jacobo Ramón,18.0,es ESP,DF
5970,jacobo ramon,20,2024-2025,Jacobo Ramón,19.0,es ESP,DF
5971,jacobo ramon,79,2025-2026,Jacobo Ramón,21.0,Spain,D
5972,jacopo antolini,99,2023-2024,Jacopo Antolini,19.0,it ITA,MF
5973,jacopo bacci,81,2024-2025,Jacopo Bacci,19.0,it ITA,MF
5974,jacopo de matteis,95,2022-2023,Jacopo De Matteis,19.0,it ITA,GK
5975,jacopo del bello,94,2022-2023,Jacopo Del Bello,17.0,it ITA,GK
5976,jacopo desogus,78,2023-2024,Jacopo Desogus,20.0,it ITA,FW
5977,jacopo fazzini,81,2022-2023,Jacopo Fazzini,19.0,it ITA,MF
5978,jacopo fazzini,81,2023-2024,Jacopo Fazzini,20.0,it ITA,MF
5979,jacopo fazzini,81,2024-2025,Jacopo Fazzini,21.0,it ITA,MF
5980,jacopo fazzini,82,2025-2026,Jacopo Fazzini,22.0,Italy,M
5981,jacopo sala,98,2022-2023,Jacopo Sala,30.0,it ITA,MF
5982,jacopo seghetti,81,2022-2023,Jacopo Seghetti,17.0,it ITA,GK
5983,jacopo seghetti,81,2023-2024,Jacopo Seghetti,18.0,it ITA,GK
5984,jacopo seghetti,81,2024-2025,Jacopo Seghetti,19.0,it ITA,GK
5985,jacopo segre,99,2022-2023,Jacopo Segre,25.0,it ITA,MF
5986,jacques ekomie,103,2024-2025,Jacques Ekomié,20.0,ga GAB,"DF,MF"
5987,jacques ekomie,103,2025-2026,Jacques Ekomié,22.0,Gabon,D
5988,jadan raymond,34,2023-2024,Jadan Raymond,19.0,wls WAL,MF
5989,jadel katongo,42,2024-2025,Jadel Katongo,20.0,England,D
5990,jaden heskey,42,2025-2026,Jaden Heskey,20.0,England,M
5991,jaden philogene,28,2023-2024,Jaden Philogene,,,
5992,jaden philogene,28,2024-2025,Jaden Philogene,,,
5993,jaden philogene,37,2024-2025,Jaden Philogene,,,
5994,jaden philogene bidace,28,2023-2024,Jaden Philogene Bidace,21.0,eng ENG,"FW,MF"
5995,jaden philogene bidace,28,2024-2025,Jaden Philogene Bidace,22.0,eng ENG,MF
5996,jaden philogene bidace,37,2024-2025,Jaden Philogene Bidace,22.0,eng ENG,MF
5997,jaden philogene-bidace,37,2024-2025,Jaden Philogene-Bidace,22.0,England,F
5998,jader duran,28,2022-2023,Jáder Durán,18.0,co COL,FW
5999,jader duran,28,2023-2024,Jáder Durán,19.0,co COL,FW
6000,jader duran,28,2024-2025,Jáder Durán,20.0,co COL,FW
6001,jadon sancho,28,2025-2026,Jadon Sancho,25.0,England,F
6002,jadon sancho,33,2024-2025,Jadon Sancho,24.0,eng ENG,MF
6003,jadon sancho,43,2022-2023,Jadon Sancho,22.0,eng ENG,MF
6004,jadon sancho,43,2023-2024,Jadon Sancho,23.0,eng ENG,"FW,MF"
6005,jadon sancho,43,2024-2025,Jadon Sancho,24.0,England,F
6006,jadon sancho,43,2025-2026,Jadon Sancho,25.0,England,F
6007,jadon sancho,56,2023-2024,Jadon Sancho,23.0,eng ENG,"MF,FW"
6008,jae-sung lee,66,2022-2023,Jae-sung Lee,30.0,South Korea,F
6009,jae-sung lee,66,2023-2024,Jae-sung Lee,31.0,South Korea,F
6010,jae-sung lee,66,2024-2025,Jae-sung Lee,32.0,South Korea,F
6011,jae-sung lee,66,2025-2026,Jae-sung Lee,33.0,South Korea,F
6012,jahmai simpson-pusey,42,2024-2025,Jahmai Simpson-Pusey,18.0,eng ENG,DF
6013,jahmai simpson-pusey,65,2025-2026,Jahmai Simpson-Pusey,20.0,England,D
6014,jaidon anthony,29,2022-2023,Jaidon Anthony,22.0,eng ENG,MF
6015,jaidon anthony,29,2023-2024,Jaidon Anthony,23.0,eng ENG,MF
6016,jaidon anthony,29,2024-2025,Jaidon Anthony,24.0,eng ENG,"FW,MF"
6017,jaidon anthony,32,2025-2026,Jaidon Anthony,26.0,England,F
6018,jailson,7,2023-2024,Jailson,28.0,Brazil,M
6019,jailson,7,2024-2025,Jailson,29.0,Brazil,M
6020,jailson siqueira,7,2023-2024,Jailson Siqueira,27.0,br BRA,"DF,MF"
6021,jailson siqueira,7,2024-2025,Jailson Siqueira,28.0,br BRA,DF
6022,jaime baez,80,2022-2023,Jaime Báez,27.0,uy URU,MF
6023,jaime baez,83,2023-2024,Jaime Báez,28.0,uy URU,"MF,FW"
6024,jaime mata,10,2022-2023,Jaime Mata,33.0,es ESP,"FW,MF"
6025,jaime mata,10,2023-2024,Jaime Mata,34.0,es ESP,"FW,MF"
6026,jaime mata,13,2024-2025,Jaime Mata,35.0,es ESP,"MF,FW"
6027,jaime seoane,10,2022-2023,Jaime Seoane,25.0,es ESP,MF
6028,jair cunha,45,2025-2026,Jair Cunha,20.0,Brazil,D
6029,jairo riedewald,34,2022-2023,Jairo Riedewald,25.0,nl NED,"DF,MF"
6030,jairo riedewald,34,2023-2024,Jairo Riedewald,26.0,nl NED,MF
6031,jaka bijol,38,2025-2026,Jaka Bijol,26.0,Slovenia,D
6032,jaka bijol,100,2022-2023,Jaka Bijol,23.0,si SVN,DF
6033,jaka bijol,100,2023-2024,Jaka Bijol,24.0,si SVN,DF
6034,jaka bijol,100,2024-2025,Jaka Bijol,25.0,si SVN,DF
6035,jake evans,39,2024-2025,Jake Evans,15.0,eng ENG,MF
6036,jake o'brien,35,2024-2025,Jake O'Brien,23.0,ie IRL,DF
6037,jake o'brien,35,2025-2026,Jake O'Brien,24.0,Ireland,D
6038,jake o'brien,111,2023-2024,Jake O'Brien,22.0,ie IRL,DF
6039,jakob busk,63,2024-2025,Jakob Busk,30.0,dk DEN,GK
6040,jakob busk,72,2022-2023,Jakob Busk,28.0,dk DEN,GK
6041,jakob busk,72,2023-2024,Jakob Busk,29.0,dk DEN,GK
6042,jakob lopping,73,2023-2024,Jakob Löpping,20.0,de GER,MF
6043,jakov medic,55,2024-2025,Jakov Medic,25.0,hr CRO,DF
6044,jakub jankto,78,2023-2024,Jakub Jankto,27.0,cz CZE,MF
6045,jakub jankto,78,2024-2025,Jakub Jankto,28.0,cz CZE,MF
6046,jakub kaminski,65,2025-2026,Jakub Kaminski,23.0,Poland,F
6047,jakub kaminski,74,2022-2023,Jakub Kaminski,20.0,pl POL,"MF,FW"
6048,jakub kaminski,74,2023-2024,Jakub Kaminski,21.0,pl POL,MF
6049,jakub kaminski,74,2024-2025,Jakub Kaminski,22.0,pl POL,"MF,DF"
6050,jakub kiwior,27,2022-2023,Jakub Kiwior,22.0,pl POL,DF
6051,jakub kiwior,27,2023-2024,Jakub Kiwior,23.0,pl POL,DF
6052,jakub kiwior,27,2024-2025,Jakub Kiwior,24.0,pl POL,DF
6053,jakub kiwior,98,2022-2023,Jakub Kiwior,22.0,pl POL,"DF,MF"
6054,jakub moder,31,2022-2023,Jakub Moder,23.0,Poland,M
6055,jakub moder,31,2023-2024,Jakub Moder,24.0,pl POL,"MF,DF"
6056,jakub moder,31,2024-2025,Jakub Moder,25.0,pl POL,MF
6057,jakub piotrowski,100,2025-2026,Jakub Piotrowski,28.0,Poland,M
6058,jakub stolarczyk,39,2024-2025,Jakub Stolarczyk,23.0,pl POL,GK
6059,jakub zielinski,74,2025-2026,Jakub Zielinski,17.0,Poland,K
6060,jamaal lascelles,44,2022-2023,Jamaal Lascelles,28.0,eng ENG,DF
6061,jamaal lascelles,44,2023-2024,Jamaal Lascelles,29.0,eng ENG,DF
6062,jamaal lascelles,44,2024-2025,Jamaal Lascelles,30.0,eng ENG,DF
6063,jamal lewis,44,2022-2023,Jamal Lewis,24.0,nir NIR,"DF,MF"
6064,jamal lewis,44,2024-2025,Jamal Lewis,27.0,Northern Ireland,D
6065,jamal lowe,29,2022-2023,Jamal Lowe,28.0,jm JAM,"FW,MF"
6066,jamal musiala,54,2022-2023,Jamal Musiala,19.0,de GER,MF
6067,jamal musiala,54,2023-2024,Jamal Musiala,20.0,de GER,MF
6068,jamal musiala,54,2024-2025,Jamal Musiala,21.0,de GER,MF
6069,jamal musiala,54,2025-2026,Jamal Musiala,22.0,Germany,F
6070,jamaldeen jimoh,28,2024-2025,Jamaldeen Jimoh,17.0,eng ENG,MF
6071,james abankwah,100,2022-2023,James Abankwah,18.0,ie IRL,DF
6072,james abankwah,100,2023-2024,James Abankwah,19.0,ie IRL,DF
6073,james abankwah,100,2024-2025,James Abankwah,20.0,ie IRL,DF
6074,james bree,47,2022-2023,James Bree,24.0,eng ENG,DF
6075,james bree,47,2024-2025,James Bree,26.0,eng ENG,"DF,MF"
6076,james furlong,31,2022-2023,James Furlong,20.0,ie IRL,"DF,MF"
6077,james garner,35,2022-2023,James Garner,21.0,eng ENG,MF
6078,james garner,35,2023-2024,James Garner,22.0,eng ENG,MF
6079,james garner,35,2024-2025,James Garner,23.0,eng ENG,"MF,DF"
6080,james garner,35,2025-2026,James Garner,24.0,England,M
6081,james garner,43,2022-2023,James Garner,21.0,eng ENG,MF
6082,james hill,29,2022-2023,James Hill,20.0,eng ENG,DF
6083,james hill,29,2023-2024,James Hill,21.0,eng ENG,DF
6084,james hill,29,2024-2025,James Hill,22.0,eng ENG,DF
6085,james hill,29,2025-2026,James Hill,24.0,England,D
6086,james justin,38,2025-2026,James Justin,27.0,England,D
6087,james justin,39,2022-2023,James Justin,24.0,eng ENG,"DF,MF"
6088,james justin,39,2024-2025,James Justin,26.0,eng ENG,"DF,MF"
6089,james maddison,39,2022-2023,James Maddison,25.0,eng ENG,"MF,FW"
6090,james maddison,49,2023-2024,James Maddison,26.0,eng ENG,MF
6091,james maddison,49,2024-2025,James Maddison,27.0,eng ENG,MF
6092,james maddison,49,2025-2026,James Maddison,29.0,England,F
6093,james mcarthur,34,2022-2023,James McArthur,34.0,sct SCO,MF
6094,james mcatee,42,2023-2024,James McAtee,20.0,eng ENG,MF
6095,james mcatee,42,2024-2025,James McAtee,21.0,eng ENG,MF
6096,james mcatee,45,2025-2026,James McAtee,23.0,England,F
6097,james mcatee,46,2023-2024,James McAtee,20.0,eng ENG,"MF,FW"
6098,james mcconnell,40,2023-2024,James McConnell,18.0,eng ENG,MF
6099,james mcconnell,40,2024-2025,James McConnell,19.0,eng ENG,MF
6100,james milner,31,2023-2024,James Milner,37.0,eng ENG,"DF,MF"
6101,james milner,31,2024-2025,James Milner,38.0,eng ENG,MF
6102,james milner,31,2025-2026,James Milner,40.0,England,M
6103,james milner,40,2022-2023,James Milner,36.0,eng ENG,"MF,DF"
6104,james rodriguez,18,2024-2025,James Rodríguez,33.0,co COL,MF
6105,james sands,70,2024-2025,James Sands,24.0,us USA,MF
6106,james sands,70,2025-2026,James Sands,25.0,United States,M
6107,james scanlon,43,2025-2026,James Scanlon,19.0,Gibraltar,F
6108,james shea,41,2023-2024,James Shea,32.0,eng ENG,GK
6109,james sweet,27,2023-2024,James Sweet,19.0,wls WAL,DF
6110,james tarkowski,35,2022-2023,James Tarkowski,29.0,eng ENG,DF
6111,james tarkowski,35,2023-2024,James Tarkowski,30.0,eng ENG,DF
6112,james tarkowski,35,2024-2025,James Tarkowski,31.0,eng ENG,DF
6113,james tarkowski,35,2025-2026,James Tarkowski,33.0,England,D
6114,james tomkins,34,2022-2023,James Tomkins,33.0,eng ENG,DF
6115,james tomkins,34,2023-2024,James Tomkins,34.0,eng ENG,"DF,MF"
6116,james trafford,32,2023-2024,James Trafford,20.0,eng ENG,GK
6117,james trafford,42,2025-2026,James Trafford,23.0,England,K
6118,james ward-prowse,32,2025-2026,James Ward-Prowse,31.0,England,M
6119,james ward-prowse,45,2024-2025,James Ward-Prowse,29.0,eng ENG,MF
6120,james ward-prowse,47,2022-2023,James Ward-Prowse,27.0,eng ENG,MF
6121,james ward-prowse,50,2023-2024,James Ward-Prowse,28.0,eng ENG,MF
6122,james ward-prowse,50,2024-2025,James Ward-Prowse,29.0,eng ENG,MF
6123,james ward-prowse,50,2025-2026,James Ward-Prowse,31.0,England,M
6124,james wright,28,2022-2023,James Wright,17.0,eng ENG,GK
6125,james wright,28,2023-2024,James Wright,18.0,eng ENG,GK
6126,jamie bynoe-gittens,33,2025-2026,Jamie Bynoe-Gittens,21.0,England,F
6127,jamie bynoe-gittens,56,2022-2023,Jamie Bynoe-Gittens,18.0,England,F
6128,jamie bynoe-gittens,56,2023-2024,Jamie Bynoe-Gittens,19.0,England,F
6129,jamie bynoe-gittens,56,2024-2025,Jamie Bynoe-Gittens,20.0,England,F
6130,jamie donley,49,2023-2024,Jamie Donley,18.0,nir NIR,MF
6131,jamie donley,49,2024-2025,Jamie Donley,20.0,England,F
6132,jamie gittens,56,2022-2023,Jamie Gittens,17.0,eng ENG,"MF,FW"
6133,jamie gittens,56,2023-2024,Jamie Gittens,18.0,eng ENG,"MF,FW"
6134,jamie gittens,56,2024-2025,Jamie Gittens,19.0,eng ENG,MF
6135,jamie leweling,71,2023-2024,Jamie Leweling,22.0,de GER,MF
6136,jamie leweling,71,2024-2025,Jamie Leweling,23.0,de GER,MF
6137,jamie leweling,71,2025-2026,Jamie Leweling,24.0,Germany,F
6138,jamie leweling,72,2022-2023,Jamie Leweling,21.0,de GER,"FW,MF"
6139,jamie mcdonnell,45,2023-2024,Jamie McDonnell,19.0,nir NIR,MF
6140,jamie vardy,39,2022-2023,Jamie Vardy,35.0,eng ENG,FW
6141,jamie vardy,39,2024-2025,Jamie Vardy,37.0,eng ENG,FW
6142,jamie vardy,80,2025-2026,Jamie Vardy,39.0,England,F
6143,jamil siebert,89,2025-2026,Jamil Siebert,23.0,Germany,D
6144,jan bednarek,28,2022-2023,Jan Bednarek,26.0,pl POL,DF
6145,jan bednarek,47,2022-2023,Jan Bednarek,26.0,pl POL,DF
6146,jan bednarek,47,2024-2025,Jan Bednarek,28.0,pl POL,DF
6147,jan burger,74,2024-2025,Jan Bürger,17.0,de GER,DF
6148,jan burger,74,2025-2026,Jan Bürger,18.0,Germany,D
6149,jan oblak,4,2022-2023,Jan Oblak,29.0,si SVN,GK
6150,jan oblak,4,2023-2024,Jan Oblak,30.0,si SVN,GK
6151,jan oblak,4,2024-2025,Jan Oblak,31.0,si SVN,GK
6152,jan oblak,4,2025-2026,Jan Oblak,33.0,Slovenia,K
6153,jan oliveras,94,2022-2023,Jan Oliveras,18.0,es ESP,DF
6154,jan oliveras,94,2023-2024,Jan Oliveras,19.0,es ESP,DF
6155,jan olschowsky,67,2022-2023,Jan Olschowsky,20.0,de GER,GK
6156,jan olschowsky,67,2023-2024,Jan Olschowsky,21.0,de GER,GK
6157,jan olschowsky,67,2025-2026,Jan Olschowsky,24.0,Germany,K
6158,jan olschowskyborussia m.,67,2022-2023,Jan OlschowskyBorussia M.,,,
6159,jan paul van hecke,31,2022-2023,Jan Paul van Hecke,22.0,nl NED,DF
6160,jan paul van hecke,31,2023-2024,Jan Paul van Hecke,23.0,nl NED,DF
6161,jan paul van hecke,31,2024-2025,Jan Paul van Hecke,24.0,nl NED,DF
6162,jan paul van hecke,31,2025-2026,Jan Paul van Hecke,25.0,Netherlands,D
6163,jan salas,16,2024-2025,Jan Salas,18.0,es ESP,MF
6164,jan salas,16,2025-2026,Jan Salas,20.0,Spain,M
6165,jan schoppner,61,2023-2024,Jan Schöppner,24.0,de GER,MF
6166,jan schoppner,61,2024-2025,Jan Schöppner,25.0,de GER,MF
6167,jan schoppner,61,2025-2026,Jan Schöppner,26.0,Germany,M
6168,jan schoppnerfc,61,2023-2024,Jan SchöppnerFC,,,
6169,jan schoppnerfc,61,2024-2025,Jan SchöppnerFC,,,
6170,jan schroder,58,2022-2023,Jan Schröder,19.0,Germany,D
6171,jan thielmann,65,2022-2023,Jan Thielmann,20.0,de GER,"MF,FW"
6172,jan thielmann,65,2023-2024,Jan Thielmann,21.0,de GER,"FW,MF"
6173,jan thielmann,65,2025-2026,Jan Thielmann,23.0,Germany,F
6174,jan thielmannfc,65,2022-2023,Jan ThielmannFC,,,
6175,jan thielmannfc,65,2023-2024,Jan ThielmannFC,,,
6176,jan urbich,67,2025-2026,Jan Urbich,21.0,Germany,F
6177,jan virgili,16,2025-2026,Jan Virgili,19.0,Spain,F
6178,jan ziolkowski,94,2025-2026,Jan Ziolkowski,20.0,Poland,D
6179,jan-carlo simic,75,2023-2024,Jan-Carlo Simic,18.0,rs SRB,DF
6180,jan-carlo simicac,75,2023-2024,Jan-Carlo SimicAC,,,
6181,jan-niklas beste,59,2024-2025,Jan-Niklas Beste,25.0,de GER,"DF,MF"
6182,jan-niklas beste,59,2025-2026,Jan-Niklas Beste,27.0,Germany,F
6183,jan-niklas beste,61,2023-2024,Jan-Niklas Beste,24.0,de GER,MF
6184,janik haberer,72,2022-2023,Janik Haberer,28.0,de GER,MF
6185,janik haberer,72,2023-2024,Janik Haberer,29.0,de GER,MF
6186,janik haberer,72,2024-2025,Janik Haberer,30.0,de GER,MF
6187,janik haberer,72,2025-2026,Janik Haberer,31.0,Germany,M
6188,janis antiste,97,2022-2023,Janis Antiste,19.0,fr FRA,"FW,MF"
6189,janis blaswich,53,2025-2026,Janis Blaswich,34.0,Germany,K
6190,janis blaswich,68,2022-2023,Janis Blaswich,31.0,de GER,GK
6191,janis blaswich,68,2023-2024,Janis Blaswich,32.0,de GER,GK
6192,jann-fiete arp,64,2024-2025,Jann-Fiete Arp,24.0,de GER,FW
6193,jannes horn,55,2022-2023,Jannes Horn,25.0,de GER,DF
6194,jannik huth,59,2024-2025,Jannik Huth,30.0,de GER,GK
6195,jannik huth,59,2025-2026,Jannik Huth,31.0,Germany,K
6196,jannik muller,57,2023-2024,Jannik Müller,29.0,de GER,DF
6197,jannik robatsch,70,2025-2026,Jannik Robatsch,21.0,Austria,D
6198,jannik vestergaard,39,2022-2023,Jannik Vestergaard,29.0,dk DEN,DF
6199,jannik vestergaard,39,2024-2025,Jannik Vestergaard,31.0,dk DEN,DF
6200,jaouen hadjam,116,2022-2023,Jaouen Hadjam,19.0,dz ALG,"DF,MF"
6201,jaouen hadjam,116,2023-2024,Jaouen Hadjam,20.0,dz ALG,DF
6202,japhet tanganga,49,2022-2023,Japhet Tanganga,23.0,eng ENG,DF
6203,japhet tanganga,52,2023-2024,Japhet Tanganga,24.0,eng ENG,DF
6204,jarell quansah,40,2023-2024,Jarell Quansah,20.0,eng ENG,DF
6205,jarell quansah,40,2024-2025,Jarell Quansah,21.0,eng ENG,DF
6206,jarell quansah,53,2025-2026,Jarell Quansah,23.0,England,D
6207,jari vandeputte,80,2025-2026,Jari Vandeputte,29.0,Belgium,M
6208,jarrad branthwaite,35,2023-2024,Jarrad Branthwaite,21.0,eng ENG,DF
6209,jarrad branthwaite,35,2024-2025,Jarrad Branthwaite,22.0,eng ENG,DF
6210,jarrad branthwaite,35,2025-2026,Jarrad Branthwaite,23.0,England,D
6211,jarrod bowen,50,2022-2023,Jarrod Bowen,25.0,eng ENG,"MF,FW"
6212,jarrod bowen,50,2023-2024,Jarrod Bowen,26.0,eng ENG,"MF,FW"
6213,jarrod bowen,50,2024-2025,Jarrod Bowen,27.0,eng ENG,"MF,FW"
6214,jarrod bowen,50,2025-2026,Jarrod Bowen,29.0,England,F
6215,jarzinho malanga,71,2024-2025,Jarzinho Malanga,18.0,de GER,MF
6216,jason berthomier,106,2022-2023,Jason Berthomier,32.0,fr FRA,MF
6217,jason mbock,103,2022-2023,Jason Mbock,22.0,fr FRA,FW
6218,jason steele,31,2022-2023,Jason Steele,31.0,eng ENG,GK
6219,jason steele,31,2023-2024,Jason Steele,32.0,eng ENG,GK
6220,jason steele,31,2024-2025,Jason Steele,33.0,eng ENG,GK
6221,jason steele,31,2025-2026,Jason Steele,35.0,England,K
6222,jasper cillessen,13,2024-2025,Jasper Cillessen,35.0,nl NED,GK
6223,jasper samooja,89,2022-2023,Jasper Samooja,19.0,fi FIN,GK
6224,jasper samooja,89,2023-2024,Jasper Samooja,20.0,fi FIN,GK
6225,jasper samooja,89,2024-2025,Jasper Samooja,21.0,fi FIN,GK
6226,jasper samooja,89,2025-2026,Jasper Samooja,22.0,Finland,K
6227,jastin garcia,11,2023-2024,Jastin Garcia,19.0,es ESP,FW
6228,jastin garcia,11,2024-2025,Jastin García,20.0,es ESP,FW
6229,jaume costa,16,2022-2023,Jaume Costa,34.0,es ESP,DF
6230,jaume costa,16,2023-2024,Jaume Costa,35.0,es ESP,"DF,MF"
6231,jaume domenech,25,2022-2023,Jaume Doménech,31.0,es ESP,GK
6232,jaume domenech,25,2023-2024,Jaume Domènech,32.0,es ESP,GK
6233,jaume domenech,25,2024-2025,Jaume Doménech,33.0,es ESP,GK
6234,javi galan,4,2023-2024,Javi Galán,28.0,es ESP,"DF,MF"
6235,javi galan,4,2024-2025,Javi Galán,29.0,es ESP,DF
6236,javi galan,7,2022-2023,Javi Galán,27.0,es ESP,DF
6237,javi galan,17,2025-2026,Javi Galán,31.0,Spain,D
6238,javi galan,22,2023-2024,Javi Galán,28.0,es ESP,DF
6239,javi guerra,25,2022-2023,Javi Guerra,,,
6240,javi guerra,25,2023-2024,Javi Guerra,20.0,Spain,M
6241,javi guerra,25,2024-2025,Javi Guerra,21.0,Spain,M
6242,javi guerra,25,2025-2026,Javi Guerra,22.0,Spain,M
6243,javi hernandez,6,2023-2024,Javi Hernández,25.0,es ESP,DF
6244,javi hernandez,11,2022-2023,Javi Hernández,24.0,es ESP,DF
6245,javi hernandez,14,2024-2025,Javi Hernández,26.0,es ESP,DF
6246,javi llabres,16,2022-2023,Javi Llabrés,,,
6247,javi llabres,16,2023-2024,Javi Llabrés,21.0,Spain,F
6248,javi llabres,16,2024-2025,Javi Llabrés,,,
6249,javi llabres,16,2025-2026,Javi Llabrés,23.0,Spain,F
6250,javi lopez,1,2023-2024,Javi López,21.0,es ESP,DF
6251,javi lopez,21,2025-2026,Javi López,23.0,Spain,D
6252,javi lopez,22,2024-2025,Javi López,22.0,es ESP,DF
6253,javi martinez,17,2022-2023,Javi Martínez,22.0,es ESP,MF
6254,javi martinez,17,2023-2024,Javi Martínez,23.0,es ESP,MF
6255,javi martinez,17,2024-2025,Javi Martínez,24.0,es ESP,MF
6256,javi marton,3,2023-2024,Javi Martón,24.0,es ESP,FW
6257,javi marton,3,2024-2025,Javi Martón,25.0,es ESP,FW
6258,javi munoz,10,2025-2026,Javi Muñoz,30.0,Spain,M
6259,javi munoz,13,2023-2024,Javi Muñoz,28.0,Spain,M
6260,javi munoz,13,2024-2025,Javi Muñoz,29.0,Spain,M
6261,javi pamies,8,2022-2023,Javi Pamies,19.0,es ESP,DF
6262,javi puado,9,2022-2023,Javi Puado,24.0,es ESP,"MF,FW"
6263,javi puado,9,2024-2025,Javi Puado,26.0,es ESP,"MF,FW"
6264,javi puado,9,2025-2026,Javi Puado,27.0,Spain,F
6265,javi rodriguez,7,2023-2024,Javi Rodríguez,20.0,es ESP,DF
6266,javi rodriguez,7,2024-2025,Javi Rodríguez,21.0,es ESP,DF
6267,javi rodriguez,7,2025-2026,Javi Rodríguez,22.0,Spain,D
6268,javi rueda,7,2023-2024,Javi Rueda,21.0,es ESP,DF
6269,javi rueda,7,2025-2026,Javi Rueda,23.0,Spain,D
6270,javi sanchez,23,2022-2023,Javi Sánchez,25.0,es ESP,DF
6271,javi sanchez,23,2024-2025,Javi Sánchez,27.0,es ESP,DF
6272,javier dominguez,7,2022-2023,Javier Dominguez,21.0,es ESP,DF
6273,javier dominguez,7,2023-2024,Javier Dominguez,22.0,es ESP,DF
6274,javier gil,87,2024-2025,Javier Gil,18.0,es ESP,DF
6275,javier guerra,25,2022-2023,Javier Guerra,19.0,es ESP,MF
6276,javier guerra,25,2023-2024,Javier Guerra,20.0,es ESP,MF
6277,javier guerra,25,2024-2025,Javier Guerra,21.0,es ESP,MF
6278,javier llabres,16,2022-2023,Javier Llabrés,19.0,es ESP,MF
6279,javier llabres,16,2023-2024,Javier Llabrés,20.0,es ESP,MF
6280,javier llabres,16,2024-2025,Javier Llabrés,21.0,es ESP,MF
6281,javier manquillo,7,2023-2024,Javier Manquillo,29.0,es ESP,"DF,MF"
6282,javier manquillo,7,2024-2025,Javier Manquillo,30.0,es ESP,DF
6283,javier manquillo,44,2022-2023,Javier Manquillo,28.0,es ESP,DF
6284,javier manquillo,44,2023-2024,Javier Manquillo,29.0,es ESP,DF
6285,javier munoz,13,2023-2024,Javier Muñoz,28.0,es ESP,MF
6286,javier munoz,13,2024-2025,Javier Muñoz,29.0,es ESP,"MF,DF"
6287,javier pastore,8,2022-2023,Javier Pastore,33.0,ar ARG,MF
6288,javier serrano,4,2024-2025,Javier Serrano,21.0,es ESP,MF
6289,javison idele,76,2024-2025,Javison Idele,17.0,it ITA,DF
6290,jawad el yamiq,23,2022-2023,Jawad El Yamiq,30.0,ma MAR,DF
6291,jay idzes,97,2025-2026,Jay Idzes,25.0,Indonesia,D
6292,jay idzes,101,2024-2025,Jay Idzes,24.0,id IDN,DF
6293,jay robinson,47,2024-2025,Jay Robinson,17.0,eng ENG,MF
6294,jay rodriguez,32,2023-2024,Jay Rodriguez,34.0,eng ENG,FW
6295,jay stansfield,36,2022-2023,Jay Stansfield,19.0,eng ENG,MF
6296,jay stansfield,36,2023-2024,Jay Stansfield,20.0,eng ENG,"FW,MF"
6297,jay stansfield,36,2024-2025,Jay Stansfield,21.0,eng ENG,"FW,MF"
6298,jayce fitzgerald,43,2024-2025,Jayce Fitzgerald,17.0,eng ENG,MF
6299,jaydee canvot,34,2025-2026,Jaydee Canvot,19.0,France,D
6300,jaydee canvot,124,2024-2025,Jaydee Canvot,18.0,fr FRA,"DF,MF"
6301,jayden addai,79,2025-2026,Jayden Addai,20.0,Netherlands,F
6302,jayden bogle,38,2025-2026,Jayden Bogle,25.0,England,D
6303,jayden bogle,46,2023-2024,Jayden Bogle,23.0,eng ENG,"MF,DF"
6304,jayden braaf,85,2022-2023,Jayden Braaf,19.0,nl NED,MF
6305,jayden danns,40,2023-2024,Jayden Danns,17.0,eng ENG,FW
6306,jayden danns,40,2024-2025,Jayden Danns,18.0,eng ENG,FW
6307,jayden luker,41,2023-2024,Jayden Luker,18.0,eng ENG,MF
6308,jayden meghoma,30,2024-2025,Jayden Meghoma,18.0,eng ENG,DF
6309,jayden meghoma,30,2025-2026,Jayden Meghoma,19.0,England,D
6310,jayden moore,47,2024-2025,Jayden Moore,,,DF
6311,jaydon banel,32,2025-2026,Jaydon Banel,21.0,Netherlands,F
6312,jean botue,102,2022-2023,Jean Botué,20.0,Burkina Faso,F
6313,jean botueac,102,2022-2023,Jean BotuéAC,,,
6314,jean butez,79,2024-2025,Jean Butez,29.0,fr FRA,GK
6315,jean butez,79,2025-2026,Jean Butez,30.0,France,K
6316,jean lucas,114,2022-2023,Jean Lucas,24.0,br BRA,MF
6317,jean manuel mbom,73,2022-2023,Jean Manuel Mbom,22.0,Germany,M
6318,jean matteo bahoya,58,2023-2024,Jean Mattéo Bahoya,18.0,fr FRA,MF
6319,jean matteo bahoya,58,2024-2025,Jean Mattéo Bahoya,19.0,fr FRA,MF
6320,jean matteo bahoya,103,2022-2023,Jean Mattéo Bahoya,17.0,fr FRA,FW
6321,jean n'guessan,113,2023-2024,Jean N'Guessan,20.0,Cote d'Ivoire,M
6322,jean onana,84,2024-2025,Jean Onana,24.0,cm CMR,MF
6323,jean onana,84,2025-2026,Jean Onana,26.0,Cameroon,M
6324,jean onana,108,2022-2023,Jean Onana,22.0,cm CMR,"MF,DF"
6325,jean onana,112,2023-2024,Jean Onana,23.0,cm CMR,MF
6326,jean-charles castelletto,116,2022-2023,Jean-Charles Castelletto,27.0,cm CMR,DF
6327,jean-charles castelletto,116,2023-2024,Jean-Charles Castelletto,28.0,cm CMR,DF
6328,jean-charles castelletto,116,2024-2025,Jean-Charles Castelletto,29.0,cm CMR,"DF,MF"
6329,jean-clair todibo,50,2024-2025,Jean-Clair Todibo,24.0,fr FRA,DF
6330,jean-clair todibo,50,2025-2026,Jean-Clair Todibo,26.0,France,D
6331,jean-clair todibo,117,2022-2023,Jean-Clair Todibo,22.0,fr FRA,DF
6332,jean-clair todibo,117,2023-2024,Jean-Clair Todibo,23.0,fr FRA,DF
6333,jean-claude billong,106,2022-2023,Jean-Claude Billong,28.0,cm CMR,DF
6334,jean-daniel akpa akpro,81,2022-2023,Jean-Daniel Akpa Akpro,30.0,Cote d'Ivoire,M
6335,jean-daniel akpa akpro,85,2025-2026,Jean-Daniel Akpa Akpro,33.0,Cote d'Ivoire,M
6336,jean-daniel akpa akpro,90,2023-2024,Jean-Daniel Akpa Akpro,31.0,Cote d'Ivoire,M
6337,jean-daniel akpa akpro,90,2024-2025,Jean-Daniel Akpa Akpro,32.0,Cote d'Ivoire,M
6338,jean-daniel akpa-akpro,81,2022-2023,Jean-Daniel Akpa-Akpro,29.0,ci CIV,MF
6339,jean-daniel akpa-akpro,90,2023-2024,Jean-Daniel Akpa-Akpro,30.0,ci CIV,"MF,DF"
6340,jean-daniel akpa-akpro,90,2024-2025,Jean-Daniel Akpa-Akpro,31.0,ci CIV,MF
6341,jean-eudes aholou,103,2024-2025,Jean-Eudes Aholou,30.0,ci CIV,MF
6342,jean-eudes aholou,123,2022-2023,Jean-Eudes Aholou,28.0,ci CIV,MF
6343,jean-eudes aholou,123,2023-2024,Jean-Eudes Aholou,29.0,Cote d'Ivoire,M
6344,jean-kevin duverne,105,2022-2023,Jean-Kévin Duverne,25.0,ht HAI,DF
6345,jean-kevin duverne,116,2023-2024,Jean-Kévin Duverne,26.0,ht HAI,DF
6346,jean-kevin duverne,116,2024-2025,Jean-Kévin Duverne,27.0,ht HAI,DF
6347,jean-louis leca,108,2022-2023,Jean-Louis Leca,36.0,fr FRA,GK
6348,jean-louis leca,108,2023-2024,Jean-Louis Leca,37.0,fr FRA,GK
6349,jean-luc dompe,60,2025-2026,Jean-Luc Dompé,30.0,France,F
6350,jean-manuel mbom,73,2022-2023,Jean-Manuel Mbom,22.0,de GER,"DF,MF"
6351,jean-matteo bahoya,58,2023-2024,Jean-Mattéo Bahoya,18.0,France,F
6352,jean-matteo bahoya,58,2024-2025,Jean-Mattéo Bahoya,19.0,France,F
6353,jean-matteo bahoya,58,2025-2026,Jean-Mattéo Bahoya,20.0,France,F
6354,jean-matteo bahoya,103,2022-2023,Jean-Mattéo Bahoya,17.0,France,F
6355,jean-paul boetius,62,2022-2023,Jean-Paul Boëtius,28.0,sr SUR,MF
6356,jean-philippe gbamin,35,2022-2023,Jean-Philippe Gbamin,26.0,ci CIV,"DF,MF"
6357,jean-philippe gbamin,113,2025-2026,Jean-Philippe Gbamin,30.0,Cote d'Ivoire,D
6358,jean-philippe gbamin,116,2024-2025,Jean-Philippe Gbamin,28.0,ci CIV,MF
6359,jean-philippe krasso,118,2025-2026,Jean-Philippe Krasso,28.0,Cote d'Ivoire,F
6360,jean-philippe mateta,34,2022-2023,Jean-Philippe Mateta,25.0,fr FRA,FW
6361,jean-philippe mateta,34,2023-2024,Jean-Philippe Mateta,26.0,fr FRA,FW
6362,jean-philippe mateta,34,2024-2025,Jean-Philippe Mateta,27.0,fr FRA,FW
6363,jean-philippe mateta,34,2025-2026,Jean-Philippe Mateta,28.0,France,F
6364,jean-ricner bellegarde,51,2023-2024,Jean-Ricner Bellegarde,25.0,ht HAI,"MF,FW"
6365,jean-ricner bellegarde,51,2024-2025,Jean-Ricner Bellegarde,26.0,ht HAI,MF
6366,jean-ricner bellegarde,51,2025-2026,Jean-Ricner Bellegarde,27.0,Haiti,M
6367,jean-ricner bellegarde,123,2022-2023,Jean-Ricner Bellegarde,24.0,ht HAI,"MF,FW"
6368,jean-ricner bellegarde,123,2023-2024,Jean-Ricner Bellegarde,25.0,ht HAI,"MF,FW"
6369,jean-victor makengo,100,2022-2023,Jean-Victor Makengo,24.0,fr FRA,MF
6370,jean-victor makengo,110,2022-2023,Jean-Victor Makengo,24.0,fr FRA,MF
6371,jean-victor makengo,110,2023-2024,Jean-Victor Makengo,25.0,fr FRA,"MF,FW"
6372,jean-victor makengo,110,2025-2026,Jean-Victor Makengo,27.0,France,F
6373,jeanuel belocian,53,2024-2025,Jeanuël Belocian,19.0,fr FRA,DF
6374,jeanuel belocian,53,2025-2026,Jeanuël Belocian,20.0,France,D
6375,jeanuel belocian,74,2025-2026,Jeanuël Belocian,20.0,France,D
6376,jeanuel belocian,121,2022-2023,Jeanuël Belocian,17.0,fr FRA,DF
6377,jeanuel belocian,121,2023-2024,Jeanuël Belocian,18.0,fr FRA,DF
6378,jed steer,28,2022-2023,Jed Steer,30.0,England,K
6379,jeff chabot,71,2024-2025,Jeff Chabot,,,
6380,jeff chabotfc,65,2022-2023,Jeff ChabotFC,,,
6381,jeff chabotfc,65,2023-2024,Jeff ChabotFC,,,
6382,jeff ekhator,84,2024-2025,Jeff Ekhator,17.0,it ITA,"FW,MF"
6383,jeff ekhator,84,2025-2026,Jeff Ekhator,19.0,Italy,F
6384,jeff reine-adelaide,111,2022-2023,Jeff Reine-Adélaïde,24.0,fr FRA,MF
6385,jeff reine-adelaide,125,2022-2023,Jeff Reine-Adélaïde,24.0,fr FRA,MF
6386,jefferson lerma,29,2022-2023,Jefferson Lerma,27.0,co COL,MF
6387,jefferson lerma,34,2023-2024,Jefferson Lerma,28.0,co COL,"MF,DF"
6388,jefferson lerma,34,2024-2025,Jefferson Lerma,29.0,co COL,"MF,DF"
6389,jefferson lerma,34,2025-2026,Jefferson Lerma,31.0,Colombia,M
6390,jeffinho,111,2022-2023,Jeffinho,22.0,br BRA,"MF,FW"
6391,jeffinho,111,2023-2024,Jeffinho,23.0,br BRA,"MF,FW"
6392,jeffrey de lange,112,2024-2025,Jeffrey de Lange,26.0,Netherlands,K
6393,jeffrey de lange,112,2025-2026,Jeffrey de Lange,27.0,Netherlands,K
6394,jeffrey gouweleeuw,52,2022-2023,Jeffrey Gouweleeuw,31.0,nl NED,DF
6395,jeffrey gouweleeuw,52,2023-2024,Jeffrey Gouweleeuw,32.0,nl NED,DF
6396,jeffrey gouweleeuw,52,2024-2025,Jeffrey Gouweleeuw,33.0,nl NED,DF
6397,jeffrey gouweleeuw,52,2025-2026,Jeffrey Gouweleeuw,34.0,Netherlands,D
6398,jeffrey schlupp,34,2022-2023,Jeffrey Schlupp,29.0,gh GHA,MF
6399,jeffrey schlupp,34,2023-2024,Jeffrey Schlupp,30.0,gh GHA,"MF,FW"
6400,jeffrey schlupp,34,2024-2025,Jeffrey Schlupp,31.0,gh GHA,"DF,FW"
6401,jeison murillo,96,2022-2023,Jeison Murillo,30.0,co COL,DF
6402,jelle van neck,112,2023-2024,Jelle Van Neck,19.0,Belgium,K
6403,jelle van neck,112,2024-2025,Jelle Van Neck,20.0,Belgium,K
6404,jelle van neck,112,2025-2026,Jelle Van Neck,21.0,Belgium,K
6405,jemiah umolu,34,2025-2026,Jemiah Umolu,19.0,England,F
6406,jens cajuste,37,2024-2025,Jens Cajuste,24.0,se SWE,MF
6407,jens cajuste,91,2023-2024,Jens Cajuste,23.0,se SWE,MF
6408,jens cajuste,120,2022-2023,Jens Cajuste,22.0,se SWE,MF
6409,jens castrop,67,2025-2026,Jens Castrop,22.0,South Korea,M
6410,jens grahl,58,2022-2023,Jens Grahl,33.0,de GER,GK
6411,jens grahl,58,2023-2024,Jens Grahl,34.0,de GER,GK
6412,jens grahl,58,2024-2025,Jens Grahl,35.0,de GER,GK
6413,jens grahl,58,2025-2026,Jens Grahl,37.0,Germany,K
6414,jens hauge,58,2023-2024,Jens Hauge,,,
6415,jens odgaard,77,2023-2024,Jens Odgaard,24.0,dk DEN,"MF,FW"
6416,jens odgaard,77,2024-2025,Jens Odgaard,25.0,dk DEN,MF
6417,jens odgaard,77,2025-2026,Jens Odgaard,26.0,Denmark,F
6418,jens petter hauge,58,2023-2024,Jens Petter Hauge,23.0,no NOR,"DF,FW"
6419,jens stage,73,2022-2023,Jens Stage,25.0,dk DEN,MF
6420,jens stage,73,2023-2024,Jens Stage,26.0,dk DEN,MF
6421,jens stage,73,2024-2025,Jens Stage,27.0,dk DEN,MF
6422,jens stage,73,2025-2026,Jens Stage,29.0,Denmark,M
6423,jenson metcalfe,35,2023-2024,Jenson Metcalfe,18.0,eng ENG,MF
6424,jenson metcalfe,35,2024-2025,Jenson Metcalfe,19.0,eng ENG,MF
6425,jenson seelt,74,2025-2026,Jenson Seelt,22.0,Netherlands,D
6426,jeong woo-yeong,59,2022-2023,Jeong Woo-yeong,22.0,kr KOR,"MF,FW"
6427,jeong woo-yeong,71,2023-2024,Jeong Woo-yeong,23.0,kr KOR,MF
6428,jeong woo-yeong,72,2024-2025,Jeong Woo-yeong,24.0,kr KOR,"MF,FW"
6429,jeppe corfitzen,89,2023-2024,Jeppe Corfitzen,18.0,dk DEN,FW
6430,jeppe corfitzen,89,2024-2025,Jeppe Corfitzen,20.0,Denmark,F
6431,jerdy schouten,77,2022-2023,Jerdy Schouten,25.0,nl NED,MF
6432,jere uronen,69,2022-2023,Jere Uronen,28.0,fi FIN,DF
6433,jere uronen,105,2022-2023,Jere Uronen,28.0,fi FIN,DF
6434,jeremiah chilokoa-mullen,38,2022-2023,Jeremiah Chilokoa-Mullen,18.0,sct SCO,DF
6435,jeremias ledesma,6,2022-2023,Jeremías Ledesma,29.0,ar ARG,GK
6436,jeremias ledesma,6,2023-2024,Jeremías Ledesma,30.0,ar ARG,GK
6437,jeremie bela,106,2022-2023,Jérémie Bela,29.0,ao ANG,MF
6438,jeremie bela,106,2023-2024,Jérémie Bela,30.0,ao ANG,MF
6439,jeremie boga,76,2022-2023,Jérémie Boga,25.0,ci CIV,"MF,FW"
6440,jeremie boga,87,2025-2026,Jérémie Boga,29.0,Cote d'Ivoire,F
6441,jeremie boga,117,2023-2024,Jérémie Boga,26.0,ci CIV,"FW,MF"
6442,jeremie boga,117,2024-2025,Jérémie Boga,27.0,ci CIV,"MF,FW"
6443,jeremie boga,117,2025-2026,Jérémie Boga,29.0,Cote d'Ivoire,F
6444,jeremie frimpong,40,2025-2026,Jeremie Frimpong,25.0,Netherlands,D
6445,jeremie frimpong,53,2022-2023,Jeremie Frimpong,21.0,nl NED,"MF,DF"
6446,jeremie frimpong,53,2023-2024,Jeremie Frimpong,22.0,nl NED,MF
6447,jeremie frimpong,53,2024-2025,Jeremie Frimpong,23.0,nl NED,MF
6448,jeremy agbonifo,108,2024-2025,Jeremy Agbonifo,18.0,se SWE,FW
6449,jeremy arevalo,71,2025-2026,Jeremy Arévalo,20.0,Ecuador,F
6450,jeremy doku,42,2023-2024,Jérémy Doku,21.0,be BEL,"MF,FW"
6451,jeremy doku,42,2024-2025,Jérémy Doku,22.0,be BEL,"MF,FW"
6452,jeremy doku,42,2025-2026,Jérémy Doku,23.0,Belgium,F
6453,jeremy doku,121,2022-2023,Jérémy Doku,20.0,be BEL,"MF,FW"
6454,jeremy doku,121,2023-2024,Jérémy Doku,21.0,be BEL,FW
6455,jeremy jacquet,106,2023-2024,Jérémy Jacquet,18.0,fr FRA,DF
6456,jeremy jacquet,121,2023-2024,Jérémy Jacquet,18.0,fr FRA,DF
6457,jeremy jacquet,121,2024-2025,Jérémy Jacquet,19.0,fr FRA,DF
6458,jeremy jacquet,121,2025-2026,Jérémy Jacquet,20.0,France,D
6459,jeremy jorge,10,2023-2024,Jeremy Jorge,20.0,es ESP,FW
6460,jeremy le douaron,105,2022-2023,Jérémy Le Douaron,24.0,fr FRA,"MF,FW"
6461,jeremy le douaron,105,2023-2024,Jérémy Le Douaron,25.0,fr FRA,"FW,MF"
6462,jeremy le douaron,105,2024-2025,Jérémy Le Douaron,26.0,fr FRA,FW
6463,jeremy monga,39,2024-2025,Jeremy Monga,15.0,eng ENG,FW
6464,jeremy sarmiento,31,2022-2023,Jeremy Sarmiento,20.0,ec ECU,MF
6465,jeremy sarmiento,31,2024-2025,Jeremy Sarmiento,22.0,ec ECU,MF
6466,jeremy sarmiento,80,2025-2026,Jeremy Sarmiento,23.0,Ecuador,F
6467,jeremy sebas,123,2023-2024,Jérémy Sebas,20.0,mq MTQ,"MF,FW"
6468,jeremy sebas,123,2024-2025,Jérémy Sebas,21.0,mq MTQ,MF
6469,jeremy toljan,15,2025-2026,Jeremy Toljan,31.0,Germany,D
6470,jeremy toljan,97,2022-2023,Jeremy Toljan,27.0,de GER,DF
6471,jeremy toljan,97,2023-2024,Jeremy Toljan,28.0,de GER,DF
6472,jeroen zoet,98,2022-2023,Jeroen Zoet,31.0,nl NED,GK
6473,jerome boateng,95,2023-2024,Jérôme Boateng,34.0,de GER,DF
6474,jerome boateng,111,2022-2023,Jérôme Boateng,33.0,de GER,DF
6475,jerome onguene,58,2022-2023,Jérôme Onguéné,24.0,cm CMR,DF
6476,jerome roussillon,72,2022-2023,Jérôme Roussillon,29.0,gp GLP,MF
6477,jerome roussillon,72,2023-2024,Jérôme Roussillon,30.0,gp GLP,"DF,MF"
6478,jerome roussillon,72,2024-2025,Jérôme Roussillon,31.0,gp GLP,DF
6479,jerome roussillon,74,2022-2023,Jérôme Roussillon,29.0,gp GLP,"DF,MF"
6480,jese,96,2022-2023,Jesé,29.0,es ESP,FW
6481,jesper karlsson,77,2023-2024,Jesper Karlsson,25.0,se SWE,MF
6482,jesper karlsson,77,2024-2025,Jesper Karlsson,26.0,se SWE,"MF,FW"
6483,jesper karlsson,89,2024-2025,Jesper Karlsson,26.0,se SWE,"MF,FW"
6484,jesper karlstrom,100,2024-2025,Jesper Karlström,29.0,se SWE,MF
6485,jesper karlstrom,100,2025-2026,Jesper Karlström,30.0,Sweden,M
6486,jesper lindstrm,35,2024-2025,Jesper Lindstrøm,24.0,dk DEN,MF
6487,jesper lindstrm,58,2022-2023,Jesper Lindstrøm,22.0,dk DEN,MF
6488,jesper lindstrm,58,2023-2024,Jesper Lindstrøm,23.0,dk DEN,FW
6489,jesper lindstrm,74,2025-2026,Jesper Lindstrøm,25.0,Denmark,F
6490,jesper lindstrm,91,2023-2024,Jesper Lindstrøm,23.0,dk DEN,FW
6491,jesper lindstrom,58,2022-2023,Jesper Lindström,22.0,Denmark,F
6492,jesse joronen,101,2024-2025,Jesse Joronen,31.0,fi FIN,GK
6493,jesse lingard,45,2022-2023,Jesse Lingard,29.0,eng ENG,"MF,FW"
6494,jessic ngankam,58,2023-2024,Jessic Ngankam,23.0,de GER,FW
6495,jessic ngankam,58,2025-2026,Jessic Ngankam,25.0,Germany,F
6496,jessic ngankam,62,2022-2023,Jessic Ngankam,22.0,de GER,"FW,MF"
6497,jessic ngankam,66,2023-2024,Jessic Ngankam,23.0,de GER,"MF,FW"
6498,jessy deminguet,113,2025-2026,Jessy Deminguet,28.0,France,M
6499,jessy deminguet,123,2023-2024,Jessy Deminguet,25.0,fr FRA,"MF,FW"
6500,jessy moulin,125,2022-2023,Jessy Moulin,37.0,France,K
6501,jesurun rak sakyi,34,2023-2024,Jesurun Rak Sakyi,20.0,eng ENG,"FW,MF"
6502,jesurun rak-sakyi,34,2023-2024,Jesurun Rak-Sakyi,21.0,England,F
6503,jesurun rak-sakyi,34,2024-2025,Jesurun Rak-Sakyi,22.0,England,F
6504,jesurun rak-sakyi,34,2025-2026,Jesurun Rak-Sakyi,22.0,England,F
6505,jesus areso,3,2025-2026,Jesús Areso,26.0,Spain,D
6506,jesus areso,17,2023-2024,Jesús Areso,24.0,es ESP,"DF,MF"
6507,jesus areso,17,2024-2025,Jesús Areso,25.0,es ESP,DF
6508,jesus corona,24,2022-2023,Jesús Corona,29.0,mx MEX,MF
6509,jesus corona,24,2023-2024,Jesús Corona,30.0,mx MEX,"DF,FW"
6510,jesus lopez,8,2022-2023,Jesús López,19.0,es ESP,GK
6511,jesus navas,24,2022-2023,Jesús Navas,36.0,es ESP,"DF,MF"
6512,jesus navas,24,2023-2024,Jesús Navas,37.0,es ESP,"DF,MF"
6513,jesus navas,24,2024-2025,Jesús Navas,38.0,es ESP,"MF,FW"
6514,jesus owono,1,2023-2024,Jesús Owono,22.0,gq EQG,GK
6515,jesus owono,1,2024-2025,Jesús Owono,23.0,gq EQG,GK
6516,jesus rodriguez,19,2024-2025,Jesús Rodríguez,18.0,es ESP,MF
6517,jesus rodriguez,79,2025-2026,Jesús Rodríguez,20.0,Spain,F
6518,jesus vallejo,12,2023-2024,Jesús Vallejo,26.0,es ESP,DF
6519,jesus vallejo,20,2022-2023,Jesús Vallejo,25.0,es ESP,DF
6520,jesus vallejo,20,2024-2025,Jesús Vallejo,27.0,es ESP,DF
6521,jesus vazquez,25,2022-2023,Jesús Vázquez,19.0,es ESP,DF
6522,jesus vazquez,25,2023-2024,Jesús Vázquez,20.0,es ESP,DF
6523,jesus vazquez,25,2024-2025,Jesús Vázquez,21.0,es ESP,DF
6524,jesus vazquez,25,2025-2026,Jesús Vázquez,23.0,Spain,D
6525,jhoanner chavez,108,2023-2024,Jhoanner Chávez,21.0,ec ECU,"MF,DF"
6526,jhoanner chavez,108,2024-2025,Jhoanner Chávez,22.0,ec ECU,MF
6527,jhoanner chavez,108,2025-2026,Jhoanner Chávez,23.0,Ecuador,D
6528,jhon arias,51,2025-2026,Jhon Arias,28.0,Colombia,F
6529,jhon duran,28,2022-2023,Jhon Durán,19.0,Colombia,F
6530,jhon duran,28,2023-2024,Jhon Durán,20.0,Colombia,F
6531,jhon duran,28,2024-2025,Jhon Durán,,,
6532,jhon lucumi,77,2022-2023,Jhon Lucumí,24.0,co COL,DF
6533,jhon lucumi,77,2023-2024,Jhon Lucumí,25.0,co COL,DF
6534,jhon lucumi,77,2024-2025,Jhon Lucumí,26.0,co COL,DF
6535,jhon lucumi,77,2025-2026,Jhon Lucumí,27.0,Colombia,D
6536,jhon solis,11,2023-2024,Jhon Solís,18.0,co COL,MF
6537,jhon solis,11,2024-2025,Jhon Solís,19.0,co COL,MF
6538,ji-soo kim,30,2024-2025,Ji-soo Kim,20.0,South Korea,D
6539,jibril othman,122,2024-2025,Jibril Othman,20.0,tn TUN,FW
6540,jili buyabu,46,2023-2024,Jili Buyabu,21.0,eng ENG,MF
6541,jim allevinah,103,2024-2025,Jim Allevinah,29.0,ga GAB,MF
6542,jim allevinah,103,2025-2026,Jim Allevinah,30.0,Gabon,F
6543,jim allevinah,106,2022-2023,Jim Allevinah,27.0,ga GAB,MF
6544,jim allevinah,106,2023-2024,Jim Allevinah,28.0,ga GAB,MF
6545,jimi gower,27,2024-2025,Jimi Gower,19.0,eng ENG,MF
6546,jimi tauriainen,33,2023-2024,Jimi Tauriainen,19.0,eng ENG,FW
6547,jimmy cabot,108,2022-2023,Jimmy Cabot,28.0,fr FRA,MF
6548,jimmy cabot,108,2023-2024,Jimmy Cabot,29.0,France,M
6549,jimmy morgan,47,2022-2023,Jimmy Morgan,16.0,eng ENG,"FW,MF"
6550,jimmy-jay morgan,33,2024-2025,Jimmy-Jay Morgan,19.0,England,F
6551,jimmy-jay morgan,33,2025-2026,Jimmy-Jay Morgan,19.0,England,F
6552,jiri letacek,10,2024-2025,Jiří Letáček,25.0,Czech Republic,GK
6553,jiri letacek,10,2025-2026,Jiri Letacek,27.0,Czech Republic,K
6554,jiri pavlenka,73,2022-2023,Jirí Pavlenka,30.0,cz CZE,GK
6555,jiri pavlenka,73,2023-2024,Jirí Pavlenka,31.0,cz CZE,GK
6556,joachim andersen,34,2022-2023,Joachim Andersen,26.0,dk DEN,DF
6557,joachim andersen,34,2023-2024,Joachim Andersen,27.0,dk DEN,DF
6558,joachim andersen,34,2024-2025,Joachim Andersen,28.0,dk DEN,DF
6559,joachim andersen,36,2024-2025,Joachim Andersen,28.0,dk DEN,DF
6560,joachim andersen,36,2025-2026,Joachim Andersen,29.0,Denmark,D
6561,joachim kayi sanda,47,2024-2025,Joachim Kayi Sanda,17.0,fr FRA,DF
6562,joachim kayi-sanda,47,2024-2025,Joachim Kayi-Sanda,,,
6563,joakim maehle,74,2023-2024,Joakim Maehle,26.0,Denmark,D
6564,joakim maehle,74,2024-2025,Joakim Maehle,27.0,Denmark,D
6565,joakim maehle,74,2025-2026,Joakim Maehle,28.0,Denmark,D
6566,joakim maehle,76,2022-2023,Joakim Maehle,25.0,Denmark,D
6567,joakim mhle,74,2023-2024,Joakim Mæhle,26.0,dk DEN,"DF,MF"
6568,joakim mhle,74,2024-2025,Joakim Mæhle,27.0,dk DEN,"DF,MF"
6569,joakim mhle,76,2022-2023,Joakim Mæhle,25.0,dk DEN,MF
6570,joan garcia,5,2025-2026,Joan García,24.0,Spain,K
6571,joan garcia,9,2022-2023,Joan García,21.0,es ESP,GK
6572,joan garcia,9,2024-2025,Joan García,23.0,es ESP,GK
6573,joan gonzalez,89,2022-2023,Joan González,20.0,es ESP,MF
6574,joan gonzalez,89,2023-2024,Joan González,21.0,es ESP,MF
6575,joan gonzalez,89,2024-2025,Joan González,23.0,Spain,M
6576,joan jordan,1,2024-2025,Joan Jordán,30.0,es ESP,MF
6577,joan jordan,24,2022-2023,Joan Jordán,28.0,es ESP,MF
6578,joan jordan,24,2023-2024,Joan Jordán,29.0,es ESP,MF
6579,joan jordan,24,2025-2026,Joan Jordán,31.0,Spain,M
6580,joan puig,9,2022-2023,Joan Puig,19.0,es ESP,DF
6581,joao cancelo,5,2023-2024,João Cancelo,29.0,pt POR,DF
6582,joao cancelo,5,2025-2026,João Cancelo,31.0,Portugal,D
6583,joao cancelo,42,2022-2023,João Cancelo,28.0,pt POR,DF
6584,joao cancelo,54,2022-2023,João Cancelo,28.0,pt POR,"DF,MF"
6585,joao costa,94,2023-2024,João Costa,18.0,br BRA,FW
6586,joao costa,94,2024-2025,João Costa,19.0,br BRA,FW
6587,joao felix,4,2022-2023,João Félix,22.0,pt POR,"FW,MF"
6588,joao felix,4,2023-2024,João Félix,23.0,pt POR,"FW,MF"
6589,joao felix,5,2023-2024,João Félix,23.0,pt POR,FW
6590,joao felix,33,2022-2023,João Félix,22.0,pt POR,"FW,MF"
6591,joao felix,33,2024-2025,João Félix,24.0,pt POR,MF
6592,joao felix,75,2024-2025,João Félix,24.0,pt POR,MF
6593,joao felixac,75,2024-2025,João FélixAC,,,
6594,joao ferreira,100,2023-2024,João Ferreira,22.0,pt POR,"DF,MF"
6595,joao gomes,51,2022-2023,João Gomes,21.0,br BRA,MF
6596,joao gomes,51,2023-2024,João Gomes,22.0,br BRA,MF
6597,joao gomes,51,2024-2025,João Gomes,23.0,br BRA,MF
6598,joao gomes,51,2025-2026,João Gomes,24.0,Brazil,M
6599,joao mario,77,2025-2026,João Mário,26.0,Portugal,M
6600,joao mario,87,2025-2026,João Mário,25.0,Portugal,M
6601,joao moutinho,51,2022-2023,João Moutinho,35.0,pt POR,MF
6602,joao moutinho,98,2022-2023,João Moutinho,24.0,pt POR,DF
6603,joao neves,119,2024-2025,João Neves,19.0,pt POR,"MF,DF"
6604,joao neves,119,2025-2026,João Neves,21.0,Portugal,M
6605,joao palhinha,36,2022-2023,João Palhinha,27.0,pt POR,MF
6606,joao palhinha,36,2023-2024,João Palhinha,28.0,pt POR,MF
6607,joao palhinha,49,2025-2026,João Palhinha,30.0,Portugal,M
6608,joao palhinha,54,2024-2025,João Palhinha,29.0,pt POR,MF
6609,joao pedro,31,2023-2024,João Pedro,21.0,br BRA,"MF,FW"
6610,joao pedro,31,2024-2025,João Pedro,22.0,br BRA,"FW,MF"
6611,joao pedro,33,2025-2026,João Pedro,24.0,Brazil,F
6612,joao urbaez,14,2024-2025,João Urbáez,22.0,do DOM,DF
6613,joao victor,116,2022-2023,João Victor,24.0,br BRA,DF
6614,joao virginia,35,2023-2024,João Virgínia,23.0,pt POR,GK
6615,joao virginia,35,2024-2025,João Virgínia,24.0,pt POR,GK
6616,joaquin,19,2022-2023,Joaquín,41.0,es ESP,MF
6617,joaquin blazquez,105,2022-2023,Joaquín Blázquez,21.0,ar ARG,GK
6618,joaquin correa,86,2022-2023,Joaquín Correa,27.0,ar ARG,FW
6619,joaquin correa,86,2023-2024,Joaquín Correa,28.0,ar ARG,"FW,MF"
6620,joaquin correa,86,2024-2025,Joaquín Correa,29.0,ar ARG,"FW,MF"
6621,joaquin correa,112,2023-2024,Joaquín Correa,28.0,ar ARG,"MF,FW"
6622,joaquin fernandez,23,2022-2023,Joaquín Fernández,26.0,es ESP,DF
6623,joaquin martinez gauna,24,2024-2025,Joaquín Martínez Gauna,21.0,es ESP,FW
6624,joaquin panichelli,1,2023-2024,Joaquín Panichelli,20.0,ar ARG,"MF,FW"
6625,joaquin panichelli,1,2024-2025,Joaquín Panichelli,21.0,ar ARG,FW
6626,joaquin panichelli,123,2025-2026,Joaquín Panichelli,23.0,Argentina,F
6627,joaquin sosa,77,2022-2023,Joaquín Sosa,20.0,uy URU,DF
6628,joaquin sosa,77,2023-2024,Joaquin Sosa,21.0,uy URU,DF
6629,jobe bellingham,56,2025-2026,Jobe Bellingham,20.0,England,M
6630,jocelin ta bi,48,2025-2026,Jocelin Ta Bi,20.0,Cote d'Ivoire,F
6631,jodel dossou,106,2022-2023,Jodel Dossou,30.0,bj BEN,MF
6632,joe aribo,47,2022-2023,Joe Aribo,26.0,ng NGA,"MF,FW"
6633,joe aribo,47,2024-2025,Joe Aribo,28.0,ng NGA,MF
6634,joe bryan,117,2022-2023,Joe Bryan,28.0,eng ENG,MF
6635,joe gardner,45,2023-2024,Joe Gardner,18.0,eng ENG,DF
6636,joe gauci,28,2023-2024,Joe Gauci,23.0,au AUS,GK
6637,joe gauci,28,2024-2025,Joe Gauci,24.0,au AUS,GK
6638,joe gauci,28,2025-2026,Joe Gauci,24.0,Australia,K
6639,joe gelhardt,38,2022-2023,Joe Gelhardt,20.0,eng ENG,FW
6640,joe gomez,40,2022-2023,Joe Gomez,25.0,eng ENG,DF
6641,joe gomez,40,2023-2024,Joe Gomez,26.0,eng ENG,DF
6642,joe gomez,40,2024-2025,Joe Gomez,27.0,eng ENG,DF
6643,joe gomez,40,2025-2026,Joe Gomez,28.0,England,D
6644,joe hodge,51,2022-2023,Joe Hodge,20.0,Ireland,M
6645,joe hodge,51,2024-2025,Joe Hodge,22.0,Ireland,M
6646,joe hugill,43,2023-2024,Joe Hugill,19.0,eng ENG,FW
6647,joe hugill,43,2024-2025,Joe Hugill,21.0,England,F
6648,joe hugill,43,2025-2026,Joe Hugill,22.0,England,F
6649,joe johnson,41,2023-2024,Joe Johnson,,,
6650,joe knight,31,2024-2025,Joe Knight,18.0,eng ENG,MF
6651,joe lumley,47,2024-2025,Joe Lumley,29.0,eng ENG,GK
6652,joe o'brien-whitmarsh,47,2024-2025,Joe O'Brien-Whitmarsh,19.0,ie IRL,MF
6653,joe rodon,38,2025-2026,Joe Rodon,28.0,Wales,D
6654,joe rodon,121,2022-2023,Joe Rodon,24.0,wls WAL,DF
6655,joe rothwell,29,2022-2023,Joe Rothwell,27.0,eng ENG,MF
6656,joe rothwell,29,2023-2024,Joe Rothwell,28.0,eng ENG,MF
6657,joe rothwell,29,2024-2025,Joe Rothwell,30.0,England,M
6658,joe scally,67,2022-2023,Joe Scally,19.0,us USA,DF
6659,joe scally,67,2023-2024,Joe Scally,20.0,us USA,"DF,MF"
6660,joe scally,67,2024-2025,Joe Scally,21.0,us USA,DF
6661,joe scally,67,2025-2026,Joe Scally,23.0,United States,D
6662,joe scallyborussia m.,67,2022-2023,Joe ScallyBorussia M.,,,
6663,joe scallyborussia m.,67,2023-2024,Joe ScallyBorussia M.,,,
6664,joe scallyborussia m.,67,2024-2025,Joe ScallyBorussia M.,,,
6665,joe white,44,2023-2024,Joe White,20.0,eng ENG,MF
6666,joe white,44,2024-2025,Joe White,22.0,England,F
6667,joe white,44,2025-2026,Joe White,22.0,England,F
6668,joe whitworth,34,2022-2023,Joe Whitworth,,,
6669,joe whitworth,34,2023-2024,Joe Whitworth,19.0,England,K
6670,joe whitworth,34,2024-2025,Joe Whitworth,20.0,England,K
6671,joe whitworth,34,2025-2026,Joe Whitworth,21.0,England,K
6672,joe willock,44,2022-2023,Joe Willock,22.0,eng ENG,MF
6673,joe willock,44,2023-2024,Joe Willock,23.0,eng ENG,MF
6674,joe willock,44,2024-2025,Joe Willock,24.0,eng ENG,MF
6675,joe willock,44,2025-2026,Joe Willock,26.0,England,M
6676,joe wormleighton,39,2022-2023,Joe Wormleighton,18.0,eng ENG,DF
6677,joe worrall,32,2025-2026,Joe Worrall,29.0,England,D
6678,joe worrall,45,2022-2023,Joe Worrall,25.0,eng ENG,DF
6679,joe worrall,45,2023-2024,Joe Worrall,26.0,eng ENG,DF
6680,joel asoro,113,2023-2024,Joel Asoro,24.0,se SWE,"MF,FW"
6681,joel asoro,113,2025-2026,Joel Asoro,26.0,Sweden,F
6682,joel chima fujita,70,2025-2026,Joel Chima Fujita,23.0,Japan,M
6683,joel imasuen,73,2023-2024,Joel Imasuen,18.0,us USA,FW
6684,joel kiala,62,2022-2023,Joel Kiala,18.0,ao ANG,DF
6685,joel malusa,100,2023-2024,Joel Malusà,16.0,it ITA,GK
6686,joel matip,40,2022-2023,Joël Matip,30.0,cm CMR,DF
6687,joel matip,40,2023-2024,Joël Matip,31.0,cm CMR,DF
6688,joel mvuka,110,2023-2024,Joel Mvuka,20.0,no NOR,MF
6689,joel mvuka,110,2025-2026,Joel Mvuka,23.0,Norway,F
6690,joel ndala,42,2025-2026,Joel Ndala,19.0,England,F
6691,joel piroe,38,2025-2026,Joël Piroe,26.0,Suriname,F
6692,joel pohjanpalo,53,2022-2023,Joel Pohjanpalo,27.0,fi FIN,FW
6693,joel pohjanpalo,101,2024-2025,Joel Pohjanpalo,29.0,fi FIN,FW
6694,joel robles,38,2022-2023,Joel Robles,32.0,es ESP,GK
6695,joel roca,11,2022-2023,Joel Roca,17.0,es ESP,FW
6696,joel roca,11,2024-2025,Joel Roca,19.0,es ESP,FW
6697,joel roca,11,2025-2026,Joel Roca,20.0,Spain,F
6698,joel schingtienne,101,2024-2025,Joël Schingtienne,21.0,be BEL,DF
6699,joel schmied,65,2025-2026,Joël Schmied,27.0,Switzerland,D
6700,joel veltman,31,2022-2023,Joël Veltman,30.0,nl NED,DF
6701,joel veltman,31,2023-2024,Joël Veltman,31.0,nl NED,DF
6702,joel veltman,31,2024-2025,Joël Veltman,32.0,nl NED,DF
6703,joel veltman,31,2025-2026,Joël Veltman,34.0,Netherlands,D
6704,joel voelkerling persson,89,2022-2023,Joel Voelkerling Persson,19.0,se SWE,FW
6705,joel voelkerling persson,89,2023-2024,Joel Voelkerling Persson,20.0,se SWE,FW
6706,joel voelkerling persson,89,2024-2025,Joel Voelkerling Persson,22.0,Sweden,F
6707,joel ward,34,2022-2023,Joel Ward,32.0,eng ENG,DF
6708,joel ward,34,2023-2024,Joel Ward,33.0,eng ENG,DF
6709,joel ward,34,2024-2025,Joel Ward,34.0,eng ENG,DF
6710,joelinton,44,2022-2023,Joelinton,25.0,br BRA,"MF,FW"
6711,joelinton,44,2023-2024,Joelinton,26.0,br BRA,"MF,FW"
6712,joelinton,44,2024-2025,Joelinton,27.0,br BRA,"MF,FW"
6713,joelinton,44,2025-2026,Joelinton,29.0,Brazil,M
6714,joey muller,69,2022-2023,Joey Müller,21.0,de GER,"DF,MF"
6715,jofre,9,2024-2025,Jofre,23.0,es ESP,MF
6716,jofre carreras,9,2024-2025,Jofre Carreras,23.0,Spain,F
6717,jofre carreras,9,2025-2026,Jofre Carreras,24.0,Spain,F
6718,johan bakayoko,68,2025-2026,Johan Bakayoko,22.0,Belgium,F
6719,johan gastien,106,2022-2023,Johan Gastien,34.0,fr FRA,MF
6720,johan gastien,106,2023-2024,Johan Gastien,35.0,fr FRA,MF
6721,johan manzambi,59,2024-2025,Johan Manzambi,18.0,ch SUI,MF
6722,johan manzambi,59,2025-2026,Johan Manzambi,20.0,Switzerland,M
6723,johan mojica,8,2022-2023,Johan Mojica,29.0,co COL,"DF,MF"
6724,johan mojica,16,2024-2025,Johan Mojica,31.0,co COL,DF
6725,johan mojica,16,2025-2026,Johan Mojica,33.0,Colombia,D
6726,johan mojica,17,2023-2024,Johan Mojica,30.0,co COL,"DF,MF"
6727,johan mojica,26,2022-2023,Johan Mojica,29.0,co COL,DF
6728,johan vasquez,80,2022-2023,Johan Vásquez,23.0,mx MEX,DF
6729,johan vasquez,84,2023-2024,Johan Vásquez,24.0,mx MEX,DF
6730,johan vasquez,84,2024-2025,Johan Vásquez,25.0,mx MEX,DF
6731,johan vasquez,84,2025-2026,Johan Vásquez,27.0,Mexico,D
6732,johann berg gudmundsson,32,2023-2024,Jóhann Berg Gudmundsson,33.0,Iceland,F
6733,johann berg gumundsson,32,2023-2024,Jóhann Berg Guðmundsson,32.0,is ISL,MF
6734,johann gudmundsson,32,2023-2024,Jóhann Gudmundsson,,,
6735,johann lepenant,111,2022-2023,Johann Lepenant,19.0,fr FRA,MF
6736,johann lepenant,111,2023-2024,Johann Lepenant,20.0,fr FRA,MF
6737,johann lepenant,116,2024-2025,Johann Lepenant,21.0,fr FRA,MF
6738,johann lepenant,116,2025-2026,Johann Lepenant,23.0,France,M
6739,johannes eggestein,70,2024-2025,Johannes Eggestein,26.0,de GER,FW
6740,johannes schenk,54,2022-2023,Johannes Schenk,19.0,de GER,GK
6741,john,45,2025-2026,John,29.0,Brazil,K
6742,john anthony brooks,63,2022-2023,John Anthony Brooks,30.0,United States,D
6743,john anthony brooks,63,2023-2024,John Anthony Brooks,31.0,United States,D
6744,john brooks,63,2022-2023,John Brooks,29.0,us USA,DF
6745,john brooks,63,2023-2024,John Brooks,30.0,us USA,DF
6746,john donald,8,2022-2023,John Donald,21.0,es ESP,"MF,DF"
6747,john donald,8,2025-2026,John Donald,25.0,Spain,D
6748,john egan,46,2023-2024,John Egan,30.0,ie IRL,DF
6749,john fleck,46,2023-2024,John Fleck,31.0,sct SCO,MF
6750,john joe,10,2022-2023,John Joe,18.0,ie IRL,MF
6751,john joe,10,2023-2024,John Joe,19.0,ie IRL,MF
6752,john joe,10,2024-2025,John Joe,20.0,ie IRL,MF
6753,john joe,120,2024-2025,John Joe,20.0,ie IRL,MF
6754,john mcatee,41,2023-2024,John McAtee,24.0,eng ENG,"FW,MF"
6755,john mcginn,28,2022-2023,John McGinn,27.0,sct SCO,MF
6756,john mcginn,28,2023-2024,John McGinn,28.0,sct SCO,MF
6757,john mcginn,28,2024-2025,John McGinn,29.0,sct SCO,MF
6758,john mcginn,28,2025-2026,John McGinn,31.0,Scotland,M
6759,john patrick,10,2024-2025,John Patrick,,,
6760,john patrick,120,2024-2025,John Patrick,21.0,Ireland,M
6761,john ruddy,44,2024-2025,John Ruddy,37.0,eng ENG,GK
6762,john ruddy,44,2025-2026,John Ruddy,39.0,England,K
6763,john stones,42,2022-2023,John Stones,28.0,eng ENG,"DF,MF"
6764,john stones,42,2023-2024,John Stones,29.0,eng ENG,DF
6765,john stones,42,2024-2025,John Stones,30.0,eng ENG,DF
6766,john stones,42,2025-2026,John Stones,31.0,England,D
6767,john tolkin,64,2024-2025,John Tolkin,22.0,us USA,"MF,DF"
6768,john yeboah,101,2024-2025,John Yeboah,24.0,ec ECU,"FW,MF"
6769,john-kymani gordon,34,2022-2023,John-Kymani Gordon,19.0,eng ENG,"FW,MF"
6770,john-kymani gordon,34,2023-2024,John-Kymani Gordon,20.0,eng ENG,"FW,MF"
6771,johnny,4,2025-2026,Johnny,24.0,United States,M
6772,johnny,19,2023-2024,Johnny,22.0,United States,M
6773,johnny,19,2024-2025,Johnny,23.0,United States,M
6774,johnny cardoso,19,2023-2024,Johnny Cardoso,21.0,us USA,MF
6775,johnny cardoso,19,2024-2025,Johnny Cardoso,22.0,us USA,MF
6776,joi nuredini,84,2024-2025,Joi Nuredini,16.0,al ALB,FW
6777,jon ander garrido,6,2022-2023,Jon Ander Garrido,33.0,Spain,M
6778,jon ander olasagasti,15,2025-2026,Jon Ander Olasagasti,25.0,Spain,M
6779,jon ander olasagasti,22,2023-2024,Jon Ander Olasagasti,23.0,Spain,M
6780,jon ander olasagasti,22,2024-2025,Jon Ander Olasagasti,24.0,Spain,M
6781,jon aramburu,22,2023-2024,Jon Aramburu,21.0,ve VEN,"DF,MF"
6782,jon aramburu,22,2024-2025,Jon Aramburu,22.0,ve VEN,DF
6783,jon aramburu,22,2025-2026,Jon Aramburu,23.0,Venezuela,D
6784,jon balda,22,2024-2025,Jon Balda,22.0,es ESP,DF
6785,jon fuentes,17,2024-2025,Jon Fuentes,21.0,es ESP,MF
6786,jon gorrotxategi,22,2025-2026,Jon Gorrotxategi,24.0,Spain,M
6787,jon guridi,1,2023-2024,Jon Guridi,28.0,es ESP,MF
6788,jon guridi,1,2024-2025,Jon Guridi,29.0,es ESP,MF
6789,jon guridi,1,2025-2026,Jon Guridi,30.0,Spain,M
6790,jon karrikaburu,1,2023-2024,Jon Karrikaburu,20.0,es ESP,FW
6791,jon karrikaburu,22,2022-2023,Jon Karrikaburu,19.0,es ESP,FW
6792,jon karrikaburu,22,2023-2024,Jon Karrikaburu,20.0,es ESP,FW
6793,jon karrikaburu,22,2025-2026,Jon Karrikaburu,23.0,Spain,F
6794,jon magunazelaia,22,2022-2023,Jon Magunazelaia,21.0,es ESP,MF
6795,jon magunazelaia,22,2023-2024,Jon Magunazelaia,22.0,es ESP,FW
6796,jon magunazelaia,22,2024-2025,Jon Magunazelaia,23.0,es ESP,MF
6797,jon martin,22,2023-2024,Jon Martín,17.0,es ESP,DF
6798,jon martin,22,2024-2025,Jon Martín,18.0,es ESP,DF
6799,jon martin,22,2025-2026,Jon Martín,19.0,Spain,D
6800,jon moncayola,17,2022-2023,Jon Moncayola,24.0,es ESP,"MF,DF"
6801,jon moncayola,17,2023-2024,Jon Moncayola,25.0,es ESP,MF
6802,jon moncayola,17,2024-2025,Jon Moncayola,26.0,es ESP,MF
6803,jon moncayola,17,2025-2026,Jon Moncayola,27.0,Spain,M
6804,jon morcillo,3,2022-2023,Jon Morcillo,23.0,es ESP,MF
6805,jon olasagasti,22,2022-2023,Jon Olasagasti,,,
6806,jon olasagasti,22,2023-2024,Jon Olasagasti,,,
6807,jon olasagasti,22,2024-2025,Jon Olasagasti,,,
6808,jon pacheco,1,2025-2026,Jon Pacheco,25.0,Spain,D
6809,jon pacheco,22,2022-2023,Jon Pacheco,21.0,es ESP,DF
6810,jon pacheco,22,2023-2024,Jon Pacheco,22.0,es ESP,DF
6811,jon pacheco,22,2024-2025,Jon Pacheco,23.0,es ESP,DF
6812,jonah kusi-asare,36,2025-2026,Jonah Kusi-Asare,18.0,Sweden,F
6813,jonah kusi-asare,54,2024-2025,Jonah Kusi-Asare,17.0,se SWE,FW
6814,jonas adjetey,74,2025-2026,Jonas Adjetey,22.0,Ghana,D
6815,jonas fohrenbach,61,2023-2024,Jonas Föhrenbach,27.0,de GER,DF
6816,jonas fohrenbach,61,2024-2025,Jonas Föhrenbach,28.0,de GER,"DF,MF"
6817,jonas fohrenbach,61,2025-2026,Jonas Föhrenbach,30.0,Germany,D
6818,jonas fohrenbachfc,61,2023-2024,Jonas FöhrenbachFC,,,
6819,jonas fohrenbachfc,61,2024-2025,Jonas FöhrenbachFC,,,
6820,jonas harder,82,2024-2025,Jonas Harder,18.0,it ITA,MF
6821,jonas hector,65,2022-2023,Jonas Hector,32.0,de GER,DF
6822,jonas hectorfc,65,2022-2023,Jonas HectorFC,,,
6823,jonas hofmann,53,2023-2024,Jonas Hofmann,31.0,de GER,MF
6824,jonas hofmann,53,2024-2025,Jonas Hofmann,32.0,de GER,MF
6825,jonas hofmann,53,2025-2026,Jonas Hofmann,33.0,Germany,F
6826,jonas hofmann,67,2022-2023,Jonas Hofmann,30.0,de GER,MF
6827,jonas hofmannborussia m.,67,2022-2023,Jonas HofmannBorussia M.,,,
6828,jonas martin,105,2023-2024,Jonas Martin,33.0,fr FRA,MF
6829,jonas martin,105,2024-2025,Jonas Martin,34.0,fr FRA,MF
6830,jonas martin,109,2022-2023,Jonas Martin,32.0,fr FRA,MF
6831,jonas nickisch,65,2023-2024,Jonas Nickisch,19.0,Germany,K
6832,jonas nickisch,68,2022-2023,Jonas Nickisch,18.0,de GER,GK
6833,jonas omlin,53,2025-2026,Jonas Omlin,32.0,Switzerland,K
6834,jonas omlin,67,2022-2023,Jonas Omlin,28.0,ch SUI,GK
6835,jonas omlin,67,2023-2024,Jonas Omlin,29.0,ch SUI,GK
6836,jonas omlin,67,2024-2025,Jonas Omlin,30.0,ch SUI,GK
6837,jonas omlin,67,2025-2026,Jonas Omlin,31.0,Switzerland,K
6838,jonas omlin,115,2022-2023,Jonas Omlin,28.0,ch SUI,GK
6839,jonas omlinborussia m.,67,2022-2023,Jonas OmlinBorussia M.,,,
6840,jonas omlinborussia m.,67,2023-2024,Jonas OmlinBorussia M.,,,
6841,jonas omlinborussia m.,67,2024-2025,Jonas OmlinBorussia M.,,,
6842,jonas rouhi,87,2024-2025,Jonas Rouhi,20.0,se SWE,DF
6843,jonas urbig,54,2024-2025,Jonas Urbig,20.0,de GER,GK
6844,jonas urbig,54,2025-2026,Jonas Urbig,22.0,Germany,K
6845,jonas urbig,65,2022-2023,Jonas Urbig,18.0,de GER,GK
6846,jonas wind,74,2022-2023,Jonas Wind,23.0,dk DEN,FW
6847,jonas wind,74,2023-2024,Jonas Wind,24.0,dk DEN,FW
6848,jonas wind,74,2024-2025,Jonas Wind,25.0,dk DEN,"FW,MF"
6849,jonas wind,74,2025-2026,Jonas Wind,26.0,Denmark,F
6850,jonathan akaegbobi,74,2024-2025,Jonathan Akaegbobi,18.0,de GER,FW
6851,jonathan asp jensen,54,2023-2024,Jonathan Asp Jensen,17.0,dk DEN,FW
6852,jonathan bamba,7,2023-2024,Jonathan Bamba,27.0,ci CIV,"MF,FW"
6853,jonathan bamba,7,2024-2025,Jonathan Bamba,28.0,ci CIV,"MF,FW"
6854,jonathan bamba,109,2022-2023,Jonathan Bamba,26.0,ci CIV,MF
6855,jonathan burkardt,58,2025-2026,Jonathan Burkardt,25.0,Germany,F
6856,jonathan burkardt,66,2022-2023,Jonathan Burkardt,22.0,de GER,"MF,FW"
6857,jonathan burkardt,66,2023-2024,Jonathan Burkardt,23.0,de GER,"FW,MF"
6858,jonathan burkardt,66,2024-2025,Jonathan Burkardt,24.0,de GER,FW
6859,jonathan clauss,112,2022-2023,Jonathan Clauss,29.0,fr FRA,MF
6860,jonathan clauss,112,2023-2024,Jonathan Clauss,30.0,fr FRA,"DF,MF"
6861,jonathan clauss,117,2024-2025,Jonathan Clauss,31.0,fr FRA,"MF,DF"
6862,jonathan clauss,117,2025-2026,Jonathan Clauss,33.0,France,D
6863,jonathan david,87,2025-2026,Jonathan David,26.0,Canada,F
6864,jonathan david,109,2022-2023,Jonathan David,22.0,ca CAN,"FW,MF"
6865,jonathan david,109,2023-2024,Jonathan David,23.0,ca CAN,FW
6866,jonathan david,109,2024-2025,Jonathan David,24.0,ca CAN,FW
6867,jonathan fischer,113,2025-2026,Jonathan Fischer,24.0,Denmark,K
6868,jonathan gomez,22,2022-2023,Jonathan Gomez,18.0,us USA,DF
6869,jonathan gradit,108,2022-2023,Jonathan Gradit,29.0,fr FRA,DF
6870,jonathan gradit,108,2023-2024,Jonathan Gradit,30.0,fr FRA,DF
6871,jonathan gradit,108,2024-2025,Jonathan Gradit,31.0,fr FRA,DF
6872,jonathan gradit,108,2025-2026,Jonathan Gradit,33.0,France,D
6873,jonathan ikone,79,2024-2025,Jonathan Ikoné,26.0,fr FRA,"MF,FW"
6874,jonathan ikone,82,2022-2023,Jonathan Ikoné,24.0,fr FRA,"MF,FW"
6875,jonathan ikone,82,2023-2024,Jonathan Ikoné,25.0,fr FRA,MF
6876,jonathan ikone,82,2024-2025,Jonathan Ikoné,26.0,fr FRA,MF
6877,jonathan ikone,118,2025-2026,Jonathan Ikoné,27.0,France,F
6878,jonathan norbye,68,2023-2024,Jonathan Norbye,16.0,no NOR,DF
6879,jonathan norbye,68,2024-2025,Jonathan Norbye,17.0,no NOR,DF
6880,jonathan panzo,45,2024-2025,Jonathan Panzo,24.0,England,D
6881,jonathan rowe,77,2025-2026,Jonathan Rowe,22.0,England,F
6882,jonathan rowe,112,2024-2025,Jonathan Rowe,21.0,eng ENG,"MF,FW"
6883,jonathan schmid,59,2022-2023,Jonathan Schmid,32.0,fr FRA,"DF,MF"
6884,jonathan silva,99,2023-2024,Jonathan Silva,19.0,br BRA,MF
6885,jonathan tah,53,2022-2023,Jonathan Tah,26.0,de GER,DF
6886,jonathan tah,53,2023-2024,Jonathan Tah,27.0,de GER,DF
6887,jonathan tah,53,2024-2025,Jonathan Tah,28.0,de GER,DF
6888,jonathan tah,54,2025-2026,Jonathan Tah,29.0,Germany,D
6889,jonathan viera,2,2023-2024,Jonathan Viera,33.0,es ESP,MF
6890,jonathan viera,13,2023-2024,Jonathan Viera,33.0,es ESP,"MF,FW"
6891,jones el-abdellaoui,7,2024-2025,Jones El-Abdellaoui,18.0,ma MAR,FW
6892,jones el-abdellaoui,7,2025-2026,Jones El-Abdellaoui,20.0,Morocco,F
6893,joni montiel,18,2024-2025,Joni Montiel,25.0,es ESP,MF
6894,jonjo shelvey,44,2022-2023,Jonjo Shelvey,30.0,eng ENG,MF
6895,jonjo shelvey,45,2022-2023,Jonjo Shelvey,30.0,eng ENG,MF
6896,jonjoe kenny,62,2022-2023,Jonjoe Kenny,25.0,eng ENG,DF
6897,jonny,51,2022-2023,Jonny,,,
6898,jonny,51,2023-2024,Jonny,,,
6899,jonny castro,51,2022-2023,Jonny Castro,28.0,es ESP,DF
6900,jonny castro,51,2023-2024,Jonny Castro,29.0,es ESP,"DF,MF"
6901,jonny evans,39,2022-2023,Jonny Evans,34.0,nir NIR,DF
6902,jonny evans,43,2023-2024,Jonny Evans,35.0,nir NIR,DF
6903,jonny evans,43,2024-2025,Jonny Evans,36.0,nir NIR,DF
6904,jonny otto,1,2025-2026,Jonny Otto,31.0,Spain,D
6905,jonny otto,51,2022-2023,Jonny Otto,28.0,Spain,D
6906,jordan amavi,10,2022-2023,Jordan Amavi,28.0,fr FRA,DF
6907,jordan amavi,105,2023-2024,Jordan Amavi,29.0,fr FRA,DF
6908,jordan amavi,105,2024-2025,Jordan Amavi,30.0,fr FRA,DF
6909,jordan amavi,112,2023-2024,Jordan Amavi,29.0,France,D
6910,jordan amissah,46,2023-2024,Jordan Amissah,21.0,gh GHA,GK
6911,jordan ayew,34,2022-2023,Jordan Ayew,30.0,gh GHA,"FW,MF"
6912,jordan ayew,34,2023-2024,Jordan Ayew,31.0,gh GHA,"MF,FW"
6913,jordan ayew,34,2024-2025,Jordan Ayew,32.0,gh GHA,"FW,MF"
6914,jordan ayew,39,2024-2025,Jordan Ayew,32.0,gh GHA,MF
6915,jordan beyer,32,2023-2024,Jordan Beyer,23.0,de GER,DF
6916,jordan beyer,32,2025-2026,Jordan Beyer,25.0,Germany,D
6917,jordan beyer,67,2022-2023,Jordan Beyer,22.0,de GER,DF
6918,jordan clark,41,2023-2024,Jordan Clark,29.0,eng ENG,MF
6919,jordan dongmo,125,2022-2023,Jordan Dongmo,21.0,cm CMR,MF
6920,jordan ferri,115,2022-2023,Jordan Ferri,30.0,fr FRA,MF
6921,jordan ferri,115,2023-2024,Jordan Ferri,31.0,fr FRA,MF
6922,jordan ferri,115,2024-2025,Jordan Ferri,32.0,fr FRA,MF
6923,jordan henderson,30,2025-2026,Jordan Henderson,35.0,England,M
6924,jordan henderson,40,2022-2023,Jordan Henderson,32.0,eng ENG,MF
6925,jordan james,121,2024-2025,Jordan James,20.0,wls WAL,MF
6926,jordan larsson,69,2022-2023,Jordan Larsson,25.0,se SWE,MF
6927,jordan lefort,103,2024-2025,Jordan Lefort,30.0,mr MTN,DF
6928,jordan lefort,103,2025-2026,Jordan Lefort,32.0,France,D
6929,jordan lotomba,117,2022-2023,Jordan Lotomba,23.0,ch SUI,"DF,MF"
6930,jordan lotomba,117,2023-2024,Jordan Lotomba,24.0,ch SUI,"DF,MF"
6931,jordan lotomba,117,2024-2025,Jordan Lotomba,25.0,ch SUI,"DF,MF"
6932,jordan majchrzak,94,2022-2023,Jordan Majchrzak,17.0,pl POL,FW
6933,jordan pefok,67,2023-2024,Jordan Pefok,27.0,us USA,FW
6934,jordan pefok,72,2022-2023,Jordan Pefok,26.0,us USA,FW
6935,jordan pefok,72,2023-2024,Jordan Pefok,27.0,us USA,FW
6936,jordan pefok,72,2024-2025,Jordan Pefok,28.0,us USA,FW
6937,jordan pefok,120,2024-2025,Jordan Pefok,28.0,us USA,FW
6938,jordan pickford,35,2022-2023,Jordan Pickford,28.0,eng ENG,GK
6939,jordan pickford,35,2023-2024,Jordan Pickford,29.0,eng ENG,GK
6940,jordan pickford,35,2024-2025,Jordan Pickford,30.0,eng ENG,GK
6941,jordan pickford,35,2025-2026,Jordan Pickford,31.0,England,K
6942,jordan siebatcheu,67,2023-2024,Jordan Siebatcheu,27.0,United States,F
6943,jordan siebatcheu,72,2022-2023,Jordan Siebatcheu,26.0,United States,F
6944,jordan siebatcheu,72,2023-2024,Jordan Siebatcheu,,,
6945,jordan siebatcheu,72,2024-2025,Jordan Siebatcheu,,,
6946,jordan siebatcheu,120,2024-2025,Jordan Siebatcheu,28.0,United States,F
6947,jordan siebatcheuborussia m.,67,2023-2024,Jordan SiebatcheuBorussia M.,,,
6948,jordan smith,45,2022-2023,Jordan Smith,27.0,eng ENG,GK
6949,jordan teze,114,2024-2025,Jordan Teze,24.0,nl NED,"DF,MF"
6950,jordan teze,114,2025-2026,Jordan Teze,26.0,Netherlands,D
6951,jordan torunarigha,60,2025-2026,Jordan Torunarigha,28.0,Nigeria,D
6952,jordan veretout,111,2024-2025,Jordan Veretout,31.0,fr FRA,MF
6953,jordan veretout,112,2022-2023,Jordan Veretout,29.0,fr FRA,MF
6954,jordan veretout,112,2023-2024,Jordan Veretout,30.0,fr FRA,MF
6955,jordan zemura,29,2022-2023,Jordan Zemura,22.0,zw ZIM,"DF,MF"
6956,jordan zemura,100,2023-2024,Jordan Zemura,23.0,zw ZIM,MF
6957,jordan zemura,100,2024-2025,Jordan Zemura,24.0,zw ZIM,"MF,DF"
6958,jordan zemura,100,2025-2026,Jordan Zemura,26.0,Zimbabwe,D
6959,jordi,10,2023-2024,Jordi,22.0,es ESP,MF
6960,jordi alba,5,2022-2023,Jordi Alba,33.0,es ESP,DF
6961,jordi martin,10,2023-2024,Jordi Martín,,,
6962,jordi masip,23,2022-2023,Jordi Masip,33.0,es ESP,GK
6963,jordi mboula,85,2023-2024,Jordi Mboula,24.0,es ESP,"MF,FW"
6964,jordi osei-tutu,55,2022-2023,Jordi Osei-Tutu,23.0,eng ENG,"MF,DF"
6965,jordi osei-tutu,55,2023-2024,Jordi Osei-Tutu,24.0,eng ENG,"DF,MF"
6966,jordi paulina,56,2024-2025,Jordi Paulina,19.0,cw CUW,FW
6967,jordy makengo,59,2023-2024,Jordy Makengo,21.0,fr FRA,"DF,MF"
6968,jordy makengo,59,2024-2025,Jordy Makengo,22.0,fr FRA,DF
6969,jordy makengo,59,2025-2026,Jordy Makengo,24.0,France,D
6970,jorge benito,10,2023-2024,Jorge Benito,17.0,es ESP,GK
6971,jorge benito,10,2024-2025,Jorge Benito,18.0,es ESP,GK
6972,jorge cuenca,26,2022-2023,Jorge Cuenca,22.0,es ESP,DF
6973,jorge cuenca,26,2023-2024,Jorge Cuenca,23.0,es ESP,DF
6974,jorge cuenca,36,2024-2025,Jorge Cuenca,24.0,es ESP,DF
6975,jorge cuenca,36,2025-2026,Jorge Cuenca,26.0,Spain,D
6976,jorge de frutos,18,2023-2024,Jorge de Frutos,26.0,es ESP,MF
6977,jorge de frutos,18,2024-2025,Jorge de Frutos,27.0,es ESP,"MF,FW"
6978,jorge de frutos,18,2025-2026,Jorge de Frutos,28.0,Spain,F
6979,jorge gonzalez,23,2024-2025,Jorge Gonzalez,19.0,es ESP,DF
6980,jorge herrando,17,2022-2023,Jorge Herrando,21.0,es ESP,DF
6981,jorge herrando,17,2023-2024,Jorge Herrando,22.0,es ESP,DF
6982,jorge herrando,17,2024-2025,Jorge Herrando,23.0,es ESP,DF
6983,jorge herrando,17,2025-2026,Jorge Herrando,24.0,Spain,D
6984,jorge mere,6,2022-2023,Jorge Meré,25.0,es ESP,DF
6985,jorge mere,6,2023-2024,Jorge Meré,26.0,es ESP,DF
6986,jorge moreno,17,2023-2024,Jorge Moreno,22.0,es ESP,DF
6987,jorge moreno,18,2023-2024,Jorge Moreno,22.0,es ESP,DF
6988,jorge pascual,26,2022-2023,Jorge Pascual,,,
6989,jorge pascual,26,2023-2024,Jorge Pascual,,,
6990,jorge saenz,14,2024-2025,Jorge Sáenz,27.0,es ESP,DF
6991,jorgen strand larsen,7,2022-2023,Jörgen Strand Larsen,22.0,Norway,F
6992,jorginho,27,2022-2023,Jorginho,30.0,it ITA,MF
6993,jorginho,27,2023-2024,Jorginho,31.0,it ITA,MF
6994,jorginho,27,2024-2025,Jorginho,32.0,it ITA,MF
6995,jorginho,33,2022-2023,Jorginho,30.0,it ITA,MF
6996,joris chotard,105,2025-2026,Joris Chotard,24.0,France,M
6997,joris chotard,115,2022-2023,Joris Chotard,20.0,fr FRA,MF
6998,joris chotard,115,2023-2024,Joris Chotard,21.0,fr FRA,MF
6999,joris chotard,115,2024-2025,Joris Chotard,22.0,fr FRA,MF
7000,jorrel hato,33,2025-2026,Jorrel Hato,19.0,Netherlands,D
7001,josan,8,2022-2023,Josan,32.0,es ESP,"DF,MF"
7002,josan,8,2025-2026,Josan,36.0,Spain,F
7003,jose alonso lara,19,2022-2023,José Alonso Lara,22.0,es ESP,MF
7004,jose angel carmona,8,2022-2023,José Ángel Carmona,21.0,Spain,D
7005,jose angel carmona,10,2023-2024,José Ángel Carmona,22.0,Spain,D
7006,jose angel carmona,24,2022-2023,José Ángel Carmona,,,
7007,jose angel carmona,24,2024-2025,José Ángel Carmona,23.0,Spain,D
7008,jose angel carmona,24,2025-2026,José Ángel Carmona,24.0,Spain,D
7009,jose antonio,6,2022-2023,José Antonio,18.0,es ESP,MF
7010,jose antonio,6,2023-2024,José Antonio,19.0,es ESP,MF
7011,jose arnaiz,17,2023-2024,José Arnáiz,28.0,es ESP,"FW,MF"
7012,jose arnaiz,17,2024-2025,José Arnáiz,29.0,es ESP,MF
7013,jose callejon,12,2023-2024,José Callejón,36.0,es ESP,"MF,FW"
7014,jose campana,13,2023-2024,José Campaña,30.0,es ESP,MF
7015,jose campana,13,2024-2025,José Campaña,31.0,es ESP,MF
7016,jose carlos gonzalez,13,2024-2025,José Carlos González,18.0,es ESP,MF
7017,jose carlos lazo,2,2022-2023,José Carlos Lazo,26.0,es ESP,MF
7018,jose carlos lazo,9,2022-2023,José Carlos Lazo,26.0,es ESP,MF
7019,jose copete,16,2022-2023,José Copete,23.0,Spain,D
7020,jose copete,16,2023-2024,José Copete,24.0,Spain,D
7021,jose copete,16,2024-2025,José Copete,25.0,Spain,D
7022,jose copete,25,2025-2026,José Copete,26.0,Spain,D
7023,jose de la rosa,6,2022-2023,José de la Rosa,,,
7024,jose fonte,109,2022-2023,José Fonte,38.0,pt POR,DF
7025,jose gaya,25,2022-2023,José Gayà,27.0,Spain,D
7026,jose gaya,25,2023-2024,José Gayà,28.0,Spain,D
7027,jose gaya,25,2024-2025,José Gayà,29.0,Spain,D
7028,jose gaya,25,2025-2026,José Gayà,30.0,Spain,D
7029,jose gimenez,4,2022-2023,José Giménez,28.0,Uruguay,D
7030,jose gimenez,4,2023-2024,José Giménez,29.0,Uruguay,D
7031,jose gimenez,4,2024-2025,José Giménez,30.0,Uruguay,D
7032,jose gimenez,4,2025-2026,José Giménez,31.0,Uruguay,D
7033,jose gragera,9,2022-2023,José Gragera,21.0,es ESP,"MF,DF"
7034,jose gragera,9,2024-2025,José Gragera,23.0,es ESP,MF
7035,jose lopez,9,2024-2025,José López,18.0,es ESP,DF
7036,jose luis garcia vaya,25,2023-2024,José Luis García Vayá,24.0,es ESP,MF
7037,jose luis garcia vaya,25,2024-2025,José Luis García Vayá,25.0,es ESP,MF
7038,jose luis gaya,25,2022-2023,José Luis Gayà,27.0,es ESP,DF
7039,jose luis gaya,25,2023-2024,José Luis Gayà,28.0,es ESP,DF
7040,jose luis gaya,25,2024-2025,José Luis Gayà,29.0,es ESP,DF
7041,jose luis morales,15,2025-2026,José Luis Morales,38.0,Spain,F
7042,jose luis morales,26,2022-2023,José Luis Morales,35.0,es ESP,FW
7043,jose luis morales,26,2023-2024,José Luis Morales,36.0,es ESP,"FW,MF"
7044,jose luis palomino,76,2022-2023,José Luis Palomino,32.0,ar ARG,DF
7045,jose luis palomino,76,2023-2024,José Luis Palomino,33.0,ar ARG,DF
7046,jose luis palomino,78,2024-2025,José Luis Palomino,34.0,ar ARG,DF
7047,jose machin,90,2022-2023,José Machín,26.0,Equatorial Guinea,M
7048,jose machin,90,2023-2024,José Machín,27.0,Equatorial Guinea,M
7049,jose manuel arnaiz,17,2023-2024,José Manuel Arnáiz,28.0,Spain,F
7050,jose manuel arnaiz,17,2024-2025,José Manuel Arnáiz,29.0,Spain,F
7051,jose mari,6,2022-2023,José Mari,34.0,es ESP,MF
7052,jose mari,6,2023-2024,José Mari,35.0,es ESP,MF
7053,jose mari martin,6,2022-2023,José Mari Martín,,,
7054,jose mari martin,6,2023-2024,José Mari Martín,,,
7055,jose maria gimenez,4,2022-2023,José María Giménez,27.0,uy URU,DF
7056,jose maria gimenez,4,2023-2024,José María Giménez,28.0,uy URU,DF
7057,jose maria gimenez,4,2024-2025,José María Giménez,29.0,uy URU,DF
7058,jose palomino,76,2022-2023,José Palomino,,,
7059,jose palomino,76,2023-2024,José Palomino,,,
7060,jose palomino,78,2024-2025,José Palomino,,,
7061,jose pozo,18,2022-2023,José Pozo,26.0,es ESP,MF
7062,jose pozo,18,2023-2024,José Pozo,27.0,es ESP,"FW,MF"
7063,jose sa,51,2022-2023,José Sá,29.0,pt POR,GK
7064,jose sa,51,2023-2024,José Sá,30.0,pt POR,GK
7065,jose sa,51,2024-2025,José Sá,31.0,pt POR,GK
7066,jose sa,51,2025-2026,José Sá,33.0,Portugal,K
7067,jose salinas,9,2025-2026,José Salinas,25.0,Spain,D
7068,joseba zaldua,6,2022-2023,Joseba Zaldúa,30.0,es ESP,DF
7069,joseba zaldua,6,2023-2024,Joseba Zaldúa,31.0,es ESP,"DF,MF"
7070,joseda,1,2023-2024,Joseda,22.0,es ESP,DF
7071,joselito,85,2022-2023,Joselito,18.0,es ESP,MF
7072,joselito,85,2023-2024,Joselito,19.0,es ESP,MF
7073,joselu,9,2022-2023,Joselu,32.0,es ESP,FW
7074,joselu,20,2023-2024,Joselu,33.0,es ESP,FW
7075,josep antoni gaya,16,2022-2023,Josep Antoni Gayá,22.0,es ESP,DF
7076,josep gaya,16,2022-2023,Josep Gayá,,,
7077,josep martinez,84,2023-2024,Josep Martínez,25.0,es ESP,GK
7078,josep martinez,86,2024-2025,Josep Martínez,26.0,es ESP,GK
7079,josep martinez,86,2025-2026,Josep Martínez,27.0,Spain,K
7080,joseph aidoo,7,2022-2023,Joseph Aidoo,26.0,gh GHA,DF
7081,joseph aidoo,7,2023-2024,Joseph Aidoo,27.0,gh GHA,DF
7082,joseph aidoo,7,2024-2025,Joseph Aidoo,28.0,gh GHA,DF
7083,joseph aidoo,7,2025-2026,Joseph Aidoo,30.0,Ghana,D
7084,joseph aidoo,23,2024-2025,Joseph Aidoo,28.0,gh GHA,DF
7085,joseph anang,50,2022-2023,Joseph Anang,22.0,gh GHA,GK
7086,joseph anang,50,2023-2024,Joseph Anang,23.0,gh GHA,GK
7087,joseph hodge,51,2022-2023,Joseph Hodge,19.0,ie IRL,MF
7088,joseph hodge,51,2023-2024,Joseph Hodge,20.0,ie IRL,MF
7089,joseph johnson,41,2023-2024,Joseph Johnson,17.0,eng ENG,DF
7090,joseph liteta,78,2025-2026,Joseph Liteta,19.0,Zambia,M
7091,joseph mangondo,113,2025-2026,Joseph Mangondo,20.0,France,F
7092,joseph nduquidi,113,2023-2024,Joseph Nduquidi,18.0,fr FRA,"MF,DF"
7093,joseph nonge,87,2023-2024,Joseph Nonge,18.0,be BEL,MF
7094,joseph okumu,120,2023-2024,Joseph Okumu,26.0,ke KEN,DF
7095,joseph okumu,120,2024-2025,Joseph Okumu,27.0,ke KEN,DF
7096,joseph whitworth,34,2022-2023,Joseph Whitworth,18.0,eng ENG,GK
7097,joseph whitworth,34,2023-2024,Joseph Whitworth,19.0,eng ENG,GK
7098,josh acheampong,33,2023-2024,Josh Acheampong,,,
7099,josh acheampong,33,2024-2025,Josh Acheampong,18.0,England,D
7100,josh acheampong,33,2025-2026,Josh Acheampong,19.0,England,D
7101,josh bowler,45,2024-2025,Josh Bowler,25.0,England,F
7102,josh brownhill,32,2023-2024,Josh Brownhill,27.0,eng ENG,MF
7103,josh cullen,32,2023-2024,Josh Cullen,27.0,ie IRL,MF
7104,josh cullen,32,2025-2026,Josh Cullen,29.0,Ireland,M
7105,josh dasilva,30,2022-2023,Josh Dasilva,23.0,eng ENG,MF
7106,josh dasilva,30,2023-2024,Josh Dasilva,24.0,eng ENG,MF
7107,josh doig,85,2022-2023,Josh Doig,20.0,sct SCO,MF
7108,josh doig,85,2023-2024,Josh Doig,21.0,sct SCO,"MF,DF"
7109,josh doig,97,2023-2024,Josh Doig,21.0,sct SCO,"DF,MF"
7110,josh doig,97,2025-2026,Josh Doig,23.0,Scotland,D
7111,josh duffus,31,2023-2024,Josh Duffus,18.0,eng ENG,MF
7112,josh feeney,28,2024-2025,Josh Feeney,19.0,England,D
7113,josh feeney,28,2025-2026,Josh Feeney,20.0,England,D
7114,josh king,36,2024-2025,Josh King,18.0,England,M
7115,josh king,36,2025-2026,Josh King,19.0,England,F
7116,josh laurent,32,2025-2026,Josh Laurent,30.0,England,M
7117,josh nichols,27,2024-2025,Josh Nichols,18.0,eng ENG,DF
7118,josh onomah,36,2022-2023,Josh Onomah,25.0,eng ENG,"FW,MF"
7119,josh powell,45,2025-2026,Josh Powell,20.0,England,D
7120,josh wilson-esbrand,42,2022-2023,Josh Wilson-Esbrand,19.0,eng ENG,DF
7121,josh wilson-esbrand,42,2024-2025,Josh Wilson-Esbrand,21.0,eng ENG,DF
7122,josh wilson-esbrand,120,2023-2024,Josh Wilson-Esbrand,20.0,eng ENG,"DF,MF"
7123,josha vagnoman,71,2022-2023,Josha Vagnoman,21.0,de GER,"MF,DF"
7124,josha vagnoman,71,2023-2024,Josha Vagnoman,22.0,de GER,"MF,DF"
7125,josha vagnoman,71,2024-2025,Josha Vagnoman,23.0,de GER,"DF,MF"
7126,josha vagnoman,71,2025-2026,Josha Vagnoman,25.0,Germany,D
7127,joshua acheampong,33,2023-2024,Joshua Acheampong,17.0,eng ENG,DF
7128,joshua acheampong,33,2024-2025,Joshua Acheampong,18.0,eng ENG,DF
7129,joshua brooking,33,2023-2024,Joshua Brooking,20.0,eng ENG,DF
7130,joshua da silva,30,2022-2023,Joshua Da Silva,24.0,England,M
7131,joshua da silva,30,2023-2024,Joshua Da Silva,25.0,England,M
7132,joshua da silva,30,2024-2025,Joshua Da Silva,26.0,England,M
7133,joshua da silva,30,2025-2026,Joshua Da Silva,27.0,England,M
7134,joshua eze,53,2022-2023,Joshua Eze,19.0,Germany,M
7135,joshua kimmich,54,2022-2023,Joshua Kimmich,27.0,de GER,MF
7136,joshua kimmich,54,2023-2024,Joshua Kimmich,28.0,de GER,"MF,DF"
7137,joshua kimmich,54,2024-2025,Joshua Kimmich,29.0,de GER,MF
7138,joshua kimmich,54,2025-2026,Joshua Kimmich,30.0,Germany,M
7139,joshua king,36,2023-2024,Joshua King,16.0,eng ENG,MF
7140,joshua king,36,2024-2025,Joshua King,17.0,eng ENG,MF
7141,joshua king,124,2024-2025,Joshua King,32.0,no NOR,"FW,MF"
7142,joshua m'bahia,106,2023-2024,Joshua M'Bahia,18.0,ci CIV,DF
7143,joshua quarshie,63,2022-2023,Joshua Quarshie,18.0,de GER,DF
7144,joshua quarshie,63,2023-2024,Joshua Quarshie,19.0,de GER,DF
7145,joshua schwirten,65,2022-2023,Joshua Schwirten,20.0,de GER,MF
7146,joshua zirkzee,43,2024-2025,Joshua Zirkzee,23.0,nl NED,"FW,MF"
7147,joshua zirkzee,43,2025-2026,Joshua Zirkzee,24.0,Netherlands,F
7148,joshua zirkzee,54,2022-2023,Joshua Zirkzee,21.0,nl NED,FW
7149,joshua zirkzee,77,2022-2023,Joshua Zirkzee,21.0,nl NED,FW
7150,joshua zirkzee,77,2023-2024,Joshua Zirkzee,22.0,nl NED,FW
7151,josip brekalo,74,2022-2023,Josip Brekalo,24.0,hr CRO,"MF,FW"
7152,josip brekalo,82,2022-2023,Josip Brekalo,24.0,hr CRO,MF
7153,josip brekalo,82,2023-2024,Josip Brekalo,25.0,hr CRO,MF
7154,josip brekalo,82,2024-2025,Josip Brekalo,26.0,hr CRO,"FW,MF"
7155,josip juranovic,72,2022-2023,Josip Juranovic,26.0,hr CRO,MF
7156,josip juranovic,72,2023-2024,Josip Juranovic,27.0,hr CRO,"MF,DF"
7157,josip juranovic,72,2024-2025,Josip Juranovic,28.0,hr CRO,"MF,DF"
7158,josip juranovic,72,2025-2026,Josip Juranovic,30.0,Croatia,D
7159,josip stanisic,53,2023-2024,Josip Stanisic,23.0,hr CRO,"DF,MF"
7160,josip stanisic,54,2022-2023,Josip Stanisic,22.0,hr CRO,DF
7161,josip stanisic,54,2024-2025,Josip Stanisic,24.0,hr CRO,DF
7162,josip stanisic,54,2025-2026,Josip Stanisic,25.0,Croatia,D
7163,josko gvardiol,42,2023-2024,Josko Gvardiol,21.0,hr CRO,DF
7164,josko gvardiol,42,2024-2025,Josko Gvardiol,22.0,hr CRO,DF
7165,josko gvardiol,42,2025-2026,Josko Gvardiol,24.0,Croatia,D
7166,josko gvardiol,68,2022-2023,Josko Gvardiol,20.0,hr CRO,DF
7167,josue casimir,104,2025-2026,Josué Casimir,24.0,Haiti,F
7168,josue casimir,107,2023-2024,Josué Casimir,21.0,ht HAI,"MF,FW"
7169,josue casimir,107,2024-2025,Josué Casimir,22.0,ht HAI,"MF,FW"
7170,josue escartin,105,2022-2023,Josué Escartin,19.0,France,D
7171,josue-emanuel m'bila,52,2022-2023,Josué-Emanuel M'bila,22.0,ao ANG,MF
7172,josuha guilavogui,66,2023-2024,Josuha Guilavogui,32.0,fr FRA,DF
7173,josuha guilavogui,74,2022-2023,Josuha Guilavogui,31.0,fr FRA,"DF,MF"
7174,jota,121,2024-2025,Jota,25.0,pt POR,MF
7175,jota silva,45,2024-2025,Jota Silva,24.0,pt POR,MF
7176,jovan milosevic,71,2023-2024,Jovan Milosevic,18.0,rs SRB,FW
7177,jovan milosevic,73,2025-2026,Jovan Milosevic,20.0,Serbia,F
7178,jovane cabral,95,2023-2024,Jovane Cabral,25.0,cv CPV,"MF,FW"
7179,jozhua vertrouwd,18,2025-2026,Jozhua Vertrouwd,21.0,Netherlands,D
7180,jrgen strand larsen,7,2022-2023,Jørgen Strand Larsen,22.0,no NOR,FW
7181,jrgen strand larsen,7,2023-2024,Jørgen Strand Larsen,23.0,no NOR,FW
7182,jrgen strand larsen,34,2025-2026,Jørgen Strand Larsen,25.0,Norway,F
7183,jrgen strand larsen,51,2024-2025,Jørgen Strand Larsen,24.0,no NOR,FW
7184,juan arizala,100,2025-2026,Juan Arizala,20.0,Colombia,M
7185,juan bernat,10,2024-2025,Juan Bernat,31.0,es ESP,MF
7186,juan bernat,26,2024-2025,Juan Bernat,31.0,es ESP,DF
7187,juan bernat,119,2022-2023,Juan Bernat,29.0,es ESP,"MF,DF"
7188,juan bernat,119,2024-2025,Juan Bernat,31.0,Spain,D
7189,juan berrocal,10,2024-2025,Juan Berrocal,25.0,es ESP,DF
7190,juan cabal,85,2022-2023,Juan Cabal,22.0,Colombia,D
7191,juan cabal,85,2023-2024,Juan Cabal,23.0,Colombia,D
7192,juan cabal,87,2024-2025,Juan Cabal,24.0,Colombia,D
7193,juan cabal,87,2025-2026,Juan Cabal,25.0,Colombia,D
7194,juan cala,6,2022-2023,Juan Cala,33.0,Spain,D
7195,juan carlos,11,2022-2023,Juan Carlos,34.0,es ESP,GK
7196,juan carlos,11,2023-2024,Juan Carlos,35.0,es ESP,GK
7197,juan carlos,11,2024-2025,Juan Carlos,36.0,es ESP,GK
7198,juan carlos,11,2025-2026,Juan Carlos,38.0,Spain,K
7199,juan cruz,14,2024-2025,Juan Cruz,24.0,es ESP,"MF,DF"
7200,juan cruz,17,2022-2023,Juan Cruz,30.0,Spain,D
7201,juan cruz,17,2023-2024,Juan Cruz,31.0,Spain,D
7202,juan cruz,17,2024-2025,Juan Cruz,32.0,Spain,D
7203,juan cruz,17,2025-2026,Juan Cruz,33.0,Spain,D
7204,juan cruz,19,2022-2023,Juan Cruz,22.0,es ESP,MF
7205,juan cruz,19,2023-2024,Juan Cruz,23.0,es ESP,MF
7206,juan cruz,85,2023-2024,Juan Cruz,24.0,ar ARG,FW
7207,juan cruz armada,17,2022-2023,Juan Cruz Armada,30.0,es ESP,DF
7208,juan cruz armada,17,2023-2024,Juan Cruz Armada,31.0,es ESP,DF
7209,juan cruz armada,17,2024-2025,Juan Cruz Armada,32.0,es ESP,DF
7210,juan cuadrado,76,2024-2025,Juan Cuadrado,36.0,co COL,"MF,FW"
7211,juan cuadrado,86,2023-2024,Juan Cuadrado,35.0,co COL,"DF,FW"
7212,juan cuadrado,87,2022-2023,Juan Cuadrado,34.0,co COL,"MF,DF"
7213,juan cuadrado,93,2025-2026,Juan Cuadrado,37.0,Colombia,M
7214,juan david cabal,85,2022-2023,Juan David Cabal,21.0,co COL,DF
7215,juan david cabal,85,2023-2024,Juan David Cabal,22.0,co COL,DF
7216,juan david cabal,87,2024-2025,Juan David Cabal,23.0,co COL,DF
7217,juan foyth,26,2022-2023,Juan Foyth,24.0,ar ARG,DF
7218,juan foyth,26,2023-2024,Juan Foyth,25.0,ar ARG,DF
7219,juan foyth,26,2024-2025,Juan Foyth,26.0,ar ARG,DF
7220,juan foyth,26,2025-2026,Juan Foyth,28.0,Argentina,D
7221,juan iglesias,10,2022-2023,Juan Iglesias,24.0,Spain,D
7222,juan iglesias,10,2023-2024,Juan Iglesias,25.0,Spain,D
7223,juan iglesias,10,2024-2025,Juan Iglesias,26.0,Spain,D
7224,juan iglesias,10,2025-2026,Juan Iglesias,27.0,Spain,D
7225,juan ignacio cabrera,52,2024-2025,Juan Ignacio Cabrera,21.0,de GER,MF
7226,juan jesus,91,2022-2023,Juan Jesus,31.0,br BRA,DF
7227,juan jesus,91,2023-2024,Juan Jesus,32.0,br BRA,DF
7228,juan jesus,91,2024-2025,Juan Jesus,33.0,br BRA,DF
7229,juan jesus,91,2025-2026,Juan Jesus,34.0,Brazil,D
7230,juan jose perea,71,2022-2023,Juan José Perea,22.0,Colombia,F
7231,juan larios,47,2022-2023,Juan Larios,18.0,es ESP,DF
7232,juan larios,47,2024-2025,Juan Larios,21.0,Spain,D
7233,juan manuel cruz,85,2023-2024,Juan Manuel Cruz,24.0,Argentina,F
7234,juan miranda,19,2022-2023,Juan Miranda,22.0,es ESP,DF
7235,juan miranda,19,2023-2024,Juan Miranda,23.0,es ESP,DF
7236,juan miranda,77,2024-2025,Juan Miranda,24.0,es ESP,DF
7237,juan miranda,77,2025-2026,Juan Miranda,26.0,Spain,D
7238,juan musso,4,2024-2025,Juan Musso,30.0,ar ARG,GK
7239,juan musso,4,2025-2026,Juan Musso,31.0,Argentina,K
7240,juan musso,76,2022-2023,Juan Musso,28.0,ar ARG,GK
7241,juan musso,76,2023-2024,Juan Musso,29.0,ar ARG,GK
7242,juan musso,76,2024-2025,Juan Musso,30.0,ar ARG,GK
7243,juan navarro,8,2022-2023,Juan Navarro,23.0,es ESP,GK
7244,juan perea,71,2022-2023,Juan Perea,22.0,co COL,FW
7245,juan perez,17,2022-2023,Juan Pérez,26.0,es ESP,GK
7246,juan rodriguez,78,2025-2026,Juan Rodríguez,20.0,Uruguay,D
7247,juan soriano,14,2024-2025,Juan Soriano,26.0,es ESP,GK
7248,juanjo narvaez,23,2022-2023,Juanjo Narváez,27.0,co COL,MF
7249,juanlu sanchez,24,2023-2024,Juanlu Sánchez,19.0,es ESP,"DF,MF"
7250,juanlu sanchez,24,2024-2025,Juanlu Sánchez,20.0,es ESP,"MF,DF"
7251,juanlu sanchez,24,2025-2026,Juanlu Sánchez,22.0,Spain,D
7252,juanma herzog,13,2023-2024,Juanma Herzog,19.0,es ESP,DF
7253,juanma herzog,13,2024-2025,Juanma Herzog,20.0,es ESP,DF
7254,juanmi,6,2023-2024,Juanmi,30.0,es ESP,FW
7255,juanmi,10,2024-2025,Juanmi,31.0,es ESP,FW
7256,juanmi,10,2025-2026,Juanmi,32.0,Spain,F
7257,juanmi,19,2022-2023,Juanmi,29.0,es ESP,MF
7258,juanmi,19,2024-2025,Juanmi,31.0,es ESP,MF
7259,juanmi latasa,10,2022-2023,Juanmi Latasa,21.0,es ESP,FW
7260,juanmi latasa,10,2023-2024,Juanmi Latasa,22.0,es ESP,FW
7261,juanmi latasa,23,2024-2025,Juanmi Latasa,23.0,es ESP,FW
7262,juanpe,11,2022-2023,Juanpe,31.0,es ESP,DF
7263,juanpe,11,2023-2024,Juanpe,32.0,es ESP,DF
7264,juanpe,11,2024-2025,Juanpe,33.0,es ESP,DF
7265,juanpe,18,2024-2025,Juanpe,23.0,es ESP,GK
7266,jubal,104,2022-2023,Jubal,28.0,br BRA,DF
7267,jubal,104,2024-2025,Jubal,30.0,br BRA,DF
7268,jude bellingham,20,2023-2024,Jude Bellingham,20.0,eng ENG,"MF,FW"
7269,jude bellingham,20,2024-2025,Jude Bellingham,21.0,eng ENG,MF
7270,jude bellingham,20,2025-2026,Jude Bellingham,22.0,England,F
7271,jude bellingham,56,2022-2023,Jude Bellingham,19.0,eng ENG,MF
7272,julen agirrezabala,3,2022-2023,Julen Agirrezabala,21.0,es ESP,GK
7273,julen agirrezabala,3,2023-2024,Julen Agirrezabala,22.0,es ESP,GK
7274,julen agirrezabala,3,2024-2025,Julen Agirrezabala,23.0,es ESP,GK
7275,julen agirrezabala,25,2025-2026,Julen Agirrezabala,25.0,Spain,K
7276,julen lartitegi,1,2024-2025,Julen Lartitegi,20.0,es ESP,FW
7277,jules kounde,5,2022-2023,Jules Koundé,23.0,fr FRA,DF
7278,jules kounde,5,2023-2024,Jules Koundé,24.0,fr FRA,DF
7279,jules kounde,5,2024-2025,Jules Koundé,25.0,fr FRA,DF
7280,jules kounde,5,2025-2026,Jules Koundé,27.0,France,D
7281,jules stawiecki,114,2025-2026,Jules Stawiecki,18.0,France,K
7282,julian alvarez,4,2024-2025,Julián Alvarez,24.0,ar ARG,FW
7283,julian alvarez,4,2025-2026,Julián Alvarez,26.0,Argentina,F
7284,julian alvarez,42,2022-2023,Julián Alvarez,22.0,ar ARG,"MF,FW"
7285,julian alvarez,42,2023-2024,Julián Alvarez,23.0,ar ARG,"MF,FW"
7286,julian araujo,5,2023-2024,Julián Araujo,22.0,Mexico,D
7287,julian araujo,13,2023-2024,Julián Araujo,21.0,mx MEX,DF
7288,julian araujo,29,2024-2025,Julián Araujo,22.0,mx MEX,DF
7289,julian araujo,29,2025-2026,Julián Araujo,24.0,Mexico,D
7290,julian baumgartlinger,52,2022-2023,Julian Baumgartlinger,34.0,at AUT,MF
7291,julian brandt,56,2022-2023,Julian Brandt,26.0,de GER,MF
7292,julian brandt,56,2023-2024,Julian Brandt,27.0,de GER,MF
7293,julian brandt,56,2024-2025,Julian Brandt,28.0,de GER,MF
7294,julian brandt,56,2025-2026,Julian Brandt,29.0,Germany,F
7295,julian chabot,65,2022-2023,Julian Chabot,24.0,de GER,DF
7296,julian chabot,65,2023-2024,Julian Chabot,25.0,de GER,DF
7297,julian chabot,71,2024-2025,Julian Chabot,26.0,de GER,DF
7298,julian chabot,71,2025-2026,Julian Chabot,27.0,Germany,D
7299,julian chicco,14,2024-2025,Julián Chicco,26.0,ar ARG,"MF,DF"
7300,julian draxler,119,2022-2023,Julian Draxler,28.0,Germany,F
7301,julian eitschberger,62,2022-2023,Julian Eitschberger,18.0,de GER,"DF,MF"
7302,julian eyestone,30,2024-2025,Julian Eyestone,18.0,us USA,GK
7303,julian jeanvier,104,2022-2023,Julian Jeanvier,30.0,gn GUI,DF
7304,julian justvan,57,2023-2024,Julian Justvan,25.0,de GER,MF
7305,julian justvan,63,2023-2024,Julian Justvan,25.0,de GER,"FW,MF"
7306,julian kristoffersen,95,2022-2023,Julian Kristoffersen,25.0,no NOR,FW
7307,julian malatini,73,2023-2024,Julián Malatini,22.0,ar ARG,DF
7308,julian malatini,73,2024-2025,Julián Malatini,23.0,ar ARG,DF
7309,julian malatini,73,2025-2026,Julián Malatini,24.0,Argentina,D
7310,julian niehues,61,2024-2025,Julian Niehues,23.0,de GER,MF
7311,julian niehues,61,2025-2026,Julian Niehues,24.0,Germany,M
7312,julian niehuesfc,61,2024-2025,Julian NiehuesFC,,,
7313,julian pollersbeck,110,2022-2023,Julian Pollersbeck,28.0,Germany,K
7314,julian roloff,65,2022-2023,Julian Roloff,22.0,Germany,K
7315,julian ryerson,56,2022-2023,Julian Ryerson,24.0,no NOR,DF
7316,julian ryerson,56,2023-2024,Julian Ryerson,25.0,no NOR,DF
7317,julian ryerson,56,2024-2025,Julian Ryerson,26.0,no NOR,"DF,MF"
7318,julian ryerson,56,2025-2026,Julian Ryerson,28.0,Norway,D
7319,julian ryerson,72,2022-2023,Julian Ryerson,24.0,no NOR,MF
7320,julian vignolo,124,2025-2026,Julián Vignolo,19.0,Argentina,F
7321,julian weigl,67,2022-2023,Julian Weigl,26.0,de GER,MF
7322,julian weigl,67,2023-2024,Julian Weigl,27.0,de GER,MF
7323,julian weigl,67,2024-2025,Julian Weigl,28.0,de GER,MF
7324,julian weiglborussia m.,67,2022-2023,Julian WeiglBorussia M.,,,
7325,julian weiglborussia m.,67,2023-2024,Julian WeiglBorussia M.,,,
7326,julian weiglborussia m.,67,2024-2025,Julian WeiglBorussia M.,,,
7327,julien duranville,56,2022-2023,Julien Duranville,16.0,be BEL,FW
7328,julien duranville,56,2023-2024,Julien Duranville,17.0,be BEL,FW
7329,julien duranville,56,2024-2025,Julien Duranville,18.0,be BEL,MF
7330,julien duranville,56,2025-2026,Julien Duranville,19.0,Belgium,F
7331,julien laporte,110,2022-2023,Julien Laporte,28.0,fr FRA,DF
7332,julien laporte,110,2023-2024,Julien Laporte,29.0,fr FRA,DF
7333,julien le cardinal,105,2023-2024,Julien Le Cardinal,25.0,fr FRA,DF
7334,julien le cardinal,105,2024-2025,Julien Le Cardinal,26.0,fr FRA,DF
7335,julien le cardinal,108,2022-2023,Julien Le Cardinal,24.0,fr FRA,"MF,DF"
7336,julien le cardinal,108,2023-2024,Julien Le Cardinal,25.0,fr FRA,DF
7337,julien lopez,118,2025-2026,Julien Lopez,33.0,Algeria,F
7338,julien ponceau,110,2022-2023,Julien Ponceau,21.0,fr FRA,MF
7339,julien ponceau,110,2023-2024,Julien Ponceau,22.0,fr FRA,MF
7340,julien yanda,70,2024-2025,Julien Yanda,16.0,de GER,DF
7341,julio enciso,31,2022-2023,Julio Enciso,18.0,py PAR,"MF,FW"
7342,julio enciso,31,2023-2024,Julio Enciso,19.0,py PAR,MF
7343,julio enciso,31,2024-2025,Julio Enciso,20.0,py PAR,MF
7344,julio enciso,37,2024-2025,Julio Enciso,20.0,py PAR,MF
7345,julio enciso,123,2025-2026,Julio Enciso,22.0,Paraguay,F
7346,julio soler,29,2024-2025,Julio Soler,19.0,ar ARG,DF
7347,julio soler,29,2025-2026,Julio Soler,20.0,Argentina,D
7348,julius beck,98,2022-2023,Julius Beck,17.0,dk DEN,MF
7349,julius schell,69,2022-2023,Julius Schell,22.0,de GER,MF
7350,juma bah,23,2024-2025,Juma Bah,,,
7351,juma bah,108,2024-2025,Juma Bah,18.0,Sierra Leone,D
7352,juma bah,117,2025-2026,Juma Bah,19.0,Sierra Leone,D
7353,junior adamu,59,2023-2024,Junior Adamu,22.0,at AUT,FW
7354,junior adamu,59,2024-2025,Junior Adamu,23.0,at AUT,FW
7355,junior adamu,59,2025-2026,Junior Adamu,24.0,Austria,F
7356,junior ajayi,85,2023-2024,Junior Ajayi,18.0,ci CIV,FW
7357,junior ajayi,85,2024-2025,Junior Ajayi,19.0,ci CIV,FW
7358,junior ajayi,85,2025-2026,Junior Ajayi,21.0,Cote d'Ivoire,F
7359,junior bita,3,2022-2023,Junior Bita,17.0,gq EQG,MF
7360,junior diaz,105,2025-2026,Junior Diaz,22.0,Cote d'Ivoire,D
7361,junior dina ebimbe,58,2022-2023,Junior Dina Ebimbe,21.0,cm CMR,MF
7362,junior dina ebimbe,58,2023-2024,Junior Dina Ebimbe,22.0,cm CMR,MF
7363,junior dina ebimbe,58,2024-2025,Junior Dina Ebimbe,23.0,cm CMR,MF
7364,junior firpo,19,2025-2026,Junior Firpo,29.0,Dominican Republic,D
7365,junior firpo,38,2022-2023,Junior Firpo,25.0,do DOM,DF
7366,junior kroupi,110,2022-2023,Junior Kroupi,,,
7367,junior kroupi,110,2023-2024,Junior Kroupi,,,
7368,junior messias,75,2022-2023,Junior Messias,31.0,br BRA,MF
7369,junior messias,84,2023-2024,Junior Messias,32.0,br BRA,"MF,FW"
7370,junior messias,84,2024-2025,Junior Messias,33.0,br BRA,"MF,FW"
7371,junior messias,84,2025-2026,Junior Messias,34.0,Brazil,F
7372,junior messiasac,75,2022-2023,Junior MessiasAC,,,
7373,junior mwanga,107,2024-2025,Junior Mwanga,21.0,fr FRA,MF
7374,junior mwanga,123,2023-2024,Junior Mwanga,20.0,fr FRA,"MF,FW"
7375,junior mwanga,123,2024-2025,Junior Mwanga,21.0,fr FRA,MF
7376,junior mwanga,123,2025-2026,Junior Mwanga,22.0,France,M
7377,junior ndiaye,115,2024-2025,Junior Ndiaye,19.0,ae UAE,FW
7378,junior sambia,81,2024-2025,Junior Sambia,27.0,fr FRA,MF
7379,junior sambia,95,2022-2023,Junior Sambia,25.0,fr FRA,"MF,DF"
7380,junior sambia,95,2023-2024,Junior Sambia,26.0,fr FRA,MF
7381,junior stanislas,29,2022-2023,Junior Stanislas,32.0,eng ENG,MF
7382,junya ito,120,2022-2023,Junya Ito,29.0,jp JPN,"MF,FW"
7383,junya ito,120,2023-2024,Junya Ito,30.0,jp JPN,"FW,MF"
7384,junya ito,120,2024-2025,Junya Ito,31.0,jp JPN,"MF,FW"
7385,jurgen ekkelenkamp,100,2024-2025,Jurgen Ekkelenkamp,24.0,nl NED,MF
7386,jurgen ekkelenkamp,100,2025-2026,Jurgen Ekkelenkamp,25.0,Netherlands,M
7387,jurrien timber,27,2023-2024,Jurriën Timber,22.0,nl NED,DF
7388,jurrien timber,27,2024-2025,Jurriën Timber,23.0,nl NED,DF
7389,jurrien timber,27,2025-2026,Jurriën Timber,24.0,Netherlands,D
7390,justin bengui,111,2023-2024,Justin Bengui,18.0,France,K
7391,justin bengui,111,2024-2025,Justin Bengui,19.0,France,K
7392,justin bijlow,84,2025-2026,Justin Bijlow,28.0,Netherlands,K
7393,justin bourgault,105,2024-2025,Justin Bourgault,18.0,fr FRA,DF
7394,justin che,63,2022-2023,Justin Che,18.0,us USA,DF
7395,justin devenny,34,2024-2025,Justin Devenny,20.0,nir NIR,MF
7396,justin devenny,34,2025-2026,Justin Devenny,22.0,Northern Ireland,F
7397,justin diehl,65,2022-2023,Justin Diehl,17.0,de GER,MF
7398,justin diehl,65,2023-2024,Justin Diehl,18.0,de GER,MF
7399,justin diehl,71,2024-2025,Justin Diehl,19.0,de GER,MF
7400,justin diehl,71,2025-2026,Justin Diehl,21.0,Germany,F
7401,justin diehlfc,65,2022-2023,Justin DiehlFC,,,
7402,justin diehlfc,65,2023-2024,Justin DiehlFC,,,
7403,justin heekeren,69,2022-2023,Justin Heekeren,21.0,de GER,GK
7404,justin hubner,51,2023-2024,Justin Hubner,19.0,id IDN,DF
7405,justin kalumba,16,2025-2026,Justin Kalumba,21.0,France,F
7406,justin kalumba,103,2022-2023,Justin Kalumba,,,
7407,justin kalumba,103,2024-2025,Justin Kalumba,20.0,France,F
7408,justin kluivert,25,2022-2023,Justin Kluivert,23.0,nl NED,"FW,MF"
7409,justin kluivert,29,2023-2024,Justin Kluivert,24.0,nl NED,MF
7410,justin kluivert,29,2024-2025,Justin Kluivert,25.0,nl NED,MF
7411,justin kluivert,29,2025-2026,Justin Kluivert,26.0,Netherlands,F
7412,justin kumi,97,2023-2024,Justin Kumi,19.0,it ITA,MF
7413,justin lacombe,124,2023-2024,Justin Lacombe,20.0,France,K
7414,justin lacombe,124,2024-2025,Justin Lacombe,21.0,France,K
7415,justin njinmah,56,2022-2023,Justin Njinmah,21.0,de GER,"FW,MF"
7416,justin njinmah,73,2023-2024,Justin Njinmah,22.0,de GER,FW
7417,justin njinmah,73,2024-2025,Justin Njinmah,23.0,de GER,"FW,MF"
7418,justin njinmah,73,2025-2026,Justin Njinmah,25.0,Germany,F
7419,justin smith,9,2024-2025,Justin Smith,21.0,ca CAN,MF
7420,justin-noel kalumba,103,2022-2023,Justin-Noël Kalumba,17.0,fr FRA,DF
7421,justin-noel kalumba,103,2024-2025,Justin-Noël Kalumba,19.0,fr FRA,FW
7422,jusuf gazibegovic,65,2025-2026,Jusuf Gazibegovic,25.0,Bosnia-Herzegovina,D
7423,kaan ayhan,97,2022-2023,Kaan Ayhan,27.0,tr TUR,DF
7424,kacper koscierski,55,2024-2025,Kacper Koscierski,17.0,de GER,DF
7425,kacper potulski,66,2025-2026,Kacper Potulski,18.0,Poland,D
7426,kacper urbanski,77,2022-2023,Kacper Urbanski,17.0,pl POL,MF
7427,kacper urbanski,77,2023-2024,Kacper Urbanski,18.0,pl POL,"MF,FW"
7428,kacper urbanski,77,2024-2025,Kacper Urbanski,19.0,pl POL,MF
7429,kacper urbanski,90,2024-2025,Kacper Urbanski,19.0,pl POL,MF
7430,kadan young,28,2022-2023,Kadan Young,16.0,eng ENG,MF
7431,kadan young,28,2023-2024,Kadan Young,17.0,eng ENG,MF
7432,kadan young,28,2024-2025,Kadan Young,18.0,eng ENG,MF
7433,kadan young,28,2025-2026,Kadan Young,20.0,England,F
7434,kaden rodney,34,2022-2023,Kaden Rodney,17.0,eng ENG,"DF,MF"
7435,kaden rodney,34,2023-2024,Kaden Rodney,18.0,eng ENG,"DF,MF"
7436,kaden rodney,34,2024-2025,Kaden Rodney,19.0,eng ENG,"DF,MF"
7437,kader meite,121,2024-2025,Kader Meïté,16.0,fr FRA,FW
7438,kaelan casey,50,2022-2023,Kaelan Casey,17.0,eng ENG,DF
7439,kaelan casey,50,2023-2024,Kaelan Casey,18.0,eng ENG,DF
7440,kaelan casey,50,2024-2025,Kaelan Casey,19.0,eng ENG,DF
7441,kai havertz,27,2023-2024,Kai Havertz,24.0,de GER,"MF,FW"
7442,kai havertz,27,2024-2025,Kai Havertz,25.0,de GER,FW
7443,kai havertz,27,2025-2026,Kai Havertz,26.0,Germany,F
7444,kai havertz,33,2022-2023,Kai Havertz,23.0,de GER,"FW,MF"
7445,kaide gordon,40,2023-2024,Kaide Gordon,18.0,eng ENG,FW
7446,kaide gordon,40,2024-2025,Kaide Gordon,20.0,England,F
7447,kaiky,2,2022-2023,Kaiky,18.0,br BRA,DF
7448,kaiky,2,2023-2024,Kaiky,19.0,br BRA,DF
7449,kaine kesler,28,2024-2025,Kaine Kesler,22.0,England,D
7450,kaine kesler-hayden,28,2023-2024,Kaine Kesler-Hayden,20.0,eng ENG,"DF,MF"
7451,kaio jorge,83,2023-2024,Kaio Jorge,21.0,br BRA,FW
7452,kaio jorge,87,2022-2023,Kaio Jorge,21.0,Brazil,F
7453,kaishu sano,66,2024-2025,Kaishu Sano,23.0,jp JPN,MF
7454,kaishu sano,66,2025-2026,Kaishu Sano,25.0,Japan,M
7455,kaj sierhuis,120,2022-2023,Kaj Sierhuis,24.0,nl NED,FW
7456,kalidou koulibaly,33,2022-2023,Kalidou Koulibaly,31.0,sn SEN,DF
7457,kalvin phillips,37,2024-2025,Kalvin Phillips,28.0,eng ENG,MF
7458,kalvin phillips,42,2022-2023,Kalvin Phillips,26.0,eng ENG,"MF,DF"
7459,kalvin phillips,42,2023-2024,Kalvin Phillips,27.0,eng ENG,"DF,MF"
7460,kalvin phillips,42,2025-2026,Kalvin Phillips,30.0,England,M
7461,kalvin phillips,50,2023-2024,Kalvin Phillips,27.0,eng ENG,MF
7462,kamaldeen sulemana,47,2022-2023,Kamaldeen Sulemana,20.0,gh GHA,"FW,MF"
7463,kamaldeen sulemana,47,2024-2025,Kamaldeen Sulemana,22.0,gh GHA,"FW,MF"
7464,kamaldeen sulemana,76,2025-2026,Kamaldeen Sulemana,23.0,Ghana,F
7465,kamaldeen sulemana,121,2022-2023,Kamaldeen Sulemana,20.0,gh GHA,"MF,FW"
7466,kamari doyle,31,2024-2025,Kamari Doyle,19.0,England,F
7467,kamari doyle,31,2025-2026,Kamari Doyle,20.0,England,F
7468,kamari doyle,47,2022-2023,Kamari Doyle,,,
7469,kami doyle,47,2022-2023,Kami Doyle,16.0,eng ENG,MF
7470,kamil grabara,74,2024-2025,Kamil Grabara,25.0,pl POL,GK
7471,kamil grabara,74,2025-2026,Kamil Grabara,27.0,Poland,K
7472,kamil jozwiak,12,2023-2024,Kamil Józwiak,25.0,pl POL,MF
7473,kamil piatkowski,12,2023-2024,Kamil Piatkowski,23.0,pl POL,DF
7474,kamory doumbia,105,2023-2024,Kamory Doumbia,20.0,ml MLI,MF
7475,kamory doumbia,105,2024-2025,Kamory Doumbia,21.0,ml MLI,"MF,FW"
7476,kamory doumbia,105,2025-2026,Kamory Doumbia,22.0,Mali,F
7477,kamory doumbia,120,2022-2023,Kamory Doumbia,19.0,ml MLI,MF
7478,kandet diawara,107,2024-2025,Kandet Diawara,24.0,gn GUI,MF
7479,kane taylor,28,2025-2026,Kane Taylor,20.0,England,M
7480,kang-in lee,16,2022-2023,Kang-in Lee,21.0,South Korea,F
7481,kang-in lee,119,2023-2024,Kang-in Lee,22.0,South Korea,F
7482,kang-in lee,119,2024-2025,Kang-in Lee,23.0,South Korea,F
7483,kang-in lee,119,2025-2026,Kang-in Lee,24.0,South Korea,F
7484,kaoru mitoma,31,2022-2023,Kaoru Mitoma,25.0,jp JPN,MF
7485,kaoru mitoma,31,2023-2024,Kaoru Mitoma,26.0,jp JPN,"MF,FW"
7486,kaoru mitoma,31,2024-2025,Kaoru Mitoma,27.0,jp JPN,MF
7487,kaoru mitoma,31,2025-2026,Kaoru Mitoma,28.0,Japan,F
7488,karamoko dembele,105,2022-2023,Karamoko Dembélé,19.0,eng ENG,"FW,MF"
7489,karamoko dembele,105,2023-2024,Karamoko Dembélé,20.0,eng ENG,"FW,MF"
7490,kareem tunde,15,2025-2026,Kareem Tunde,20.0,Spain,F
7491,karim adeyemi,56,2022-2023,Karim Adeyemi,20.0,de GER,"MF,FW"
7492,karim adeyemi,56,2023-2024,Karim Adeyemi,21.0,de GER,"FW,MF"
7493,karim adeyemi,56,2024-2025,Karim Adeyemi,22.0,de GER,"MF,FW"
7494,karim adeyemi,56,2025-2026,Karim Adeyemi,24.0,Germany,F
7495,karim bellarabi,53,2022-2023,Karim Bellarabi,32.0,de GER,MF
7496,karim benzema,20,2022-2023,Karim Benzema,34.0,fr FRA,FW
7497,karim coulibaly,73,2025-2026,Karim Coulibaly,18.0,Germany,D
7498,karim onisiwo,66,2022-2023,Karim Onisiwo,30.0,at AUT,"FW,MF"
7499,karim onisiwo,66,2023-2024,Karim Onisiwo,31.0,at AUT,"FW,MF"
7500,karim onisiwo,66,2024-2025,Karim Onisiwo,32.0,at AUT,MF
7501,karim rekik,24,2022-2023,Karim Rekik,27.0,nl NED,DF
7502,karim zedadka,91,2022-2023,Karim Zedadka,22.0,fr FRA,MF
7503,karim zedadka,91,2023-2024,Karim Zedadka,23.0,fr FRA,MF
7504,karl darlow,38,2025-2026,Karl Darlow,35.0,Wales,K
7505,karl darlow,44,2022-2023,Karl Darlow,31.0,wls WAL,GK
7506,karl etta eyong,6,2022-2023,Karl Etta Eyong,18.0,cm CMR,FW
7507,karl etta eyong,6,2023-2024,Karl Etta Eyong,19.0,cm CMR,FW
7508,karl etta eyong,15,2025-2026,Karl Etta Eyong,22.0,Cameroon,F
7509,karl etta eyong,26,2024-2025,Karl Etta Eyong,20.0,cm CMR,FW
7510,karl hein,23,2024-2025,Karl Hein,22.0,Estonia,K
7511,karl hein,27,2023-2024,Karl Hein,22.0,Estonia,K
7512,karl hein,73,2025-2026,Karl Hein,23.0,Estonia,K
7513,karl jakob hein,23,2024-2025,Karl Jakob Hein,22.0,ee EST,GK
7514,karl jakob hein,27,2022-2023,Karl Jakob Hein,20.0,ee EST,GK
7515,karl jakob hein,27,2023-2024,Karl Jakob Hein,21.0,ee EST,GK
7516,karl toko ekambi,111,2022-2023,Karl Toko Ekambi,29.0,cm CMR,"FW,MF"
7517,karl toko ekambi,121,2022-2023,Karl Toko Ekambi,29.0,cm CMR,"MF,FW"
7518,karl toko-ekambi,111,2022-2023,Karl Toko-Ekambi,,,
7519,karl toko-ekambi,121,2022-2023,Karl Toko-Ekambi,,,
7520,karl-johan johnsson,123,2024-2025,Karl-Johan Johnsson,34.0,se SWE,GK
7521,karl-johan johnsson,123,2025-2026,Karl-Johan Johnsson,36.0,Sweden,K
7522,karlo lulic,83,2023-2024,Karlo Lulic,27.0,hr CRO,MF
7523,karol fila,123,2022-2023,Karol Fila,24.0,pl POL,DF
7524,karol fila,123,2023-2024,Karol Fila,25.0,Poland,D
7525,karol fila,123,2024-2025,Karol Fila,26.0,pl POL,DF
7526,karol linetty,99,2022-2023,Karol Linetty,27.0,pl POL,MF
7527,karol linetty,99,2023-2024,Karol Linetty,28.0,pl POL,MF
7528,karol linetty,99,2024-2025,Karol Linetty,29.0,pl POL,MF
7529,karol mets,70,2024-2025,Karol Mets,31.0,ee EST,DF
7530,karol mets,70,2025-2026,Karol Mets,32.0,Estonia,D
7531,karol swiderski,85,2023-2024,Karol Swiderski,26.0,pl POL,"FW,MF"
7532,kasey bos,66,2025-2026,Kasey Bos,21.0,Australia,D
7533,kasey mcateer,39,2022-2023,Kasey McAteer,20.0,ie IRL,MF
7534,kasey mcateer,39,2024-2025,Kasey McAteer,22.0,ie IRL,MF
7535,kasim adams,63,2023-2024,Kasim Adams,28.0,Ghana,D
7536,kasim nuhu,63,2023-2024,Kasim Nuhu,28.0,gh GHA,DF
7537,kasper dolberg,24,2022-2023,Kasper Dolberg,24.0,dk DEN,FW
7538,kasper dolberg,63,2022-2023,Kasper Dolberg,24.0,dk DEN,FW
7539,kasper schmeichel,117,2022-2023,Kasper Schmeichel,35.0,dk DEN,GK
7540,kassoum ouattara,114,2023-2024,Kassoum Ouattara,18.0,fr FRA,"DF,MF"
7541,kassoum ouattara,114,2024-2025,Kassoum Ouattara,19.0,fr FRA,"MF,DF"
7542,kassoum ouattara,114,2025-2026,Kassoum Ouattara,21.0,France,D
7543,kastriot dermaku,89,2022-2023,Kastriot Dermaku,30.0,al ALB,DF
7544,kastriot dermaku,89,2023-2024,Kastriot Dermaku,31.0,al ALB,DF
7545,kaua santos,58,2023-2024,Kauã Santos,20.0,br BRA,GK
7546,kaua santos,58,2024-2025,Kauã Santos,21.0,br BRA,GK
7547,kaua santos,58,2025-2026,Kauã Santos,22.0,Brazil,K
7548,kaye furo,30,2025-2026,Kaye Furo,18.0,Belgium,F
7549,kayne bonnevie,111,2022-2023,Kayne Bonnevie,21.0,France,K
7550,kays ruiz,104,2022-2023,Kays Ruiz,19.0,fr FRA,MF
7551,kays ruiz-atil,104,2022-2023,Kays Ruiz-Atil,20.0,Morocco,M
7552,kazeem olaigbe,121,2024-2025,Kazeem Olaigbe,21.0,be BEL,"MF,FW"
7553,keane lewis-potter,30,2022-2023,Keane Lewis-Potter,21.0,eng ENG,FW
7554,keane lewis-potter,30,2023-2024,Keane Lewis-Potter,22.0,eng ENG,"FW,MF"
7555,keane lewis-potter,30,2024-2025,Keane Lewis-Potter,23.0,eng ENG,"DF,MF"
7556,keane lewis-potter,30,2025-2026,Keane Lewis-Potter,24.0,England,M
7557,keiber lamadrid,50,2025-2026,Keiber Lamadrid,22.0,Venezuela,F
7558,keidi bare,9,2022-2023,Keidi Bare,24.0,al ALB,MF
7559,kein sato,73,2023-2024,Kein Sato,22.0,jp JPN,FW
7560,keinan davis,28,2022-2023,Keinan Davis,24.0,England,F
7561,keinan davis,100,2023-2024,Keinan Davis,25.0,eng ENG,FW
7562,keinan davis,100,2024-2025,Keinan Davis,26.0,eng ENG,FW
7563,keinan davis,100,2025-2026,Keinan Davis,27.0,England,F
7564,keita balde,90,2024-2025,Keita Baldé,29.0,sn SEN,FW
7565,keita kosugi,58,2025-2026,Keita Kosugi,19.0,Japan,D
7566,keito nakamura,120,2023-2024,Keito Nakamura,23.0,jp JPN,"FW,MF"
7567,keito nakamura,120,2024-2025,Keito Nakamura,24.0,jp JPN,"MF,FW"
7568,keke topp,69,2022-2023,Keke Topp,18.0,de GER,FW
7569,keke topp,73,2024-2025,Keke Topp,20.0,de GER,FW
7570,keke topp,73,2025-2026,Keke Topp,21.0,Germany,F
7571,kelechi iheanacho,24,2024-2025,Kelechi Iheanacho,27.0,ng NGA,FW
7572,kelechi iheanacho,39,2022-2023,Kelechi Iheanacho,25.0,ng NGA,FW
7573,kelian nsona,62,2022-2023,Kelian Nsona,20.0,France,F
7574,kelven frees,63,2025-2026,Kelven Frees,21.0,Germany,D
7575,kelvin amian,98,2022-2023,Kelvin Amian,24.0,fr FRA,"DF,MF"
7576,kelvin amian,116,2023-2024,Kelvin Amian,25.0,fr FRA,DF
7577,kelvin amian,116,2024-2025,Kelvin Amian,26.0,fr FRA,DF
7578,kelvin amian,116,2025-2026,Kelvin Amian,27.0,France,D
7579,kelvin yeboah,52,2022-2023,Kelvin Yeboah,22.0,it ITA,FW
7580,kelvin yeboah,115,2023-2024,Kelvin Yeboah,23.0,it ITA,FW
7581,kembo diliwidi,108,2024-2025,Kembo Diliwidi,18.0,fr FRA,FW
7582,ken izekor,53,2023-2024,Ken Izekor,16.0,de GER,FW
7583,kenan karaman,69,2022-2023,Kenan Karaman,28.0,tr TUR,"MF,FW"
7584,kenan yildiz,87,2023-2024,Kenan Yildiz,,,
7585,kenan yildiz,87,2024-2025,Kenan Yildiz,,,
7586,kenan yldz,87,2023-2024,Kenan Yıldız,18.0,tr TUR,FW
7587,kenan yldz,87,2024-2025,Kenan Yıldız,19.0,tr TUR,MF
7588,kenan yldz,87,2025-2026,Kenan Yıldız,20.0,Turkey,F
7589,kenedy,23,2022-2023,Kenedy,26.0,br BRA,FW
7590,kenedy,23,2024-2025,Kenedy,28.0,br BRA,"FW,MF"
7591,kenji-van boto,104,2022-2023,Kenji-Van Boto,26.0,mg MAD,"MF,DF"
7592,kenneth schmidt,59,2022-2023,Kenneth Schmidt,20.0,de GER,DF
7593,kenneth schmidt,59,2023-2024,Kenneth Schmidt,21.0,de GER,DF
7594,kenneth schmidt,59,2024-2025,Kenneth Schmidt,22.0,de GER,DF
7595,kenneth taylor,88,2025-2026,Kenneth Taylor,23.0,Netherlands,M
7596,kenny lala,105,2022-2023,Kenny Lala,30.0,mg MAD,DF
7597,kenny lala,105,2023-2024,Kenny Lala,31.0,mg MAD,DF
7598,kenny lala,105,2024-2025,Kenny Lala,32.0,mg MAD,DF
7599,kenny lala,105,2025-2026,Kenny Lala,34.0,France,D
7600,kenny quetant,107,2025-2026,Kenny Quetant,19.0,France,F
7601,kenny tete,36,2022-2023,Kenny Tete,26.0,nl NED,DF
7602,kenny tete,36,2023-2024,Kenny Tete,27.0,nl NED,DF
7603,kenny tete,36,2024-2025,Kenny Tete,28.0,nl NED,DF
7604,kenny tete,36,2025-2026,Kenny Tete,30.0,Netherlands,D
7605,kento shiogai,74,2025-2026,Kento Shiogai,20.0,Japan,F
7606,kepa arrizabalaga,20,2023-2024,Kepa Arrizabalaga,28.0,es ESP,GK
7607,kepa arrizabalaga,27,2025-2026,Kepa Arrizabalaga,31.0,Spain,K
7608,kepa arrizabalaga,29,2024-2025,Kepa Arrizabalaga,29.0,es ESP,GK
7609,kepa arrizabalaga,33,2022-2023,Kepa Arrizabalaga,27.0,es ESP,GK
7610,kepa arrizabalaga,33,2024-2025,Kepa Arrizabalaga,29.0,Spain,K
7611,kerem demirbay,53,2022-2023,Kerem Demirbay,29.0,de GER,MF
7612,kerim alajbegovic,53,2024-2025,Kerim Alajbegović,16.0,ba BIH,FW
7613,kerim calhanoglu,69,2022-2023,Kerim Çalhanoglu,19.0,de GER,DF
7614,kerr smith,28,2025-2026,Kerr Smith,20.0,Scotland,D
7615,kervin arriaga,15,2025-2026,Kervin Arriaga,28.0,Honduras,M
7616,keven schlotterbeck,52,2024-2025,Keven Schlotterbeck,27.0,de GER,DF
7617,keven schlotterbeck,52,2025-2026,Keven Schlotterbeck,28.0,Germany,D
7618,keven schlotterbeck,55,2022-2023,Keven Schlotterbeck,25.0,de GER,DF
7619,keven schlotterbeck,55,2023-2024,Keven Schlotterbeck,26.0,de GER,DF
7620,keven schlotterbeck,59,2022-2023,Keven Schlotterbeck,25.0,de GER,DF
7621,keven schlotterbeck,59,2023-2024,Keven Schlotterbeck,26.0,de GER,DF
7622,kevin,36,2025-2026,Kevin,23.0,Brazil,F
7623,kevin agudelo,98,2022-2023,Kevin Agudelo,23.0,co COL,"MF,FW"
7624,kevin akpoguma,63,2022-2023,Kevin Akpoguma,27.0,ng NGA,DF
7625,kevin akpoguma,63,2023-2024,Kevin Akpoguma,28.0,ng NGA,DF
7626,kevin akpoguma,63,2024-2025,Kevin Akpoguma,29.0,ng NGA,DF
7627,kevin akpoguma,63,2025-2026,Kevin Akpoguma,30.0,Nigeria,D
7628,kevin behrens,72,2022-2023,Kevin Behrens,31.0,de GER,FW
7629,kevin behrens,72,2023-2024,Kevin Behrens,32.0,de GER,FW
7630,kevin behrens,74,2023-2024,Kevin Behrens,32.0,de GER,FW
7631,kevin behrens,74,2024-2025,Kevin Behrens,33.0,de GER,FW
7632,kevin bonifazi,77,2022-2023,Kevin Bonifazi,26.0,it ITA,DF
7633,kevin bonifazi,77,2023-2024,Kevin Bonifazi,27.0,it ITA,DF
7634,kevin bonifazi,77,2025-2026,Kevin Bonifazi,29.0,Italy,D
7635,kevin bonifazi,83,2023-2024,Kevin Bonifazi,27.0,it ITA,DF
7636,kevin bonifazi,89,2024-2025,Kevin Bonifazi,28.0,it ITA,DF
7637,kevin bruno,97,2022-2023,Kevin Bruno,17.0,it ITA,MF
7638,kevin carlos,117,2025-2026,Kevin Carlos,24.0,Spain,F
7639,kevin danois,104,2022-2023,Kévin Danois,18.0,fr FRA,MF
7640,kevin danois,104,2024-2025,Kévin Danois,20.0,fr FRA,MF
7641,kevin danois,104,2025-2026,Kévin Danois,21.0,France,M
7642,kevin danso,49,2024-2025,Kevin Danso,25.0,at AUT,DF
7643,kevin danso,49,2025-2026,Kevin Danso,27.0,Austria,D
7644,kevin danso,108,2022-2023,Kevin Danso,23.0,at AUT,DF
7645,kevin danso,108,2023-2024,Kevin Danso,24.0,at AUT,DF
7646,kevin danso,108,2024-2025,Kevin Danso,25.0,at AUT,DF
7647,kevin de bruyne,42,2022-2023,Kevin De Bruyne,31.0,be BEL,MF
7648,kevin de bruyne,42,2023-2024,Kevin De Bruyne,32.0,be BEL,MF
7649,kevin de bruyne,42,2024-2025,Kevin De Bruyne,33.0,be BEL,"MF,FW"
7650,kevin de bruyne,91,2025-2026,Kevin De Bruyne,34.0,Belgium,F
7651,kevin diks,67,2025-2026,Kevin Diks,29.0,Indonesia,D
7652,kevin gameiro,123,2022-2023,Kevin Gameiro,35.0,fr FRA,FW
7653,kevin gameiro,123,2023-2024,Kevin Gameiro,36.0,fr FRA,"FW,MF"
7654,kevin kampl,68,2022-2023,Kevin Kampl,31.0,si SVN,MF
7655,kevin kampl,68,2023-2024,Kevin Kampl,32.0,si SVN,MF
7656,kevin kampl,68,2024-2025,Kevin Kampl,33.0,si SVN,MF
7657,kevin keben,124,2022-2023,Kévin Keben,18.0,cm CMR,"DF,MF"
7658,kevin keben,124,2023-2024,Kévin Keben,19.0,cm CMR,"DF,MF"
7659,kevin lasagna,85,2022-2023,Kevin Lasagna,29.0,it ITA,"FW,MF"
7660,kevin martins,90,2024-2025,Kevin Martins,19.0,it ITA,MF
7661,kevin mbabu,36,2022-2023,Kevin Mbabu,27.0,ch SUI,DF
7662,kevin mbabu,36,2023-2024,Kevin Mbabu,28.0,ch SUI,"DF,MF"
7663,kevin mbabu,52,2023-2024,Kevin Mbabu,28.0,ch SUI,"DF,MF"
7664,kevin miranda,97,2023-2024,Kevin Miranda,20.0,it ITA,DF
7665,kevin mohwald,72,2022-2023,Kevin Möhwald,29.0,Germany,M
7666,kevin muller,61,2023-2024,Kevin Müller,32.0,de GER,GK
7667,kevin muller,61,2024-2025,Kevin Müller,33.0,de GER,GK
7668,kevin muller,61,2025-2026,Kevin Müller,34.0,Germany,K
7669,kevin mullerfc,61,2023-2024,Kevin MüllerFC,,,
7670,kevin mullerfc,61,2024-2025,Kevin MüllerFC,,,
7671,kevin n'doram,113,2023-2024,Kévin N'Doram,27.0,fr FRA,MF
7672,kevin paredes,74,2022-2023,Kevin Paredes,19.0,us USA,MF
7673,kevin paredes,74,2023-2024,Kevin Paredes,20.0,us USA,"MF,DF"
7674,kevin paredes,74,2024-2025,Kevin Paredes,21.0,us USA,MF
7675,kevin paredes,74,2025-2026,Kevin Paredes,22.0,United States,M
7676,kevin pedro,122,2024-2025,Kévin Pedro,18.0,fr FRA,DF
7677,kevin schade,30,2022-2023,Kevin Schade,20.0,de GER,FW
7678,kevin schade,30,2023-2024,Kevin Schade,21.0,de GER,FW
7679,kevin schade,30,2024-2025,Kevin Schade,22.0,de GER,"MF,FW"
7680,kevin schade,30,2025-2026,Kevin Schade,24.0,Germany,F
7681,kevin schade,59,2022-2023,Kevin Schade,20.0,de GER,MF
7682,kevin sessa,61,2023-2024,Kevin Sessa,23.0,de GER,MF
7683,kevin sessafc,61,2023-2024,Kevin SessaFC,,,
7684,kevin spadanuda,102,2022-2023,Kevin Spadanuda,25.0,ch SUI,MF
7685,kevin spadanudaac,102,2022-2023,Kevin SpadanudaAC,,,
7686,kevin stoger,55,2022-2023,Kevin Stöger,28.0,at AUT,MF
7687,kevin stoger,55,2023-2024,Kevin Stöger,29.0,at AUT,MF
7688,kevin stoger,67,2024-2025,Kevin Stöger,30.0,at AUT,MF
7689,kevin stoger,67,2025-2026,Kevin Stöger,32.0,Austria,F
7690,kevin stogerborussia m.,67,2024-2025,Kevin StögerBorussia M.,,,
7691,kevin strootman,84,2023-2024,Kevin Strootman,33.0,nl NED,MF
7692,kevin trapp,58,2022-2023,Kevin Trapp,32.0,de GER,GK
7693,kevin trapp,58,2023-2024,Kevin Trapp,33.0,de GER,GK
7694,kevin trapp,58,2024-2025,Kevin Trapp,34.0,de GER,GK
7695,kevin trapp,118,2025-2026,Kevin Trapp,35.0,Germany,K
7696,kevin van den kerkhof,113,2023-2024,Kévin Van Den Kerkhof,27.0,dz ALG,"MF,FW"
7697,kevin vazquez,7,2022-2023,Kevin Vázquez,29.0,es ESP,"DF,MF"
7698,kevin vazquez,7,2023-2024,Kevin Vázquez,30.0,es ESP,DF
7699,kevin vogt,63,2022-2023,Kevin Vogt,30.0,de GER,DF
7700,kevin vogt,63,2023-2024,Kevin Vogt,31.0,de GER,DF
7701,kevin vogt,72,2023-2024,Kevin Vogt,31.0,de GER,DF
7702,kevin vogt,72,2024-2025,Kevin Vogt,32.0,de GER,DF
7703,kevin volland,72,2023-2024,Kevin Volland,31.0,de GER,"FW,MF"
7704,kevin volland,72,2024-2025,Kevin Volland,32.0,de GER,"FW,MF"
7705,kevin volland,114,2022-2023,Kevin Volland,30.0,de GER,"FW,MF"
7706,kevin zeroli,75,2023-2024,Kevin Zeroli,18.0,it ITA,MF
7707,kevin zeroli,75,2024-2025,Kevin Zeroli,19.0,it ITA,MF
7708,kevin zeroli,90,2024-2025,Kevin Zeroli,19.0,it ITA,MF
7709,kevin zeroliac,75,2023-2024,Kevin ZeroliAC,,,
7710,kevin zeroliac,75,2024-2025,Kevin ZeroliAC,,,
7711,kevin-prince boateng,62,2022-2023,Kevin-Prince Boateng,35.0,gh GHA,MF
7712,keyliane abdallah,112,2023-2024,Keyliane Abdallah,17.0,fr FRA,FW
7713,keyliane abdallah,112,2024-2025,Keyliane Abdallah,18.0,fr FRA,FW
7714,keylor navas,45,2022-2023,Keylor Navas,35.0,cr CRC,GK
7715,keylor navas,119,2022-2023,Keylor Navas,35.0,Costa Rica,K
7716,keylor navas,119,2023-2024,Keylor Navas,36.0,cr CRC,GK
7717,khalil fayad,115,2022-2023,Khalil Fayad,18.0,fr FRA,MF
7718,khalil fayad,115,2023-2024,Khalil Fayad,19.0,fr FRA,MF
7719,khalil fayad,115,2024-2025,Khalil Fayad,20.0,fr FRA,"MF,FW"
7720,khalis merah,111,2025-2026,Khalis Merah,18.0,France,M
7721,khephren thuram,87,2024-2025,Khéphren Thuram,23.0,fr FRA,MF
7722,khephren thuram,87,2025-2026,Khéphren Thuram,24.0,France,M
7723,khephren thuram,117,2022-2023,Khéphren Thuram,21.0,fr FRA,MF
7724,khephren thuram,117,2023-2024,Khéphren Thuram,22.0,fr FRA,MF
7725,khvicha kvaratskhelia,91,2022-2023,Khvicha Kvaratskhelia,21.0,ge GEO,FW
7726,khvicha kvaratskhelia,91,2023-2024,Khvicha Kvaratskhelia,22.0,ge GEO,FW
7727,khvicha kvaratskhelia,91,2024-2025,Khvicha Kvaratskhelia,23.0,ge GEO,"FW,MF"
7728,khvicha kvaratskhelia,119,2024-2025,Khvicha Kvaratskhelia,23.0,ge GEO,FW
7729,khvicha kvaratskhelia,119,2025-2026,Khvicha Kvaratskhelia,24.0,Georgia,F
7730,ki-jana hoever,51,2024-2025,Ki-Jana Hoever,23.0,Netherlands,D
7731,ki-jana hoever,51,2025-2026,Ki-Jana Hoever,23.0,Netherlands,D
7732,ki-jana hoever,104,2024-2025,Ki-Jana Hoever,22.0,nl NED,"DF,MF"
7733,kialonda,89,2024-2025,Kialonda,26.0,ao ANG,DF
7734,kialonda gaspar,89,2024-2025,Kialonda Gaspar,27.0,Angola,D
7735,kialonda gaspar,89,2025-2026,Kialonda Gaspar,28.0,Angola,D
7736,kiano dyer,33,2023-2024,Kiano Dyer,16.0,eng ENG,MF
7737,kieffer moore,29,2022-2023,Kieffer Moore,29.0,wls WAL,FW
7738,kieffer moore,29,2023-2024,Kieffer Moore,30.0,wls WAL,"DF,FW"
7739,kieran tierney,22,2023-2024,Kieran Tierney,26.0,sct SCO,DF
7740,kieran tierney,27,2022-2023,Kieran Tierney,25.0,sct SCO,DF
7741,kieran tierney,27,2024-2025,Kieran Tierney,27.0,sct SCO,DF
7742,kieran trippier,44,2022-2023,Kieran Trippier,31.0,eng ENG,DF
7743,kieran trippier,44,2023-2024,Kieran Trippier,32.0,eng ENG,DF
7744,kieran trippier,44,2024-2025,Kieran Trippier,33.0,eng ENG,DF
7745,kieran trippier,44,2025-2026,Kieran Trippier,35.0,England,D
7746,kiernan dewsbury-hall,33,2024-2025,Kiernan Dewsbury-Hall,25.0,eng ENG,MF
7747,kiernan dewsbury-hall,35,2025-2026,Kiernan Dewsbury-Hall,27.0,England,M
7748,kiernan dewsbury-hall,39,2022-2023,Kiernan Dewsbury-Hall,23.0,eng ENG,MF
7749,kieron bowie,85,2025-2026,Kieron Bowie,23.0,Scotland,F
7750,kike,1,2023-2024,Kiké,33.0,es ESP,FW
7751,kike,1,2024-2025,Kiké,34.0,es ESP,FW
7752,kike,17,2022-2023,Kiké,32.0,es ESP,FW
7753,kike barja,17,2022-2023,Kike Barja,25.0,es ESP,"FW,MF"
7754,kike barja,17,2023-2024,Kike Barja,26.0,es ESP,"FW,MF"
7755,kike barja,17,2024-2025,Kike Barja,27.0,es ESP,"FW,MF"
7756,kike barja,17,2025-2026,Kike Barja,28.0,Spain,F
7757,kike garcia,1,2023-2024,Kike García,34.0,Spain,F
7758,kike garcia,1,2024-2025,Kike García,35.0,Spain,F
7759,kike garcia,9,2025-2026,Kike García,36.0,Spain,F
7760,kike garcia,17,2022-2023,Kike García,33.0,Spain,F
7761,kike perez,18,2023-2024,Kike Pérez,26.0,es ESP,"MF,FW"
7762,kike perez,23,2022-2023,Kike Pérez,25.0,es ESP,MF
7763,kike perez,23,2024-2025,Kike Pérez,27.0,es ESP,MF
7764,kike perez,101,2024-2025,Kike Pérez,27.0,es ESP,MF
7765,kike salas,24,2022-2023,Kike Salas,20.0,es ESP,DF
7766,kike salas,24,2023-2024,Kike Salas,21.0,es ESP,DF
7767,kike salas,24,2024-2025,Kike Salas,22.0,es ESP,DF
7768,kike salas,24,2025-2026,Kike Salas,23.0,Spain,D
7769,kiki kouyate,115,2022-2023,Kiki Kouyaté,25.0,Mali,D
7770,kiki kouyate,115,2023-2024,Kiki Kouyaté,26.0,Mali,D
7771,kiki kouyate,115,2024-2025,Kiki Kouyaté,27.0,Mali,D
7772,kikin,6,2022-2023,Kikín,19.0,es ESP,DF
7773,kiko casilla,10,2022-2023,Kiko Casilla,35.0,es ESP,GK
7774,kiko femenia,10,2025-2026,Kiko Femenía,35.0,Spain,D
7775,kiko femenia,26,2022-2023,Kiko Femenía,31.0,es ESP,DF
7776,kiko femenia,26,2023-2024,Kiko Femenía,32.0,es ESP,DF
7777,kiko femenia,26,2024-2025,Kiko Femenía,33.0,es ESP,DF
7778,kilian fischer,74,2022-2023,Kilian Fischer,21.0,de GER,DF
7779,kilian fischer,74,2023-2024,Kilian Fischer,22.0,de GER,"MF,DF"
7780,kilian fischer,74,2024-2025,Kilian Fischer,23.0,de GER,DF
7781,kilian fischer,74,2025-2026,Kilian Fischer,25.0,Germany,D
7782,kiliann sildillia,59,2022-2023,Kiliann Sildillia,20.0,fr FRA,"DF,MF"
7783,kiliann sildillia,59,2023-2024,Kiliann Sildillia,21.0,fr FRA,DF
7784,kiliann sildillia,59,2024-2025,Kiliann Sildillia,22.0,fr FRA,DF
7785,killian cahill,31,2024-2025,Killian Cahill,20.0,ie IRL,GK
7786,killian phillips,34,2022-2023,Killian Phillips,20.0,ie IRL,MF
7787,kim ji-soo,30,2024-2025,Kim Ji-Soo,,,
7788,kim jisoo,30,2023-2024,Kim Jisoo,18.0,kr KOR,DF
7789,kim jisoo,30,2024-2025,Kim Jisoo,19.0,kr KOR,DF
7790,kim min-jae,54,2023-2024,Kim Min-Jae,26.0,kr KOR,DF
7791,kim min-jae,54,2024-2025,Kim Min-Jae,27.0,kr KOR,DF
7792,kim min-jae,91,2022-2023,Kim Min-Jae,25.0,kr KOR,DF
7793,kim min-su,11,2024-2025,Kim Min-Su,,,
7794,kim minsu,11,2024-2025,Kim Minsu,18.0,kr KOR,FW
7795,kimberly ezekwem,59,2022-2023,Kimberly Ezekwem,21.0,de GER,DF
7796,kingsley coman,54,2022-2023,Kingsley Coman,26.0,fr FRA,MF
7797,kingsley coman,54,2023-2024,Kingsley Coman,27.0,fr FRA,MF
7798,kingsley coman,54,2024-2025,Kingsley Coman,28.0,fr FRA,MF
7799,kingsley ehizibue,65,2022-2023,Kingsley Ehizibue,27.0,nl NED,DF
7800,kingsley ehizibue,100,2022-2023,Kingsley Ehizibue,27.0,nl NED,MF
7801,kingsley ehizibue,100,2023-2024,Kingsley Ehizibue,28.0,nl NED,MF
7802,kingsley ehizibue,100,2024-2025,Kingsley Ehizibue,29.0,nl NED,"MF,DF"
7803,kingsley ehizibue,100,2025-2026,Kingsley Ehizibue,30.0,Netherlands,D
7804,kingsley ehizibuefc,65,2022-2023,Kingsley EhizibueFC,,,
7805,kingsley schindler,65,2022-2023,Kingsley Schindler,29.0,gh GHA,"MF,DF"
7806,kingsley schindlerfc,65,2022-2023,Kingsley SchindlerFC,,,
7807,kingstone mutandwa,78,2023-2024,Kingstone Mutandwa,20.0,zm ZAM,FW
7808,kingstone mutandwa,78,2024-2025,Kingstone Mutandwa,21.0,zm ZAM,FW
7809,kirian rodriguez,13,2023-2024,Kirian Rodríguez,27.0,es ESP,MF
7810,kirian rodriguez,13,2024-2025,Kirian Rodríguez,28.0,es ESP,MF
7811,kjell watjen,56,2023-2024,Kjell Wätjen,,,
7812,kjell watjen,56,2024-2025,Kjell Wätjen,18.0,Germany,M
7813,kjell-arik watjen,56,2023-2024,Kjell-Arik Wätjen,17.0,de GER,MF
7814,kjell-arik watjen,56,2024-2025,Kjell-Arik Wätjen,18.0,de GER,MF
7815,kjetil haug,124,2022-2023,Kjetil Haug,24.0,Norway,K
7816,kjetil haug,124,2024-2025,Kjetil Haug,26.0,no NOR,GK
7817,kjetil haug,124,2025-2026,Kjetil Haug,27.0,Norway,K
7818,klaus gjasula,57,2023-2024,Klaus Gjasula,33.0,al ALB,"DF,MF"
7819,ko itakura,67,2022-2023,Ko Itakura,25.0,jp JPN,DF
7820,ko itakura,67,2023-2024,Ko Itakura,26.0,jp JPN,"DF,MF"
7821,ko itakura,67,2024-2025,Ko Itakura,27.0,jp JPN,DF
7822,ko itakuraborussia m.,67,2022-2023,Ko ItakuraBorussia M.,,,
7823,ko itakuraborussia m.,67,2023-2024,Ko ItakuraBorussia M.,,,
7824,ko itakuraborussia m.,67,2024-2025,Ko ItakuraBorussia M.,,,
7825,koba koindredi,25,2022-2023,Koba Koindredi,20.0,fr FRA,MF
7826,kobbie mainoo,43,2022-2023,Kobbie Mainoo,17.0,eng ENG,MF
7827,kobbie mainoo,43,2023-2024,Kobbie Mainoo,18.0,eng ENG,MF
7828,kobbie mainoo,43,2024-2025,Kobbie Mainoo,19.0,eng ENG,MF
7829,kobbie mainoo,43,2025-2026,Kobbie Mainoo,20.0,England,M
7830,kobei moore,28,2024-2025,Kobei Moore,20.0,England,F
7831,koen casteels,74,2022-2023,Koen Casteels,30.0,be BEL,GK
7832,koen casteels,74,2023-2024,Koen Casteels,31.0,be BEL,GK
7833,koffi djidji,99,2022-2023,Koffi Djidji,29.0,ci CIV,DF
7834,koffi djidji,99,2023-2024,Koffi Djidji,30.0,ci CIV,DF
7835,koffi kouao,113,2023-2024,Koffi Kouao,25.0,ci CIV,DF
7836,koffi kouao,113,2025-2026,Koffi Kouao,27.0,Cote d'Ivoire,D
7837,kofi amoako,74,2023-2024,Kofi Amoako,18.0,de GER,MF
7838,kofi balmer,34,2022-2023,Kofi Balmer,21.0,nir NIR,DF
7839,koji miyoshi,55,2024-2025,Koji Miyoshi,27.0,jp JPN,"MF,FW"
7840,kojo peprah oppong,117,2025-2026,Kojo Peprah Oppong,21.0,Ghana,D
7841,koka,107,2024-2025,Koka,31.0,eg EGY,FW
7842,koke,4,2022-2023,Koke,30.0,es ESP,MF
7843,koke,4,2023-2024,Koke,31.0,es ESP,MF
7844,koke,4,2024-2025,Koke,32.0,es ESP,MF
7845,koke,4,2025-2026,Koke,34.0,Spain,M
7846,koki machida,63,2025-2026,Koki Machida,28.0,Japan,D
7847,komnen andric,106,2022-2023,Komnen Andric,27.0,rs SRB,FW
7848,komnen andric,106,2023-2024,Komnen Andric,28.0,rs SRB,FW
7849,konan n'dri,89,2024-2025,Konan N'dri,23.0,ci CIV,MF
7850,konan ndri,89,2024-2025,Konan N’Dri,24.0,Cote d'Ivoire,F
7851,konan ndri,89,2025-2026,Konan N’Dri,25.0,Cote d'Ivoire,F
7852,koni de winter,75,2025-2026,Koni De Winter,23.0,Belgium,D
7853,koni de winter,81,2022-2023,Koni De Winter,20.0,be BEL,DF
7854,koni de winter,84,2023-2024,Koni De Winter,21.0,be BEL,DF
7855,koni de winter,84,2024-2025,Koni De Winter,22.0,be BEL,DF
7856,konrad laimer,54,2023-2024,Konrad Laimer,26.0,at AUT,"MF,DF"
7857,konrad laimer,54,2024-2025,Konrad Laimer,27.0,at AUT,DF
7858,konrad laimer,54,2025-2026,Konrad Laimer,28.0,Austria,D
7859,konrad laimer,68,2022-2023,Konrad Laimer,25.0,at AUT,MF
7860,konstantinos koulierakis,74,2024-2025,Konstantinos Koulierakis,20.0,gr GRE,DF
7861,konstantinos koulierakis,74,2025-2026,Konstantinos Koulierakis,22.0,Greece,D
7862,konstantinos manolas,95,2023-2024,Konstantinos Manolas,32.0,Greece,D
7863,konstantinos mavropanos,50,2023-2024,Konstantinos Mavropanos,25.0,gr GRE,DF
7864,konstantinos mavropanos,50,2024-2025,Konstantinos Mavropanos,26.0,gr GRE,DF
7865,konstantinos mavropanos,50,2025-2026,Konstantinos Mavropanos,28.0,Greece,D
7866,konstantinos mavropanos,71,2022-2023,Konstantinos Mavropanos,24.0,gr GRE,DF
7867,konstantinos stafylidis,55,2022-2023,Konstantinos Stafylidis,29.0,Greece,D
7868,konstantinos tsimikas,40,2022-2023,Konstantinos Tsimikas,26.0,Greece,D
7869,konstantinos tsimikas,40,2023-2024,Konstantinos Tsimikas,27.0,Greece,D
7870,konstantinos tsimikas,40,2024-2025,Konstantinos Tsimikas,28.0,Greece,D
7871,konstantinos tsimikas,94,2025-2026,Konstantinos Tsimikas,29.0,Greece,D
7872,koray gunter,85,2022-2023,Koray Günter,27.0,de GER,DF
7873,koray gunter,96,2022-2023,Koray Günter,27.0,de GER,DF
7874,kortney hause,28,2023-2024,Kortney Hause,28.0,England,D
7875,kortney hause,28,2024-2025,Kortney Hause,29.0,England,D
7876,kosta nedeljkovic,28,2024-2025,Kosta Nedeljkovic,18.0,rs SRB,DF
7877,kosta nedeljkovic,68,2024-2025,Kosta Nedeljkovic,18.0,rs SRB,"DF,MF"
7878,kosta nedeljkovic,68,2025-2026,Kosta Nedeljkovic,20.0,Serbia,D
7879,kostas manolas,95,2023-2024,Kostas Manolas,32.0,gr GRE,DF
7880,kostas stafylidis,55,2022-2023,Kostas Stafylidis,28.0,gr GRE,"DF,MF"
7881,kostas tsimikas,40,2022-2023,Kostas Tsimikas,26.0,gr GRE,DF
7882,kostas tsimikas,40,2023-2024,Kostas Tsimikas,27.0,gr GRE,DF
7883,kostas tsimikas,40,2024-2025,Kostas Tsimikas,28.0,gr GRE,DF
7884,kota takai,49,2025-2026,Kota Takai,21.0,Japan,D
7885,kota takai,67,2025-2026,Kota Takai,21.0,Japan,D
7886,kouadio kone,67,2022-2023,Kouadio Koné,21.0,France,M
7887,kouadio kone,67,2023-2024,Kouadio Koné,22.0,France,M
7888,kouadio kone,94,2024-2025,Kouadio Koné,23.0,France,M
7889,kouadio kone,94,2025-2026,Kouadio Koné,24.0,France,M
7890,kouame botue,102,2022-2023,Kouamé Botué,19.0,bf BFA,FW
7891,krepin diatta,114,2022-2023,Krépin Diatta,23.0,sn SEN,MF
7892,krepin diatta,114,2023-2024,Krépin Diatta,24.0,sn SEN,"MF,DF"
7893,krepin diatta,114,2024-2025,Krépin Diatta,25.0,sn SEN,"DF,MF"
7894,krepin diatta,114,2025-2026,Krépin Diatta,26.0,Senegal,F
7895,kristian pedersen,65,2022-2023,Kristian Pedersen,27.0,dk DEN,DF
7896,kristian pedersen,65,2023-2024,Kristian Pedersen,28.0,dk DEN,"DF,MF"
7897,kristian pedersenfc,65,2022-2023,Kristian PedersenFC,,,
7898,kristian sekularac,36,2022-2023,Kristian Sekularac,18.0,ch SUI,MF
7899,kristian sekularac,36,2023-2024,Kristian Sekularac,19.0,ch SUI,MF
7900,kristian thorstvedt,97,2022-2023,Kristian Thorstvedt,23.0,no NOR,MF
7901,kristian thorstvedt,97,2023-2024,Kristian Thorstvedt,24.0,no NOR,MF
7902,kristian thorstvedt,97,2025-2026,Kristian Thorstvedt,26.0,Norway,M
7903,kristijan bistrovic,89,2022-2023,Kristijan Bistrovic,24.0,hr CRO,MF
7904,kristijan jakic,52,2023-2024,Kristijan Jakic,26.0,hr CRO,MF
7905,kristijan jakic,52,2024-2025,Kristijan Jakic,27.0,hr CRO,MF
7906,kristijan jakic,52,2025-2026,Kristijan Jakic,28.0,Croatia,M
7907,kristijan jakic,58,2022-2023,Kristijan Jakic,25.0,hr CRO,"DF,MF"
7908,kristijan jakic,58,2023-2024,Kristijan Jakic,26.0,hr CRO,MF
7909,kristjan asllani,86,2022-2023,Kristjan Asllani,20.0,al ALB,MF
7910,kristjan asllani,86,2023-2024,Kristjan Asllani,21.0,al ALB,MF
7911,kristjan asllani,86,2024-2025,Kristjan Asllani,22.0,al ALB,MF
7912,kristoffer ajer,30,2022-2023,Kristoffer Ajer,24.0,no NOR,DF
7913,kristoffer ajer,30,2023-2024,Kristoffer Ajer,25.0,no NOR,DF
7914,kristoffer ajer,30,2024-2025,Kristoffer Ajer,26.0,no NOR,DF
7915,kristoffer ajer,30,2025-2026,Kristoffer Ajer,27.0,Norway,D
7916,kristoffer askildsen,89,2022-2023,Kristoffer Askildsen,21.0,no NOR,MF
7917,kristoffer klaesson,38,2022-2023,Kristoffer Klaesson,21.0,no NOR,GK
7918,kristoffer lund,65,2025-2026,Kristoffer Lund,23.0,United States,D
7919,krisztian hegyi,50,2022-2023,Krisztián Hegyi,19.0,hu HUN,GK
7920,krisztian lisztes,58,2024-2025,Krisztián Lisztes,19.0,Hungary,F
7921,krisztofer horvath,99,2024-2025,Krisztofer Horváth,22.0,hu HUN,MF
7922,krzysztof piatek,95,2022-2023,Krzysztof Piatek,27.0,pl POL,FW
7923,kurt zouma,50,2022-2023,Kurt Zouma,27.0,fr FRA,DF
7924,kurt zouma,50,2023-2024,Kurt Zouma,28.0,fr FRA,DF
7925,kuryu matsuki,47,2024-2025,Kuryu Matsuki,21.0,Japan,F
7926,kwasi sibo,21,2025-2026,Kwasi Sibo,27.0,Ghana,M
7927,kyle alex john,35,2022-2023,Kyle Alex John,21.0,eng ENG,"DF,MF"
7928,kyle walker,32,2025-2026,Kyle Walker,35.0,England,D
7929,kyle walker,42,2022-2023,Kyle Walker,32.0,eng ENG,"DF,MF"
7930,kyle walker,42,2023-2024,Kyle Walker,33.0,eng ENG,"DF,MF"
7931,kyle walker,42,2024-2025,Kyle Walker,34.0,eng ENG,DF
7932,kyle walker,75,2024-2025,Kyle Walker,34.0,eng ENG,DF
7933,kyle walker-peters,47,2022-2023,Kyle Walker-Peters,25.0,eng ENG,"DF,MF"
7934,kyle walker-peters,47,2024-2025,Kyle Walker-Peters,27.0,eng ENG,"MF,DF"
7935,kyle walker-peters,50,2025-2026,Kyle Walker-Peters,28.0,England,D
7936,kyle walkerac,75,2024-2025,Kyle WalkerAC,,,
7937,kylian mbappe,20,2024-2025,Kylian Mbappé,25.0,fr FRA,FW
7938,kylian mbappe,20,2025-2026,Kylian Mbappé,27.0,France,F
7939,kylian mbappe,119,2022-2023,Kylian Mbappé,23.0,fr FRA,FW
7940,kylian mbappe,119,2023-2024,Kylian Mbappé,24.0,fr FRA,FW
7941,kyliane dong,125,2022-2023,Kyliane Dong,17.0,fr FRA,"MF,FW"
7942,kyllian antonio,108,2024-2025,Kyllian Antonio,16.0,fr FRA,"MF,DF"
7943,kyllian antonio,108,2025-2026,Kyllian Antonio,18.0,France,D
7944,kyogo furuhashi,121,2024-2025,Kyogo Furuhashi,29.0,jp JPN,FW
7945,ladislav krejci,11,2024-2025,Ladislav Krejcí,25.0,cz CZE,DF
7946,ladislav krejci,51,2025-2026,Ladislav Krejci,26.0,Czech Republic,D
7947,lago junior,16,2022-2023,Lago Junior,31.0,ci CIV,"FW,MF"
7948,lakyle samuel,42,2025-2026,Lakyle Samuel,19.0,England,D
7949,lalo aguilar,14,2024-2025,Lalo Aguilar,22.0,es ESP,DF
7950,lamare bogarde,28,2022-2023,Lamare Bogarde,18.0,nl NED,"DF,MF"
7951,lamare bogarde,28,2024-2025,Lamare Bogarde,20.0,nl NED,"DF,MF"
7952,lamare bogarde,28,2025-2026,Lamare Bogarde,22.0,Netherlands,M
7953,lameck banda,89,2022-2023,Lameck Banda,21.0,zm ZAM,"FW,MF"
7954,lameck banda,89,2023-2024,Lameck Banda,22.0,zm ZAM,"FW,MF"
7955,lameck banda,89,2024-2025,Lameck Banda,23.0,zm ZAM,"MF,FW"
7956,lameck banda,89,2025-2026,Lameck Banda,25.0,Zambia,F
7957,lamine camara,113,2023-2024,Lamine Camara,19.0,sn SEN,MF
7958,lamine camara,114,2024-2025,Lamine Camara,20.0,sn SEN,MF
7959,lamine camara,114,2025-2026,Lamine Camara,22.0,Senegal,M
7960,lamine diack,116,2023-2024,Lamine Diack,22.0,sn SEN,MF
7961,lamine fomba,122,2024-2025,Lamine Fomba,26.0,fr FRA,MF
7962,lamine gueye,118,2025-2026,Lamine Gueye,27.0,Senegal,F
7963,lamine sy,104,2025-2026,Lamine Sy,23.0,France,D
7964,lamine yamal,5,2022-2023,Lamine Yamal,15.0,es ESP,"FW,MF"
7965,lamine yamal,5,2023-2024,Lamine Yamal,16.0,es ESP,"FW,MF"
7966,lamine yamal,5,2024-2025,Lamine Yamal,17.0,es ESP,"MF,FW"
7967,lamine yamal,5,2025-2026,Lamine Yamal,18.0,Spain,F
7968,lander emery,28,2023-2024,Lander Emery,20.0,eng ENG,GK
7969,lander pinillos,1,2024-2025,Lander Pinillos,20.0,es ESP,MF
7970,landry farre,5,2024-2025,Landry Farré,17.0,es ESP,DF
7971,lanroy machine,103,2024-2025,Lanroy Machine,18.0,fr FRA,MF
7972,lanroy machine,103,2025-2026,Lanroy Machine,20.0,France,F
7973,lapo nava,75,2022-2023,Lapo Nava,18.0,it ITA,GK
7974,lapo nava,75,2023-2024,Lapo Nava,19.0,it ITA,GK
7975,lapo nava,75,2024-2025,Lapo Nava,20.0,it ITA,GK
7976,lapo nava,80,2025-2026,Lapo Nava,22.0,Italy,K
7977,lapo navaac,75,2023-2024,Lapo NavaAC,,,
7978,lapo siviero,99,2025-2026,Lapo Siviero,19.0,Italy,K
7979,largie ramazani,2,2022-2023,Largie Ramazani,21.0,be BEL,"FW,MF"
7980,largie ramazani,2,2023-2024,Largie Ramazani,22.0,be BEL,"MF,FW"
7981,largie ramazani,25,2025-2026,Largie Ramazani,24.0,Belgium,F
7982,lars ritzka,70,2024-2025,Lars Ritzka,26.0,de GER,"MF,DF"
7983,lars ritzka,70,2025-2026,Lars Ritzka,27.0,Germany,D
7984,lars stindl,67,2022-2023,Lars Stindl,33.0,de GER,MF
7985,lars stindlborussia m.,67,2022-2023,Lars StindlBorussia M.,,,
7986,lars strobl,63,2024-2025,Lars Strobl,19.0,de GER,DF
7987,larsson coulibaly,88,2023-2024,Larsson Coulibaly,20.0,ci CIV,MF
7988,lass kourouma,11,2025-2026,Lass Kourouma,21.0,Guinea,M
7989,lassana coulibaly,89,2024-2025,Lassana Coulibaly,28.0,ml MLI,MF
7990,lassana coulibaly,89,2025-2026,Lassana Coulibaly,29.0,Mali,M
7991,lassana coulibaly,95,2022-2023,Lassana Coulibaly,26.0,ml MLI,MF
7992,lassana coulibaly,95,2023-2024,Lassana Coulibaly,27.0,ml MLI,MF
7993,lasse rie,66,2022-2023,Lasse Rieß,21.0,de GER,GK
7994,lasse rie,66,2023-2024,Lasse Rieß,22.0,de GER,GK
7995,lasse rie,66,2024-2025,Lasse Rieß,23.0,de GER,GK
7996,lasse rie,66,2025-2026,Lasse Rieß,24.0,Germany,K
7997,lasse rosenboom,64,2024-2025,Lasse Rosenboom,22.0,de GER,MF
7998,lasse wilhelm,66,2023-2024,Lasse Wilhelm,20.0,de GER,DF
7999,lassina sangare,12,2023-2024,Lassina Sangare,21.0,ci CIV,MF
8000,lassine diarra,111,2025-2026,Lassine Diarra,23.0,Mali,K
8001,lassine sinayoko,104,2022-2023,Lassine Sinayoko,22.0,ml MLI,"MF,FW"
8002,lassine sinayoko,104,2024-2025,Lassine Sinayoko,24.0,ml MLI,"FW,MF"
8003,lassine sinayoko,104,2025-2026,Lassine Sinayoko,26.0,Mali,F
8004,lasso coulibaly,104,2024-2025,Lasso Coulibaly,21.0,ci CIV,MF
8005,lasso coulibaly,104,2025-2026,Lasso Coulibaly,23.0,Cote d'Ivoire,F
8006,laszlo benes,72,2024-2025,László Bénes,26.0,sk SVK,"MF,FW"
8007,lauren ulrich,71,2022-2023,Lauren Ulrich,17.0,de GER,MF
8008,laurent abergel,110,2022-2023,Laurent Abergel,29.0,fr FRA,MF
8009,laurent abergel,110,2023-2024,Laurent Abergel,30.0,fr FRA,MF
8010,laurent abergel,110,2025-2026,Laurent Abergel,33.0,France,M
8011,laurin ulrich,71,2022-2023,Laurin Ulrich,18.0,Germany,F
8012,laurin ulrich,71,2023-2024,Laurin Ulrich,19.0,Germany,F
8013,laurin ulrich,71,2024-2025,Laurin Ulrich,20.0,Germany,F
8014,laurs skjellerup,97,2025-2026,Laurs Skjellerup,23.0,Denmark,F
8015,lautaro blanco,8,2022-2023,Lautaro Blanco,23.0,ar ARG,"DF,MF"
8016,lautaro gianetti,100,2023-2024,Lautaro Gianetti,29.0,ar ARG,DF
8017,lautaro gianetti,100,2024-2025,Lautaro Gianetti,30.0,ar ARG,DF
8018,lautaro giannetti,100,2023-2024,Lautaro Giannetti,30.0,Argentina,D
8019,lautaro giannetti,100,2024-2025,Lautaro Giannetti,31.0,Argentina,D
8020,lautaro martinez,86,2022-2023,Lautaro Martínez,24.0,ar ARG,FW
8021,lautaro martinez,86,2023-2024,Lautaro Martínez,25.0,ar ARG,FW
8022,lautaro martinez,86,2024-2025,Lautaro Martínez,26.0,ar ARG,FW
8023,lautaro martinez,86,2025-2026,Lautaro Martínez,28.0,Argentina,F
8024,lautaro spatz,6,2022-2023,Lautaro Spatz,20.0,ar ARG,DF
8025,lautaro valenti,92,2024-2025,Lautaro Valenti,25.0,ar ARG,DF
8026,lautaro valenti,92,2025-2026,Lautaro Valenti,27.0,Argentina,D
8027,lawrence vigouroux,32,2023-2024,Lawrence Vigouroux,29.0,cl CHI,GK
8028,layvin kurzawa,36,2022-2023,Layvin Kurzawa,29.0,fr FRA,DF
8029,layvin kurzawa,119,2023-2024,Layvin Kurzawa,30.0,fr FRA,DF
8030,lazar jovanovic,71,2025-2026,Lazar Jovanovic,19.0,Serbia,F
8031,lazar samardzic,76,2024-2025,Lazar Samardzic,22.0,rs SRB,MF
8032,lazar samardzic,76,2025-2026,Lazar Samardžić,23.0,Serbia,F
8033,lazar samardzic,100,2022-2023,Lazar Samardzic,20.0,rs SRB,"MF,FW"
8034,lazar samardzic,100,2023-2024,Lazar Samardzic,21.0,rs SRB,MF
8035,lazaro,2,2022-2023,Lázaro,20.0,br BRA,"FW,MF"
8036,lazaro,2,2023-2024,Lázaro,21.0,br BRA,MF
8037,leander dendoncker,21,2025-2026,Leander Dendoncker,30.0,Belgium,M
8038,leander dendoncker,28,2022-2023,Leander Dendoncker,27.0,be BEL,MF
8039,leander dendoncker,28,2023-2024,Leander Dendoncker,28.0,be BEL,MF
8040,leander dendoncker,28,2024-2025,Leander Dendoncker,29.0,Belgium,M
8041,leander dendoncker,51,2022-2023,Leander Dendoncker,27.0,be BEL,MF
8042,leander dendoncker,91,2023-2024,Leander Dendoncker,28.0,be BEL,"DF,MF"
8043,leandro antonetti,24,2024-2025,Leandro Antonetti,21.0,pr PUR,FW
8044,leandro barreiro,66,2022-2023,Leandro Barreiro,,,
8045,leandro barreiro,66,2023-2024,Leandro Barreiro,,,
8046,leandro barreiro martins,66,2022-2023,Leandro Barreiro Martins,22.0,lu LUX,MF
8047,leandro barreiro martins,66,2023-2024,Leandro Barreiro Martins,23.0,lu LUX,MF
8048,leandro cabrera,9,2022-2023,Leandro Cabrera,31.0,uy URU,DF
8049,leandro cabrera,9,2024-2025,Leandro Cabrera,33.0,uy URU,DF
8050,leandro cabrera,9,2025-2026,Leandro Cabrera,34.0,Uruguay,D
8051,leandro chichizola,92,2024-2025,Leandro Chichizola,34.0,ar ARG,GK
8052,leandro paredes,87,2022-2023,Leandro Paredes,28.0,ar ARG,MF
8053,leandro paredes,94,2023-2024,Leandro Paredes,29.0,ar ARG,MF
8054,leandro paredes,94,2024-2025,Leandro Paredes,30.0,ar ARG,MF
8055,leandro paredes,119,2022-2023,Leandro Paredes,28.0,ar ARG,MF
8056,leandro sanca,98,2022-2023,Leandro Sanca,22.0,gw GNB,MF
8057,leandro trossard,27,2022-2023,Leandro Trossard,27.0,be BEL,FW
8058,leandro trossard,27,2023-2024,Leandro Trossard,28.0,be BEL,"FW,MF"
8059,leandro trossard,27,2024-2025,Leandro Trossard,29.0,be BEL,FW
8060,leandro trossard,27,2025-2026,Leandro Trossard,31.0,Belgium,F
8061,leandro trossard,31,2022-2023,Leandro Trossard,27.0,be BEL,"MF,FW"
8062,leart pacaradafc,65,2023-2024,Leart PaçaradaFC,,,
8063,leart paqarada,61,2025-2026,Leart Paqarada,31.0,Kosovo,D
8064,leart paqarada,65,2023-2024,Leart Paqarada,28.0,xk KVX,DF
8065,lebo mothiba,123,2022-2023,Lebo Mothiba,26.0,za RSA,FW
8066,lebo mothiba,123,2023-2024,Lebo Mothiba,27.0,za RSA,FW
8067,lee buchanan,73,2022-2023,Lee Buchanan,21.0,eng ENG,MF
8068,lee jae-sung,66,2022-2023,Lee Jae-Sung,29.0,kr KOR,MF
8069,lee jae-sung,66,2023-2024,Lee Jae-Sung,30.0,kr KOR,MF
8070,lee jae-sung,66,2024-2025,Lee Jae-Sung,31.0,kr KOR,MF
8071,lee kang-in,16,2022-2023,Lee Kang-In,21.0,kr KOR,"MF,FW"
8072,lee kang-in,119,2023-2024,Lee Kang-In,22.0,kr KOR,"MF,FW"
8073,lee kang-in,119,2024-2025,Lee Kang-In,23.0,kr KOR,"FW,MF"
8074,leif davis,37,2024-2025,Leif Davis,24.0,eng ENG,DF
8075,leigh kavanagh,31,2023-2024,Leigh Kavanagh,19.0,ie IRL,DF
8076,lennard maloney,61,2023-2024,Lennard Maloney,23.0,us USA,MF
8077,lennard maloney,61,2024-2025,Lennard Maloney,24.0,us USA,"MF,DF"
8078,lennard maloney,66,2024-2025,Lennard Maloney,24.0,us USA,"DF,MF"
8079,lennard maloney,66,2025-2026,Lennard Maloney,26.0,United States,M
8080,lennard maloneyfc,61,2023-2024,Lennard MaloneyFC,,,
8081,lennard maloneyfc,61,2024-2025,Lennard MaloneyFC,,,
8082,lennart grill,72,2022-2023,Lennart Grill,23.0,de GER,GK
8083,lennart karl,54,2024-2025,Lennart Karl,16.0,de GER,MF
8084,lennart karl,54,2025-2026,Lennart Karl,18.0,Germany,F
8085,lennart koerdt,55,2024-2025,Lennart Koerdt,20.0,Germany,F
8086,lennon miller,100,2025-2026,Lennon Miller,19.0,Scotland,M
8087,leny yoro,43,2024-2025,Leny Yoro,18.0,fr FRA,DF
8088,leny yoro,43,2025-2026,Leny Yoro,20.0,France,D
8089,leny yoro,109,2022-2023,Leny Yoro,16.0,fr FRA,"DF,MF"
8090,leny yoro,109,2023-2024,Leny Yoro,17.0,fr FRA,DF
8091,leo baptistao,2,2022-2023,Léo Baptistão,29.0,br BRA,"FW,MF"
8092,leo baptistao,2,2023-2024,Léo Baptistão,30.0,br BRA,"FW,MF"
8093,leo castledine,33,2023-2024,Leo Castledine,17.0,eng ENG,MF
8094,leo castledine,33,2024-2025,Leo Castledine,19.0,England,F
8095,leo fuhr hjelde,38,2022-2023,Leo Fuhr Hjelde,18.0,no NOR,DF
8096,leo fuhr hjelde,48,2025-2026,Leo Fuhr Hjelde,22.0,Norway,D
8097,leo greiml,69,2022-2023,Leo Greiml,21.0,at AUT,DF
8098,leo jardim,109,2022-2023,Léo Jardim,27.0,br BRA,GK
8099,leo leroy,115,2022-2023,Léo Leroy,22.0,fr FRA,MF
8100,leo leroy,115,2023-2024,Léo Leroy,23.0,fr FRA,MF
8101,leo ostigard,91,2022-2023,Leo Östigard,23.0,Norway,D
8102,leo petrot,8,2025-2026,Léo Pétrot,28.0,France,D
8103,leo petrot,122,2024-2025,Léo Pétrot,27.0,fr FRA,DF
8104,leo roman,16,2022-2023,Leo Román,22.0,es ESP,GK
8105,leo roman,16,2024-2025,Leo Román,24.0,es ESP,GK
8106,leo roman,16,2025-2026,Leo Román,25.0,Spain,K
8107,leo scienza,61,2024-2025,Léo Scienza,25.0,br BRA,"MF,FW"
8108,leo scienzafc,61,2024-2025,Léo ScienzaFC,,,
8109,leo shahar,44,2024-2025,Leo Shahar,17.0,eng ENG,DF
8110,leo skiri stigard,63,2024-2025,Leo Skiri Østigård,24.0,no NOR,DF
8111,leo skiri stigard,91,2022-2023,Leo Skiri Østigård,22.0,no NOR,DF
8112,leo skiri stigard,91,2023-2024,Leo Skiri Østigård,23.0,no NOR,DF
8113,leo skiri stigard,121,2024-2025,Leo Skiri Østigård,24.0,no NOR,DF
8114,leo stigard,63,2024-2025,Leo Østigård,25.0,Norway,D
8115,leo stigard,84,2025-2026,Leo Østigård,26.0,Norway,D
8116,leo stigard,91,2022-2023,Leo Østigård,,,
8117,leo stigard,91,2023-2024,Leo Østigård,24.0,Norway,D
8118,leo stigard,121,2024-2025,Leo Østigård,,,
8119,leo stulac,81,2022-2023,Leo Štulac,27.0,si SVN,MF
8120,leon avdullahu,63,2025-2026,Leon Avdullahu,21.0,Kosovo,M
8121,leon bailey,28,2022-2023,Leon Bailey,24.0,jm JAM,"FW,MF"
8122,leon bailey,28,2023-2024,Leon Bailey,25.0,jm JAM,MF
8123,leon bailey,28,2024-2025,Leon Bailey,26.0,jm JAM,MF
8124,leon bailey,28,2025-2026,Leon Bailey,28.0,Jamaica,F
8125,leon chiwome,51,2023-2024,Leon Chiwome,17.0,eng ENG,FW
8126,leon goretzka,54,2022-2023,Leon Goretzka,27.0,de GER,MF
8127,leon goretzka,54,2023-2024,Leon Goretzka,28.0,de GER,MF
8128,leon goretzka,54,2024-2025,Leon Goretzka,29.0,de GER,MF
8129,leon goretzka,54,2025-2026,Leon Goretzka,30.0,Germany,M
8130,leon klanac,54,2025-2026,Leon Klanac,18.0,Germany,K
8131,leon kohl,53,2022-2023,Leon Köhl,18.0,de GER,MF
8132,leon opitz,73,2023-2024,Leon Opitz,18.0,de GER,MF
8133,leon opitz,73,2024-2025,Leon Opitz,19.0,Germany,F
8134,leon reichardt,71,2022-2023,Leon Reichardt,18.0,de GER,DF
8135,leonardo balerdi,112,2022-2023,Leonardo Balerdi,23.0,ar ARG,DF
8136,leonardo balerdi,112,2023-2024,Leonardo Balerdi,24.0,ar ARG,DF
8137,leonardo balerdi,112,2024-2025,Leonardo Balerdi,25.0,ar ARG,DF
8138,leonardo balerdi,112,2025-2026,Leonardo Balerdi,27.0,Argentina,D
8139,leonardo baroncelli,82,2024-2025,Leonardo Baroncelli,18.0,it ITA,DF
8140,leonardo bittencourt,73,2022-2023,Leonardo Bittencourt,28.0,de GER,MF
8141,leonardo bittencourt,73,2023-2024,Leonardo Bittencourt,29.0,de GER,MF
8142,leonardo bittencourt,73,2024-2025,Leonardo Bittencourt,30.0,de GER,MF
8143,leonardo bittencourt,73,2025-2026,Leonardo Bittencourt,32.0,Germany,M
8144,leonardo bonucci,72,2023-2024,Leonardo Bonucci,36.0,it ITA,DF
8145,leonardo bonucci,87,2022-2023,Leonardo Bonucci,35.0,it ITA,DF
8146,leonardo bonucci,87,2023-2024,Leonardo Bonucci,36.0,Italy,D
8147,leonardo buta,100,2022-2023,Leonardo Buta,20.0,pt POR,DF
8148,leonardo capezzi,95,2022-2023,Leonardo Capezzi,27.0,it ITA,MF
8149,leonardo cerri,87,2023-2024,Leonardo Cerri,20.0,it ITA,FW
8150,leonardo colombo,90,2022-2023,Leonardo Colombo,17.0,it ITA,MF
8151,leonardo colombo,90,2023-2024,Leonardo Colombo,18.0,it ITA,MF
8152,leonardo colombo,90,2024-2025,Leonardo Colombo,19.0,it ITA,MF
8153,leonardo dido,98,2022-2023,Leonardo Dido,18.0,it ITA,GK
8154,leonardo mendicino,76,2022-2023,Leonardo Mendicino,16.0,it ITA,MF
8155,leonardo mendicino,76,2023-2024,Leonardo Mendicino,17.0,it ITA,MF
8156,leonardo pavoletti,78,2023-2024,Leonardo Pavoletti,34.0,it ITA,FW
8157,leonardo pavoletti,78,2024-2025,Leonardo Pavoletti,35.0,it ITA,FW
8158,leonardo pavoletti,78,2025-2026,Leonardo Pavoletti,37.0,Italy,F
8159,leonardo pedicillo,98,2022-2023,Leonardo Pedicillo,19.0,it ITA,MF
8160,leonardo sernicola,80,2022-2023,Leonardo Sernicola,25.0,it ITA,"MF,DF"
8161,leonardo sernicola,80,2025-2026,Leonardo Sernicola,28.0,Italy,D
8162,leonardo spinazzola,91,2024-2025,Leonardo Spinazzola,31.0,it ITA,"DF,MF"
8163,leonardo spinazzola,91,2025-2026,Leonardo Spinazzola,32.0,Italy,D
8164,leonardo spinazzola,94,2022-2023,Leonardo Spinazzola,29.0,it ITA,MF
8165,leonardo spinazzola,94,2023-2024,Leonardo Spinazzola,30.0,it ITA,"MF,DF"
8166,leonidas stergiou,61,2025-2026,Leonidas Stergiou,23.0,Switzerland,D
8167,leonidas stergiou,71,2023-2024,Leonidas Stergiou,21.0,ch SUI,DF
8168,leonidas stergiou,71,2024-2025,Leonidas Stergiou,22.0,ch SUI,DF
8169,leopold querfeld,72,2024-2025,Leopold Querfeld,20.0,at AUT,DF
8170,leopold querfeld,72,2025-2026,Leopold Querfeld,22.0,Austria,D
8171,leopold zingerle,68,2023-2024,Leopold Zingerle,29.0,de GER,GK
8172,leopold zingerle,68,2024-2025,Leopold Zingerle,30.0,de GER,GK
8173,leopold zingerle,68,2025-2026,Leopold Zingerle,31.0,Germany,K
8174,leroy sane,54,2022-2023,Leroy Sané,26.0,de GER,MF
8175,leroy sane,54,2023-2024,Leroy Sané,27.0,de GER,MF
8176,leroy sane,54,2024-2025,Leroy Sané,28.0,de GER,MF
8177,lesley ugochukwu,32,2025-2026,Lesley Ugochukwu,21.0,France,M
8178,lesley ugochukwu,33,2023-2024,Lesley Ugochukwu,19.0,fr FRA,MF
8179,lesley ugochukwu,47,2024-2025,Lesley Ugochukwu,20.0,fr FRA,MF
8180,lesley ugochukwu,121,2022-2023,Lesley Ugochukwu,18.0,fr FRA,MF
8181,levi colwill,31,2022-2023,Levi Colwill,19.0,eng ENG,DF
8182,levi colwill,33,2023-2024,Levi Colwill,20.0,eng ENG,DF
8183,levi colwill,33,2024-2025,Levi Colwill,21.0,eng ENG,DF
8184,levi colwill,33,2025-2026,Levi Colwill,22.0,England,D
8185,levi laing,50,2023-2024,Levi Laing,20.0,eng ENG,DF
8186,levi lumeka,125,2022-2023,Levi Lumeka,24.0,England,F
8187,levin oztunal,72,2022-2023,Levin Öztunalı,26.0,de GER,"FW,MF"
8188,levin oztunali,72,2022-2023,Levin Öztunali,26.0,Germany,M
8189,lewis brunt,39,2022-2023,Lewis Brunt,21.0,eng ENG,"DF,MF"
8190,lewis cook,29,2022-2023,Lewis Cook,25.0,eng ENG,MF
8191,lewis cook,29,2023-2024,Lewis Cook,26.0,eng ENG,MF
8192,lewis cook,29,2024-2025,Lewis Cook,27.0,eng ENG,"MF,DF"
8193,lewis cook,29,2025-2026,Lewis Cook,29.0,England,M
8194,lewis dobbin,28,2024-2025,Lewis Dobbin,22.0,England,F
8195,lewis dobbin,28,2025-2026,Lewis Dobbin,22.0,England,F
8196,lewis dobbin,35,2023-2024,Lewis Dobbin,20.0,eng ENG,MF
8197,lewis dunk,31,2022-2023,Lewis Dunk,30.0,eng ENG,DF
8198,lewis dunk,31,2023-2024,Lewis Dunk,31.0,eng ENG,DF
8199,lewis dunk,31,2024-2025,Lewis Dunk,32.0,eng ENG,DF
8200,lewis dunk,31,2025-2026,Lewis Dunk,34.0,England,D
8201,lewis ferguson,77,2022-2023,Lewis Ferguson,22.0,sct SCO,MF
8202,lewis ferguson,77,2023-2024,Lewis Ferguson,23.0,sct SCO,MF
8203,lewis ferguson,77,2024-2025,Lewis Ferguson,24.0,sct SCO,MF
8204,lewis ferguson,77,2025-2026,Lewis Ferguson,26.0,Scotland,M
8205,lewis hall,33,2022-2023,Lewis Hall,17.0,eng ENG,"MF,DF"
8206,lewis hall,44,2023-2024,Lewis Hall,18.0,eng ENG,DF
8207,lewis hall,44,2024-2025,Lewis Hall,19.0,eng ENG,DF
8208,lewis hall,44,2025-2026,Lewis Hall,21.0,England,D
8209,lewis holtby,64,2024-2025,Lewis Holtby,33.0,de GER,MF
8210,lewis koumas,40,2023-2024,Lewis Koumas,17.0,wls WAL,MF
8211,lewis miley,44,2022-2023,Lewis Miley,16.0,eng ENG,MF
8212,lewis miley,44,2023-2024,Lewis Miley,17.0,eng ENG,MF
8213,lewis miley,44,2024-2025,Lewis Miley,18.0,eng ENG,MF
8214,lewis miley,44,2025-2026,Lewis Miley,19.0,England,M
8215,lewis o'brien,45,2022-2023,Lewis O'Brien,23.0,eng ENG,MF
8216,lewis o'brien,45,2023-2024,Lewis O'Brien,24.0,eng ENG,MF
8217,lewis o'brien,45,2024-2025,Lewis O'Brien,26.0,England,M
8218,lewis orford,50,2023-2024,Lewis Orford,17.0,eng ENG,MF
8219,lewis orford,50,2024-2025,Lewis Orford,18.0,eng ENG,MF
8220,lewis orford,50,2025-2026,Lewis Orford,19.0,England,M
8221,lewis payne,47,2022-2023,Lewis Payne,18.0,eng ENG,"DF,MF"
8222,lewis warrington,35,2022-2023,Lewis Warrington,19.0,eng ENG,MF
8223,lewis warrington,35,2023-2024,Lewis Warrington,20.0,eng ENG,MF
8224,liam cooper,38,2022-2023,Liam Cooper,30.0,sct SCO,DF
8225,liam delap,33,2025-2026,Liam Delap,22.0,England,F
8226,liam delap,37,2024-2025,Liam Delap,21.0,eng ENG,FW
8227,liam delap,42,2022-2023,Liam Delap,19.0,eng ENG,FW
8228,liam henderson,81,2022-2023,Liam Henderson,26.0,sct SCO,MF
8229,liam henderson,81,2023-2024,Liam Henderson,27.0,sct SCO,MF
8230,liam henderson,81,2024-2025,Liam Henderson,28.0,sct SCO,MF
8231,liam morrison,54,2022-2023,Liam Morrison,19.0,sct SCO,DF
8232,liberato cacace,81,2022-2023,Liberato Cacace,21.0,nz NZL,DF
8233,liberato cacace,81,2023-2024,Liberato Cacace,22.0,nz NZL,"DF,MF"
8234,liberato cacace,81,2024-2025,Liberato Cacace,23.0,nz NZL,"MF,DF"
8235,lilian brassier,105,2022-2023,Lilian Brassier,22.0,fr FRA,DF
8236,lilian brassier,105,2023-2024,Lilian Brassier,23.0,fr FRA,DF
8237,lilian brassier,112,2024-2025,Lilian Brassier,24.0,fr FRA,DF
8238,lilian brassier,121,2024-2025,Lilian Brassier,24.0,fr FRA,DF
8239,lilian brassier,121,2025-2026,Lilian Brassier,26.0,France,D
8240,lilian egloff,71,2022-2023,Lilian Egloff,19.0,de GER,"MF,FW"
8241,lilian egloff,71,2023-2024,Lilian Egloff,20.0,de GER,MF
8242,lilian raolisoa,103,2022-2023,Lilian Raolisoa,22.0,fr FRA,"DF,MF"
8243,lilian raolisoa,103,2024-2025,Lilian Raolisoa,24.0,fr FRA,"DF,MF"
8244,lilian raolisoa,103,2025-2026,Lilian Raolisoa,25.0,France,D
8245,lino sousa,27,2022-2023,Lino Sousa,17.0,eng ENG,DF
8246,lino sousa,28,2024-2025,Lino Sousa,20.0,England,D
8247,lino sousa,28,2025-2026,Lino Sousa,21.0,England,D
8248,linton maina,65,2022-2023,Linton Maina,23.0,de GER,"MF,FW"
8249,linton maina,65,2023-2024,Linton Maina,24.0,de GER,MF
8250,linton maina,65,2025-2026,Linton Maina,26.0,Germany,F
8251,linton mainafc,65,2022-2023,Linton MainaFC,,,
8252,linton mainafc,65,2023-2024,Linton MainaFC,,,
8253,linus gechter,62,2022-2023,Linus Gechter,18.0,de GER,DF
8254,lionel messi,119,2022-2023,Lionel Messi,35.0,ar ARG,"FW,MF"
8255,lionel mpasi-nzau,107,2025-2026,Lionel Mpasi-Nzau,31.0,Democratic Republic of the Congo,K
8256,lionel voufack,68,2024-2025,Lionel Voufack,16.0,de GER,DF
8257,lior kasa,84,2024-2025,Lior Kasa,18.0,il ISR,MF
8258,lior kassa,84,2024-2025,Lior Kassa,19.0,Israel,M
8259,lisandro magallan,8,2022-2023,Lisandro Magallán,28.0,ar ARG,DF
8260,lisandro martinez,43,2022-2023,Lisandro Martínez,24.0,ar ARG,DF
8261,lisandro martinez,43,2023-2024,Lisandro Martínez,25.0,ar ARG,DF
8262,lisandro martinez,43,2024-2025,Lisandro Martínez,26.0,ar ARG,DF
8263,lisandro martinez,43,2025-2026,Lisandro Martínez,28.0,Argentina,D
8264,livan burcu,72,2025-2026,Livan Burcu,21.0,Turkey,F
8265,llorenc serred,9,2024-2025,Llorenç Serred,18.0,es ESP,GK
8266,lloyd kelly,29,2022-2023,Lloyd Kelly,23.0,eng ENG,DF
8267,lloyd kelly,29,2023-2024,Lloyd Kelly,24.0,eng ENG,DF
8268,lloyd kelly,44,2024-2025,Lloyd Kelly,25.0,eng ENG,DF
8269,lloyd kelly,87,2024-2025,Lloyd Kelly,25.0,eng ENG,DF
8270,lloyd kelly,87,2025-2026,Lloyd Kelly,27.0,England,D
8271,logan costa,26,2024-2025,Logan Costa,23.0,cv CPV,DF
8272,logan costa,26,2025-2026,Logan Costa,24.0,Cape Verde,D
8273,logan costa,124,2022-2023,Logan Costa,21.0,cv CPV,DF
8274,logan costa,124,2023-2024,Logan Costa,22.0,cv CPV,DF
8275,logan costa,124,2024-2025,Logan Costa,23.0,cv CPV,DF
8276,logan pye,32,2025-2026,Logan Pye,21.0,England,D
8277,lohann doucet,116,2022-2023,Lohann Doucet,19.0,bf BFA,MF
8278,lohann doucet,118,2025-2026,Lohann Doucet,23.0,France,M
8279,loic bade,24,2022-2023,Loïc Badé,22.0,fr FRA,DF
8280,loic bade,24,2023-2024,Loïc Badé,23.0,fr FRA,DF
8281,loic bade,24,2024-2025,Loïc Badé,24.0,fr FRA,DF
8282,loic bade,45,2022-2023,Loïc Bade,22.0,fr FRA,DF
8283,loic bade,53,2025-2026,Loïc Badé,25.0,France,D
8284,loic bade,121,2022-2023,Loïc Badé,22.0,fr FRA,DF
8285,loic mbe soh,45,2022-2023,Loïc Mbe Soh,21.0,fr FRA,DF
8286,loic n'gatta,104,2024-2025,Loïc N'Gatta,20.0,fr FRA,DF
8287,loic nego,107,2023-2024,Loïc Négo,32.0,hu HUN,"MF,DF"
8288,loic nego,107,2024-2025,Loïc Négo,33.0,hu HUN,"DF,MF"
8289,loic nego,107,2025-2026,Loïc Nego,35.0,Hungary,D
8290,loic remy,105,2022-2023,Loïc Rémy,36.0,France,F
8291,lois diony,103,2022-2023,Loïs Diony,29.0,fr FRA,FW
8292,lois diony,103,2024-2025,Loïs Diony,31.0,fr FRA,FW
8293,lois openda,68,2023-2024,Loïs Openda,23.0,be BEL,FW
8294,lois openda,68,2024-2025,Loïs Openda,24.0,be BEL,FW
8295,lois openda,87,2025-2026,Loïs Openda,25.0,Belgium,F
8296,lois openda,108,2022-2023,Loïs Openda,22.0,be BEL,FW
8297,loren moron,19,2022-2023,Loren Morón,28.0,es ESP,FW
8298,lorenz assignon,32,2023-2024,Lorenz Assignon,23.0,tg TOG,DF
8299,lorenz assignon,71,2025-2026,Lorenz Assignon,25.0,France,D
8300,lorenz assignon,121,2022-2023,Lorenz Assignon,22.0,tg TOG,DF
8301,lorenz assignon,121,2023-2024,Lorenz Assignon,23.0,tg TOG,DF
8302,lorenz assignon,121,2024-2025,Lorenz Assignon,24.0,tg TOG,"MF,DF"
8303,lorenzo aguado,20,2024-2025,Lorenzo Aguado,21.0,es ESP,DF
8304,lorenzo amatucci,82,2022-2023,Lorenzo Amatucci,18.0,it ITA,MF
8305,lorenzo amatucci,82,2023-2024,Lorenzo Amatucci,19.0,it ITA,MF
8306,lorenzo anghele,87,2024-2025,Lorenzo Anghelè,19.0,it ITA,FW
8307,lorenzo bernasconi,76,2022-2023,Lorenzo Bernasconi,18.0,it ITA,MF
8308,lorenzo bernasconi,76,2024-2025,Lorenzo Bernasconi,20.0,it ITA,MF
8309,lorenzo bernasconi,76,2025-2026,Lorenzo Bernasconi,22.0,Italy,M
8310,lorenzo colombo,75,2023-2024,Lorenzo Colombo,21.0,it ITA,FW
8311,lorenzo colombo,81,2024-2025,Lorenzo Colombo,22.0,it ITA,"FW,MF"
8312,lorenzo colombo,84,2025-2026,Lorenzo Colombo,23.0,Italy,F
8313,lorenzo colombo,89,2022-2023,Lorenzo Colombo,20.0,it ITA,FW
8314,lorenzo colombo,90,2023-2024,Lorenzo Colombo,21.0,it ITA,FW
8315,lorenzo de silvestri,77,2022-2023,Lorenzo De Silvestri,34.0,it ITA,"DF,MF"
8316,lorenzo de silvestri,77,2023-2024,Lorenzo De Silvestri,35.0,it ITA,DF
8317,lorenzo de silvestri,77,2024-2025,Lorenzo De Silvestri,36.0,it ITA,DF
8318,lorenzo de silvestri,77,2025-2026,Lorenzo De Silvestri,37.0,Italy,D
8319,lorenzo ignacchiti,81,2022-2023,Lorenzo Ignacchiti,18.0,it ITA,MF
8320,lorenzo lucca,45,2025-2026,Lorenzo Lucca,25.0,Italy,F
8321,lorenzo lucca,91,2025-2026,Lorenzo Lucca,25.0,Italy,F
8322,lorenzo lucca,100,2023-2024,Lorenzo Lucca,22.0,it ITA,FW
8323,lorenzo lucca,100,2024-2025,Lorenzo Lucca,23.0,it ITA,FW
8324,lorenzo lucchesi,101,2024-2025,Lorenzo Lucchesi,21.0,it ITA,DF
8325,lorenzo malagrida,96,2022-2023,Lorenzo Malagrida,18.0,it ITA,MF
8326,lorenzo montipo,85,2022-2023,Lorenzo Montipò,26.0,it ITA,GK
8327,lorenzo montipo,85,2023-2024,Lorenzo Montipò,27.0,it ITA,GK
8328,lorenzo montipo,85,2024-2025,Lorenzo Montipò,28.0,it ITA,GK
8329,lorenzo montipo,85,2025-2026,Lorenzo Montipò,29.0,Italy,K
8330,lorenzo palmisani,83,2023-2024,Lorenzo Palmisani,19.0,it ITA,GK
8331,lorenzo pellegrini,94,2022-2023,Lorenzo Pellegrini,26.0,it ITA,MF
8332,lorenzo pellegrini,94,2023-2024,Lorenzo Pellegrini,27.0,it ITA,MF
8333,lorenzo pellegrini,94,2024-2025,Lorenzo Pellegrini,28.0,it ITA,MF
8334,lorenzo pellegrini,94,2025-2026,Lorenzo Pellegrini,29.0,Italy,F
8335,lorenzo pirola,95,2022-2023,Lorenzo Pirola,20.0,it ITA,DF
8336,lorenzo pirola,95,2023-2024,Lorenzo Pirola,21.0,it ITA,DF
8337,lorenzo riccio,76,2024-2025,Lorenzo Riccio,18.0,it ITA,MF
8338,lorenzo russo,91,2023-2024,Lorenzo Russo,18.0,it ITA,MF
8339,lorenzo tonelli,81,2022-2023,Lorenzo Tonelli,32.0,it ITA,DF
8340,lorenzo tonelli,81,2023-2024,Lorenzo Tonelli,34.0,Italy,D
8341,lorenzo torriani,75,2023-2024,Lorenzo Torriani,18.0,it ITA,GK
8342,lorenzo torriani,75,2024-2025,Lorenzo Torriani,19.0,it ITA,GK
8343,lorenzo torriani,75,2025-2026,Lorenzo Torriani,21.0,Italy,K
8344,lorenzo tosto,81,2024-2025,Lorenzo Tosto,18.0,it ITA,DF
8345,lorenzo venturino,84,2024-2025,Lorenzo Venturino,18.0,it ITA,MF
8346,lorenzo venturino,94,2025-2026,Lorenzo Venturino,19.0,Italy,F
8347,lorenzo venuti,82,2022-2023,Lorenzo Venuti,27.0,it ITA,DF
8348,lorenzo venuti,89,2023-2024,Lorenzo Venuti,28.0,it ITA,DF
8349,lorenzo villa,96,2022-2023,Lorenzo Villa,19.0,it ITA,DF
8350,loris karius,44,2022-2023,Loris Karius,29.0,de GER,GK
8351,loris karius,44,2023-2024,Loris Karius,30.0,de GER,GK
8352,loris mouyokolo,110,2023-2024,Loris Mouyokolo,22.0,fr FRA,DF
8353,lorran,93,2025-2026,Lorran,19.0,Brazil,F
8354,louie barry,28,2024-2025,Louie Barry,21.0,England,F
8355,louie barry,28,2025-2026,Louie Barry,22.0,England,F
8356,louie marsh,46,2023-2024,Louie Marsh,19.0,eng ENG,FW
8357,louie moulden,51,2022-2023,Louie Moulden,21.0,England,K
8358,louis jackson,43,2023-2024,Louis Jackson,17.0,sct SCO,DF
8359,louis lemke,60,2025-2026,Louis Lemke,16.0,Germany,D
8360,louis leroux,116,2024-2025,Louis Leroux,18.0,fr FRA,"MF,DF"
8361,louis leroux,116,2025-2026,Louis Leroux,20.0,France,F
8362,louis lord,73,2022-2023,Louis Lord,19.0,Germany,K
8363,louis mezerette,104,2025-2026,Louis Mezerette,19.0,France,K
8364,louis mouton,103,2025-2026,Louis Mouton,23.0,France,F
8365,louis mouton,122,2024-2025,Louis Mouton,22.0,fr FRA,MF
8366,louis oppie,70,2025-2026,Louis Oppie,23.0,Germany,D
8367,loum tchaouna,32,2025-2026,Loum Tchaouna,22.0,France,F
8368,loum tchaouna,88,2024-2025,Loum Tchaouna,20.0,fr FRA,"MF,FW"
8369,loum tchaouna,95,2023-2024,Loum Tchaouna,19.0,fr FRA,"MF,FW"
8370,love arrhov,58,2025-2026,Love Arrhov,17.0,Sweden,F
8371,lovro golic,94,2023-2024,Lovro Golič,17.0,si SVN,DF
8372,lovro majer,74,2023-2024,Lovro Majer,25.0,hr CRO,"MF,FW"
8373,lovro majer,74,2024-2025,Lovro Majer,26.0,hr CRO,MF
8374,lovro majer,74,2025-2026,Lovro Majer,28.0,Croatia,F
8375,lovro majer,121,2022-2023,Lovro Majer,24.0,hr CRO,MF
8376,lovro majer,121,2023-2024,Lovro Majer,25.0,hr CRO,"FW,MF"
8377,lovro stubljar,81,2022-2023,Lovro Štubljar,17.0,si SVN,GK
8378,lovro stubljar,81,2023-2024,Lovro Štubljar,18.0,si SVN,GK
8379,lovro zvonarek,54,2023-2024,Lovro Zvonarek,18.0,hr CRO,MF
8380,luan patrick,85,2024-2025,Luan Patrick,22.0,br BRA,DF
8381,luc de fougerolles,36,2023-2024,Luc De Fougerolles,17.0,ca CAN,DF
8382,luca barrington,31,2023-2024,Luca Barrington,18.0,eng ENG,"FW,MF"
8383,luca barrington,31,2024-2025,Luca Barrington,20.0,England,F
8384,luca bazzoli,71,2022-2023,Luca Bazzoli,21.0,de GER,"DF,MF"
8385,luca belardinelli,81,2023-2024,Luca Belardinelli,22.0,Italy,M
8386,luca belardinelli,81,2024-2025,Luca Belardinelli,23.0,it ITA,MF
8387,luca boncori,95,2023-2024,Luca Boncori,17.0,it ITA,FW
8388,luca caldirola,90,2022-2023,Luca Caldirola,31.0,it ITA,DF
8389,luca caldirola,90,2023-2024,Luca Caldirola,32.0,it ITA,DF
8390,luca caldirola,90,2024-2025,Luca Caldirola,33.0,it ITA,DF
8391,luca d'andrea,97,2022-2023,Luca D'Andrea,17.0,it ITA,FW
8392,luca de la torre,7,2022-2023,Luca de la Torre,24.0,us USA,MF
8393,luca de la torre,7,2023-2024,Luca de la Torre,25.0,us USA,MF
8394,luca de la torre,7,2024-2025,Luca de la Torre,26.0,us USA,MF
8395,luca garritano,83,2023-2024,Luca Garritano,29.0,it ITA,MF
8396,luca gemello,99,2022-2023,Luca Gemello,22.0,it ITA,GK
8397,luca gemello,99,2023-2024,Luca Gemello,23.0,it ITA,GK
8398,luca jaquez,71,2024-2025,Luca Jaquez,21.0,ch SUI,DF
8399,luca jaquez,71,2025-2026,Luca Jaquez,22.0,Switzerland,D
8400,luca kerber,61,2024-2025,Luca Kerber,22.0,de GER,MF
8401,luca kerber,61,2025-2026,Luca Kerber,23.0,Germany,M
8402,luca kerberfc,61,2024-2025,Luca KerberFC,,,
8403,luca kilian,65,2022-2023,Luca Kilian,22.0,de GER,DF
8404,luca kilian,65,2023-2024,Luca Kilian,23.0,de GER,DF
8405,luca kilian,65,2025-2026,Luca Kilian,26.0,Germany,D
8406,luca kilianfc,65,2022-2023,Luca KilianFC,,,
8407,luca kilianfc,65,2023-2024,Luca KilianFC,,,
8408,luca koleosho,9,2022-2023,Luca Koleosho,17.0,it ITA,MF
8409,luca koleosho,9,2025-2026,Luca Koleosho,21.0,Italy,F
8410,luca koleosho,32,2023-2024,Luca Koleosho,18.0,it ITA,"MF,FW"
8411,luca koleosho,118,2025-2026,Luca Koleosho,21.0,Italy,F
8412,luca lezzerini,82,2025-2026,Luca Lezzerini,30.0,Italy,K
8413,luca lipani,97,2023-2024,Luca Lipani,18.0,it ITA,MF
8414,luca lipani,97,2025-2026,Luca Lipani,20.0,Italy,M
8415,luca lohr,10,2024-2025,Luca Lohr,21.0,es ESP,DF
8416,luca marianucci,81,2023-2024,Luca Marianucci,19.0,it ITA,DF
8417,luca marianucci,81,2024-2025,Luca Marianucci,20.0,it ITA,DF
8418,luca marianucci,91,2025-2026,Luca Marianucci,21.0,Italy,D
8419,luca marianucci,99,2025-2026,Luca Marianucci,21.0,Italy,D
8420,luca marrone,90,2022-2023,Luca Marrone,32.0,it ITA,DF
8421,luca mazzitelli,78,2025-2026,Luca Mazzitelli,30.0,Italy,M
8422,luca mazzitelli,79,2024-2025,Luca Mazzitelli,28.0,it ITA,MF
8423,luca mazzitelli,83,2023-2024,Luca Mazzitelli,27.0,it ITA,MF
8424,luca moro,97,2025-2026,Luca Moro,25.0,Italy,F
8425,luca napolitano,88,2023-2024,Luca Napolitano,19.0,it ITA,MF
8426,luca netz,45,2025-2026,Luca Netz,22.0,Germany,D
8427,luca netz,67,2022-2023,Luca Netz,19.0,de GER,"DF,MF"
8428,luca netz,67,2023-2024,Luca Netz,20.0,de GER,"MF,DF"
8429,luca netz,67,2024-2025,Luca Netz,21.0,de GER,DF
8430,luca netzborussia m.,67,2022-2023,Luca NetzBorussia M.,,,
8431,luca netzborussia m.,67,2023-2024,Luca NetzBorussia M.,,,
8432,luca netzborussia m.,67,2024-2025,Luca NetzBorussia M.,,,
8433,luca novodomsky,53,2024-2025,Luca Novodomsky,19.0,Germany,K
8434,luca pellegrini,58,2022-2023,Luca Pellegrini,23.0,it ITA,"DF,MF"
8435,luca pellegrini,88,2022-2023,Luca Pellegrini,23.0,it ITA,DF
8436,luca pellegrini,88,2023-2024,Luca Pellegrini,24.0,it ITA,"DF,MF"
8437,luca pellegrini,88,2024-2025,Luca Pellegrini,25.0,it ITA,DF
8438,luca pellegrini,88,2025-2026,Luca Pellegrini,26.0,Italy,D
8439,luca pfeiffer,57,2023-2024,Luca Pfeiffer,26.0,de GER,"FW,MF"
8440,luca pfeiffer,71,2022-2023,Luca Pfeiffer,25.0,de GER,FW
8441,luca philipp,63,2022-2023,Luca Philipp,21.0,de GER,GK
8442,luca philipp,63,2023-2024,Luca Philipp,22.0,de GER,GK
8443,luca philipp,63,2024-2025,Luca Philipp,23.0,de GER,GK
8444,luca philipp,63,2025-2026,Luca Philipp,25.0,Germany,K
8445,luca raimund,71,2023-2024,Luca Raimund,18.0,de GER,MF
8446,luca raimund,71,2024-2025,Luca Raimund,19.0,Germany,F
8447,luca ranieri,82,2022-2023,Luca Ranieri,23.0,it ITA,DF
8448,luca ranieri,82,2023-2024,Luca Ranieri,24.0,it ITA,DF
8449,luca ranieri,82,2024-2025,Luca Ranieri,25.0,it ITA,DF
8450,luca ranieri,82,2025-2026,Luca Ranieri,26.0,Italy,D
8451,luca ravanelli,80,2022-2023,Luca Ravanelli,25.0,it ITA,DF
8452,luca stephenson,40,2024-2025,Luca Stephenson,21.0,England,M
8453,luca stephenson,40,2025-2026,Luca Stephenson,21.0,England,M
8454,luca unbehaun,56,2022-2023,Luca Unbehaun,21.0,Germany,K
8455,luca waldschmidt,65,2023-2024,Luca Waldschmidt,27.0,de GER,MF
8456,luca waldschmidt,65,2025-2026,Luca Waldschmidt,29.0,Germany,F
8457,luca waldschmidt,74,2022-2023,Luca Waldschmidt,26.0,de GER,"FW,MF"
8458,luca waldschmidtfc,65,2023-2024,Luca WaldschmidtFC,,,
8459,luca williams barnett,49,2024-2025,Luca Williams Barnett,15.0,eng ENG,FW
8460,luca zanimacchia,80,2022-2023,Luca Zanimacchia,24.0,it ITA,MF
8461,lucas,6,2023-2024,Lucas,22.0,br BRA,DF
8462,lucas ahijado,21,2025-2026,Lucas Ahijado,31.0,Spain,D
8463,lucas alario,58,2022-2023,Lucas Alario,29.0,ar ARG,FW
8464,lucas beltran,25,2025-2026,Lucas Beltrán,24.0,Argentina,F
8465,lucas beltran,82,2023-2024,Lucas Beltrán,22.0,ar ARG,"FW,MF"
8466,lucas beltran,82,2024-2025,Lucas Beltrán,23.0,ar ARG,"MF,FW"
8467,lucas beraldo,119,2023-2024,Lucas Beraldo,19.0,br BRA,DF
8468,lucas beraldo,119,2024-2025,Lucas Beraldo,20.0,br BRA,DF
8469,lucas beraldo,119,2025-2026,Lucas Beraldo,22.0,Brazil,D
8470,lucas bergstrom,16,2025-2026,Lucas Bergström,23.0,Finland,K
8471,lucas bergstrom,33,2023-2024,Lucas Bergström,20.0,fi FIN,GK
8472,lucas bergstrom,33,2024-2025,Lucas Bergström,22.0,Finland,K
8473,lucas bergvall,49,2024-2025,Lucas Bergvall,18.0,se SWE,MF
8474,lucas bergvall,49,2025-2026,Lucas Bergvall,20.0,Sweden,M
8475,lucas boye,1,2025-2026,Lucas Boyé,29.0,Argentina,F
8476,lucas boye,8,2022-2023,Lucas Boyé,26.0,ar ARG,FW
8477,lucas boye,12,2023-2024,Lucas Boyé,27.0,ar ARG,FW
8478,lucas canizares,20,2022-2023,Lucas Cañizares,20.0,es ESP,GK
8479,lucas canizares,20,2023-2024,Lucas Cañizares,21.0,es ESP,GK
8480,lucas cepeda,8,2025-2026,Lucas Cepeda,23.0,Chile,F
8481,lucas chevalier,109,2022-2023,Lucas Chevalier,20.0,fr FRA,GK
8482,lucas chevalier,109,2023-2024,Lucas Chevalier,21.0,fr FRA,GK
8483,lucas chevalier,109,2024-2025,Lucas Chevalier,22.0,fr FRA,GK
8484,lucas chevalier,119,2025-2026,Lucas Chevalier,24.0,France,K
8485,lucas da cunha,79,2024-2025,Lucas da Cunha,23.0,fr FRA,MF
8486,lucas da cunha,79,2025-2026,Lucas Da Cunha,24.0,France,M
8487,lucas digne,28,2022-2023,Lucas Digne,29.0,fr FRA,DF
8488,lucas digne,28,2023-2024,Lucas Digne,30.0,fr FRA,DF
8489,lucas digne,28,2024-2025,Lucas Digne,31.0,fr FRA,DF
8490,lucas digne,28,2025-2026,Lucas Digne,32.0,France,D
8491,lucas garcia,11,2024-2025,Lucas García,20.0,es ESP,GK
8492,lucas gourna-douath,94,2024-2025,Lucas Gourna-Douath,20.0,fr FRA,MF
8493,lucas gourna-douath,107,2025-2026,Lucas Gourna-Douath,22.0,France,M
8494,lucas hernandez,54,2022-2023,Lucas Hernández,26.0,fr FRA,DF
8495,lucas hernandez,119,2023-2024,Lucas Hernández,27.0,fr FRA,DF
8496,lucas hernandez,119,2024-2025,Lucas Hernández,28.0,fr FRA,DF
8497,lucas hernandez,119,2025-2026,Lucas Hernández,29.0,France,D
8498,lucas hgsberg,123,2025-2026,Lucas Høgsberg,19.0,Denmark,D
8499,lucas holer,59,2022-2023,Lucas Höler,28.0,de GER,"FW,MF"
8500,lucas holer,59,2023-2024,Lucas Höler,29.0,de GER,"FW,MF"
8501,lucas holer,59,2024-2025,Lucas Höler,30.0,de GER,"FW,MF"
8502,lucas holer,59,2025-2026,Lucas Höler,31.0,Germany,F
8503,lucas laux,66,2022-2023,Lucas Laux,19.0,de GER,MF
8504,lucas lavallee,119,2022-2023,Lucas Lavallée,19.0,France,K
8505,lucas margueron,106,2022-2023,Lucas Margueron,21.0,France,K
8506,lucas martinez quarta,82,2022-2023,Lucas Martínez Quarta,26.0,ar ARG,DF
8507,lucas martinez quarta,82,2023-2024,Lucas Martínez Quarta,27.0,ar ARG,DF
8508,lucas martinez quarta,82,2024-2025,Lucas Martínez Quarta,28.0,ar ARG,DF
8509,lucas michal,113,2025-2026,Lucas Michal,20.0,France,F
8510,lucas michal,114,2023-2024,Lucas Michal,18.0,fr FRA,FW
8511,lucas michal,114,2024-2025,Lucas Michal,19.0,fr FRA,FW
8512,lucas michal,114,2025-2026,Lucas Michal,20.0,France,F
8513,lucas mincarelli,115,2023-2024,Lucas Mincarelli,19.0,fr FRA,"DF,MF"
8514,lucas mincarelli,115,2024-2025,Lucas Mincarelli,20.0,fr FRA,DF
8515,lucas moura,49,2022-2023,Lucas Moura,29.0,br BRA,"FW,MF"
8516,lucas nunez,25,2024-2025,Lucas Núñez,18.0,es ESP,MF
8517,lucas ocampos,24,2022-2023,Lucas Ocampos,28.0,ar ARG,"MF,FW"
8518,lucas ocampos,24,2023-2024,Lucas Ocampos,29.0,ar ARG,"MF,FW"
8519,lucas ocampos,24,2024-2025,Lucas Ocampos,30.0,ar ARG,"MF,FW"
8520,lucas olaza,23,2022-2023,Lucas Olaza,28.0,uy URU,DF
8521,lucas oliveira rosa,23,2022-2023,Lucas Oliveira Rosa,22.0,br BRA,"DF,MF"
8522,lucas oliveira rosa,23,2024-2025,Lucas Oliveira Rosa,24.0,br BRA,DF
8523,lucas paqueta,50,2022-2023,Lucas Paquetá,24.0,br BRA,MF
8524,lucas paqueta,50,2023-2024,Lucas Paquetá,25.0,br BRA,MF
8525,lucas paqueta,50,2024-2025,Lucas Paquetá,26.0,br BRA,"MF,FW"
8526,lucas paqueta,111,2022-2023,Lucas Paquetá,24.0,br BRA,MF
8527,lucas perez,6,2022-2023,Lucas Pérez,33.0,es ESP,FW
8528,lucas perri,38,2025-2026,Lucas Perri,28.0,Brazil,K
8529,lucas perri,111,2023-2024,Lucas Perri,26.0,Brazil,K
8530,lucas perri,111,2024-2025,Lucas Perri,26.0,br BRA,GK
8531,lucas perrin,123,2022-2023,Lucas Perrin,23.0,fr FRA,DF
8532,lucas perrin,123,2023-2024,Lucas Perrin,24.0,fr FRA,DF
8533,lucas pires,6,2023-2024,Lucas Pires,22.0,Brazil,D
8534,lucas pires,32,2025-2026,Lucas Pires,24.0,Brazil,D
8535,lucas robertone,2,2022-2023,Lucas Robertone,25.0,ar ARG,MF
8536,lucas robertone,2,2023-2024,Lucas Robertone,26.0,ar ARG,MF
8537,lucas rosa,23,2022-2023,Lucas Rosa,22.0,Brazil,D
8538,lucas rosa,23,2024-2025,Lucas Rosa,,,
8539,lucas stassin,122,2024-2025,Lucas Stassin,19.0,be BEL,FW
8540,lucas torro,17,2022-2023,Lucas Torró,28.0,es ESP,MF
8541,lucas torro,17,2023-2024,Lucas Torró,29.0,es ESP,MF
8542,lucas torro,17,2024-2025,Lucas Torró,30.0,es ESP,MF
8543,lucas torro,17,2025-2026,Lucas Torró,31.0,Spain,M
8544,lucas tousart,62,2022-2023,Lucas Tousart,25.0,fr FRA,MF
8545,lucas tousart,72,2023-2024,Lucas Tousart,26.0,fr FRA,MF
8546,lucas tousart,72,2024-2025,Lucas Tousart,27.0,fr FRA,MF
8547,lucas tousart,105,2025-2026,Lucas Tousart,28.0,France,M
8548,lucas vazquez,20,2022-2023,Lucas Vázquez,31.0,es ESP,DF
8549,lucas vazquez,20,2023-2024,Lucas Vázquez,32.0,es ESP,DF
8550,lucas vazquez,20,2024-2025,Lucas Vázquez,33.0,es ESP,DF
8551,lucas vazquez,53,2025-2026,Lucas Vázquez,34.0,Spain,D
8552,lucien agoume,24,2023-2024,Lucien Agoumé,21.0,fr FRA,MF
8553,lucien agoume,24,2024-2025,Lucien Agoumé,22.0,fr FRA,MF
8554,lucien agoume,24,2025-2026,Lucien Agoume,23.0,France,M
8555,lucien agoume,86,2022-2023,Lucien Agoume,20.0,fr FRA,MF
8556,lucien agoume,86,2023-2024,Lucien Agoumé,21.0,fr FRA,MF
8557,lucien agoume,125,2022-2023,Lucien Agoumé,20.0,fr FRA,MF
8558,luck zogbe,105,2023-2024,Luck Zogbé,18.0,ci CIV,DF
8559,luck zogbe,105,2024-2025,Luck Zogbé,19.0,ci CIV,DF
8560,luck zogbe,105,2025-2026,Luck Zogbé,20.0,Cote d'Ivoire,D
8561,ludovic ajorque,66,2022-2023,Ludovic Ajorque,28.0,fr FRA,"FW,MF"
8562,ludovic ajorque,66,2023-2024,Ludovic Ajorque,29.0,fr FRA,FW
8563,ludovic ajorque,105,2024-2025,Ludovic Ajorque,30.0,fr FRA,FW
8564,ludovic ajorque,105,2025-2026,Ludovic Ajorque,31.0,France,F
8565,ludovic ajorque,123,2022-2023,Ludovic Ajorque,28.0,fr FRA,FW
8566,ludovic blas,116,2022-2023,Ludovic Blas,24.0,fr FRA,"MF,FW"
8567,ludovic blas,121,2023-2024,Ludovic Blas,25.0,fr FRA,"MF,FW"
8568,ludovic blas,121,2024-2025,Ludovic Blas,26.0,fr FRA,"MF,FW"
8569,ludovic blas,121,2025-2026,Ludovic Blas,28.0,France,M
8570,ludovic butelle,120,2023-2024,Ludovic Butelle,40.0,France,K
8571,ludovic butelle,120,2024-2025,Ludovic Butelle,41.0,France,K
8572,ludwig augustinsson,16,2022-2023,Ludwig Augustinsson,28.0,se SWE,DF
8573,ludwig augustinsson,28,2022-2023,Ludwig Augustinsson,28.0,se SWE,DF
8574,luigi canotto,83,2023-2024,Luigi Canotto,29.0,it ITA,"FW,MF"
8575,luigi cherubini,94,2022-2023,Luigi Cherubini,18.0,it ITA,MF
8576,luigi cherubini,94,2023-2024,Luigi Cherubini,19.0,it ITA,MF
8577,luigi d'avino,91,2023-2024,Luigi D'Avino,17.0,it ITA,DF
8578,luigi sepe,88,2023-2024,Luigi Sepe,32.0,it ITA,GK
8579,luigi sepe,95,2022-2023,Luigi Sepe,31.0,it ITA,GK
8580,luis alberto,88,2022-2023,Luis Alberto,29.0,es ESP,MF
8581,luis alberto,88,2023-2024,Luis Alberto,30.0,es ESP,MF
8582,luis balbo,82,2025-2026,Luis Balbo,19.0,Venezuela,D
8583,luis diaz,40,2022-2023,Luis Díaz,25.0,co COL,FW
8584,luis diaz,40,2023-2024,Luis Díaz,26.0,co COL,FW
8585,luis diaz,40,2024-2025,Luis Díaz,27.0,co COL,"FW,MF"
8586,luis diaz,54,2025-2026,Luis Díaz,29.0,Colombia,F
8587,luis engelns,63,2025-2026,Luis Engelns,18.0,Germany,M
8588,luis guilherme,50,2024-2025,Luis Guilherme,18.0,br BRA,MF
8589,luis hasa,87,2023-2024,Luis Hasa,19.0,it ITA,MF
8590,luis hasa,89,2024-2025,Luis Hasa,20.0,it ITA,MF
8591,luis hasa,91,2024-2025,Luis Hasa,20.0,it ITA,MF
8592,luis henrique,86,2025-2026,Luis Henrique,24.0,Brazil,M
8593,luis henrique,112,2023-2024,Luis Henrique,21.0,br BRA,"FW,MF"
8594,luis henrique,112,2024-2025,Luis Henrique,22.0,br BRA,MF
8595,luis hernandez,6,2022-2023,Luis Hernández,33.0,es ESP,DF
8596,luis hernandez,6,2023-2024,Luis Hernández,34.0,es ESP,DF
8597,luis javier suarez,2,2022-2023,Luis Javier Suárez,24.0,co COL,FW
8598,luis javier suarez,2,2023-2024,Luis Javier Suárez,25.0,co COL,"FW,MF"
8599,luis javier suarez,112,2022-2023,Luis Javier Suárez,24.0,co COL,FW
8600,luis lopez,20,2022-2023,Luis López,21.0,es ESP,GK
8601,luis maximiano,2,2023-2024,Luís Maximiano,24.0,pt POR,GK
8602,luis maximiano,88,2022-2023,Luís Maximiano,23.0,pt POR,GK
8603,luis milla,10,2022-2023,Luis Milla,27.0,es ESP,MF
8604,luis milla,10,2023-2024,Luis Milla,28.0,es ESP,MF
8605,luis milla,10,2024-2025,Luis Milla,29.0,es ESP,MF
8606,luis milla,10,2025-2026,Luis Milla,31.0,Spain,M
8607,luis montiel,16,2022-2023,Luis Montiel,18.0,es ESP,MF
8608,luis muriel,76,2022-2023,Luis Muriel,31.0,co COL,"FW,MF"
8609,luis muriel,76,2023-2024,Luis Muriel,32.0,co COL,FW
8610,luis perez,23,2022-2023,Luis Pérez,27.0,es ESP,"DF,MF"
8611,luis perez,23,2024-2025,Luis Pérez,29.0,es ESP,DF
8612,luis rioja,1,2023-2024,Luis Rioja,29.0,es ESP,MF
8613,luis rioja,1,2024-2025,Luis Rioja,30.0,es ESP,"FW,MF"
8614,luis rioja,25,2024-2025,Luis Rioja,30.0,es ESP,MF
8615,luis rioja,25,2025-2026,Luis Rioja,32.0,Spain,F
8616,luis sinisterra,29,2023-2024,Luis Sinisterra,24.0,co COL,MF
8617,luis sinisterra,29,2024-2025,Luis Sinisterra,25.0,co COL,MF
8618,luis sinisterra,29,2025-2026,Luis Sinisterra,26.0,Colombia,F
8619,luis sinisterra,38,2022-2023,Luis Sinisterra,23.0,co COL,MF
8620,luis suarez,2,2022-2023,Luis Suárez,25.0,Colombia,F
8621,luis suarez,2,2023-2024,Luis Suárez,26.0,Colombia,F
8622,luis suarez,112,2022-2023,Luis Suárez,,,
8623,luis vazquez,10,2025-2026,Luis Vázquez,24.0,Argentina,F
8624,luiz felipe,18,2025-2026,Luiz Felipe,28.0,Italy,D
8625,luiz felipe,19,2022-2023,Luiz Felipe,25.0,it ITA,DF
8626,luiz felipe,19,2023-2024,Luiz Felipe,26.0,it ITA,DF
8627,luiz felipe,112,2024-2025,Luiz Felipe,27.0,it ITA,DF
8628,luiz henrique,19,2022-2023,Luiz Henrique,21.0,br BRA,MF
8629,luiz henrique,19,2023-2024,Luiz Henrique,22.0,br BRA,MF
8630,luiz junior,26,2024-2025,Luiz Júnior,24.0,Brazil,K
8631,luiz junior,26,2025-2026,Luiz Júnior,25.0,Brazil,K
8632,luiz lucio reis junior,26,2024-2025,Luiz Lúcio Reis Júnior,23.0,br BRA,GK
8633,luka duric,63,2025-2026,Luka Duric,22.0,Bosnia-Herzegovina,M
8634,luka ilic,21,2025-2026,Luka Ilic,26.0,Serbia,F
8635,luka janes,61,2023-2024,Luka Janes,19.0,de GER,MF
8636,luka janes,61,2024-2025,Luka Janes,20.0,de GER,MF
8637,luka jovic,75,2023-2024,Luka Jović,25.0,rs SRB,FW
8638,luka jovic,75,2024-2025,Luka Jović,26.0,rs SRB,FW
8639,luka jovic,82,2022-2023,Luka Jovic,24.0,rs SRB,FW
8640,luka jovic,82,2023-2024,Luka Jović,25.0,rs SRB,FW
8641,luka jovicac,75,2023-2024,Luka JovicAC,,,
8642,luka jovicac,75,2024-2025,Luka JovicAC,,,
8643,luka lochoshvili,80,2022-2023,Luka Lochoshvili,24.0,ge GEO,DF
8644,luka milivojevic,34,2022-2023,Luka Milivojevic,31.0,rs SRB,MF
8645,luka modric,20,2022-2023,Luka Modric,36.0,hr CRO,MF
8646,luka modric,20,2023-2024,Luka Modric,37.0,hr CRO,MF
8647,luka modric,20,2024-2025,Luka Modric,38.0,hr CRO,MF
8648,luka modric,75,2025-2026,Luka Modrić,40.0,Croatia,M
8649,luka romero,1,2024-2025,Luka Romero,19.0,ar ARG,"MF,FW"
8650,luka romero,2,2023-2024,Luka Romero,18.0,ar ARG,MF
8651,luka romero,75,2023-2024,Luka Romero,18.0,ar ARG,MF
8652,luka romero,88,2022-2023,Luka Romero,17.0,ar ARG,FW
8653,luka romeroac,75,2023-2024,Luka RomeroAC,,,
8654,luka sucic,22,2024-2025,Luka Sucic,21.0,hr CRO,MF
8655,luka sucic,22,2025-2026,Luka Sucic,23.0,Croatia,M
8656,luka topalovic,86,2024-2025,Luka Topalovic,18.0,si SVN,MF
8657,luka uric,63,2024-2025,Luka Đurić,21.0,rs SRB,MF
8658,luka vuskovic,60,2025-2026,Luka Vuskovic,18.0,Croatia,D
8659,lukas ambros,74,2022-2023,Lukás Ambros,18.0,cz CZE,MF
8660,lukas daschner,55,2023-2024,Lukas Daschner,24.0,de GER,"FW,MF"
8661,lukas daschner,55,2024-2025,Lukas Daschner,25.0,de GER,"FW,MF"
8662,lukas hradecky,53,2022-2023,Lukás Hrádecky,32.0,fi FIN,GK
8663,lukas hradecky,53,2023-2024,Lukás Hrádecky,33.0,fi FIN,GK
8664,lukas hradecky,53,2024-2025,Lukás Hrádecky,34.0,fi FIN,GK
8665,lukas hradecky,114,2025-2026,Lukas Hradecky,36.0,Finland,K
8666,lukas klostermann,68,2022-2023,Lukas Klostermann,26.0,de GER,DF
8667,lukas klostermann,68,2023-2024,Lukas Klostermann,27.0,de GER,DF
8668,lukas klostermann,68,2024-2025,Lukas Klostermann,28.0,de GER,DF
8669,lukas klostermann,68,2025-2026,Lukas Klostermann,29.0,Germany,D
8670,lukas kubler,59,2022-2023,Lukas Kübler,29.0,de GER,"DF,MF"
8671,lukas kubler,59,2023-2024,Lukas Kübler,30.0,de GER,DF
8672,lukas kubler,59,2024-2025,Lukas Kübler,31.0,de GER,DF
8673,lukas kubler,59,2025-2026,Lukas Kübler,33.0,Germany,D
8674,lukas nmecha,38,2025-2026,Lukas Nmecha,27.0,Germany,F
8675,lukas nmecha,74,2022-2023,Lukas Nmecha,23.0,de GER,FW
8676,lukas nmecha,74,2023-2024,Lukas Nmecha,24.0,de GER,FW
8677,lukas nmecha,74,2024-2025,Lukas Nmecha,25.0,de GER,FW
8678,lukas petersson,63,2024-2025,Lúkas Petersson,20.0,Iceland,K
8679,lukas petersson,63,2025-2026,Lúkas Petersson,21.0,Iceland,K
8680,lukas petkov,52,2022-2023,Lukas Petkov,21.0,bg BUL,"FW,MF"
8681,lukas ullrich,62,2022-2023,Lukas Ullrich,18.0,Germany,D
8682,lukas ullrich,67,2023-2024,Lukas Ullrich,19.0,de GER,DF
8683,lukas ullrich,67,2024-2025,Lukas Ullrich,20.0,de GER,DF
8684,lukas ullrich,67,2025-2026,Lukas Ullrich,21.0,Germany,D
8685,lukas ullrichborussia m.,67,2023-2024,Lukas UllrichBorussia M.,,,
8686,lukas ullrichborussia m.,67,2024-2025,Lukas UllrichBorussia M.,,,
8687,lukas vorlicky,76,2022-2023,Lukas Vorlicky,20.0,cz CZE,FW
8688,lukasz fabianski,50,2022-2023,Lukasz Fabianski,37.0,Poland,K
8689,lukasz fabianski,50,2023-2024,Lukasz Fabianski,38.0,Poland,K
8690,lukasz fabianski,50,2024-2025,Lukasz Fabianski,39.0,Poland,K
8691,lukasz fabianski,50,2025-2026,Lukasz Fabianski,40.0,Poland,K
8692,lukasz poreba,108,2022-2023,Lukasz Poreba,22.0,Poland,M
8693,lukasz skorupski,77,2022-2023,Lukasz Skorupski,31.0,Poland,K
8694,lukasz skorupski,77,2023-2024,Lukasz Skorupski,32.0,Poland,K
8695,lukasz skorupski,77,2024-2025,Lukasz Skorupski,33.0,Poland,K
8696,lukasz skorupski,77,2025-2026,Lukasz Skorupski,34.0,Poland,K
8697,luke ayling,38,2022-2023,Luke Ayling,30.0,eng ENG,DF
8698,luke berry,41,2023-2024,Luke Berry,31.0,eng ENG,MF
8699,luke chambers,40,2022-2023,Luke Chambers,18.0,eng ENG,"DF,MF"
8700,luke chambers,40,2023-2024,Luke Chambers,19.0,eng ENG,"DF,MF"
8701,luke chambers,40,2025-2026,Luke Chambers,21.0,England,D
8702,luke cundle,51,2022-2023,Luke Cundle,20.0,eng ENG,MF
8703,luke cundle,51,2024-2025,Luke Cundle,22.0,eng ENG,MF
8704,luke harris,36,2022-2023,Luke Harris,17.0,wls WAL,MF
8705,luke harris,36,2023-2024,Luke Harris,18.0,wls WAL,MF
8706,luke harris,36,2024-2025,Luke Harris,19.0,Wales,F
8707,luke harris,36,2025-2026,Luke Harris,20.0,Wales,F
8708,luke mbete,42,2024-2025,Luke Mbete,21.0,England,D
8709,luke mbete-tatu,42,2022-2023,Luke Mbete-Tatu,18.0,eng ENG,DF
8710,luke o'nien,48,2025-2026,Luke O'Nien,31.0,England,D
8711,luke plange,34,2022-2023,Luke Plange,19.0,eng ENG,FW
8712,luke plange,34,2023-2024,Luke Plange,20.0,eng ENG,FW
8713,luke plange,34,2024-2025,Luke Plange,22.0,England,F
8714,luke shaw,43,2022-2023,Luke Shaw,27.0,eng ENG,DF
8715,luke shaw,43,2023-2024,Luke Shaw,28.0,eng ENG,DF
8716,luke shaw,43,2024-2025,Luke Shaw,29.0,eng ENG,DF
8717,luke shaw,43,2025-2026,Luke Shaw,30.0,England,D
8718,luke thomas,39,2022-2023,Luke Thomas,21.0,eng ENG,DF
8719,luke thomas,39,2024-2025,Luke Thomas,23.0,eng ENG,DF
8720,luke thomas,46,2023-2024,Luke Thomas,22.0,eng ENG,"MF,DF"
8721,luke woolfenden,37,2024-2025,Luke Woolfenden,25.0,eng ENG,DF
8722,luken beitia,22,2024-2025,Luken Beitia,20.0,es ESP,DF
8723,lulo dasilva,24,2022-2023,Lulo Dasilva,19.0,es ESP,MF
8724,lulo dasilva,24,2023-2024,Lulo Dasilva,20.0,es ESP,MF
8725,lulo dasilva,24,2024-2025,Lulo Dasilva,21.0,es ESP,MF
8726,lutsharel geertruida,48,2025-2026,Lutsharel Geertruida,25.0,Netherlands,D
8727,lutsharel geertruida,68,2024-2025,Lutsharel Geertruida,24.0,nl NED,DF
8728,lyanco,47,2022-2023,Lyanco,25.0,br BRA,DF
8729,lyle foster,32,2023-2024,Lyle Foster,22.0,za RSA,"FW,MF"
8730,lyle foster,32,2025-2026,Lyle Foster,25.0,South Africa,F
8731,lyle taylor,45,2022-2023,Lyle Taylor,32.0,ms MSR,FW
8732,lys mousset,55,2022-2023,Lys Mousset,26.0,fr FRA,"FW,MF"
8733,lysandros papastylianou,84,2024-2025,Lysandros Papastylianou,18.0,cy CYP,FW
8734,m'bala nzola,82,2023-2024,M'Bala Nzola,26.0,ao ANG,FW
8735,m'bala nzola,82,2025-2026,M'Bala Nzola,28.0,Angola,F
8736,m'bala nzola,93,2025-2026,M'Bala Nzola,29.0,Angola,F
8737,m'bala nzola,97,2025-2026,M'Bala Nzola,29.0,Angola,F
8738,m'bala nzola,98,2022-2023,M'Bala Nzola,25.0,ao ANG,FW
8739,m'bala nzola,108,2024-2025,M'Bala Nzola,27.0,ao ANG,FW
8740,m'baye niang,81,2023-2024,M'Baye Niang,28.0,sn SEN,FW
8741,m'baye niang,104,2022-2023,M'Baye Niang,27.0,sn SEN,FW
8742,maarten vandevoordt,68,2024-2025,Maarten Vandevoordt,22.0,be BEL,GK
8743,maarten vandevoordt,68,2025-2026,Maarten Vandevoordt,23.0,Belgium,K
8744,maat caprini,82,2024-2025,Maat Caprini,,,
8745,maat daniel caprini,82,2023-2024,Maat Daniel Caprini,17.0,it ITA,FW
8746,maat daniel caprini,82,2024-2025,Maat Daniel Caprini,18.0,it ITA,FW
8747,mackenzie hunt,35,2023-2024,Mackenzie Hunt,21.0,ae UAE,"DF,MF"
8748,madi monamay,53,2022-2023,Madi Monamay,16.0,be BEL,DF
8749,madi monamay,53,2023-2024,Madi Monamay,17.0,Belgium,D
8750,mads andersen,41,2023-2024,Mads Andersen,,,
8751,mads bech,30,2022-2023,Mads Bech,,,
8752,mads bech srensen,30,2022-2023,Mads Bech Sørensen,23.0,dk DEN,DF
8753,mads hermansen,39,2024-2025,Mads Hermansen,24.0,dk DEN,GK
8754,mads hermansen,50,2025-2026,Mads Hermansen,25.0,Denmark,K
8755,mads juel andersen,41,2023-2024,Mads Juel Andersen,25.0,dk DEN,DF
8756,mads pedersen,52,2022-2023,Mads Pedersen,25.0,dk DEN,"DF,MF"
8757,mads pedersen,52,2023-2024,Mads Pedersen,26.0,dk DEN,"DF,MF"
8758,mads pedersen,52,2024-2025,Mads Pedersen,27.0,dk DEN,DF
8759,mads pedersen,52,2025-2026,Mads Pedersen,29.0,Denmark,D
8760,mads roerslev,30,2022-2023,Mads Roerslev,23.0,dk DEN,"MF,DF"
8761,mads roerslev,30,2023-2024,Mads Roerslev,24.0,dk DEN,"MF,DF"
8762,mads roerslev,30,2024-2025,Mads Roerslev,25.0,dk DEN,DF
8763,mads roerslev,74,2024-2025,Mads Roerslev,25.0,dk DEN,DF
8764,mads roerslev rasmussen,30,2022-2023,Mads Roerslev Rasmussen,23.0,Denmark,D
8765,mads roerslev rasmussen,30,2023-2024,Mads Roerslev Rasmussen,24.0,Denmark,D
8766,mads roerslev rasmussen,30,2024-2025,Mads Roerslev Rasmussen,25.0,Denmark,D
8767,mads roerslev rasmussen,74,2024-2025,Mads Roerslev Rasmussen,25.0,Denmark,D
8768,maduka okoye,100,2023-2024,Maduka Okoye,23.0,ng NGA,GK
8769,maduka okoye,100,2024-2025,Maduka Okoye,24.0,ng NGA,GK
8770,maduka okoye,100,2025-2026,Maduka Okoye,26.0,Nigeria,K
8771,mady camara,94,2022-2023,Mady Camara,25.0,Guinea,M
8772,maeson king,49,2024-2025,Maeson King,18.0,eng ENG,DF
8773,maghnes akliouche,114,2022-2023,Maghnes Akliouche,20.0,fr FRA,"MF,FW"
8774,maghnes akliouche,114,2023-2024,Maghnes Akliouche,21.0,fr FRA,MF
8775,maghnes akliouche,114,2024-2025,Maghnes Akliouche,22.0,fr FRA,MF
8776,maghnes akliouche,114,2025-2026,Maghnes Akliouche,23.0,France,F
8777,magnus knudsen,64,2024-2025,Magnus Knudsen,23.0,no NOR,MF
8778,magnus kofod andersen,101,2024-2025,Magnus Kofod Andersen,25.0,dk DEN,MF
8779,mahamadou diawara,107,2024-2025,Mahamadou Diawara,19.0,fr FRA,MF
8780,mahamadou diawara,111,2023-2024,Mahamadou Diawara,18.0,fr FRA,MF
8781,mahamadou diawara,111,2024-2025,Mahamadou Diawara,19.0,fr FRA,MF
8782,mahamadou nagida,121,2023-2024,Mahamadou Nagida,18.0,cm CMR,MF
8783,mahamadou nagida,121,2024-2025,Mahamadou Nagida,19.0,cm CMR,MF
8784,mahamadou nagida,121,2025-2026,Mahamadou Nagida,20.0,Cameroon,D
8785,mahamadou susoho,42,2023-2024,Mahamadou Susoho,18.0,es ESP,MF
8786,mahamadou susoho,42,2024-2025,Mahamadou Susoho,20.0,Spain,M
8787,mahamadou susoho,42,2025-2026,Mahamadou Susoho,20.0,Spain,M
8788,mahdi camara,105,2022-2023,Mahdi Camara,24.0,fr FRA,MF
8789,mahdi camara,105,2023-2024,Mahdi Camara,25.0,fr FRA,MF
8790,mahdi camara,105,2024-2025,Mahdi Camara,26.0,fr FRA,MF
8791,mahdi camara,121,2025-2026,Mahdi Camara,27.0,France,M
8792,mahmoud dahoud,31,2023-2024,Mahmoud Dahoud,27.0,de GER,MF
8793,mahmoud dahoud,56,2022-2023,Mahmoud Dahoud,26.0,de GER,MF
8794,mahmoud dahoud,58,2024-2025,Mahmoud Dahoud,28.0,de GER,MF
8795,mahmoud dahoud,58,2025-2026,Mahmoud Dahoud,30.0,Syria,M
8796,mahmoud dahoud,71,2023-2024,Mahmoud Dahoud,27.0,de GER,MF
8797,mahmut kucuksahin,52,2023-2024,Mahmut Küçüksahin,19.0,,DF
8798,mahmut kucuksahin,52,2024-2025,Mahmut Kücüksahin,20.0,Turkey,DF
8799,mahmut kucuksahin,52,2025-2026,Mahmut Kücüksahin,21.0,Turkey,M
8800,maik ukowicz,73,2024-2025,Maik Łukowicz,29.0,pl POL,FW
8801,maissa ndiaye,80,2022-2023,Maissa Ndiaye,20.0,sn SEN,DF
8802,makoto hasebe,58,2022-2023,Makoto Hasebe,38.0,jp JPN,DF
8803,makoto hasebe,58,2023-2024,Makoto Hasebe,39.0,jp JPN,"MF,DF"
8804,malachi hardy,49,2024-2025,Malachi Hardy,16.0,eng ENG,DF
8805,malang sarr,33,2023-2024,Malang Sarr,25.0,France,D
8806,malang sarr,108,2024-2025,Malang Sarr,25.0,fr FRA,DF
8807,malang sarr,108,2025-2026,Malang Sarr,27.0,France,D
8808,malang sarr,114,2022-2023,Malang Sarr,23.0,fr FRA,DF
8809,malcolm ebiowei,34,2022-2023,Malcolm Ebiowei,18.0,eng ENG,MF
8810,malcolm ebiowei,34,2023-2024,Malcolm Ebiowei,19.0,eng ENG,MF
8811,malcolm ebiowei,34,2024-2025,Malcolm Ebiowei,21.0,England,F
8812,malcolm jeng,120,2024-2025,Malcolm Jeng,19.0,se SWE,DF
8813,maldini kacurri,27,2024-2025,Maldini Kacurri,18.0,al ALB,DF
8814,malek el mala,65,2025-2026,Malek El Mala,20.0,Germany,F
8815,malick fofana,111,2023-2024,Malick Fofana,18.0,be BEL,"FW,MF"
8816,malick fofana,111,2024-2025,Malick Fofana,19.0,be BEL,"FW,MF"
8817,malick fofana,111,2025-2026,Malick Fofana,20.0,Belgium,F
8818,malick mbaye,113,2023-2024,Malick Mbaye,19.0,sn SEN,MF
8819,malick thiaw,44,2025-2026,Malick Thiaw,24.0,Germany,D
8820,malick thiaw,69,2022-2023,Malick Thiaw,20.0,de GER,DF
8821,malick thiaw,75,2022-2023,Malick Thiaw,20.0,de GER,DF
8822,malick thiaw,75,2023-2024,Malick Thiaw,21.0,de GER,DF
8823,malick thiaw,75,2024-2025,Malick Thiaw,22.0,de GER,DF
8824,malick thiawac,75,2022-2023,Malick ThiawAC,,,
8825,malick thiawac,75,2023-2024,Malick ThiawAC,,,
8826,malick thiawac,75,2024-2025,Malick ThiawAC,,,
8827,malik tillman,53,2025-2026,Malik Tillman,23.0,United States,F
8828,malo gusto,33,2023-2024,Malo Gusto,20.0,fr FRA,"DF,MF"
8829,malo gusto,33,2024-2025,Malo Gusto,21.0,fr FRA,DF
8830,malo gusto,33,2025-2026,Malo Gusto,22.0,France,D
8831,malo gusto,111,2022-2023,Malo Gusto,19.0,fr FRA,"DF,MF"
8832,malthe hjholt,93,2025-2026,Malthe Højholt,24.0,Denmark,M
8833,mama balde,105,2024-2025,Mama Baldé,29.0,Guinea-Bissau,F
8834,mama balde,105,2025-2026,Mama Baldé,30.0,Guinea-Bissau,F
8835,mama balde,111,2023-2024,Mama Baldé,28.0,Guinea-Bissau,F
8836,mama balde,111,2024-2025,Mama Baldé,,,
8837,mama balde,125,2022-2023,Mama Baldé,27.0,Guinea-Bissau,F
8838,mama samba balde,105,2024-2025,Mama Samba Baldé,28.0,gw GNB,"FW,MF"
8839,mama samba balde,111,2023-2024,Mama Samba Baldé,27.0,gw GNB,FW
8840,mama samba balde,111,2024-2025,Mama Samba Baldé,28.0,gw GNB,"FW,MF"
8841,mama samba balde,125,2022-2023,Mama Samba Baldé,26.0,gw GNB,"FW,MF"
8842,mamadou camara,108,2022-2023,Mamadou Camara,20.0,Senegal,M
8843,mamadou coulibaly,95,2023-2024,Mamadou Coulibaly,24.0,sn SEN,MF
8844,mamadou coulibaly,114,2023-2024,Mamadou Coulibaly,19.0,fr FRA,MF
8845,mamadou coulibaly,114,2024-2025,Mamadou Coulibaly,20.0,fr FRA,MF
8846,mamadou coulibaly,114,2025-2026,Mamadou Coulibaly,21.0,France,M
8847,mamadou diakhon,120,2022-2023,Mamadou Diakhon,16.0,sn SEN,FW
8848,mamadou diakhon,120,2023-2024,Mamadou Diakhon,17.0,sn SEN,FW
8849,mamadou diakhon,120,2024-2025,Mamadou Diakhon,18.0,sn SEN,"MF,FW"
8850,mamadou doucoure,67,2022-2023,Mamadou Doucouré,24.0,France,D
8851,mamadou doucoure,67,2023-2024,Mamadou Doucouré,25.0,France,D
8852,mamadou fall,26,2022-2023,Mamadou Fall,19.0,sn SEN,DF
8853,mamadou mbaye,6,2022-2023,Mamadou Mbaye,24.0,sn SEN,DF
8854,mamadou mbaye,6,2023-2024,Mamadou Mbaye,25.0,sn SEN,DF
8855,mamadou mbow,118,2025-2026,Mamadou Mbow,25.0,Senegal,D
8856,mamadou sakho,115,2022-2023,Mamadou Sakho,32.0,fr FRA,DF
8857,mamadou sakho,115,2023-2024,Mamadou Sakho,33.0,fr FRA,DF
8858,mamadou sangare,108,2025-2026,Mamadou Sangaré,23.0,Mali,M
8859,mamadou sarr,33,2025-2026,Mamadou Sarr,20.0,Senegal,D
8860,mamadou sarr,111,2022-2023,Mamadou Sarr,16.0,sn SEN,DF
8861,mamadou sarr,111,2023-2024,Mamadou Sarr,17.0,sn SEN,DF
8862,mamadou sarr,123,2024-2025,Mamadou Sarr,18.0,sn SEN,DF
8863,mamadou sylla,1,2023-2024,Mamadou Sylla,29.0,sn SEN,FW
8864,mamadou sylla,23,2024-2025,Mamadou Sylla,30.0,sn SEN,"FW,MF"
8865,mamady bangre,124,2023-2024,Mamady Bangré,22.0,bf BFA,MF
8866,mamady diarra,6,2022-2023,Mamady Diarra,22.0,ml MLI,MF
8867,mandela keita,92,2024-2025,Mandela Keita,22.0,be BEL,MF
8868,mandela keita,92,2025-2026,Mandela Keita,23.0,Belgium,M
8869,mannah chiwisa,76,2022-2023,Mannah Chiwisa,18.0,zm ZAM,MF
8870,manolis saliakas,70,2024-2025,Manolis Saliakas,27.0,gr GRE,MF
8871,manolis saliakas,70,2025-2026,Manolis Saliakas,29.0,Greece,D
8872,manolo gabbiadini,96,2022-2023,Manolo Gabbiadini,30.0,it ITA,"FW,MF"
8873,manor solomon,36,2022-2023,Manor Solomon,23.0,il ISR,MF
8874,manor solomon,49,2023-2024,Manor Solomon,24.0,il ISR,MF
8875,manor solomon,49,2024-2025,Manor Solomon,25.0,Israel,F
8876,manor solomon,82,2025-2026,Manor Solomon,26.0,Israel,F
8877,manu bueno,24,2022-2023,Manu Bueno,18.0,es ESP,MF
8878,manu bueno,24,2023-2024,Manu Bueno,19.0,es ESP,MF
8879,manu bueno,24,2024-2025,Manu Bueno,20.0,es ESP,MF
8880,manu bueno,24,2025-2026,Manu Bueno,21.0,Spain,M
8881,manu cocca,8,2022-2023,Manu Cocca,19.0,ar ARG,DF
8882,manu fernandez,7,2025-2026,Manu Fernández,24.0,Spain,D
8883,manu fuster,13,2024-2025,Manu Fuster,27.0,Spain,F
8884,manu gonzalez,19,2024-2025,Manu González,17.0,es ESP,GK
8885,manu kone,67,2022-2023,Manu Koné,21.0,fr FRA,MF
8886,manu kone,67,2023-2024,Manu Koné,22.0,fr FRA,MF
8887,manu kone,94,2024-2025,Manu Koné,23.0,fr FRA,MF
8888,manu koneborussia m.,67,2022-2023,Manu KonéBorussia M.,,,
8889,manu koneborussia m.,67,2023-2024,Manu KonéBorussia M.,,,
8890,manu morlanes,16,2022-2023,Manu Morlanes,23.0,es ESP,MF
8891,manu morlanes,16,2023-2024,Manu Morlanes,24.0,es ESP,MF
8892,manu morlanes,16,2024-2025,Manu Morlanes,25.0,es ESP,MF
8893,manu morlanes,16,2025-2026,Manu Morlanes,27.0,Spain,M
8894,manu morlanes,26,2022-2023,Manu Morlanes,23.0,es ESP,MF
8895,manu sanchez,1,2024-2025,Manu Sánchez,23.0,es ESP,DF
8896,manu sanchez,7,2023-2024,Manu Sánchez,22.0,es ESP,"DF,MF"
8897,manu sanchez,15,2025-2026,Manu Sánchez,25.0,Spain,D
8898,manu sanchez,17,2022-2023,Manu Sánchez,21.0,es ESP,DF
8899,manu trigueros,26,2022-2023,Manu Trigueros,30.0,es ESP,MF
8900,manu trigueros,26,2023-2024,Manu Trigueros,31.0,es ESP,MF
8901,manu vallejo,11,2022-2023,Manu Vallejo,25.0,es ESP,"MF,FW"
8902,manu vallejo,11,2023-2024,Manu Vallejo,26.0,es ESP,"FW,MF"
8903,manu vallejo,25,2022-2023,Manu Vallejo,25.0,es ESP,"FW,MF"
8904,manuel akanji,42,2022-2023,Manuel Akanji,27.0,ch SUI,"DF,MF"
8905,manuel akanji,42,2023-2024,Manuel Akanji,28.0,ch SUI,"DF,MF"
8906,manuel akanji,42,2024-2025,Manuel Akanji,29.0,ch SUI,"DF,MF"
8907,manuel akanji,86,2025-2026,Manuel Akanji,30.0,Switzerland,D
8908,manuel benson,32,2023-2024,Manuel Benson,,,
8909,manuel de luca,80,2025-2026,Manuel De Luca,27.0,Italy,F
8910,manuel de luca,96,2022-2023,Manuel De Luca,24.0,it ITA,FW
8911,manuel fuster,13,2024-2025,Manuel Fuster,26.0,es ESP,"MF,FW"
8912,manuel gulde,59,2022-2023,Manuel Gulde,31.0,de GER,DF
8913,manuel gulde,59,2023-2024,Manuel Gulde,32.0,de GER,DF
8914,manuel gulde,59,2024-2025,Manuel Gulde,33.0,Germany,D
8915,manuel lanzini,50,2022-2023,Manuel Lanzini,29.0,ar ARG,MF
8916,manuel lazzari,88,2022-2023,Manuel Lazzari,28.0,it ITA,DF
8917,manuel lazzari,88,2023-2024,Manuel Lazzari,29.0,it ITA,"DF,MF"
8918,manuel lazzari,88,2024-2025,Manuel Lazzari,30.0,it ITA,DF
8919,manuel lazzari,88,2025-2026,Manuel Lazzari,32.0,Italy,D
8920,manuel locatelli,87,2022-2023,Manuel Locatelli,24.0,it ITA,MF
8921,manuel locatelli,87,2023-2024,Manuel Locatelli,25.0,it ITA,MF
8922,manuel locatelli,87,2024-2025,Manuel Locatelli,26.0,it ITA,MF
8923,manuel locatelli,87,2025-2026,Manuel Locatelli,28.0,Italy,M
8924,manuel moretta,92,2024-2025,Manuel Moretta,18.0,it ITA,GK
8925,manuel neuer,54,2022-2023,Manuel Neuer,36.0,de GER,GK
8926,manuel neuer,54,2023-2024,Manuel Neuer,37.0,de GER,GK
8927,manuel neuer,54,2024-2025,Manuel Neuer,38.0,de GER,GK
8928,manuel neuer,54,2025-2026,Manuel Neuer,39.0,Germany,K
8929,manuel pozo,23,2022-2023,Manuel Pozo,20.0,es ESP,FW
8930,manuel ravasio,85,2022-2023,Manuel Ravasio,17.0,it ITA,GK
8931,manuel riemann,55,2022-2023,Manuel Riemann,33.0,de GER,GK
8932,manuel riemann,55,2023-2024,Manuel Riemann,34.0,de GER,GK
8933,manuel ugarte,43,2024-2025,Manuel Ugarte,23.0,uy URU,MF
8934,manuel ugarte,43,2025-2026,Manuel Ugarte,24.0,Uruguay,M
8935,manuel ugarte,119,2023-2024,Manuel Ugarte,22.0,uy URU,MF
8936,marash kumbulla,9,2024-2025,Marash Kumbulla,24.0,al ALB,DF
8937,marash kumbulla,16,2025-2026,Marash Kumbulla,25.0,Albania,D
8938,marash kumbulla,94,2022-2023,Marash Kumbulla,22.0,al ALB,DF
8939,marash kumbulla,97,2023-2024,Marash Kumbulla,23.0,al ALB,DF
8940,marc aguado,8,2025-2026,Marc Aguado,25.0,Spain,M
8941,marc albrighton,39,2022-2023,Marc Albrighton,32.0,eng ENG,MF
8942,marc bartra,19,2023-2024,Marc Bartra,32.0,es ESP,DF
8943,marc bartra,19,2024-2025,Marc Bartra,33.0,es ESP,DF
8944,marc bartra,19,2025-2026,Marc Bartra,35.0,Spain,D
8945,marc bernal,5,2024-2025,Marc Bernal,17.0,es ESP,MF
8946,marc bernal,5,2025-2026,Marc Bernal,18.0,Spain,M
8947,marc cardona,13,2023-2024,Marc Cardona,28.0,es ESP,FW
8948,marc cardona,13,2024-2025,Marc Cardona,29.0,es ESP,FW
8949,marc casado,5,2022-2023,Marc Casado,18.0,es ESP,MF
8950,marc casado,5,2023-2024,Marc Casadó,19.0,es ESP,MF
8951,marc casado,5,2024-2025,Marc Casadó,20.0,es ESP,MF
8952,marc casado,5,2025-2026,Marc Casadó,22.0,Spain,M
8953,marc cucurella,33,2022-2023,Marc Cucurella,24.0,es ESP,"DF,MF"
8954,marc cucurella,33,2023-2024,Marc Cucurella,25.0,es ESP,DF
8955,marc cucurella,33,2024-2025,Marc Cucurella,26.0,es ESP,DF
8956,marc cucurella,33,2025-2026,Marc Cucurella,27.0,Spain,D
8957,marc domenech,16,2024-2025,Marc Domenech,18.0,es ESP,"FW,MF"
8958,marc guehi,34,2022-2023,Marc Guéhi,22.0,eng ENG,DF
8959,marc guehi,34,2023-2024,Marc Guéhi,23.0,eng ENG,DF
8960,marc guehi,34,2024-2025,Marc Guéhi,24.0,eng ENG,DF
8961,marc guehi,42,2025-2026,Marc Guéhi,25.0,England,D
8962,marc guiu,5,2022-2023,Marc Guiu,16.0,es ESP,FW
8963,marc guiu,5,2023-2024,Marc Guiu,17.0,es ESP,FW
8964,marc guiu,33,2024-2025,Marc Guiu,18.0,es ESP,FW
8965,marc guiu,33,2025-2026,Marc Guiu,20.0,Spain,F
8966,marc jurado,43,2022-2023,Marc Jurado,18.0,es ESP,DF
8967,marc martinez,12,2023-2024,Marc Martínez,33.0,es ESP,GK
8968,marc oliver kempf,62,2022-2023,Marc Oliver Kempf,28.0,Germany,D
8969,marc oliver kempf,79,2024-2025,Marc Oliver Kempf,30.0,Germany,D
8970,marc oliver kempf,79,2025-2026,Marc Oliver Kempf,31.0,Germany,D
8971,marc pubill,2,2023-2024,Marc Pubill,20.0,es ESP,DF
8972,marc pubill,4,2025-2026,Marc Pubill,22.0,Spain,D
8973,marc roca,19,2023-2024,Marc Roca,26.0,es ESP,MF
8974,marc roca,19,2024-2025,Marc Roca,27.0,es ESP,MF
8975,marc roca,19,2025-2026,Marc Roca,29.0,Spain,M
8976,marc roca,38,2022-2023,Marc Roca,25.0,es ESP,MF
8977,marc vidal,7,2024-2025,Marc Vidal,24.0,es ESP,GK
8978,marc vidal,7,2025-2026,Marc Vidal,25.0,Spain,K
8979,marc-andre ter stegen,5,2022-2023,Marc-André ter Stegen,30.0,de GER,GK
8980,marc-andre ter stegen,5,2023-2024,Marc-André ter Stegen,31.0,de GER,GK
8981,marc-andre ter stegen,5,2024-2025,Marc-André ter Stegen,32.0,de GER,GK
8982,marc-andre ter stegen,5,2025-2026,Marc-André ter Stegen,33.0,Germany,K
8983,marc-andre ter stegen,11,2025-2026,Marc-André ter Stegen,33.0,Germany,K
8984,marc-aurele caillard,109,2024-2025,Marc-Aurèle Caillard,30.0,France,K
8985,marc-aurele caillard,109,2025-2026,Marc-Aurèle Caillard,31.0,France,K
8986,marc-aurele caillard,113,2023-2024,Marc-Aurèle Caillard,29.0,France,K
8987,marc-oliver kempf,62,2022-2023,Marc-Oliver Kempf,27.0,de GER,DF
8988,marc-oliver kempf,79,2024-2025,Marc-Oliver Kempf,29.0,de GER,DF
8989,marcao,24,2022-2023,Marcão,26.0,br BRA,DF
8990,marcao,24,2023-2024,Marcão,27.0,br BRA,DF
8991,marcao,24,2024-2025,Marcão,28.0,br BRA,DF
8992,marcao,24,2025-2026,Marcão,29.0,Brazil,D
8993,marcel engelhardt,64,2024-2025,Marcel Engelhardt,31.0,de GER,GK
8994,marcel halstenberg,68,2022-2023,Marcel Halstenberg,30.0,de GER,"DF,MF"
8995,marcel lotka,56,2022-2023,Marcel Lotka,21.0,pl POL,GK
8996,marcel lotka,56,2023-2024,Marcel Lotka,22.0,pl POL,GK
8997,marcel lotka,56,2024-2025,Marcel Lotka,23.0,pl POL,GK
8998,marcel lubik,52,2023-2024,Marcel Lubik,19.0,Poland,K
8999,marcel sabitzer,43,2022-2023,Marcel Sabitzer,28.0,at AUT,MF
9000,marcel sabitzer,54,2022-2023,Marcel Sabitzer,28.0,at AUT,MF
9001,marcel sabitzer,56,2023-2024,Marcel Sabitzer,29.0,at AUT,MF
9002,marcel sabitzer,56,2024-2025,Marcel Sabitzer,30.0,at AUT,MF
9003,marcel sabitzer,56,2025-2026,Marcel Sabitzer,31.0,Austria,M
9004,marcel schuhen,57,2023-2024,Marcel Schuhen,30.0,de GER,GK
9005,marcel ubik,52,2023-2024,Marcel Łubik,19.0,pl POL,GK
9006,marcel wenig,58,2022-2023,Marcel Wenig,18.0,de GER,MF
9007,marcelo brozovic,86,2022-2023,Marcelo Brozovic,29.0,hr CRO,MF
9008,marcelo pitaluga,40,2023-2024,Marcelo Pitaluga,20.0,br BRA,GK
9009,marciano sanca,2,2023-2024,Marciano Sanca,,,
9010,marciano tchami,2,2022-2023,Marciano Tchami,18.0,gw GNB,FW
9011,marciano tchami,2,2023-2024,Marciano Tchami,19.0,gw GNB,FW
9012,marcin buka,117,2022-2023,Marcin Bułka,22.0,pl POL,GK
9013,marcin buka,117,2023-2024,Marcin Bułka,23.0,pl POL,GK
9014,marcin buka,117,2024-2025,Marcin Bułka,24.0,pl POL,GK
9015,marcin bulka,117,2022-2023,Marcin Bulka,23.0,Poland,K
9016,marcin bulka,117,2023-2024,Marcin Bulka,24.0,Poland,K
9017,marcin bulka,117,2024-2025,Marcin Bulka,25.0,Poland,K
9018,marcin kaminski,69,2022-2023,Marcin Kaminski,30.0,pl POL,DF
9019,marcin listkowski,89,2022-2023,Marcin Listkowski,24.0,pl POL,"FW,MF"
9020,marcin listkowski,89,2023-2024,Marcin Listkowski,25.0,pl POL,"FW,MF"
9021,marco asensio,20,2022-2023,Marco Asensio,26.0,es ESP,"FW,MF"
9022,marco asensio,28,2024-2025,Marco Asensio,28.0,es ESP,MF
9023,marco asensio,119,2023-2024,Marco Asensio,27.0,es ESP,"MF,FW"
9024,marco asensio,119,2024-2025,Marco Asensio,28.0,es ESP,"FW,MF"
9025,marco benassi,80,2022-2023,Marco Benassi,27.0,it ITA,MF
9026,marco benassi,82,2022-2023,Marco Benassi,27.0,it ITA,DF
9027,marco bertini,88,2022-2023,Marco Bertini,19.0,it ITA,MF
9028,marco bizot,28,2025-2026,Marco Bizot,34.0,Netherlands,K
9029,marco bizot,105,2022-2023,Marco Bizot,31.0,nl NED,GK
9030,marco bizot,105,2023-2024,Marco Bizot,32.0,nl NED,GK
9031,marco bizot,105,2024-2025,Marco Bizot,33.0,nl NED,GK
9032,marco bleve,89,2022-2023,Marco Bleve,26.0,it ITA,GK
9033,marco brescianini,76,2024-2025,Marco Brescianini,24.0,it ITA,MF
9034,marco brescianini,76,2025-2026,Marco Brescianini,25.0,Italy,M
9035,marco brescianini,82,2025-2026,Marco Brescianini,26.0,Italy,M
9036,marco brescianini,83,2023-2024,Marco Brescianini,23.0,it ITA,MF
9037,marco camus,25,2023-2024,Marco Camús,21.0,es ESP,MF
9038,marco carnesecchi,76,2023-2024,Marco Carnesecchi,23.0,it ITA,GK
9039,marco carnesecchi,76,2024-2025,Marco Carnesecchi,24.0,it ITA,GK
9040,marco carnesecchi,76,2025-2026,Marco Carnesecchi,25.0,Italy,K
9041,marco carnesecchi,80,2022-2023,Marco Carnesecchi,22.0,it ITA,GK
9042,marco cassin,100,2024-2025,Marco Cassin,16.0,it ITA,GK
9043,marco d'alessandro,90,2022-2023,Marco D'Alessandro,31.0,it ITA,MF
9044,marco d'alessandro,90,2024-2025,Marco D'Alessandro,33.0,it ITA,"FW,MF"
9045,marco dalla vecchia,99,2024-2025,Marco Dalla Vecchia,19.0,it ITA,MF
9046,marco de las sias,18,2024-2025,Marco de las Sías,18.0,es ESP,DF
9047,marco friedl,73,2022-2023,Marco Friedl,24.0,at AUT,DF
9048,marco friedl,73,2023-2024,Marco Friedl,25.0,at AUT,DF
9049,marco friedl,73,2024-2025,Marco Friedl,26.0,at AUT,DF
9050,marco friedl,73,2025-2026,Marco Friedl,27.0,Austria,D
9051,marco grull,73,2024-2025,Marco Grüll,26.0,at AUT,"FW,MF"
9052,marco grull,73,2025-2026,Marco Grüll,27.0,Austria,F
9053,marco john,63,2023-2024,Marco John,21.0,Germany,D
9054,marco komenda,64,2024-2025,Marco Komenda,27.0,hr CRO,DF
9055,marco ladisa,101,2024-2025,Marco Ladisa,18.0,it ITA,FW
9056,marco mancosu,78,2023-2024,Marco Mancosu,34.0,it ITA,"MF,FW"
9057,marco moreno,4,2022-2023,Marco Moreno,21.0,es ESP,DF
9058,marco moreno,4,2023-2024,Marco Moreno,22.0,es ESP,DF
9059,marco palestra,76,2022-2023,Marco Palestra,17.0,it ITA,MF
9060,marco palestra,76,2023-2024,Marco Palestra,18.0,it ITA,MF
9061,marco palestra,76,2024-2025,Marco Palestra,19.0,it ITA,MF
9062,marco palestra,78,2025-2026,Marco Palestra,20.0,Italy,D
9063,marco pasalic,56,2022-2023,Marco Pasalic,21.0,hr CRO,MF
9064,marco pellegrino,75,2023-2024,Marco Pellegrino,21.0,ar ARG,DF
9065,marco pellegrino,95,2023-2024,Marco Pellegrino,21.0,ar ARG,DF
9066,marco pellegrinoac,75,2023-2024,Marco PellegrinoAC,,,
9067,marco reus,56,2022-2023,Marco Reus,33.0,de GER,MF
9068,marco reus,56,2023-2024,Marco Reus,34.0,de GER,MF
9069,marco richter,62,2022-2023,Marco Richter,24.0,de GER,"MF,FW"
9070,marco richter,66,2023-2024,Marco Richter,25.0,de GER,MF
9071,marco richter,66,2024-2025,Marco Richter,26.0,de GER,"FW,MF"
9072,marco sala,79,2024-2025,Marco Sala,25.0,it ITA,DF
9073,marco sala,89,2024-2025,Marco Sala,25.0,it ITA,"DF,MF"
9074,marco silvestri,80,2025-2026,Marco Silvestri,34.0,Italy,K
9075,marco silvestri,81,2024-2025,Marco Silvestri,33.0,it ITA,GK
9076,marco silvestri,100,2022-2023,Marco Silvestri,31.0,it ITA,GK
9077,marco silvestri,100,2023-2024,Marco Silvestri,32.0,it ITA,GK
9078,marco silvestri,100,2024-2025,Marco Silvestri,33.0,it ITA,GK
9079,marco soler,8,2022-2023,Marco Soler,22.0,es ESP,DF
9080,marco sportiello,75,2023-2024,Marco Sportiello,31.0,it ITA,GK
9081,marco sportiello,75,2024-2025,Marco Sportiello,32.0,it ITA,GK
9082,marco sportiello,76,2022-2023,Marco Sportiello,30.0,it ITA,GK
9083,marco sportiello,76,2025-2026,Marco Sportiello,33.0,Italy,K
9084,marco sportielloac,75,2023-2024,Marco SportielloAC,,,
9085,marco sportielloac,75,2024-2025,Marco SportielloAC,,,
9086,marco verratti,119,2022-2023,Marco Verratti,29.0,it ITA,MF
9087,marcos acuna,24,2022-2023,Marcos Acuña,30.0,ar ARG,DF
9088,marcos acuna,24,2023-2024,Marcos Acuña,31.0,ar ARG,"DF,MF"
9089,marcos alonso,5,2022-2023,Marcos Alonso,31.0,es ESP,DF
9090,marcos alonso,5,2023-2024,Marcos Alonso,32.0,es ESP,DF
9091,marcos alonso,7,2024-2025,Marcos Alonso,33.0,es ESP,DF
9092,marcos alonso,7,2025-2026,Marcos Alonso,35.0,Spain,D
9093,marcos andre,23,2024-2025,Marcos André,27.0,br BRA,FW
9094,marcos andre,25,2022-2023,Marcos André,25.0,br BRA,FW
9095,marcos antonio,88,2022-2023,Marcos Antônio,22.0,br BRA,MF
9096,marcos fernandez,19,2024-2025,Marcos Fernández,21.0,es ESP,FW
9097,marcos fernandez cozar,16,2022-2023,Marcos Fernández Cózar,19.0,es ESP,DF
9098,marcos fernandez cozar,16,2023-2024,Marcos Fernández Cózar,20.0,es ESP,DF
9099,marcos llorente,4,2022-2023,Marcos Llorente,27.0,es ESP,MF
9100,marcos llorente,4,2023-2024,Marcos Llorente,28.0,es ESP,"MF,DF"
9101,marcos llorente,4,2024-2025,Marcos Llorente,29.0,es ESP,"DF,MF"
9102,marcos llorente,4,2025-2026,Marcos Llorente,31.0,Spain,D
9103,marcos paulo,4,2023-2024,Marcos Paulo,23.0,Portugal,F
9104,marcos pena,2,2022-2023,Marcos Peña,17.0,es ESP,MF
9105,marcos pena,2,2023-2024,Marcos Peña,18.0,es ESP,MF
9106,marcos senesi,29,2022-2023,Marcos Senesi,25.0,ar ARG,DF
9107,marcos senesi,29,2023-2024,Marcos Senesi,26.0,ar ARG,DF
9108,marcos senesi,29,2024-2025,Marcos Senesi,27.0,ar ARG,DF
9109,marcos senesi,29,2025-2026,Marcos Senesi,28.0,Argentina,D
9110,marcus bettinelli,33,2022-2023,Marcus Bettinelli,30.0,eng ENG,GK
9111,marcus bettinelli,33,2023-2024,Marcus Bettinelli,31.0,eng ENG,GK
9112,marcus bettinelli,33,2024-2025,Marcus Bettinelli,32.0,eng ENG,GK
9113,marcus bettinelli,42,2025-2026,Marcus Bettinelli,33.0,England,K
9114,marcus coco,116,2022-2023,Marcus Coco,26.0,fr FRA,"MF,FW"
9115,marcus coco,116,2023-2024,Marcus Coco,27.0,fr FRA,"MF,DF"
9116,marcus coco,116,2024-2025,Marcus Coco,28.0,fr FRA,DF
9117,marcus edwards,32,2025-2026,Marcus Edwards,27.0,England,F
9118,marcus harness,37,2024-2025,Marcus Harness,28.0,eng ENG,"FW,MF"
9119,marcus holmgren pedersen,97,2023-2024,Marcus Holmgren Pedersen,23.0,Norway,D
9120,marcus holmgren pedersen,99,2024-2025,Marcus Holmgren Pedersen,24.0,Norway,M
9121,marcus holmgren pedersen,99,2025-2026,Marcus Holmgren Pedersen,25.0,Norway,D
9122,marcus ingvartsen,66,2022-2023,Marcus Ingvartsen,26.0,dk DEN,"MF,FW"
9123,marcus muller,66,2023-2024,Marcus Müller,20.0,de GER,FW
9124,marcus pedersen,97,2023-2024,Marcus Pedersen,23.0,no NOR,DF
9125,marcus pedersen,99,2024-2025,Marcus Pedersen,24.0,no NOR,"MF,DF"
9126,marcus rashford,5,2025-2026,Marcus Rashford,28.0,England,F
9127,marcus rashford,28,2024-2025,Marcus Rashford,26.0,eng ENG,"FW,MF"
9128,marcus rashford,43,2022-2023,Marcus Rashford,24.0,eng ENG,"FW,MF"
9129,marcus rashford,43,2023-2024,Marcus Rashford,25.0,eng ENG,"MF,FW"
9130,marcus rashford,43,2024-2025,Marcus Rashford,26.0,eng ENG,MF
9131,marcus tavernier,29,2022-2023,Marcus Tavernier,23.0,eng ENG,MF
9132,marcus tavernier,29,2023-2024,Marcus Tavernier,24.0,eng ENG,MF
9133,marcus tavernier,29,2024-2025,Marcus Tavernier,25.0,eng ENG,MF
9134,marcus tavernier,29,2025-2026,Marcus Tavernier,26.0,England,F
9135,marcus thuram,67,2022-2023,Marcus Thuram,24.0,fr FRA,FW
9136,marcus thuram,86,2023-2024,Marcus Thuram,25.0,fr FRA,FW
9137,marcus thuram,86,2024-2025,Marcus Thuram,26.0,fr FRA,FW
9138,marcus thuram,86,2025-2026,Marcus Thuram,28.0,France,F
9139,marcus thuramborussia m.,67,2022-2023,Marcus ThuramBorussia M.,,,
9140,marek rodak,36,2022-2023,Marek Rodák,25.0,sk SVK,GK
9141,marek rodak,36,2023-2024,Marek Rodák,26.0,sk SVK,GK
9142,marezi,2,2022-2023,Marezi,,,
9143,marezi,2,2023-2024,Marezi,,,
9144,mariano,20,2022-2023,Mariano,28.0,do DOM,FW
9145,mariano,24,2023-2024,Mariano,29.0,do DOM,FW
9146,mariano diaz,1,2025-2026,Mariano Díaz,32.0,Dominican Republic,F
9147,mariano diaz,20,2022-2023,Mariano Díaz,29.0,Dominican Republic,F
9148,mariano diaz,24,2023-2024,Mariano Díaz,30.0,Dominican Republic,F
9149,mariano troilo,92,2025-2026,Mariano Troilo,22.0,Argentina,D
9150,marin jakolis,103,2022-2023,Marin Jakolis,25.0,hr CRO,"FW,MF"
9151,marin ljubicic,72,2024-2025,Marin Ljubicic,22.0,hr CRO,FW
9152,marin ljubicic,72,2025-2026,Marin Ljubicic,23.0,Croatia,F
9153,marin pongracic,82,2024-2025,Marin Pongracic,26.0,hr CRO,DF
9154,marin pongracic,82,2025-2026,Marin Pongracic,28.0,Croatia,D
9155,marin pongracic,89,2022-2023,Marin Pongracic,24.0,hr CRO,DF
9156,marin pongracic,89,2023-2024,Marin Pongracic,25.0,hr CRO,DF
9157,marin sverko,101,2024-2025,Marin Sverko,26.0,hr CRO,DF
9158,mario balotelli,84,2024-2025,Mario Balotelli,33.0,it ITA,FW
9159,mario de luis,20,2022-2023,Mario de Luis,20.0,es ESP,GK
9160,mario de luis,20,2023-2024,Mario de Luis,21.0,es ESP,GK
9161,mario dominguez,25,2022-2023,Mario Dominguez,18.0,es ESP,MF
9162,mario dominguez,25,2023-2024,Mario Domínguez,19.0,es ESP,MF
9163,mario gila,88,2022-2023,Mario Gila,21.0,es ESP,DF
9164,mario gila,88,2023-2024,Mario Gila,22.0,es ESP,DF
9165,mario gila,88,2024-2025,Mario Gila,23.0,es ESP,DF
9166,mario gila,88,2025-2026,Mario Gila,25.0,Spain,D
9167,mario gonzalez,12,2023-2024,Mario González,19.0,es ESP,MF
9168,mario gotze,58,2022-2023,Mario Götze,30.0,de GER,MF
9169,mario gotze,58,2023-2024,Mario Götze,31.0,de GER,MF
9170,mario gotze,58,2024-2025,Mario Götze,32.0,de GER,MF
9171,mario gotze,58,2025-2026,Mario Götze,33.0,Germany,F
9172,mario hermoso,4,2022-2023,Mario Hermoso,27.0,es ESP,DF
9173,mario hermoso,4,2023-2024,Mario Hermoso,28.0,es ESP,DF
9174,mario hermoso,53,2024-2025,Mario Hermoso,29.0,es ESP,DF
9175,mario hermoso,94,2024-2025,Mario Hermoso,29.0,es ESP,DF
9176,mario hermoso,94,2025-2026,Mario Hermoso,30.0,Spain,D
9177,mario hernandez,18,2022-2023,Mario Hernández,23.0,es ESP,DF
9178,mario lemina,51,2022-2023,Mario Lemina,28.0,ga GAB,MF
9179,mario lemina,51,2023-2024,Mario Lemina,29.0,ga GAB,MF
9180,mario lemina,51,2024-2025,Mario Lemina,30.0,ga GAB,"MF,DF"
9181,mario lemina,117,2022-2023,Mario Lemina,28.0,ga GAB,MF
9182,mario maroto,23,2022-2023,Mario Maroto,18.0,es ESP,MF
9183,mario maroto,23,2024-2025,Mario Maroto,20.0,es ESP,MF
9184,mario martin,10,2025-2026,Mario Martín,21.0,Spain,M
9185,mario martin,20,2022-2023,Mario Martín,18.0,es ESP,MF
9186,mario martin,20,2023-2024,Mario Martín,19.0,es ESP,MF
9187,mario martin,23,2024-2025,Mario Martín,20.0,es ESP,MF
9188,mario pasalic,76,2022-2023,Mario Pasalic,27.0,hr CRO,MF
9189,mario pasalic,76,2023-2024,Mario Pasalic,28.0,hr CRO,MF
9190,mario pasalic,76,2024-2025,Mario Pasalic,29.0,hr CRO,MF
9191,mario pasalic,76,2025-2026,Mario Pašalić,30.0,Croatia,M
9192,mario rivas,20,2024-2025,Mario Rivas,17.0,es ESP,DF
9193,mario rui,91,2022-2023,Mário Rui,31.0,pt POR,DF
9194,mario rui,91,2023-2024,Mário Rui,32.0,pt POR,DF
9195,mario sauer,124,2025-2026,Mario Sauer,21.0,Slovakia,M
9196,mario suarez,18,2022-2023,Mario Suárez,35.0,es ESP,MF
9197,marios oikonomou,96,2022-2023,Marios Oikonomou,29.0,gr GRE,DF
9198,marius adamonis,88,2022-2023,Marius Adamonis,25.0,lt LTU,GK
9199,marius adamonis,88,2023-2024,Marius Adamonis,26.0,lt LTU,GK
9200,marius broholm,109,2025-2026,Marius Broholm,21.0,Norway,F
9201,marius bulter,63,2023-2024,Marius Bülter,30.0,de GER,MF
9202,marius bulter,63,2024-2025,Marius Bülter,31.0,de GER,"MF,FW"
9203,marius bulter,65,2025-2026,Marius Bülter,32.0,Germany,F
9204,marius bulter,69,2022-2023,Marius Bülter,29.0,de GER,"MF,FW"
9205,marius courcoul,103,2024-2025,Marius Courcoul,17.0,fr FRA,MF
9206,marius courcoul,103,2025-2026,Marius Courcoul,19.0,France,M
9207,marius herzig,24,2022-2023,Marius Herzig,22.0,de GER,GK
9208,marius louer,103,2025-2026,Marius Louër,18.0,France,D
9209,marius marin,93,2025-2026,Marius Marin,27.0,Romania,M
9210,marius muller,74,2024-2025,Marius Müller,31.0,de GER,GK
9211,marius muller,74,2025-2026,Marius Müller,32.0,Germany,K
9212,marius wolf,52,2024-2025,Marius Wolf,29.0,de GER,MF
9213,marius wolf,52,2025-2026,Marius Wolf,30.0,Germany,D
9214,marius wolf,56,2022-2023,Marius Wolf,27.0,de GER,DF
9215,marius wolf,56,2023-2024,Marius Wolf,28.0,de GER,DF
9216,mark flekken,30,2023-2024,Mark Flekken,30.0,nl NED,GK
9217,mark flekken,30,2024-2025,Mark Flekken,31.0,nl NED,GK
9218,mark flekken,53,2025-2026,Mark Flekken,32.0,Netherlands,K
9219,mark flekken,59,2022-2023,Mark Flekken,29.0,nl NED,GK
9220,mark gillespie,44,2022-2023,Mark Gillespie,30.0,eng ENG,GK
9221,mark gillespie,44,2023-2024,Mark Gillespie,31.0,eng ENG,GK
9222,mark gillespie,44,2024-2025,Mark Gillespie,32.0,England,K
9223,mark gillespie,44,2025-2026,Mark Gillespie,33.0,England,K
9224,mark mckenzie,124,2024-2025,Mark McKenzie,25.0,us USA,DF
9225,mark mckenzie,124,2025-2026,Mark McKenzie,26.0,United States,D
9226,mark o'mahony,31,2023-2024,Mark O'Mahony,18.0,ie IRL,FW
9227,mark o'mahony,31,2024-2025,Mark O'Mahony,19.0,ie IRL,FW
9228,mark o'mahony,31,2025-2026,Mark O'Mahony,20.0,Ireland,F
9229,mark travers,29,2022-2023,Mark Travers,23.0,ie IRL,GK
9230,mark travers,29,2023-2024,Mark Travers,24.0,ie IRL,GK
9231,mark travers,29,2024-2025,Mark Travers,25.0,ie IRL,GK
9232,mark travers,35,2025-2026,Mark Travers,26.0,Ireland,K
9233,mark uth,65,2022-2023,Mark Uth,30.0,de GER,"FW,MF"
9234,mark uth,65,2023-2024,Mark Uth,31.0,de GER,"MF,FW"
9235,mark uthfc,65,2022-2023,Mark UthFC,,,
9236,mark uthfc,65,2023-2024,Mark UthFC,,,
9237,marko arnautovic,77,2022-2023,Marko Arnautovic,33.0,at AUT,FW
9238,marko arnautovic,86,2023-2024,Marko Arnautovic,34.0,at AUT,FW
9239,marko arnautovic,86,2024-2025,Marko Arnautovic,35.0,at AUT,FW
9240,marko dmitrovic,9,2025-2026,Marko Dmitrovic,34.0,Serbia,K
9241,marko dmitrovic,14,2024-2025,Marko Dmitrovic,32.0,rs SRB,GK
9242,marko dmitrovic,24,2022-2023,Marko Dmitrovic,30.0,rs SRB,GK
9243,marko dmitrovic,24,2023-2024,Marko Dmitrovic,31.0,rs SRB,GK
9244,marko ivezic,64,2024-2025,Marko Ivezic,22.0,rs SRB,DF
9245,marko johansson,55,2022-2023,Marko Johansson,23.0,se SWE,GK
9246,marko lazetic,75,2022-2023,Marko Lazetić,18.0,rs SRB,FW
9247,marko lazeticac,75,2022-2023,Marko LazeticAC,,,
9248,marko milovanovic,2,2022-2023,Marko Milovanović,18.0,rs SRB,FW
9249,marko milovanovic,2,2023-2024,Marko Milovanović,19.0,rs SRB,FW
9250,marko mladenovic,58,2023-2024,Marko Mladenovic,18.0,rs SRB,MF
9251,marko pjaca,81,2022-2023,Marko Pjaca,27.0,hr CRO,"MF,FW"
9252,marko rog,78,2023-2024,Marko Rog,28.0,Croatia,M
9253,markus kolke,73,2024-2025,Markus Kolke,33.0,de GER,GK
9254,markus kolke,73,2025-2026,Markus Kolke,35.0,Germany,K
9255,marley ake,100,2023-2024,Marley Aké,22.0,fr FRA,"FW,MF"
9256,marlon,90,2022-2023,Marlon,26.0,br BRA,DF
9257,marlon mustapha,66,2022-2023,Marlon Mustapha,21.0,at AUT,FW
9258,marlos moreno,125,2022-2023,Marlos Moreno,25.0,co COL,"FW,MF"
9259,marnon busch,61,2023-2024,Marnon Busch,28.0,de GER,DF
9260,marnon busch,61,2024-2025,Marnon Busch,29.0,de GER,"DF,MF"
9261,marnon busch,61,2025-2026,Marnon Busch,31.0,Germany,D
9262,marnon buschfc,61,2023-2024,Marnon BuschFC,,,
9263,marnon buschfc,61,2024-2025,Marnon BuschFC,,,
9264,maroan sannadi,3,2024-2025,Maroan Sannadi,23.0,ma MAR,FW
9265,maroan sannadi,3,2025-2026,Maroan Sannadi,25.0,Morocco,F
9266,marquinhos,27,2022-2023,Marquinhos,19.0,br BRA,MF
9267,marquinhos,27,2023-2024,Marquinhos,20.0,Brazil,F
9268,marquinhos,116,2023-2024,Marquinhos,20.0,br BRA,MF
9269,marquinhos,119,2022-2023,Marquinhos,28.0,br BRA,DF
9270,marquinhos,119,2023-2024,Marquinhos,29.0,br BRA,DF
9271,marquinhos,119,2024-2025,Marquinhos,30.0,br BRA,DF
9272,marquinhos,119,2025-2026,Marquinhos,31.0,Brazil,D
9273,marshall munetsi,51,2024-2025,Marshall Munetsi,28.0,zw ZIM,"MF,FW"
9274,marshall munetsi,51,2025-2026,Marshall Munetsi,29.0,Zimbabwe,M
9275,marshall munetsi,118,2025-2026,Marshall Munetsi,29.0,Zimbabwe,M
9276,marshall munetsi,120,2022-2023,Marshall Munetsi,26.0,zw ZIM,MF
9277,marshall munetsi,120,2023-2024,Marshall Munetsi,27.0,zw ZIM,MF
9278,marshall munetsi,120,2024-2025,Marshall Munetsi,28.0,zw ZIM,MF
9279,marten de roon,76,2022-2023,Marten de Roon,31.0,nl NED,MF
9280,marten de roon,76,2023-2024,Marten de Roon,32.0,nl NED,"MF,DF"
9281,marten de roon,76,2024-2025,Marten de Roon,33.0,nl NED,"MF,DF"
9282,marten de roon,76,2025-2026,Marten de Roon,34.0,Netherlands,M
9283,martial godo,36,2022-2023,Martial Godo,19.0,ci CIV,"FW,MF"
9284,martial godo,36,2024-2025,Martial Godo,21.0,ci CIV,"FW,MF"
9285,martial godo,123,2025-2026,Martial Godo,22.0,Cote d'Ivoire,F
9286,martijn kaars,70,2025-2026,Martijn Kaars,26.0,Netherlands,F
9287,martim neto,8,2025-2026,Martim Neto,23.0,Portugal,M
9288,martin adeline,120,2022-2023,Martin Adeline,18.0,fr FRA,MF
9289,martin adeline,120,2024-2025,Martin Adeline,20.0,fr FRA,MF
9290,martin baturina,79,2025-2026,Martin Baturina,22.0,Croatia,F
9291,martin braithwaite,5,2022-2023,Martin Braithwaite,31.0,Denmark,F
9292,martin braithwaite,9,2022-2023,Martin Braithwaite,31.0,dk DEN,"FW,MF"
9293,martin conde,7,2022-2023,Martín Conde,19.0,es ESP,DF
9294,martin conde,7,2024-2025,Martín Conde,21.0,es ESP,DF
9295,martin cuellar,10,2024-2025,Martin Cuellar,17.0,es ESP,
9296,martin degaard,27,2022-2023,Martin Ødegaard,23.0,no NOR,MF
9297,martin degaard,27,2023-2024,Martin Ødegaard,24.0,no NOR,MF
9298,martin degaard,27,2024-2025,Martin Ødegaard,25.0,no NOR,MF
9299,martin degaard,27,2025-2026,Martin Ødegaard,27.0,Norway,F
9300,martin dubravka,32,2025-2026,Martin Dubravka,37.0,Slovakia,K
9301,martin dubravka,43,2022-2023,Martin Dúbravka,33.0,sk SVK,GK
9302,martin dubravka,44,2022-2023,Martin Dúbravka,33.0,sk SVK,GK
9303,martin dubravka,44,2023-2024,Martin Dúbravka,34.0,sk SVK,GK
9304,martin dubravka,44,2024-2025,Martin Dúbravka,35.0,sk SVK,GK
9305,martin erlic,77,2024-2025,Martin Erlic,26.0,hr CRO,DF
9306,martin erlic,97,2022-2023,Martin Erlic,24.0,hr CRO,DF
9307,martin erlic,97,2023-2024,Martin Erlic,25.0,hr CRO,DF
9308,martin frese,85,2024-2025,Martin Frese,26.0,dk DEN,"DF,MF"
9309,martin frese,85,2025-2026,Martin Frese,28.0,Denmark,D
9310,martin hongla,12,2023-2024,Martin Hongla,25.0,cm CMR,"MF,DF"
9311,martin hongla,23,2022-2023,Martin Hongla,24.0,cm CMR,"DF,MF"
9312,martin hongla,85,2022-2023,Martin Hongla,24.0,cm CMR,MF
9313,martin hongla,85,2023-2024,Martin Hongla,25.0,cm CMR,MF
9314,martin merquelanz,22,2022-2023,Martín Merquelanz,27.0,Spain,F
9315,martin merquelanz,22,2023-2024,Martín Merquelanz,28.0,Spain,F
9316,martin montoya,19,2022-2023,Martín Montoya,31.0,es ESP,DF
9317,martin palumbo,100,2022-2023,Martin Palumbo,20.0,no NOR,MF
9318,martin pascual,18,2023-2024,Martín Pascual,23.0,es ESP,DF
9319,martin payero,80,2025-2026,Martín Payero,27.0,Argentina,M
9320,martin payero,100,2023-2024,Martín Payero,24.0,ar ARG,MF
9321,martin payero,100,2024-2025,Martín Payero,25.0,ar ARG,MF
9322,martin satriano,10,2025-2026,Martín Satriano,24.0,Uruguay,F
9323,martin satriano,81,2022-2023,Martín Satriano,21.0,uy URU,FW
9324,martin satriano,105,2023-2024,Martín Satriano,22.0,uy URU,"FW,MF"
9325,martin satriano,108,2024-2025,Martín Satriano,23.0,uy URU,FW
9326,martin satriano,111,2025-2026,Martín Satriano,24.0,Uruguay,F
9327,martin sherif,35,2024-2025,Martin Sherif,18.0,nl NED,FW
9328,martin sherif,35,2025-2026,Martin Sherif,19.0,Netherlands,F
9329,martin svidersky,2,2022-2023,Martin Šviderský,19.0,sk SVK,MF
9330,martin svidersky,2,2023-2024,Martin Šviderský,20.0,sk SVK,MF
9331,martin tejon,25,2023-2024,Martín Tejón,19.0,es ESP,MF
9332,martin tejon,25,2024-2025,Martín Tejón,20.0,es ESP,MF
9333,martin terrier,53,2024-2025,Martin Terrier,27.0,fr FRA,"MF,FW"
9334,martin terrier,53,2025-2026,Martin Terrier,28.0,France,F
9335,martin terrier,121,2022-2023,Martin Terrier,25.0,fr FRA,"MF,FW"
9336,martin terrier,121,2023-2024,Martin Terrier,26.0,fr FRA,"FW,MF"
9337,martin turk,96,2022-2023,Martin Turk,18.0,si SVN,GK
9338,martin valjent,16,2022-2023,Martin Valjent,26.0,sk SVK,DF
9339,martin valjent,16,2023-2024,Martin Valjent,27.0,sk SVK,DF
9340,martin valjent,16,2024-2025,Martin Valjent,28.0,sk SVK,DF
9341,martin valjent,16,2025-2026,Martin Valjent,30.0,Slovakia,D
9342,martin vitik,77,2025-2026,Martin Vitík,23.0,Czech Republic,D
9343,martin zubimendi,22,2022-2023,Martín Zubimendi,23.0,es ESP,MF
9344,martin zubimendi,22,2023-2024,Martín Zubimendi,24.0,es ESP,MF
9345,martin zubimendi,22,2024-2025,Martín Zubimendi,25.0,es ESP,MF
9346,martin zubimendi,27,2025-2026,Martín Zubimendi,27.0,Spain,M
9347,marton dardai,62,2022-2023,Márton Dárdai,20.0,hu HUN,"DF,MF"
9348,marvelous nakamba,28,2022-2023,Marvelous Nakamba,28.0,zw ZIM,MF
9349,marvelous nakamba,41,2023-2024,Marvelous Nakamba,29.0,zw ZIM,MF
9350,marvin,13,2023-2024,Marvin,23.0,es ESP,"MF,DF"
9351,marvin,13,2024-2025,Marvin,24.0,es ESP,"DF,MF"
9352,marvin cuni,83,2023-2024,Marvin Çuni,22.0,al ALB,FW
9353,marvin ducksch,73,2022-2023,Marvin Ducksch,28.0,de GER,FW
9354,marvin ducksch,73,2023-2024,Marvin Ducksch,29.0,de GER,FW
9355,marvin ducksch,73,2024-2025,Marvin Ducksch,30.0,de GER,FW
9356,marvin friedrich,67,2022-2023,Marvin Friedrich,26.0,de GER,DF
9357,marvin friedrich,67,2023-2024,Marvin Friedrich,27.0,de GER,DF
9358,marvin friedrich,67,2024-2025,Marvin Friedrich,28.0,de GER,DF
9359,marvin friedrich,67,2025-2026,Marvin Friedrich,30.0,Germany,D
9360,marvin friedrichborussia m.,67,2022-2023,Marvin FriedrichBorussia M.,,,
9361,marvin friedrichborussia m.,67,2023-2024,Marvin FriedrichBorussia M.,,,
9362,marvin friedrichborussia m.,67,2024-2025,Marvin FriedrichBorussia M.,,,
9363,marvin marcel schulz,64,2024-2025,Marvin Marcel Schulz,,,
9364,marvin mehlem,57,2023-2024,Marvin Mehlem,25.0,de GER,MF
9365,marvin park,13,2023-2024,Marvin Park,23.0,Spain,F
9366,marvin park,13,2024-2025,Marvin Park,24.0,Spain,D
9367,marvin pieringer,61,2023-2024,Marvin Pieringer,23.0,de GER,"FW,MF"
9368,marvin pieringer,61,2024-2025,Marvin Pieringer,24.0,de GER,FW
9369,marvin pieringer,61,2025-2026,Marvin Pieringer,26.0,Germany,F
9370,marvin pieringerfc,61,2023-2024,Marvin PieringerFC,,,
9371,marvin pieringerfc,61,2024-2025,Marvin PieringerFC,,,
9372,marvin plattenhardt,62,2022-2023,Marvin Plattenhardt,30.0,de GER,"DF,MF"
9373,marvin schmitz,70,2024-2025,Marvin Schmitz,17.0,de GER,MF
9374,marvin schulz,64,2024-2025,Marvin Schulz,29.0,de GER,"DF,MF"
9375,marvin schwabe,65,2022-2023,Marvin Schwäbe,27.0,de GER,GK
9376,marvin schwabe,65,2023-2024,Marvin Schwäbe,28.0,de GER,GK
9377,marvin schwabe,65,2025-2026,Marvin Schwäbe,30.0,Germany,K
9378,marvin schwabefc,65,2022-2023,Marvin SchwäbeFC,,,
9379,marvin schwabefc,65,2023-2024,Marvin SchwäbeFC,,,
9380,marvin senaya,104,2025-2026,Marvin Senaya,25.0,France,D
9381,marvin senaya,123,2022-2023,Marvin Senaya,21.0,gh GHA,"DF,MF"
9382,marvin senaya,123,2023-2024,Marvin Senaya,22.0,gh GHA,"DF,MF"
9383,marvin senaya,123,2024-2025,Marvin Senaya,23.0,gh GHA,DF
9384,marvin zeegelaar,100,2022-2023,Marvin Zeegelaar,31.0,nl NED,"MF,DF"
9385,marwann n'zuzi,122,2024-2025,Marwann N'Zuzi,,,
9386,marwann nzuzi,122,2024-2025,Marwann Nzuzi,20.0,fr FRA,DF
9387,marwin schmitz,70,2024-2025,Marwin Schmitz,18.0,Germany,M
9388,marwin schmitz,70,2025-2026,Marwin Schmitz,19.0,Germany,M
9389,masaya okugawa,52,2023-2024,Masaya Okugawa,27.0,jp JPN,"FW,MF"
9390,mason burstow,33,2023-2024,Mason Burstow,19.0,eng ENG,FW
9391,mason greenwood,10,2023-2024,Mason Greenwood,21.0,eng ENG,"MF,FW"
9392,mason greenwood,43,2022-2023,Mason Greenwood,21.0,England,F
9393,mason greenwood,43,2023-2024,Mason Greenwood,21.0,England,F
9394,mason greenwood,112,2024-2025,Mason Greenwood,22.0,eng ENG,"MF,FW"
9395,mason greenwood,112,2025-2026,Mason Greenwood,24.0,England,F
9396,mason holgate,35,2022-2023,Mason Holgate,25.0,jm JAM,DF
9397,mason holgate,35,2024-2025,Mason Holgate,27.0,jm JAM,DF
9398,mason holgate,46,2023-2024,Mason Holgate,26.0,jm JAM,DF
9399,mason mount,33,2022-2023,Mason Mount,23.0,eng ENG,MF
9400,mason mount,43,2023-2024,Mason Mount,24.0,eng ENG,MF
9401,mason mount,43,2024-2025,Mason Mount,25.0,eng ENG,"MF,FW"
9402,mason mount,43,2025-2026,Mason Mount,27.0,England,F
9403,massadio haidara,105,2024-2025,Massadio Haïdara,31.0,ml MLI,DF
9404,massadio haidara,108,2022-2023,Massadio Haïdara,29.0,ml MLI,"DF,MF"
9405,massadio haidara,108,2023-2024,Massadio Haïdara,30.0,ml MLI,"DF,MF"
9406,massamba n'diaye,106,2023-2024,Massamba N'Diaye,22.0,Senegal,K
9407,massamba ndiaye,106,2023-2024,Massamba Ndiaye,21.0,sn SEN,GK
9408,massimo coda,84,2023-2024,Massimo Coda,34.0,it ITA,FW
9409,massimo luongo,37,2024-2025,Massimo Luongo,31.0,au AUS,MF
9410,massimo pessina,77,2024-2025,Massimo Pessina,16.0,it ITA,GK
9411,massimo pessina,77,2025-2026,Massimo Pessina,18.0,Italy,K
9412,matai akinmboni,29,2024-2025,Matai Akinmboni,17.0,us USA,DF
9413,matai akinmboni,29,2025-2026,Matai Akinmboni,19.0,United States,D
9414,matas,11,2022-2023,Matas,20.0,es ESP,GK
9415,matej kovar,43,2022-2023,Matej Kovar,22.0,cz CZE,GK
9416,matej kovar,53,2023-2024,Matej Kovár,23.0,cz CZE,GK
9417,matej kovar,53,2024-2025,Matej Kovár,24.0,cz CZE,GK
9418,matej maglica,57,2023-2024,Matej Maglica,24.0,hr CRO,DF
9419,mateo flores,19,2024-2025,Mateo Flores,20.0,es ESP,MF
9420,mateo joseph,16,2025-2026,Mateo Joseph,22.0,Spain,F
9421,mateo joseph,38,2022-2023,Mateo Joseph,18.0,es ESP,FW
9422,mateo klimowicz,71,2022-2023,Mateo Klimowicz,22.0,de GER,"FW,MF"
9423,mateo kovacic,33,2022-2023,Mateo Kovacic,28.0,hr CRO,MF
9424,mateo kovacic,42,2023-2024,Mateo Kovacic,29.0,hr CRO,MF
9425,mateo kovacic,42,2024-2025,Mateo Kovacic,30.0,hr CRO,"MF,DF"
9426,mateo kovacic,42,2025-2026,Mateo Kovacic,31.0,Croatia,M
9427,mateo mejia,24,2024-2025,Mateo Mejía,21.0,es ESP,FW
9428,mateo pellegrino,92,2024-2025,Mateo Pellegrino,23.0,ar ARG,FW
9429,mateo pellegrino,92,2025-2026,Mateo Pellegrino,24.0,Argentina,F
9430,mateo retegui,76,2024-2025,Mateo Retegui,25.0,it ITA,FW
9431,mateo retegui,84,2023-2024,Mateo Retegui,24.0,it ITA,FW
9432,mateu morey,16,2024-2025,Mateu Morey,24.0,es ESP,DF
9433,mateu morey,56,2023-2024,Mateu Morey,23.0,es ESP,DF
9434,mateu morey bauza,16,2024-2025,Mateu Morey Bauzà,24.0,Spain,D
9435,mateu morey bauza,16,2025-2026,Mateu Morey Bauzà,25.0,Spain,D
9436,mateu morey bauza,56,2022-2023,Mateu Morey Bauzà,22.0,Spain,D
9437,mateu morey bauza,56,2023-2024,Mateu Morey Bauzà,23.0,Spain,D
9438,mateus fernandes,47,2024-2025,Mateus Fernandes,20.0,pt POR,MF
9439,mateus fernandes,50,2025-2026,Mateus Fernandes,21.0,Portugal,M
9440,mateus lusuardi,83,2023-2024,Mateus Lusuardi,19.0,br BRA,DF
9441,mateus mane,51,2024-2025,Mateus Mané,16.0,pt POR,FW
9442,mateus mane,51,2025-2026,Mateus Mané,18.0,England,F
9443,mateusz egowski,95,2023-2024,Mateusz Łęgowski,20.0,pl POL,MF
9444,mateusz klich,38,2022-2023,Mateusz Klich,32.0,pl POL,MF
9445,mateusz kowalski,92,2024-2025,Mateusz Kowalski,19.0,pl POL,MF
9446,mateusz legowski,95,2023-2024,Mateusz Legowski,21.0,Poland,M
9447,mateusz lis,125,2022-2023,Mateusz Lis,25.0,pl POL,GK
9448,mateusz praszelik,85,2022-2023,Mateusz Praszelik,21.0,pl POL,MF
9449,mateusz wieteska,78,2023-2024,Mateusz Wieteska,26.0,pl POL,DF
9450,mateusz wieteska,78,2024-2025,Mateusz Wieteska,27.0,pl POL,DF
9451,mateusz wieteska,106,2022-2023,Mateusz Wieteska,25.0,pl POL,DF
9452,mateusz wieteska,106,2023-2024,Mateusz Wieteska,26.0,pl POL,DF
9453,matheo bodmer,107,2024-2025,Mathéo Bodmer,20.0,fr FRA,DF
9454,matheo raab,72,2025-2026,Matheo Raab,27.0,Germany,K
9455,matheus cunha,4,2022-2023,Matheus Cunha,23.0,br BRA,"MF,FW"
9456,matheus cunha,43,2025-2026,Matheus Cunha,26.0,Brazil,F
9457,matheus cunha,51,2022-2023,Matheus Cunha,23.0,br BRA,FW
9458,matheus cunha,51,2023-2024,Matheus Cunha,24.0,br BRA,"FW,MF"
9459,matheus cunha,51,2024-2025,Matheus Cunha,25.0,br BRA,MF
9460,matheus franca,34,2023-2024,Matheus França,19.0,br BRA,MF
9461,matheus franca,34,2024-2025,Matheus França,20.0,br BRA,FW
9462,matheus franca,34,2025-2026,Matheus França,21.0,Brazil,F
9463,matheus henrique,97,2022-2023,Matheus Henrique,24.0,br BRA,MF
9464,matheus henrique,97,2023-2024,Matheus Henrique,25.0,br BRA,MF
9465,matheus nunes,42,2023-2024,Matheus Nunes,24.0,pt POR,"MF,FW"
9466,matheus nunes,42,2024-2025,Matheus Nunes,25.0,pt POR,"DF,MF"
9467,matheus nunes,42,2025-2026,Matheus Nunes,27.0,Portugal,D
9468,matheus nunes,51,2022-2023,Matheus Nunes,23.0,pt POR,MF
9469,matheus nunes,51,2023-2024,Matheus Nunes,24.0,pt POR,MF
9470,mathew ryan,15,2025-2026,Mathew Ryan,33.0,Australia,K
9471,mathew ryan,94,2024-2025,Mathew Ryan,32.0,au AUS,GK
9472,mathew ryan,108,2024-2025,Mathew Ryan,32.0,au AUS,GK
9473,mathias autret,104,2022-2023,Mathias Autret,31.0,fr FRA,MF
9474,mathias ferrante,91,2025-2026,Mathias Ferrante,19.0,Italy,K
9475,mathias fjrtoft lvik,92,2024-2025,Mathias Fjørtoft Løvik,21.0,Norway,D
9476,mathias honsak,57,2023-2024,Mathias Honsak,26.0,at AUT,"MF,FW"
9477,mathias honsak,61,2024-2025,Mathias Honsak,27.0,at AUT,"MF,FW"
9478,mathias honsak,61,2025-2026,Mathias Honsak,29.0,Austria,F
9479,mathias honsakfc,61,2024-2025,Mathias HonsakFC,,,
9480,mathias jensen,30,2022-2023,Mathias Jensen,26.0,dk DEN,MF
9481,mathias jensen,30,2023-2024,Mathias Jensen,27.0,dk DEN,MF
9482,mathias jensen,30,2024-2025,Mathias Jensen,28.0,dk DEN,MF
9483,mathias jensen,30,2025-2026,Mathias Jensen,30.0,Denmark,M
9484,mathias jrgensen,30,2022-2023,Mathias Jørgensen,32.0,dk DEN,DF
9485,mathias jrgensen,30,2023-2024,Mathias Jørgensen,33.0,dk DEN,DF
9486,mathias lvik,92,2024-2025,Mathias Løvik,20.0,no NOR,"DF,MF"
9487,mathias olesen,65,2022-2023,Mathias Olesen,21.0,lu LUX,"MF,FW"
9488,mathias olesen,65,2023-2024,Mathias Olesen,22.0,lu LUX,MF
9489,mathias olesenfc,65,2022-2023,Mathias OlesenFC,,,
9490,mathias olesenfc,65,2023-2024,Mathias OlesenFC,,,
9491,mathias olivera,91,2022-2023,Mathías Olivera,24.0,uy URU,DF
9492,mathias olivera,91,2023-2024,Mathías Olivera,25.0,uy URU,DF
9493,mathias olivera,91,2024-2025,Mathías Olivera,26.0,uy URU,DF
9494,mathias olivera,91,2025-2026,Mathías Olivera,28.0,Uruguay,D
9495,mathias pereira lage,70,2025-2026,Mathias Pereira Lage,29.0,Portugal,F
9496,mathias pereira lage,105,2022-2023,Mathias Pereira Lage,25.0,pt POR,"MF,FW"
9497,mathias pereira lage,105,2023-2024,Mathias Pereira Lage,26.0,pt POR,"MF,FW"
9498,mathias pereira lage,105,2024-2025,Mathias Pereira Lage,27.0,pt POR,"MF,FW"
9499,mathias rasmussen,70,2025-2026,Mathias Rasmussen,28.0,Norway,M
9500,mathias suarez,115,2022-2023,Mathías Suárez,26.0,Uruguay,D
9501,mathieu cafaro,118,2025-2026,Mathieu Cafaro,28.0,France,F
9502,mathieu cafaro,122,2024-2025,Mathieu Cafaro,27.0,fr FRA,"MF,FW"
9503,mathieu coutadeur,102,2022-2023,Mathieu Coutadeur,36.0,fr FRA,MF
9504,mathieu coutadeurac,102,2022-2023,Mathieu CoutadeurAC,,,
9505,mathieu gorgelin,107,2023-2024,Mathieu Gorgelin,32.0,fr FRA,GK
9506,mathieu gorgelin,107,2024-2025,Mathieu Gorgelin,33.0,fr FRA,GK
9507,mathieu gorgelin,108,2025-2026,Mathieu Gorgelin,35.0,France,K
9508,mathis amougou,33,2024-2025,Mathis Amougou,18.0,fr FRA,MF
9509,mathis amougou,122,2024-2025,Mathis Amougou,18.0,fr FRA,MF
9510,mathis amougou,123,2025-2026,Mathis Amougou,20.0,France,M
9511,mathis hamdi,125,2022-2023,Mathis Hamdi,18.0,fr FRA,DF
9512,mathis lambourde,85,2024-2025,Mathis Lambourde,18.0,fr FRA,FW
9513,mathis lambourde,121,2023-2024,Mathis Lambourde,17.0,fr FRA,FW
9514,mathys angely,74,2024-2025,Mathys Angély,17.0,fr FRA,DF
9515,mathys de carvalho,111,2025-2026,Mathys De Carvalho,20.0,Portugal,M
9516,mathys silistrie,121,2025-2026,Mathys Silistrie,20.0,France,K
9517,mathys tel,49,2024-2025,Mathys Tel,19.0,fr FRA,FW
9518,mathys tel,49,2025-2026,Mathys Tel,20.0,France,F
9519,mathys tel,54,2022-2023,Mathys Tel,17.0,fr FRA,MF
9520,mathys tel,54,2023-2024,Mathys Tel,18.0,fr FRA,"MF,FW"
9521,mathys tel,54,2024-2025,Mathys Tel,19.0,fr FRA,MF
9522,mathys tourraine,118,2025-2026,Mathys Tourraine,24.0,Morocco,D
9523,matias arbol,24,2022-2023,Matías Árbol,19.0,es ESP,GK
9524,matias arbol,24,2023-2024,Matías Árbol,20.0,es ESP,GK
9525,matias arbol,24,2024-2025,Matías Árbol,21.0,es ESP,GK
9526,matias arezo,12,2023-2024,Matías Arezo,20.0,uy URU,FW
9527,matias dituro,8,2025-2026,Matías Dituro,38.0,Argentina,K
9528,matias fernandez-pardo,109,2024-2025,Matias Fernandez-Pardo,19.0,be BEL,"MF,FW"
9529,matias fernandez-pardo,109,2025-2026,Matías Fernández-Pardo,21.0,Spain,F
9530,matias moreno,15,2025-2026,Matías Moreno,22.0,Argentina,D
9531,matias moreno,82,2024-2025,Matías Moreno,20.0,ar ARG,DF
9532,matias perez,89,2025-2026,Matías Pérez,20.0,Chile,D
9533,matias soule,83,2023-2024,Matías Soulé,20.0,ar ARG,"MF,FW"
9534,matias soule,87,2022-2023,Matías Soulé,19.0,ar ARG,"MF,FW"
9535,matias soule,87,2023-2024,Matìas Soulé,20.0,ar ARG,"FW,MF"
9536,matias soule,94,2024-2025,Matías Soulé,21.0,ar ARG,MF
9537,matias soule,94,2025-2026,Matías Soulé,22.0,Argentina,F
9538,matias vecino,7,2025-2026,Matías Vecino,34.0,Uruguay,M
9539,matias vecino,88,2022-2023,Matías Vecino,30.0,uy URU,MF
9540,matias vecino,88,2023-2024,Matías Vecino,31.0,uy URU,MF
9541,matias vecino,88,2024-2025,Matías Vecino,32.0,uy URU,MF
9542,matias vina,29,2022-2023,Matías Viña,24.0,uy URU,"DF,MF"
9543,matias vina,94,2022-2023,Matías Viña,24.0,uy URU,MF
9544,matias vina,97,2023-2024,Matías Viña,25.0,uy URU,DF
9545,matija frigan,92,2025-2026,Matija Frigan,22.0,Croatia,F
9546,matija marsenic,53,2024-2025,Matija Marsenic,20.0,Montenegro,M
9547,matija nastasic,14,2024-2025,Matija Nastasic,31.0,rs SRB,DF
9548,matija nastasic,16,2022-2023,Matija Nastasic,29.0,rs SRB,DF
9549,matija nastasic,16,2023-2024,Matija Nastasic,30.0,rs SRB,DF
9550,matija nastasic,82,2022-2023,Matija Nastasić,29.0,rs SRB,DF
9551,matija popovic,90,2023-2024,Matija Popović,17.0,rs SRB,MF
9552,matija sarkic,51,2022-2023,Matija Šarkić,25.0,me MNE,GK
9553,matis carvalho,115,2022-2023,Matis Carvalho,23.0,pt POR,GK
9554,matjaz kamensek pahic,83,2023-2024,Matjaž Kamenšek Pahič,19.0,si SVN,MF
9555,mato jajalo,100,2022-2023,Mato Jajalo,34.0,ba BIH,MF
9556,mats hummels,56,2022-2023,Mats Hummels,33.0,de GER,DF
9557,mats hummels,56,2023-2024,Mats Hummels,34.0,de GER,DF
9558,mats hummels,94,2024-2025,Mats Hummels,35.0,de GER,DF
9559,mats lemmens,89,2022-2023,Mats Lemmens,20.0,be BEL,DF
9560,mats lemmens,89,2023-2024,Mats Lemmens,21.0,be BEL,DF
9561,mats pannewig,55,2024-2025,Mats Pannewig,19.0,de GER,MF
9562,mats wieffer,31,2024-2025,Mats Wieffer,24.0,nl NED,"DF,MF"
9563,mats wieffer,31,2025-2026,Mats Wieffer,26.0,Netherlands,M
9564,matt dibley-dias,36,2022-2023,Matt Dibley-Dias,18.0,nz NZL,MF
9565,matt dibley-dias,36,2023-2024,Matt Dibley-Dias,19.0,nz NZL,MF
9566,matt dibley-dias,36,2025-2026,Matt Dibley-Dias,21.0,New Zealand,M
9567,matt doherty,4,2022-2023,Matt Doherty,30.0,ie IRL,"DF,MF"
9568,matt doherty,49,2022-2023,Matt Doherty,30.0,ie IRL,MF
9569,matt doherty,51,2023-2024,Matt Doherty,31.0,ie IRL,"MF,DF"
9570,matt doherty,51,2024-2025,Matt Doherty,32.0,ie IRL,"DF,MF"
9571,matt doherty,51,2025-2026,Matt Doherty,34.0,Ireland,D
9572,matt garbett,99,2022-2023,Matt Garbett,20.0,nz NZL,MF
9573,matt o'riley,31,2024-2025,Matt O'Riley,23.0,dk DEN,MF
9574,matt o'riley,31,2025-2026,Matt O'Riley,25.0,Denmark,M
9575,matt ritchie,44,2022-2023,Matt Ritchie,32.0,sct SCO,"DF,MF"
9576,matt ritchie,44,2023-2024,Matt Ritchie,33.0,sct SCO,"DF,MF"
9577,matt targett,44,2022-2023,Matt Targett,26.0,eng ENG,DF
9578,matt targett,44,2023-2024,Matt Targett,27.0,eng ENG,DF
9579,matt targett,44,2024-2025,Matt Targett,28.0,eng ENG,"DF,MF"
9580,matt targett,44,2025-2026,Matt Targett,29.0,England,D
9581,matt turner,27,2022-2023,Matt Turner,28.0,us USA,GK
9582,matt turner,34,2024-2025,Matt Turner,30.0,us USA,GK
9583,matt turner,45,2023-2024,Matt Turner,29.0,us USA,GK
9584,matteo angeli,77,2022-2023,Matteo Angeli,19.0,it ITA,DF
9585,matteo barbini,84,2024-2025,Matteo Barbini,17.0,it ITA,DF
9586,matteo bassi,100,2022-2023,Matteo Bassi,18.0,it ITA,MF
9587,matteo bianchetti,80,2022-2023,Matteo Bianchetti,29.0,it ITA,DF
9588,matteo bianchetti,80,2025-2026,Matteo Bianchetti,32.0,Italy,D
9589,matteo brezzo,99,2023-2024,Matteo Brezzo,18.0,it ITA,GK
9590,matteo cancellieri,81,2023-2024,Matteo Cancellieri,21.0,it ITA,"FW,MF"
9591,matteo cancellieri,88,2022-2023,Matteo Cancellieri,20.0,it ITA,FW
9592,matteo cancellieri,88,2025-2026,Matteo Cancellieri,23.0,Italy,F
9593,matteo cancellieri,92,2024-2025,Matteo Cancellieri,22.0,it ITA,"MF,FW"
9594,matteo cocchi,86,2024-2025,Matteo Cocchi,17.0,it ITA,DF
9595,matteo colombo,76,2022-2023,Matteo Colombo,18.0,it ITA,MF
9596,matteo colombo,76,2023-2024,Matteo Colombo,19.0,it ITA,MF
9597,matteo darmian,86,2022-2023,Matteo Darmian,32.0,it ITA,"MF,DF"
9598,matteo darmian,86,2023-2024,Matteo Darmian,33.0,it ITA,"MF,DF"
9599,matteo darmian,86,2024-2025,Matteo Darmian,34.0,it ITA,"MF,DF"
9600,matteo darmian,86,2025-2026,Matteo Darmian,36.0,Italy,D
9601,matteo falasca,94,2022-2023,Matteo Falasca,18.0,it ITA,DF
9602,matteo falasca,97,2023-2024,Matteo Falasca,19.0,it ITA,DF
9603,matteo fiorenza,99,2022-2023,Matteo Fiorenza,19.0,it ITA,GK
9604,matteo gabbia,26,2023-2024,Matteo Gabbia,23.0,it ITA,DF
9605,matteo gabbia,75,2022-2023,Matteo Gabbia,22.0,it ITA,DF
9606,matteo gabbia,75,2023-2024,Matteo Gabbia,23.0,it ITA,DF
9607,matteo gabbia,75,2024-2025,Matteo Gabbia,24.0,it ITA,DF
9608,matteo gabbia,75,2025-2026,Matteo Gabbia,26.0,Italy,D
9609,matteo gabbiaac,75,2022-2023,Matteo GabbiaAC,,,
9610,matteo gabbiaac,75,2023-2024,Matteo GabbiaAC,,,
9611,matteo gabbiaac,75,2024-2025,Matteo GabbiaAC,,,
9612,matteo grandi,101,2024-2025,Matteo Grandi,31.0,it ITA,GK
9613,matteo guendouzi,88,2023-2024,Mattéo Guendouzi,24.0,fr FRA,MF
9614,matteo guendouzi,88,2024-2025,Mattéo Guendouzi,25.0,fr FRA,MF
9615,matteo guendouzi,112,2022-2023,Mattéo Guendouzi,23.0,fr FRA,MF
9616,matteo guendouzi,112,2023-2024,Mattéo Guendouzi,24.0,fr FRA,MF
9617,matteo lovato,95,2022-2023,Matteo Lovato,22.0,it ITA,DF
9618,matteo lovato,95,2023-2024,Matteo Lovato,23.0,it ITA,DF
9619,matteo lovato,99,2023-2024,Matteo Lovato,23.0,it ITA,DF
9620,matteo motta,86,2023-2024,Matteo Motta,18.0,it ITA,DF
9621,matteo motta,86,2024-2025,Matteo Motta,19.0,it ITA,DF
9622,matteo palma,100,2023-2024,Matteo Palma,15.0,de GER,DF
9623,matteo palma,100,2024-2025,Matteo Palma,16.0,de GER,DF
9624,matteo palma,100,2025-2026,Matteo Palma,17.0,Germany,D
9625,matteo perez vinlof,54,2023-2024,Matteo Pérez Vinlöf,17.0,se SWE,DF
9626,matteo pessina,90,2022-2023,Matteo Pessina,25.0,it ITA,MF
9627,matteo pessina,90,2023-2024,Matteo Pessina,26.0,it ITA,MF
9628,matteo pessina,90,2024-2025,Matteo Pessina,27.0,it ITA,MF
9629,matteo politano,91,2022-2023,Matteo Politano,28.0,it ITA,FW
9630,matteo politano,91,2023-2024,Matteo Politano,29.0,it ITA,FW
9631,matteo politano,91,2024-2025,Matteo Politano,30.0,it ITA,"FW,MF"
9632,matteo politano,91,2025-2026,Matteo Politano,32.0,Italy,F
9633,matteo prati,78,2023-2024,Matteo Prati,19.0,it ITA,MF
9634,matteo prati,78,2024-2025,Matteo Prati,20.0,it ITA,MF
9635,matteo prati,99,2025-2026,Matteo Prati,22.0,Italy,M
9636,matteo ruggeri,4,2025-2026,Matteo Ruggeri,23.0,Italy,D
9637,matteo ruggeri,76,2022-2023,Matteo Ruggeri,20.0,it ITA,"MF,DF"
9638,matteo ruggeri,76,2023-2024,Matteo Ruggeri,21.0,it ITA,MF
9639,matteo ruggeri,76,2024-2025,Matteo Ruggeri,22.0,it ITA,"MF,DF"
9640,matteo spinacce,86,2024-2025,Matteo Spinaccè,18.0,it ITA,FW
9641,matteo tramoni,93,2025-2026,Matteo Tramoni,26.0,France,F
9642,matteo zazza,88,2024-2025,Matteo Zazza,19.0,it ITA,DF
9643,matthew cox,30,2022-2023,Matthew Cox,19.0,eng ENG,GK
9644,matthew cox,30,2024-2025,Matthew Cox,21.0,England,K
9645,matthew cox,30,2025-2026,Matthew Cox,22.0,England,K
9646,matthew craig,49,2022-2023,Matthew Craig,19.0,sct SCO,MF
9647,matthew longstaff,44,2022-2023,Matthew Longstaff,22.0,England,M
9648,matthew smith,27,2022-2023,Matthew Smith,21.0,eng ENG,MF
9649,matthew whittingham,51,2023-2024,Matthew Whittingham,18.0,eng ENG,MF
9650,matthias bader,57,2023-2024,Matthias Bader,26.0,de GER,"MF,DF"
9651,matthias braunoder,79,2024-2025,Matthias Braunöder,22.0,at AUT,MF
9652,matthias ginter,59,2022-2023,Matthias Ginter,28.0,de GER,DF
9653,matthias ginter,59,2023-2024,Matthias Ginter,29.0,de GER,DF
9654,matthias ginter,59,2024-2025,Matthias Ginter,30.0,de GER,DF
9655,matthias ginter,59,2025-2026,Matthias Ginter,32.0,Germany,D
9656,matthias kobbing,65,2022-2023,Matthias Köbbing,25.0,de GER,GK
9657,matthias kobbing,65,2023-2024,Matthias Köbbing,26.0,de GER,GK
9658,matthias kobbing,65,2025-2026,Matthias Köbbing,28.0,Germany,K
9659,matthieu dreyer,123,2023-2024,Matthieu Dreyer,34.0,France,K
9660,matthieu udol,108,2025-2026,Matthieu Udol,29.0,France,D
9661,matthieu udol,113,2023-2024,Matthieu Udol,27.0,fr FRA,DF
9662,matthijs de ligt,43,2024-2025,Matthijs de Ligt,24.0,nl NED,DF
9663,matthijs de ligt,43,2025-2026,Matthijs de Ligt,26.0,Netherlands,D
9664,matthijs de ligt,54,2022-2023,Matthijs de Ligt,22.0,nl NED,DF
9665,matthijs de ligt,54,2023-2024,Matthijs de Ligt,23.0,nl NED,DF
9666,matthis abline,104,2022-2023,Matthis Abline,19.0,fr FRA,FW
9667,matthis abline,116,2023-2024,Matthis Abline,20.0,fr FRA,"FW,MF"
9668,matthis abline,116,2024-2025,Matthis Abline,21.0,fr FRA,FW
9669,matthis abline,116,2025-2026,Matthis Abline,22.0,France,F
9670,matthis abline,121,2022-2023,Matthis Abline,19.0,fr FRA,FW
9671,mattia aramu,84,2023-2024,Mattia Aramu,28.0,it ITA,"FW,MF"
9672,mattia bani,84,2023-2024,Mattia Bani,29.0,it ITA,DF
9673,mattia bani,84,2024-2025,Mattia Bani,30.0,it ITA,DF
9674,mattia caldara,75,2023-2024,Mattia Caldara,29.0,it ITA,DF
9675,mattia caldara,98,2022-2023,Mattia Caldara,28.0,it ITA,DF
9676,mattia caldaraac,75,2023-2024,Mattia CaldaraAC,,,
9677,mattia chiesa,85,2022-2023,Mattia Chiesa,22.0,it ITA,GK
9678,mattia chiesa,85,2023-2024,Mattia Chiesa,23.0,it ITA,GK
9679,mattia ciucci,89,2022-2023,Mattia Ciucci,19.0,it ITA,DF
9680,mattia compagnon,87,2022-2023,Mattia Compagnon,20.0,it ITA,FW
9681,mattia de sciglio,81,2024-2025,Mattia De Sciglio,31.0,it ITA,DF
9682,mattia de sciglio,87,2022-2023,Mattia De Sciglio,29.0,it ITA,"MF,DF"
9683,mattia de sciglio,87,2023-2024,Mattia De Sciglio,30.0,it ITA,DF
9684,mattia destro,81,2022-2023,Mattia Destro,31.0,it ITA,FW
9685,mattia destro,81,2023-2024,Mattia Destro,32.0,it ITA,FW
9686,mattia esposito,91,2024-2025,Mattia Esposito,18.0,it ITA,DF
9687,mattia felici,78,2024-2025,Mattia Felici,23.0,it ITA,MF
9688,mattia felici,78,2025-2026,Mattia Felici,24.0,Italy,F
9689,mattia liberali,75,2024-2025,Mattia Liberali,17.0,it ITA,MF
9690,mattia liberaliac,75,2024-2025,Mattia LiberaliAC,,,
9691,mattia motolese,77,2022-2023,Mattia Motolese,18.0,it ITA,DF
9692,mattia perin,87,2022-2023,Mattia Perin,29.0,it ITA,GK
9693,mattia perin,87,2023-2024,Mattia Perin,30.0,it ITA,GK
9694,mattia perin,87,2024-2025,Mattia Perin,31.0,it ITA,GK
9695,mattia perin,87,2025-2026,Mattia Perin,33.0,Italy,K
9696,mattia valoti,90,2022-2023,Mattia Valoti,28.0,it ITA,"MF,FW"
9697,mattia valoti,90,2024-2025,Mattia Valoti,30.0,it ITA,"FW,MF"
9698,mattia viti,81,2024-2025,Mattia Viti,22.0,it ITA,DF
9699,mattia viti,82,2025-2026,Mattia Viti,23.0,Italy,D
9700,mattia viti,97,2023-2024,Mattia Viti,21.0,it ITA,DF
9701,mattia viti,117,2022-2023,Mattia Viti,20.0,it ITA,DF
9702,mattia zaccagni,88,2022-2023,Mattia Zaccagni,27.0,it ITA,FW
9703,mattia zaccagni,88,2023-2024,Mattia Zaccagni,28.0,it ITA,"FW,MF"
9704,mattia zaccagni,88,2024-2025,Mattia Zaccagni,29.0,it ITA,"MF,FW"
9705,mattia zaccagni,88,2025-2026,Mattia Zaccagni,30.0,Italy,F
9706,mattia zanchetta,86,2024-2025,Mattia Zanchetta,18.0,it ITA,MF
9707,mattia zanotti,86,2022-2023,Mattia Zanotti,19.0,it ITA,DF
9708,mattias svanberg,74,2022-2023,Mattias Svanberg,23.0,se SWE,MF
9709,mattias svanberg,74,2023-2024,Mattias Svanberg,24.0,se SWE,MF
9710,mattias svanberg,74,2024-2025,Mattias Svanberg,25.0,se SWE,MF
9711,mattias svanberg,74,2025-2026,Mattias Svanberg,27.0,Sweden,M
9712,mattis hoppe,71,2022-2023,Mattis Hoppe,19.0,de GER,DF
9713,matty cash,28,2022-2023,Matty Cash,24.0,pl POL,DF
9714,matty cash,28,2023-2024,Matty Cash,25.0,pl POL,"DF,MF"
9715,matty cash,28,2024-2025,Matty Cash,26.0,pl POL,DF
9716,matty cash,28,2025-2026,Matty Cash,28.0,Poland,D
9717,matus bero,55,2023-2024,Matús Bero,27.0,sk SVK,"MF,FW"
9718,matus bero,55,2024-2025,Matús Bero,28.0,sk SVK,MF
9719,matvei safonov,119,2024-2025,Matvei Safonov,25.0,ru RUS,GK
9720,matvey safonov,119,2024-2025,Matvey Safonov,25.0,Russia,K
9721,matvey safonov,119,2025-2026,Matvey Safonov,26.0,Russia,K
9722,matz sels,45,2023-2024,Matz Sels,31.0,be BEL,GK
9723,matz sels,45,2024-2025,Matz Sels,32.0,be BEL,GK
9724,matz sels,45,2025-2026,Matz Sels,33.0,Belgium,K
9725,matz sels,123,2022-2023,Matz Sels,30.0,be BEL,GK
9726,matz sels,123,2023-2024,Matz Sels,31.0,be BEL,GK
9727,maurice malone,52,2022-2023,Maurice Malone,21.0,de GER,"FW,MF"
9728,maurides,70,2024-2025,Maurides,30.0,br BRA,FW
9729,mauro arambarri,10,2022-2023,Mauro Arambarri,26.0,uy URU,MF
9730,mauro arambarri,10,2023-2024,Mauro Arambarri,27.0,uy URU,MF
9731,mauro arambarri,10,2024-2025,Mauro Arambarri,28.0,uy URU,MF
9732,mauro arambarri,10,2025-2026,Mauro Arambarri,30.0,Uruguay,M
9733,mauro bandeira,27,2022-2023,Mauro Bandeira,18.0,pt POR,MF
9734,mauro bandeira,27,2023-2024,Mauro Bandeira,19.0,pt POR,MF
9735,mauro icardi,119,2022-2023,Mauro Icardi,29.0,Argentina,F
9736,mauro vigorito,79,2024-2025,Mauro Vigorito,34.0,it ITA,GK
9737,mauro vigorito,79,2025-2026,Mauro Vigorito,35.0,Italy,K
9738,max aarons,25,2024-2025,Max Aarons,24.0,eng ENG,DF
9739,max aarons,29,2023-2024,Max Aarons,23.0,eng ENG,DF
9740,max aarons,29,2024-2025,Max Aarons,24.0,eng ENG,DF
9741,max aarons,29,2025-2026,Max Aarons,25.0,England,D
9742,max alleyne,42,2024-2025,Max Alleyne,19.0,eng ENG,DF
9743,max alleyne,42,2025-2026,Max Alleyne,20.0,England,D
9744,max dowman,27,2025-2026,Max Dowman,16.0,England,F
9745,max finkgrafe,65,2023-2024,Max Finkgräfe,19.0,de GER,DF
9746,max finkgrafe,68,2025-2026,Max Finkgräfe,21.0,Germany,D
9747,max finkgrafefc,65,2023-2024,Max FinkgräfeFC,,,
9748,max geschwill,64,2024-2025,Max Geschwill,23.0,de GER,DF
9749,max kilman,50,2024-2025,Max Kilman,27.0,eng ENG,DF
9750,max kilman,50,2025-2026,Max Kilman,28.0,England,D
9751,max kilman,51,2022-2023,Max Kilman,25.0,eng ENG,DF
9752,max kilman,51,2023-2024,Max Kilman,26.0,eng ENG,DF
9753,max kinsey,29,2024-2025,Max Kinsey,20.0,England,D
9754,max kruse,74,2022-2023,Max Kruse,34.0,de GER,MF
9755,max lowe,46,2023-2024,Max Lowe,26.0,eng ENG,"MF,DF"
9756,max moerstedt,63,2023-2024,Max Moerstedt,17.0,de GER,FW
9757,max moerstedt,63,2024-2025,Max Moerstedt,18.0,de GER,"FW,MF"
9758,max moerstedt,63,2025-2026,Max Moerstedt,20.0,Germany,F
9759,max rosenfelder,59,2023-2024,Max Rosenfelder,20.0,de GER,DF
9760,max rosenfelder,59,2024-2025,Max Rosenfelder,21.0,de GER,DF
9761,max rosenfelder,59,2025-2026,Max Rosenfelder,22.0,Germany,D
9762,max schmitt,54,2024-2025,Max Schmitt,18.0,de GER,GK
9763,max scholze,54,2023-2024,Max Scholze,18.0,de GER,FW
9764,max svensson,17,2023-2024,Max Svensson,21.0,es ESP,FW
9765,max thompson,44,2024-2025,Max Thompson,20.0,England,K
9766,max wei,32,2025-2026,Max Weiß,21.0,Germany,K
9767,max wendt,57,2023-2024,Max Wendt,18.0,Germany,K
9768,max wober,38,2022-2023,Max Wöber,,,
9769,max woberborussia m.,67,2023-2024,Max WöberBorussia M.,,,
9770,maxence caqueret,79,2024-2025,Maxence Caqueret,24.0,fr FRA,MF
9771,maxence caqueret,79,2025-2026,Maxence Caqueret,25.0,France,M
9772,maxence caqueret,111,2022-2023,Maxence Caqueret,22.0,fr FRA,MF
9773,maxence caqueret,111,2023-2024,Maxence Caqueret,23.0,fr FRA,MF
9774,maxence caqueret,111,2024-2025,Maxence Caqueret,24.0,fr FRA,MF
9775,maxence lacroix,34,2024-2025,Maxence Lacroix,24.0,fr FRA,DF
9776,maxence lacroix,34,2025-2026,Maxence Lacroix,25.0,France,D
9777,maxence lacroix,74,2022-2023,Maxence Lacroix,22.0,fr FRA,DF
9778,maxence lacroix,74,2023-2024,Maxence Lacroix,23.0,fr FRA,DF
9779,maxi gomez,6,2023-2024,Maxi Gómez,26.0,uy URU,FW
9780,maxi gomez,25,2022-2023,Maxi Gómez,25.0,uy URU,FW
9781,maxi oyedele,123,2025-2026,Maxi Oyedele,21.0,Poland,M
9782,maxim dal,66,2023-2024,Maxim Dal,17.0,de GER,DF
9783,maxim dal,66,2024-2025,Maxim Dal,19.0,Germany,D
9784,maxim dal,66,2025-2026,Maxim Dal,20.0,Germany,D
9785,maxim de cuyper,31,2025-2026,Maxim De Cuyper,25.0,Belgium,D
9786,maxim leitsch,66,2022-2023,Maxim Leitsch,24.0,de GER,DF
9787,maxim leitsch,66,2023-2024,Maxim Leitsch,25.0,de GER,DF
9788,maxim leitsch,66,2024-2025,Maxim Leitsch,26.0,de GER,DF
9789,maxim leitsch,66,2025-2026,Maxim Leitsch,27.0,Germany,D
9790,maxime bernauer,122,2024-2025,Maxime Bernauer,26.0,fr FRA,DF
9791,maxime busi,120,2022-2023,Maxime Busi,22.0,be BEL,"MF,DF"
9792,maxime busi,120,2023-2024,Maxime Busi,23.0,be BEL,MF
9793,maxime colin,113,2023-2024,Maxime Colin,31.0,fr FRA,DF
9794,maxime colin,113,2025-2026,Maxime Colin,34.0,France,D
9795,maxime dupe,117,2023-2024,Maxime Dupé,30.0,France,K
9796,maxime dupe,117,2024-2025,Maxime Dupé,31.0,France,K
9797,maxime dupe,117,2025-2026,Maxime Dupé,32.0,France,K
9798,maxime dupe,124,2022-2023,Maxime Dupé,29.0,fr FRA,GK
9799,maxime esteve,32,2023-2024,Maxime Estève,21.0,fr FRA,DF
9800,maxime esteve,32,2025-2026,Maxime Estève,23.0,France,D
9801,maxime esteve,115,2022-2023,Maxime Estève,20.0,fr FRA,DF
9802,maxime esteve,115,2023-2024,Maxime Estève,21.0,fr FRA,DF
9803,maxime gonalons,106,2022-2023,Maxime Gonalons,33.0,fr FRA,MF
9804,maxime gonalons,106,2023-2024,Maxime Gonalons,34.0,fr FRA,MF
9805,maxime le marchand,123,2022-2023,Maxime Le Marchand,32.0,fr FRA,DF
9806,maxime leverbe,96,2022-2023,Maxime Leverbe,25.0,fr FRA,DF
9807,maxime lopez,82,2023-2024,Maxime Lopez,25.0,fr FRA,MF
9808,maxime lopez,97,2022-2023,Maxime Lopez,24.0,fr FRA,MF
9809,maxime lopez,97,2023-2024,Maxime Lopez,25.0,fr FRA,MF
9810,maxime lopez,118,2025-2026,Maxime Lopez,28.0,France,M
9811,maxime wackers,110,2022-2023,Maxime Wackers,25.0,France,D
9812,maximilian arnold,74,2022-2023,Maximilian Arnold,28.0,de GER,MF
9813,maximilian arnold,74,2023-2024,Maximilian Arnold,29.0,de GER,MF
9814,maximilian arnold,74,2024-2025,Maximilian Arnold,30.0,de GER,MF
9815,maximilian arnold,74,2025-2026,Maximilian Arnold,31.0,Germany,M
9816,maximilian bauer,52,2022-2023,Maximilian Bauer,22.0,de GER,DF
9817,maximilian bauer,52,2023-2024,Maximilian Bauer,23.0,de GER,DF
9818,maximilian bauer,52,2024-2025,Maximilian Bauer,24.0,de GER,DF
9819,maximilian beier,56,2024-2025,Maximilian Beier,21.0,de GER,"MF,FW"
9820,maximilian beier,56,2025-2026,Maximilian Beier,23.0,Germany,F
9821,maximilian beier,63,2023-2024,Maximilian Beier,20.0,de GER,"FW,MF"
9822,maximilian breunig,59,2023-2024,Maximilian Breunig,22.0,de GER,FW
9823,maximilian breunig,61,2024-2025,Maximilian Breunig,23.0,de GER,FW
9824,maximilian breunigfc,61,2024-2025,Maximilian BreunigFC,,,
9825,maximilian brull,67,2022-2023,Maximilian Brüll,19.0,de GER,GK
9826,maximilian brull,67,2023-2024,Maximilian Brüll,21.0,Germany,K
9827,maximilian eggestein,59,2022-2023,Maximilian Eggestein,25.0,de GER,MF
9828,maximilian eggestein,59,2023-2024,Maximilian Eggestein,26.0,de GER,MF
9829,maximilian eggestein,59,2024-2025,Maximilian Eggestein,27.0,de GER,MF
9830,maximilian eggestein,59,2025-2026,Maximilian Eggestein,29.0,Germany,M
9831,maximilian kilman,50,2024-2025,Maximilian Kilman,,,
9832,maximilian kilman,51,2022-2023,Maximilian Kilman,,,
9833,maximilian kilman,51,2023-2024,Maximilian Kilman,,,
9834,maximilian mittelstadt,62,2022-2023,Maximilian Mittelstädt,25.0,de GER,"DF,MF"
9835,maximilian mittelstadt,71,2023-2024,Maximilian Mittelstädt,26.0,de GER,"DF,MF"
9836,maximilian mittelstadt,71,2024-2025,Maximilian Mittelstädt,27.0,de GER,"DF,MF"
9837,maximilian mittelstadt,71,2025-2026,Maximilian Mittelstädt,28.0,Germany,D
9838,maximilian philipp,59,2023-2024,Maximilian Philipp,29.0,de GER,FW
9839,maximilian philipp,59,2024-2025,Maximilian Philipp,30.0,de GER,"FW,MF"
9840,maximilian philipp,59,2025-2026,Maximilian Philipp,31.0,Germany,F
9841,maximilian philipp,73,2022-2023,Maximilian Philipp,28.0,de GER,FW
9842,maximilian philipp,74,2022-2023,Maximilian Philipp,28.0,de GER,MF
9843,maximilian schmid,65,2022-2023,Maximilian Schmid,19.0,de GER,FW
9844,maximilian wittek,55,2023-2024,Maximilian Wittek,27.0,de GER,"MF,DF"
9845,maximilian wittek,55,2024-2025,Maximilian Wittek,28.0,de GER,"DF,MF"
9846,maximilian wober,38,2022-2023,Maximilian Wöber,24.0,at AUT,DF
9847,maximilian wober,67,2023-2024,Maximilian Wöber,25.0,at AUT,DF
9848,maximilian wober,73,2025-2026,Maximilian Wöber,28.0,Austria,D
9849,maximiliano caufriez,25,2024-2025,Maximiliano Caufriez,27.0,be BEL,DF
9850,maximiliano caufriez,106,2022-2023,Maximiliano Caufriez,25.0,be BEL,DF
9851,maximiliano caufriez,106,2023-2024,Maximiliano Caufriez,26.0,be BEL,DF
9852,maximo perrone,13,2023-2024,Máximo Perrone,20.0,ar ARG,MF
9853,maximo perrone,42,2022-2023,Máximo Perrone,19.0,ar ARG,MF
9854,maximo perrone,42,2023-2024,Máximo Perrone,20.0,ar ARG,MF
9855,maximo perrone,79,2024-2025,Máximo Perrone,21.0,ar ARG,MF
9856,maximo perrone,79,2025-2026,Máximo Perrone,23.0,Argentina,M
9857,maxwel cornet,47,2024-2025,Maxwel Cornet,27.0,ci CIV,MF
9858,maxwel cornet,50,2022-2023,Maxwel Cornet,25.0,ci CIV,MF
9859,maxwel cornet,50,2023-2024,Maxwel Cornet,26.0,ci CIV,MF
9860,maxwel cornet,50,2024-2025,Maxwel Cornet,28.0,Cote d'Ivoire,F
9861,maxwel cornet,84,2024-2025,Maxwel Cornet,27.0,ci CIV,MF
9862,maxwel cornet,84,2025-2026,Maxwel Cornet,29.0,Cote d'Ivoire,F
9863,maxwell wellings,29,2022-2023,Maxwell Wellings,17.0,eng ENG,DF
9864,maxwell wellings,29,2023-2024,Maxwell Wellings,18.0,eng ENG,DF
9865,maxwell wellings,29,2024-2025,Maxwell Wellings,19.0,eng ENG,DF
9866,maya yoshida,69,2022-2023,Maya Yoshida,33.0,jp JPN,DF
9867,mbwana samatta,107,2025-2026,Mbwana Samatta,33.0,Tanzania,F
9868,medon berisha,89,2022-2023,Medon Berisha,18.0,al ALB,MF
9869,medon berisha,89,2023-2024,Medon Berisha,19.0,al ALB,MF
9870,medon berisha,89,2024-2025,Medon Berisha,20.0,al ALB,MF
9871,medon berisha,89,2025-2026,Medon Berisha,22.0,Albania,M
9872,mehdi bourabia,83,2023-2024,Mehdi Bourabia,31.0,ma MAR,MF
9873,mehdi bourabia,98,2022-2023,Mehdi Bourabia,30.0,ma MAR,MF
9874,mehdi leris,93,2025-2026,Mehdi Léris,27.0,Algeria,F
9875,mehdi leris,96,2022-2023,Mehdi Léris,24.0,dz ALG,MF
9876,mehdi loune,58,2022-2023,Mehdi Loune,18.0,Germany,M
9877,mehdi loune,58,2023-2024,Mehdi Loune,19.0,Germany,M
9878,mehdi puch-herrantz,102,2022-2023,Mehdi Puch-Herrantz,18.0,fr FRA,MF
9879,mehdi puch-herrantzac,102,2022-2023,Mehdi Puch-HerrantzAC,,,
9880,mehdi taremi,86,2024-2025,Mehdi Taremi,32.0,ir IRN,FW
9881,mehdi zeffane,106,2022-2023,Mehdi Zeffane,30.0,dz ALG,"MF,DF"
9882,mehdi zeffane,106,2023-2024,Mehdi Zeffane,31.0,dz ALG,"MF,DF"
9883,mehmet aydin,69,2022-2023,Mehmet Aydin,20.0,de GER,"MF,DF"
9884,melker ellborg,48,2025-2026,Melker Ellborg,22.0,Sweden,K
9885,melvin bard,117,2022-2023,Melvin Bard,21.0,fr FRA,"DF,MF"
9886,melvin bard,117,2023-2024,Melvin Bard,22.0,fr FRA,DF
9887,melvin bard,117,2024-2025,Melvin Bard,23.0,fr FRA,"DF,MF"
9888,melvin bard,117,2025-2026,Melvin Bard,25.0,France,D
9889,melvin zinga,103,2022-2023,Melvin Zinga,21.0,France,K
9890,melvin zinga,103,2024-2025,Melvin Zinga,22.0,fr FRA,GK
9891,melvin zinga,103,2025-2026,Melvin Zinga,23.0,France,K
9892,memphis,4,2022-2023,Memphis,28.0,nl NED,FW
9893,memphis,4,2023-2024,Memphis,29.0,nl NED,FW
9894,memphis,5,2022-2023,Memphis,28.0,nl NED,FW
9895,memphis depay,4,2022-2023,Memphis Depay,28.0,Netherlands,F
9896,memphis depay,4,2023-2024,Memphis Depay,29.0,Netherlands,F
9897,memphis depay,5,2022-2023,Memphis Depay,,,
9898,mergim berisha,52,2022-2023,Mërgim Berisha,24.0,de GER,FW
9899,mergim berisha,52,2023-2024,Mërgim Berisha,25.0,de GER,FW
9900,mergim berisha,52,2024-2025,Mërgim Berisha,26.0,de GER,FW
9901,mergim berisha,63,2023-2024,Mërgim Berisha,25.0,de GER,FW
9902,mergim berisha,63,2024-2025,Mërgim Berisha,26.0,de GER,FW
9903,mergim vojvoda,79,2024-2025,Mërgim Vojvoda,29.0,xk KVX,DF
9904,mergim vojvoda,79,2025-2026,Mërgim Vojvoda,31.0,Kosovo,D
9905,mergim vojvoda,99,2022-2023,Mërgim Vojvoda,27.0,xk KVX,MF
9906,mergim vojvoda,99,2023-2024,Mërgim Vojvoda,28.0,xk KVX,"MF,DF"
9907,mergim vojvoda,99,2024-2025,Mërgim Vojvoda,29.0,xk KVX,"DF,MF"
9908,merih demiral,76,2022-2023,Merih Demiral,24.0,tr TUR,DF
9909,merlin rohl,35,2025-2026,Merlin Röhl,23.0,Germany,F
9910,merlin rohl,59,2022-2023,Merlin Röhl,20.0,de GER,MF
9911,merlin rohl,59,2023-2024,Merlin Röhl,21.0,de GER,"MF,FW"
9912,merlin rohl,59,2024-2025,Merlin Röhl,22.0,de GER,MF
9913,mert cetin,89,2022-2023,Mert Çetin,,,
9914,mert komur,52,2022-2023,Mert Kömür,17.0,de GER,MF
9915,mert komur,52,2023-2024,Mert Kömür,18.0,de GER,FW
9916,mert komur,52,2024-2025,Mert Kömür,19.0,de GER,MF
9917,mert komur,52,2025-2026,Mert Kömür,20.0,Germany,F
9918,mert muldur,97,2022-2023,Mert Müldür,23.0,tr TUR,DF
9919,merveille papela,66,2022-2023,Merveille Papela,21.0,de GER,MF
9920,merveille papela,66,2023-2024,Merveille Papela,22.0,de GER,MF
9921,meschack elia,116,2024-2025,Meschack Elia,27.0,Democratic Republic of the Congo,F
9922,meschak elia,116,2024-2025,Meschak Elia,26.0,cd COD,FW
9923,micah hamilton,42,2023-2024,Micah Hamilton,19.0,eng ENG,"FW,MF"
9924,michael amir murillo,112,2023-2024,Michael Amir Murillo,27.0,pa PAN,"DF,MF"
9925,michael amir murillo,112,2024-2025,Michael Amir Murillo,28.0,pa PAN,DF
9926,michael cuisance,96,2022-2023,Michaël Cuisance,23.0,France,M
9927,michael dacosta,29,2022-2023,Michael DaCosta,17.0,es ESP,FW
9928,michael dacosta,29,2023-2024,Michael DaCosta,18.0,es ESP,FW
9929,michael esser,55,2022-2023,Michael Esser,34.0,de GER,GK
9930,michael esser,55,2023-2024,Michael Esser,35.0,de GER,GK
9931,michael folorunsho,78,2025-2026,Michael Folorunsho,27.0,Italy,M
9932,michael folorunsho,82,2024-2025,Michael Folorunsho,26.0,it ITA,MF
9933,michael folorunsho,85,2023-2024,Michael Folorunsho,25.0,it ITA,MF
9934,michael folorunsho,91,2024-2025,Michael Folorunsho,26.0,it ITA,"FW,MF"
9935,michael forbes,50,2025-2026,Michael Forbes,21.0,Northern Ireland,D
9936,michael frey,69,2022-2023,Michael Frey,28.0,ch SUI,FW
9937,michael golding,39,2024-2025,Michael Golding,18.0,eng ENG,MF
9938,michael gregoritsch,52,2025-2026,Michael Gregoritsch,31.0,Austria,F
9939,michael gregoritsch,59,2022-2023,Michael Gregoritsch,28.0,at AUT,FW
9940,michael gregoritsch,59,2023-2024,Michael Gregoritsch,29.0,at AUT,FW
9941,michael gregoritsch,59,2024-2025,Michael Gregoritsch,30.0,at AUT,FW
9942,michael kayode,30,2024-2025,Michael Kayode,20.0,it ITA,DF
9943,michael kayode,30,2025-2026,Michael Kayode,21.0,Italy,D
9944,michael kayode,82,2022-2023,Michael Kayode,18.0,it ITA,DF
9945,michael kayode,82,2023-2024,Michael Kayode,19.0,it ITA,DF
9946,michael kayode,82,2024-2025,Michael Kayode,20.0,it ITA,DF
9947,michael keane,35,2022-2023,Michael Keane,29.0,eng ENG,DF
9948,michael keane,35,2023-2024,Michael Keane,30.0,eng ENG,DF
9949,michael keane,35,2024-2025,Michael Keane,31.0,eng ENG,DF
9950,michael keane,35,2025-2026,Michael Keane,33.0,England,D
9951,michael langer,69,2022-2023,Michael Langer,37.0,at AUT,GK
9952,michael mellon,32,2025-2026,Michael Mellon,21.0,Scotland,F
9953,michael murillo,112,2023-2024,Michael Murillo,27.0,Panama,D
9954,michael murillo,112,2024-2025,Michael Murillo,28.0,Panama,D
9955,michael murillo,112,2025-2026,Michael Murillo,29.0,Panama,D
9956,michael ndiweni,44,2023-2024,Michael Ndiweni,19.0,eng ENG,MF
9957,michael obafemi,32,2023-2024,Michael Obafemi,23.0,ie IRL,FW
9958,michael olakigbe,30,2022-2023,Michael Olakigbe,18.0,eng ENG,MF
9959,michael olakigbe,30,2023-2024,Michael Olakigbe,19.0,eng ENG,MF
9960,michael olakigbe,30,2024-2025,Michael Olakigbe,20.0,England,F
9961,michael olakigbe,30,2025-2026,Michael Olakigbe,21.0,England,F
9962,michael olise,34,2022-2023,Michael Olise,20.0,fr FRA,"MF,FW"
9963,michael olise,34,2023-2024,Michael Olise,21.0,fr FRA,"MF,FW"
9964,michael olise,54,2024-2025,Michael Olise,22.0,fr FRA,MF
9965,michael olise,54,2025-2026,Michael Olise,24.0,France,F
9966,michael svoboda,101,2024-2025,Michael Svoboda,25.0,at AUT,DF
9967,michael zetterer,58,2025-2026,Michael Zetterer,30.0,Germany,K
9968,michael zetterer,73,2022-2023,Michael Zetterer,27.0,de GER,GK
9969,michael zetterer,73,2023-2024,Michael Zetterer,28.0,de GER,GK
9970,michael zetterer,73,2024-2025,Michael Zetterer,29.0,de GER,GK
9971,michail antonio,50,2022-2023,Michail Antonio,32.0,jm JAM,FW
9972,michail antonio,50,2023-2024,Michail Antonio,33.0,jm JAM,FW
9973,michail antonio,50,2024-2025,Michail Antonio,34.0,jm JAM,FW
9974,michel adopo,76,2023-2024,Michel Adopo,,,
9975,michel adopo,78,2024-2025,Michel Adopo,,,
9976,michel adopo,99,2022-2023,Michel Adopo,,,
9977,michel aebischer,77,2022-2023,Michel Aebischer,25.0,ch SUI,"MF,FW"
9978,michel aebischer,77,2023-2024,Michel Aebischer,26.0,ch SUI,MF
9979,michel aebischer,77,2024-2025,Michel Aebischer,27.0,ch SUI,MF
9980,michel aebischer,93,2025-2026,Michel Aebischer,29.0,Switzerland,M
9981,michel mboula,113,2025-2026,Michel Mboula,22.0,Gabon,D
9982,michel ndary adopo,76,2023-2024,Michel Ndary Adopo,23.0,fr FRA,MF
9983,michel ndary adopo,78,2024-2025,Michel Ndary Adopo,24.0,fr FRA,MF
9984,michel ndary adopo,78,2025-2026,Michel Ndary Adopo,25.0,France,M
9985,michel ndary adopo,99,2022-2023,Michel Ndary Adopo,22.0,fr FRA,"MF,DF"
9986,michele castagnetti,80,2022-2023,Michele Castagnetti,32.0,it ITA,MF
9987,michele cerofolini,82,2022-2023,Michele Cerofolini,23.0,it ITA,GK
9988,michele cerofolini,83,2023-2024,Michele Cerofolini,24.0,it ITA,GK
9989,michele collocolo,80,2025-2026,Michele Collocolo,26.0,Italy,M
9990,michele di gregorio,87,2024-2025,Michele Di Gregorio,27.0,it ITA,GK
9991,michele di gregorio,87,2025-2026,Michele Di Gregorio,28.0,Italy,K
9992,michele di gregorio,90,2022-2023,Michele Di Gregorio,25.0,it ITA,GK
9993,michele di gregorio,90,2023-2024,Michele Di Gregorio,26.0,it ITA,GK
9994,michy batshuayi,58,2024-2025,Michy Batshuayi,30.0,be BEL,FW
9995,michy batshuayi,58,2025-2026,Michy Batshuayi,32.0,Belgium,F
9996,mick schmetgens,73,2024-2025,Mick Schmetgens,16.0,de GER,MF
9997,mick schmetgens,73,2025-2026,Mick Schmetgens,18.0,Germany,D
9998,mickael alphonse,102,2022-2023,Mickaël Alphonse,33.0,gp GLP,DF
9999,mickael alphonseac,102,2022-2023,Mickaël AlphonseAC,,,
10000,mickael barreto,102,2022-2023,Mickaël Barreto,31.0,fr FRA,MF
10001,mickael barretoac,102,2022-2023,Mickaël BarretoAC,,,
10002,mickael cuisance,96,2022-2023,Mickaël Cuisance,22.0,fr FRA,MF
10003,mickael malsa,23,2022-2023,Mickaël Malsa,26.0,mq MTQ,MF
10004,mickael nade,122,2024-2025,Mickaël Nadé,25.0,fr FRA,DF
10005,micky van de ven,49,2023-2024,Micky van de Ven,22.0,nl NED,DF
10006,micky van de ven,49,2024-2025,Micky van de Ven,23.0,nl NED,DF
10007,micky van de ven,49,2025-2026,Micky van de Ven,24.0,Netherlands,D
10008,micky van de ven,74,2022-2023,Micky van de Ven,21.0,nl NED,DF
10009,miguel,1,2023-2024,Miguel,23.0,es ESP,FW
10010,miguel,14,2024-2025,Miguel,24.0,es ESP,FW
10011,miguel almiron,44,2022-2023,Miguel Almirón,28.0,py PAR,FW
10012,miguel almiron,44,2023-2024,Miguel Almirón,29.0,py PAR,FW
10013,miguel almiron,44,2024-2025,Miguel Almirón,30.0,py PAR,FW
10014,miguel angel brau,12,2023-2024,Miguel Ángel Brau,,,
10015,miguel angel morro,18,2022-2023,Miguel Ángel Morro,22.0,Spain,K
10016,miguel angel rubio,12,2023-2024,Miguel Ángel Rubio,25.0,es ESP,DF
10017,miguel baeza,7,2022-2023,Miguel Baeza,22.0,es ESP,MF
10018,miguel capitas,24,2023-2024,Miguel Capitas,22.0,es ESP,MF
10019,miguel crespo,18,2023-2024,Miguel Crespo,27.0,Portugal,M
10020,miguel de la fuente,1,2023-2024,Miguel de la Fuente,,,
10021,miguel de la fuente,14,2024-2025,Miguel de la Fuente,25.0,Spain,F
10022,miguel gutierrez,11,2022-2023,Miguel Gutiérrez,21.0,es ESP,"DF,MF"
10023,miguel gutierrez,11,2023-2024,Miguel Gutiérrez,22.0,es ESP,"DF,MF"
10024,miguel gutierrez,11,2024-2025,Miguel Gutiérrez,23.0,es ESP,"DF,MF"
10025,miguel gutierrez,91,2025-2026,Miguel Gutiérrez,24.0,Spain,D
10026,miguel llabres,16,2022-2023,Miguel Llabrés,22.0,es ESP,MF
10027,miguel rodriguez,7,2022-2023,Miguel Rodríguez,19.0,es ESP,"FW,MF"
10028,miguel rodriguez,7,2023-2024,Miguel Rodríguez,20.0,es ESP,MF
10029,miguel roman,7,2024-2025,Miguel Román,21.0,es ESP,MF
10030,miguel roman,7,2025-2026,Miguel Román,23.0,Spain,M
10031,miguel rubio,9,2025-2026,Miguel Rubio,27.0,Spain,D
10032,miguel rubio,12,2023-2024,Miguel Rubio,25.0,Spain,D
10033,miguel veloso,85,2022-2023,Miguel Veloso,36.0,pt POR,MF
10034,miguelito,16,2022-2023,Miguelito,21.0,es ESP,DF
10035,miguelito,16,2023-2024,Miguelito,22.0,es ESP,DF
10036,miha blazic,103,2022-2023,Miha Blazic,29.0,si SVN,DF
10037,miha zajc,124,2024-2025,Miha Zajc,30.0,si SVN,MF
10038,mihai popa,99,2023-2024,Mihai Popa,22.0,ro ROU,GK
10039,mihailo ivanovic,96,2022-2023,Mihailo Ivanovic,17.0,rs SRB,FW
10040,mihailo ristic,7,2023-2024,Mihailo Ristic,27.0,rs SRB,"DF,MF"
10041,mihailo ristic,7,2024-2025,Mihailo Ristic,28.0,rs SRB,"MF,DF"
10042,mihailo ristic,7,2025-2026,Mihailo Ristic,30.0,Serbia,D
10043,mihajlo ilic,77,2023-2024,Mihajlo Ilić,20.0,rs SRB,DF
10044,mihajlo ilic,77,2024-2025,Mihajlo Ilić,21.0,rs SRB,DF
10045,mihajlo ilic,77,2025-2026,Mihajlo Ilić,22.0,Serbia,D
10046,mika baur,59,2023-2024,Mika Baur,19.0,de GER,MF
10047,mika biereth,114,2024-2025,Mika Biereth,21.0,dk DEN,FW
10048,mika biereth,114,2025-2026,Mika Biereth,22.0,Denmark,F
10049,mika marmol,13,2023-2024,Mika Mármol,22.0,es ESP,DF
10050,mika marmol,13,2024-2025,Mika Mármol,23.0,es ESP,DF
10051,mika walther,68,2024-2025,Mika Walther,16.0,de GER,MF
10052,mikael,95,2023-2024,Mikael,24.0,Brazil,F
10053,mikael egill ellertsson,84,2025-2026,Mikael Egill Ellertsson,23.0,Iceland,M
10054,mikael egill ellertsson,101,2024-2025,Mikael Egill Ellertsson,22.0,Iceland,M
10055,mikael ellertsson,98,2022-2023,Mikael Ellertsson,20.0,is ISL,MF
10056,mikael ellertsson,101,2024-2025,Mikael Ellertsson,22.0,is ISL,MF
10057,mikayil faye,80,2025-2026,Mikayil Faye,21.0,Senegal,D
10058,mikayil faye,121,2024-2025,Mikayil Faye,20.0,Senegal,D
10059,mikayil ngor faye,5,2023-2024,Mikayil Ngor Faye,19.0,sn SEN,MF
10060,mikayil ngor faye,121,2024-2025,Mikayil Ngor Faye,20.0,sn SEN,DF
10061,mike aidoo,86,2024-2025,Mike Aidoo,19.0,it ITA,DF
10062,mike maignan,75,2022-2023,Mike Maignan,27.0,fr FRA,GK
10063,mike maignan,75,2023-2024,Mike Maignan,28.0,fr FRA,GK
10064,mike maignan,75,2024-2025,Mike Maignan,29.0,fr FRA,GK
10065,mike maignan,75,2025-2026,Mike Maignan,30.0,France,K
10066,mike maignanac,75,2022-2023,Mike MaignanAC,,,
10067,mike maignanac,75,2023-2024,Mike MaignanAC,,,
10068,mike maignanac,75,2024-2025,Mike MaignanAC,,,
10069,mike penders,123,2025-2026,Mike Penders,20.0,Belgium,K
10070,mike tresor,32,2023-2024,Mike Trésor,24.0,be BEL,"MF,FW"
10071,mike tresor,32,2025-2026,Mike Tresor,26.0,Belgium,F
10072,mikel balenziaga,3,2022-2023,Mikel Balenziaga,34.0,es ESP,DF
10073,mikel goti,22,2024-2025,Mikel Goti,22.0,es ESP,MF
10074,mikel jauregizar,3,2023-2024,Mikel Jauregizar,19.0,es ESP,MF
10075,mikel jauregizar,3,2024-2025,Mikel Jauregizar,20.0,es ESP,MF
10076,mikel jauregizar,3,2025-2026,Mikel Jauregizar,22.0,Spain,M
10077,mikel merino,22,2022-2023,Mikel Merino,26.0,es ESP,MF
10078,mikel merino,22,2023-2024,Mikel Merino,27.0,es ESP,MF
10079,mikel merino,27,2024-2025,Mikel Merino,28.0,es ESP,"MF,FW"
10080,mikel merino,27,2025-2026,Mikel Merino,29.0,Spain,M
10081,mikel oyarzabal,22,2022-2023,Mikel Oyarzabal,25.0,es ESP,"FW,MF"
10082,mikel oyarzabal,22,2023-2024,Mikel Oyarzabal,26.0,es ESP,"FW,MF"
10083,mikel oyarzabal,22,2024-2025,Mikel Oyarzabal,27.0,es ESP,FW
10084,mikel oyarzabal,22,2025-2026,Mikel Oyarzabal,28.0,Spain,F
10085,mikel vesga,3,2022-2023,Mikel Vesga,29.0,es ESP,MF
10086,mikel vesga,3,2023-2024,Mikel Vesga,30.0,es ESP,MF
10087,mikel vesga,3,2024-2025,Mikel Vesga,31.0,es ESP,MF
10088,mikel vesga,3,2025-2026,Mikel Vesga,32.0,Spain,M
10089,mikey moore,49,2023-2024,Mikey Moore,15.0,eng ENG,MF
10090,mikey moore,49,2024-2025,Mikey Moore,16.0,eng ENG,"MF,FW"
10091,miki bosch,12,2023-2024,Miki Bosch,,,
10092,mikkel damsgaard,30,2022-2023,Mikkel Damsgaard,22.0,dk DEN,"MF,FW"
10093,mikkel damsgaard,30,2023-2024,Mikkel Damsgaard,23.0,dk DEN,MF
10094,mikkel damsgaard,30,2024-2025,Mikkel Damsgaard,24.0,dk DEN,MF
10095,mikkel damsgaard,30,2025-2026,Mikkel Damsgaard,25.0,Denmark,F
10096,mikkel desler,124,2022-2023,Mikkel Desler,27.0,dk DEN,DF
10097,mikkel desler,124,2023-2024,Mikkel Desler,28.0,dk DEN,"DF,MF"
10098,mikkel kaufmann,61,2024-2025,Mikkel Kaufmann,23.0,dk DEN,"FW,MF"
10099,mikkel kaufmann,61,2025-2026,Mikkel Kaufmann,25.0,Denmark,F
10100,mikkel kaufmann,72,2023-2024,Mikkel Kaufmann,22.0,dk DEN,FW
10101,mikkel kaufmannfc,61,2024-2025,Mikkel KaufmannFC,,,
10102,milan aleksic,48,2025-2026,Milan Aleksic,20.0,Serbia,F
10103,milan badelj,84,2023-2024,Milan Badelj,34.0,hr CRO,MF
10104,milan badelj,84,2024-2025,Milan Badelj,35.0,hr CRO,MF
10105,milan djuric,80,2025-2026,Milan Djuric,35.0,Bosnia-Herzegovina,F
10106,milan djuric,85,2022-2023,Milan Djuric,32.0,Bosnia-Herzegovina,F
10107,milan djuric,85,2023-2024,Milan Djuric,,,
10108,milan djuric,90,2023-2024,Milan Djuric,33.0,Bosnia-Herzegovina,F
10109,milan djuric,90,2024-2025,Milan Djuric,,,
10110,milan djuric,92,2024-2025,Milan Djuric,34.0,Bosnia-Herzegovina,F
10111,milan skriniar,86,2022-2023,Milan Skriniar,27.0,sk SVK,DF
10112,milan skriniar,119,2023-2024,Milan Skriniar,28.0,sk SVK,DF
10113,milan skriniar,119,2024-2025,Milan Skriniar,29.0,sk SVK,DF
10114,milan uric,85,2022-2023,Milan Đurić,32.0,ba BIH,FW
10115,milan uric,85,2023-2024,Milan Đurić,33.0,ba BIH,FW
10116,milan uric,90,2023-2024,Milan Đurić,33.0,ba BIH,FW
10117,milan uric,90,2024-2025,Milan Đurić,34.0,ba BIH,FW
10118,milan uric,92,2024-2025,Milan Đurić,34.0,ba BIH,FW
10119,mile svilar,94,2022-2023,Mile Svilar,22.0,rs SRB,GK
10120,mile svilar,94,2023-2024,Mile Svilar,23.0,rs SRB,GK
10121,mile svilar,94,2024-2025,Mile Svilar,24.0,rs SRB,GK
10122,mile svilar,94,2025-2026,Mile Svilar,26.0,Serbia,K
10123,milos kerkez,29,2023-2024,Milos Kerkez,19.0,hu HUN,DF
10124,milos kerkez,29,2024-2025,Milos Kerkez,20.0,hu HUN,DF
10125,milos kerkez,40,2025-2026,Milos Kerkez,22.0,Hungary,D
10126,milos lukovic,123,2024-2025,Milos Lukovic,18.0,rs SRB,FW
10127,milos pantovic,72,2022-2023,Milos Pantovic,26.0,rs SRB,"FW,MF"
10128,milos pantovic,72,2023-2024,Milos Pantovic,27.0,rs SRB,"FW,MF"
10129,milos veljkovic,73,2022-2023,Milos Veljkovic,26.0,rs SRB,DF
10130,milos veljkovic,73,2023-2024,Milos Veljkovic,27.0,rs SRB,DF
10131,milos veljkovic,73,2024-2025,Milos Veljkovic,28.0,rs SRB,DF
10132,milutin osmajic,6,2023-2024,Milutin Osmajic,24.0,me MNE,FW
10133,min-hyeok yang,49,2024-2025,Min-hyeok Yang,18.0,South Korea,F
10134,min-hyeok yang,49,2025-2026,Min-hyeok Yang,19.0,South Korea,F
10135,min-jae kim,54,2023-2024,Min-jae Kim,27.0,South Korea,D
10136,min-jae kim,54,2024-2025,Min-jae Kim,28.0,South Korea,D
10137,min-jae kim,54,2025-2026,Min-jae Kim,29.0,South Korea,D
10138,min-jae kim,91,2022-2023,Min-jae Kim,26.0,South Korea,D
10139,min-su kim,11,2024-2025,Min-su Kim,19.0,South Korea,F
10140,mio backhaus,73,2022-2023,Mio Backhaus,18.0,Germany,K
10141,mio backhaus,73,2024-2025,Mio Backhaus,20.0,de GER,GK
10142,mio backhaus,73,2025-2026,Mio Backhaus,21.0,Germany,K
10143,miralem pjanic,5,2022-2023,Miralem Pjanić,32.0,ba BIH,MF
10144,mirko maric,90,2022-2023,Mirko Marić,27.0,hr CRO,FW
10145,mirko maric,90,2023-2024,Mirko Maric,28.0,hr CRO,FW
10146,mirko maric,90,2024-2025,Mirko Maric,29.0,hr CRO,FW
10147,mirko maric,101,2024-2025,Mirko Maric,29.0,hr CRO,FW
10148,miro muheim,60,2025-2026,Miro Muheim,27.0,Switzerland,D
10149,mirza catovic,71,2025-2026,Mirza Catovic,18.0,Serbia,M
10150,mislav orsic,47,2022-2023,Mislav Orsic,29.0,hr CRO,"FW,MF"
10151,mitchel bakker,53,2022-2023,Mitchel Bakker,22.0,nl NED,"MF,DF"
10152,mitchel bakker,76,2023-2024,Mitchel Bakker,23.0,nl NED,MF
10153,mitchel bakker,76,2024-2025,Mitchel Bakker,24.0,nl NED,"DF,MF"
10154,mitchel bakker,76,2025-2026,Mitchel Bakker,25.0,Netherlands,M
10155,mitchel bakker,109,2024-2025,Mitchel Bakker,24.0,nl NED,"MF,DF"
10156,mitchell van bergen,120,2022-2023,Mitchell van Bergen,22.0,nl NED,"MF,FW"
10157,mitchell weiser,73,2022-2023,Mitchell Weiser,28.0,de GER,MF
10158,mitchell weiser,73,2023-2024,Mitchell Weiser,29.0,de GER,MF
10159,mitchell weiser,73,2024-2025,Mitchell Weiser,30.0,de GER,MF
10160,mitchell weiser,73,2025-2026,Mitchell Weiser,31.0,Germany,D
10161,mo toure,120,2022-2023,Mo Touré,18.0,au AUS,FW
10162,moanes dabbur,63,2022-2023,Moanes Dabbur,30.0,il ISR,FW
10163,modibo sagnan,115,2023-2024,Modibo Sagnan,24.0,ml MLI,DF
10164,modibo sagnan,115,2024-2025,Modibo Sagnan,25.0,ml MLI,DF
10165,mohamadou kante,50,2024-2025,Mohamadou Kanté,19.0,France,M
10166,mohamed abdelmoneim,117,2024-2025,Mohamed Abdelmoneim,25.0,eg EGY,DF
10167,mohamed abdelmonem,117,2024-2025,Mohamed Abdelmonem,26.0,Egypt,D
10168,mohamed abdelmonem,117,2025-2026,Mohamed Abdelmonem,27.0,Egypt,D
10169,mohamed achi,116,2022-2023,Mohamed Achi,20.0,fr FRA,MF
10170,mohamed ali cho,22,2022-2023,Mohamed Ali Cho,18.0,fr FRA,"FW,MF"
10171,mohamed ali cho,22,2023-2024,Mohamed Ali Cho,19.0,fr FRA,FW
10172,mohamed ali cho,117,2023-2024,Mohamed Ali Cho,19.0,fr FRA,FW
10173,mohamed ali cho,117,2024-2025,Mohamed Ali Cho,20.0,fr FRA,"FW,MF"
10174,mohamed amoura,74,2024-2025,Mohamed Amoura,24.0,dz ALG,"FW,MF"
10175,mohamed amoura,74,2025-2026,Mohamed Amoura,25.0,Algeria,F
10176,mohamed bamba,110,2023-2024,Mohamed Bamba,21.0,ci CIV,FW
10177,mohamed bamba,110,2025-2026,Mohamed Bamba,24.0,Cote d'Ivoire,F
10178,mohamed bamba,120,2024-2025,Mohamed Bamba,19.0,ci CIV,MF
10179,mohamed bayo,107,2023-2024,Mohamed Bayo,25.0,Guinea,F
10180,mohamed bayo,109,2022-2023,Mohamed Bayo,24.0,Guinea,F
10181,mohamed bayo,109,2024-2025,Mohamed Bayo,26.0,Guinea,F
10182,mohamed bayo,109,2025-2026,Mohamed Bayo,27.0,Guinea,F
10183,mohamed bechikh,123,2023-2024,Mohamed Bechikh,18.0,fr FRA,FW
10184,mohamed bouchenna,106,2023-2024,Mohamed Bouchenna,17.0,fr FRA,FW
10185,mohamed camara,94,2022-2023,Mohamed Camara,25.0,gn GUI,MF
10186,mohamed camara,114,2022-2023,Mohamed Camara,22.0,ml MLI,MF
10187,mohamed camara,114,2023-2024,Mohamed Camara,23.0,ml MLI,MF
10188,mohamed daramy,120,2023-2024,Mohamed Daramy,21.0,dk DEN,"FW,MF"
10189,mohamed daramy,120,2024-2025,Mohamed Daramy,22.0,dk DEN,"FW,MF"
10190,mohamed el arouch,111,2022-2023,Mohamed El Arouch,18.0,fr FRA,MF
10191,mohamed el arouch,111,2023-2024,Mohamed El Arouch,19.0,fr FRA,MF
10192,mohamed elneny,27,2022-2023,Mohamed Elneny,30.0,eg EGY,MF
10193,mohamed elneny,27,2023-2024,Mohamed Elneny,31.0,eg EGY,MF
10194,mohamed elyounoussi,47,2022-2023,Mohamed Elyounoussi,27.0,no NOR,MF
10195,mohamed fares,88,2022-2023,Mohamed Fares,26.0,dz ALG,"DF,FW"
10196,mohamed haj,92,2024-2025,Mohamed Haj,19.0,tn TUN,MF
10197,mohamed ihattaren,87,2022-2023,Mohamed Ihattaren,20.0,Netherlands,F
10198,mohamed kaba,89,2023-2024,Mohamed Kaba,21.0,gn GUI,MF
10199,mohamed kaba,89,2024-2025,Mohamed Kaba,22.0,gn GUI,MF
10200,mohamed kaba,116,2025-2026,Mohamed Kaba,24.0,France,M
10201,mohamed lamine bayo,107,2023-2024,Mohamed Lamine Bayo,25.0,gn GUI,FW
10202,mohamed lamine bayo,109,2022-2023,Mohamed Lamine Bayo,24.0,gn GUI,FW
10203,mohamed lamine bayo,109,2024-2025,Mohamed Lamine Bayo,26.0,gn GUI,FW
10204,mohamed meite,121,2024-2025,Mohamed Meïté,,,
10205,mohamed salah,40,2022-2023,Mohamed Salah,30.0,eg EGY,FW
10206,mohamed salah,40,2023-2024,Mohamed Salah,31.0,eg EGY,FW
10207,mohamed salah,40,2024-2025,Mohamed Salah,32.0,eg EGY,MF
10208,mohamed salah,40,2025-2026,Mohamed Salah,33.0,Egypt,F
10209,mohamed sankoh,71,2023-2024,Mohamed Sankoh,19.0,nl NED,FW
10210,mohamed sankoh,71,2024-2025,Mohamed Sankoh,21.0,Netherlands,F
10211,mohamed simakan,68,2022-2023,Mohamed Simakan,22.0,fr FRA,DF
10212,mohamed simakan,68,2023-2024,Mohamed Simakan,23.0,fr FRA,DF
10213,mohamed simakan,68,2024-2025,Mohamed Simakan,24.0,fr FRA,DF
10214,mohamed toure,120,2022-2023,Mohamed Touré,,,
10215,mohamed youssouf,102,2022-2023,Mohamed Youssouf,34.0,km COM,DF
10216,mohamed youssoufac,102,2022-2023,Mohamed YoussoufAC,,,
10217,mohamed-ali cho,22,2022-2023,Mohamed-Ali Cho,19.0,France,F
10218,mohamed-ali cho,22,2023-2024,Mohamed-Ali Cho,,,
10219,mohamed-ali cho,117,2023-2024,Mohamed-Ali Cho,20.0,France,F
10220,mohamed-ali cho,117,2024-2025,Mohamed-Ali Cho,21.0,France,F
10221,mohamed-ali cho,117,2025-2026,Mohamed-Ali Cho,22.0,France,F
10222,mohamed-amine bouchenna,106,2023-2024,Mohamed-Amine Bouchenna,,,
10223,mohammed amoura,74,2024-2025,Mohammed Amoura,,,
10224,mohammed kudus,49,2025-2026,Mohammed Kudus,25.0,Ghana,F
10225,mohammed kudus,50,2023-2024,Mohammed Kudus,22.0,gh GHA,MF
10226,mohammed kudus,50,2024-2025,Mohammed Kudus,23.0,gh GHA,"MF,FW"
10227,mohammed salisu,47,2022-2023,Mohammed Salisu,23.0,gh GHA,DF
10228,mohammed salisu,114,2023-2024,Mohammed Salisu,24.0,gh GHA,DF
10229,mohammed salisu,114,2024-2025,Mohammed Salisu,25.0,gh GHA,DF
10230,mohammed salisu,114,2025-2026,Mohammed Salisu,26.0,Ghana,D
10231,mohammed tolba,55,2022-2023,Mohammed Tolba,18.0,de GER,DF
10232,mohammed tolba,55,2023-2024,Mohammed Tolba,19.0,Germany,D
10233,mohammed tolba,55,2024-2025,Mohammed Tolba,20.0,de GER,DF
10234,moi gomez,17,2022-2023,Moi Gómez,28.0,es ESP,MF
10235,moi gomez,17,2023-2024,Moi Gómez,29.0,es ESP,"MF,FW"
10236,moi gomez,17,2024-2025,Moi Gómez,30.0,es ESP,"MF,FW"
10237,moi gomez,17,2025-2026,Moi Gómez,31.0,Spain,F
10238,moi parra,10,2022-2023,Moi Parra,,,
10239,moise bombito,117,2024-2025,Moïse Bombito,24.0,ca CAN,DF
10240,moise bombito,117,2025-2026,Moïse Bombito,25.0,Canada,D
10241,moise kean,82,2024-2025,Moise Kean,24.0,it ITA,FW
10242,moise kean,82,2025-2026,Moise Kean,25.0,Italy,F
10243,moise kean,87,2022-2023,Moise Kean,22.0,it ITA,FW
10244,moise kean,87,2023-2024,Moise Kean,23.0,it ITA,FW
10245,moise sahi dion,123,2023-2024,Moïse Sahi Dion,21.0,ci CIV,"MF,FW"
10246,moise sahi dion,123,2024-2025,Moïse Sahi Dion,23.0,Cote d'Ivoire,F
10247,moises caicedo,31,2022-2023,Moisés Caicedo,20.0,ec ECU,MF
10248,moises caicedo,33,2023-2024,Moisés Caicedo,21.0,ec ECU,MF
10249,moises caicedo,33,2024-2025,Moisés Caicedo,22.0,ec ECU,"MF,DF"
10250,moises caicedo,33,2025-2026,Moisés Caicedo,24.0,Ecuador,M
10251,moises parra gutierrez,10,2022-2023,Moises Parra Gutierrez,20.0,es ESP,MF
10252,mokrane bentoumi,107,2023-2024,Mokrane Bentoumi,18.0,France,F
10253,momo mbaye,6,2022-2023,Momo Mbaye,24.0,Senegal,D
10254,momo mbaye,6,2023-2024,Momo Mbaye,25.0,Senegal,D
10255,monchu,23,2022-2023,Monchu,22.0,es ESP,MF
10256,montassar talbi,110,2022-2023,Montassar Talbi,24.0,tn TUN,DF
10257,montassar talbi,110,2023-2024,Montassar Talbi,25.0,tn TUN,DF
10258,montassar talbi,110,2025-2026,Montassar Talbi,27.0,Tunisia,D
10259,montrell culbreath,53,2025-2026,Montrell Culbreath,18.0,Germany,F
10260,morato,45,2024-2025,Morato,23.0,br BRA,DF
10261,morato,45,2025-2026,Morato,24.0,Brazil,D
10262,morgan bokele,113,2025-2026,Morgan Bokele,21.0,Cameroon,F
10263,morgan gibbs-white,45,2022-2023,Morgan Gibbs-White,22.0,eng ENG,"MF,FW"
10264,morgan gibbs-white,45,2023-2024,Morgan Gibbs-White,23.0,eng ENG,"MF,FW"
10265,morgan gibbs-white,45,2024-2025,Morgan Gibbs-White,24.0,eng ENG,MF
10266,morgan gibbs-white,45,2025-2026,Morgan Gibbs-White,26.0,England,F
10267,morgan gibbs-white,51,2022-2023,Morgan Gibbs-White,22.0,eng ENG,MF
10268,morgan guilavogui,70,2024-2025,Morgan Guilavogui,26.0,gn GUI,"FW,MF"
10269,morgan guilavogui,108,2023-2024,Morgan Guilavogui,25.0,gn GUI,FW
10270,morgan rogers,28,2023-2024,Morgan Rogers,21.0,eng ENG,MF
10271,morgan rogers,28,2024-2025,Morgan Rogers,22.0,eng ENG,MF
10272,morgan rogers,28,2025-2026,Morgan Rogers,23.0,England,F
10273,morgan sanson,28,2022-2023,Morgan Sanson,27.0,fr FRA,MF
10274,morgan sanson,117,2023-2024,Morgan Sanson,28.0,fr FRA,MF
10275,morgan sanson,117,2024-2025,Morgan Sanson,29.0,fr FRA,MF
10276,morgan sanson,117,2025-2026,Morgan Sanson,31.0,France,M
10277,morgan sanson,123,2022-2023,Morgan Sanson,27.0,fr FRA,MF
10278,moritz broschinski,55,2022-2023,Moritz Broschinski,21.0,de GER,FW
10279,moritz broschinski,55,2023-2024,Moritz Broschinski,22.0,de GER,"FW,MF"
10280,moritz broschinski,55,2024-2025,Moritz Broschinski,23.0,de GER,"FW,MF"
10281,moritz jenz,66,2024-2025,Moritz Jenz,25.0,de GER,DF
10282,moritz jenz,69,2022-2023,Moritz Jenz,23.0,de GER,DF
10283,moritz jenz,74,2023-2024,Moritz Jenz,24.0,de GER,DF
10284,moritz jenz,74,2025-2026,Moritz Jenz,26.0,Germany,D
10285,moritz nicolas,67,2023-2024,Moritz Nicolas,25.0,de GER,GK
10286,moritz nicolas,67,2024-2025,Moritz Nicolas,26.0,de GER,GK
10287,moritz nicolas,67,2025-2026,Moritz Nicolas,28.0,Germany,K
10288,moritz nicolasborussia m.,67,2023-2024,Moritz NicolasBorussia M.,,,
10289,moritz nicolasborussia m.,67,2024-2025,Moritz NicolasBorussia M.,,,
10290,moritz romling,55,2023-2024,Moritz Römling,22.0,de GER,FW
10291,moritz-broni kwarteng,55,2023-2024,Moritz-Broni Kwarteng,25.0,gh GHA,"MF,FW"
10292,moritz-broni kwarteng,55,2024-2025,Moritz-Broni Kwarteng,26.0,gh GHA,MF
10293,morro,18,2022-2023,Morro,21.0,es ESP,GK
10294,morro,18,2023-2024,Morro,22.0,es ESP,GK
10295,morro,18,2024-2025,Morro,23.0,es ESP,GK
10296,morten behrens,57,2023-2024,Morten Behrens,26.0,de GER,GK
10297,morten frendrup,84,2023-2024,Morten Frendrup,22.0,dk DEN,MF
10298,morten frendrup,84,2024-2025,Morten Frendrup,23.0,dk DEN,MF
10299,morten frendrup,84,2025-2026,Morten Frendrup,24.0,Denmark,M
10300,morten hjulmand,89,2022-2023,Morten Hjulmand,23.0,dk DEN,MF
10301,morten thorsby,72,2022-2023,Morten Thorsby,26.0,no NOR,MF
10302,morten thorsby,80,2025-2026,Morten Thorsby,29.0,Norway,M
10303,morten thorsby,84,2023-2024,Morten Thorsby,27.0,no NOR,MF
10304,morten thorsby,84,2024-2025,Morten Thorsby,28.0,no NOR,MF
10305,mory diaw,106,2022-2023,Mory Diaw,29.0,sn SEN,GK
10306,mory diaw,106,2023-2024,Mory Diaw,30.0,sn SEN,GK
10307,mory diaw,107,2025-2026,Mory Diaw,32.0,Senegal,K
10308,mory gbane,120,2024-2025,Mory Gbane,23.0,ci CIV,"DF,MF"
10309,moses simon,116,2022-2023,Moses Simon,27.0,ng NGA,"MF,FW"
10310,moses simon,116,2023-2024,Moses Simon,28.0,ng NGA,"MF,FW"
10311,moses simon,116,2024-2025,Moses Simon,29.0,ng NGA,"FW,MF"
10312,moses simon,118,2025-2026,Moses Simon,30.0,Nigeria,F
10313,mostafa mohamed,116,2022-2023,Mostafa Mohamed,24.0,eg EGY,FW
10314,mostafa mohamed,116,2023-2024,Mostafa Mohamed,25.0,eg EGY,FW
10315,mostafa mohamed,116,2024-2025,Mostafa Mohamed,26.0,eg EGY,FW
10316,mostafa mohamed,116,2025-2026,Mostafa Mohamed,28.0,Egypt,F
10317,mouctar diakhaby,25,2022-2023,Mouctar Diakhaby,25.0,gn GUI,DF
10318,mouctar diakhaby,25,2023-2024,Mouctar Diakhaby,26.0,gn GUI,"DF,MF"
10319,mouctar diakhaby,25,2024-2025,Mouctar Diakhaby,27.0,gn GUI,DF
10320,mouctar diakhaby,25,2025-2026,Mouctar Diakhaby,29.0,Guinea,D
10321,mouhamadou sarr,80,2022-2023,Mouhamadou Sarr,25.0,sn SEN,GK
10322,mounaim el idrissy,102,2022-2023,Mounaim El Idrissy,23.0,fr FRA,FW
10323,mounaim el idrissyac,102,2022-2023,Mounaïm El IdrissyAC,,,
10324,mousa al-tamari,115,2023-2024,Mousa Al-Tamari,26.0,Jordan,F
10325,mousa al-tamari,121,2024-2025,Mousa Al-Tamari,27.0,Jordan,F
10326,mousa al-tamari,121,2025-2026,Mousa Al-Tamari,28.0,Jordan,M
10327,mousa tamari,115,2023-2024,Mousa Tamari,,,
10328,mousa tamari,115,2024-2025,Mousa Tamari,,,
10329,mousa tamari,121,2024-2025,Mousa Tamari,,,
10330,moussa cisse,71,2023-2024,Moussa Cissé,20.0,fr FRA,DF
10331,moussa dembele,111,2022-2023,Moussa Dembélé,26.0,fr FRA,FW
10332,moussa diaby,28,2023-2024,Moussa Diaby,24.0,fr FRA,"MF,FW"
10333,moussa diaby,53,2022-2023,Moussa Diaby,23.0,fr FRA,"FW,MF"
10334,moussa diakite,6,2023-2024,Moussa Diakité,19.0,ml MLI,MF
10335,moussa diarra,1,2024-2025,Moussa Diarra,23.0,ml MLI,DF
10336,moussa diarra,124,2022-2023,Moussa Diarra,21.0,ml MLI,DF
10337,moussa diarra,124,2023-2024,Moussa Diarra,22.0,ml MLI,DF
10338,moussa djenepo,47,2022-2023,Moussa Djenepo,24.0,ml MLI,"DF,MF"
10339,moussa djitte,102,2022-2023,Moussa Djitte,22.0,sn SEN,FW
10340,moussa djitteac,102,2022-2023,Moussa DjittéAC,,,
10341,moussa niakhate,45,2022-2023,Moussa Niakhaté,26.0,sn SEN,DF
10342,moussa niakhate,45,2023-2024,Moussa Niakhaté,27.0,sn SEN,DF
10343,moussa niakhate,111,2024-2025,Moussa Niakhaté,28.0,sn SEN,DF
10344,moussa niakhate,111,2025-2026,Moussa Niakhaté,29.0,Senegal,D
10345,moussa sissoko,116,2022-2023,Moussa Sissoko,32.0,fr FRA,MF
10346,moussa sissoko,116,2023-2024,Moussa Sissoko,33.0,fr FRA,MF
10347,moussa soumano,102,2022-2023,Moussa Soumano,17.0,fr FRA,FW
10348,moussa soumanoac,102,2022-2023,Moussa SoumanoAC,,,
10349,moustapha cisse,76,2023-2024,Moustapha Cissé,19.0,gn GUI,FW
10350,moutir chajia,79,2024-2025,Moutir Chajia,26.0,Belgium,F
10351,mu'nas dabbur,63,2022-2023,Mu'nas Dabbur,,,
10352,muhammad dahaba,70,2024-2025,Muhammad Dahaba,19.0,Germany,D
10353,muhammed cham,106,2022-2023,Muhammed Cham,21.0,at AUT,MF
10354,muhammed cham,106,2023-2024,Muhammed Cham,22.0,at AUT,"MF,FW"
10355,muhammed damar,63,2022-2023,Muhammed Damar,18.0,de GER,MF
10356,muhammed damar,63,2025-2026,Muhammed Damar,21.0,Germany,F
10357,munas dabbur,63,2022-2023,Munas Dabbur,30.0,Israel,F
10358,munir el haddadi,10,2022-2023,Munir El Haddadi,26.0,ma MAR,"MF,FW"
10359,munir el haddadi,13,2023-2024,Munir El Haddadi,27.0,ma MAR,"MF,FW"
10360,munir el haddadi,14,2024-2025,Munir El Haddadi,28.0,ma MAR,"MF,FW"
10361,munir el haddadi,24,2022-2023,Munir El Haddadi,26.0,ma MAR,"FW,MF"
10362,murillo,45,2023-2024,Murillo,21.0,br BRA,DF
10363,murillo,45,2024-2025,Murillo,22.0,br BRA,DF
10364,murillo,45,2025-2026,Murillo,23.0,Brazil,D
10365,musa al-taamari,115,2023-2024,Musa Al-Taamari,26.0,jo JOR,"MF,FW"
10366,musa al-taamari,115,2024-2025,Musa Al-Taamari,27.0,jo JOR,"MF,FW"
10367,musa al-taamari,121,2024-2025,Musa Al-Taamari,27.0,jo JOR,"FW,MF"
10368,musa barrow,77,2022-2023,Musa Barrow,23.0,gm GAM,"MF,FW"
10369,mykhailo mudryk,33,2022-2023,Mykhailo Mudryk,21.0,ua UKR,"FW,MF"
10370,mykhailo mudryk,33,2023-2024,Mykhailo Mudryk,22.0,ua UKR,MF
10371,mykhailo mudryk,33,2024-2025,Mykhailo Mudryk,23.0,ua UKR,MF
10372,mykhailo mudryk,33,2025-2026,Mykhailo Mudryk,25.0,Ukraine,F
10373,myles lewis-skelly,27,2023-2024,Myles Lewis-Skelly,16.0,eng ENG,DF
10374,myles lewis-skelly,27,2024-2025,Myles Lewis-Skelly,17.0,eng ENG,DF
10375,myles lewis-skelly,27,2025-2026,Myles Lewis-Skelly,19.0,England,D
10376,myles peart-harris,30,2023-2024,Myles Peart-Harris,20.0,eng ENG,MF
10377,myles peart-harris,30,2024-2025,Myles Peart-Harris,21.0,eng ENG,MF
10378,myles peart-harris,30,2025-2026,Myles Peart-Harris,23.0,Jamaica,F
10379,myron boadu,55,2024-2025,Myron Boadu,23.0,nl NED,FW
10380,myron boadu,114,2022-2023,Myron Boadu,21.0,nl NED,FW
10381,myron boadu,114,2023-2024,Myron Boadu,22.0,nl NED,FW
10382,myrto uzuni,12,2023-2024,Myrto Uzuni,28.0,al ALB,"FW,MF"
10383,myziane maolida,62,2022-2023,Myziane Maolida,23.0,km COM,FW
10384,myziane maolida,120,2022-2023,Myziane Maolida,23.0,km COM,MF
10385,n'golo kante,33,2022-2023,N'Golo Kanté,31.0,fr FRA,MF
10386,n'guessan kouadio,113,2023-2024,N'Guessan Kouadio,20.0,ci CIV,MF
10387,naatan skytta,124,2022-2023,Naatan Skyttä,20.0,fi FIN,MF
10388,naatan skytta,124,2023-2024,Naatan Skyttä,21.0,fi FIN,MF
10389,naatan skytta,124,2024-2025,Naatan Skyttä,22.0,fi FIN,MF
10390,nabil aberdin,10,2023-2024,Nabil Aberdin,20.0,fr FRA,DF
10391,nabil aberdin,10,2024-2025,Nabil Aberdin,21.0,fr FRA,MF
10392,nabil alioui,107,2023-2024,Nabil Alioui,24.0,fr FRA,"MF,FW"
10393,nabil bentaleb,103,2022-2023,Nabil Bentaleb,27.0,dz ALG,MF
10394,nabil bentaleb,109,2023-2024,Nabil Bentaleb,28.0,dz ALG,MF
10395,nabil bentaleb,109,2024-2025,Nabil Bentaleb,29.0,dz ALG,MF
10396,nabil bentaleb,109,2025-2026,Nabil Bentaleb,31.0,Algeria,M
10397,nabil fekir,19,2022-2023,Nabil Fekir,29.0,fr FRA,MF
10398,nabil fekir,19,2023-2024,Nabil Fekir,30.0,fr FRA,"MF,FW"
10399,nabil fekir,19,2024-2025,Nabil Fekir,31.0,fr FRA,MF
10400,nabil touaizi,9,2022-2023,Nabil Touaizi,21.0,ma MAR,MF
10401,naby keita,40,2022-2023,Naby Keïta,27.0,gn GUI,MF
10402,naby keita,73,2023-2024,Naby Keïta,28.0,gn GUI,MF
10403,nacho,20,2022-2023,Nacho,32.0,es ESP,DF
10404,nacho,20,2023-2024,Nacho,33.0,es ESP,DF
10405,nacho fernandez,20,2022-2023,Nacho Fernández,33.0,Spain,D
10406,nacho fernandez,20,2023-2024,Nacho Fernández,34.0,Spain,D
10407,nacho ferri,58,2022-2023,Nacho Ferri,18.0,Spain,F
10408,nacho ferri,58,2023-2024,Nacho Ferri,18.0,es ESP,FW
10409,nacho quintana,24,2022-2023,Nacho Quintana,21.0,es ESP,FW
10410,nacho vidal,16,2023-2024,Nacho Vidal,28.0,es ESP,DF
10411,nacho vidal,17,2022-2023,Nacho Vidal,27.0,es ESP,DF
10412,nacho vidal,17,2023-2024,Nacho Vidal,28.0,es ESP,DF
10413,nacho vidal,17,2024-2025,Nacho Vidal,29.0,es ESP,DF
10414,nacho vidal,21,2025-2026,Nacho Vidal,31.0,Spain,D
10415,naci unuvar,9,2024-2025,Naci Ünüvar,21.0,nl NED,"FW,MF"
10416,nadiem amiri,53,2022-2023,Nadiem Amiri,25.0,de GER,"MF,FW"
10417,nadiem amiri,53,2023-2024,Nadiem Amiri,26.0,de GER,MF
10418,nadiem amiri,66,2023-2024,Nadiem Amiri,26.0,de GER,MF
10419,nadiem amiri,66,2024-2025,Nadiem Amiri,27.0,de GER,MF
10420,nadiem amiri,66,2025-2026,Nadiem Amiri,29.0,Germany,M
10421,nadir zortea,76,2022-2023,Nadir Zortea,23.0,it ITA,MF
10422,nadir zortea,76,2023-2024,Nadir Zortea,24.0,it ITA,"DF,MF"
10423,nadir zortea,77,2025-2026,Nadir Zortea,26.0,Italy,D
10424,nadir zortea,78,2024-2025,Nadir Zortea,25.0,it ITA,MF
10425,nadir zortea,83,2023-2024,Nadir Zortea,24.0,it ITA,"MF,DF"
10426,nadir zortea,97,2022-2023,Nadir Zortea,23.0,it ITA,DF
10427,nahitan nandez,78,2023-2024,Nahitan Nández,27.0,uy URU,"MF,DF"
10428,nahuel estevez,92,2024-2025,Nahuel Estévez,28.0,ar ARG,MF
10429,nahuel estevez,92,2025-2026,Nahuel Estévez,30.0,Argentina,M
10430,nahuel molina,4,2022-2023,Nahuel Molina,24.0,ar ARG,DF
10431,nahuel molina,4,2023-2024,Nahuel Molina,25.0,ar ARG,"MF,DF"
10432,nahuel molina,4,2024-2025,Nahuel Molina,26.0,ar ARG,DF
10433,nahuel molina,4,2025-2026,Nahuel Molina,27.0,Argentina,D
10434,nahuel noll,63,2022-2023,Nahuel Noll,19.0,de GER,GK
10435,nahuel noll,63,2023-2024,Nahuel Noll,20.0,de GER,GK
10436,nahuel tenaglia,1,2023-2024,Nahuel Tenaglia,27.0,ar ARG,DF
10437,nahuel tenaglia,1,2024-2025,Nahuel Tenaglia,28.0,ar ARG,DF
10438,nahuel tenaglia,1,2025-2026,Nahuel Tenaglia,29.0,Argentina,D
10439,naim byar,77,2024-2025,Naïm Byar,19.0,ma MAR,MF
10440,naim garcia,14,2024-2025,Naim García,22.0,es ESP,MF
10441,naj razi,79,2024-2025,Naj Razi,17.0,ie IRL,FW
10442,nampalys mendy,39,2022-2023,Nampalys Mendy,30.0,sn SEN,MF
10443,nampalys mendy,108,2023-2024,Nampalys Mendy,31.0,sn SEN,MF
10444,nampalys mendy,108,2024-2025,Nampalys Mendy,32.0,sn SEN,MF
10445,nando almodovar,6,2022-2023,Nando Almodóvar,18.0,es ESP,GK
10446,nando almodovar,6,2023-2024,Nando Almodóvar,19.0,es ESP,GK
10447,naouirou ahamada,34,2022-2023,Naouirou Ahamada,20.0,fr FRA,MF
10448,naouirou ahamada,34,2023-2024,Naouirou Ahamada,21.0,fr FRA,MF
10449,naouirou ahamada,34,2024-2025,Naouirou Ahamada,22.0,fr FRA,MF
10450,naouirou ahamada,71,2022-2023,Naouirou Ahamada,20.0,fr FRA,MF
10451,naouirou ahamada,104,2025-2026,Naouirou Ahamada,23.0,France,M
10452,naouirou ahamada,121,2024-2025,Naouirou Ahamada,22.0,fr FRA,MF
10453,nasser djiga,51,2024-2025,Nasser Djiga,21.0,bf BFA,DF
10454,nassim boujellab,69,2022-2023,Nassim Boujellab,23.0,Morocco,M
10455,natan,19,2024-2025,Natan,23.0,br BRA,DF
10456,natan,19,2025-2026,Natan,24.0,Brazil,D
10457,natan,91,2023-2024,Natan,22.0,br BRA,DF
10458,natanael bouekou,104,2022-2023,Natanaël Bouekou,20.0,France,M
10459,nathan ake,42,2022-2023,Nathan Aké,27.0,nl NED,DF
10460,nathan ake,42,2023-2024,Nathan Aké,28.0,nl NED,DF
10461,nathan ake,42,2024-2025,Nathan Aké,29.0,nl NED,DF
10462,nathan ake,42,2025-2026,Nathan Aké,30.0,Netherlands,D
10463,nathan bishop,43,2022-2023,Nathan Bishop,22.0,eng ENG,GK
10464,nathan broadhead,37,2024-2025,Nathan Broadhead,26.0,wls WAL,MF
10465,nathan buayi-kiala,104,2024-2025,Nathan Buayi-Kiala,20.0,France,M
10466,nathan buayi-kiala,104,2025-2026,Nathan Buayi-Kiala,21.0,France,M
10467,nathan butler-oyedeji,27,2022-2023,Nathan Butler-Oyedeji,19.0,eng ENG,FW
10468,nathan butler-oyedeji,27,2024-2025,Nathan Butler-Oyedeji,21.0,eng ENG,FW
10469,nathan collins,30,2023-2024,Nathan Collins,22.0,ie IRL,DF
10470,nathan collins,30,2024-2025,Nathan Collins,23.0,ie IRL,DF
10471,nathan collins,30,2025-2026,Nathan Collins,24.0,Ireland,D
10472,nathan collins,51,2022-2023,Nathan Collins,21.0,ie IRL,DF
10473,nathan ferguson,34,2022-2023,Nathan Ferguson,22.0,England,D
10474,nathan ferguson,34,2023-2024,Nathan Ferguson,23.0,England,D
10475,nathan fraser,51,2022-2023,Nathan Fraser,17.0,ie IRL,FW
10476,nathan fraser,51,2023-2024,Nathan Fraser,18.0,ie IRL,FW
10477,nathan fraser,51,2024-2025,Nathan Fraser,19.0,Ireland,F
10478,nathan fraser,51,2025-2026,Nathan Fraser,20.0,Ireland,F
10479,nathan n'goumou,67,2022-2023,Nathan N'Goumou,22.0,cm CMR,"MF,FW"
10480,nathan n'goumou,67,2023-2024,Nathan N'Goumou,23.0,cm CMR,"MF,FW"
10481,nathan n'goumou,67,2024-2025,Nathan N'Goumou,24.0,cm CMR,MF
10482,nathan n'goumou,67,2025-2026,Nathan N'Goumou,25.0,Cameroon,F
10483,nathan n'goumou,124,2022-2023,Nathan N'Goumou,22.0,cm CMR,MF
10484,nathan ngoumou,124,2022-2023,Nathan Ngoumou,,,
10485,nathan ngoumouborussia m.,67,2022-2023,Nathan NgoumouBorussia M.,,,
10486,nathan ngoumouborussia m.,67,2023-2024,Nathan NgoumouBorussia M.,,,
10487,nathan ngoumouborussia m.,67,2024-2025,Nathan NgoumouBorussia M.,,,
10488,nathan ngoy,109,2025-2026,Nathan Ngoy,22.0,Belgium,D
10489,nathan patterson,35,2022-2023,Nathan Patterson,20.0,sct SCO,"DF,MF"
10490,nathan patterson,35,2023-2024,Nathan Patterson,21.0,sct SCO,DF
10491,nathan patterson,35,2024-2025,Nathan Patterson,22.0,sct SCO,DF
10492,nathan patterson,35,2025-2026,Nathan Patterson,24.0,Scotland,D
10493,nathan redmond,32,2023-2024,Nathan Redmond,29.0,eng ENG,"FW,MF"
10494,nathan redmond,47,2022-2023,Nathan Redmond,28.0,eng ENG,"FW,MF"
10495,nathan tella,53,2023-2024,Nathan Tella,24.0,ng NGA,MF
10496,nathan tella,53,2024-2025,Nathan Tella,25.0,ng NGA,"MF,FW"
10497,nathan tella,53,2025-2026,Nathan Tella,26.0,Nigeria,F
10498,nathan wood,47,2024-2025,Nathan Wood,22.0,England,D
10499,nathan wood-gordon,47,2024-2025,Nathan Wood-Gordon,22.0,eng ENG,DF
10500,nathan zeze,116,2022-2023,Nathan Zézé,17.0,fr FRA,DF
10501,nathan zeze,116,2023-2024,Nathan Zézé,18.0,fr FRA,DF
10502,nathan zeze,116,2024-2025,Nathan Zézé,19.0,fr FRA,DF
10503,nathanael mbuku,52,2022-2023,Nathanaël Mbuku,20.0,cd COD,MF
10504,nathanael mbuku,52,2023-2024,Nathanaël Mbuku,21.0,cd COD,MF
10505,nathanael mbuku,120,2022-2023,Nathanaël Mbuku,20.0,cd COD,MF
10506,nathaniel adjei,110,2023-2024,Nathaniel Adjei,20.0,gh GHA,DF
10507,nathaniel adjei,110,2025-2026,Nathaniel Adjei,23.0,Ghana,D
10508,nathaniel brown,58,2024-2025,Nathaniel Brown,21.0,de GER,"MF,DF"
10509,nathaniel brown,58,2025-2026,Nathaniel Brown,22.0,Germany,D
10510,nathaniel chalobah,36,2022-2023,Nathaniel Chalobah,27.0,eng ENG,MF
10511,nathaniel clyne,34,2022-2023,Nathaniel Clyne,31.0,eng ENG,DF
10512,nathaniel clyne,34,2023-2024,Nathaniel Clyne,32.0,eng ENG,DF
10513,nathaniel clyne,34,2024-2025,Nathaniel Clyne,33.0,eng ENG,"DF,MF"
10514,nathaniel clyne,34,2025-2026,Nathaniel Clyne,34.0,England,D
10515,nathaniel phillips,40,2022-2023,Nathaniel Phillips,25.0,eng ENG,DF
10516,nathaniel phillips,40,2024-2025,Nathaniel Phillips,27.0,England,D
10517,nayef aguerd,22,2024-2025,Nayef Aguerd,28.0,ma MAR,DF
10518,nayef aguerd,50,2022-2023,Nayef Aguerd,26.0,ma MAR,DF
10519,nayef aguerd,50,2023-2024,Nayef Aguerd,27.0,ma MAR,DF
10520,nayef aguerd,50,2024-2025,Nayef Aguerd,28.0,Morocco,D
10521,nayef aguerd,112,2025-2026,Nayef Aguerd,29.0,Morocco,D
10522,nazarii rusyn,48,2025-2026,Nazarii Rusyn,26.0,Ukraine,F
10523,neal maupay,24,2025-2026,Neal Maupay,29.0,France,F
10524,neal maupay,30,2023-2024,Neal Maupay,26.0,fr FRA,FW
10525,neal maupay,31,2022-2023,Neal Maupay,25.0,fr FRA,"FW,MF"
10526,neal maupay,35,2022-2023,Neal Maupay,25.0,fr FRA,FW
10527,neal maupay,35,2023-2024,Neal Maupay,26.0,fr FRA,FW
10528,neal maupay,35,2024-2025,Neal Maupay,27.0,fr FRA,"FW,MF"
10529,neal maupay,112,2024-2025,Neal Maupay,27.0,fr FRA,FW
10530,neal maupay,112,2025-2026,Neal Maupay,29.0,France,F
10531,neco williams,45,2022-2023,Neco Williams,21.0,wls WAL,"DF,MF"
10532,neco williams,45,2023-2024,Neco Williams,22.0,wls WAL,"DF,MF"
10533,neco williams,45,2024-2025,Neco Williams,23.0,wls WAL,"DF,MF"
10534,neco williams,45,2025-2026,Neco Williams,24.0,Wales,D
10535,nediljko labrovic,52,2024-2025,Nediljko Labrovic,24.0,hr CRO,GK
10536,nediljko labrovic,52,2025-2026,Nediljko Labrovic,26.0,Croatia,K
10537,nedim bajrami,81,2022-2023,Nedim Bajrami,23.0,al ALB,"MF,FW"
10538,nedim bajrami,97,2022-2023,Nedim Bajrami,23.0,al ALB,FW
10539,nedim bajrami,97,2023-2024,Nedim Bajrami,24.0,al ALB,"MF,FW"
10540,neeskens kebano,36,2022-2023,Neeskens Kebano,30.0,cd COD,MF
10541,nehuen perez,100,2022-2023,Nehuén Pérez,22.0,ar ARG,DF
10542,nehuen perez,100,2023-2024,Nehuén Pérez,23.0,ar ARG,DF
10543,nehuen perez,100,2024-2025,Nehuén Pérez,24.0,ar ARG,DF
10544,neil el aynaoui,94,2025-2026,Neil El Aynaoui,24.0,Morocco,M
10545,neil el aynaoui,108,2023-2024,Neil El Aynaoui,22.0,ma MAR,MF
10546,neil el aynaoui,108,2024-2025,Neil El Aynaoui,23.0,ma MAR,MF
10547,nelson deossa,19,2025-2026,Nelson Deossa,25.0,Colombia,M
10548,nelson semedo,51,2022-2023,Nélson Semedo,28.0,pt POR,DF
10549,nelson semedo,51,2023-2024,Nélson Semedo,29.0,pt POR,"MF,DF"
10550,nelson semedo,51,2024-2025,Nélson Semedo,30.0,pt POR,"MF,DF"
10551,nelson weiper,66,2022-2023,Nelson Weiper,17.0,de GER,FW
10552,nelson weiper,66,2023-2024,Nelson Weiper,18.0,de GER,FW
10553,nelson weiper,66,2024-2025,Nelson Weiper,19.0,de GER,FW
10554,nelson weiper,66,2025-2026,Nelson Weiper,20.0,Germany,F
10555,nemanja gudelj,24,2022-2023,Nemanja Gudelj,30.0,rs SRB,"DF,MF"
10556,nemanja gudelj,24,2023-2024,Nemanja Gudelj,31.0,rs SRB,"DF,MF"
10557,nemanja gudelj,24,2024-2025,Nemanja Gudelj,32.0,rs SRB,"MF,DF"
10558,nemanja gudelj,24,2025-2026,Nemanja Gudelj,34.0,Serbia,M
10559,nemanja maksimovic,10,2022-2023,Nemanja Maksimovic,27.0,rs SRB,MF
10560,nemanja maksimovic,10,2023-2024,Nemanja Maksimovic,28.0,rs SRB,MF
10561,nemanja matic,94,2022-2023,Nemanja Matic,33.0,rs SRB,MF
10562,nemanja matic,97,2025-2026,Nemanja Matić,37.0,Serbia,M
10563,nemanja matic,111,2023-2024,Nemanja Matic,34.0,rs SRB,MF
10564,nemanja matic,111,2024-2025,Nemanja Matic,35.0,rs SRB,MF
10565,nemanja matic,121,2023-2024,Nemanja Matic,34.0,rs SRB,MF
10566,nemanja radonjic,16,2023-2024,Nemanja Radonjic,27.0,rs SRB,MF
10567,nemanja radonjic,99,2022-2023,Nemanja Radonjic,26.0,rs SRB,"MF,FW"
10568,nemanja radonjic,99,2023-2024,Nemanja Radonjic,27.0,rs SRB,MF
10569,nesta elphege,92,2025-2026,Nesta Elphege,25.0,France,F
10570,neto,27,2024-2025,Neto,35.0,br BRA,GK
10571,neto,29,2022-2023,Neto,33.0,br BRA,GK
10572,neto,29,2023-2024,Neto,34.0,br BRA,GK
10573,neto,29,2024-2025,Neto,35.0,br BRA,GK
10574,neto borges,106,2022-2023,Neto Borges,25.0,br BRA,"MF,DF"
10575,neto borges,106,2023-2024,Neto Borges,26.0,br BRA,"MF,DF"
10576,neymar,119,2022-2023,Neymar,30.0,br BRA,"MF,FW"
10577,ngal'ayel mukau,109,2024-2025,Ngal'ayel Mukau,19.0,cd COD,MF
10578,ngal'ayel mukau,109,2025-2026,Ngal'ayel Mukau,21.0,Democratic Republic of the Congo,M
10579,nhoa sangui,118,2025-2026,Nhoa Sangui,19.0,France,D
10580,nhoa sangui,120,2024-2025,Nhoa Sangui,18.0,fr FRA,"DF,MF"
10581,niall huggins,48,2025-2026,Niall Huggins,24.0,Wales,D
10582,niama sissoko,120,2024-2025,Niama Sissoko,18.0,ml MLI,FW
10583,niccolo chiorra,81,2024-2025,Niccolò Chiorra,23.0,it ITA,GK
10584,niccolo fortini,82,2023-2024,Niccolò Fortini,17.0,it ITA,MF
10585,niccolo fortini,82,2024-2025,Niccolò Fortini,18.0,it ITA,MF
10586,niccolo fortini,82,2025-2026,Niccolò Fortini,19.0,Italy,D
10587,niccolo guccione,95,2023-2024,Niccolò Guccione,17.0,it ITA,DF
10588,niccolo pierozzi,82,2023-2024,Niccolò Pierozzi,21.0,it ITA,"DF,MF"
10589,niccolo pierozzi,95,2023-2024,Niccolò Pierozzi,21.0,it ITA,DF
10590,niccolo pisilli,94,2022-2023,Niccolò Pisilli,17.0,it ITA,MF
10591,niccolo pisilli,94,2023-2024,Niccolò Pisilli,18.0,it ITA,MF
10592,niccolo pisilli,94,2024-2025,Niccolò Pisilli,19.0,it ITA,MF
10593,niccolo pisilli,94,2025-2026,Niccolò Pisilli,21.0,Italy,M
10594,niccolo rizzo,87,2024-2025,Niccolò Rizzo,17.0,it ITA,DF
10595,nicholas pierini,97,2025-2026,Nicholas Pierini,27.0,Italy,F
10596,nicholas pierini,101,2024-2025,Nicholas Pierini,25.0,it ITA,"FW,MF"
10597,nick pope,44,2022-2023,Nick Pope,30.0,eng ENG,GK
10598,nick pope,44,2023-2024,Nick Pope,31.0,eng ENG,GK
10599,nick pope,44,2024-2025,Nick Pope,32.0,eng ENG,GK
10600,nick pope,44,2025-2026,Nick Pope,33.0,England,K
10601,nick rothweiler,61,2025-2026,Nick Rothweiler,19.0,Germany,M
10602,nick schmidt,70,2025-2026,Nick Schmidt,18.0,Japan,M
10603,nick woltemade,44,2025-2026,Nick Woltemade,23.0,Germany,F
10604,nick woltemade,71,2024-2025,Nick Woltemade,22.0,de GER,"FW,MF"
10605,nick woltemade,73,2022-2023,Nick Woltemade,20.0,de GER,"FW,MF"
10606,nick woltemade,73,2023-2024,Nick Woltemade,21.0,de GER,"FW,MF"
10607,niclas fullkrug,50,2024-2025,Niclas Füllkrug,31.0,de GER,FW
10608,niclas fullkrug,50,2025-2026,Niclas Füllkrug,32.0,Germany,F
10609,niclas fullkrug,56,2023-2024,Niclas Füllkrug,30.0,de GER,FW
10610,niclas fullkrug,73,2022-2023,Niclas Füllkrug,29.0,de GER,FW
10611,niclas fullkrug,73,2023-2024,Niclas Füllkrug,30.0,de GER,FW
10612,niclas fullkrug,75,2025-2026,Niclas Füllkrug,32.0,Germany,F
10613,niclas thiede,55,2023-2024,Niclas Thiede,24.0,de GER,GK
10614,nico elvedi,67,2022-2023,Nico Elvedi,25.0,ch SUI,DF
10615,nico elvedi,67,2023-2024,Nico Elvedi,26.0,ch SUI,DF
10616,nico elvedi,67,2024-2025,Nico Elvedi,27.0,ch SUI,DF
10617,nico elvedi,67,2025-2026,Nico Elvedi,29.0,Switzerland,D
10618,nico elvediborussia m.,67,2022-2023,Nico ElvediBorussia M.,,,
10619,nico elvediborussia m.,67,2023-2024,Nico ElvediBorussia M.,,,
10620,nico elvediborussia m.,67,2024-2025,Nico ElvediBorussia M.,,,
10621,nico gonzalez,25,2022-2023,Nico González,21.0,Spain,M
10622,nico gonzalez,42,2024-2025,Nico González,23.0,Spain,M
10623,nico gonzalez,42,2025-2026,Nico González,24.0,Spain,M
10624,nico gonzalez,82,2022-2023,Nico González,,,
10625,nico gonzalez,82,2023-2024,Nico González,,,
10626,nico gonzalez,87,2024-2025,Nico González,,,
10627,nico melamed,9,2022-2023,Nico Melamed,21.0,Spain,F
10628,nico o'reilly,42,2024-2025,Nico O'Reilly,,,
10629,nico o'reilly,42,2025-2026,Nico O'Reilly,20.0,England,D
10630,nico oreilly,42,2022-2023,Nico O’Reilly,17.0,eng ENG,"DF,MF"
10631,nico oreilly,42,2024-2025,Nico O’Reilly,19.0,eng ENG,DF
10632,nico paz,20,2023-2024,Nico Paz,19.0,Argentina,F
10633,nico paz,79,2024-2025,Nico Paz,20.0,Argentina,F
10634,nico paz,79,2025-2026,Nico Paz,21.0,Argentina,F
10635,nico ribaudo,9,2022-2023,Nico Ribaudo,21.0,es ESP,"MF,FW"
10636,nico schlotterbeck,56,2022-2023,Nico Schlotterbeck,22.0,de GER,DF
10637,nico schlotterbeck,56,2023-2024,Nico Schlotterbeck,23.0,de GER,DF
10638,nico schlotterbeck,56,2024-2025,Nico Schlotterbeck,24.0,de GER,DF
10639,nico schlotterbeck,56,2025-2026,Nico Schlotterbeck,26.0,Germany,D
10640,nico schulz,56,2022-2023,Nico Schulz,29.0,Germany,D
10641,nico serrano,3,2024-2025,Nico Serrano,,,
10642,nico serrano,3,2025-2026,Nico Serrano,22.0,Spain,F
10643,nico williams,3,2022-2023,Nico Williams,20.0,es ESP,MF
10644,nico williams,3,2023-2024,Nico Williams,21.0,es ESP,MF
10645,nico williams,3,2024-2025,Nico Williams,22.0,es ESP,MF
10646,nico williams,3,2025-2026,Nico Williams,23.0,Spain,F
10647,nicola bagnolini,77,2022-2023,Nicola Bagnolini,18.0,it ITA,GK
10648,nicola bagnolini,77,2023-2024,Nicola Bagnolini,19.0,it ITA,GK
10649,nicola bagnolini,77,2024-2025,Nicola Bagnolini,20.0,it ITA,GK
10650,nicola leali,84,2023-2024,Nicola Leali,30.0,it ITA,GK
10651,nicola leali,84,2024-2025,Nicola Leali,31.0,it ITA,GK
10652,nicola leali,84,2025-2026,Nicola Leali,32.0,Italy,K
10653,nicola murru,96,2022-2023,Nicola Murru,27.0,it ITA,DF
10654,nicola patane,85,2023-2024,Nicola Patanè,19.0,it ITA,MF
10655,nicola pintus,78,2024-2025,Nicola Pintus,19.0,it ITA,DF
10656,nicola ravaglia,96,2022-2023,Nicola Ravaglia,33.0,it ITA,GK
10657,nicola sansone,77,2022-2023,Nicola Sansone,30.0,it ITA,"FW,MF"
10658,nicola sansone,89,2023-2024,Nicola Sansone,31.0,it ITA,"MF,FW"
10659,nicola sansone,89,2024-2025,Nicola Sansone,32.0,it ITA,"FW,MF"
10660,nicola zalewski,76,2025-2026,Nicola Zalewski,24.0,Poland,M
10661,nicola zalewski,86,2024-2025,Nicola Zalewski,22.0,pl POL,MF
10662,nicola zalewski,94,2022-2023,Nicola Zalewski,20.0,pl POL,"MF,DF"
10663,nicola zalewski,94,2023-2024,Nicola Zalewski,21.0,pl POL,"MF,FW"
10664,nicola zalewski,94,2024-2025,Nicola Zalewski,22.0,pl POL,MF
10665,nicolai rapp,73,2022-2023,Nicolai Rapp,25.0,de GER,"DF,MF"
10666,nicolai rapp,73,2023-2024,Nicolai Rapp,26.0,de GER,DF
10667,nicolai remberg,60,2025-2026,Nicolai Remberg,25.0,Germany,M
10668,nicolai remberg,64,2024-2025,Nicolai Remberg,24.0,de GER,MF
10669,nicolas,93,2025-2026,Nícolas,37.0,Brazil,K
10670,nicolas capaldo,60,2025-2026,Nicolás Capaldo,27.0,Argentina,M
10671,nicolas cozza,74,2022-2023,Nicolas Cozza,23.0,fr FRA,DF
10672,nicolas cozza,74,2023-2024,Nicolas Cozza,24.0,fr FRA,DF
10673,nicolas cozza,74,2024-2025,Nicolas Cozza,25.0,fr FRA,DF
10674,nicolas cozza,115,2022-2023,Nicolas Cozza,23.0,fr FRA,DF
10675,nicolas cozza,116,2023-2024,Nicolas Cozza,24.0,fr FRA,"DF,MF"
10676,nicolas cozza,116,2024-2025,Nicolas Cozza,25.0,fr FRA,"DF,MF"
10677,nicolas cozza,116,2025-2026,Nicolas Cozza,27.0,France,D
10678,nicolas dominguez,45,2023-2024,Nicolás Domínguez,25.0,ar ARG,MF
10679,nicolas dominguez,45,2024-2025,Nicolás Domínguez,26.0,ar ARG,MF
10680,nicolas dominguez,45,2025-2026,Nicolás Domínguez,27.0,Argentina,M
10681,nicolas dominguez,77,2022-2023,Nicolás Domínguez,24.0,ar ARG,MF
10682,nicolas dominguez,77,2023-2024,Nicolás Domínguez,25.0,ar ARG,MF
10683,nicolas ezequiel fernandez,8,2022-2023,Nicolás Ezequiel Fernández,22.0,ar ARG,"MF,DF"
10684,nicolas fernandez,8,2022-2023,Nicolás Fernández,,,
10685,nicolas fernandez mercau,8,2022-2023,Nicolás Fernández Mercau,23.0,Argentina,D
10686,nicolas fonseca,21,2025-2026,Nicolás Fonseca,27.0,Uruguay,M
10687,nicolas glaus,71,2022-2023,Nicolas Glaus,20.0,ch SUI,GK
10688,nicolas gonzalez,4,2025-2026,Nicolás González,27.0,Argentina,F
10689,nicolas gonzalez,25,2022-2023,Nicolás González,20.0,es ESP,MF
10690,nicolas gonzalez,42,2024-2025,Nicolás González,22.0,es ESP,MF
10691,nicolas gonzalez,82,2022-2023,Nicolás González,24.0,ar ARG,"FW,MF"
10692,nicolas gonzalez,82,2023-2024,Nicolás González,25.0,ar ARG,MF
10693,nicolas gonzalez,87,2024-2025,Nicolás González,26.0,ar ARG,"MF,FW"
10694,nicolas haas,81,2022-2023,Nicolas Haas,26.0,ch SUI,MF
10695,nicolas haas,81,2023-2024,Nicolas Haas,27.0,ch SUI,MF
10696,nicolas haas,81,2024-2025,Nicolas Haas,28.0,ch SUI,MF
10697,nicolas hofler,59,2022-2023,Nicolas Höfler,32.0,de GER,MF
10698,nicolas hofler,59,2023-2024,Nicolas Höfler,33.0,de GER,MF
10699,nicolas hofler,59,2024-2025,Nicolas Höfler,34.0,de GER,MF
10700,nicolas hofler,59,2025-2026,Nicolas Höfler,35.0,Germany,M
10701,nicolas jackson,26,2022-2023,Nicolas Jackson,21.0,sn SEN,FW
10702,nicolas jackson,33,2023-2024,Nicolas Jackson,22.0,sn SEN,FW
10703,nicolas jackson,33,2024-2025,Nicolas Jackson,23.0,sn SEN,FW
10704,nicolas jackson,54,2025-2026,Nicolas Jackson,24.0,Senegal,F
10705,nicolas kuhn,79,2025-2026,Nicolas Kühn,26.0,Germany,F
10706,nicolas pallois,116,2022-2023,Nicolas Pallois,34.0,fr FRA,DF
10707,nicolas pallois,116,2023-2024,Nicolas Pallois,35.0,fr FRA,DF
10708,nicolas pallois,116,2024-2025,Nicolas Pallois,36.0,fr FRA,DF
10709,nicolas pays,115,2024-2025,Nicolas Pays,20.0,fr FRA,"MF,FW"
10710,nicolas paz,20,2022-2023,Nicolás Paz,17.0,ar ARG,MF
10711,nicolas paz,20,2023-2024,Nicolás Paz,18.0,ar ARG,MF
10712,nicolas paz,79,2024-2025,Nicolás Paz,19.0,ar ARG,"MF,FW"
10713,nicolas penneteau,120,2022-2023,Nicolas Penneteau,41.0,France,K
10714,nicolas pepe,26,2024-2025,Nicolas Pépé,29.0,ci CIV,"FW,MF"
10715,nicolas pepe,26,2025-2026,Nicolas Pépé,30.0,Cote d'Ivoire,F
10716,nicolas pepe,27,2022-2023,Nicolas Pépé,27.0,ci CIV,"FW,MF"
10717,nicolas pepe,117,2022-2023,Nicolas Pépé,27.0,ci CIV,"FW,MF"
10718,nicolas seiwald,68,2023-2024,Nicolas Seiwald,22.0,at AUT,MF
10719,nicolas seiwald,68,2024-2025,Nicolas Seiwald,23.0,at AUT,"MF,DF"
10720,nicolas seiwald,68,2025-2026,Nicolas Seiwald,24.0,Austria,M
10721,nicolas serrano,3,2024-2025,Nicolás Serrano,21.0,es ESP,MF
10722,nicolas tagliafico,111,2022-2023,Nicolás Tagliafico,29.0,ar ARG,"DF,MF"
10723,nicolas tagliafico,111,2023-2024,Nicolás Tagliafico,30.0,ar ARG,"DF,MF"
10724,nicolas tagliafico,111,2024-2025,Nicolás Tagliafico,31.0,ar ARG,DF
10725,nicolas tagliafico,111,2025-2026,Nicolás Tagliafico,33.0,Argentina,D
10726,nicolas trabucchi,92,2024-2025,Nicolas Trabucchi,16.0,it ITA,DF
10727,nicolas valentini,82,2024-2025,Nicolás Valentini,23.0,ar ARG,DF
10728,nicolas valentini,85,2024-2025,Nicolás Valentini,23.0,ar ARG,DF
10729,nicolas valentini,85,2025-2026,Nicolás Valentini,24.0,Argentina,D
10730,nicolas viola,78,2023-2024,Nicolas Viola,33.0,it ITA,"MF,FW"
10731,nicolas viola,78,2024-2025,Nicolas Viola,34.0,it ITA,"MF,FW"
10732,nicolo barella,86,2022-2023,Nicolò Barella,25.0,it ITA,MF
10733,nicolo barella,86,2023-2024,Nicolò Barella,26.0,it ITA,MF
10734,nicolo barella,86,2024-2025,Nicolò Barella,27.0,it ITA,MF
10735,nicolo barella,86,2025-2026,Nicolò Barella,28.0,Italy,M
10736,nicolo bertola,98,2022-2023,Nicolò Bertola,19.0,it ITA,DF
10737,nicolo bertola,100,2025-2026,Nicolò Bertola,22.0,Italy,D
10738,nicolo calabrese,85,2023-2024,Nicolò Calabrese,18.0,it ITA,DF
10739,nicolo cambiaghi,77,2024-2025,Nicolò Cambiaghi,23.0,it ITA,"MF,FW"
10740,nicolo cambiaghi,77,2025-2026,Nicolò Cambiaghi,25.0,Italy,F
10741,nicolo cambiaghi,81,2022-2023,Nicolò Cambiaghi,21.0,it ITA,"FW,MF"
10742,nicolo cambiaghi,81,2023-2024,Nicolò Cambiaghi,22.0,it ITA,"FW,MF"
10743,nicolo casale,77,2024-2025,Nicolò Casale,26.0,it ITA,DF
10744,nicolo casale,77,2025-2026,Nicolò Casale,27.0,Italy,D
10745,nicolo casale,88,2022-2023,Nicolò Casale,24.0,it ITA,DF
10746,nicolo casale,88,2023-2024,Nicolò Casale,25.0,it ITA,DF
10747,nicolo casale,88,2024-2025,Nicolò Casale,26.0,it ITA,DF
10748,nicolo cocetta,100,2022-2023,Nicolò Cocetta,18.0,it ITA,DF
10749,nicolo fagioli,82,2024-2025,Nicolò Fagioli,23.0,it ITA,MF
10750,nicolo fagioli,82,2025-2026,Nicolò Fagioli,24.0,Italy,M
10751,nicolo fagioli,87,2022-2023,Nicolò Fagioli,21.0,it ITA,MF
10752,nicolo fagioli,87,2023-2024,Nicolò Fagioli,22.0,it ITA,MF
10753,nicolo fagioli,87,2024-2025,Nicolò Fagioli,23.0,it ITA,MF
10754,nicolo postiglione,90,2024-2025,Nicolò Postiglione,19.0,it ITA,DF
10755,nicolo rovella,87,2022-2023,Nicolò Rovella,20.0,it ITA,MF
10756,nicolo rovella,88,2023-2024,Nicolò Rovella,21.0,it ITA,MF
10757,nicolo rovella,88,2024-2025,Nicolò Rovella,22.0,it ITA,MF
10758,nicolo rovella,88,2025-2026,Nicolò Rovella,24.0,Italy,M
10759,nicolo rovella,90,2022-2023,Nicolò Rovella,20.0,it ITA,MF
10760,nicolo savona,45,2025-2026,Nicolò Savona,22.0,Italy,D
10761,nicolo savona,87,2024-2025,Nicolò Savona,21.0,it ITA,DF
10762,nicolo zaniolo,28,2023-2024,Nicolò Zaniolo,24.0,it ITA,"MF,FW"
10763,nicolo zaniolo,76,2024-2025,Nicolò Zaniolo,25.0,it ITA,"FW,MF"
10764,nicolo zaniolo,82,2024-2025,Nicolò Zaniolo,25.0,it ITA,"FW,MF"
10765,nicolo zaniolo,94,2022-2023,Nicolò Zaniolo,23.0,it ITA,"MF,FW"
10766,nicolo zaniolo,100,2025-2026,Nicolò Zaniolo,26.0,Italy,F
10767,nidal celik,108,2024-2025,Nidal Celik,18.0,Bosnia-Herzegovina,D
10768,nidal celik,108,2025-2026,Nidal Celik,19.0,Bosnia-Herzegovina,D
10769,niels nkounkou,58,2023-2024,Niels Nkounkou,22.0,fr FRA,"MF,DF"
10770,niels nkounkou,58,2024-2025,Niels Nkounkou,23.0,fr FRA,"MF,DF"
10771,niels nkounkou,99,2025-2026,Niels Nkounkou,25.0,France,D
10772,nigel lonwijk,51,2024-2025,Nigel Lonwijk,22.0,Netherlands,D
10773,nigel lonwijk,51,2025-2026,Nigel Lonwijk,22.0,Suriname,D
10774,nikita contini,91,2023-2024,Nikita Contini,27.0,Italy,K
10775,nikita contini,91,2024-2025,Nikita Contini,28.0,Italy,K
10776,nikita contini,91,2025-2026,Nikita Contini,29.0,Italy,K
10777,nikita contini baranovsky,91,2023-2024,Nikita Contini Baranovsky,27.0,it ITA,GK
10778,nikita contini baranovsky,91,2024-2025,Nikita Contini Baranovsky,28.0,it ITA,GK
10779,nikita contini baranovsky,96,2022-2023,Nikita Contini Baranovsky,26.0,it ITA,GK
10780,niklas beste,59,2024-2025,Niklas Beste,,,
10781,niklas bestefc,61,2023-2024,Niklas BesteFC,,,
10782,niklas dorsch,52,2022-2023,Niklas Dorsch,24.0,de GER,MF
10783,niklas dorsch,52,2023-2024,Niklas Dorsch,25.0,de GER,MF
10784,niklas dorsch,52,2024-2025,Niklas Dorsch,26.0,de GER,MF
10785,niklas dorsch,61,2024-2025,Niklas Dorsch,26.0,de GER,MF
10786,niklas dorsch,61,2025-2026,Niklas Dorsch,28.0,Germany,M
10787,niklas dorschfc,61,2024-2025,Niklas DorschFC,,,
10788,niklas jahn,55,2024-2025,Niklas Jahn,20.0,Germany,M
10789,niklas jessen,56,2024-2025,Niklas Jessen,20.0,de GER,MF
10790,niklas klinger,74,2022-2023,Niklas Klinger,26.0,de GER,GK
10791,niklas klinger,74,2023-2024,Niklas Klinger,27.0,de GER,GK
10792,niklas klinger,74,2024-2025,Niklas Klinger,29.0,Germany,K
10793,niklas lomb,53,2022-2023,Niklas Lomb,29.0,de GER,GK
10794,niklas lomb,53,2023-2024,Niklas Lomb,30.0,de GER,GK
10795,niklas lomb,53,2024-2025,Niklas Lomb,31.0,de GER,GK
10796,niklas lomb,53,2025-2026,Niklas Lomb,32.0,Germany,K
10797,niklas pyyhtia,77,2022-2023,Niklas Pyyhtiä,18.0,fi FIN,MF
10798,niklas schmidt,73,2022-2023,Niklas Schmidt,24.0,de GER,MF
10799,niklas schmidt,124,2023-2024,Niklas Schmidt,25.0,de GER,MF
10800,niklas schmidt,124,2024-2025,Niklas Schmidt,26.0,de GER,MF
10801,niklas schmidt,124,2025-2026,Niklas Schmidt,27.0,Germany,M
10802,niklas stark,73,2022-2023,Niklas Stark,27.0,de GER,DF
10803,niklas stark,73,2023-2024,Niklas Stark,28.0,de GER,DF
10804,niklas stark,73,2024-2025,Niklas Stark,29.0,de GER,DF
10805,niklas stark,73,2025-2026,Niklas Stark,30.0,Germany,D
10806,niklas sule,56,2022-2023,Niklas Süle,26.0,de GER,DF
10807,niklas sule,56,2023-2024,Niklas Süle,27.0,de GER,DF
10808,niklas sule,56,2024-2025,Niklas Süle,28.0,de GER,DF
10809,niklas sule,56,2025-2026,Niklas Süle,30.0,Germany,D
10810,niklas swider,67,2024-2025,Niklas Swider,17.0,de GER,MF
10811,niklas swider,67,2025-2026,Niklas Swider,19.0,Germany,M
10812,niklas tauer,66,2022-2023,Niklas Tauer,21.0,de GER,FW
10813,niklas tauer,66,2025-2026,Niklas Tauer,24.0,Germany,M
10814,niklas tauer,69,2022-2023,Niklas Tauer,21.0,de GER,FW
10815,niko gieelmann,72,2022-2023,Niko Gießelmann,30.0,de GER,MF
10816,nikola cavlina,79,2025-2026,Nikola Cavlina,23.0,Croatia,K
10817,nikola dovedan,61,2023-2024,Nikola Dovedan,29.0,at AUT,MF
10818,nikola dovedanfc,61,2023-2024,Nikola DovedanFC,,,
10819,nikola krstovic,76,2025-2026,Nikola Krstović,25.0,Montenegro,F
10820,nikola krstovic,89,2023-2024,Nikola Krstovic,23.0,me MNE,FW
10821,nikola krstovic,89,2024-2025,Nikola Krstovic,24.0,me MNE,FW
10822,nikola maksimovic,115,2024-2025,Nikola Maksimovic,32.0,rs SRB,DF
10823,nikola maras,1,2023-2024,Nikola Maraš,27.0,rs SRB,DF
10824,nikola maras,1,2025-2026,Nikola Maras,30.0,Serbia,D
10825,nikola milenkovic,45,2024-2025,Nikola Milenkovic,26.0,rs SRB,DF
10826,nikola milenkovic,45,2025-2026,Nikola Milenković,28.0,Serbia,D
10827,nikola milenkovic,82,2022-2023,Nikola Milenkovic,24.0,rs SRB,DF
10828,nikola milenkovic,82,2023-2024,Nikola Milenkovic,25.0,rs SRB,DF
10829,nikola moro,77,2022-2023,Nikola Moro,24.0,hr CRO,MF
10830,nikola moro,77,2023-2024,Nikola Moro,25.0,hr CRO,"MF,FW"
10831,nikola moro,77,2024-2025,Nikola Moro,26.0,hr CRO,MF
10832,nikola moro,77,2025-2026,Nikola Moro,27.0,Croatia,M
10833,nikola sekulov,87,2022-2023,Nikola Sekulov,20.0,it ITA,MF
10834,nikola sekulov,87,2023-2024,Nikola Sekulov,21.0,it ITA,MF
10835,nikola soldo,65,2022-2023,Nikola Soldo,21.0,hr CRO,DF
10836,nikola soldofc,65,2022-2023,Nikola SoldoFC,,,
10837,nikola stulic,89,2025-2026,Nikola Stulic,24.0,Serbia,F
10838,nikola vasilj,70,2024-2025,Nikola Vasilj,28.0,ba BIH,GK
10839,nikola vasilj,70,2025-2026,Nikola Vasilj,30.0,Bosnia-Herzegovina,K
10840,nikola vlasic,50,2022-2023,Nikola Vlašić,24.0,hr CRO,"FW,MF"
10841,nikola vlasic,99,2022-2023,Nikola Vlasic,24.0,hr CRO,"MF,FW"
10842,nikola vlasic,99,2023-2024,Nikola Vlasic,25.0,hr CRO,MF
10843,nikola vlasic,99,2024-2025,Nikola Vlasic,26.0,hr CRO,"MF,FW"
10844,nikola vlasic,99,2025-2026,Nikola Vlašić,28.0,Croatia,F
10845,nikolaos botis,86,2022-2023,Nikolaos Botis,18.0,gr GRE,GK
10846,nikolas nartey,71,2022-2023,Nikolas Nartey,22.0,dk DEN,"DF,MF"
10847,nikolas nartey,71,2023-2024,Nikolas Nartey,23.0,Denmark,M
10848,nikolas nartey,71,2024-2025,Nikolas Nartey,24.0,dk DEN,MF
10849,nikolas nartey,71,2025-2026,Nikolas Nartey,25.0,Denmark,M
10850,nikolas veratschnig,66,2024-2025,Nikolas Veratschnig,21.0,at AUT,MF
10851,nikolas veratschnig,66,2025-2026,Nikolas Veratschnig,23.0,Austria,D
10852,nils petersen,59,2022-2023,Nils Petersen,33.0,de GER,FW
10853,nils zatterstrom,84,2025-2026,Nils Zätterström,20.0,Sweden,D
10854,nilson angulo,48,2025-2026,Nilson Angulo,22.0,Ecuador,F
10855,njegos petrovic,12,2023-2024,Njegos Petrovic,24.0,rs SRB,MF
10856,nnamdi collins,58,2023-2024,Nnamdi Collins,19.0,de GER,DF
10857,nnamdi collins,58,2024-2025,Nnamdi Collins,20.0,de GER,"DF,MF"
10858,nnamdi collins,58,2025-2026,Nnamdi Collins,22.0,Germany,D
10859,noa lang,91,2025-2026,Noa Lang,26.0,Netherlands,F
10860,noah atubolu,59,2022-2023,Noah Atubolu,20.0,de GER,GK
10861,noah atubolu,59,2023-2024,Noah Atubolu,21.0,de GER,GK
10862,noah atubolu,59,2024-2025,Noah Atubolu,22.0,de GER,GK
10863,noah atubolu,59,2025-2026,Noah Atubolu,23.0,Germany,K
10864,noah cadiou,110,2025-2026,Noah Cadiou,27.0,Guadeloupe,M
10865,noah darvich,5,2024-2025,Noah Darvich,17.0,de GER,MF
10866,noah darvich,71,2025-2026,Noah Darvich,19.0,Germany,F
10867,noah edjouma,109,2025-2026,Noah Edjouma,20.0,France,F
10868,noah edjouma,124,2024-2025,Noah Edjouma,18.0,fr FRA,MF
10869,noah el biache,81,2024-2025,Noah El Biache,19.0,be BEL,MF
10870,noah engelbreth,72,2023-2024,Noah Engelbreth,18.0,Germany,M
10871,noah fadiga,105,2022-2023,Noah Fadiga,22.0,sn SEN,DF
10872,noah fenyo,58,2024-2025,Noah Fenyő,18.0,hu HUN,MF
10873,noah holm,120,2022-2023,Noah Holm,21.0,no NOR,FW
10874,noah jauny,105,2024-2025,Noah Jauny,20.0,Ireland,K
10875,noah jauny,105,2025-2026,Noah Jauny,21.0,Ireland,K
10876,noah jean holm,120,2022-2023,Noah Jean Holm,21.0,Norway,F
10877,noah joel sarenren bazee,52,2022-2023,Noah Joel Sarenren Bazee,25.0,ng NGA,"FW,MF"
10878,noah katterbach,60,2025-2026,Noah Katterbach,24.0,Germany,D
10879,noah konig,63,2024-2025,Noah König,21.0,de GER,DF
10880,noah loosli,55,2023-2024,Noah Loosli,26.0,ch SUI,DF
10881,noah loosli,55,2024-2025,Noah Loosli,27.0,ch SUI,DF
10882,noah mbamba,53,2022-2023,Noah Mbamba,17.0,be BEL,MF
10883,noah mbamba,53,2023-2024,Noah Mbamba,18.0,be BEL,MF
10884,noah nartey,111,2025-2026,Noah Nartey,20.0,Denmark,F
10885,noah okafor,38,2025-2026,Noah Okafor,25.0,Switzerland,F
10886,noah okafor,75,2023-2024,Noah Okafor,23.0,ch SUI,"FW,MF"
10887,noah okafor,75,2024-2025,Noah Okafor,24.0,ch SUI,"FW,MF"
10888,noah okafor,91,2024-2025,Noah Okafor,24.0,ch SUI,"FW,MF"
10889,noah okaforac,75,2023-2024,Noah OkaforAC,,,
10890,noah okaforac,75,2024-2025,Noah OkaforAC,,,
10891,noah pesch,67,2024-2025,Noah Pesch,19.0,hr CRO,FW
10892,noah peschborussia m.,67,2024-2025,Noah PeschBorussia M.,,,
10893,noah raveyre,75,2023-2024,Noah Raveyre,18.0,fr FRA,GK
10894,noah raveyre,75,2024-2025,Noah Raveyre,19.0,fr FRA,GK
10895,noah sadiki,48,2025-2026,Noah Sadiki,21.0,Democratic Republic of the Congo,M
10896,noah sarenren bazee,52,2022-2023,Noah Sarenren Bazee,26.0,Germany,F
10897,noah weihaupt,59,2022-2023,Noah Weißhaupt,20.0,de GER,MF
10898,noah weihaupt,59,2023-2024,Noah Weißhaupt,21.0,de GER,MF
10899,noah weihaupt,59,2024-2025,Noah Weißhaupt,22.0,de GER,"FW,MF"
10900,noah weihaupt,70,2024-2025,Noah Weißhaupt,22.0,de GER,"FW,MF"
10901,noah weisshaupt,59,2022-2023,Noah Weisshaupt,,,
10902,noah weisshaupt,59,2023-2024,Noah Weisshaupt,,,
10903,noah weisshaupt,59,2024-2025,Noah Weisshaupt,,,
10904,noah weisshaupt,70,2024-2025,Noah Weisshaupt,,,
10905,noahkai banks,52,2024-2025,Noahkai Banks,17.0,us USA,DF
10906,noahkai banks,52,2025-2026,Noahkai Banks,19.0,United States,D
10907,noam mayoka-tika,112,2023-2024,Noam Mayoka-Tika,19.0,be BEL,MF
10908,noam obougou,107,2025-2026,Noam Obougou,19.0,France,F
10909,nobel mendy,18,2025-2026,Nobel Mendy,21.0,Senegal,D
10910,nobel mendy,19,2023-2024,Nobel Mendy,18.0,sn SEN,DF
10911,nobel mendy,19,2024-2025,Nobel Mendy,19.0,sn SEN,DF
10912,noel futkeu,58,2023-2024,Noel Futkeu,21.0,Germany,F
10913,noel nkili,54,2023-2024,Noel Nkili,17.0,de GER,MF
10914,noel nkili,54,2024-2025,Noel Nkili,18.0,de GER,MF
10915,noel tornqvist,79,2025-2026,Noel Törnqvist,24.0,Sweden,K
10916,noha lemina,51,2023-2024,Noha Lemina,18.0,ga GAB,MF
10917,noham kamara,111,2025-2026,Noham Kamara,19.0,France,D
10918,noham kamara,119,2024-2025,Noham Kamara,17.0,fr FRA,DF
10919,nolan bonte,108,2023-2024,Nolan Bonte,20.0,France,F
10920,nolan mbemba,107,2023-2024,Nolan Mbemba,28.0,cg CGO,MF
10921,noni madueke,27,2025-2026,Noni Madueke,23.0,England,F
10922,noni madueke,33,2022-2023,Noni Madueke,20.0,eng ENG,"FW,MF"
10923,noni madueke,33,2023-2024,Noni Madueke,21.0,eng ENG,MF
10924,noni madueke,33,2024-2025,Noni Madueke,22.0,eng ENG,MF
10925,norbert gyomber,95,2022-2023,Norbert Gyömbér,30.0,sk SVK,DF
10926,norbert gyomber,95,2023-2024,Norbert Gyömbér,31.0,sk SVK,DF
10927,nordan mukiele,121,2025-2026,Nordan Mukiele,19.0,France,F
10928,nordi mukiele,48,2025-2026,Nordi Mukiele,28.0,France,D
10929,nordi mukiele,53,2024-2025,Nordi Mukiele,26.0,fr FRA,"DF,MF"
10930,nordi mukiele,119,2022-2023,Nordi Mukiele,24.0,fr FRA,"MF,DF"
10931,nordi mukiele,119,2023-2024,Nordi Mukiele,25.0,fr FRA,DF
10932,nordine kandil,123,2022-2023,Nordine Kandil,20.0,fr FRA,MF
10933,nordine kandil,123,2024-2025,Nordine Kandil,22.0,fr FRA,MF
10934,norman theuerkauf,61,2023-2024,Norman Theuerkauf,36.0,de GER,"MF,DF"
10935,norman theuerkauf,61,2024-2025,Norman Theuerkauf,37.0,de GER,"DF,MF"
10936,norman theuerkauffc,61,2023-2024,Norman TheuerkaufFC,,,
10937,norman theuerkauffc,61,2024-2025,Norman TheuerkaufFC,,,
10938,nouha dicko,118,2025-2026,Nouha Dicko,33.0,Mali,F
10939,noussair mazraoui,43,2024-2025,Noussair Mazraoui,26.0,ma MAR,"DF,MF"
10940,noussair mazraoui,43,2025-2026,Noussair Mazraoui,28.0,Morocco,D
10941,noussair mazraoui,54,2022-2023,Noussair Mazraoui,24.0,ma MAR,DF
10942,noussair mazraoui,54,2023-2024,Noussair Mazraoui,25.0,ma MAR,DF
10943,nuha jatta,68,2023-2024,Nuha Jatta,17.0,gm GAM,MF
10944,nuha jatta,68,2024-2025,Nuha Jatta,18.0,gm GAM,MF
10945,nuno da costa,104,2022-2023,Nuno da Costa,31.0,cv CPV,"FW,MF"
10946,nuno mendes,119,2022-2023,Nuno Mendes,20.0,pt POR,"MF,DF"
10947,nuno mendes,119,2023-2024,Nuno Mendes,21.0,pt POR,DF
10948,nuno mendes,119,2024-2025,Nuno Mendes,22.0,pt POR,DF
10949,nuno mendes,119,2025-2026,Nuno Mendes,23.0,Portugal,D
10950,nuno tavares,45,2023-2024,Nuno Tavares,23.0,pt POR,DF
10951,nuno tavares,88,2024-2025,Nuno Tavares,24.0,pt POR,DF
10952,nuno tavares,88,2025-2026,Nuno Tavares,26.0,Portugal,D
10953,nuno tavares,112,2022-2023,Nuno Tavares,22.0,pt POR,MF
10954,nunzio lella,101,2024-2025,Nunzio Lella,24.0,it ITA,MF
10955,obed nkambadio,118,2025-2026,Obed Nkambadio,22.0,France,K
10956,obed vargas,4,2025-2026,Obed Vargas,20.0,Mexico,M
10957,obite n'dicka,58,2022-2023,Obite N'Dicka,22.0,ci CIV,DF
10958,obite n'dicka,94,2023-2024,Obite N'Dicka,23.0,ci CIV,DF
10959,obite n'dicka,94,2024-2025,Obite N'Dicka,24.0,ci CIV,DF
10960,odeluga offiah,31,2022-2023,Odeluga Offiah,19.0,eng ENG,DF
10961,odeluga offiah,31,2023-2024,Odeluga Offiah,20.0,eng ENG,DF
10962,odeluga offiah,31,2024-2025,Odeluga Offiah,22.0,England,D
10963,odilon kossounou,53,2022-2023,Odilon Kossounou,21.0,ci CIV,DF
10964,odilon kossounou,53,2023-2024,Odilon Kossounou,22.0,ci CIV,DF
10965,odilon kossounou,53,2024-2025,Odilon Kossounou,23.0,ci CIV,DF
10966,odilon kossounou,76,2024-2025,Odilon Kossounou,23.0,ci CIV,DF
10967,odilon kossounou,76,2025-2026,Odilon Kossounou,25.0,Cote d'Ivoire,D
10968,odsonne edouard,34,2022-2023,Odsonne Édouard,24.0,fr FRA,FW
10969,odsonne edouard,34,2023-2024,Odsonne Édouard,25.0,fr FRA,"FW,MF"
10970,odsonne edouard,34,2024-2025,Odsonne Édouard,26.0,fr FRA,MF
10971,odsonne edouard,39,2024-2025,Odsonne Édouard,26.0,fr FRA,FW
10972,odsonne edouard,108,2025-2026,Odsonne Édouard,28.0,France,F
10973,odysseas vlachodimos,24,2025-2026,Odysseas Vlachodimos,31.0,Greece,K
10974,odysseas vlachodimos,44,2024-2025,Odysseas Vlachodimos,30.0,gr GRE,GK
10975,odysseas vlachodimos,45,2023-2024,Odysseas Vlachodimos,29.0,gr GRE,GK
10976,ohis felix uduokhai,52,2022-2023,Ohis Felix Uduokhai,24.0,de GER,DF
10977,ohis felix uduokhai,52,2023-2024,Ohis Felix Uduokhai,25.0,de GER,DF
10978,oier gastesi,3,2024-2025,Oier Gastesi,20.0,es ESP,GK
10979,oier luengo,21,2025-2026,Oier Luengo,28.0,Spain,D
10980,oier zarraga,3,2022-2023,Oier Zarraga,23.0,es ESP,MF
10981,oier zarraga,100,2023-2024,Oier Zarraga,24.0,es ESP,MF
10982,oier zarraga,100,2024-2025,Oier Zarraga,25.0,es ESP,MF
10983,oier zarraga,100,2025-2026,Oier Zarraga,27.0,Spain,M
10984,oihan sancet,3,2022-2023,Oihan Sancet,22.0,es ESP,MF
10985,oihan sancet,3,2023-2024,Oihan Sancet,23.0,es ESP,MF
10986,oihan sancet,3,2024-2025,Oihan Sancet,24.0,es ESP,MF
10987,oihan sancet,3,2025-2026,Oihan Sancet,25.0,Spain,F
10988,ola aina,45,2023-2024,Ola Aina,26.0,ng NGA,"DF,MF"
10989,ola aina,45,2024-2025,Ola Aina,27.0,ng NGA,DF
10990,ola aina,45,2025-2026,Ola Aina,29.0,Nigeria,D
10991,ola aina,99,2022-2023,Ola Aina,25.0,ng NGA,MF
10992,ola solbakken,81,2024-2025,Ola Solbakken,25.0,no NOR,"MF,FW"
10993,ola solbakken,94,2022-2023,Ola Solbakken,23.0,no NOR,"MF,FW"
10994,ola solbakken,94,2023-2024,Ola Solbakken,24.0,no NOR,FW
10995,olabade aluko,39,2024-2025,Olabade Aluko,,,DF
10996,oladapo afolayan,70,2024-2025,Oladapo Afolayan,27.0,England,F
10997,olasagasti,22,2022-2023,Olasagasti,21.0,es ESP,MF
10998,olasagasti,22,2023-2024,Olasagasti,22.0,es ESP,MF
10999,olasagasti,22,2024-2025,Olasagasti,23.0,es ESP,MF
11000,ole pohlmann,56,2023-2024,Olé Pohlmann,22.0,de GER,"FW,MF"
11001,oleksandr zinchenko,27,2022-2023,Oleksandr Zinchenko,25.0,ua UKR,DF
11002,oleksandr zinchenko,27,2023-2024,Oleksandr Zinchenko,26.0,ua UKR,DF
11003,oleksandr zinchenko,27,2024-2025,Oleksandr Zinchenko,27.0,ua UKR,"DF,MF"
11004,oliver abildgaard,79,2024-2025,Oliver Abildgaard,28.0,dk DEN,"DF,MF"
11005,oliver abildgaard,85,2022-2023,Oliver Abildgaard,26.0,dk DEN,MF
11006,oliver arblaster,46,2023-2024,Oliver Arblaster,19.0,eng ENG,MF
11007,oliver baumann,63,2022-2023,Oliver Baumann,32.0,de GER,GK
11008,oliver baumann,63,2023-2024,Oliver Baumann,33.0,de GER,GK
11009,oliver baumann,63,2024-2025,Oliver Baumann,34.0,de GER,GK
11010,oliver baumann,63,2025-2026,Oliver Baumann,35.0,Germany,K
11011,oliver burke,72,2025-2026,Oliver Burke,28.0,Scotland,F
11012,oliver burke,73,2022-2023,Oliver Burke,25.0,sct SCO,FW
11013,oliver burke,73,2023-2024,Oliver Burke,26.0,sct SCO,"FW,MF"
11014,oliver burke,73,2024-2025,Oliver Burke,27.0,sct SCO,FW
11015,oliver christensen,62,2022-2023,Oliver Christensen,23.0,dk DEN,GK
11016,oliver christensen,82,2023-2024,Oliver Christensen,24.0,dk DEN,GK
11017,oliver christensen,82,2025-2026,Oliver Christensen,26.0,Denmark,K
11018,oliver hammond,45,2022-2023,Oliver Hammond,19.0,wls WAL,MF
11019,oliver irow,49,2025-2026,Oliver Irow,18.0,England,F
11020,oliver kamdem,106,2022-2023,Oliver Kamdem,20.0,France,D
11021,oliver mcburnie,13,2024-2025,Oliver McBurnie,28.0,sct SCO,FW
11022,oliver mcburnie,46,2023-2024,Oliver McBurnie,27.0,sct SCO,FW
11023,oliver nielsen,88,2024-2025,Oliver Nielsen,21.0,dk DEN,DF
11024,oliver norwood,46,2023-2024,Oliver Norwood,32.0,nir NIR,MF
11025,oliver provstgaard,88,2024-2025,Oliver Provstgaard,21.0,Denmark,D
11026,oliver provstgaard,88,2025-2026,Oliver Provstgaard,22.0,Denmark,D
11027,oliver scarles,50,2023-2024,Oliver Scarles,17.0,eng ENG,MF
11028,oliver scarles,50,2024-2025,Oliver Scarles,18.0,eng ENG,"MF,DF"
11029,oliver scarles,50,2025-2026,Oliver Scarles,20.0,England,D
11030,oliver skipp,39,2024-2025,Oliver Skipp,23.0,eng ENG,MF
11031,oliver skipp,49,2022-2023,Oliver Skipp,21.0,eng ENG,MF
11032,oliver skipp,49,2023-2024,Oliver Skipp,22.0,eng ENG,"MF,DF"
11033,oliver sorg,52,2025-2026,Oliver Sorg,18.0,Austria,D
11034,oliver srensen,92,2025-2026,Oliver Sørensen,23.0,Denmark,M
11035,oliver torres,24,2022-2023,Óliver Torres,27.0,es ESP,MF
11036,oliver torres,24,2023-2024,Óliver Torres,28.0,es ESP,MF
11037,oliver zanden,124,2022-2023,Oliver Zandén,20.0,se SWE,MF
11038,olivier boscagli,31,2025-2026,Olivier Boscagli,28.0,France,D
11039,olivier deman,73,2023-2024,Olivier Deman,23.0,be BEL,MF
11040,olivier deman,73,2024-2025,Olivier Deman,24.0,be BEL,"DF,FW"
11041,olivier deman,73,2025-2026,Olivier Deman,25.0,Belgium,D
11042,olivier giroud,75,2022-2023,Olivier Giroud,35.0,fr FRA,FW
11043,olivier giroud,75,2023-2024,Olivier Giroud,36.0,fr FRA,FW
11044,olivier giroud,109,2025-2026,Olivier Giroud,39.0,France,F
11045,olivier giroudac,75,2022-2023,Olivier GiroudAC,,,
11046,olivier giroudac,75,2023-2024,Olivier GiroudAC,,,
11047,oliwier zych,28,2022-2023,Oliwier Zych,18.0,pl POL,GK
11048,oliwier zych,28,2023-2024,Oliwier Zych,19.0,pl POL,GK
11049,oliwier zych,28,2024-2025,Oliwier Zych,20.0,pl POL,GK
11050,ollie harrison,33,2023-2024,Ollie Harrison,15.0,eng ENG,MF
11051,ollie scarles,50,2024-2025,Ollie Scarles,,,
11052,ollie watkins,28,2022-2023,Ollie Watkins,26.0,eng ENG,FW
11053,ollie watkins,28,2023-2024,Ollie Watkins,27.0,eng ENG,FW
11054,ollie watkins,28,2024-2025,Ollie Watkins,28.0,eng ENG,FW
11055,ollie watkins,28,2025-2026,Ollie Watkins,30.0,England,F
11056,oluwaseun ogbemudia,72,2023-2024,Oluwaseun Ogbemudia,17.0,de GER,DF
11057,oluwaseun ogbemudia,72,2024-2025,Oluwaseun Ogbemudia,18.0,de GER,DF
11058,omar alderete,10,2022-2023,Omar Alderete,25.0,py PAR,DF
11059,omar alderete,10,2023-2024,Omar Alderete,26.0,py PAR,DF
11060,omar alderete,10,2024-2025,Omar Alderete,27.0,py PAR,DF
11061,omar alderete,48,2025-2026,Omar Alderete,29.0,Paraguay,D
11062,omar colley,96,2022-2023,Omar Colley,29.0,gm GAM,DF
11063,omar el hilali,9,2022-2023,Omar El Hilali,18.0,ma MAR,DF
11064,omar el hilali,9,2024-2025,Omar El Hilali,20.0,ma MAR,DF
11065,omar el hilali,9,2025-2026,Omar El Hilali,22.0,Morocco,D
11066,omar haktab traorefc,61,2023-2024,Omar Haktab TraoréFC,,,
11067,omar haktab traorefc,61,2024-2025,Omar Haktab TraoréFC,,,
11068,omar janneh,4,2024-2025,Omar Janneh,17.0,es ESP,FW
11069,omar marmoush,42,2024-2025,Omar Marmoush,25.0,eg EGY,"MF,FW"
11070,omar marmoush,42,2025-2026,Omar Marmoush,26.0,Egypt,F
11071,omar marmoush,58,2023-2024,Omar Marmoush,24.0,eg EGY,"FW,MF"
11072,omar marmoush,58,2024-2025,Omar Marmoush,25.0,eg EGY,"FW,MF"
11073,omar marmoush,74,2022-2023,Omar Marmoush,23.0,eg EGY,"FW,MF"
11074,omar mascarell,8,2022-2023,Omar Mascarell,29.0,gq EQG,"MF,DF"
11075,omar mascarell,16,2023-2024,Omar Mascarell,30.0,gq EQG,MF
11076,omar mascarell,16,2024-2025,Omar Mascarell,31.0,gq EQG,MF
11077,omar mascarell,16,2025-2026,Omar Mascarell,33.0,Equatorial Guinea,M
11078,omar megeed,60,2025-2026,Omar Megeed,20.0,Egypt,F
11079,omar richards,45,2022-2023,Omar Richards,24.0,England,D
11080,omar richards,45,2024-2025,Omar Richards,26.0,England,D
11081,omar richards,45,2025-2026,Omar Richards,27.0,England,D
11082,omar sadik,9,2024-2025,Omar Sadik,20.0,ma MAR,FW
11083,omar traore,61,2023-2024,Omar Traoré,25.0,de GER,DF
11084,omar traore,61,2024-2025,Omar Traoré,26.0,de GER,"DF,MF"
11085,omar traore,61,2025-2026,Omar Traoré,28.0,Germany,D
11086,omari forson,43,2023-2024,Omari Forson,19.0,eng ENG,MF
11087,omari forson,90,2024-2025,Omari Forson,20.0,eng ENG,FW
11088,omari hutchinson,33,2022-2023,Omari Hutchinson,18.0,eng ENG,MF
11089,omari hutchinson,37,2024-2025,Omari Hutchinson,20.0,eng ENG,MF
11090,omari hutchinson,45,2025-2026,Omari Hutchinson,22.0,England,F
11091,omari kellyman,28,2023-2024,Omari Kellyman,17.0,eng ENG,"FW,MF"
11092,omari kellyman,33,2025-2026,Omari Kellyman,19.0,England,F
11093,omenuke mfulu,13,2023-2024,Omenuke Mfulu,29.0,cd COD,MF
11094,omer beyaz,71,2022-2023,Ömer Beyaz,19.0,Turkey,F
11095,omri gandelman,89,2025-2026,Omri Gandelman,25.0,Israel,F
11096,ondrej duda,65,2022-2023,Ondrej Duda,27.0,sk SVK,MF
11097,ondrej duda,85,2022-2023,Ondrej Duda,27.0,sk SVK,MF
11098,ondrej duda,85,2023-2024,Ondrej Duda,28.0,sk SVK,MF
11099,ondrej duda,85,2024-2025,Ondrej Duda,29.0,sk SVK,MF
11100,ondrej dudafc,65,2022-2023,Ondrej DudaFC,,,
11101,ore petrovic,33,2023-2024,Đorđe Petrović,23.0,rs SRB,GK
11102,ore petrovic,123,2024-2025,Đorđe Petrović,24.0,rs SRB,GK
11103,orel mangala,35,2024-2025,Orel Mangala,26.0,be BEL,MF
11104,orel mangala,45,2022-2023,Orel Mangala,24.0,be BEL,MF
11105,orel mangala,45,2023-2024,Orel Mangala,25.0,be BEL,MF
11106,orel mangala,111,2023-2024,Orel Mangala,25.0,be BEL,MF
11107,orel mangala,111,2024-2025,Orel Mangala,26.0,be BEL,MF
11108,orel mangala,111,2025-2026,Orel Mangala,27.0,Belgium,M
11109,oriol rey,15,2025-2026,Oriol Rey,27.0,Spain,M
11110,oriol romeu,5,2023-2024,Oriol Romeu,31.0,es ESP,MF
11111,oriol romeu,11,2022-2023,Oriol Romeu,30.0,es ESP,MF
11112,oriol romeu,11,2024-2025,Oriol Romeu,32.0,es ESP,MF
11113,oriol romeu,47,2022-2023,Oriol Romeu,30.0,es ESP,MF
11114,orir johann helgason,89,2022-2023,Þórir Jóhann Helgason,21.0,is ISL,MF
11115,orir johann helgason,89,2023-2024,Þórir Jóhann Helgason,22.0,is ISL,MF
11116,orir johann helgason,89,2024-2025,Þórir Jóhann Helgason,23.0,is ISL,MF
11117,orjan nyland,68,2022-2023,Örjan Nyland,32.0,Norway,K
11118,orji okwonkwo,77,2022-2023,Orji Okwonkwo,25.0,Nigeria,F
11119,orri oskarsson,22,2024-2025,Orri Óskarsson,20.0,Iceland,F
11120,orri oskarsson,22,2025-2026,Orri Óskarsson,21.0,Iceland,F
11121,orri steinn oskarsson,22,2024-2025,Orri Steinn Óskarsson,19.0,is ISL,FW
11122,osame sahraoui,109,2024-2025,Osame Sahraoui,23.0,ma MAR,MF
11123,osame sahraoui,109,2025-2026,Osame Sahraoui,24.0,Morocco,F
11124,oscar bobb,36,2025-2026,Oscar Bobb,22.0,Norway,F
11125,oscar bobb,42,2023-2024,Oscar Bobb,20.0,no NOR,MF
11126,oscar bobb,42,2024-2025,Oscar Bobb,21.0,no NOR,"FW,MF"
11127,oscar cortes,108,2023-2024,Óscar Cortés,19.0,co COL,MF
11128,oscar de marcos,3,2022-2023,Óscar De Marcos,33.0,es ESP,DF
11129,oscar de marcos,3,2023-2024,Óscar De Marcos,34.0,es ESP,DF
11130,oscar de marcos,3,2024-2025,Óscar De Marcos,35.0,es ESP,DF
11131,oscar estupinan,113,2023-2024,Óscar Estupiñán,26.0,co COL,FW
11132,oscar fraulo,67,2022-2023,Oscar Fraulo,18.0,dk DEN,MF
11133,oscar frauloborussia m.,67,2022-2023,Oscar FrauloBorussia M.,,,
11134,oscar gil,9,2022-2023,Óscar Gil,25.0,es ESP,DF
11135,oscar hjlund,58,2024-2025,Oscar Højlund,19.0,dk DEN,MF
11136,oscar hjlund,58,2025-2026,Oscar Højlund,21.0,Denmark,M
11137,oscar melendo,12,2023-2024,Óscar Melendo,25.0,es ESP,"MF,FW"
11138,oscar mingueza,7,2022-2023,Óscar Mingueza,23.0,es ESP,DF
11139,oscar mingueza,7,2023-2024,Óscar Mingueza,24.0,es ESP,"DF,MF"
11140,oscar mingueza,7,2024-2025,Óscar Mingueza,25.0,es ESP,"MF,DF"
11141,oscar mingueza,7,2025-2026,Óscar Mingueza,26.0,Spain,D
11142,oscar perea,123,2024-2025,Óscar Perea,18.0,co COL,MF
11143,oscar plano,23,2022-2023,Óscar Plano,31.0,es ESP,"MF,FW"
11144,oscar rodriguez,7,2022-2023,Óscar Rodríguez,24.0,Spain,F
11145,oscar rodriguez,10,2023-2024,Óscar Rodríguez,25.0,Spain,F
11146,oscar rodriguez,14,2024-2025,Óscar Rodríguez,26.0,Spain,F
11147,oscar rodriguez arnaiz,7,2022-2023,Óscar Rodríguez Arnaiz,24.0,es ESP,MF
11148,oscar rodriguez arnaiz,10,2023-2024,Óscar Rodríguez Arnaiz,25.0,es ESP,"MF,FW"
11149,oscar rodriguez arnaiz,14,2024-2025,Óscar Rodríguez Arnaiz,26.0,es ESP,MF
11150,oscar trejo,18,2022-2023,Óscar Trejo,34.0,ar ARG,"MF,FW"
11151,oscar trejo,18,2023-2024,Óscar Trejo,35.0,ar ARG,"FW,MF"
11152,oscar trejo,18,2024-2025,Óscar Trejo,36.0,ar ARG,MF
11153,oscar trejo,18,2025-2026,Óscar Trejo,37.0,Argentina,F
11154,oscar urena,11,2022-2023,Óscar Ureña,19.0,do DOM,MF
11155,oscar valentin,18,2022-2023,Óscar Valentín,27.0,es ESP,MF
11156,oscar valentin,18,2023-2024,Óscar Valentín,28.0,es ESP,MF
11157,oscar valentin,18,2024-2025,Óscar Valentín,29.0,es ESP,MF
11158,oscar valentin,18,2025-2026,Óscar Valentín,31.0,Spain,M
11159,oscar vilhelmsson,57,2023-2024,Oscar Vilhelmsson,19.0,se SWE,FW
11160,oskar preil,68,2022-2023,Oskar Preil,19.0,Germany,K
11161,oso,24,2025-2026,Oso,22.0,Spain,D
11162,otavio,118,2025-2026,Otávio,23.0,Brazil,D
11163,othmane maamma,115,2023-2024,Othmane Maamma,17.0,ma MAR,FW
11164,othmane maamma,115,2024-2025,Othmane Maamma,18.0,ma MAR,MF
11165,othniel raterink,78,2025-2026,Othniël Raterink,19.0,Netherlands,D
11166,otto stange,60,2025-2026,Otto Stange,18.0,Germany,F
11167,oualid el hajjam,107,2023-2024,Oualid El Hajjam,32.0,ma MAR,"DF,MF"
11168,oualid el hajjam,107,2024-2025,Oualid El Hajjam,33.0,Morocco,D
11169,oumar diakite,120,2023-2024,Oumar Diakité,19.0,ci CIV,FW
11170,oumar diakite,120,2024-2025,Oumar Diakité,20.0,ci CIV,FW
11171,oumar gonzalez,102,2022-2023,Oumar Gonzalez,24.0,cm CMR,DF
11172,oumar gonzalezac,102,2022-2023,Oumar GonzalezAC,,,
11173,oumar ngom,89,2025-2026,Oumar Ngom,21.0,Mauritania,M
11174,oumar pona,103,2024-2025,Oumar Pona,18.0,France,K
11175,oumar pona,103,2025-2026,Oumar Pona,19.0,Mali,K
11176,oumar solet,100,2024-2025,Oumar Solet,24.0,fr FRA,DF
11177,oumar solet,100,2025-2026,Oumar Solet,25.0,France,D
11178,ouparine djoco,106,2022-2023,Ouparine Djoco,24.0,gw GNB,GK
11179,ousmane ba,113,2025-2026,Ousmane Ba,23.0,Senegal,K
11180,ousmane camara,103,2022-2023,Ousmane Camara,19.0,ml MLI,DF
11181,ousmane camara,103,2024-2025,Ousmane Camara,21.0,ml MLI,DF
11182,ousmane camara,103,2025-2026,Ousmane Camara,22.0,Mali,D
11183,ousmane camara,104,2022-2023,Ousmane Camara,20.0,gn GUI,FW
11184,ousmane dembele,5,2022-2023,Ousmane Dembélé,25.0,fr FRA,FW
11185,ousmane dembele,119,2023-2024,Ousmane Dembélé,26.0,fr FRA,"FW,MF"
11186,ousmane dembele,119,2024-2025,Ousmane Dembélé,27.0,fr FRA,FW
11187,ousmane dembele,119,2025-2026,Ousmane Dembélé,28.0,France,F
11188,ousmane toure,109,2024-2025,Ousmane Touré,19.0,fr FRA,DF
11189,ousmane toure,109,2025-2026,Ousmane Touré,20.0,France,D
11190,ousoumane camara,104,2022-2023,Ousoumane Camara,24.0,France,M
11191,oussama el azzouzi,77,2023-2024,Oussama El Azzouzi,22.0,ma MAR,MF
11192,oussama el azzouzi,77,2024-2025,Oussama El Azzouzi,23.0,ma MAR,MF
11193,oussama el azzouzi,104,2025-2026,Oussama El Azzouzi,24.0,Morocco,M
11194,oussama targhalline,107,2023-2024,Oussama Targhalline,21.0,ma MAR,MF
11195,oussama targhalline,107,2024-2025,Oussama Targhalline,22.0,ma MAR,MF
11196,ovie ejaria,21,2025-2026,Ovie Ejaria,28.0,England,F
11197,owen beck,40,2023-2024,Owen Beck,20.0,wls WAL,"DF,MF"
11198,owen bevan,29,2022-2023,Owen Bevan,18.0,wls WAL,DF
11199,owen dodgson,32,2025-2026,Owen Dodgson,22.0,England,D
11200,owen goodman,34,2022-2023,Owen Goodman,18.0,ca CAN,GK
11201,owen goodman,34,2024-2025,Owen Goodman,21.0,England,K
11202,owen goodman,34,2025-2026,Owen Goodman,21.0,England,K
11203,owen hampson,46,2023-2024,Owen Hampson,18.0,eng ENG,MF
11204,owen hesketh,51,2023-2024,Owen Hesketh,20.0,wls WAL,MF
11205,oyindamola ajayi,49,2024-2025,Oyindamola Ajayi,18.0,eng ENG,MF
11206,ozan kabak,63,2022-2023,Ozan Kabak,22.0,tr TUR,DF
11207,ozan kabak,63,2023-2024,Ozan Kabak,23.0,tr TUR,DF
11208,ozan kabak,63,2024-2025,Ozan Kabak,24.0,Turkey,D
11209,ozan kabak,63,2025-2026,Ozan Kabak,26.0,Turkey,D
11210,pablo,50,2025-2026,Pablo,22.0,Brazil,F
11211,pablo barrios,4,2022-2023,Pablo Barrios,19.0,es ESP,MF
11212,pablo barrios,4,2023-2024,Pablo Barrios,20.0,es ESP,MF
11213,pablo barrios,4,2024-2025,Pablo Barrios,21.0,es ESP,MF
11214,pablo barrios,4,2025-2026,Pablo Barrios,22.0,Spain,M
11215,pablo busto,19,2023-2024,Pablo Busto,17.0,es ESP,DF
11216,pablo busto,19,2024-2025,Pablo Busto,18.0,es ESP,DF
11217,pablo campos,15,2025-2026,Pablo Campos,23.0,Spain,K
11218,pablo cruz,24,2024-2025,Pablo Cruz,20.0,es ESP,MF
11219,pablo duran,7,2022-2023,Pablo Durán,21.0,es ESP,FW
11220,pablo duran,7,2024-2025,Pablo Durán,23.0,es ESP,"FW,MF"
11221,pablo duran,7,2025-2026,Pablo Durán,24.0,Spain,F
11222,pablo fornals,19,2023-2024,Pablo Fornals,27.0,es ESP,MF
11223,pablo fornals,19,2024-2025,Pablo Fornals,28.0,es ESP,MF
11224,pablo fornals,19,2025-2026,Pablo Fornals,29.0,Spain,M
11225,pablo fornals,50,2022-2023,Pablo Fornals,26.0,es ESP,MF
11226,pablo fornals,50,2023-2024,Pablo Fornals,27.0,es ESP,MF
11227,pablo galdames,80,2022-2023,Pablo Galdames,26.0,Chile,M
11228,pablo galdames,84,2023-2024,Pablo Galdames,27.0,Chile,M
11229,pablo galdames millan,80,2022-2023,Pablo Galdames Millán,25.0,cl CHI,MF
11230,pablo galdames millan,84,2023-2024,Pablo Galdames Millán,26.0,cl CHI,MF
11231,pablo garcia,19,2024-2025,Pablo García,18.0,es ESP,FW
11232,pablo garcia,19,2025-2026,Pablo García,19.0,Spain,F
11233,pablo gozalbez,25,2023-2024,Pablo Gozálbez,22.0,es ESP,MF
11234,pablo ibanez,1,2025-2026,Pablo Ibáñez,27.0,Spain,M
11235,pablo ibanez,17,2022-2023,Pablo Ibáñez,23.0,es ESP,MF
11236,pablo ibanez,17,2023-2024,Pablo Ibáñez,24.0,es ESP,MF
11237,pablo ibanez,17,2024-2025,Pablo Ibáñez,25.0,es ESP,MF
11238,pablo maffeo,16,2022-2023,Pablo Maffeo,25.0,es ESP,DF
11239,pablo maffeo,16,2023-2024,Pablo Maffeo,26.0,es ESP,"DF,MF"
11240,pablo maffeo,16,2024-2025,Pablo Maffeo,27.0,es ESP,DF
11241,pablo maffeo,16,2025-2026,Pablo Maffeo,28.0,Argentina,D
11242,pablo mari,82,2024-2025,Pablo Marí,30.0,es ESP,DF
11243,pablo mari,90,2022-2023,Pablo Marí,28.0,es ESP,DF
11244,pablo mari,90,2023-2024,Pablo Marí,29.0,es ESP,DF
11245,pablo mari,90,2024-2025,Pablo Marí,30.0,es ESP,DF
11246,pablo marin,22,2022-2023,Pablo Marín,19.0,es ESP,MF
11247,pablo marin,22,2023-2024,Pablo Marín,20.0,es ESP,MF
11248,pablo marin,22,2024-2025,Pablo Marín,21.0,es ESP,MF
11249,pablo marin,22,2025-2026,Pablo Marín,22.0,Spain,F
11250,pablo martinez,15,2025-2026,Pablo Martínez,27.0,Spain,M
11251,pablo munoz,18,2022-2023,Pablo Muñoz,18.0,es ESP,MF
11252,pablo munoz,18,2023-2024,Pablo Muñoz,19.0,es ESP,MF
11253,pablo pagis,110,2023-2024,Pablo Pagis,20.0,fr FRA,MF
11254,pablo pagis,110,2025-2026,Pablo Pagis,23.0,France,F
11255,pablo ramirez,10,2022-2023,Pablo Ramírez,19.0,es ESP,DF
11256,pablo ramon,9,2024-2025,Pablo Ramon,23.0,es ESP,DF
11257,pablo rodriguez,89,2022-2023,Pablo Rodríguez,20.0,es ESP,"FW,MF"
11258,pablo rosario,117,2022-2023,Pablo Rosario,25.0,do DOM,"MF,DF"
11259,pablo rosario,117,2023-2024,Pablo Rosario,26.0,do DOM,"MF,DF"
11260,pablo rosario,117,2024-2025,Pablo Rosario,27.0,do DOM,"MF,DF"
11261,pablo saenz,12,2023-2024,Pablo Sáenz,22.0,es ESP,MF
11262,pablo sarabia,51,2022-2023,Pablo Sarabia,30.0,es ESP,"MF,FW"
11263,pablo sarabia,51,2023-2024,Pablo Sarabia,31.0,es ESP,"MF,FW"
11264,pablo sarabia,51,2024-2025,Pablo Sarabia,32.0,es ESP,MF
11265,pablo sarabia,119,2022-2023,Pablo Sarabia,30.0,es ESP,"FW,MF"
11266,pablo torre,5,2022-2023,Pablo Torre,19.0,es ESP,FW
11267,pablo torre,5,2024-2025,Pablo Torre,21.0,es ESP,MF
11268,pablo torre,11,2023-2024,Pablo Torre,20.0,es ESP,MF
11269,pablo torre,16,2025-2026,Pablo Torre,22.0,Spain,F
11270,pablo valencia,17,2022-2023,Pablo Valencia,21.0,es ESP,GK
11271,pablo valencia,17,2023-2024,Pablo Valencia,22.0,es ESP,GK
11272,pablo valencia,17,2024-2025,Pablo Valencia,23.0,es ESP,GK
11273,pacha espino,6,2022-2023,Pacha Espino,,,
11274,pacha espino,18,2023-2024,Pacha Espino,,,
11275,pacha espino,18,2024-2025,Pacha Espino,,,
11276,paco cortes,15,2025-2026,Paco Cortés,18.0,Spain,F
11277,paco sanz,2,2023-2024,Paco Sanz,18.0,es ESP,DF
11278,panagiotis retsos,85,2022-2023,Panagiotis Retsos,23.0,gr GRE,DF
11279,panos katseris,110,2023-2024,Panos Katseris,22.0,gr GRE,MF
11280,panos katseris,110,2025-2026,Panos Katseris,24.0,Greece,M
11281,pantelis chatzidiakos,78,2023-2024,Pantelis Chatzidiakos,27.0,Greece,D
11282,pantelis hatzidiakos,78,2023-2024,Pantelis Hatzidiakos,26.0,gr GRE,DF
11283,pantelis hatzidiakos,78,2024-2025,Pantelis Hatzidiakos,27.0,gr GRE,"DF,MF"
11284,paolo ghiglione,80,2022-2023,Paolo Ghiglione,25.0,it ITA,MF
11285,paolo lebas,102,2022-2023,Paolo Lebas,19.0,fr FRA,MF
11286,paolo lebasac,102,2022-2023,Paolo LebasAC,,,
11287,paolo vismara,76,2023-2024,Paolo Vismara,20.0,it ITA,GK
11288,paolo vismara,76,2024-2025,Paolo Vismara,21.0,it ITA,GK
11289,papa amadou diallo,113,2023-2024,Papa Amadou Diallo,19.0,sn SEN,"MF,FW"
11290,papa ba,11,2024-2025,Papa Ba,19.0,es ESP,FW
11291,papa dame ba,11,2024-2025,Papa Dame Ba,,,
11292,papa diallo,113,2023-2024,Papa Diallo,,,
11293,papa ndiaga yade,125,2022-2023,Papa Ndiaga Yade,22.0,mr MTN,"MF,DF"
11294,papa yade,125,2022-2023,Papa Yade,,,
11295,pape cheikh,8,2022-2023,Pape Cheikh,,,
11296,pape cheikh diop,8,2022-2023,Pape Cheikh Diop,24.0,sn SEN,MF
11297,pape daouda diongue,123,2024-2025,Pape Daouda Diongue,18.0,sn SEN,MF
11298,pape demba diop,124,2025-2026,Pape Demba Diop,22.0,Senegal,M
11299,pape diong,123,2024-2025,Pape Diong,18.0,Senegal,M
11300,pape gueye,24,2022-2023,Pape Gueye,23.0,sn SEN,MF
11301,pape gueye,26,2024-2025,Pape Gueye,25.0,sn SEN,"MF,FW"
11302,pape gueye,26,2025-2026,Pape Gueye,27.0,Senegal,M
11303,pape gueye,112,2022-2023,Pape Gueye,23.0,sn SEN,MF
11304,pape gueye,112,2023-2024,Pape Gueye,24.0,sn SEN,"MF,DF"
11305,pape matar sarr,49,2022-2023,Pape Matar Sarr,19.0,sn SEN,MF
11306,pape matar sarr,49,2023-2024,Pape Matar Sarr,20.0,sn SEN,MF
11307,pape matar sarr,49,2024-2025,Pape Matar Sarr,21.0,sn SEN,MF
11308,pape sarr,49,2022-2023,Pape Sarr,20.0,Senegal,M
11309,pape sarr,49,2023-2024,Pape Sarr,21.0,Senegal,M
11310,pape sarr,49,2024-2025,Pape Sarr,22.0,Senegal,M
11311,pape sarr,49,2025-2026,Pape Sarr,23.0,Senegal,M
11312,pape sy,113,2025-2026,Pape Sy,28.0,Senegal,K
11313,papu gomez,24,2022-2023,Papu Gómez,34.0,ar ARG,MF
11314,papu gomez,24,2023-2024,Papu Gómez,35.0,ar ARG,"FW,MF"
11315,papu gomez,90,2023-2024,Papu Gómez,35.0,ar ARG,"FW,MF"
11316,paris brunner,56,2023-2024,Paris Brunner,17.0,de GER,FW
11317,paris brunner,114,2025-2026,Paris Brunner,19.0,Germany,F
11318,paris maghoma,30,2024-2025,Paris Maghoma,23.0,England,M
11319,pascal gro,31,2022-2023,Pascal Groß,31.0,de GER,"MF,DF"
11320,pascal gro,31,2023-2024,Pascal Groß,32.0,de GER,"MF,DF"
11321,pascal gro,31,2025-2026,Pascal Groß,34.0,Germany,M
11322,pascal gro,56,2024-2025,Pascal Groß,33.0,de GER,"MF,DF"
11323,pascal klemens,62,2022-2023,Pascal Klemens,17.0,de GER,DF
11324,pascal stenzel,71,2022-2023,Pascal Stenzel,26.0,de GER,DF
11325,pascal stenzel,71,2023-2024,Pascal Stenzel,27.0,de GER,DF
11326,pascal stenzel,71,2024-2025,Pascal Stenzel,28.0,de GER,DF
11327,pascal stenzel,71,2025-2026,Pascal Stenzel,29.0,Germany,D
11328,pascal struijk,38,2022-2023,Pascal Struijk,22.0,nl NED,DF
11329,pascal struijk,38,2025-2026,Pascal Struijk,26.0,Netherlands,D
11330,pascu,26,2022-2023,Pascu,19.0,es ESP,FW
11331,pascu,26,2023-2024,Pascu,20.0,es ESP,FW
11332,pasquale allocca,95,2022-2023,Pasquale Allocca,17.0,it ITA,GK
11333,pasquale allocca,95,2023-2024,Pasquale Allocca,18.0,it ITA,GK
11334,pasquale mazzocchi,91,2023-2024,Pasquale Mazzocchi,28.0,it ITA,"DF,MF"
11335,pasquale mazzocchi,91,2024-2025,Pasquale Mazzocchi,29.0,it ITA,"MF,DF"
11336,pasquale mazzocchi,91,2025-2026,Pasquale Mazzocchi,30.0,Italy,D
11337,pasquale mazzocchi,95,2022-2023,Pasquale Mazzocchi,27.0,it ITA,MF
11338,pasquale mazzocchi,95,2023-2024,Pasquale Mazzocchi,28.0,it ITA,"MF,DF"
11339,pathe ciss,18,2022-2023,Pathé Ciss,28.0,sn SEN,MF
11340,pathe ciss,18,2023-2024,Pathé Ciss,29.0,sn SEN,MF
11341,pathe ciss,18,2024-2025,Pathé Ciss,30.0,sn SEN,"MF,DF"
11342,pathe ciss,18,2025-2026,Pathé Ciss,31.0,Senegal,M
11343,pathe mboup,105,2025-2026,Pathé Mboup,22.0,Senegal,F
11344,patric,88,2022-2023,Patric,29.0,es ESP,DF
11345,patric,88,2023-2024,Patric,30.0,es ESP,DF
11346,patric,88,2024-2025,Patric,31.0,es ESP,DF
11347,patric,88,2025-2026,Patric,32.0,Spain,D
11348,patric pfeiffer,52,2023-2024,Patric Pfeiffer,23.0,gh GHA,DF
11349,patrice covic,73,2024-2025,Patrice Čović,17.0,hr CRO,MF
11350,patrice covic,73,2025-2026,Patrice Covic,18.0,Croatia,F
11351,patrick bamford,38,2022-2023,Patrick Bamford,28.0,eng ENG,FW
11352,patrick berg,108,2022-2023,Patrick Berg,24.0,no NOR,"DF,MF"
11353,patrick ciurria,90,2022-2023,Patrick Ciurria,27.0,it ITA,MF
11354,patrick ciurria,90,2023-2024,Patrick Ciurria,28.0,it ITA,MF
11355,patrick ciurria,90,2024-2025,Patrick Ciurria,29.0,it ITA,MF
11356,patrick cutrone,79,2024-2025,Patrick Cutrone,26.0,it ITA,FW
11357,patrick cutrone,92,2025-2026,Patrick Cutrone,27.0,Italy,F
11358,patrick dorgu,43,2024-2025,Patrick Dorgu,19.0,dk DEN,MF
11359,patrick dorgu,43,2025-2026,Patrick Dorgu,21.0,Denmark,D
11360,patrick dorgu,89,2023-2024,Patrick Dorgu,18.0,dk DEN,"MF,DF"
11361,patrick dorgu,89,2024-2025,Patrick Dorgu,19.0,dk DEN,"MF,DF"
11362,patrick drewes,55,2024-2025,Patrick Drewes,31.0,de GER,GK
11363,patrick drewes,56,2025-2026,Patrick Drewes,33.0,Germany,K
11364,patrick erras,64,2024-2025,Patrick Erras,29.0,de GER,DF
11365,patrick herrmann,67,2022-2023,Patrick Herrmann,31.0,de GER,"FW,MF"
11366,patrick herrmann,67,2023-2024,Patrick Herrmann,32.0,de GER,"FW,MF"
11367,patrick herrmannborussia m.,67,2022-2023,Patrick HerrmannBorussia M.,,,
11368,patrick herrmannborussia m.,67,2023-2024,Patrick HerrmannBorussia M.,,,
11369,patrick kelly,50,2024-2025,Patrick Kelly,20.0,Northern Ireland,M
11370,patrick mainka,61,2023-2024,Patrick Mainka,28.0,de GER,DF
11371,patrick mainka,61,2024-2025,Patrick Mainka,29.0,de GER,DF
11372,patrick mainka,61,2025-2026,Patrick Mainka,31.0,Germany,D
11373,patrick mainkafc,61,2023-2024,Patrick MainkaFC,,,
11374,patrick mainkafc,61,2024-2025,Patrick MainkaFC,,,
11375,patrick osterhage,55,2022-2023,Patrick Osterhage,22.0,de GER,MF
11376,patrick osterhage,55,2023-2024,Patrick Osterhage,23.0,de GER,MF
11377,patrick osterhage,59,2024-2025,Patrick Osterhage,24.0,de GER,MF
11378,patrick osterhage,59,2025-2026,Patrick Osterhage,26.0,Germany,M
11379,patrick ouotro,123,2023-2024,Patrick Ouotro,17.0,ci CIV,FW
11380,patrick pentz,53,2022-2023,Patrick Pentz,25.0,at AUT,GK
11381,patrick pentz,120,2022-2023,Patrick Pentz,25.0,at AUT,GK
11382,patrick wimmer,74,2022-2023,Patrick Wimmer,21.0,at AUT,"MF,FW"
11383,patrick wimmer,74,2023-2024,Patrick Wimmer,22.0,at AUT,"MF,FW"
11384,patrick wimmer,74,2024-2025,Patrick Wimmer,23.0,at AUT,"MF,FW"
11385,patrick wimmer,74,2025-2026,Patrick Wimmer,24.0,Austria,F
11386,patrik carlgren,116,2024-2025,Patrik Carlgren,32.0,se SWE,GK
11387,patrik carlgren,116,2025-2026,Patrik Carlgren,34.0,Sweden,K
11388,patrik schick,53,2022-2023,Patrik Schick,26.0,cz CZE,FW
11389,patrik schick,53,2023-2024,Patrik Schick,27.0,cz CZE,FW
11390,patrik schick,53,2024-2025,Patrik Schick,28.0,cz CZE,FW
11391,patrik schick,53,2025-2026,Patrik Schick,30.0,Czech Republic,F
11392,patrizio masini,84,2024-2025,Patrizio Masini,23.0,it ITA,MF
11393,patrizio masini,84,2025-2026,Patrizio Masini,25.0,Italy,M
11394,patson daka,39,2022-2023,Patson Daka,23.0,zm ZAM,FW
11395,patson daka,39,2024-2025,Patson Daka,25.0,zm ZAM,"MF,FW"
11396,pau cabanes,1,2024-2025,Pau Cabanes,19.0,es ESP,MF
11397,pau cabanes,26,2024-2025,Pau Cabanes,19.0,es ESP,FW
11398,pau cabanes,26,2025-2026,Pau Cabanes,20.0,Spain,F
11399,pau cubarsi,5,2023-2024,Pau Cubarsí,16.0,es ESP,DF
11400,pau cubarsi,5,2024-2025,Pau Cubarsí,17.0,es ESP,DF
11401,pau cubarsi,5,2025-2026,Pau Cubarsí,19.0,Spain,D
11402,pau ferrer,13,2023-2024,Pau Ferrer,19.0,es ESP,FW
11403,pau lopez,11,2024-2025,Pau López,29.0,es ESP,GK
11404,pau lopez,19,2025-2026,Pau López,31.0,Spain,K
11405,pau lopez,112,2022-2023,Pau López,27.0,es ESP,GK
11406,pau lopez,112,2023-2024,Pau López,28.0,es ESP,GK
11407,pau mascaro,16,2023-2024,Pau Mascaró,18.0,es ESP,FW
11408,pau navarro,26,2024-2025,Pau Navarro,19.0,es ESP,DF
11409,pau navarro,26,2025-2026,Pau Navarro,20.0,Spain,D
11410,pau prim,5,2022-2023,Pau Prim,16.0,es ESP,MF
11411,pau prim,5,2023-2024,Pau Prim,17.0,es ESP,MF
11412,pau torres,26,2022-2023,Pau Torres,25.0,es ESP,DF
11413,pau torres,28,2023-2024,Pau Torres,26.0,es ESP,DF
11414,pau torres,28,2024-2025,Pau Torres,27.0,es ESP,DF
11415,pau torres,28,2025-2026,Pau Torres,29.0,Spain,D
11416,pau victor,5,2023-2024,Pau Victor,21.0,es ESP,FW
11417,pau victor,5,2024-2025,Pau Víctor,22.0,es ESP,FW
11418,pau victor,11,2022-2023,Pau Victor,20.0,es ESP,FW
11419,paul akouokou,19,2022-2023,Paul Akouokou,24.0,ci CIV,"MF,DF"
11420,paul akouokou,19,2023-2024,Paul Akouokou,25.0,ci CIV,MF
11421,paul akouokou,111,2023-2024,Paul Akouokou,25.0,ci CIV,MF
11422,paul akouokou,111,2024-2025,Paul Akouokou,26.0,ci CIV,MF
11423,paul argney,107,2025-2026,Paul Argney,19.0,France,K
11424,paul bernardoni,103,2022-2023,Paul Bernardoni,25.0,fr FRA,GK
11425,paul dummett,44,2022-2023,Paul Dummett,30.0,wls WAL,DF
11426,paul dummett,44,2023-2024,Paul Dummett,31.0,wls WAL,DF
11427,paul grave,55,2022-2023,Paul Grave,22.0,Germany,K
11428,paul grave,55,2024-2025,Paul Grave,23.0,de GER,GK
11429,paul hennrich,63,2024-2025,Paul Hennrich,19.0,de GER,MF
11430,paul jaeckel,72,2022-2023,Paul Jaeckel,24.0,de GER,DF
11431,paul jaeckel,72,2023-2024,Paul Jaeckel,25.0,de GER,DF
11432,paul jaeckel,72,2024-2025,Paul Jaeckel,26.0,de GER,DF
11433,paul joly,104,2022-2023,Paul Joly,22.0,fr FRA,DF
11434,paul joly,104,2024-2025,Paul Joly,24.0,fr FRA,"DF,MF"
11435,paul nebel,66,2024-2025,Paul Nebel,21.0,de GER,MF
11436,paul nebel,66,2025-2026,Paul Nebel,23.0,Germany,F
11437,paul onuachu,47,2022-2023,Paul Onuachu,28.0,ng NGA,FW
11438,paul onuachu,47,2024-2025,Paul Onuachu,30.0,ng NGA,FW
11439,paul pogba,87,2022-2023,Paul Pogba,29.0,fr FRA,FW
11440,paul pogba,87,2023-2024,Paul Pogba,30.0,fr FRA,MF
11441,paul pogba,114,2025-2026,Paul Pogba,32.0,France,M
11442,paul seguin,72,2022-2023,Paul Seguin,27.0,de GER,MF
11443,paul tschernuth,61,2023-2024,Paul Tschernuth,22.0,Austria,K
11444,paul tschernuth,61,2024-2025,Paul Tschernuth,23.0,Austria,K
11445,paul tschernuth,61,2025-2026,Paul Tschernuth,24.0,Austria,K
11446,paul wanner,54,2022-2023,Paul Wanner,16.0,at AUT,MF
11447,paul wanner,61,2024-2025,Paul Wanner,18.0,at AUT,"MF,FW"
11448,paul wannerfc,61,2024-2025,Paul WannerFC,,,
11449,paulinho,53,2022-2023,Paulinho,22.0,br BRA,FW
11450,paulo azzi,78,2023-2024,Paulo Azzi,29.0,br BRA,"MF,DF"
11451,paulo azzi,78,2024-2025,Paulo Azzi,30.0,br BRA,MF
11452,paulo dybala,94,2022-2023,Paulo Dybala,28.0,ar ARG,"MF,FW"
11453,paulo dybala,94,2023-2024,Paulo Dybala,29.0,ar ARG,"FW,MF"
11454,paulo dybala,94,2024-2025,Paulo Dybala,30.0,ar ARG,"FW,MF"
11455,paulo dybala,94,2025-2026,Paulo Dybala,32.0,Argentina,F
11456,paulo gazzaniga,11,2022-2023,Paulo Gazzaniga,30.0,ar ARG,GK
11457,paulo gazzaniga,11,2023-2024,Paulo Gazzaniga,31.0,ar ARG,GK
11458,paulo gazzaniga,11,2024-2025,Paulo Gazzaniga,32.0,ar ARG,GK
11459,paulo gazzaniga,11,2025-2026,Paulo Gazzaniga,34.0,Argentina,K
11460,paulo otavio,74,2022-2023,Paulo Otávio,27.0,br BRA,DF
11461,pavao pervan,74,2022-2023,Pavao Pervan,34.0,at AUT,GK
11462,pavao pervan,74,2023-2024,Pavao Pervan,35.0,at AUT,GK
11463,pavao pervan,74,2024-2025,Pavao Pervan,36.0,at AUT,GK
11464,pavao pervan,74,2025-2026,Pavao Pervan,38.0,Austria,K
11465,pavel kaderabek,63,2022-2023,Pavel Kaderábek,30.0,cz CZE,MF
11466,pavel kaderabek,63,2023-2024,Pavel Kaderábek,31.0,cz CZE,"MF,DF"
11467,pavel kaderabek,63,2024-2025,Pavel Kaderábek,32.0,cz CZE,"MF,DF"
11468,pavel sulc,111,2025-2026,Pavel Sulc,25.0,Czech Republic,F
11469,pawe dawidowicz,85,2022-2023,Paweł Dawidowicz,27.0,pl POL,DF
11470,pawe dawidowicz,85,2023-2024,Paweł Dawidowicz,28.0,pl POL,DF
11471,pawe dawidowicz,85,2024-2025,Paweł Dawidowicz,29.0,pl POL,"DF,MF"
11472,pawe jaroszynski,95,2022-2023,Paweł Jaroszyński,27.0,pl POL,"DF,MF"
11473,pawel dawidowicz,85,2022-2023,Pawel Dawidowicz,27.0,Poland,D
11474,pawel dawidowicz,85,2023-2024,Pawel Dawidowicz,28.0,Poland,D
11475,pawel dawidowicz,85,2024-2025,Pawel Dawidowicz,,,
11476,paxten aaronson,58,2022-2023,Paxten Aaronson,18.0,us USA,MF
11477,paxten aaronson,58,2023-2024,Paxten Aaronson,19.0,us USA,MF
11478,pedri,5,2022-2023,Pedri,19.0,es ESP,MF
11479,pedri,5,2023-2024,Pedri,20.0,es ESP,"MF,FW"
11480,pedri,5,2024-2025,Pedri,21.0,es ESP,MF
11481,pedri,5,2025-2026,Pedri,23.0,Spain,M
11482,pedro,88,2022-2023,Pedro,35.0,es ESP,FW
11483,pedro,88,2023-2024,Pedro,36.0,es ESP,FW
11484,pedro,88,2024-2025,Pedro,37.0,es ESP,"MF,FW"
11485,pedro,88,2025-2026,Pedro,38.0,Spain,F
11486,pedro aleman,25,2024-2025,Pedro Alemañ,22.0,es ESP,MF
11487,pedro bigas,8,2022-2023,Pedro Bigas,31.0,es ESP,DF
11488,pedro bigas,8,2025-2026,Pedro Bigas,35.0,Spain,D
11489,pedro chirivella,116,2022-2023,Pedro Chirivella,25.0,es ESP,MF
11490,pedro chirivella,116,2023-2024,Pedro Chirivella,26.0,es ESP,MF
11491,pedro chirivella,116,2024-2025,Pedro Chirivella,27.0,es ESP,MF
11492,pedro diaz,18,2024-2025,Pedro Díaz,26.0,es ESP,MF
11493,pedro diaz,18,2025-2026,Pedro Díaz,27.0,Spain,M
11494,pedro felipe,97,2025-2026,Pedro Felipe,21.0,Brazil,D
11495,pedro lima,51,2024-2025,Pedro Lima,18.0,br BRA,MF
11496,pedro lima,51,2025-2026,Pedro Lima,19.0,Brazil,D
11497,pedro mendes,115,2022-2023,Pedro Mendes,31.0,pt POR,DF
11498,pedro neto,33,2024-2025,Pedro Neto,24.0,pt POR,"MF,FW"
11499,pedro neto,33,2025-2026,Pedro Neto,25.0,Portugal,F
11500,pedro neto,51,2022-2023,Pedro Neto,22.0,pt POR,"MF,FW"
11501,pedro neto,51,2023-2024,Pedro Neto,23.0,pt POR,"MF,FW"
11502,pedro obiang,97,2022-2023,Pedro Obiang,30.0,gq EQG,MF
11503,pedro obiang,97,2023-2024,Pedro Obiang,31.0,gq EQG,MF
11504,pedro ortiz,24,2022-2023,Pedro Ortiz,21.0,es ESP,MF
11505,pedro ortiz,24,2024-2025,Pedro Ortiz,23.0,es ESP,MF
11506,pedro pereira,90,2023-2024,Pedro Pereira,25.0,pt POR,"MF,DF"
11507,pedro pereira,90,2024-2025,Pedro Pereira,26.0,pt POR,"MF,DF"
11508,pedro porro,49,2022-2023,Pedro Porro,22.0,es ESP,MF
11509,pedro porro,49,2023-2024,Pedro Porro,23.0,es ESP,DF
11510,pedro porro,49,2024-2025,Pedro Porro,24.0,es ESP,DF
11511,pedro porro,49,2025-2026,Pedro Porro,26.0,Spain,D
11512,peio canales,3,2024-2025,Peio Canales,19.0,es ESP,MF
11513,pejino,13,2023-2024,Pejiño,27.0,es ESP,"MF,FW"
11514,pejino,13,2024-2025,Pejiño,28.0,es ESP,MF
11515,pelayo fernandez,18,2024-2025,Pelayo Fernández,21.0,es ESP,DF
11516,pelly mpanzu,41,2023-2024,Pelly Mpanzu,,,
11517,pelly ruddock mpanzu,41,2023-2024,Pelly Ruddock Mpanzu,30.0,cd COD,MF
11518,pep biel,52,2023-2024,Pep Biel,26.0,es ESP,"FW,MF"
11519,pep chavarria,18,2022-2023,Pep Chavarría,24.0,es ESP,MF
11520,pep chavarria,18,2023-2024,Pep Chavarría,25.0,es ESP,"DF,MF"
11521,pep chavarria,18,2024-2025,Pep Chavarría,26.0,es ESP,DF
11522,pep chavarria,18,2025-2026,Pep Chavarría,27.0,Spain,D
11523,pepe reina,26,2022-2023,Pepe Reina,39.0,es ESP,GK
11524,pepe reina,26,2023-2024,Pepe Reina,40.0,es ESP,GK
11525,pepe reina,79,2024-2025,Pepe Reina,41.0,es ESP,GK
11526,pepelu,25,2023-2024,Pepelu,25.0,Spain,M
11527,pepelu,25,2024-2025,Pepelu,26.0,Spain,M
11528,pepelu,25,2025-2026,Pepelu,27.0,Spain,M
11529,pepin,90,2022-2023,Pepín,25.0,gq EQG,MF
11530,pepin,90,2023-2024,Pepín,26.0,gq EQG,MF
11531,peque,24,2024-2025,Peque,21.0,es ESP,"MF,FW"
11532,peque fernandez,24,2024-2025,Peque Fernández,22.0,Spain,F
11533,peque fernandez,24,2025-2026,Peque Fernández,23.0,Spain,F
11534,pere joan,16,2022-2023,Pere Joan,20.0,es ESP,GK
11535,pere joan,16,2023-2024,Pere Joan,21.0,es ESP,GK
11536,pere joan,16,2024-2025,Pere Joan,22.0,es ESP,GK
11537,pere milla,8,2022-2023,Pere Milla,29.0,es ESP,"FW,MF"
11538,pere milla,9,2024-2025,Pere Milla,31.0,es ESP,MF
11539,pere milla,9,2025-2026,Pere Milla,33.0,Spain,F
11540,perr schuurs,99,2022-2023,Perr Schuurs,22.0,nl NED,DF
11541,perr schuurs,99,2023-2024,Perr Schuurs,23.0,nl NED,DF
11542,perr schuurs,99,2024-2025,Perr Schuurs,25.0,Netherlands,D
11543,perr schuurs,99,2025-2026,Perr Schuurs,26.0,Netherlands,D
11544,peru nolaskoain,3,2022-2023,Peru Nolaskoain,23.0,es ESP,"DF,MF"
11545,peru nolaskoain,3,2023-2024,Peru Nolaskoain,24.0,es ESP,"DF,MF"
11546,pervis estupinan,26,2022-2023,Pervis Estupiñán,24.0,ec ECU,"DF,MF"
11547,pervis estupinan,31,2022-2023,Pervis Estupiñán,24.0,ec ECU,"DF,MF"
11548,pervis estupinan,31,2023-2024,Pervis Estupiñán,25.0,ec ECU,"DF,MF"
11549,pervis estupinan,31,2024-2025,Pervis Estupiñán,26.0,ec ECU,DF
11550,pervis estupinan,75,2025-2026,Pervis Estupiñán,28.0,Ecuador,D
11551,petar ratkov,88,2025-2026,Petar Ratkov,22.0,Serbia,F
11552,petar stojanovic,81,2022-2023,Petar Stojanovic,26.0,si SVN,DF
11553,petar stojanovic,81,2023-2024,Petar Stojanović,27.0,si SVN,"DF,MF"
11554,petar stojanovic,81,2024-2025,Petar Stojanovic,28.0,si SVN,"DF,MF"
11555,petar sucic,86,2025-2026,Petar Sučić,22.0,Croatia,M
11556,petar zovko,98,2022-2023,Petar Zovko,20.0,ba BIH,GK
11557,peter federico,10,2024-2025,Peter Federico,22.0,Dominican Republic,F
11558,peter federico,25,2023-2024,Peter Federico,21.0,Dominican Republic,F
11559,peter gonzalez,10,2024-2025,Peter González,22.0,do DOM,MF
11560,peter gonzalez,25,2023-2024,Peter González,21.0,do DOM,MF
11561,peter gulacsi,68,2022-2023,Péter Gulácsi,32.0,hu HUN,GK
11562,peter gulacsi,68,2023-2024,Péter Gulácsi,33.0,hu HUN,GK
11563,peter gulacsi,68,2024-2025,Péter Gulácsi,34.0,hu HUN,GK
11564,peter gulacsi,68,2025-2026,Péter Gulácsi,35.0,Hungary,K
11565,peter pekarik,62,2022-2023,Peter Pekarík,35.0,sk SVK,DF
11566,petko hristov,98,2022-2023,Petko Hristov,23.0,bg BUL,DF
11567,pharell hensel,74,2025-2026,Pharell Hensel,18.0,Germany,M
11568,phil foden,42,2022-2023,Phil Foden,22.0,eng ENG,"FW,MF"
11569,phil foden,42,2023-2024,Phil Foden,23.0,eng ENG,MF
11570,phil foden,42,2024-2025,Phil Foden,24.0,eng ENG,"MF,FW"
11571,phil foden,42,2025-2026,Phil Foden,25.0,England,F
11572,phil harres,64,2024-2025,Phil Harres,22.0,de GER,FW
11573,phil jones,43,2022-2023,Phil Jones,30.0,England,D
11574,philip billing,29,2022-2023,Philip Billing,26.0,dk DEN,"MF,FW"
11575,philip billing,29,2023-2024,Philip Billing,27.0,dk DEN,MF
11576,philip billing,29,2024-2025,Philip Billing,28.0,dk DEN,MF
11577,philip billing,91,2024-2025,Philip Billing,28.0,dk DEN,MF
11578,philip otele,60,2025-2026,Philip Otele,26.0,Nigeria,F
11579,philipp forster,55,2022-2023,Philipp Förster,27.0,de GER,MF
11580,philipp forster,55,2023-2024,Philipp Förster,28.0,de GER,MF
11581,philipp hofmann,55,2022-2023,Philipp Hofmann,29.0,de GER,FW
11582,philipp hofmann,55,2023-2024,Philipp Hofmann,30.0,de GER,FW
11583,philipp hofmann,55,2024-2025,Philipp Hofmann,31.0,de GER,FW
11584,philipp kohn,114,2023-2024,Philipp Köhn,25.0,ch SUI,GK
11585,philipp kohn,114,2024-2025,Philipp Köhn,26.0,ch SUI,GK
11586,philipp kohn,114,2025-2026,Philipp Köhn,27.0,Switzerland,K
11587,philipp lienhart,59,2022-2023,Philipp Lienhart,26.0,at AUT,DF
11588,philipp lienhart,59,2023-2024,Philipp Lienhart,27.0,at AUT,DF
11589,philipp lienhart,59,2024-2025,Philipp Lienhart,28.0,at AUT,DF
11590,philipp lienhart,59,2025-2026,Philipp Lienhart,29.0,Austria,D
11591,philipp max,58,2022-2023,Philipp Max,28.0,de GER,MF
11592,philipp max,58,2023-2024,Philipp Max,29.0,de GER,"MF,DF"
11593,philipp pentke,63,2022-2023,Philipp Pentke,37.0,de GER,GK
11594,philipp pentke,65,2023-2024,Philipp Pentke,38.0,de GER,GK
11595,philipp pentkefc,65,2023-2024,Philipp PentkeFC,,,
11596,philipp sander,67,2024-2025,Philipp Sander,26.0,de GER,MF
11597,philipp sander,67,2025-2026,Philipp Sander,27.0,Germany,M
11598,philipp sanderborussia m.,67,2024-2025,Philipp SanderBorussia M.,,,
11599,philipp schulz,66,2022-2023,Philipp Schulz,17.0,Germany,D
11600,philipp schulze,74,2022-2023,Philipp Schulze,19.0,de GER,GK
11601,philipp schulze,74,2023-2024,Philipp Schulze,20.0,de GER,GK
11602,philipp treu,59,2025-2026,Philipp Treu,25.0,Germany,D
11603,philipp treu,70,2024-2025,Philipp Treu,23.0,de GER,MF
11604,philippe coutinho,28,2022-2023,Philippe Coutinho,30.0,br BRA,"FW,MF"
11605,philippe coutinho,28,2023-2024,Philippe Coutinho,31.0,br BRA,"FW,MF"
11606,phillip tietz,52,2023-2024,Phillip Tietz,26.0,de GER,FW
11607,phillip tietz,52,2024-2025,Phillip Tietz,27.0,de GER,FW
11608,phillip tietz,66,2025-2026,Phillip Tietz,28.0,Germany,F
11609,phillipp mwene,66,2023-2024,Phillipp Mwene,29.0,at AUT,"MF,DF"
11610,phillipp mwene,66,2024-2025,Phillipp Mwene,30.0,at AUT,MF
11611,phillipp mwene,66,2025-2026,Phillipp Mwene,32.0,Austria,D
11612,pica,1,2024-2025,Pica,22.0,es ESP,DF
11613,pichu,16,2023-2024,Pichu,,,
11614,pierluigi frattali,83,2023-2024,Pierluigi Frattali,37.0,it ITA,GK
11615,pierluigi gollini,82,2022-2023,Pierluigi Gollini,27.0,it ITA,GK
11616,pierluigi gollini,84,2024-2025,Pierluigi Gollini,29.0,it ITA,GK
11617,pierluigi gollini,91,2022-2023,Pierluigi Gollini,27.0,it ITA,GK
11618,pierluigi gollini,91,2023-2024,Pierluigi Gollini,28.0,it ITA,GK
11619,pierluigi gollini,94,2024-2025,Pierluigi Gollini,29.0,it ITA,GK
11620,pierluigi gollini,94,2025-2026,Pierluigi Gollini,30.0,Italy,K
11621,piero hincapie,27,2025-2026,Piero Hincapié,24.0,Ecuador,D
11622,piero hincapie,53,2022-2023,Piero Hincapié,20.0,ec ECU,"DF,MF"
11623,piero hincapie,53,2023-2024,Piero Hincapié,21.0,ec ECU,DF
11624,piero hincapie,53,2024-2025,Piero Hincapié,22.0,ec ECU,DF
11625,pierre bolchini,79,2024-2025,Pierre Bolchini,25.0,it ITA,GK
11626,pierre cornud,122,2024-2025,Pierre Cornud,27.0,fr FRA,"DF,MF"
11627,pierre ekwah,122,2024-2025,Pierre Ekwah,23.0,France,M
11628,pierre ekwah elimby,122,2024-2025,Pierre Ekwah Elimby,22.0,fr FRA,MF
11629,pierre hjbjerg,49,2022-2023,Pierre Højbjerg,26.0,dk DEN,MF
11630,pierre hjbjerg,49,2023-2024,Pierre Højbjerg,27.0,dk DEN,MF
11631,pierre hjbjerg,112,2024-2025,Pierre Højbjerg,28.0,dk DEN,MF
11632,pierre kalulu,75,2022-2023,Pierre Kalulu,22.0,fr FRA,DF
11633,pierre kalulu,75,2023-2024,Pierre Kalulu,23.0,fr FRA,DF
11634,pierre kalulu,87,2024-2025,Pierre Kalulu,24.0,fr FRA,DF
11635,pierre kalulu,87,2025-2026,Pierre Kalulu,25.0,France,D
11636,pierre kaluluac,75,2022-2023,Pierre KaluluAC,,,
11637,pierre kaluluac,75,2023-2024,Pierre KaluluAC,,,
11638,pierre kunde,55,2022-2023,Pierre Kunde,27.0,cm CMR,MF
11639,pierre kunde malong,55,2022-2023,Pierre Kunde Malong,27.0,Cameroon,M
11640,pierre lees-melou,105,2022-2023,Pierre Lees-Melou,29.0,fr FRA,MF
11641,pierre lees-melou,105,2023-2024,Pierre Lees-Melou,30.0,fr FRA,MF
11642,pierre lees-melou,105,2024-2025,Pierre Lees-Melou,31.0,fr FRA,MF
11643,pierre lees-melou,118,2025-2026,Pierre Lees-Melou,32.0,France,M
11644,pierre-emerick aubameyang,5,2022-2023,Pierre-Emerick Aubameyang,33.0,ga GAB,"FW,MF"
11645,pierre-emerick aubameyang,33,2022-2023,Pierre-Emerick Aubameyang,33.0,ga GAB,FW
11646,pierre-emerick aubameyang,112,2023-2024,Pierre-Emerick Aubameyang,34.0,ga GAB,FW
11647,pierre-emerick aubameyang,112,2025-2026,Pierre-Emerick Aubameyang,36.0,Gabon,F
11648,pierre-emile hjbjerg,49,2022-2023,Pierre-Emile Højbjerg,,,
11649,pierre-emile hjbjerg,49,2023-2024,Pierre-Emile Højbjerg,28.0,Denmark,M
11650,pierre-emile hjbjerg,112,2024-2025,Pierre-Emile Højbjerg,29.0,Denmark,M
11651,pierre-emile hjbjerg,112,2025-2026,Pierre-Emile Højbjerg,30.0,Denmark,M
11652,pierre-emile hojbjerg,49,2022-2023,Pierre-Emile Höjbjerg,27.0,Denmark,M
11653,pierre-yves hamel,118,2025-2026,Pierre-Yves Hamel,32.0,France,F
11654,pierrick capelle,103,2022-2023,Pierrick Capelle,35.0,fr FRA,"MF,DF"
11655,pierrick capelle,103,2024-2025,Pierrick Capelle,37.0,fr FRA,MF
11656,pierrick capelle,103,2025-2026,Pierrick Capelle,38.0,France,M
11657,pietro boer,94,2022-2023,Pietro Boer,20.0,it ITA,GK
11658,pietro boer,94,2023-2024,Pietro Boer,21.0,it ITA,GK
11659,pietro candelari,98,2022-2023,Pietro Candelari,17.0,it ITA,MF
11660,pietro ceccaroni,89,2022-2023,Pietro Ceccaroni,26.0,it ITA,DF
11661,pietro comi,76,2023-2024,Pietro Comi,18.0,it ITA,DF
11662,pietro comi,76,2024-2025,Pietro Comi,19.0,it ITA,DF
11663,pietro comuzzo,82,2023-2024,Pietro Comuzzo,18.0,it ITA,DF
11664,pietro comuzzo,82,2024-2025,Pietro Comuzzo,19.0,it ITA,DF
11665,pietro comuzzo,82,2025-2026,Pietro Comuzzo,20.0,Italy,D
11666,pietro leonardelli,82,2024-2025,Pietro Leonardelli,18.0,it ITA,GK
11667,pietro passador,99,2023-2024,Pietro Passador,20.0,it ITA,GK
11668,pietro pellegri,81,2024-2025,Pietro Pellegri,23.0,it ITA,FW
11669,pietro pellegri,99,2022-2023,Pietro Pellegri,21.0,it ITA,FW
11670,pietro pellegri,99,2023-2024,Pietro Pellegri,22.0,it ITA,"FW,MF"
11671,pietro pellegri,99,2024-2025,Pietro Pellegri,23.0,it ITA,FW
11672,pietro terracciano,75,2025-2026,Pietro Terracciano,35.0,Italy,K
11673,pietro terracciano,82,2022-2023,Pietro Terracciano,32.0,it ITA,GK
11674,pietro terracciano,82,2023-2024,Pietro Terracciano,33.0,it ITA,GK
11675,pietro terracciano,82,2024-2025,Pietro Terracciano,34.0,it ITA,GK
11676,pietro tornaghi,76,2024-2025,Pietro Tornaghi,18.0,it ITA,DF
11677,piotr zielinski,86,2024-2025,Piotr Zielinski,30.0,pl POL,MF
11678,piotr zielinski,86,2025-2026,Piotr Zieliński,31.0,Poland,M
11679,piotr zielinski,91,2022-2023,Piotr Zielinski,28.0,pl POL,MF
11680,piotr zielinski,91,2023-2024,Piotr Zielinski,29.0,pl POL,MF
11681,plamedi nsingi,116,2024-2025,Plamedi Nsingi,23.0,,FW
11682,pol lirola,8,2022-2023,Pol Lirola,24.0,es ESP,DF
11683,pol lirola,83,2023-2024,Pol Lirola,25.0,es ESP,"DF,MF"
11684,pol lirola,85,2025-2026,Pol Lirola,28.0,Spain,D
11685,pol lirola,112,2024-2025,Pol Lirola,26.0,es ESP,DF
11686,pol lozano,9,2022-2023,Pol Lozano,22.0,es ESP,MF
11687,pol lozano,9,2024-2025,Pol Lozano,24.0,es ESP,MF
11688,pol lozano,9,2025-2026,Pol Lozano,26.0,Spain,M
11689,pol tristan,9,2024-2025,Pol Tristán,22.0,es ESP,GK
11690,pol tristan,12,2023-2024,Pol Tristán,21.0,es ESP,GK
11691,pontus almqvist,89,2023-2024,Pontus Almqvist,24.0,se SWE,"FW,MF"
11692,pontus almqvist,92,2024-2025,Pontus Almqvist,25.0,se SWE,"FW,MF"
11693,pontus almqvist,92,2025-2026,Pontus Almqvist,26.0,Sweden,F
11694,pontus jansson,30,2022-2023,Pontus Jansson,31.0,se SWE,DF
11695,portu,10,2022-2023,Portu,30.0,es ESP,"MF,DF"
11696,portu,10,2023-2024,Portu,31.0,es ESP,"FW,MF"
11697,portu,11,2023-2024,Portu,31.0,es ESP,"MF,FW"
11698,portu,11,2024-2025,Portu,32.0,es ESP,"FW,MF"
11699,portu,11,2025-2026,Portu,33.0,Spain,F
11700,predrag rajkovic,16,2022-2023,Predrag Rajkovic,26.0,rs SRB,GK
11701,predrag rajkovic,16,2023-2024,Predrag Rajkovic,27.0,rs SRB,GK
11702,presnel kimpembe,119,2022-2023,Presnel Kimpembe,26.0,fr FRA,DF
11703,presnel kimpembe,119,2023-2024,Presnel Kimpembe,28.0,France,D
11704,presnel kimpembe,119,2024-2025,Presnel Kimpembe,28.0,fr FRA,DF
11705,prosper peter,103,2024-2025,Prosper Peter,16.0,ng NGA,FW
11706,prosper peter,103,2025-2026,Prosper Peter,18.0,France,F
11707,przemysaw frankowski,108,2022-2023,Przemysław Frankowski,27.0,pl POL,MF
11708,przemysaw frankowski,108,2023-2024,Przemysław Frankowski,28.0,pl POL,MF
11709,przemysaw frankowski,108,2024-2025,Przemysław Frankowski,29.0,pl POL,"MF,DF"
11710,przemysaw szyminski,83,2023-2024,Przemysław Szymiński,29.0,pl POL,DF
11711,przemysaw wisniewski,98,2022-2023,Przemysław Wiśniewski,24.0,pl POL,DF
11712,przemyslaw frankowski,108,2022-2023,Przemyslaw Frankowski,27.0,Poland,M
11713,przemyslaw frankowski,108,2023-2024,Przemyslaw Frankowski,28.0,Poland,M
11714,przemyslaw frankowski,108,2024-2025,Przemyslaw Frankowski,,,
11715,przemyslaw frankowski,121,2025-2026,Przemyslaw Frankowski,30.0,Poland,M
11716,przemyslaw szyminski,83,2023-2024,Przemyslaw Szyminski,,,
11717,przemyslaw wisniewski,98,2022-2023,Przemyslaw Wisniewski,24.0,Poland,D
11718,qazim laci,102,2022-2023,Qazim Laçi,26.0,al ALB,MF
11719,qazim laciac,102,2022-2023,Qazim LaçiAC,,,
11720,quentin bernard,104,2022-2023,Quentin Bernard,33.0,fr FRA,DF
11721,quentin boisgard,110,2022-2023,Quentin Boisgard,25.0,fr FRA,MF
11722,quentin boisgard,110,2023-2024,Quentin Boisgard,26.0,France,F
11723,quentin merlin,112,2023-2024,Quentin Merlin,21.0,fr FRA,"DF,MF"
11724,quentin merlin,112,2024-2025,Quentin Merlin,22.0,fr FRA,"MF,DF"
11725,quentin merlin,116,2022-2023,Quentin Merlin,20.0,fr FRA,"DF,MF"
11726,quentin merlin,116,2023-2024,Quentin Merlin,21.0,fr FRA,"MF,DF"
11727,quentin merlin,121,2025-2026,Quentin Merlin,23.0,France,M
11728,quentin ndjantou,119,2025-2026,Quentin Ndjantou,18.0,France,F
11729,quilindschy hartman,32,2025-2026,Quilindschy Hartman,24.0,Netherlands,D
11730,quinten timber,112,2025-2026,Quinten Timber,24.0,Netherlands,M
11731,rabby nzingoula,115,2024-2025,Rabby Nzingoula,18.0,fr FRA,MF
11732,rabby nzingoula,123,2023-2024,Rabby Nzingoula,17.0,fr FRA,MF
11733,rachad fettal,2,2023-2024,Rachad Fettal,18.0,ma MAR,FW
11734,rachid ghezzal,111,2025-2026,Rachid Ghezzal,33.0,Algeria,F
11735,radamel falcao,18,2022-2023,Radamel Falcao,36.0,co COL,FW
11736,radamel falcao,18,2023-2024,Radamel Falcao,37.0,co COL,FW
11737,rade krunic,75,2022-2023,Rade Krunić,28.0,ba BIH,MF
11738,rade krunic,75,2023-2024,Rade Krunić,29.0,ba BIH,MF
11739,rade krunicac,75,2022-2023,Rade KrunicAC,,,
11740,rade krunicac,75,2023-2024,Rade KrunicAC,,,
11741,radek vitek,43,2023-2024,Radek Vítek,19.0,,GK
11742,radek vitek,43,2025-2026,Radek Vítek,21.0,Czech Republic,K
11743,radosaw majecki,114,2023-2024,Radosław Majecki,23.0,pl POL,GK
11744,radosaw majecki,114,2024-2025,Radosław Majecki,24.0,pl POL,GK
11745,radoslaw majecki,105,2025-2026,Radoslaw Majecki,26.0,Poland,K
11746,radoslaw majecki,114,2023-2024,Radoslaw Majecki,24.0,Poland,K
11747,radoslaw majecki,114,2024-2025,Radoslaw Majecki,25.0,Poland,K
11748,radoslaw zelezny,94,2025-2026,Radoslaw Zelezny,19.0,Poland,K
11749,radu dragusin,49,2023-2024,Radu Dragusin,21.0,ro ROU,DF
11750,radu dragusin,49,2024-2025,Radu Dragusin,22.0,ro ROU,DF
11751,radu dragusin,49,2025-2026,Radu Drăgușin,24.0,Romania,D
11752,radu dragusin,84,2023-2024,Radu Dragusin,21.0,ro ROU,DF
11753,rafa,24,2023-2024,Rafa,19.0,es ESP,GK
11754,rafa,24,2024-2025,Rafa,20.0,es ESP,GK
11755,rafa fernandez,17,2024-2025,Rafa Fernández,20.0,es ESP,GK
11756,rafa gikiewicz,52,2022-2023,Rafał Gikiewicz,34.0,pl POL,GK
11757,rafa marin,1,2023-2024,Rafa Marín,21.0,es ESP,DF
11758,rafa marin,26,2025-2026,Rafa Marín,23.0,Spain,D
11759,rafa marin,91,2024-2025,Rafa Marín,22.0,es ESP,DF
11760,rafa mir,8,2025-2026,Rafa Mir,28.0,Spain,F
11761,rafa mir,24,2022-2023,Rafa Mir,25.0,es ESP,FW
11762,rafa mir,24,2023-2024,Rafa Mir,26.0,es ESP,FW
11763,rafa mir,25,2024-2025,Rafa Mir,27.0,es ESP,"FW,MF"
11764,rafa obrador,99,2025-2026,Rafa Obrador,21.0,Spain,D
11765,rafael bauza,9,2024-2025,Rafael Bauza,19.0,es ESP,MF
11766,rafael borre,58,2022-2023,Rafael Borré,26.0,co COL,"MF,FW"
11767,rafael borre,73,2023-2024,Rafael Borré,27.0,co COL,FW
11768,rafael fernandes,109,2023-2024,Rafael Fernandes,21.0,Portugal,D
11769,rafael fernandes,109,2025-2026,Rafael Fernandes,23.0,Portugal,D
11770,rafael leao,75,2022-2023,Rafael Leão,23.0,pt POR,MF
11771,rafael leao,75,2023-2024,Rafael Leão,24.0,pt POR,"MF,FW"
11772,rafael leao,75,2024-2025,Rafael Leão,25.0,pt POR,"MF,FW"
11773,rafael leao,75,2025-2026,Rafael Leão,26.0,Portugal,F
11774,rafael leaoac,75,2022-2023,Rafael LeãoAC,,,
11775,rafael leaoac,75,2023-2024,Rafael LeãoAC,,,
11776,rafael leaoac,75,2024-2025,Rafael LeãoAC,,,
11777,rafael luis,123,2025-2026,Rafael Luís,20.0,Portugal,M
11778,rafael ratao,124,2022-2023,Rafael Ratão,26.0,br BRA,"FW,MF"
11779,rafael toloi,76,2022-2023,Rafael Tolói,31.0,it ITA,DF
11780,rafael toloi,76,2023-2024,Rafael Tolói,32.0,it ITA,DF
11781,rafael toloi,76,2024-2025,Rafael Tolói,33.0,it ITA,DF
11782,rafal gikiewicz,52,2022-2023,Rafal Gikiewicz,35.0,Poland,K
11783,rafel bauza,9,2024-2025,Rafel Bauzà,20.0,Spain,M
11784,raffaele di gennaro,86,2023-2024,Raffaele Di Gennaro,29.0,it ITA,GK
11785,raffaele di gennaro,86,2024-2025,Raffaele Di Gennaro,30.0,it ITA,GK
11786,raffaele di gennaro,86,2025-2026,Raffaele Di Gennaro,32.0,Italy,K
11787,rafik belghali,85,2025-2026,Rafik Belghali,23.0,Algeria,D
11788,rafik guitane,120,2022-2023,Rafik Guitane,23.0,fr FRA,"FW,MF"
11789,rafik messali,124,2024-2025,Rafik Messali,21.0,fr FRA,MF
11790,rafik messali,124,2025-2026,Rafik Messali,22.0,Algeria,M
11791,rafiu durosinmi,93,2025-2026,Rafiu Durosinmi,23.0,Nigeria,F
11792,ragnar ache,65,2025-2026,Ragnar Ache,27.0,Germany,F
11793,raheem sterling,27,2024-2025,Raheem Sterling,29.0,eng ENG,"FW,MF"
11794,raheem sterling,33,2022-2023,Raheem Sterling,27.0,eng ENG,"FW,MF"
11795,raheem sterling,33,2023-2024,Raheem Sterling,28.0,eng ENG,MF
11796,raheem sterling,33,2024-2025,Raheem Sterling,29.0,England,F
11797,rahim alhassane,21,2025-2026,Rahim Alhassane,24.0,Niger,D
11798,raimane daou,112,2023-2024,Raimane Daou,18.0,km COM,DF
11799,raimonds krollis,98,2022-2023,Raimonds Krollis,20.0,lv LVA,FW
11800,ralf fahrmann,69,2022-2023,Ralf Fährmann,33.0,de GER,GK
11801,ramon hendriks,71,2024-2025,Ramon Hendriks,23.0,nl NED,DF
11802,ramon hendriks,71,2025-2026,Ramon Hendriks,24.0,Netherlands,D
11803,ramon martinez,24,2024-2025,Ramón Martínez,21.0,es ESP,DF
11804,ramon sosa,45,2024-2025,Ramón Sosa,24.0,py PAR,MF
11805,ramon terrats,9,2025-2026,Ramón Terrats,25.0,Spain,M
11806,ramon terrats,10,2024-2025,Ramon Terrats,23.0,es ESP,"MF,FW"
11807,ramon terrats,11,2022-2023,Ramon Terrats,21.0,es ESP,MF
11808,ramon terrats,26,2022-2023,Ramon Terrats,21.0,es ESP,MF
11809,ramon terrats,26,2023-2024,Ramon Terrats,22.0,es ESP,MF
11810,ramon terrats,26,2024-2025,Ramon Terrats,23.0,es ESP,FW
11811,ramy bensebaini,56,2023-2024,Ramy Bensebaini,28.0,dz ALG,DF
11812,ramy bensebaini,56,2024-2025,Ramy Bensebaini,29.0,dz ALG,DF
11813,ramy bensebaini,56,2025-2026,Ramy Bensebaini,30.0,Algeria,D
11814,ramy bensebaini,67,2022-2023,Ramy Bensebaini,27.0,dz ALG,DF
11815,ramy bensebainiborussia m.,67,2022-2023,Ramy BensebainiBorussia M.,,,
11816,randal kolo muani,49,2025-2026,Randal Kolo Muani,27.0,France,F
11817,randal kolo muani,58,2022-2023,Randal Kolo Muani,23.0,fr FRA,FW
11818,randal kolo muani,58,2023-2024,Randal Kolo Muani,24.0,fr FRA,FW
11819,randal kolo muani,87,2024-2025,Randal Kolo Muani,25.0,fr FRA,FW
11820,randal kolo muani,119,2023-2024,Randal Kolo Muani,24.0,fr FRA,"FW,MF"
11821,randal kolo muani,119,2024-2025,Randal Kolo Muani,25.0,fr FRA,FW
11822,randy nteka,8,2022-2023,Randy Nteka,24.0,ao ANG,"FW,MF"
11823,randy nteka,18,2022-2023,Randy Nteka,24.0,ao ANG,"FW,MF"
11824,randy nteka,18,2023-2024,Randy Nteka,25.0,ao ANG,FW
11825,randy nteka,18,2024-2025,Randy Nteka,26.0,ao ANG,FW
11826,randy nteka,18,2025-2026,Randy Nteka,28.0,Angola,F
11827,rani khedira,72,2022-2023,Rani Khedira,28.0,tn TUN,MF
11828,rani khedira,72,2023-2024,Rani Khedira,29.0,tn TUN,MF
11829,rani khedira,72,2024-2025,Rani Khedira,30.0,tn TUN,MF
11830,rani khedira,72,2025-2026,Rani Khedira,32.0,Germany,M
11831,ransford-yeboah konigsdorffer,60,2025-2026,Ransford-Yeboah Königsdörffer,24.0,Ghana,F
11832,raoul bellanova,76,2024-2025,Raoul Bellanova,24.0,it ITA,MF
11833,raoul bellanova,76,2025-2026,Raoul Bellanova,25.0,Italy,M
11834,raoul bellanova,86,2022-2023,Raoul Bellanova,22.0,it ITA,MF
11835,raoul bellanova,99,2023-2024,Raoul Bellanova,23.0,it ITA,MF
11836,raoul bellanova,99,2024-2025,Raoul Bellanova,24.0,it ITA,MF
11837,raphael adiceam,104,2024-2025,Raphaël Adiceam,34.0,France,K
11838,raphael framberger,52,2022-2023,Raphael Framberger,26.0,de GER,"MF,DF"
11839,raphael framberger,52,2023-2024,Raphael Framberger,28.0,Germany,D
11840,raphael guerreiro,54,2023-2024,Raphaël Guerreiro,29.0,pt POR,"MF,DF"
11841,raphael guerreiro,54,2024-2025,Raphaël Guerreiro,30.0,pt POR,"DF,MF"
11842,raphael guerreiro,54,2025-2026,Raphaël Guerreiro,32.0,Portugal,D
11843,raphael guerreiro,56,2022-2023,Raphaël Guerreiro,28.0,pt POR,"DF,MF"
11844,raphael le guen,105,2025-2026,Raphaël Le Guen,19.0,France,D
11845,raphael varane,43,2022-2023,Raphaël Varane,29.0,fr FRA,DF
11846,raphael varane,43,2023-2024,Raphaël Varane,30.0,fr FRA,DF
11847,raphinha,5,2022-2023,Raphinha,25.0,br BRA,FW
11848,raphinha,5,2023-2024,Raphinha,26.0,br BRA,"FW,MF"
11849,raphinha,5,2024-2025,Raphinha,27.0,br BRA,"MF,FW"
11850,raphinha,5,2025-2026,Raphinha,29.0,Brazil,F
11851,rares burnete,89,2023-2024,Rares Burnete,20.0,Romania,F
11852,rares burnete,89,2024-2025,Rares Burnete,21.0,Romania,F
11853,rares ilie,117,2022-2023,Rares Ilie,19.0,ro ROU,MF
11854,rares ilie,117,2024-2025,Rares Ilie,21.0,ro ROU,MF
11855,rares-catalin burnete,89,2023-2024,Rareș-Cătălin Burnete,19.0,ro ROU,FW
11856,rares-catalin burnete,89,2024-2025,Rareș-Cătălin Burnete,20.0,ro ROU,FW
11857,rasmus carstensen,65,2023-2024,Rasmus Carstensen,22.0,dk DEN,"DF,MF"
11858,rasmus carstensenfc,65,2023-2024,Rasmus CarstensenFC,,,
11859,rasmus hjlund,43,2023-2024,Rasmus Højlund,20.0,dk DEN,FW
11860,rasmus hjlund,43,2024-2025,Rasmus Højlund,21.0,dk DEN,FW
11861,rasmus hjlund,76,2022-2023,Rasmus Højlund,19.0,dk DEN,FW
11862,rasmus hjlund,91,2025-2026,Rasmus Højlund,23.0,Denmark,F
11863,rasmus kristensen,38,2022-2023,Rasmus Kristensen,25.0,dk DEN,DF
11864,rasmus kristensen,58,2024-2025,Rasmus Kristensen,27.0,dk DEN,"DF,MF"
11865,rasmus kristensen,58,2025-2026,Rasmus Kristensen,28.0,Denmark,D
11866,rasmus kristensen,94,2023-2024,Rasmus Kristensen,26.0,dk DEN,"MF,DF"
11867,rasmus nicolaisen,124,2022-2023,Rasmus Nicolaisen,25.0,dk DEN,DF
11868,rasmus nicolaisen,124,2023-2024,Rasmus Nicolaisen,26.0,dk DEN,DF
11869,rasmus nicolaisen,124,2024-2025,Rasmus Nicolaisen,27.0,dk DEN,DF
11870,rasmus nicolaisen,124,2025-2026,Rasmus Nicolaisen,28.0,Denmark,D
11871,rassoul ndiaye,107,2023-2024,Rassoul Ndiaye,21.0,sn SEN,MF
11872,rassoul ndiaye,107,2024-2025,Rassoul Ndiaye,22.0,sn SEN,MF
11873,rassoul ndiaye,107,2025-2026,Rassoul Ndiaye,24.0,Senegal,M
11874,raul,17,2023-2024,Raúl,22.0,es ESP,FW
11875,raul,17,2024-2025,Raúl,23.0,es ESP,FW
11876,raul albiol,26,2022-2023,Raúl Albiol,36.0,es ESP,DF
11877,raul albiol,26,2023-2024,Raúl Albiol,37.0,es ESP,DF
11878,raul albiol,26,2024-2025,Raúl Albiol,38.0,es ESP,DF
11879,raul albiol,93,2025-2026,Raúl Albiol,40.0,Spain,D
11880,raul asencio,20,2024-2025,Raúl Asencio,21.0,es ESP,DF
11881,raul asencio,20,2025-2026,Raúl Asencio,22.0,Spain,D
11882,raul chasco,23,2024-2025,Raúl Chasco,20.0,es ESP,DF
11883,raul de tomas,18,2022-2023,Raúl de Tomás,27.0,es ESP,FW
11884,raul de tomas,18,2023-2024,Raúl de Tomás,28.0,es ESP,FW
11885,raul de tomas,18,2024-2025,Raúl de Tomás,29.0,es ESP,FW
11886,raul fernandez,1,2025-2026,Raúl Fernández,37.0,Spain,K
11887,raul fernandez,12,2023-2024,Raúl Fernández,35.0,es ESP,GK
11888,raul garcia,3,2022-2023,Raúl García,36.0,es ESP,"MF,FW"
11889,raul garcia,3,2023-2024,Raúl García,37.0,es ESP,FW
11890,raul garcia,17,2023-2024,Raúl García,23.0,Spain,F
11891,raul garcia,17,2024-2025,Raúl García,24.0,Spain,F
11892,raul garcia,17,2025-2026,Raúl García,25.0,Spain,F
11893,raul guti,8,2022-2023,Raúl Guti,25.0,es ESP,MF
11894,raul jimenez,25,2024-2025,Raúl Jiménez,18.0,es ESP,GK
11895,raul jimenez,36,2023-2024,Raúl Jiménez,32.0,mx MEX,FW
11896,raul jimenez,36,2024-2025,Raúl Jiménez,33.0,mx MEX,FW
11897,raul jimenez,36,2025-2026,Raúl Jiménez,34.0,Mexico,F
11898,raul jimenez,51,2022-2023,Raúl Jiménez,31.0,mx MEX,FW
11899,raul martinez,11,2024-2025,Raúl Martínez,22.0,es ESP,MF
11900,raul moro,17,2025-2026,Raúl Moro,23.0,Spain,F
11901,raul moro,23,2024-2025,Raúl Moro,21.0,es ESP,"MF,FW"
11902,raul moro,88,2022-2023,Raúl Moro,19.0,es ESP,MF
11903,raul parra,6,2022-2023,Raúl Parra,22.0,es ESP,DF
11904,raul paula,71,2023-2024,Raul Paula,19.0,de GER,MF
11905,raul torrente,12,2023-2024,Raúl Torrente,21.0,es ESP,DF
11906,rav van den berg,65,2025-2026,Rav van den Berg,21.0,Netherlands,D
11907,rayan,29,2025-2026,Rayan,19.0,Brazil,F
11908,rayan ait-nouri,42,2025-2026,Rayan Aït-Nouri,24.0,Algeria,D
11909,rayan ait-nouri,51,2022-2023,Rayan Aït-Nouri,21.0,dz ALG,"DF,MF"
11910,rayan ait-nouri,51,2023-2024,Rayan Aït-Nouri,22.0,dz ALG,"MF,DF"
11911,rayan ait-nouri,51,2024-2025,Rayan Aït-Nouri,23.0,dz ALG,"MF,DF"
11912,rayan cherki,42,2025-2026,Rayan Cherki,22.0,France,F
11913,rayan cherki,111,2022-2023,Rayan Cherki,18.0,fr FRA,"MF,FW"
11914,rayan cherki,111,2023-2024,Rayan Cherki,19.0,fr FRA,"MF,FW"
11915,rayan cherki,111,2024-2025,Rayan Cherki,20.0,fr FRA,"MF,FW"
11916,rayan fofana,108,2024-2025,Rayan Fofana,18.0,fr FRA,MF
11917,rayan fofana,108,2025-2026,Rayan Fofana,19.0,France,F
11918,rayan philippe,60,2025-2026,Rayan Philippe,25.0,France,F
11919,rayan raveloson,104,2022-2023,Rayan Raveloson,25.0,mg MAD,"DF,MF"
11920,rayan raveloson,104,2024-2025,Rayan Raveloson,27.0,mg MAD,"MF,DF"
11921,rayane belaid,4,2023-2024,Rayane Belaid,18.0,es ESP,DF
11922,rayane belaid,4,2024-2025,Rayane Belaid,19.0,es ESP,DF
11923,razvan marin,78,2024-2025,Razvan Marin,28.0,ro ROU,MF
11924,razvan marin,81,2022-2023,Razvan Marin,26.0,ro ROU,MF
11925,razvan marin,81,2023-2024,Razvan Marin,27.0,ro ROU,MF
11926,razvan sava,100,2024-2025,Razvan Sava,22.0,ro ROU,GK
11927,razvan sava,100,2025-2026,Răzvan Sava,23.0,Romania,K
11928,reda belahyane,85,2023-2024,Reda Belahyane,19.0,ma MAR,MF
11929,reda belahyane,85,2024-2025,Reda Belahyane,20.0,ma MAR,MF
11930,reda belahyane,88,2024-2025,Reda Belahyane,20.0,ma MAR,MF
11931,reda belahyane,88,2025-2026,Reda Belahyane,21.0,Morocco,M
11932,reda belahyane,117,2022-2023,Reda Belahyane,18.0,ma MAR,MF
11933,reda belahyane,117,2023-2024,Reda Belahyane,19.0,ma MAR,MF
11934,reda boultam,95,2022-2023,Reda Boultam,24.0,nl NED,MF
11935,reda khadra,107,2025-2026,Reda Khadra,24.0,Germany,F
11936,reda khadra,120,2023-2024,Reda Khadra,22.0,de GER,"MF,FW"
11937,reda khadra,120,2024-2025,Reda Khadra,23.0,de GER,"FW,MF"
11938,reece burke,41,2023-2024,Reece Burke,26.0,eng ENG,DF
11939,reece james,33,2022-2023,Reece James,22.0,eng ENG,"DF,MF"
11940,reece james,33,2023-2024,Reece James,23.0,eng ENG,"DF,MF"
11941,reece james,33,2024-2025,Reece James,24.0,eng ENG,"DF,MF"
11942,reece james,33,2025-2026,Reece James,26.0,England,D
11943,reece oxford,52,2022-2023,Reece Oxford,23.0,eng ENG,DF
11944,reece oxford,52,2023-2024,Reece Oxford,25.0,England,D
11945,reece oxford,52,2024-2025,Reece Oxford,26.0,England,D
11946,reece welch,35,2022-2023,Reece Welch,18.0,eng ENG,DF
11947,reece welch,35,2024-2025,Reece Welch,20.0,eng ENG,DF
11948,regis gurtner,108,2025-2026,Régis Gurtner,39.0,France,K
11949,reinier,11,2022-2023,Reinier,20.0,br BRA,"MF,FW"
11950,reinier,83,2023-2024,Reinier,21.0,br BRA,"MF,FW"
11951,reinildo mandava,4,2022-2023,Reinildo Mandava,28.0,mz MOZ,DF
11952,reinildo mandava,4,2023-2024,Reinildo Mandava,29.0,mz MOZ,DF
11953,reinildo mandava,4,2024-2025,Reinildo Mandava,30.0,mz MOZ,"DF,MF"
11954,reinildo mandava,48,2025-2026,Reinildo Mandava,32.0,Mozambique,D
11955,reiss nelson,27,2022-2023,Reiss Nelson,22.0,eng ENG,"FW,MF"
11956,reiss nelson,27,2023-2024,Reiss Nelson,23.0,eng ENG,FW
11957,reiss nelson,27,2024-2025,Reiss Nelson,24.0,eng ENG,"FW,MF"
11958,reiss nelson,27,2025-2026,Reiss Nelson,25.0,England,F
11959,reiss nelson,30,2025-2026,Reiss Nelson,26.0,England,F
11960,reiss nelson,36,2024-2025,Reiss Nelson,24.0,eng ENG,MF
11961,relja obric,76,2024-2025,Relja Obrić,18.0,si SVN,DF
11962,remi himbert,111,2025-2026,Rémi Himbert,18.0,France,F
11963,remi matthews,34,2023-2024,Remi Matthews,29.0,eng ENG,GK
11964,remi matthews,34,2024-2025,Remi Matthews,30.0,eng ENG,GK
11965,remi matthews,34,2025-2026,Remi Matthews,31.0,England,K
11966,remi oudin,89,2022-2023,Rémi Oudin,25.0,fr FRA,"MF,FW"
11967,remi oudin,89,2023-2024,Rémi Oudin,26.0,fr FRA,"MF,FW"
11968,remi oudin,89,2024-2025,Rémi Oudin,27.0,fr FRA,MF
11969,remo freuler,45,2022-2023,Remo Freuler,30.0,ch SUI,MF
11970,remo freuler,45,2023-2024,Remo Freuler,31.0,ch SUI,MF
11971,remo freuler,77,2023-2024,Remo Freuler,31.0,ch SUI,MF
11972,remo freuler,77,2024-2025,Remo Freuler,32.0,ch SUI,MF
11973,remo freuler,77,2025-2026,Remo Freuler,33.0,Switzerland,M
11974,remy cabella,109,2022-2023,Rémy Cabella,32.0,fr FRA,MF
11975,remy cabella,109,2023-2024,Rémy Cabella,33.0,fr FRA,"MF,FW"
11976,remy cabella,109,2024-2025,Rémy Cabella,34.0,fr FRA,MF
11977,remy cabella,116,2025-2026,Rémy Cabella,35.0,France,F
11978,remy descamps,111,2024-2025,Rémy Descamps,28.0,fr FRA,GK
11979,remy descamps,111,2025-2026,Rémy Descamps,29.0,France,K
11980,remy descamps,116,2022-2023,Rémy Descamps,26.0,fr FRA,GK
11981,remy descamps,116,2023-2024,Rémy Descamps,27.0,fr FRA,GK
11982,remy dugimont,104,2022-2023,Rémy Dugimont,36.0,fr FRA,"FW,MF"
11983,remy labeau lascary,105,2025-2026,Rémy Labeau Lascary,22.0,France,F
11984,remy labeau lascary,108,2022-2023,Rémy Labeau Lascary,19.0,gp GLP,"FW,MF"
11985,remy labeau lascary,108,2024-2025,Rémy Labeau Lascary,21.0,gp GLP,"MF,FW"
11986,remy rees-dottin,29,2024-2025,Remy Rees-Dottin,18.0,eng ENG,FW
11987,remy riou,111,2022-2023,Rémy Riou,34.0,fr FRA,GK
11988,remy riou,111,2023-2024,Rémy Riou,35.0,fr FRA,GK
11989,remy riou,118,2025-2026,Rémy Riou,38.0,France,K
11990,renan lodi,4,2022-2023,Renan Lodi,24.0,br BRA,"DF,MF"
11991,renan lodi,45,2022-2023,Renan Lodi,24.0,br BRA,"DF,MF"
11992,renan lodi,112,2023-2024,Renan Lodi,25.0,br BRA,"DF,MF"
11993,renato marin,94,2023-2024,Renato Marin,17.0,it ITA,GK
11994,renato marin,94,2024-2025,Renato Marin,18.0,it ITA,GK
11995,renato marin,119,2025-2026,Renato Marin,19.0,Italy,K
11996,renato sanches,94,2023-2024,Renato Sanches,25.0,pt POR,MF
11997,renato sanches,119,2022-2023,Renato Sanches,24.0,pt POR,MF
11998,renato tapia,7,2022-2023,Renato Tapia,27.0,pe PER,"MF,DF"
11999,renato tapia,7,2023-2024,Renato Tapia,28.0,pe PER,"MF,DF"
12000,renato tapia,14,2024-2025,Renato Tapia,29.0,pe PER,"MF,DF"
12001,renato veiga,26,2025-2026,Renato Veiga,22.0,Portugal,D
12002,renato veiga,33,2024-2025,Renato Veiga,21.0,pt POR,MF
12003,renato veiga,52,2022-2023,Renato Veiga,19.0,pt POR,DF
12004,renato veiga,87,2024-2025,Renato Veiga,21.0,pt POR,DF
12005,renaud ripart,125,2022-2023,Renaud Ripart,29.0,fr FRA,"FW,MF"
12006,reno munz,53,2023-2024,Reno Münz,17.0,de GER,DF
12007,reuell walters,27,2022-2023,Reuell Walters,17.0,eng ENG,DF
12008,reuell walters,27,2023-2024,Reuell Walters,18.0,eng ENG,DF
12009,rhian brewster,46,2023-2024,Rhian Brewster,23.0,eng ENG,FW
12010,rhys bennett,43,2022-2023,Rhys Bennett,18.0,eng ENG,DF
12011,rhys bennett,43,2023-2024,Rhys Bennett,19.0,eng ENG,DF
12012,rhys bennett,43,2024-2025,Rhys Bennett,21.0,England,D
12013,rhys healey,124,2022-2023,Rhys Healey,27.0,wls WAL,FW
12014,rhys norrington-davies,46,2023-2024,Rhys Norrington-Davies,24.0,wls WAL,DF
12015,rhys williams,40,2022-2023,Rhys Williams,21.0,eng ENG,DF
12016,rhys williams,40,2023-2024,Rhys Williams,22.0,England,D
12017,rhys williams,40,2024-2025,Rhys Williams,24.0,England,D
12018,rhys williams,40,2025-2026,Rhys Williams,25.0,England,D
12019,riad nouri,102,2022-2023,Riad Nouri,37.0,fr FRA,MF
12020,riad nouriac,102,2022-2023,Riad NouriAC,,,
12021,ricard artero,11,2022-2023,Ricard Artero,19.0,es ESP,MF
12022,ricard artero,11,2023-2024,Ricard Artero,20.0,es ESP,MF
12023,ricard artero,11,2024-2025,Ricard Artero,21.0,es ESP,MF
12024,ricard sanchez,12,2023-2024,Ricard Sánchez,23.0,es ESP,DF
12025,ricardo pepi,52,2022-2023,Ricardo Pepi,19.0,us USA,FW
12026,ricardo pereira,39,2022-2023,Ricardo Pereira,28.0,pt POR,"DF,MF"
12027,ricardo pereira,39,2024-2025,Ricardo Pereira,30.0,pt POR,DF
12028,ricardo rodriguez,19,2024-2025,Ricardo Rodríguez,31.0,ch SUI,DF
12029,ricardo rodriguez,19,2025-2026,Ricardo Rodríguez,33.0,Switzerland,D
12030,ricardo rodriguez,99,2022-2023,Ricardo Rodríguez,29.0,ch SUI,"DF,MF"
12031,ricardo rodriguez,99,2023-2024,Ricardo Rodríguez,30.0,ch SUI,"DF,MF"
12032,ricardo visus,19,2022-2023,Ricardo Visus,21.0,es ESP,DF
12033,ricardo visus,19,2023-2024,Ricardo Visus,22.0,es ESP,DF
12034,riccardo arboscello,84,2023-2024,Riccardo Arboscello,17.0,it ITA,MF
12035,riccardo calafiori,27,2024-2025,Riccardo Calafiori,22.0,it ITA,DF
12036,riccardo calafiori,27,2025-2026,Riccardo Calafiori,23.0,Italy,D
12037,riccardo calafiori,77,2023-2024,Riccardo Calafiori,21.0,it ITA,DF
12038,riccardo castagnaviz,100,2022-2023,Riccardo Castagnaviz,19.0,it ITA,MF
12039,riccardo marchizza,83,2023-2024,Riccardo Marchizza,25.0,it ITA,DF
12040,riccardo marchizza,97,2022-2023,Riccardo Marchizza,24.0,it ITA,DF
12041,riccardo orsolini,77,2022-2023,Riccardo Orsolini,25.0,it ITA,"MF,FW"
12042,riccardo orsolini,77,2023-2024,Riccardo Orsolini,26.0,it ITA,MF
12043,riccardo orsolini,77,2024-2025,Riccardo Orsolini,27.0,it ITA,"MF,FW"
12044,riccardo orsolini,77,2025-2026,Riccardo Orsolini,29.0,Italy,F
12045,riccardo pagano,94,2022-2023,Riccardo Pagano,17.0,it ITA,MF
12046,riccardo pagano,94,2023-2024,Riccardo Pagano,18.0,it ITA,MF
12047,riccardo saponara,82,2022-2023,Riccardo Saponara,30.0,it ITA,"MF,FW"
12048,riccardo saponara,85,2023-2024,Riccardo Saponara,31.0,it ITA,"MF,FW"
12049,riccardo sottil,75,2024-2025,Riccardo Sottil,25.0,it ITA,MF
12050,riccardo sottil,82,2022-2023,Riccardo Sottil,23.0,it ITA,"MF,FW"
12051,riccardo sottil,82,2023-2024,Riccardo Sottil,24.0,it ITA,MF
12052,riccardo sottil,82,2024-2025,Riccardo Sottil,25.0,it ITA,MF
12053,riccardo sottil,89,2025-2026,Riccardo Sottil,26.0,Italy,F
12054,riccardo sottilac,75,2024-2025,Riccardo SottilAC,,,
12055,riccardo turicchia,87,2024-2025,Riccardo Turicchia,21.0,it ITA,DF
12056,richard marcone,92,2024-2025,Richard Marcone,31.0,it ITA,GK
12057,richarlison,49,2022-2023,Richarlison,25.0,br BRA,"MF,FW"
12058,richarlison,49,2023-2024,Richarlison,26.0,br BRA,"FW,MF"
12059,richarlison,49,2024-2025,Richarlison,27.0,br BRA,FW
12060,richarlison,49,2025-2026,Richarlison,28.0,Brazil,F
12061,richie sagrado,101,2024-2025,Richie Sagrado,20.0,be BEL,"MF,DF"
12062,rick karsdorp,94,2022-2023,Rick Karsdorp,27.0,nl NED,MF
12063,rick karsdorp,94,2023-2024,Rick Karsdorp,28.0,nl NED,"MF,DF"
12064,ricky-jade jones,70,2025-2026,Ricky-Jade Jones,23.0,England,F
12065,rico henry,30,2022-2023,Rico Henry,25.0,jm JAM,"DF,MF"
12066,rico henry,30,2023-2024,Rico Henry,26.0,jm JAM,DF
12067,rico henry,30,2024-2025,Rico Henry,27.0,jm JAM,"DF,MF"
12068,rico henry,30,2025-2026,Rico Henry,28.0,Jamaica,D
12069,rico lewis,42,2022-2023,Rico Lewis,17.0,eng ENG,"DF,MF"
12070,rico lewis,42,2023-2024,Rico Lewis,18.0,eng ENG,"DF,MF"
12071,rico lewis,42,2024-2025,Rico Lewis,19.0,eng ENG,"DF,MF"
12072,rico lewis,42,2025-2026,Rico Lewis,21.0,England,D
12073,rico richards,28,2024-2025,Rico Richards,21.0,England,F
12074,ridgeciano haps,84,2023-2024,Ridgeciano Haps,30.0,sr SUR,MF
12075,ridgeciano haps,101,2024-2025,Ridgeciano Haps,31.0,sr SUR,"MF,DF"
12076,ridle baku,68,2024-2025,Ridle Baku,26.0,de GER,MF
12077,ridle baku,68,2025-2026,Ridle Baku,27.0,Germany,D
12078,ridle baku,74,2022-2023,Ridle Baku,24.0,de GER,"DF,MF"
12079,ridle baku,74,2023-2024,Ridle Baku,25.0,de GER,"MF,DF"
12080,ridle baku,74,2024-2025,Ridle Baku,26.0,de GER,MF
12081,rijad smajic,65,2022-2023,Rijad Smajic,18.0,ba BIH,DF
12082,rio cardines,34,2025-2026,Rio Cardines,19.0,Trinidad and Tobago,D
12083,rio ngumoha,40,2025-2026,Rio Ngumoha,17.0,England,F
12084,ritsu doan,58,2025-2026,Ritsu Doan,27.0,Japan,F
12085,ritsu doan,59,2022-2023,Ritsu Doan,24.0,jp JPN,"MF,FW"
12086,ritsu doan,59,2023-2024,Ritsu Doan,25.0,jp JPN,MF
12087,ritsu doan,59,2024-2025,Ritsu Doan,26.0,jp JPN,MF
12088,riyad idrissi,78,2025-2026,Riyad Idrissi,20.0,Italy,D
12089,riyad mahrez,42,2022-2023,Riyad Mahrez,31.0,dz ALG,"MF,FW"
12090,rjan nyland,24,2023-2024,Ørjan Nyland,32.0,no NOR,GK
12091,rjan nyland,24,2024-2025,Ørjan Nyland,33.0,no NOR,GK
12092,rjan nyland,24,2025-2026,Ørjan Nyland,35.0,Norway,K
12093,rjan nyland,68,2022-2023,Ørjan Nyland,31.0,no NOR,GK
12094,ro abajas,25,2024-2025,Ro Abajas,,,
12095,rob holding,27,2022-2023,Rob Holding,26.0,eng ENG,DF
12096,rob holding,34,2023-2024,Rob Holding,27.0,eng ENG,DF
12097,rob holding,34,2024-2025,Rob Holding,28.0,eng ENG,DF
12098,rober gonzalez,19,2022-2023,Rober González,,,
12099,robert andrich,53,2022-2023,Robert Andrich,27.0,de GER,MF
12100,robert andrich,53,2023-2024,Robert Andrich,28.0,de GER,"MF,DF"
12101,robert andrich,53,2024-2025,Robert Andrich,29.0,de GER,"MF,DF"
12102,robert andrich,53,2025-2026,Robert Andrich,31.0,Germany,M
12103,robert glatzel,60,2025-2026,Robert Glatzel,32.0,Germany,F
12104,robert gumny,52,2022-2023,Robert Gumny,24.0,pl POL,DF
12105,robert gumny,52,2023-2024,Robert Gumny,25.0,pl POL,"DF,MF"
12106,robert gumny,52,2024-2025,Robert Gumny,26.0,pl POL,MF
12107,robert kwasigroch,62,2022-2023,Robert Kwasigroch,18.0,de GER,GK
12108,robert lewandowski,5,2022-2023,Robert Lewandowski,33.0,pl POL,FW
12109,robert lewandowski,5,2023-2024,Robert Lewandowski,34.0,pl POL,FW
12110,robert lewandowski,5,2024-2025,Robert Lewandowski,35.0,pl POL,FW
12111,robert lewandowski,5,2025-2026,Robert Lewandowski,37.0,Poland,F
12112,robert navarro,3,2025-2026,Robert Navarro,23.0,Spain,F
12113,robert navarro,6,2023-2024,Robert Navarro,21.0,Spain,F
12114,robert navarro,16,2024-2025,Robert Navarro,22.0,Spain,F
12115,robert navarro,22,2022-2023,Robert Navarro,20.0,Spain,F
12116,robert ramsak,68,2024-2025,Robert Ramsak,17.0,de GER,FW
12117,robert sanchez,31,2022-2023,Robert Sánchez,24.0,es ESP,GK
12118,robert sanchez,33,2023-2024,Robert Sánchez,25.0,es ESP,GK
12119,robert sanchez,33,2024-2025,Robert Sánchez,26.0,es ESP,GK
12120,robert sanchez,33,2025-2026,Robert Sánchez,28.0,Spain,K
12121,robert skov,63,2022-2023,Robert Skov,26.0,dk DEN,MF
12122,robert skov,63,2023-2024,Robert Skov,27.0,dk DEN,MF
12123,robert skov,72,2024-2025,Robert Skov,28.0,dk DEN,"MF,DF"
12124,robert skov,72,2025-2026,Robert Skov,29.0,Denmark,M
12125,robert wagner,59,2022-2023,Robert Wagner,19.0,de GER,MF
12126,robert wagner,70,2024-2025,Robert Wagner,21.0,de GER,MF
12127,roberto arroyo,23,2022-2023,Roberto Arroyo,18.0,es ESP,FW
12128,roberto fernandez,9,2024-2025,Roberto Fernández,22.0,es ESP,FW
12129,roberto fernandez,9,2025-2026,Roberto Fernández,23.0,Spain,F
12130,roberto firmino,40,2022-2023,Roberto Firmino,30.0,br BRA,FW
12131,roberto gagliardini,85,2025-2026,Roberto Gagliardini,31.0,Italy,M
12132,roberto gagliardini,86,2022-2023,Roberto Gagliardini,28.0,it ITA,MF
12133,roberto gagliardini,90,2023-2024,Roberto Gagliardini,29.0,it ITA,"MF,DF"
12134,roberto gagliardini,90,2024-2025,Roberto Gagliardini,30.0,it ITA,MF
12135,roberto gonzalez,19,2022-2023,Roberto González,21.0,es ESP,MF
12136,roberto lopez,14,2024-2025,Roberto López,24.0,es ESP,MF
12137,roberto massimo,71,2023-2024,Roberto Massimo,22.0,de GER,"FW,MF"
12138,roberto navarro,6,2023-2024,Roberto Navarro,21.0,es ESP,MF
12139,roberto navarro,16,2024-2025,Roberto Navarro,22.0,es ESP,MF
12140,roberto navarro,22,2022-2023,Roberto Navarro,20.0,es ESP,MF
12141,roberto navarro,22,2023-2024,Roberto Navarro,21.0,es ESP,MF
12142,roberto pereyra,100,2022-2023,Roberto Pereyra,31.0,ar ARG,"MF,FW"
12143,roberto pereyra,100,2023-2024,Roberto Pereyra,32.0,ar ARG,"FW,MF"
12144,roberto piccoli,78,2024-2025,Roberto Piccoli,23.0,it ITA,FW
12145,roberto piccoli,81,2022-2023,Roberto Piccoli,21.0,it ITA,FW
12146,roberto piccoli,81,2023-2024,Roberto Piccoli,22.0,it ITA,FW
12147,roberto piccoli,82,2025-2026,Roberto Piccoli,25.0,Italy,F
12148,roberto piccoli,85,2022-2023,Roberto Piccoli,21.0,it ITA,FW
12149,roberto piccoli,89,2023-2024,Roberto Piccoli,22.0,it ITA,FW
12150,roberto scaglione,84,2024-2025,Roberto Scaglione,14.0,it ITA,MF
12151,roberto soriano,77,2022-2023,Roberto Soriano,31.0,it ITA,MF
12152,roberto torres,17,2022-2023,Roberto Torres,33.0,es ESP,MF
12153,robin fellhauer,52,2025-2026,Robin Fellhauer,28.0,Germany,M
12154,robin gosens,72,2023-2024,Robin Gosens,29.0,de GER,"MF,DF"
12155,robin gosens,72,2024-2025,Robin Gosens,30.0,de GER,MF
12156,robin gosens,82,2024-2025,Robin Gosens,30.0,de GER,"DF,MF"
12157,robin gosens,82,2025-2026,Robin Gosens,31.0,Germany,D
12158,robin gosens,86,2022-2023,Robin Gosens,28.0,de GER,MF
12159,robin hack,67,2023-2024,Robin Hack,24.0,de GER,"FW,MF"
12160,robin hack,67,2024-2025,Robin Hack,25.0,de GER,MF
12161,robin hack,67,2025-2026,Robin Hack,27.0,Germany,F
12162,robin hackborussia m.,67,2023-2024,Robin HackBorussia M.,,,
12163,robin hackborussia m.,67,2024-2025,Robin HackBorussia M.,,,
12164,robin hranac,63,2024-2025,Robin Hranác,24.0,cz CZE,DF
12165,robin hranac,63,2025-2026,Robin Hranac,26.0,Czech Republic,D
12166,robin knoche,72,2022-2023,Robin Knoche,30.0,de GER,DF
12167,robin knoche,72,2023-2024,Robin Knoche,31.0,de GER,DF
12168,robin koch,38,2022-2023,Robin Koch,26.0,de GER,DF
12169,robin koch,58,2023-2024,Robin Koch,27.0,de GER,DF
12170,robin koch,58,2024-2025,Robin Koch,28.0,de GER,DF
12171,robin koch,58,2025-2026,Robin Koch,29.0,Germany,D
12172,robin le normand,4,2024-2025,Robin Le Normand,27.0,es ESP,DF
12173,robin le normand,4,2025-2026,Robin Le Normand,29.0,Spain,D
12174,robin le normand,22,2022-2023,Robin Le Normand,25.0,es ESP,DF
12175,robin le normand,22,2023-2024,Robin Le Normand,26.0,es ESP,DF
12176,robin olsen,28,2022-2023,Robin Olsen,32.0,se SWE,GK
12177,robin olsen,28,2023-2024,Robin Olsen,33.0,se SWE,GK
12178,robin olsen,28,2024-2025,Robin Olsen,34.0,se SWE,GK
12179,robin risser,108,2025-2026,Robin Risser,21.0,France,K
12180,robin risser,123,2022-2023,Robin Risser,18.0,France,K
12181,robin roefs,48,2025-2026,Robin Roefs,23.0,Netherlands,K
12182,robin voisine,116,2022-2023,Robin Voisine,20.0,France,D
12183,robin zentner,66,2022-2023,Robin Zentner,27.0,de GER,GK
12184,robin zentner,66,2023-2024,Robin Zentner,28.0,de GER,GK
12185,robin zentner,66,2024-2025,Robin Zentner,29.0,de GER,GK
12186,robin zentner,66,2025-2026,Robin Zentner,31.0,Germany,K
12187,robinio vaz,94,2025-2026,Robinio Vaz,18.0,France,F
12188,robinio vaz,112,2024-2025,Robinio Vaz,17.0,fr FRA,FW
12189,rocco di vico,95,2023-2024,Rocco Di Vico,16.0,it ITA,MF
12190,rocco reitz,67,2022-2023,Rocco Reitz,20.0,de GER,MF
12191,rocco reitz,67,2023-2024,Rocco Reitz,21.0,de GER,MF
12192,rocco reitz,67,2024-2025,Rocco Reitz,22.0,de GER,MF
12193,rocco reitz,67,2025-2026,Rocco Reitz,23.0,Germany,M
12194,rocco reitzborussia m.,67,2022-2023,Rocco ReitzBorussia M.,,,
12195,rocco reitzborussia m.,67,2023-2024,Rocco ReitzBorussia M.,,,
12196,rocco reitzborussia m.,67,2024-2025,Rocco ReitzBorussia M.,,,
12197,rodney elongo-yombo,56,2024-2025,Rodney Elongo-Yombo,23.0,de GER,"FW,MF"
12198,rodri,19,2022-2023,Rodri,22.0,es ESP,MF
12199,rodri,19,2023-2024,Rodri,23.0,es ESP,MF
12200,rodri,19,2024-2025,Rodri,24.0,es ESP,MF
12201,rodri,42,2022-2023,Rodri,26.0,es ESP,"MF,DF"
12202,rodri,42,2023-2024,Rodri,27.0,es ESP,"MF,DF"
12203,rodri,42,2024-2025,Rodri,28.0,es ESP,MF
12204,rodri,42,2025-2026,Rodri,29.0,Spain,M
12205,rodrigo,38,2022-2023,Rodrigo,31.0,es ESP,"FW,MF"
12206,rodrigo abajas,25,2024-2025,Rodrigo Abajas,21.0,es ESP,DF
12207,rodrigo battaglia,16,2022-2023,Rodrigo Battaglia,31.0,ar ARG,MF
12208,rodrigo becao,100,2022-2023,Rodrigo Becão,26.0,br BRA,DF
12209,rodrigo bentancur,49,2022-2023,Rodrigo Bentancur,25.0,uy URU,MF
12210,rodrigo bentancur,49,2023-2024,Rodrigo Bentancur,26.0,uy URU,MF
12211,rodrigo bentancur,49,2024-2025,Rodrigo Bentancur,27.0,uy URU,MF
12212,rodrigo bentancur,49,2025-2026,Rodrigo Bentancur,28.0,Uruguay,M
12213,rodrigo de paul,4,2022-2023,Rodrigo De Paul,28.0,ar ARG,MF
12214,rodrigo de paul,4,2023-2024,Rodrigo De Paul,29.0,ar ARG,MF
12215,rodrigo de paul,4,2024-2025,Rodrigo De Paul,30.0,ar ARG,MF
12216,rodrigo ely,2,2022-2023,Rodrigo Ely,28.0,br BRA,DF
12217,rodrigo gomes,51,2024-2025,Rodrigo Gomes,21.0,pt POR,MF
12218,rodrigo gomes,51,2025-2026,Rodrigo Gomes,22.0,Portugal,M
12219,rodrigo mendoza,4,2025-2026,Rodrigo Mendoza,20.0,Spain,M
12220,rodrigo mendoza,8,2022-2023,Rodrigo Mendoza,17.0,es ESP,MF
12221,rodrigo muniz,36,2022-2023,Rodrigo Muniz,21.0,br BRA,FW
12222,rodrigo muniz,36,2023-2024,Rodrigo Muniz,22.0,br BRA,FW
12223,rodrigo muniz,36,2024-2025,Rodrigo Muniz,23.0,br BRA,FW
12224,rodrigo muniz,36,2025-2026,Rodrigo Muniz,24.0,Brazil,F
12225,rodrigo ribeiro,45,2023-2024,Rodrigo Ribeiro,18.0,pt POR,FW
12226,rodrigo ribeiro,52,2025-2026,Rodrigo Ribeiro,20.0,Portugal,F
12227,rodrigo riquelme,4,2023-2024,Rodrigo Riquelme,23.0,es ESP,"MF,DF"
12228,rodrigo riquelme,4,2024-2025,Rodrigo Riquelme,24.0,es ESP,"MF,DF"
12229,rodrigo riquelme,11,2022-2023,Rodrigo Riquelme,22.0,es ESP,"MF,FW"
12230,rodrigo riquelme,19,2025-2026,Rodrigo Riquelme,25.0,Spain,F
12231,rodrigo zalazar,69,2022-2023,Rodrigo Zalazar,22.0,uy URU,"MF,FW"
12232,rodrygo,20,2022-2023,Rodrygo,21.0,br BRA,FW
12233,rodrygo,20,2023-2024,Rodrygo,22.0,br BRA,FW
12234,rodrygo,20,2024-2025,Rodrygo,23.0,br BRA,"MF,FW"
12235,rodrygo,20,2025-2026,Rodrygo,25.0,Brazil,F
12236,roger brugue,15,2025-2026,Roger Brugué,29.0,Spain,F
12237,roger hinojo,9,2024-2025,Roger Hinojo,19.0,es ESP,DF
12238,roger ibanez,94,2022-2023,Roger Ibanez,23.0,br BRA,DF
12239,roger marti,6,2022-2023,Roger Martí,31.0,es ESP,FW
12240,roger marti,6,2023-2024,Roger Martí,32.0,es ESP,FW
12241,roger marti,8,2022-2023,Roger Martí,31.0,es ESP,"FW,MF"
12242,roger martinez,9,2022-2023,Roger Martínez,18.0,es ESP,MF
12243,rogerio,74,2023-2024,Rogério,25.0,br BRA,"DF,MF"
12244,rogerio,74,2024-2025,Rogério,27.0,Brazil,D
12245,rogerio,74,2025-2026,Rogério,28.0,Brazil,D
12246,rogerio,97,2022-2023,Rogério,24.0,br BRA,DF
12247,roland sallai,59,2022-2023,Roland Sallai,25.0,hu HUN,"MF,FW"
12248,roland sallai,59,2023-2024,Roland Sallai,26.0,hu HUN,"MF,FW"
12249,roland sallai,59,2024-2025,Roland Sallai,27.0,hu HUN,"DF,FW"
12250,rolando mandragora,82,2022-2023,Rolando Mandragora,25.0,it ITA,MF
12251,rolando mandragora,82,2023-2024,Rolando Mandragora,26.0,it ITA,MF
12252,rolando mandragora,82,2024-2025,Rolando Mandragora,27.0,it ITA,MF
12253,rolando mandragora,82,2025-2026,Rolando Mandragora,28.0,Italy,M
12254,romain del castillo,105,2022-2023,Romain Del Castillo,26.0,fr FRA,"MF,FW"
12255,romain del castillo,105,2023-2024,Romain Del Castillo,27.0,fr FRA,"MF,FW"
12256,romain del castillo,105,2024-2025,Romain Del Castillo,28.0,fr FRA,"FW,MF"
12257,romain del castillo,105,2025-2026,Romain Del Castillo,29.0,France,F
12258,romain esse,34,2024-2025,Romain Esse,19.0,eng ENG,MF
12259,romain faivre,29,2023-2024,Romain Faivre,25.0,fr FRA,MF
12260,romain faivre,29,2025-2026,Romain Faivre,27.0,France,F
12261,romain faivre,104,2025-2026,Romain Faivre,27.0,France,F
12262,romain faivre,105,2024-2025,Romain Faivre,26.0,fr FRA,"MF,FW"
12263,romain faivre,110,2022-2023,Romain Faivre,24.0,fr FRA,MF
12264,romain faivre,110,2023-2024,Romain Faivre,25.0,fr FRA,MF
12265,romain faivre,111,2022-2023,Romain Faivre,24.0,fr FRA,MF
12266,romain hamouma,102,2022-2023,Romain Hamouma,35.0,fr FRA,FW
12267,romain hamoumaac,102,2022-2023,Romain HamoumaAC,,,
12268,romain perraud,19,2024-2025,Romain Perraud,26.0,fr FRA,DF
12269,romain perraud,47,2022-2023,Romain Perraud,24.0,fr FRA,DF
12270,romain perraud,109,2025-2026,Romain Perraud,28.0,France,D
12271,romain perraud,117,2023-2024,Romain Perraud,25.0,fr FRA,DF
12272,romain salin,121,2022-2023,Romain Salin,38.0,France,K
12273,romaine mundle,48,2025-2026,Romaine Mundle,22.0,England,F
12274,romaine mundle,49,2022-2023,Romaine Mundle,19.0,eng ENG,MF
12275,roman dixon,35,2024-2025,Roman Dixon,19.0,eng ENG,DF
12276,roman dixon,35,2025-2026,Roman Dixon,21.0,England,D
12277,roman yaremchuk,25,2023-2024,Roman Yaremchuk,27.0,ua UKR,FW
12278,roman yaremchuk,111,2025-2026,Roman Yaremchuk,30.0,Ukraine,F
12279,romano floriani,88,2022-2023,Romano Floriani,19.0,it ITA,MF
12280,romano floriani mussolini,80,2025-2026,Romano Floriani Mussolini,23.0,Italy,D
12281,romano schmid,73,2022-2023,Romano Schmid,22.0,at AUT,"MF,FW"
12282,romano schmid,73,2023-2024,Romano Schmid,23.0,at AUT,"MF,FW"
12283,romano schmid,73,2024-2025,Romano Schmid,24.0,at AUT,MF
12284,romano schmid,73,2025-2026,Romano Schmid,26.0,Austria,F
12285,romelle donovan,30,2025-2026,Romelle Donovan,19.0,England,F
12286,romelu lukaku,86,2022-2023,Romelu Lukaku,29.0,be BEL,FW
12287,romelu lukaku,91,2024-2025,Romelu Lukaku,31.0,be BEL,FW
12288,romelu lukaku,91,2025-2026,Romelu Lukaku,32.0,Belgium,F
12289,romelu lukaku,94,2023-2024,Romelu Lukaku,30.0,be BEL,FW
12290,romeo aigbekaen,70,2024-2025,Romeo Aigbekaen,20.0,de GER,MF
12291,romeo lavia,33,2023-2024,Roméo Lavia,19.0,be BEL,MF
12292,romeo lavia,33,2024-2025,Roméo Lavia,20.0,be BEL,MF
12293,romeo lavia,33,2025-2026,Roméo Lavia,22.0,Belgium,M
12294,romeo lavia,47,2022-2023,Roméo Lavia,18.0,be BEL,MF
12295,rominigue kouame,6,2023-2024,Rominigue Kouamé,26.0,ml MLI,MF
12296,rominigue kouame,125,2022-2023,Rominigue Kouamé,25.0,ml MLI,MF
12297,romulo,68,2025-2026,Rômulo,23.0,Brazil,F
12298,ron-robert zieler,65,2025-2026,Ron-Robert Zieler,36.0,Germany,K
12299,ronael pierre-gabriel,9,2022-2023,Ronaël Pierre-Gabriel,24.0,fr FRA,DF
12300,ronael pierre-gabriel,116,2023-2024,Ronaël Pierre-Gabriel,25.0,fr FRA,"DF,MF"
12301,ronael pierre-gabriel,123,2022-2023,Ronaël Pierre-Gabriel,24.0,fr FRA,"MF,DF"
12302,ronald araujo,5,2022-2023,Ronald Araujo,23.0,uy URU,DF
12303,ronald araujo,5,2023-2024,Ronald Araujo,24.0,uy URU,DF
12304,ronald araujo,5,2024-2025,Ronald Araujo,25.0,uy URU,DF
12305,ronald araujo,5,2025-2026,Ronald Araujo,26.0,Uruguay,D
12306,ronaldo vieira,96,2022-2023,Ronaldo Vieira,24.0,gw GNB,MF
12307,ronaldo vieira,99,2022-2023,Ronaldo Vieira,24.0,gw GNB,MF
12308,ronnie edwards,47,2024-2025,Ronnie Edwards,21.0,eng ENG,DF
12309,ronnie stutter,33,2023-2024,Ronnie Stutter,18.0,eng ENG,FW
12310,ronnie stutter,33,2025-2026,Ronnie Stutter,21.0,England,F
12311,ronny seibt,70,2024-2025,Ronny Seibt,19.0,de GER,GK
12312,rony lopes,125,2022-2023,Rony Lopes,26.0,pt POR,"MF,FW"
12313,roony bardghji,5,2025-2026,Roony Bardghji,20.0,Sweden,F
12314,roque mesa,23,2022-2023,Roque Mesa,33.0,es ESP,MF
12315,rosen bozhinov,93,2025-2026,Rosen Bozhinov,21.0,Bulgaria,D
12316,roshaun mathurin,34,2023-2024,Roshaun Mathurin,19.0,eng ENG,FW
12317,ross barkley,28,2024-2025,Ross Barkley,30.0,eng ENG,MF
12318,ross barkley,28,2025-2026,Ross Barkley,32.0,England,M
12319,ross barkley,41,2023-2024,Ross Barkley,29.0,eng ENG,MF
12320,ross barkley,117,2022-2023,Ross Barkley,28.0,eng ENG,"MF,FW"
12321,ross stewart,47,2024-2025,Ross Stewart,28.0,sct SCO,FW
12322,royce openda,110,2023-2024,Royce Openda,21.0,ga GAB,FW
12323,ruairi mcconville,31,2024-2025,Ruairi Mcconville,19.0,nir NIR,DF
12324,ruan,97,2022-2023,Ruan,23.0,br BRA,DF
12325,ruan,97,2023-2024,Ruan,24.0,br BRA,DF
12326,ruan levine,102,2022-2023,Ruan Levine,23.0,br BRA,FW
12327,ruan tressoldi,97,2022-2023,Ruan Tressoldi,,,
12328,ruan tressoldi,97,2023-2024,Ruan Tressoldi,,,
12329,ruanac,102,2022-2023,RuanAC,,,
12330,ruben,9,2022-2023,Rubén,21.0,es ESP,"MF,DF"
12331,ruben aguilar,108,2023-2024,Ruben Aguilar,30.0,fr FRA,"MF,DF"
12332,ruben aguilar,108,2024-2025,Ruben Aguilar,31.0,fr FRA,"MF,DF"
12333,ruben aguilar,108,2025-2026,Ruben Aguilar,32.0,France,D
12334,ruben aguilar,114,2022-2023,Ruben Aguilar,29.0,fr FRA,DF
12335,ruben alcaraz,6,2022-2023,Rubén Alcaraz,31.0,es ESP,MF
12336,ruben alcaraz,6,2023-2024,Rubén Alcaraz,32.0,es ESP,MF
12337,ruben blanco,112,2022-2023,Rubén Blanco,27.0,es ESP,GK
12338,ruben blanco,112,2023-2024,Rubén Blanco,28.0,es ESP,GK
12339,ruben blanco,112,2024-2025,Rubén Blanco,29.0,Spain,K
12340,ruben dias,42,2022-2023,Rúben Dias,25.0,pt POR,"DF,MF"
12341,ruben dias,42,2023-2024,Rúben Dias,26.0,pt POR,"DF,MF"
12342,ruben dias,42,2024-2025,Rúben Dias,27.0,pt POR,"DF,MF"
12343,ruben dias,42,2025-2026,Rúben Dias,28.0,Portugal,D
12344,ruben duarte,1,2023-2024,Rubén Duarte,27.0,es ESP,DF
12345,ruben garcia,17,2022-2023,Rubén García,29.0,es ESP,"MF,FW"
12346,ruben garcia,17,2023-2024,Rubén García,30.0,es ESP,"FW,MF"
12347,ruben garcia,17,2024-2025,Rubén García,31.0,es ESP,"FW,MF"
12348,ruben garcia,17,2025-2026,Rubén García,32.0,Spain,F
12349,ruben gomez,26,2024-2025,Rubén Gómez,22.0,es ESP,GK
12350,ruben iranzo,25,2023-2024,Rubén Iranzo,,,
12351,ruben kluivert,111,2025-2026,Ruben Kluivert,24.0,Netherlands,D
12352,ruben lendinez,25,2022-2023,Ruben Lendinez,19.0,es ESP,DF
12353,ruben lendinez,25,2023-2024,Ruben Lendinez,20.0,es ESP,DF
12354,ruben lendinez,25,2024-2025,Ruben Lendinez,21.0,es ESP,DF
12355,ruben loftus-cheek,33,2022-2023,Ruben Loftus-Cheek,26.0,eng ENG,MF
12356,ruben loftus-cheek,75,2023-2024,Ruben Loftus-Cheek,27.0,eng ENG,MF
12357,ruben loftus-cheek,75,2024-2025,Ruben Loftus-Cheek,28.0,eng ENG,MF
12358,ruben loftus-cheek,75,2025-2026,Ruben Loftus-Cheek,30.0,England,M
12359,ruben loftus-cheekac,75,2023-2024,Ruben Loftus-CheekAC,,,
12360,ruben loftus-cheekac,75,2024-2025,Ruben Loftus-CheekAC,,,
12361,ruben londja,107,2024-2025,Ruben Londja,18.0,Switzerland,F
12362,ruben montero,1,2023-2024,Rubén Montero,17.0,es ESP,GK
12363,ruben neves,51,2022-2023,Rúben Neves,25.0,pt POR,MF
12364,ruben pena,17,2022-2023,Rubén Peña,31.0,es ESP,"DF,MF"
12365,ruben pena,17,2023-2024,Rubén Peña,32.0,es ESP,"DF,MF"
12366,ruben pena,17,2024-2025,Rubén Peña,33.0,es ESP,"FW,DF"
12367,ruben quintanilla,16,2022-2023,Rubén Quintanilla,20.0,es ESP,MF
12368,ruben quintanilla,16,2023-2024,Rubén Quintanilla,21.0,es ESP,MF
12369,ruben sanchez,9,2022-2023,Rubén Sánchez,21.0,Spain,D
12370,ruben sanchez,9,2025-2026,Rubén Sánchez,25.0,Spain,D
12371,ruben sobrino,6,2022-2023,Rubén Sobrino,30.0,es ESP,"MF,FW"
12372,ruben sobrino,6,2023-2024,Rubén Sobrino,31.0,es ESP,"MF,FW"
12373,ruben vargas,24,2024-2025,Rubén Vargas,25.0,ch SUI,"MF,FW"
12374,ruben vargas,24,2025-2026,Rubén Vargas,27.0,Switzerland,F
12375,ruben vargas,52,2022-2023,Rubén Vargas,23.0,ch SUI,MF
12376,ruben vargas,52,2023-2024,Rubén Vargas,24.0,ch SUI,"MF,FW"
12377,ruben vargas,52,2024-2025,Rubén Vargas,25.0,ch SUI,MF
12378,ruben vinagre,35,2022-2023,Rúben Vinagre,23.0,pt POR,"DF,MF"
12379,ruben vinagre,85,2023-2024,Rúben Vinagre,24.0,pt POR,DF
12380,rudy kohon,19,2024-2025,Rudy Kohon,20.0,fr FRA,DF
12381,rudy kohon,125,2022-2023,Rudy Kohon,18.0,fr FRA,DF
12382,rudy matondo,104,2024-2025,Rudy Matondo,16.0,fr FRA,MF
12383,rudy matondo,118,2025-2026,Rudy Matondo,17.0,France,M
12384,rui modesto,100,2024-2025,Rui Modesto,24.0,ao ANG,MF
12385,rui modesto,100,2025-2026,Rui Modesto,26.0,Angola,D
12386,rui patricio,76,2024-2025,Rui Patrício,36.0,pt POR,GK
12387,rui patricio,94,2022-2023,Rui Patrício,34.0,pt POR,GK
12388,rui patricio,94,2023-2024,Rui Patrício,35.0,pt POR,GK
12389,rui silva,19,2022-2023,Rui Silva,28.0,pt POR,GK
12390,rui silva,19,2023-2024,Rui Silva,29.0,pt POR,GK
12391,rui silva,19,2024-2025,Rui Silva,30.0,pt POR,GK
12392,ruly,7,2022-2023,Ruly,22.0,es ESP,GK
12393,ruly,7,2023-2024,Ruly,23.0,es ESP,GK
12394,rune jarstein,62,2022-2023,Rune Jarstein,37.0,no NOR,GK
12395,ruslan malinovskyi,76,2022-2023,Ruslan Malinovskyi,29.0,ua UKR,MF
12396,ruslan malinovskyi,84,2023-2024,Ruslan Malinovskyi,30.0,ua UKR,"MF,FW"
12397,ruslan malinovskyi,84,2024-2025,Ruslan Malinovskyi,31.0,ua UKR,MF
12398,ruslan malinovskyi,84,2025-2026,Ruslan Malinovskyi,32.0,Ukraine,F
12399,ruslan malinovskyi,112,2022-2023,Ruslan Malinovskyi,29.0,ua UKR,"MF,FW"
12400,ryan bertrand,39,2022-2023,Ryan Bertrand,33.0,England,D
12401,ryan christie,29,2022-2023,Ryan Christie,27.0,sct SCO,MF
12402,ryan christie,29,2023-2024,Ryan Christie,28.0,sct SCO,MF
12403,ryan christie,29,2024-2025,Ryan Christie,29.0,sct SCO,MF
12404,ryan christie,29,2025-2026,Ryan Christie,30.0,Scotland,M
12405,ryan finnigan,47,2022-2023,Ryan Finnigan,18.0,eng ENG,MF
12406,ryan fraser,44,2022-2023,Ryan Fraser,28.0,sct SCO,FW
12407,ryan fraser,47,2024-2025,Ryan Fraser,30.0,sct SCO,"MF,DF"
12408,ryan fredericks,29,2022-2023,Ryan Fredericks,29.0,eng ENG,DF
12409,ryan fredericks,29,2023-2024,Ryan Fredericks,31.0,England,D
12410,ryan giles,41,2023-2024,Ryan Giles,23.0,eng ENG,"MF,DF"
12411,ryan gravenberch,40,2023-2024,Ryan Gravenberch,21.0,nl NED,MF
12412,ryan gravenberch,40,2024-2025,Ryan Gravenberch,22.0,nl NED,MF
12413,ryan gravenberch,40,2025-2026,Ryan Gravenberch,23.0,Netherlands,M
12414,ryan gravenberch,54,2022-2023,Ryan Gravenberch,20.0,nl NED,MF
12415,ryan gravenberch,54,2023-2024,Ryan Gravenberch,21.0,nl NED,MF
12416,ryan johansson,59,2023-2024,Ryan Johansson,22.0,ie IRL,MF
12417,ryan manning,47,2024-2025,Ryan Manning,28.0,ie IRL,"DF,MF"
12418,ryan one,46,2023-2024,Ryan Oné,17.0,sct SCO,MF
12419,ryan rodin,104,2025-2026,Ryan Rodin,19.0,France,F
12420,ryan sessegnon,36,2024-2025,Ryan Sessegnon,24.0,eng ENG,"MF,DF"
12421,ryan sessegnon,36,2025-2026,Ryan Sessegnon,25.0,England,D
12422,ryan sessegnon,49,2022-2023,Ryan Sessegnon,22.0,eng ENG,"MF,DF"
12423,ryan sessegnon,49,2023-2024,Ryan Sessegnon,23.0,England,M
12424,ryan trevitt,30,2022-2023,Ryan Trevitt,19.0,eng ENG,MF
12425,ryan trevitt,30,2023-2024,Ryan Trevitt,20.0,eng ENG,MF
12426,ryan trevitt,30,2024-2025,Ryan Trevitt,21.0,eng ENG,MF
12427,ryan yates,45,2022-2023,Ryan Yates,24.0,eng ENG,MF
12428,ryan yates,45,2023-2024,Ryan Yates,25.0,eng ENG,MF
12429,ryan yates,45,2024-2025,Ryan Yates,26.0,eng ENG,MF
12430,ryan yates,45,2025-2026,Ryan Yates,28.0,England,M
12431,saad agouzoul,104,2024-2025,Saad Agouzoul,27.0,Morocco,D
12432,saad el haddad,101,2024-2025,Saad El Haddad,19.0,ma MAR,MF
12433,saba goglichidze,81,2023-2024,Saba Goglichidze,19.0,ge GEO,DF
12434,saba goglichidze,81,2024-2025,Saba Goglichidze,20.0,ge GEO,DF
12435,saba sazonov,81,2024-2025,Saba Sazonov,22.0,ge GEO,DF
12436,saba sazonov,99,2023-2024,Saba Sazonov,21.0,ge GEO,DF
12437,saba sazonov,99,2024-2025,Saba Sazonov,22.0,ge GEO,DF
12438,saba sazonov,99,2025-2026,Saba Sazonov,24.0,Georgia,D
12439,sacha boey,54,2023-2024,Sacha Boey,22.0,fr FRA,MF
12440,sacha boey,54,2024-2025,Sacha Boey,23.0,fr FRA,DF
12441,sacha boey,54,2025-2026,Sacha Boey,25.0,France,D
12442,sacha delaye,115,2022-2023,Sacha Delaye,20.0,fr FRA,MF
12443,sacha delaye,115,2023-2024,Sacha Delaye,21.0,fr FRA,MF
12444,sada thioub,103,2022-2023,Sada Thioub,27.0,sn SEN,"DF,MF"
12445,sadibou sane,113,2023-2024,Sadibou Sané,19.0,sn SEN,DF
12446,sadibou sane,113,2025-2026,Sadibou Sané,21.0,Senegal,D
12447,sadik fofana,89,2025-2026,Sadik Fofana,22.0,Togo,M
12448,sadio mane,54,2022-2023,Sadio Mané,30.0,sn SEN,"MF,FW"
12449,sael kumbedi,74,2025-2026,Saël Kumbedi,20.0,France,D
12450,sael kumbedi,111,2022-2023,Saël Kumbedi,17.0,fr FRA,"DF,MF"
12451,sael kumbedi,111,2023-2024,Saël Kumbedi,18.0,fr FRA,"DF,MF"
12452,sael kumbedi,111,2024-2025,Saël Kumbedi,19.0,fr FRA,DF
12453,said benrahma,50,2022-2023,Saïd Benrahma,26.0,dz ALG,"MF,FW"
12454,said benrahma,50,2023-2024,Saïd Benrahma,27.0,dz ALG,MF
12455,said benrahma,111,2023-2024,Saïd Benrahma,27.0,dz ALG,"FW,MF"
12456,said benrahma,111,2024-2025,Saïd Benrahma,28.0,dz ALG,"FW,MF"
12457,said el mala,65,2025-2026,Said El Mala,19.0,Germany,F
12458,said hamulic,124,2022-2023,Saïd Hamulic,21.0,ba BIH,FW
12459,saidou sow,116,2024-2025,Saïdou Sow,22.0,gn GUI,DF
12460,saidou sow,123,2023-2024,Saïdou Sow,21.0,gn GUI,DF
12461,saidou sow,123,2024-2025,Saïdou Sow,22.0,gn GUI,DF
12462,saidou sow,123,2025-2026,Saïdou Sow,23.0,Guinea,D
12463,saidy janko,55,2022-2023,Saidy Janko,26.0,gm GAM,DF
12464,saif-eddine khaoui,106,2022-2023,Saîf-Eddine Khaoui,27.0,tn TUN,MF
12465,saimon bouabre,114,2023-2024,Saïmon Bouabré,17.0,fr FRA,MF
12466,saimon bouabre,114,2024-2025,Saïmon Bouabré,18.0,fr FRA,MF
12467,salah oulad m'hand,27,2024-2025,Salah Oulad M'Hand,20.0,nl NED,MF
12468,salih ozcan,56,2022-2023,Salih Özcan,24.0,tr TUR,MF
12469,salih ozcan,56,2023-2024,Salih Özcan,25.0,tr TUR,MF
12470,salih ozcan,56,2024-2025,Salih Özcan,26.0,tr TUR,MF
12471,salih ozcan,56,2025-2026,Salih Özcan,28.0,Turkey,M
12472,salih ozcan,74,2024-2025,Salih Özcan,26.0,tr TUR,MF
12473,salim abubakar,97,2023-2024,Salim Abubakar,20.0,ne NIG,MF
12474,salim ben seghir,112,2022-2023,Salim Ben Seghir,19.0,fr FRA,FW
12475,salim el jebari,4,2022-2023,Salim El Jebari,18.0,ma MAR,MF
12476,salim el jebari,4,2023-2024,Salim El Jebari,19.0,ma MAR,MF
12477,salim musah,73,2025-2026,Salim Musah,19.0,Germany,F
12478,saliou diop,105,2024-2025,Saliou Diop,,,
12479,saliou diop,105,2025-2026,Saliou Diop,20.0,Senegal,F
12480,salis abdul samed,108,2022-2023,Salis Abdul Samed,22.0,gh GHA,MF
12481,salis abdul samed,108,2023-2024,Salis Abdul Samed,23.0,gh GHA,MF
12482,salis abdul samed,117,2025-2026,Salis Abdul Samed,25.0,Ghana,M
12483,salomon rondon,35,2022-2023,Salomón Rondón,32.0,ve VEN,FW
12484,salva ferrer,98,2022-2023,Salva Ferrer,25.0,Spain,D
12485,salvador ferrer,98,2022-2023,Salvador Ferrer,24.0,es ESP,MF
12486,salvatore esposito,98,2022-2023,Salvatore Esposito,21.0,it ITA,MF
12487,salvatore molina,90,2022-2023,Salvatore Molina,30.0,it ITA,MF
12488,salvatore sirigu,82,2022-2023,Salvatore Sirigu,35.0,it ITA,GK
12489,salvatore sirigu,91,2022-2023,Salvatore Sirigu,35.0,it ITA,GK
12490,salvi,9,2024-2025,Salvi,33.0,es ESP,MF
12491,salvi,18,2022-2023,Salvi,31.0,es ESP,MF
12492,salvi,18,2023-2024,Salvi,32.0,es ESP,MF
12493,salvi sanchez,18,2022-2023,Salvi Sánchez,31.0,Spain,F
12494,salvi sanchez,18,2023-2024,Salvi Sánchez,,,
12495,sam amo-ameyaw,47,2022-2023,Sam Amo-Ameyaw,,,
12496,sam amo-ameyaw,47,2024-2025,Sam Amo-Ameyaw,,,
12497,sam amo-ameyaw,123,2024-2025,Sam Amo-Ameyaw,,,
12498,sam beukema,77,2023-2024,Sam Beukema,24.0,nl NED,DF
12499,sam beukema,77,2024-2025,Sam Beukema,25.0,nl NED,DF
12500,sam beukema,91,2025-2026,Sam Beukema,27.0,Netherlands,D
12501,sam byram,38,2025-2026,Sam Byram,32.0,England,D
12502,sam curtis,46,2023-2024,Sam Curtis,17.0,ie IRL,DF
12503,sam greenwood,38,2022-2023,Sam Greenwood,20.0,eng ENG,MF
12504,sam johnstone,34,2022-2023,Sam Johnstone,29.0,eng ENG,GK
12505,sam johnstone,34,2023-2024,Sam Johnstone,30.0,eng ENG,GK
12506,sam johnstone,34,2024-2025,Sam Johnstone,31.0,eng ENG,GK
12507,sam johnstone,51,2024-2025,Sam Johnstone,31.0,eng ENG,GK
12508,sam johnstone,51,2025-2026,Sam Johnstone,32.0,England,K
12509,sam lammers,81,2022-2023,Sam Lammers,25.0,nl NED,FW
12510,sam lammers,96,2022-2023,Sam Lammers,25.0,nl NED,FW
12511,sam mather,43,2024-2025,Sam Mather,20.0,England,F
12512,sam morsy,37,2024-2025,Sam Morsy,32.0,eg EGY,MF
12513,sam proctor,28,2023-2024,Sam Proctor,16.0,eng ENG,GK
12514,sam surridge,45,2022-2023,Sam Surridge,24.0,eng ENG,FW
12515,sam szmodics,37,2024-2025,Sam Szmodics,,,
12516,saman ghoddos,30,2022-2023,Saman Ghoddos,28.0,ir IRN,"FW,MF"
12517,saman ghoddos,30,2023-2024,Saman Ghoddos,29.0,ir IRN,"DF,MF"
12518,samba konate,68,2025-2026,Samba Konaté,16.0,France,F
12519,sambou soumano,110,2025-2026,Sambou Soumano,25.0,Senegal,F
12520,samir chergui,118,2025-2026,Samir Chergui,26.0,Algeria,D
12521,samir el mourabet,123,2025-2026,Samir El Mourabet,20.0,Morocco,M
12522,samir handanovic,86,2022-2023,Samir Handanovic,38.0,si SVN,GK
12523,samir ujkani,81,2022-2023,Samir Ujkani,34.0,xk KVX,GK
12524,sammie szmodics,37,2024-2025,Sammie Szmodics,28.0,ie IRL,MF
12525,sammy braybrooke,39,2022-2023,Sammy Braybrooke,18.0,eng ENG,MF
12526,sammy braybrooke,39,2024-2025,Sammy Braybrooke,20.0,eng ENG,MF
12527,samson baidoo,108,2025-2026,Samson Baidoo,21.0,Austria,D
12528,samu aghehowa,1,2023-2024,Samu Aghehowa,19.0,Spain,F
12529,samu aghehowa,12,2023-2024,Samu Aghehowa,,,
12530,samu becerra,18,2025-2026,Samu Becerra,19.0,Spain,M
12531,samu castillejo,25,2022-2023,Samu Castillejo,27.0,es ESP,"FW,MF"
12532,samu castillejo,25,2023-2024,Samu Castillejo,28.0,Spain,F
12533,samu castillejo,97,2023-2024,Samu Castillejo,28.0,es ESP,"MF,FW"
12534,samu costa,2,2022-2023,Samú Costa,21.0,pt POR,MF
12535,samu costa,16,2023-2024,Samú Costa,22.0,pt POR,MF
12536,samu costa,16,2024-2025,Samú Costa,23.0,pt POR,MF
12537,samu costa,16,2025-2026,Samú Costa,25.0,Portugal,M
12538,samu omorodion,1,2023-2024,Samu Omorodion,19.0,es ESP,FW
12539,samu omorodion,12,2023-2024,Samu Omorodion,19.0,es ESP,FW
12540,samu saiz,11,2022-2023,Samu Sáiz,,,
12541,samuel amissah,36,2024-2025,Samuel Amissah,17.0,eng ENG,DF
12542,samuel amo-ameyaw,47,2022-2023,Samuel Amo-Ameyaw,16.0,eng ENG,"FW,MF"
12543,samuel amo-ameyaw,47,2024-2025,Samuel Amo-Ameyaw,18.0,eng ENG,"FW,MF"
12544,samuel amo-ameyaw,123,2024-2025,Samuel Amo-Ameyaw,18.0,eng ENG,MF
12545,samuel amo-ameyaw,123,2025-2026,Samuel Amo-Ameyaw,19.0,England,F
12546,samuel bamba,55,2024-2025,Samuel Bamba,20.0,de GER,FW
12547,samuel bamba,56,2023-2024,Samuel Bamba,19.0,de GER,FW
12548,samuel chukwueze,26,2022-2023,Samuel Chukwueze,23.0,ng NGA,"FW,MF"
12549,samuel chukwueze,36,2025-2026,Samuel Chukwueze,26.0,Nigeria,F
12550,samuel chukwueze,75,2023-2024,Samuel Chukwueze,24.0,ng NGA,"MF,FW"
12551,samuel chukwueze,75,2024-2025,Samuel Chukwueze,25.0,ng NGA,"MF,FW"
12552,samuel chukwuezeac,75,2023-2024,Samuel ChukwuezeAC,,,
12553,samuel chukwuezeac,75,2024-2025,Samuel ChukwuezeAC,,,
12554,samuel dahl,94,2024-2025,Samuel Dahl,21.0,se SWE,DF
12555,samuel di carmine,80,2022-2023,Samuel Di Carmine,33.0,it ITA,FW
12556,samuel edozie,47,2022-2023,Samuel Edozie,19.0,eng ENG,"MF,FW"
12557,samuel edozie,47,2024-2025,Samuel Edozie,21.0,eng ENG,"FW,MF"
12558,samuel essende,52,2024-2025,Samuel Essende,26.0,cd COD,FW
12559,samuel essende,52,2025-2026,Samuel Essende,28.0,Democratic Republic of the Congo,F
12560,samuel gigot,88,2024-2025,Samuel Gigot,30.0,fr FRA,DF
12561,samuel gigot,88,2025-2026,Samuel Gigot,32.0,France,D
12562,samuel gigot,112,2022-2023,Samuel Gigot,28.0,fr FRA,DF
12563,samuel gigot,112,2023-2024,Samuel Gigot,29.0,fr FRA,DF
12564,samuel grandsir,107,2023-2024,Samuel Grandsir,26.0,fr FRA,MF
12565,samuel grandsir,107,2024-2025,Samuel Grandsir,27.0,fr FRA,"FW,MF"
12566,samuel iling junior,87,2022-2023,Samuel Iling Junior,19.0,England,F
12567,samuel iling-junior,28,2024-2025,Samuel Iling-Junior,21.0,England,F
12568,samuel iling-junior,28,2025-2026,Samuel Iling-Junior,21.0,England,F
12569,samuel iling-junior,77,2024-2025,Samuel Iling-Junior,20.0,eng ENG,MF
12570,samuel iling-junior,87,2022-2023,Samuel Iling-Junior,18.0,eng ENG,MF
12571,samuel iling-junior,87,2023-2024,Samuel Iling-Junior,19.0,eng ENG,MF
12572,samuel iling-junior,93,2025-2026,Samuel Iling-Junior,22.0,England,D
12573,samuel john nwachukwu,100,2023-2024,Samuel John Nwachukwu,17.0,ng NGA,DF
12574,samuel koeberle,120,2022-2023,Samuel Koeberlé,17.0,fr FRA,MF
12575,samuel lino,4,2023-2024,Samuel Lino,23.0,br BRA,"MF,DF"
12576,samuel lino,4,2024-2025,Samuel Lino,24.0,br BRA,MF
12577,samuel lino,25,2022-2023,Samuel Lino,22.0,br BRA,"FW,MF"
12578,samuel mbangula,73,2025-2026,Samuel Mbangula,22.0,Belgium,F
12579,samuel mbangula,87,2024-2025,Samuel Mbangula,20.0,be BEL,MF
12580,samuel moutoussamy,116,2022-2023,Samuel Moutoussamy,25.0,cd COD,MF
12581,samuel moutoussamy,116,2023-2024,Samuel Moutoussamy,26.0,cd COD,MF
12582,samuel ntanda,96,2022-2023,Samuel Ntanda,17.0,cd COD,FW
12583,samuel rak-sakyi,33,2024-2025,Samuel Rak-Sakyi,19.0,eng ENG,MF
12584,samuel saiz,11,2022-2023,Samuel Sáiz,31.0,es ESP,MF
12585,samuel umtiti,89,2022-2023,Samuel Umtiti,28.0,fr FRA,DF
12586,samuel umtiti,109,2023-2024,Samuel Umtiti,29.0,fr FRA,DF
12587,samuel umtiti,109,2024-2025,Samuel Umtiti,31.0,France,D
12588,samuel yepie yepie,116,2022-2023,Samuel Yépié Yépié,20.0,France,F
12589,samuele angori,81,2022-2023,Samuele Angori,18.0,it ITA,MF
12590,samuele angori,93,2025-2026,Samuele Angori,22.0,Italy,M
12591,samuele birindelli,90,2022-2023,Samuele Birindelli,23.0,it ITA,MF
12592,samuele birindelli,90,2023-2024,Samuele Birindelli,24.0,it ITA,"MF,DF"
12593,samuele birindelli,90,2024-2025,Samuele Birindelli,25.0,it ITA,MF
12594,samuele di benedetto,71,2023-2024,Samuele Di Benedetto,18.0,de GER,MF
12595,samuele mulattieri,97,2023-2024,Samuele Mulattieri,22.0,it ITA,FW
12596,samuele perisan,81,2022-2023,Samuele Perisan,24.0,it ITA,GK
12597,samuele perisan,81,2023-2024,Samuele Perisan,25.0,it ITA,GK
12598,samuele perisan,81,2024-2025,Samuele Perisan,26.0,it ITA,GK
12599,samuele ricci,75,2025-2026,Samuele Ricci,24.0,Italy,M
12600,samuele ricci,99,2022-2023,Samuele Ricci,20.0,it ITA,MF
12601,samuele ricci,99,2023-2024,Samuele Ricci,21.0,it ITA,MF
12602,samuele ricci,99,2024-2025,Samuele Ricci,22.0,it ITA,MF
12603,samuele vignato,90,2022-2023,Samuele Vignato,18.0,it ITA,MF
12604,samuele vignato,90,2023-2024,Samuele Vignato,19.0,it ITA,MF
12605,samuele vignato,90,2024-2025,Samuele Vignato,20.0,it ITA,MF
12606,samy chouchane,31,2023-2024,Samy Chouchane,19.0,tn TUN,MF
12607,samy chouchane,31,2024-2025,Samy Chouchane,21.0,Tunisia,M
12608,samy morsy,37,2024-2025,Samy Morsy,33.0,Egypt,M
12609,sana fernandes,88,2023-2024,Saná Fernandes,17.0,pt POR,MF
12610,sander berge,32,2023-2024,Sander Berge,25.0,no NOR,MF
12611,sander berge,36,2024-2025,Sander Berge,26.0,no NOR,MF
12612,sander berge,36,2025-2026,Sander Berge,27.0,Norway,M
12613,sander tangvik,60,2025-2026,Sander Tangvik,23.0,Norway,K
12614,sandi lovric,85,2025-2026,Sandi Lovrić,27.0,Slovenia,M
12615,sandi lovric,100,2022-2023,Sandi Lovric,24.0,si SVN,MF
12616,sandi lovric,100,2023-2024,Sandi Lovric,25.0,si SVN,MF
12617,sandi lovric,100,2024-2025,Sandi Lovric,26.0,si SVN,MF
12618,sandi lovric,100,2025-2026,Sandi Lovrić,27.0,Slovenia,M
12619,sandro kulenovic,99,2025-2026,Sandro Kulenović,26.0,Croatia,F
12620,sandro ramirez,13,2023-2024,Sandro Ramírez,28.0,es ESP,"FW,MF"
12621,sandro ramirez,13,2024-2025,Sandro Ramírez,29.0,es ESP,"MF,FW"
12622,sandro tonali,44,2023-2024,Sandro Tonali,23.0,it ITA,MF
12623,sandro tonali,44,2024-2025,Sandro Tonali,24.0,it ITA,MF
12624,sandro tonali,44,2025-2026,Sandro Tonali,25.0,Italy,M
12625,sandro tonali,75,2022-2023,Sandro Tonali,22.0,it ITA,MF
12626,sandro tonaliac,75,2022-2023,Sandro TonaliAC,,,
12627,sanjin prcic,123,2022-2023,Sanjin Prcic,28.0,ba BIH,MF
12628,sanjin prcic,123,2023-2024,Sanjin Prcic,29.0,ba BIH,MF
12629,sanoussy ba,68,2022-2023,Sanoussy Ba,18.0,de GER,FW
12630,santi cazorla,21,2025-2026,Santi Cazorla,41.0,Spain,M
12631,santi comesana,18,2022-2023,Santi Comesaña,25.0,es ESP,MF
12632,santi comesana,26,2023-2024,Santi Comesaña,26.0,es ESP,MF
12633,santi comesana,26,2024-2025,Santi Comesaña,27.0,es ESP,MF
12634,santi comesana,26,2025-2026,Santi Comesaña,29.0,Spain,M
12635,santi garcia,10,2023-2024,Santi García,,,
12636,santiago arzamendia,6,2022-2023,Santiago Arzamendia,24.0,py PAR,"DF,MF"
12637,santiago ascacibar,80,2022-2023,Santiago Ascacíbar,25.0,ar ARG,MF
12638,santiago bueno,11,2022-2023,Santiago Bueno,23.0,uy URU,DF
12639,santiago bueno,11,2023-2024,Santiago Bueno,24.0,uy URU,DF
12640,santiago bueno,51,2023-2024,Santiago Bueno,24.0,uy URU,DF
12641,santiago bueno,51,2024-2025,Santiago Bueno,25.0,uy URU,DF
12642,santiago bueno,51,2025-2026,Santiago Bueno,27.0,Uruguay,D
12643,santiago castro,77,2023-2024,Santiago Castro,18.0,ar ARG,FW
12644,santiago castro,77,2024-2025,Santiago Castro,19.0,ar ARG,FW
12645,santiago castro,77,2025-2026,Santiago Castro,21.0,Argentina,F
12646,santiago colombatto,21,2025-2026,Santiago Colombatto,29.0,Argentina,M
12647,santiago garcia,10,2022-2023,Santiago García,20.0,es ESP,MF
12648,santiago garcia,10,2023-2024,Santiago García,21.0,es ESP,MF
12649,santiago gimenez,75,2024-2025,Santiago Giménez,23.0,mx MEX,FW
12650,santiago gimenez,75,2025-2026,Santiago Gimenez,24.0,Mexico,F
12651,santiago gimenezac,75,2024-2025,Santiago GiménezAC,,,
12652,santiago hidalgo,124,2025-2026,Santiago Hidalgo,20.0,Argentina,F
12653,santiago mourino,1,2024-2025,Santiago Mouriño,22.0,uy URU,DF
12654,santiago mourino,26,2025-2026,Santiago Mouriño,23.0,Uruguay,D
12655,santiago pierotti,89,2023-2024,Santiago Pierotti,22.0,ar ARG,"FW,MF"
12656,santiago pierotti,89,2024-2025,Santiago Pierotti,23.0,ar ARG,"MF,FW"
12657,santiago pierotti,89,2025-2026,Santiago Pierotti,24.0,Argentina,F
12658,santos borre,58,2022-2023,Santos Borré,27.0,Colombia,F
12659,santos borre,73,2023-2024,Santos Borré,28.0,Colombia,F
12660,sardar azmoun,53,2022-2023,Sardar Azmoun,27.0,ir IRN,"FW,MF"
12661,sardar azmoun,94,2023-2024,Sardar Azmoun,28.0,ir IRN,"FW,MF"
12662,sargis adamyan,65,2022-2023,Sargis Adamyan,29.0,am ARM,FW
12663,sargis adamyan,65,2023-2024,Sargis Adamyan,30.0,am ARM,"FW,MF"
12664,sargis adamyanfc,65,2022-2023,Sargis AdamyanFC,,,
12665,sargis adamyanfc,65,2023-2024,Sargis AdamyanFC,,,
12666,sasa kalajdzic,51,2022-2023,Sasa Kalajdzic,25.0,at AUT,FW
12667,sasa kalajdzic,51,2023-2024,Sasa Kalajdzic,26.0,at AUT,FW
12668,sasa kalajdzic,51,2024-2025,Sasa Kalajdzic,27.0,Austria,F
12669,sasa kalajdzic,51,2025-2026,Sasa Kalajdzic,28.0,Austria,F
12670,sasa kalajdzic,58,2023-2024,Sasa Kalajdzic,26.0,at AUT,FW
12671,sasa kalajdzic,71,2022-2023,Sasa Kalajdzic,25.0,at AUT,FW
12672,sasa lukic,36,2022-2023,Sasa Lukic,25.0,rs SRB,MF
12673,sasa lukic,36,2023-2024,Sasa Lukic,26.0,rs SRB,MF
12674,sasa lukic,36,2024-2025,Sasa Lukic,27.0,rs SRB,MF
12675,sasa lukic,36,2025-2026,Saša Lukić,29.0,Serbia,M
12676,sasa lukic,99,2022-2023,Sasa Lukic,25.0,rs SRB,MF
12677,sascha britschgi,92,2025-2026,Sascha Britschgi,19.0,Switzerland,D
12678,sascha burchert,70,2024-2025,Sascha Burchert,35.0,Germany,K
12679,saud abdulhamid,94,2024-2025,Saud Abdulhamid,25.0,sa KSA,MF
12680,saud abdulhamid,108,2025-2026,Saud Abdulhamid,26.0,Saudi Arabia,D
12681,saul,4,2022-2023,Saúl,,,
12682,saul,4,2023-2024,Saúl,,,
12683,saul,24,2024-2025,Saúl,,,
12684,saul coco,13,2023-2024,Saúl Coco,24.0,gq EQG,DF
12685,saul coco,99,2024-2025,Saúl Coco,25.0,gq EQG,DF
12686,saul coco,99,2025-2026,Saúl Coco,26.0,Equatorial Guinea,D
12687,saul niguez,4,2022-2023,Saúl Ñíguez,27.0,es ESP,"MF,DF"
12688,saul niguez,4,2023-2024,Saúl Ñíguez,28.0,es ESP,MF
12689,saul niguez,4,2024-2025,Saúl Ñíguez,29.0,Spain,M
12690,saul niguez,24,2024-2025,Saúl Ñíguez,29.0,es ESP,MF
12691,savinho,11,2023-2024,Savinho,,,
12692,savinho,42,2024-2025,Savinho,,,
12693,savio,11,2023-2024,Sávio,19.0,br BRA,"MF,FW"
12694,savio,42,2024-2025,Sávio,20.0,br BRA,"MF,FW"
12695,savio,42,2025-2026,Sávio,21.0,Brazil,F
12696,scott banks,70,2024-2025,Scott Banks,22.0,sct SCO,MF
12697,scott carson,42,2022-2023,Scott Carson,36.0,eng ENG,GK
12698,scott carson,42,2023-2024,Scott Carson,37.0,eng ENG,GK
12699,scott carson,42,2024-2025,Scott Carson,38.0,eng ENG,GK
12700,scott mckenna,13,2024-2025,Scott McKenna,27.0,sct SCO,DF
12701,scott mckenna,45,2022-2023,Scott McKenna,25.0,sct SCO,DF
12702,scott mckenna,45,2023-2024,Scott McKenna,26.0,sct SCO,DF
12703,scott mctominay,43,2022-2023,Scott McTominay,25.0,sct SCO,MF
12704,scott mctominay,43,2023-2024,Scott McTominay,26.0,sct SCO,"MF,FW"
12705,scott mctominay,43,2024-2025,Scott McTominay,27.0,sct SCO,MF
12706,scott mctominay,91,2024-2025,Scott McTominay,27.0,sct SCO,MF
12707,scott mctominay,91,2025-2026,Scott McTominay,29.0,Scotland,M
12708,sead kolasinac,76,2023-2024,Sead Kolasinac,30.0,ba BIH,DF
12709,sead kolasinac,76,2024-2025,Sead Kolasinac,31.0,ba BIH,DF
12710,sead kolasinac,76,2025-2026,Sead Kolasinac,32.0,Bosnia-Herzegovina,D
12711,sead kolasinac,112,2022-2023,Sead Kolasinac,29.0,ba BIH,"DF,MF"
12712,seamus coleman,35,2022-2023,Séamus Coleman,33.0,ie IRL,"DF,MF"
12713,seamus coleman,35,2023-2024,Séamus Coleman,34.0,ie IRL,DF
12714,seamus coleman,35,2024-2025,Séamus Coleman,35.0,ie IRL,DF
12715,seamus coleman,35,2025-2026,Séamus Coleman,37.0,Ireland,D
12716,sean longstaff,38,2025-2026,Sean Longstaff,28.0,England,M
12717,sean longstaff,44,2022-2023,Sean Longstaff,24.0,eng ENG,MF
12718,sean longstaff,44,2023-2024,Sean Longstaff,25.0,eng ENG,MF
12719,sean longstaff,44,2024-2025,Sean Longstaff,26.0,eng ENG,MF
12720,sean mcallister,35,2022-2023,Sean McAllister,19.0,nir NIR,MF
12721,sean neave,44,2024-2025,Sean Neave,17.0,eng ENG,FW
12722,seb loeffen,97,2023-2024,Seb Loeffen,19.0,nl NED,DF
12723,seb revan,28,2022-2023,Seb Revan,19.0,eng ENG,"DF,MF"
12724,sebastiaan bornauw,38,2025-2026,Sebastiaan Bornauw,26.0,Belgium,D
12725,sebastiaan bornauw,74,2022-2023,Sebastiaan Bornauw,23.0,be BEL,DF
12726,sebastiaan bornauw,74,2023-2024,Sebastiaan Bornauw,24.0,be BEL,DF
12727,sebastiaan bornauw,74,2024-2025,Sebastiaan Bornauw,25.0,be BEL,DF
12728,sebastian andersson,65,2022-2023,Sebastian Andersson,31.0,Sweden,F
12729,sebastian boselli,10,2025-2026,Sebastián Boselli,22.0,Uruguay,D
12730,sebastian esposito,89,2023-2024,Sebastian Esposito,18.0,au AUS,DF
12731,sebastian esposito,89,2024-2025,Sebastian Esposito,19.0,au AUS,DF
12732,sebastian nanasi,123,2024-2025,Sebastian Nanasi,22.0,se SWE,"MF,FW"
12733,sebastian nanasi,123,2025-2026,Sebastian Nanasi,23.0,Sweden,M
12734,sebastian otoa,84,2024-2025,Sebastian Otoa,20.0,dk DEN,DF
12735,sebastian otoa,84,2025-2026,Sebastian Otoa,21.0,Denmark,D
12736,sebastian polter,57,2023-2024,Sebastian Polter,32.0,de GER,FW
12737,sebastian polter,69,2022-2023,Sebastian Polter,31.0,de GER,FW
12738,sebastian rode,58,2022-2023,Sebastian Rode,31.0,de GER,MF
12739,sebastian rode,58,2023-2024,Sebastian Rode,32.0,de GER,MF
12740,sebastian rudy,63,2022-2023,Sebastian Rudy,32.0,de GER,MF
12741,sebastian sebulonsen,65,2025-2026,Sebastian Sebulonsen,26.0,Norway,D
12742,sebastian szymanski,121,2025-2026,Sebastian Szymanski,26.0,Poland,F
12743,sebastian wade,16,2024-2025,Sebastian Wade,21.0,es ESP,DF
12744,sebastian wade,99,2022-2023,Sebastian Wade,19.0,es ESP,DF
12745,sebastian walukiewicz,81,2022-2023,Sebastian Walukiewicz,22.0,pl POL,DF
12746,sebastian walukiewicz,81,2023-2024,Sebastian Walukiewicz,23.0,pl POL,DF
12747,sebastian walukiewicz,81,2024-2025,Sebastian Walukiewicz,24.0,pl POL,DF
12748,sebastian walukiewicz,97,2025-2026,Sebastian Walukiewicz,25.0,Poland,D
12749,sebastian walukiewicz,99,2024-2025,Sebastian Walukiewicz,24.0,pl POL,DF
12750,sebastiano esposito,78,2025-2026,Sebastiano Esposito,23.0,Italy,F
12751,sebastiano esposito,81,2024-2025,Sebastiano Esposito,22.0,it ITA,"FW,MF"
12752,sebastiano luperto,78,2024-2025,Sebastiano Luperto,27.0,it ITA,DF
12753,sebastiano luperto,80,2025-2026,Sebastiano Luperto,29.0,Italy,D
12754,sebastiano luperto,81,2022-2023,Sebastiano Luperto,25.0,it ITA,DF
12755,sebastiano luperto,81,2023-2024,Sebastiano Luperto,26.0,it ITA,DF
12756,sebastien corchia,116,2022-2023,Sébastien Corchia,31.0,fr FRA,"DF,MF"
12757,sebastien haller,14,2024-2025,Sébastien Haller,30.0,ci CIV,FW
12758,sebastien haller,56,2022-2023,Sébastien Haller,28.0,ci CIV,FW
12759,sebastien haller,56,2023-2024,Sébastien Haller,29.0,ci CIV,FW
12760,sebastien haller,56,2024-2025,Sébastien Haller,30.0,ci CIV,FW
12761,seedy jarju,61,2023-2024,Seedy Jarju,18.0,gm GAM,DF
12762,seko fofana,108,2022-2023,Seko Fofana,27.0,ci CIV,MF
12763,seko fofana,121,2024-2025,Seko Fofana,29.0,ci CIV,MF
12764,seko fofana,121,2025-2026,Seko Fofana,30.0,Cote d'Ivoire,M
12765,sekou diawara,100,2023-2024,Sekou Diawara,19.0,be BEL,FW
12766,sekou doucoure,116,2024-2025,Sékou Doucouré,19.0,fr FRA,DF
12767,sekou doucoure,116,2025-2026,Sékou Doucouré,20.0,Mali,D
12768,sekou gassama,23,2022-2023,Sekou Gassama,27.0,sn SEN,FW
12769,sekou kone,43,2024-2025,Sekou Koné,18.0,ml MLI,MF
12770,sekou mara,47,2022-2023,Sékou Mara,20.0,fr FRA,FW
12771,sekou mara,104,2025-2026,Sékou Mara,23.0,France,F
12772,sekou mara,123,2024-2025,Sékou Mara,22.0,fr FRA,"FW,MF"
12773,selim amallah,23,2022-2023,Selim Amallah,25.0,ma MAR,"MF,FW"
12774,selim amallah,23,2024-2025,Selim Amallah,27.0,ma MAR,MF
12775,selim amallah,25,2023-2024,Selim Amallah,26.0,ma MAR,"MF,FW"
12776,selton sanchez,3,2025-2026,Selton Sánchez,18.0,Spain,M
12777,selu diallo,1,2023-2024,Selu Diallo,19.0,es ESP,MF
12778,selvi clua,11,2023-2024,Selvi Clua,,,
12779,selvi clua,11,2024-2025,Selvi Clua,,,
12780,semih klcsoy,78,2025-2026,Semih Kılıçsoy,20.0,Turkey,F
12781,semir telalovic,67,2022-2023,Semir Telalovic,22.0,de GER,FW
12782,semir telalovicborussia m.,67,2022-2023,Semir TelalovicBorussia M.,,,
12783,semuel pizzignacco,90,2024-2025,Semuel Pizzignacco,22.0,it ITA,GK
12784,senan mullen,99,2024-2025,Senan Mullen,19.0,ie IRL,MF
12785,senne lammens,43,2025-2026,Senne Lammens,23.0,Belgium,K
12786,senne lynen,73,2023-2024,Senne Lynen,24.0,be BEL,MF
12787,senne lynen,73,2024-2025,Senne Lynen,25.0,be BEL,MF
12788,senne lynen,73,2025-2026,Senne Lynen,26.0,Belgium,M
12789,senny mayulu,119,2023-2024,Senny Mayulu,17.0,fr FRA,"MF,FW"
12790,senny mayulu,119,2024-2025,Senny Mayulu,18.0,fr FRA,MF
12791,senny mayulu,119,2025-2026,Senny Mayulu,19.0,France,M
12792,seny koumbassa,124,2025-2026,Seny Koumbassa,18.0,France,D
12793,sepp van den berg,30,2024-2025,Sepp van den Berg,22.0,nl NED,DF
12794,sepp van den berg,30,2025-2026,Sepp van den Berg,24.0,Netherlands,D
12795,sepp van den berg,40,2022-2023,Sepp van den Berg,20.0,nl NED,"DF,MF"
12796,sepp van den berg,66,2023-2024,Sepp van den Berg,21.0,nl NED,DF
12797,sepp van den berg,69,2022-2023,Sepp van den Berg,20.0,nl NED,DF
12798,serge aurier,45,2022-2023,Sèrge Aurier,29.0,ci CIV,"DF,MF"
12799,serge aurier,45,2023-2024,Sèrge Aurier,30.0,ci CIV,"DF,MF"
12800,serge gnabry,54,2022-2023,Serge Gnabry,27.0,de GER,"MF,FW"
12801,serge gnabry,54,2023-2024,Serge Gnabry,28.0,de GER,MF
12802,serge gnabry,54,2024-2025,Serge Gnabry,29.0,de GER,"MF,FW"
12803,serge gnabry,54,2025-2026,Serge Gnabry,30.0,Germany,F
12804,sergej milinkovic-savic,88,2022-2023,Sergej Milinkovic-Savic,27.0,rs SRB,MF
12805,sergi,14,2024-2025,Sergi,32.0,es ESP,DF
12806,sergi altimira,19,2023-2024,Sergi Altimira,21.0,es ESP,MF
12807,sergi altimira,19,2024-2025,Sergi Altimira,22.0,es ESP,MF
12808,sergi altimira,19,2025-2026,Sergi Altimira,24.0,Spain,M
12809,sergi canos,25,2023-2024,Sergi Canós,26.0,es ESP,MF
12810,sergi canos,25,2024-2025,Sergi Canós,27.0,es ESP,MF
12811,sergi canos,30,2022-2023,Sergi Canós,25.0,es ESP,"FW,MF"
12812,sergi cardona,13,2023-2024,Sergi Cardona,24.0,es ESP,DF
12813,sergi cardona,26,2024-2025,Sergi Cardona,25.0,es ESP,DF
12814,sergi cardona,26,2025-2026,Sergi Cardona,26.0,Spain,D
12815,sergi darder,9,2022-2023,Sergi Darder,28.0,es ESP,MF
12816,sergi darder,16,2023-2024,Sergi Darder,29.0,es ESP,MF
12817,sergi darder,16,2024-2025,Sergi Darder,30.0,es ESP,MF
12818,sergi darder,16,2025-2026,Sergi Darder,32.0,Spain,M
12819,sergi dominguez,5,2024-2025,Sergi Domínguez,19.0,es ESP,DF
12820,sergi gomez,9,2022-2023,Sergi Gómez,30.0,es ESP,DF
12821,sergi gomez,9,2024-2025,Sergi Gómez,32.0,es ESP,DF
12822,sergi guardiola,6,2022-2023,Sergi Guardiola,31.0,es ESP,FW
12823,sergi guardiola,6,2023-2024,Sergi Guardiola,32.0,es ESP,FW
12824,sergi guardiola,18,2024-2025,Sergi Guardiola,33.0,es ESP,FW
12825,sergi guardiola,23,2022-2023,Sergi Guardiola,31.0,es ESP,FW
12826,sergi roberto,5,2022-2023,Sergi Roberto,30.0,es ESP,"DF,MF"
12827,sergi roberto,5,2023-2024,Sergi Roberto,31.0,es ESP,"MF,DF"
12828,sergi roberto,79,2024-2025,Sergi Roberto,32.0,es ESP,MF
12829,sergi roberto,79,2025-2026,Sergi Roberto,33.0,Spain,M
12830,sergino dest,5,2023-2024,Sergiño Dest,22.0,United States,D
12831,sergino dest,75,2022-2023,Sergiño Dest,21.0,us USA,DF
12832,sergino destac,75,2022-2023,Sergiño DestAC,,,
12833,sergio akieme,2,2022-2023,Sergio Akieme,24.0,es ESP,DF
12834,sergio akieme,2,2023-2024,Sergio Akieme,25.0,es ESP,"DF,MF"
12835,sergio akieme,120,2023-2024,Sergio Akieme,25.0,es ESP,"DF,MF"
12836,sergio akieme,120,2024-2025,Sergio Akieme,26.0,es ESP,DF
12837,sergio arribas,2,2023-2024,Sergio Arribas,21.0,es ESP,"MF,FW"
12838,sergio arribas,19,2024-2025,Sergio Arribas,21.0,es ESP,DF
12839,sergio arribas,20,2022-2023,Sergio Arribas,20.0,es ESP,MF
12840,sergio asenjo,23,2022-2023,Sergio Asenjo,33.0,es ESP,GK
12841,sergio busquets,5,2022-2023,Sergio Busquets,34.0,es ESP,MF
12842,sergio camello,18,2022-2023,Sergio Camello,21.0,es ESP,FW
12843,sergio camello,18,2023-2024,Sergio Camello,22.0,es ESP,FW
12844,sergio camello,18,2024-2025,Sergio Camello,23.0,es ESP,FW
12845,sergio camello,18,2025-2026,Sergio Camello,24.0,Spain,F
12846,sergio canales,19,2022-2023,Sergio Canales,31.0,es ESP,MF
12847,sergio carreira,7,2024-2025,Sergio Carreira,23.0,es ESP,MF
12848,sergio carreira,7,2025-2026,Sergio Carreira,25.0,Spain,D
12849,sergio carreira,26,2022-2023,Sergio Carreira,21.0,es ESP,"DF,MF"
12850,sergio cordova,52,2022-2023,Sergio Córdova,25.0,Venezuela,F
12851,sergio diez roldan,4,2022-2023,Sergio Diez Roldan,19.0,es ESP,DF
12852,sergio escudero,23,2022-2023,Sergio Escudero,32.0,es ESP,"DF,MF"
12853,sergio gimeno,10,2023-2024,Sergio Gimeno,22.0,es ESP,DF
12854,sergio gomez,22,2024-2025,Sergio Gómez,23.0,es ESP,MF
12855,sergio gomez,22,2025-2026,Sergio Gómez,25.0,Spain,D
12856,sergio gomez,42,2022-2023,Sergio Gómez,21.0,es ESP,"MF,FW"
12857,sergio gomez,42,2023-2024,Sergio Gómez,22.0,es ESP,"DF,MF"
12858,sergio gonzalez,14,2024-2025,Sergio González,32.0,Spain,D
12859,sergio herrera,17,2022-2023,Sergio Herrera,29.0,es ESP,GK
12860,sergio herrera,17,2023-2024,Sergio Herrera,30.0,es ESP,GK
12861,sergio herrera,17,2024-2025,Sergio Herrera,31.0,es ESP,GK
12862,sergio herrera,17,2025-2026,Sergio Herrera,32.0,Spain,K
12863,sergio kalaj,83,2023-2024,Sergio Kalaj,24.0,Albania,D
12864,sergio leon,23,2022-2023,Sergio León,33.0,es ESP,FW
12865,sergio lozano,18,2024-2025,Sergio Lozano,18.0,es ESP,DF
12866,sergio mestre,4,2022-2023,Sergio Mestre,17.0,es ESP,GK
12867,sergio mestre,4,2023-2024,Sergio Mestre,18.0,es ESP,GK
12868,sergio mestre,20,2024-2025,Sergio Mestre,19.0,es ESP,GK
12869,sergio ramos,24,2023-2024,Sergio Ramos,37.0,es ESP,DF
12870,sergio ramos,119,2022-2023,Sergio Ramos,36.0,es ESP,DF
12871,sergio reguilon,4,2022-2023,Sergio Reguilón,25.0,es ESP,DF
12872,sergio reguilon,30,2023-2024,Sergio Reguilón,26.0,es ESP,"MF,DF"
12873,sergio reguilon,43,2023-2024,Sergio Reguilón,26.0,es ESP,DF
12874,sergio reguilon,49,2024-2025,Sergio Reguilón,27.0,es ESP,DF
12875,sergio rico,119,2022-2023,Sergio Rico,29.0,Spain,K
12876,sergio rico,119,2023-2024,Sergio Rico,30.0,Spain,K
12877,sergio rodelas,12,2023-2024,Sergio Rodelas,18.0,es ESP,"MF,FW"
12878,sergio ruiz,12,2023-2024,Sergio Ruiz,28.0,es ESP,MF
12879,sergio ruiz,13,2024-2025,Sergio Ruiz,18.0,es ESP,FW
12880,sergio viera,13,2024-2025,Sergio Viera,19.0,es ESP,MF
12881,sergiu perciun,99,2024-2025,Sergiu Perciun,18.0,md MDA,MF
12882,sergiu perciun,99,2025-2026,Sergiu Perciun,19.0,Moldova,F
12883,serhou guirassy,56,2024-2025,Serhou Guirassy,28.0,gn GUI,FW
12884,serhou guirassy,56,2025-2026,Serhou Guirassy,29.0,Guinea,F
12885,serhou guirassy,71,2022-2023,Serhou Guirassy,26.0,gn GUI,FW
12886,serhou guirassy,71,2023-2024,Serhou Guirassy,27.0,gn GUI,FW
12887,serhou guirassy,121,2022-2023,Serhou Guirassy,26.0,gn GUI,FW
12888,serigne diop,105,2024-2025,Sérigné Diop,19.0,sn SEN,FW
12889,serigne faye,115,2022-2023,Sérigné Faye,,,
12890,seydou fini,84,2023-2024,Seydou Fini,17.0,it ITA,FW
12891,seydou fini,84,2024-2025,Seydou Fini,18.0,it ITA,FW
12892,seydou fini,84,2025-2026,Seydou Fini,19.0,Italy,F
12893,seydouba cisse,14,2024-2025,Seydouba Cissé,23.0,gn GUI,MF
12894,shafiq nandja,60,2025-2026,Shafiq Nandja,19.0,Germany,D
12895,shamar nicholson,106,2023-2024,Shamar Nicholson,26.0,jm JAM,FW
12896,shandon baptiste,30,2022-2023,Shandon Baptiste,24.0,gd GRN,MF
12897,shandon baptiste,30,2023-2024,Shandon Baptiste,25.0,gd GRN,MF
12898,shane duffy,36,2022-2023,Shane Duffy,30.0,ie IRL,"DF,MF"
12899,shavy babicka,124,2023-2024,Shavy Babicka,23.0,ga GAB,"MF,FW"
12900,shavy babicka,124,2024-2025,Shavy Babicka,24.0,ga GAB,MF
12901,shea charles,42,2022-2023,Shea Charles,18.0,nir NIR,"DF,MF"
12902,shea charles,47,2024-2025,Shea Charles,21.0,Northern Ireland,M
12903,sheraldo becker,17,2025-2026,Sheraldo Becker,30.0,Suriname,F
12904,sheraldo becker,22,2023-2024,Sheraldo Becker,28.0,sr SUR,"FW,MF"
12905,sheraldo becker,22,2024-2025,Sheraldo Becker,29.0,sr SUR,"MF,FW"
12906,sheraldo becker,66,2025-2026,Sheraldo Becker,30.0,Suriname,F
12907,sheraldo becker,72,2022-2023,Sheraldo Becker,27.0,sr SUR,FW
12908,sheraldo becker,72,2023-2024,Sheraldo Becker,28.0,sr SUR,"FW,MF"
12909,shio fukuda,67,2023-2024,Shiō Fukuda,19.0,jp JPN,FW
12910,shio fukuda,67,2024-2025,Shiō Fukuda,20.0,jp JPN,FW
12911,shio fukudaborussia m.,67,2023-2024,Shio FukudaBorussia M.,,,
12912,shio fukudaborussia m.,67,2024-2025,Shio FukudaBorussia M.,,,
12913,shola shoretire,43,2022-2023,Shola Shoretire,18.0,eng ENG,"FW,MF"
12914,shola shoretire,43,2023-2024,Shola Shoretire,20.0,England,F
12915,shon weissman,12,2023-2024,Shon Weissman,27.0,il ISR,FW
12916,shon weissman,23,2022-2023,Shon Weissman,26.0,il ISR,FW
12917,shon weissman,95,2023-2024,Shon Weissman,27.0,il ISR,FW
12918,shumaira mheuka,33,2024-2025,Shumaira Mheuka,16.0,eng ENG,FW
12919,shuto machino,64,2024-2025,Shuto Machino,24.0,jp JPN,"FW,MF"
12920,shuto machino,67,2025-2026,Shuto Machino,26.0,Japan,F
12921,sidi sane,69,2022-2023,Sidi Sané,19.0,de GER,MF
12922,sidiki cherif,103,2024-2025,Sidiki Cherif,17.0,fr FRA,FW
12923,sidney raebiger,58,2023-2024,Sidney Raebiger,18.0,Germany,M
12924,siebe van der heyden,16,2023-2024,Siebe Van der Heyden,25.0,be BEL,DF
12925,siebe van der heyden,16,2024-2025,Siebe Van der Heyden,26.0,be BEL,DF
12926,siebe van der heyden,70,2024-2025,Siebe Van der Heyden,26.0,be BEL,"DF,MF"
12927,sil swinkels,28,2022-2023,Sil Swinkels,18.0,nl NED,DF
12928,sil swinkels,28,2024-2025,Sil Swinkels,20.0,nl NED,DF
12929,sil swinkels,28,2025-2026,Sil Swinkels,21.0,Netherlands,D
12930,silas katompa,71,2022-2023,Silas Katompa,23.0,cd COD,"FW,MF"
12931,silas katompa,71,2023-2024,Silas Katompa,24.0,cd COD,MF
12932,silas katompa,71,2024-2025,Silas Katompa,25.0,cd COD,"FW,MF"
12933,silas katompa mvumpa,66,2025-2026,Silas Katompa Mvumpa,27.0,Democratic Republic of the Congo,F
12934,silas katompa mvumpa,71,2022-2023,Silas Katompa Mvumpa,24.0,Democratic Republic of the Congo,F
12935,silas katompa mvumpa,71,2023-2024,Silas Katompa Mvumpa,25.0,Democratic Republic of the Congo,F
12936,silas ostrzinski,56,2024-2025,Silas Ostrzinski,21.0,Germany,K
12937,silas ostrzinski,56,2025-2026,Silas Ostrzinski,22.0,Germany,K
12938,silko thomas,39,2024-2025,Silko Thomas,20.0,England,F
12939,silvan hefti,84,2023-2024,Silvan Hefti,25.0,ch SUI,MF
12940,silvan hefti,115,2023-2024,Silvan Hefti,25.0,ch SUI,"DF,MF"
12941,silvan widmer,66,2022-2023,Silvan Widmer,29.0,ch SUI,"MF,DF"
12942,silvan widmer,66,2023-2024,Silvan Widmer,30.0,ch SUI,"MF,DF"
12943,silvan widmer,66,2024-2025,Silvan Widmer,31.0,ch SUI,MF
12944,silvan widmer,66,2025-2026,Silvan Widmer,32.0,Switzerland,D
12945,silvano vos,75,2024-2025,Silvano Vos,19.0,nl NED,MF
12946,silvere ganvoula,55,2022-2023,Silvere Ganvoula,26.0,Congo,F
12947,silvere ganvoula,90,2024-2025,Silvere Ganvoula,28.0,Congo,F
12948,silvere ganvoula m'boussy,55,2022-2023,Silvère Ganvoula M'Boussy,26.0,cg CGO,FW
12949,silvere ganvoula m'boussy,90,2024-2025,Silvère Ganvoula M'Boussy,28.0,cg CGO,FW
12950,silvi clua,11,2023-2024,Silvi Clúa,18.0,es ESP,MF
12951,silvi clua,11,2024-2025,Silvi Clúa,19.0,es ESP,MF
12952,simeon nwankwo,95,2023-2024,Simeon Nwankwo,31.0,ng NGA,FW
12953,simeon rapsch,53,2024-2025,Simeon Rapsch,16.0,de GER,GK
12954,simo,9,2022-2023,Simo,17.0,es ESP,DF
12955,simo keddari,9,2022-2023,Simo Keddari,17.0,Spain,D
12956,simon adingra,31,2023-2024,Simon Adingra,21.0,ci CIV,MF
12957,simon adingra,31,2024-2025,Simon Adingra,22.0,ci CIV,MF
12958,simon adingra,48,2025-2026,Simon Adingra,24.0,Cote d'Ivoire,F
12959,simon adingra,114,2025-2026,Simon Adingra,24.0,Cote d'Ivoire,F
12960,simon cara,115,2024-2025,Simon Cara,19.0,fr FRA,FW
12961,simon ebonog,107,2023-2024,Simon Ebonog,18.0,cm CMR,MF
12962,simon ebonog,107,2025-2026,Simon Ebonog,21.0,France,M
12963,simon elisor,113,2023-2024,Simon Elisor,24.0,fr FRA,FW
12964,simon kjaer,75,2022-2023,Simon Kjaer,33.0,Denmark,D
12965,simon kjaer,75,2023-2024,Simon Kjaer,34.0,Denmark,D
12966,simon kjr,75,2022-2023,Simon Kjær,33.0,dk DEN,DF
12967,simon kjr,75,2023-2024,Simon Kjær,34.0,dk DEN,DF
12968,simon kjrac,75,2022-2023,Simon KjærAC,,,
12969,simon kjrac,75,2023-2024,Simon KjærAC,,,
12970,simon moore,48,2025-2026,Simon Moore,35.0,England,K
12971,simon ngapandouetnbu,112,2022-2023,Simon Ngapandouetnbu,19.0,Cameroon,K
12972,simon ngapandouetnbu,112,2023-2024,Simon Ngapandouetnbu,21.0,Cameroon,K
12973,simon ramet,109,2022-2023,Simon Ramet,19.0,fr FRA,MF
12974,simon simoni,58,2022-2023,Simon Simoni,18.0,Albania,K
12975,simon simoni,58,2023-2024,Simon Simoni,19.0,al ALB,GK
12976,simon sohm,77,2025-2026,Simon Sohm,24.0,Switzerland,M
12977,simon sohm,82,2025-2026,Simon Sohm,24.0,Switzerland,M
12978,simon sohm,92,2024-2025,Simon Sohm,23.0,ch SUI,MF
12979,simon spari,70,2025-2026,Simon Spari,23.0,Austria,K
12980,simon terodde,69,2022-2023,Simon Terodde,34.0,de GER,FW
12981,simon walde,67,2022-2023,Simon Walde,18.0,Germany,D
12982,simon walde,67,2023-2024,Simon Walde,18.0,de GER,DF
12983,simon zoller,55,2022-2023,Simon Zoller,31.0,de GER,"FW,MF"
12984,simon zoller,55,2023-2024,Simon Zoller,32.0,de GER,"FW,MF"
12985,simon zoller,70,2024-2025,Simon Zoller,33.0,Germany,F
12986,simone aresti,78,2023-2024,Simone Aresti,37.0,it ITA,GK
12987,simone bastoni,81,2023-2024,Simone Bastoni,26.0,it ITA,"MF,DF"
12988,simone bastoni,98,2022-2023,Simone Bastoni,25.0,it ITA,"MF,DF"
12989,simone calvani,84,2023-2024,Simone Calvani,18.0,it ITA,GK
12990,simone canestrelli,93,2025-2026,Simone Canestrelli,25.0,Italy,D
12991,simone edera,99,2022-2023,Simone Edera,25.0,it ITA,MF
12992,simone giorgeschi,98,2022-2023,Simone Giorgeschi,18.0,it ITA,DF
12993,simone muratore,76,2022-2023,Simone Muratore,24.0,Italy,M
12994,simone pafundi,100,2022-2023,Simone Pafundi,16.0,it ITA,FW
12995,simone pafundi,100,2023-2024,Simone Pafundi,17.0,it ITA,FW
12996,simone pafundi,100,2024-2025,Simone Pafundi,18.0,it ITA,FW
12997,simone perilli,85,2022-2023,Simone Perilli,27.0,it ITA,GK
12998,simone perilli,85,2023-2024,Simone Perilli,28.0,it ITA,GK
12999,simone perilli,85,2024-2025,Simone Perilli,29.0,it ITA,GK
13000,simone perilli,85,2025-2026,Simone Perilli,31.0,Italy,K
13001,simone romagnoli,83,2023-2024,Simone Romagnoli,33.0,it ITA,DF
13002,simone romagnoli,89,2022-2023,Simone Romagnoli,32.0,it ITA,DF
13003,simone scaglia,87,2022-2023,Simone Scaglia,18.0,it ITA,GK
13004,simone scaglia,87,2023-2024,Simone Scaglia,19.0,it ITA,GK
13005,simone scuffet,78,2023-2024,Simone Scuffet,27.0,it ITA,GK
13006,simone scuffet,78,2024-2025,Simone Scuffet,28.0,it ITA,GK
13007,simone scuffet,91,2024-2025,Simone Scuffet,28.0,it ITA,GK
13008,simone scuffet,93,2025-2026,Simone Scuffet,29.0,Italy,K
13009,simone trimboli,96,2022-2023,Simone Trimboli,20.0,it ITA,MF
13010,simone verdi,79,2024-2025,Simone Verdi,32.0,it ITA,"FW,MF"
13011,simone verdi,85,2022-2023,Simone Verdi,30.0,it ITA,"MF,FW"
13012,simone verdi,99,2023-2024,Simone Verdi,31.0,it ITA,"FW,MF"
13013,simy,95,2023-2024,Simy,31.0,Nigeria,F
13014,sinaly diomande,104,2024-2025,Sinaly Diomandé,23.0,ci CIV,DF
13015,sinaly diomande,104,2025-2026,Sinaly Diomandé,24.0,Cote d'Ivoire,D
13016,sinaly diomande,111,2022-2023,Sinaly Diomandé,21.0,ci CIV,DF
13017,sinaly diomande,111,2023-2024,Sinaly Diomandé,22.0,ci CIV,DF
13018,siren diao,76,2023-2024,Siren Diao,18.0,es ESP,FW
13019,siren diao,85,2023-2024,Siren Diao,18.0,es ESP,FW
13020,siriki dembele,29,2022-2023,Siriki Dembélé,25.0,ci CIV,"FW,MF"
13021,siriki dembele,104,2022-2023,Siriki Dembélé,25.0,ci CIV,MF
13022,sirine doucoure,110,2022-2023,Siriné Doucouré,20.0,ml MLI,FW
13023,sirine doucoure,110,2023-2024,Siriné Doucouré,21.0,ml MLI,FW
13024,sirlord conteh,61,2024-2025,Sirlord Conteh,28.0,de GER,"MF,FW"
13025,sirlord conteh,61,2025-2026,Sirlord Conteh,29.0,Germany,F
13026,sirlord contehfc,61,2024-2025,Sirlord ContehFC,,,
13027,sixtus ogbuehi,17,2024-2025,Sixtus Ogbuehi,21.0,ng NGA,FW
13028,skelly alvero,73,2023-2024,Skelly Alvero,21.0,fr FRA,MF
13029,skelly alvero,73,2024-2025,Skelly Alvero,22.0,fr FRA,MF
13030,skelly alvero,73,2025-2026,Skelly Alvero,23.0,France,M
13031,skelly alvero,111,2023-2024,Skelly Alvero,21.0,fr FRA,MF
13032,sofiane alakouch,118,2025-2026,Sofiane Alakouch,27.0,Morocco,D
13033,sofiane boufal,103,2022-2023,Sofiane Boufal,28.0,ma MAR,"MF,FW"
13034,sofiane boufal,107,2025-2026,Sofiane Boufal,32.0,Morocco,F
13035,sofiane diop,114,2022-2023,Sofiane Diop,22.0,ma MAR,MF
13036,sofiane diop,117,2022-2023,Sofiane Diop,22.0,ma MAR,"MF,FW"
13037,sofiane diop,117,2023-2024,Sofiane Diop,23.0,ma MAR,"FW,MF"
13038,sofiane diop,117,2024-2025,Sofiane Diop,24.0,ma MAR,"MF,FW"
13039,sofiane diop,117,2025-2026,Sofiane Diop,25.0,Morocco,F
13040,sofiane sidi ali,112,2023-2024,Sofiane Sidi Ali,28.0,fr FRA,FW
13041,sofyan amrabat,19,2025-2026,Sofyan Amrabat,29.0,Morocco,M
13042,sofyan amrabat,43,2023-2024,Sofyan Amrabat,26.0,ma MAR,"MF,DF"
13043,sofyan amrabat,82,2022-2023,Sofyan Amrabat,25.0,ma MAR,MF
13044,sofyan amrabat,82,2023-2024,Sofyan Amrabat,26.0,ma MAR,"DF,MF"
13045,sofyan amrabat,82,2024-2025,Sofyan Amrabat,27.0,ma MAR,MF
13046,soichiro kozuki,69,2022-2023,Soichiro Kozuki,21.0,jp JPN,MF
13047,sokratis,19,2023-2024,Sokratis,35.0,Greece,D
13048,sokratis papastathopoulos,19,2023-2024,Sokratis Papastathopoulos,35.0,gr GRE,DF
13049,solly march,31,2022-2023,Solly March,28.0,eng ENG,MF
13050,solly march,31,2023-2024,Solly March,29.0,eng ENG,"MF,DF"
13051,solly march,31,2024-2025,Solly March,30.0,eng ENG,MF
13052,solly march,31,2025-2026,Solly March,31.0,England,F
13053,somto boniface,37,2024-2025,Somto Boniface,18.0,eng ENG,DF
13054,son heung-min,49,2022-2023,Son Heung-Min,30.0,kr KOR,"MF,FW"
13055,son heung-min,49,2023-2024,Son Heung-Min,31.0,kr KOR,"FW,MF"
13056,son heung-min,49,2024-2025,Son Heung-Min,32.0,kr KOR,"FW,MF"
13057,sonny aljofree,43,2025-2026,Sonny Aljofree,20.0,England,D
13058,sonny perkins,38,2022-2023,Sonny Perkins,18.0,eng ENG,"FW,MF"
13059,sorba thomas,116,2024-2025,Sorba Thomas,24.0,wls WAL,"MF,DF"
13060,soren ahlers,70,2024-2025,Sören Ahlers,27.0,Germany,K
13061,sory kaba,13,2023-2024,Sory Kaba,28.0,gn GUI,FW
13062,sota kawasaki,66,2025-2026,Sota Kawasaki,24.0,Japan,M
13063,soualiho meite,80,2022-2023,Soualiho Meïté,28.0,fr FRA,MF
13064,soufiane bidaoui,83,2023-2024,Soufiane Bidaoui,33.0,ma MAR,"FW,MF"
13065,souleyman doumbia,103,2022-2023,Souleyman Doumbia,25.0,ci CIV,"DF,MF"
13066,souleymane cisse,106,2022-2023,Souleymane Cissé,19.0,fr FRA,DF
13067,souleymane isaak toure,100,2024-2025,Souleymane Isaak Touré,21.0,France,D
13068,souleymane isaak toure,104,2022-2023,Souleymane Isaak Touré,19.0,France,D
13069,souleymane isaak toure,110,2023-2024,Souleymane Isaak Touré,20.0,France,D
13070,souleymane isaak toure,110,2025-2026,Souleymane Isaak Touré,22.0,France,D
13071,souleymane toure,100,2024-2025,Souleymane Touré,21.0,fr FRA,DF
13072,souleymane toure,104,2022-2023,Souleymane Touré,19.0,fr FRA,DF
13073,souleymane toure,110,2023-2024,Souleymane Touré,20.0,fr FRA,DF
13074,souleymane toure,112,2022-2023,Souleymane Touré,19.0,fr FRA,DF
13075,soumaila coulibaly,56,2022-2023,Soumaïla Coulibaly,18.0,fr FRA,DF
13076,soumaila coulibaly,105,2024-2025,Soumaïla Coulibaly,20.0,fr FRA,DF
13077,soumaila coulibaly,105,2025-2026,Soumaïla Coulibaly,22.0,France,D
13078,soungoutou magassa,50,2025-2026,Soungoutou Magassa,22.0,France,M
13079,soungoutou magassa,114,2022-2023,Soungoutou Magassa,18.0,fr FRA,MF
13080,soungoutou magassa,114,2023-2024,Soungoutou Magassa,19.0,fr FRA,DF
13081,soungoutou magassa,114,2024-2025,Soungoutou Magassa,20.0,fr FRA,MF
13082,souza,49,2025-2026,Souza,19.0,Brazil,D
13083,spyridon angelidis,73,2023-2024,Spyridon Angelidis,18.0,gr GRE,GK
13084,sran babic,2,2022-2023,Srđan Babić,26.0,rs SRB,DF
13085,sran babic,2,2023-2024,Srđan Babić,27.0,rs SRB,DF
13086,srdjan babic,2,2022-2023,Srdjan Babic,26.0,Serbia,D
13087,srdjan babic,2,2023-2024,Srdjan Babic,,,
13088,stanis idumbo,24,2023-2024,Stanis Idumbo,18.0,be BEL,MF
13089,stanis idumbo,24,2024-2025,Stanis Idumbo,19.0,be BEL,MF
13090,stanis idumbo,114,2025-2026,Stanis Idumbo,20.0,Belgium,F
13091,stanislav lobotka,91,2022-2023,Stanislav Lobotka,27.0,sk SVK,MF
13092,stanislav lobotka,91,2023-2024,Stanislav Lobotka,28.0,sk SVK,MF
13093,stanislav lobotka,91,2024-2025,Stanislav Lobotka,29.0,sk SVK,MF
13094,stanislav lobotka,91,2025-2026,Stanislav Lobotka,31.0,Slovakia,M
13095,stanko juric,23,2024-2025,Stanko Juric,27.0,hr CRO,MF
13096,stanley mills,35,2022-2023,Stanley Mills,18.0,eng ENG,MF
13097,stanley n'soki,63,2022-2023,Stanley N'Soki,23.0,fr FRA,DF
13098,stanley n'soki,63,2023-2024,Stanley N'Soki,24.0,fr FRA,"DF,MF"
13099,stanley n'soki,63,2024-2025,Stanley N'Soki,25.0,fr FRA,DF
13100,stanley nsoki,63,2022-2023,Stanley Nsoki,23.0,France,D
13101,stanley nsoki,63,2023-2024,Stanley Nsoki,24.0,France,D
13102,stanley nsoki,63,2024-2025,Stanley Nsoki,25.0,France,D
13103,stanley nsoki,72,2025-2026,Stanley Nsoki,26.0,France,D
13104,stefan bajcetic,13,2024-2025,Stefan Bajcetic,19.0,es ESP,"MF,DF"
13105,stefan bajcetic,40,2022-2023,Stefan Bajcetic,17.0,es ESP,MF
13106,stefan bajcetic,40,2023-2024,Stefan Bajcetic,18.0,es ESP,MF
13107,stefan bajcetic,40,2024-2025,Stefan Bajcetic,20.0,Spain,M
13108,stefan bajcetic,40,2025-2026,Stefan Bajcetic,21.0,Spain,M
13109,stefan bajic,123,2025-2026,Stefan Bajic,24.0,France,K
13110,stefan bell,66,2022-2023,Stefan Bell,30.0,de GER,DF
13111,stefan bell,66,2023-2024,Stefan Bell,31.0,de GER,DF
13112,stefan bell,66,2024-2025,Stefan Bell,32.0,de GER,DF
13113,stefan bell,66,2025-2026,Stefan Bell,34.0,Germany,D
13114,stefan de vrij,86,2022-2023,Stefan de Vrij,30.0,nl NED,DF
13115,stefan de vrij,86,2023-2024,Stefan de Vrij,31.0,nl NED,DF
13116,stefan de vrij,86,2024-2025,Stefan de Vrij,32.0,nl NED,DF
13117,stefan de vrij,86,2025-2026,Stefan de Vrij,33.0,Netherlands,D
13118,stefan drljaca,71,2024-2025,Stefan Drljača,25.0,de GER,GK
13119,stefan drljaca,71,2025-2026,Stefan Drljaca,26.0,Germany,K
13120,stefan dzodic,115,2024-2025,Stefan Dzodic,19.0,rs SRB,DF
13121,stefan lainer,67,2022-2023,Stefan Lainer,29.0,at AUT,"DF,MF"
13122,stefan lainer,67,2023-2024,Stefan Lainer,30.0,at AUT,"MF,DF"
13123,stefan lainer,67,2024-2025,Stefan Lainer,31.0,at AUT,DF
13124,stefan lainerborussia m.,67,2022-2023,Stefan LainerBorussia M.,,,
13125,stefan lainerborussia m.,67,2023-2024,Stefan LainerBorussia M.,,,
13126,stefan lainerborussia m.,67,2024-2025,Stefan LainerBorussia M.,,,
13127,stefan lekovic,26,2023-2024,Stefan Lekovic,19.0,rs SRB,DF
13128,stefan lekovic,90,2024-2025,Stefan Lekovic,20.0,rs SRB,DF
13129,stefan mitrovic,10,2022-2023,Stefan Mitrovic,32.0,rs SRB,DF
13130,stefan mitrovic,10,2023-2024,Stefan Mitrovic,33.0,rs SRB,DF
13131,stefan mitrovic,85,2023-2024,Stefan Mitrovic,20.0,rs SRB,MF
13132,stefan mitrovic,85,2024-2025,Stefan Mitrović,21.0,rs SRB,MF
13133,stefan ortega,42,2022-2023,Stefan Ortega,29.0,de GER,GK
13134,stefan ortega,42,2023-2024,Stefan Ortega,30.0,de GER,GK
13135,stefan ortega,42,2024-2025,Stefan Ortega,31.0,de GER,GK
13136,stefan ortega moreno,42,2022-2023,Stefan Ortega Moreno,30.0,Germany,K
13137,stefan ortega moreno,42,2023-2024,Stefan Ortega Moreno,31.0,Germany,K
13138,stefan ortega moreno,42,2024-2025,Stefan Ortega Moreno,32.0,Germany,K
13139,stefan ortega moreno,45,2025-2026,Stefan Ortega Moreno,33.0,Germany,K
13140,stefan parkes,36,2022-2023,Stefan Parkes,18.0,eng ENG,DF
13141,stefan posch,63,2022-2023,Stefan Posch,25.0,at AUT,DF
13142,stefan posch,66,2025-2026,Stefan Posch,28.0,Austria,D
13143,stefan posch,76,2024-2025,Stefan Posch,27.0,at AUT,DF
13144,stefan posch,77,2022-2023,Stefan Posch,25.0,at AUT,DF
13145,stefan posch,77,2023-2024,Stefan Posch,26.0,at AUT,DF
13146,stefan posch,77,2024-2025,Stefan Posch,27.0,at AUT,DF
13147,stefan posch,79,2025-2026,Stefan Posch,28.0,Austria,D
13148,stefan radu,88,2022-2023,Stefan Radu,35.0,ro ROU,DF
13149,stefan savic,4,2022-2023,Stefan Savic,31.0,me MNE,DF
13150,stefan savic,4,2023-2024,Stefan Savic,32.0,me MNE,DF
13151,stefan schimmer,61,2023-2024,Stefan Schimmer,29.0,de GER,FW
13152,stefan schimmer,61,2024-2025,Stefan Schimmer,30.0,de GER,FW
13153,stefan schimmer,61,2025-2026,Stefan Schimmer,31.0,Germany,F
13154,stefan schimmerfc,61,2023-2024,Stefan SchimmerFC,,,
13155,stefan schimmerfc,61,2024-2025,Stefan SchimmerFC,,,
13156,stefan smarkalev,73,2025-2026,Stefan Smarkalev,18.0,Bulgaria,K
13157,stefano gori,90,2023-2024,Stefano Gori,27.0,it ITA,GK
13158,stefano moreo,93,2025-2026,Stefano Moreo,32.0,Italy,F
13159,stefano sabelli,84,2023-2024,Stefano Sabelli,30.0,it ITA,"MF,DF"
13160,stefano sabelli,84,2024-2025,Stefano Sabelli,31.0,it ITA,"DF,MF"
13161,stefano sabelli,84,2025-2026,Stefano Sabelli,33.0,Italy,D
13162,stefano sensi,86,2023-2024,Stefano Sensi,27.0,it ITA,MF
13163,stefano sensi,90,2022-2023,Stefano Sensi,26.0,it ITA,MF
13164,stefano sensi,90,2024-2025,Stefano Sensi,28.0,it ITA,MF
13165,stefano turati,83,2023-2024,Stefano Turati,21.0,it ITA,GK
13166,stefano turati,90,2024-2025,Stefano Turati,22.0,it ITA,GK
13167,stefano turati,97,2025-2026,Stefano Turati,24.0,Italy,K
13168,stefanos tzimas,31,2024-2025,Stefanos Tzimas,19.0,Greece,F
13169,stefanos tzimas,31,2025-2026,Stefanos Tzimas,20.0,Greece,F
13170,steffen tigges,65,2022-2023,Steffen Tigges,24.0,de GER,FW
13171,steffen tigges,65,2023-2024,Steffen Tigges,25.0,de GER,FW
13172,steffen tiggesfc,65,2022-2023,Steffen TiggesFC,,,
13173,steffen tiggesfc,65,2023-2024,Steffen TiggesFC,,,
13174,stephan el shaarawy,94,2022-2023,Stephan El Shaarawy,29.0,it ITA,MF
13175,stephan el shaarawy,94,2023-2024,Stephan El Shaarawy,30.0,it ITA,"FW,MF"
13176,stephan el shaarawy,94,2024-2025,Stephan El Shaarawy,31.0,it ITA,"MF,FW"
13177,stephan el shaarawy,94,2025-2026,Stephan El Shaarawy,33.0,Italy,F
13178,stephan zagadou,107,2025-2026,Stephan Zagadou,17.0,France,D
13179,stephane diarra,110,2022-2023,Stéphane Diarra,23.0,fr FRA,"MF,FW"
13180,stephen mfuni,42,2025-2026,Stephen Mfuni,18.0,England,D
13181,stephy mavididi,39,2024-2025,Stephy Mavididi,26.0,eng ENG,MF
13182,stephy mavididi,115,2022-2023,Stephy Mavididi,24.0,eng ENG,"MF,FW"
13183,stevan jovetic,62,2022-2023,Stevan Jovetic,32.0,me MNE,FW
13184,steve cook,45,2022-2023,Steve Cook,31.0,eng ENG,DF
13185,steve mandanda,121,2022-2023,Steve Mandanda,37.0,fr FRA,GK
13186,steve mandanda,121,2023-2024,Steve Mandanda,38.0,fr FRA,GK
13187,steve mandanda,121,2024-2025,Steve Mandanda,39.0,fr FRA,GK
13188,steve mounie,52,2024-2025,Steve Mounié,29.0,bj BEN,MF
13189,steve mounie,105,2022-2023,Steve Mounié,27.0,bj BEN,FW
13190,steve mounie,105,2023-2024,Steve Mounié,28.0,bj BEN,FW
13191,steve ngoura,107,2023-2024,Steve Ngoura,18.0,fr FRA,FW
13192,steve ngoura,107,2024-2025,Steve Ngoura,19.0,fr FRA,FW
13193,steven alzate,31,2022-2023,Steven Alzate,23.0,co COL,MF
13194,steven alzate,31,2023-2024,Steven Alzate,24.0,co COL,MF
13195,steven baseya,123,2023-2024,Steven Baseya,18.0,fr FRA,DF
13196,steven benda,36,2023-2024,Steven Benda,25.0,Germany,K
13197,steven benda,36,2024-2025,Steven Benda,25.0,de GER,GK
13198,steven fortes,108,2022-2023,Steven Fortès,30.0,cv CPV,DF
13199,steven shpendi,81,2023-2024,Steven Shpendi,20.0,al ALB,FW
13200,steven shpendi,81,2024-2025,Steven Shpendi,21.0,al ALB,FW
13201,steven skrzybski,64,2024-2025,Steven Skrzybski,31.0,de GER,"FW,MF"
13202,stijn spierings,108,2023-2024,Stijn Spierings,27.0,nl NED,MF
13203,stijn spierings,124,2022-2023,Stijn Spierings,26.0,nl NED,MF
13204,stijn spierings,124,2023-2024,Stijn Spierings,27.0,nl NED,MF
13205,stipe biuk,23,2024-2025,Stipe Biuk,21.0,hr CRO,"FW,MF"
13206,stiven shpendi,81,2023-2024,Stiven Shpendi,20.0,Albania,F
13207,stoichkov,1,2024-2025,Stoichkov,30.0,es ESP,"MF,FW"
13208,stole dimitrievski,18,2022-2023,Stole Dimitrievski,28.0,mk MKD,GK
13209,stole dimitrievski,18,2023-2024,Stole Dimitrievski,29.0,mk MKD,GK
13210,stole dimitrievski,25,2024-2025,Stole Dimitrievski,30.0,mk MKD,GK
13211,stole dimitrievski,25,2025-2026,Stole Dimitrievski,32.0,North Macedonia,K
13212,strahinja pavlovic,75,2024-2025,Strahinja Pavlović,23.0,rs SRB,DF
13213,strahinja pavlovic,75,2025-2026,Strahinja Pavlović,24.0,Serbia,D
13214,strahinja pavlovicac,75,2024-2025,Strahinja PavlovicAC,,,
13215,stredair appuah,116,2022-2023,Stredair Appuah,18.0,fr FRA,FW
13216,stredair appuah,116,2023-2024,Stredair Appuah,19.0,fr FRA,FW
13217,stuart armstrong,47,2022-2023,Stuart Armstrong,30.0,sct SCO,MF
13218,stuart dallas,38,2022-2023,Stuart Dallas,31.0,Northern Ireland,D
13219,suat serdar,62,2022-2023,Suat Serdar,25.0,de GER,MF
13220,suat serdar,85,2023-2024,Suat Serdar,26.0,de GER,MF
13221,suat serdar,85,2024-2025,Suat Serdar,27.0,de GER,MF
13222,suat serdar,85,2025-2026,Suat Serdar,28.0,Germany,M
13223,suf podgoreanu,98,2022-2023,Suf Podgoreanu,20.0,il ISR,MF
13224,suleman sani,68,2025-2026,Suleman Sani,19.0,Nigeria,F
13225,suso,24,2022-2023,Suso,28.0,es ESP,"MF,FW"
13226,suso,24,2023-2024,Suso,29.0,es ESP,MF
13227,suso,24,2024-2025,Suso,30.0,es ESP,"MF,FW"
13228,sven botman,44,2022-2023,Sven Botman,22.0,nl NED,DF
13229,sven botman,44,2023-2024,Sven Botman,23.0,nl NED,DF
13230,sven botman,44,2024-2025,Sven Botman,24.0,nl NED,DF
13231,sven botman,44,2025-2026,Sven Botman,26.0,Netherlands,D
13232,sven lesjak,79,2024-2025,Sven Lesjak,17.0,hr CRO,MF
13233,sven michel,52,2023-2024,Sven Michel,33.0,de GER,"FW,MF"
13234,sven michel,72,2022-2023,Sven Michel,32.0,de GER,FW
13235,sven ulreich,54,2022-2023,Sven Ulreich,33.0,de GER,GK
13236,sven ulreich,54,2023-2024,Sven Ulreich,34.0,de GER,GK
13237,sven ulreich,54,2024-2025,Sven Ulreich,35.0,de GER,GK
13238,sven ulreich,54,2025-2026,Sven Ulreich,37.0,Germany,K
13239,sverre nypan,42,2025-2026,Sverre Nypan,19.0,Norway,M
13240,sydie peck,46,2023-2024,Sydie Peck,18.0,eng ENG,MF
13241,sydney van hooijdonk,77,2023-2024,Sydney van Hooijdonk,23.0,nl NED,FW
13242,szymon zurkowski,81,2023-2024,Szymon Zurkowski,25.0,pl POL,MF
13243,szymon zurkowski,81,2024-2025,Szymon Zurkowski,26.0,pl POL,MF
13244,szymon zurkowski,82,2022-2023,Szymon Zurkowski,24.0,pl POL,MF
13245,szymon zurkowski,98,2022-2023,Szymon Zurkowski,24.0,pl POL,MF
13246,tadeo allende,7,2023-2024,Tadeo Allende,24.0,ar ARG,MF
13247,tadeo allende,7,2024-2025,Tadeo Allende,25.0,ar ARG,MF
13248,tahith chong,41,2023-2024,Tahith Chong,23.0,cw CUW,"MF,FW"
13249,taichi fukui,54,2023-2024,Taichi Fukui,19.0,jp JPN,MF
13250,taichi hara,70,2025-2026,Taichi Hara,26.0,Japan,F
13251,tairyk arconte,105,2022-2023,Taïryk Arconte,18.0,fr FRA,FW
13252,taiwo awoniyi,45,2022-2023,Taiwo Awoniyi,24.0,ng NGA,FW
13253,taiwo awoniyi,45,2023-2024,Taiwo Awoniyi,25.0,ng NGA,FW
13254,taiwo awoniyi,45,2024-2025,Taiwo Awoniyi,26.0,ng NGA,FW
13255,taiwo awoniyi,45,2025-2026,Taiwo Awoniyi,28.0,Nigeria,F
13256,tajon buchanan,26,2024-2025,Tajon Buchanan,25.0,ca CAN,MF
13257,tajon buchanan,26,2025-2026,Tajon Buchanan,26.0,Canada,F
13258,tajon buchanan,86,2023-2024,Tajon Buchanan,24.0,ca CAN,"DF,MF"
13259,tajon buchanan,86,2024-2025,Tajon Buchanan,25.0,ca CAN,"DF,MF"
13260,takefusa kubo,22,2022-2023,Takefusa Kubo,21.0,jp JPN,"FW,MF"
13261,takefusa kubo,22,2023-2024,Takefusa Kubo,22.0,jp JPN,"FW,MF"
13262,takefusa kubo,22,2024-2025,Takefusa Kubo,23.0,jp JPN,"MF,FW"
13263,takefusa kubo,22,2025-2026,Takefusa Kubo,24.0,Japan,F
13264,takehiro tomiyasu,27,2022-2023,Takehiro Tomiyasu,23.0,jp JPN,DF
13265,takehiro tomiyasu,27,2023-2024,Takehiro Tomiyasu,24.0,jp JPN,DF
13266,takehiro tomiyasu,27,2024-2025,Takehiro Tomiyasu,25.0,jp JPN,DF
13267,takuma asano,16,2024-2025,Takuma Asano,29.0,jp JPN,"MF,FW"
13268,takuma asano,16,2025-2026,Takuma Asano,31.0,Japan,F
13269,takuma asano,55,2022-2023,Takuma Asano,27.0,jp JPN,"MF,FW"
13270,takuma asano,55,2023-2024,Takuma Asano,28.0,jp JPN,"FW,MF"
13271,takumi minamino,114,2022-2023,Takumi Minamino,27.0,jp JPN,"MF,FW"
13272,takumi minamino,114,2023-2024,Takumi Minamino,28.0,jp JPN,MF
13273,takumi minamino,114,2024-2025,Takumi Minamino,29.0,jp JPN,MF
13274,takumi minamino,114,2025-2026,Takumi Minamino,31.0,Japan,F
13275,tamas nikitscher,23,2024-2025,Tamás Nikitscher,24.0,hu HUN,"MF,DF"
13276,tammy abraham,28,2025-2026,Tammy Abraham,28.0,England,F
13277,tammy abraham,75,2024-2025,Tammy Abraham,26.0,eng ENG,FW
13278,tammy abraham,94,2022-2023,Tammy Abraham,24.0,eng ENG,FW
13279,tammy abraham,94,2023-2024,Tammy Abraham,25.0,eng ENG,FW
13280,tammy abraham,94,2024-2025,Tammy Abraham,26.0,eng ENG,FW
13281,tammy abrahamac,75,2024-2025,Tammy AbrahamAC,,,
13282,tanguy coulibaly,71,2022-2023,Tanguy Coulibaly,21.0,fr FRA,MF
13283,tanguy coulibaly,115,2023-2024,Tanguy Coulibaly,22.0,fr FRA,"MF,FW"
13284,tanguy coulibaly,115,2024-2025,Tanguy Coulibaly,23.0,fr FRA,"MF,FW"
13285,tanguy ndombele,91,2022-2023,Tanguy Ndombélé,25.0,fr FRA,MF
13286,tanguy ndombele,117,2024-2025,Tanguy Ndombélé,27.0,fr FRA,MF
13287,tanguy ndombele,117,2025-2026,Tanguy Ndombélé,29.0,France,M
13288,tanguy nianzou,24,2022-2023,Tanguy Nianzou,20.0,fr FRA,DF
13289,tanguy nianzou,24,2023-2024,Tanguy Nianzou,21.0,fr FRA,DF
13290,tanguy nianzou,24,2024-2025,Tanguy Nianzou,22.0,fr FRA,DF
13291,tanguy nianzou,24,2025-2026,Tanguy Nianzou,23.0,France,D
13292,tanguy nianzou,54,2022-2023,Tanguy Nianzou,20.0,fr FRA,DF
13293,tanguy zoukrou,125,2022-2023,Tanguy Zoukrou,19.0,fr FRA,DF
13294,tani oluwaseyi,26,2025-2026,Tani Oluwaseyi,25.0,Canada,F
13295,tanner tessmann,111,2024-2025,Tanner Tessmann,22.0,us USA,MF
13296,tanner tessmann,111,2025-2026,Tanner Tessmann,24.0,United States,M
13297,tarek buchmann,54,2023-2024,Tarek Buchmann,18.0,Germany,D
13298,tarek buchmann,54,2024-2025,Tarek Buchmann,19.0,Germany,D
13299,tarik muharemovic,97,2025-2026,Tarik Muharemović,22.0,Bosnia-Herzegovina,D
13300,tariq lamptey,31,2022-2023,Tariq Lamptey,21.0,gh GHA,"DF,MF"
13301,tariq lamptey,31,2023-2024,Tariq Lamptey,22.0,gh GHA,"DF,MF"
13302,tariq lamptey,31,2024-2025,Tariq Lamptey,23.0,gh GHA,"DF,MF"
13303,tariq lamptey,82,2025-2026,Tariq Lamptey,25.0,Ghana,D
13304,tarsis bonga,55,2022-2023,Tarsis Bonga,25.0,de GER,"FW,MF"
13305,tasos douvikas,7,2023-2024,Tasos Douvikas,,,
13306,tasos douvikas,7,2024-2025,Tasos Douvikas,,,
13307,tasos douvikas,79,2024-2025,Tasos Douvikas,,,
13308,tawanda chirewa,51,2023-2024,Tawanda Chirewa,19.0,zw ZIM,FW
13309,tawanda chirewa,51,2024-2025,Tawanda Chirewa,20.0,zw ZIM,MF
13310,tawanda chirewa,51,2025-2026,Tawanda Chirewa,22.0,Zimbabwe,F
13311,tay abed,15,2025-2026,Tay Abed,21.0,Israel,F
13312,taylan harris,41,2023-2024,Taylan Harris,17.0,eng ENG,FW
13313,taylor harwood-bellis,47,2024-2025,Taylor Harwood-Bellis,22.0,eng ENG,DF
13314,tayo adaramola,34,2022-2023,Tayo Adaramola,18.0,ie IRL,"DF,MF"
13315,tayo adaramola,34,2023-2024,Tayo Adaramola,19.0,ie IRL,"DF,MF"
13316,tayo adaramola,34,2024-2025,Tayo Adaramola,21.0,Ireland,D
13317,tayo adaramola,34,2025-2026,Tayo Adaramola,21.0,Ireland,D
13318,ted curd,33,2023-2024,Ted Curd,17.0,eng ENG,GK
13319,teddy bartouche,110,2022-2023,Teddy Bartouche,25.0,France,K
13320,teddy boulhendi,117,2022-2023,Teddy Boulhendi,21.0,Algeria,K
13321,teddy boulhendi,117,2023-2024,Teddy Boulhendi,22.0,Algeria,K
13322,teddy boulhendi,117,2024-2025,Teddy Boulhendi,23.0,Algeria,K
13323,teddy sharman,33,2023-2024,Teddy Sharman,20.0,eng ENG,GK
13324,teddy sharman-lowe,33,2024-2025,Teddy Sharman-Lowe,21.0,England,K
13325,teddy sharman-lowe,33,2025-2026,Teddy Sharman-Lowe,22.0,England,K
13326,teddy teuma,120,2023-2024,Teddy Teuma,29.0,mt MLT,MF
13327,teddy teuma,120,2024-2025,Teddy Teuma,30.0,mt MLT,MF
13328,teden mengi,41,2023-2024,Teden Mengi,21.0,eng ENG,DF
13329,teji savanier,115,2022-2023,Téji Savanier,30.0,fr FRA,MF
13330,teji savanier,115,2023-2024,Téji Savanier,31.0,fr FRA,MF
13331,teji savanier,115,2024-2025,Téji Savanier,32.0,fr FRA,MF
13332,telasco segovia,96,2022-2023,Telasco Segovia,19.0,ve VEN,MF
13333,telli siwe,104,2025-2026,Telli Siwe,21.0,France,D
13334,temple ojinnaka,51,2023-2024,Temple Ojinnaka,18.0,it ITA,MF
13335,temple ojinnaka,51,2025-2026,Temple Ojinnaka,21.0,Italy,D
13336,teo barisic,111,2024-2025,Téo Barisic,19.0,hr CRO,DF
13337,terem moffi,110,2022-2023,Terem Moffi,23.0,ng NGA,FW
13338,terem moffi,117,2022-2023,Terem Moffi,23.0,ng NGA,FW
13339,terem moffi,117,2023-2024,Terem Moffi,24.0,ng NGA,FW
13340,terem moffi,117,2024-2025,Terem Moffi,25.0,ng NGA,FW
13341,terry ablade,36,2022-2023,Terry Ablade,20.0,fi FIN,FW
13342,terry yegbe,113,2025-2026,Terry Yegbe,25.0,Ghana,D
13343,tete,39,2022-2023,Tetê,22.0,br BRA,"MF,FW"
13344,tete,111,2022-2023,Tetê,22.0,br BRA,"FW,MF"
13345,tete morente,8,2022-2023,Tete Morente,25.0,es ESP,"MF,FW"
13346,tete morente,8,2025-2026,Tete Morente,29.0,Spain,F
13347,tete morente,89,2024-2025,Tete Morente,27.0,es ESP,"MF,FW"
13348,teun koopmeiners,76,2022-2023,Teun Koopmeiners,24.0,nl NED,MF
13349,teun koopmeiners,76,2023-2024,Teun Koopmeiners,25.0,nl NED,MF
13350,teun koopmeiners,87,2024-2025,Teun Koopmeiners,26.0,nl NED,MF
13351,teun koopmeiners,87,2025-2026,Teun Koopmeiners,27.0,Netherlands,F
13352,theo bair,104,2024-2025,Theo Bair,24.0,ca CAN,FW
13353,theo bongonda,6,2022-2023,Théo Bongonda,26.0,cd COD,MF
13354,theo borne,103,2022-2023,Théo Borne,20.0,France,K
13355,theo borne,106,2023-2024,Théo Borne,21.0,France,K
13356,theo chennahi,115,2024-2025,Théo Chennahi,19.0,fr FRA,DF
13357,theo corbeanu,12,2023-2024,Theo Corbeanu,21.0,ca CAN,MF
13358,theo de percin,104,2022-2023,Théo De Percin,21.0,France,K
13359,theo de percin,104,2024-2025,Théo De Percin,23.0,mq MTQ,GK
13360,theo de percin,104,2025-2026,Théo De Percin,25.0,France,K
13361,theo hernandez,75,2022-2023,Theo Hernández,24.0,fr FRA,"DF,MF"
13362,theo hernandez,75,2023-2024,Theo Hernández,25.0,fr FRA,DF
13363,theo hernandez,75,2024-2025,Theo Hernández,26.0,fr FRA,"DF,MF"
13364,theo hernandezac,75,2022-2023,Theo HernándezAC,,,
13365,theo hernandezac,75,2023-2024,Theo HernándezAC,,,
13366,theo hernandezac,75,2024-2025,Theo HernándezAC,,,
13367,theo le bris,110,2022-2023,Théo Le Bris,19.0,fr FRA,"MF,DF"
13368,theo le bris,110,2023-2024,Théo Le Bris,20.0,fr FRA,MF
13369,theo le bris,110,2025-2026,Théo Le Bris,23.0,France,M
13370,theo pellenard,104,2022-2023,Théo Pellenard,28.0,fr FRA,DF
13371,theo pellenard,104,2024-2025,Théo Pellenard,30.0,fr FRA,DF
13372,theo sainte-luce,115,2022-2023,Théo Sainte-Luce,23.0,fr FRA,DF
13373,theo sainte-luce,115,2023-2024,Théo Sainte-Luce,24.0,fr FRA,DF
13374,theo sainte-luce,115,2024-2025,Théo Sainte-Luce,25.0,fr FRA,DF
13375,theo trinker,117,2022-2023,Théo Trinker,21.0,fr FRA,MF
13376,theo vermot,112,2025-2026,Théo Vermot,29.0,France,K
13377,theo walcott,47,2022-2023,Theo Walcott,33.0,eng ENG,"MF,FW"
13378,theo zidane,20,2023-2024,Theo Zidane,21.0,fr FRA,MF
13379,theocharis tsingaras,124,2022-2023,Theocharis Tsingaras,21.0,gr GRE,MF
13380,therence koudou,120,2023-2024,Thérence Koudou,18.0,fr FRA,DF
13381,thiago,40,2022-2023,Thiago,31.0,Spain,M
13382,thiago,40,2023-2024,Thiago,32.0,Spain,M
13383,thiago alcantara,40,2022-2023,Thiago Alcântara,31.0,es ESP,MF
13384,thiago alcantara,40,2023-2024,Thiago Alcântara,32.0,es ESP,MF
13385,thiago almada,4,2025-2026,Thiago Almada,24.0,Argentina,F
13386,thiago almada,111,2024-2025,Thiago Almada,23.0,ar ARG,MF
13387,thiago borbas,21,2025-2026,Thiago Borbas,23.0,Uruguay,F
13388,thiago fernandez,21,2025-2026,Thiago Fernández,21.0,Argentina,F
13389,thiago mendes,111,2022-2023,Thiago Mendes,30.0,br BRA,"MF,DF"
13390,thiago ojeda,26,2024-2025,Thiago Ojeda,21.0,ar ARG,MF
13391,thiago silva,33,2022-2023,Thiago Silva,37.0,br BRA,DF
13392,thiago silva,33,2023-2024,Thiago Silva,38.0,br BRA,DF
13393,thibault de smet,118,2025-2026,Thibault De Smet,27.0,Belgium,D
13394,thibault de smet,120,2022-2023,Thibault De Smet,24.0,be BEL,DF
13395,thibault de smet,120,2023-2024,Thibault De Smet,25.0,be BEL,"DF,MF"
13396,thibault de smet,120,2024-2025,Thibault De Smet,26.0,be BEL,DF
13397,thibault tamas,115,2022-2023,Thibault Tamas,21.0,fr FRA,DF
13398,thibaut courtois,20,2022-2023,Thibaut Courtois,30.0,be BEL,GK
13399,thibaut courtois,20,2023-2024,Thibaut Courtois,31.0,be BEL,GK
13400,thibaut courtois,20,2024-2025,Thibaut Courtois,32.0,be BEL,GK
13401,thibaut courtois,20,2025-2026,Thibaut Courtois,33.0,Belgium,K
13402,thierno balde,125,2022-2023,Thierno Baldé,20.0,fr FRA,"MF,DF"
13403,thierno barry,26,2024-2025,Thierno Barry,21.0,fr FRA,FW
13404,thierno barry,35,2025-2026,Thierno Barry,23.0,France,F
13405,thierry correia,25,2022-2023,Thierry Correia,23.0,pt POR,DF
13406,thierry correia,25,2023-2024,Thierry Correia,24.0,pt POR,DF
13407,thierry correia,25,2024-2025,Thierry Correia,25.0,pt POR,DF
13408,thierry correia,25,2025-2026,Thierry Correia,26.0,Portugal,D
13409,thijs dallinga,77,2024-2025,Thijs Dallinga,23.0,nl NED,FW
13410,thijs dallinga,77,2025-2026,Thijs Dallinga,25.0,Netherlands,F
13411,thijs dallinga,124,2022-2023,Thijs Dallinga,21.0,nl NED,FW
13412,thijs dallinga,124,2023-2024,Thijs Dallinga,22.0,nl NED,FW
13413,thilo kehrer,50,2022-2023,Thilo Kehrer,25.0,de GER,DF
13414,thilo kehrer,50,2023-2024,Thilo Kehrer,26.0,de GER,DF
13415,thilo kehrer,114,2023-2024,Thilo Kehrer,26.0,de GER,DF
13416,thilo kehrer,114,2024-2025,Thilo Kehrer,27.0,de GER,DF
13417,thilo kehrer,114,2025-2026,Thilo Kehrer,29.0,Germany,D
13418,thomas berenbruch,86,2024-2025,Thomas Berenbruch,19.0,it ITA,MF
13419,thomas campaniello,81,2024-2025,Thomas Campaniello,16.0,it ITA,FW
13420,thomas cannon,35,2022-2023,Thomas Cannon,19.0,ie IRL,FW
13421,thomas cannon,35,2023-2024,Thomas Cannon,20.0,ie IRL,FW
13422,thomas cannon,39,2024-2025,Thomas Cannon,21.0,ie IRL,FW
13423,thomas dahne,64,2024-2025,Thomas Dähne,30.0,de GER,GK
13424,thomas delaine,123,2022-2023,Thomas Delaine,30.0,fr FRA,MF
13425,thomas delaine,123,2023-2024,Thomas Delaine,31.0,fr FRA,"MF,DF"
13426,thomas delaine,123,2024-2025,Thomas Delaine,32.0,fr FRA,"DF,MF"
13427,thomas delaney,24,2022-2023,Thomas Delaney,30.0,dk DEN,MF
13428,thomas delaney,63,2022-2023,Thomas Delaney,30.0,dk DEN,MF
13429,thomas didillon,114,2022-2023,Thomas Didillon,27.0,France,K
13430,thomas foket,120,2022-2023,Thomas Foket,27.0,be BEL,DF
13431,thomas foket,120,2023-2024,Thomas Foket,28.0,be BEL,"DF,MF"
13432,thomas henry,85,2022-2023,Thomas Henry,27.0,fr FRA,FW
13433,thomas henry,85,2023-2024,Thomas Henry,28.0,fr FRA,FW
13434,thomas himeur,124,2022-2023,Thomas Himeur,22.0,France,K
13435,thomas himeur,124,2023-2024,Thomas Himeur,23.0,France,K
13436,thomas isherwood,57,2023-2024,Thomas Isherwood,25.0,se SWE,DF
13437,thomas kaminski,41,2023-2024,Thomas Kaminski,30.0,be BEL,GK
13438,thomas kastanaras,71,2022-2023,Thomas Kastanaras,19.0,gr GRE,MF
13439,thomas kastanaras,71,2023-2024,Thomas Kastanaras,20.0,gr GRE,FW
13440,thomas kastanaras,71,2024-2025,Thomas Kastanaras,22.0,Germany,F
13441,thomas keller,61,2023-2024,Thomas Keller,23.0,de GER,"DF,MF"
13442,thomas keller,61,2024-2025,Thomas Keller,24.0,de GER,"MF,DF"
13443,thomas keller,61,2025-2026,Thomas Keller,26.0,Germany,D
13444,thomas kellerfc,61,2023-2024,Thomas KellerFC,,,
13445,thomas kellerfc,61,2024-2025,Thomas KellerFC,,,
13446,thomas kristensen,100,2023-2024,Thomas Kristensen,21.0,dk DEN,DF
13447,thomas kristensen,100,2024-2025,Thomas Kristensen,22.0,dk DEN,DF
13448,thomas kristensen,100,2025-2026,Thomas Kristensen,24.0,Denmark,D
13449,thomas lemar,4,2022-2023,Thomas Lemar,26.0,fr FRA,MF
13450,thomas lemar,4,2023-2024,Thomas Lemar,27.0,fr FRA,MF
13451,thomas lemar,4,2024-2025,Thomas Lemar,28.0,fr FRA,MF
13452,thomas lemar,4,2025-2026,Thomas Lemar,29.0,France,F
13453,thomas lemar,11,2025-2026,Thomas Lemar,30.0,France,F
13454,thomas mangani,102,2022-2023,Thomas Mangani,35.0,fr FRA,MF
13455,thomas manganiac,102,2022-2023,Thomas ManganiAC,,,
13456,thomas meunier,56,2022-2023,Thomas Meunier,30.0,be BEL,"DF,MF"
13457,thomas meunier,56,2023-2024,Thomas Meunier,31.0,be BEL,DF
13458,thomas meunier,109,2024-2025,Thomas Meunier,32.0,be BEL,DF
13459,thomas meunier,109,2025-2026,Thomas Meunier,34.0,Belgium,D
13460,thomas muller,54,2022-2023,Thomas Müller,32.0,de GER,"MF,FW"
13461,thomas muller,54,2023-2024,Thomas Müller,33.0,de GER,MF
13462,thomas muller,54,2024-2025,Thomas Müller,34.0,de GER,"MF,FW"
13463,thomas ouwejan,69,2022-2023,Thomas Ouwejan,25.0,nl NED,"DF,MF"
13464,thomas partey,26,2025-2026,Thomas Partey,32.0,Ghana,M
13465,thomas partey,27,2022-2023,Thomas Partey,29.0,gh GHA,MF
13466,thomas partey,27,2023-2024,Thomas Partey,30.0,gh GHA,"MF,DF"
13467,thomas partey,27,2024-2025,Thomas Partey,31.0,gh GHA,"MF,DF"
13468,thomas strakosha,30,2022-2023,Thomas Strakosha,27.0,al ALB,GK
13469,thomas strakosha,30,2023-2024,Thomas Strakosha,28.0,al ALB,GK
13470,thomas wilson-brown,39,2024-2025,Thomas Wilson-Brown,19.0,eng ENG,DF
13471,thorgan hazard,56,2022-2023,Thorgan Hazard,29.0,be BEL,"MF,DF"
13472,thorgan hazard,56,2023-2024,Thorgan Hazard,30.0,be BEL,"FW,MF"
13473,thorir helgason,89,2022-2023,Thórir Helgason,,,
13474,thorir helgason,89,2024-2025,Thórir Helgason,,,
13475,thorir johann helgason,89,2022-2023,Thórir Jóhann Helgason,22.0,Iceland,M
13476,thorir johann helgason,89,2024-2025,Thórir Jóhann Helgason,24.0,Iceland,M
13477,thorir johann helgason,89,2025-2026,Thórir Jóhann Helgason,25.0,Iceland,M
13478,thorsten brits,42,2024-2025,Thorsten Brits,17.0,eng ENG,GK
13479,tiago cardoso,67,2024-2025,Tiago Cardoso,18.0,lu LUX,GK
13480,tiago djalo,87,2023-2024,Tiago Djaló,23.0,pt POR,DF
13481,tiago djalo,87,2024-2025,Tiago Djaló,24.0,Portugal,D
13482,tiago djalo,109,2022-2023,Tiago Djaló,22.0,pt POR,DF
13483,tiago fonseca morais,109,2023-2024,Tiago Fonseca Morais,19.0,pt POR,"FW,MF"
13484,tiago gabriel,89,2024-2025,Tiago Gabriel,19.0,pt POR,DF
13485,tiago gabriel,89,2025-2026,Tiago Gabriel,21.0,Portugal,D
13486,tiago gouveia,117,2025-2026,Tiago Gouveia,24.0,Portugal,F
13487,tiago morais,109,2023-2024,Tiago Morais,20.0,Portugal,F
13488,tiago pereira cardoso,67,2025-2026,Tiago Pereira Cardoso,19.0,Luxembourg,K
13489,tiago pereira cardosoborussia m.,67,2024-2025,Tiago Pereira CardosoBorussia M.,,,
13490,tiago ribeiro,25,2022-2023,Tiago Ribeiro,20.0,pt POR,MF
13491,tiago santos,109,2023-2024,Tiago Santos,21.0,pt POR,DF
13492,tiago santos,109,2024-2025,Tiago Santos,22.0,pt POR,"DF,MF"
13493,tiago santos,109,2025-2026,Tiago Santos,23.0,Portugal,D
13494,tiago tomas,71,2022-2023,Tiago Tomás,20.0,pt POR,"FW,MF"
13495,tiago tomas,71,2025-2026,Tiago Tomás,23.0,Portugal,F
13496,tiago tomas,74,2023-2024,Tiago Tomás,21.0,pt POR,"FW,MF"
13497,tiago tomas,74,2024-2025,Tiago Tomás,22.0,pt POR,"MF,FW"
13498,tidiam gomis,68,2024-2025,Tidiam Gomis,17.0,fr FRA,FW
13499,tidiam gomis,68,2025-2026,Tidiam Gomis,19.0,France,F
13500,tidiane devernois,104,2025-2026,Tidiane Devernois,18.0,France,M
13501,tidiane diallo,123,2024-2025,Tidiane Diallo,18.0,France,F
13502,tiemoue bakayoko,75,2022-2023,Tiemoué Bakayoko,27.0,fr FRA,MF
13503,tiemoue bakayoko,110,2023-2024,Tiémoué Bakayoko,28.0,fr FRA,MF
13504,tiemoue bakayokoac,75,2022-2023,Tiémoué BakayokoAC,,,
13505,tijjani noslin,85,2023-2024,Tijjani Noslin,24.0,nl NED,"FW,MF"
13506,tijjani noslin,88,2024-2025,Tijjani Noslin,25.0,nl NED,"MF,FW"
13507,tijjani noslin,88,2025-2026,Tijjani Noslin,26.0,Netherlands,F
13508,tijjani reijnders,42,2025-2026,Tijjani Reijnders,27.0,Netherlands,M
13509,tijjani reijnders,75,2023-2024,Tijjani Reijnders,25.0,nl NED,MF
13510,tijjani reijnders,75,2024-2025,Tijjani Reijnders,26.0,nl NED,MF
13511,tijjani reijndersac,75,2023-2024,Tijjani ReijndersAC,,,
13512,tijjani reijndersac,75,2024-2025,Tijjani ReijndersAC,,,
13513,till neininger,74,2024-2025,Till Neininger,17.0,de GER,DF
13514,tim breithaupt,52,2023-2024,Tim Breithaupt,21.0,de GER,MF
13515,tim breithaupt,52,2024-2025,Tim Breithaupt,22.0,de GER,MF
13516,tim drexler,63,2023-2024,Tim Drexler,18.0,de GER,DF
13517,tim drexler,63,2024-2025,Tim Drexler,19.0,de GER,DF
13518,tim iroegbunam,28,2022-2023,Tim Iroegbunam,19.0,eng ENG,MF
13519,tim iroegbunam,28,2023-2024,Tim Iroegbunam,20.0,eng ENG,MF
13520,tim iroegbunam,35,2024-2025,Tim Iroegbunam,21.0,eng ENG,MF
13521,tim iroegbunam,35,2025-2026,Tim Iroegbunam,22.0,England,M
13522,tim kleindienst,61,2023-2024,Tim Kleindienst,27.0,de GER,FW
13523,tim kleindienst,67,2024-2025,Tim Kleindienst,28.0,de GER,FW
13524,tim kleindienst,67,2025-2026,Tim Kleindienst,30.0,Germany,F
13525,tim kleindienstborussia m.,67,2024-2025,Tim KleindienstBorussia M.,,,
13526,tim kleindienstfc,61,2023-2024,Tim KleindienstFC,,,
13527,tim kohler,68,2023-2024,Tim Köhler,18.0,de GER,DF
13528,tim krul,41,2023-2024,Tim Krul,35.0,nl NED,GK
13529,tim lemperle,63,2025-2026,Tim Lemperle,24.0,Germany,F
13530,tim lemperle,65,2022-2023,Tim Lemperle,20.0,de GER,FW
13531,tim lemperlefc,65,2022-2023,Tim LemperleFC,,,
13532,tim maciejewski,72,2022-2023,Tim Maciejewski,21.0,Germany,F
13533,tim muller,66,2023-2024,Tim Müller,18.0,de GER,DF
13534,tim oermann,53,2025-2026,Tim Oermann,22.0,Germany,D
13535,tim oermann,55,2022-2023,Tim Oermann,18.0,de GER,DF
13536,tim oermann,55,2023-2024,Tim Oermann,19.0,de GER,DF
13537,tim oermann,55,2024-2025,Tim Oermann,20.0,de GER,DF
13538,tim philipp,63,2024-2025,Tim Philipp,18.0,de GER,GK
13539,tim ream,36,2022-2023,Tim Ream,34.0,us USA,DF
13540,tim ream,36,2023-2024,Tim Ream,35.0,us USA,DF
13541,tim schleinitz,72,2023-2024,Tim Schleinitz,18.0,de GER,MF
13542,tim siersleben,61,2023-2024,Tim Siersleben,23.0,de GER,DF
13543,tim siersleben,61,2024-2025,Tim Siersleben,24.0,de GER,DF
13544,tim siersleben,61,2025-2026,Tim Siersleben,25.0,Germany,D
13545,tim sierslebenfc,61,2023-2024,Tim SierslebenFC,,,
13546,tim sierslebenfc,61,2024-2025,Tim SierslebenFC,,,
13547,tim skarke,57,2023-2024,Tim Skarke,26.0,de GER,"FW,MF"
13548,tim skarke,69,2022-2023,Tim Skarke,25.0,de GER,MF
13549,tim skarke,72,2022-2023,Tim Skarke,25.0,de GER,"FW,MF"
13550,tim skarke,72,2024-2025,Tim Skarke,27.0,de GER,"FW,MF"
13551,tim skarke,72,2025-2026,Tim Skarke,29.0,Germany,F
13552,tim-justin dietrich,73,2022-2023,Tim-Justin Dietrich,19.0,de GER,MF
13553,timo baumgartl,72,2022-2023,Timo Baumgartl,26.0,de GER,DF
13554,timo becker,64,2024-2025,Timo Becker,27.0,de GER,"DF,MF"
13555,timo horn,55,2024-2025,Timo Horn,31.0,de GER,GK
13556,timo horn,65,2022-2023,Timo Horn,29.0,de GER,GK
13557,timo hubers,65,2022-2023,Timo Hübers,26.0,de GER,DF
13558,timo hubers,65,2023-2024,Timo Hübers,27.0,de GER,DF
13559,timo hubers,65,2025-2026,Timo Hübers,29.0,Germany,D
13560,timo hubersfc,65,2022-2023,Timo HübersFC,,,
13561,timo hubersfc,65,2023-2024,Timo HübersFC,,,
13562,timo schlieck,68,2022-2023,Timo Schlieck,16.0,Germany,K
13563,timo schlieck,68,2023-2024,Timo Schlieck,17.0,Germany,K
13564,timo werner,49,2023-2024,Timo Werner,27.0,de GER,"MF,FW"
13565,timo werner,49,2024-2025,Timo Werner,28.0,de GER,"FW,MF"
13566,timo werner,68,2022-2023,Timo Werner,26.0,de GER,"FW,MF"
13567,timo werner,68,2023-2024,Timo Werner,27.0,de GER,"MF,FW"
13568,timon weiner,64,2024-2025,Timon Weiner,25.0,de GER,GK
13569,timothee kolodziejczak,69,2022-2023,Timothée Kolodziejczak,30.0,fr FRA,DF
13570,timothee kolodziejczak,118,2025-2026,Timothée Kolodziejczak,34.0,France,D
13571,timothee pembele,107,2024-2025,Timothée Pembélé,21.0,fr FRA,"DF,MF"
13572,timothee pembele,107,2025-2026,Timothée Pembélé,23.0,France,D
13573,timothee pembele,119,2022-2023,Timothée Pembélé,19.0,fr FRA,"MF,DF"
13574,timothy castagne,36,2023-2024,Timothy Castagne,27.0,be BEL,DF
13575,timothy castagne,36,2024-2025,Timothy Castagne,28.0,be BEL,"DF,MF"
13576,timothy castagne,36,2025-2026,Timothy Castagne,30.0,Belgium,D
13577,timothy castagne,39,2022-2023,Timothy Castagne,26.0,be BEL,"DF,MF"
13578,timothy chandler,58,2022-2023,Timothy Chandler,32.0,us USA,"DF,MF"
13579,timothy chandler,58,2023-2024,Timothy Chandler,33.0,us USA,"DF,MF"
13580,timothy chandler,58,2024-2025,Timothy Chandler,34.0,us USA,"DF,MF"
13581,timothy chandler,58,2025-2026,Timothy Chandler,35.0,United States,D
13582,timothy fosu-mensah,53,2022-2023,Timothy Fosu-Mensah,24.0,nl NED,MF
13583,timothy fosu-mensah,53,2023-2024,Timothy Fosu-Mensah,25.0,nl NED,DF
13584,timothy weah,87,2023-2024,Timothy Weah,23.0,us USA,MF
13585,timothy weah,87,2024-2025,Timothy Weah,24.0,us USA,"MF,DF"
13586,timothy weah,109,2022-2023,Timothy Weah,22.0,us USA,"DF,MF"
13587,timothy weah,112,2025-2026,Timothy Weah,25.0,United States,F
13588,timur tuterov,48,2025-2026,Timur Tuterov,20.0,Ukraine,F
13589,tino anjorin,81,2024-2025,Tino Anjorin,23.0,England,F
13590,tino anjorin,99,2025-2026,Tino Anjorin,24.0,England,F
13591,tino kadewere,16,2022-2023,Tino Kadewere,26.0,zw ZIM,"FW,MF"
13592,tino kadewere,111,2023-2024,Tino Kadewere,27.0,zw ZIM,FW
13593,tino kadewere,116,2023-2024,Tino Kadewere,27.0,zw ZIM,"FW,MF"
13594,tino kadewere,116,2024-2025,Tino Kadewere,28.0,zw ZIM,MF
13595,tino livramento,44,2023-2024,Tino Livramento,21.0,England,D
13596,tino livramento,44,2024-2025,Tino Livramento,22.0,England,D
13597,tino livramento,44,2025-2026,Tino Livramento,23.0,England,D
13598,tino livramento,47,2022-2023,Tino Livramento,20.0,England,D
13599,tio cipot,98,2022-2023,Tio Cipot,19.0,si SVN,MF
13600,tito gasperini,77,2023-2024,Tito Gasperini,17.0,it ITA,GK
13601,tjark ernst,62,2022-2023,Tjark Ernst,19.0,de GER,GK
13602,tobias kempe,57,2023-2024,Tobias Kempe,34.0,de GER,MF
13603,tobias mohr,69,2022-2023,Tobias Mohr,26.0,de GER,"DF,MF"
13604,tobias sippel,67,2022-2023,Tobias Sippel,34.0,de GER,GK
13605,tobias sippel,67,2023-2024,Tobias Sippel,35.0,de GER,GK
13606,tobias sippel,67,2024-2025,Tobias Sippel,36.0,de GER,GK
13607,tobias sippel,67,2025-2026,Tobias Sippel,38.0,Germany,K
13608,tobias sippelborussia m.,67,2022-2023,Tobias SippelBorussia M.,,,
13609,tobias sippelborussia m.,67,2024-2025,Tobias SippelBorussia M.,,,
13610,tobias slotsager,85,2024-2025,Tobias Slotsager,18.0,dk DEN,DF
13611,tobias slotsager,85,2025-2026,Tobias Slotsager,20.0,Denmark,D
13612,tobias strobl,52,2022-2023,Tobias Strobl,32.0,Germany,M
13613,toby collyer,43,2023-2024,Toby Collyer,19.0,eng ENG,MF
13614,toby collyer,43,2024-2025,Toby Collyer,20.0,eng ENG,MF
13615,tochukwu nnadi,112,2025-2026,Tochukwu Nnadi,22.0,Nigeria,M
13616,tolga cigerci,62,2022-2023,Tolga Cigerci,30.0,tr TUR,MF
13617,tolgay arslan,100,2022-2023,Tolgay Arslan,31.0,de GER,MF
13618,tolu arokodare,51,2025-2026,Tolu Arokodare,25.0,Nigeria,F
13619,tom berger,73,2022-2023,Tom Berger,21.0,de GER,MF
13620,tom bischof,54,2025-2026,Tom Bischof,20.0,Germany,M
13621,tom bischof,63,2022-2023,Tom Bischof,17.0,de GER,MF
13622,tom bischof,63,2023-2024,Tom Bischof,18.0,de GER,MF
13623,tom bischof,63,2024-2025,Tom Bischof,19.0,de GER,MF
13624,tom cairney,36,2022-2023,Tom Cairney,31.0,sct SCO,MF
13625,tom cairney,36,2023-2024,Tom Cairney,32.0,sct SCO,MF
13626,tom cairney,36,2024-2025,Tom Cairney,33.0,sct SCO,MF
13627,tom cairney,36,2025-2026,Tom Cairney,35.0,Scotland,M
13628,tom davies,35,2022-2023,Tom Davies,24.0,eng ENG,MF
13629,tom davies,46,2023-2024,Tom Davies,25.0,eng ENG,MF
13630,tom edozie,51,2024-2025,Tom Edozie,18.0,eng ENG,MF
13631,tom heaton,43,2022-2023,Tom Heaton,36.0,eng ENG,GK
13632,tom heaton,43,2023-2024,Tom Heaton,37.0,eng ENG,GK
13633,tom heaton,43,2024-2025,Tom Heaton,38.0,eng ENG,GK
13634,tom heaton,43,2025-2026,Tom Heaton,39.0,England,K
13635,tom hulsmann,54,2023-2024,Tom Hülsmann,19.0,de GER,GK
13636,tom king,35,2025-2026,Tom King,30.0,Wales,K
13637,tom king,51,2023-2024,Tom King,28.0,wls WAL,GK
13638,tom king,51,2024-2025,Tom King,29.0,wls WAL,GK
13639,tom krau,55,2024-2025,Tom Krauß,23.0,de GER,MF
13640,tom krau,65,2025-2026,Tom Krauß,24.0,Germany,M
13641,tom krau,66,2023-2024,Tom Krauß,22.0,de GER,MF
13642,tom krau,69,2022-2023,Tom Krauß,21.0,de GER,MF
13643,tom lockyer,41,2023-2024,Tom Lockyer,28.0,wls WAL,DF
13644,tom louchet,117,2023-2024,Tom Louchet,20.0,fr FRA,"MF,FW"
13645,tom louchet,117,2024-2025,Tom Louchet,21.0,fr FRA,"DF,MF"
13646,tom louchet,117,2025-2026,Tom Louchet,22.0,France,M
13647,tom mcgill,31,2022-2023,Tom McGill,22.0,eng ENG,GK
13648,tom mcgill,31,2023-2024,Tom McGill,23.0,Canada,K
13649,tom mcgill,31,2024-2025,Tom McGill,25.0,Canada,K
13650,tom mcgill,31,2025-2026,Tom McGill,25.0,Canada,K
13651,tom negrel,104,2024-2025,Tom Negrel,21.0,France,K
13652,tom negrel,104,2025-2026,Tom Negrel,22.0,France,K
13653,tom pouilly,108,2024-2025,Tom Pouilly,21.0,fr FRA,DF
13654,tom ritzy hulsmann,54,2023-2024,Tom Ritzy Hülsmann,19.0,Germany,K
13655,tom rothe,56,2022-2023,Tom Rothe,17.0,de GER,MF
13656,tom rothe,72,2024-2025,Tom Rothe,19.0,de GER,"MF,DF"
13657,tom rothe,72,2025-2026,Tom Rothe,21.0,Germany,D
13658,tom taylor,37,2024-2025,Tom Taylor,,,MF
13659,tom watson,31,2025-2026,Tom Watson,19.0,England,F
13660,toma basic,88,2022-2023,Toma Basic,25.0,hr CRO,MF
13661,toma basic,88,2023-2024,Toma Bašić,26.0,hr CRO,MF
13662,toma basic,88,2024-2025,Toma Bašić,27.0,hr CRO,MF
13663,toma basic,88,2025-2026,Toma Bašić,29.0,Croatia,M
13664,toma basic,95,2023-2024,Toma Basic,26.0,hr CRO,MF
13665,tomas alarcon,6,2022-2023,Tomás Alarcón,23.0,cl CHI,MF
13666,tomas conechny,1,2024-2025,Tomás Conechny,26.0,ar ARG,"MF,FW"
13667,tomas cvancara,67,2023-2024,Tomáš Čvančara,22.0,cz CZE,"FW,MF"
13668,tomas cvancara,67,2024-2025,Tomáš Čvančara,23.0,cz CZE,"MF,FW"
13669,tomas cvancaraborussia m.,67,2023-2024,Tomás CvancaraBorussia M.,,,
13670,tomas cvancaraborussia m.,67,2024-2025,Tomás CvancaraBorussia M.,,,
13671,tomas koubek,52,2022-2023,Tomás Koubek,29.0,cz CZE,GK
13672,tomas koubek,52,2023-2024,Tomás Koubek,30.0,cz CZE,GK
13673,tomas mendes,1,2023-2024,Tomás Mendes,18.0,es ESP,MF
13674,tomas palacios,86,2024-2025,Tomás Palacios,21.0,ar ARG,DF
13675,tomas palacios,86,2025-2026,Tomás Palacios,22.0,Argentina,D
13676,tomas palacios,90,2024-2025,Tomás Palacios,21.0,ar ARG,DF
13677,tomas rincon,96,2022-2023,Tomás Rincón,34.0,ve VEN,MF
13678,tomas soucek,50,2022-2023,Tomás Soucek,27.0,cz CZE,MF
13679,tomas soucek,50,2023-2024,Tomás Soucek,28.0,cz CZE,MF
13680,tomas soucek,50,2024-2025,Tomás Soucek,29.0,cz CZE,MF
13681,tomas soucek,50,2025-2026,Tomáš Souček,30.0,Czech Republic,M
13682,tomas suslov,85,2023-2024,Tomás Suslov,21.0,sk SVK,MF
13683,tomas suslov,85,2024-2025,Tomás Suslov,22.0,sk SVK,"MF,FW"
13684,tomas suslov,85,2025-2026,Tomas Suslov,23.0,Slovakia,F
13685,tomasso guercio,86,2023-2024,Tomasso Guercio,18.0,pl POL,DF
13686,tommaso augello,78,2023-2024,Tommaso Augello,28.0,it ITA,"DF,MF"
13687,tommaso augello,78,2024-2025,Tommaso Augello,29.0,it ITA,"MF,DF"
13688,tommaso augello,96,2022-2023,Tommaso Augello,27.0,it ITA,"MF,DF"
13689,tommaso baldanzi,81,2022-2023,Tommaso Baldanzi,19.0,it ITA,MF
13690,tommaso baldanzi,81,2023-2024,Tommaso Baldanzi,20.0,it ITA,"MF,FW"
13691,tommaso baldanzi,84,2025-2026,Tommaso Baldanzi,22.0,Italy,F
13692,tommaso baldanzi,94,2023-2024,Tommaso Baldanzi,20.0,it ITA,"MF,FW"
13693,tommaso baldanzi,94,2024-2025,Tommaso Baldanzi,21.0,it ITA,"MF,FW"
13694,tommaso baldanzi,94,2025-2026,Tommaso Baldanzi,22.0,Italy,F
13695,tommaso barbieri,80,2025-2026,Tommaso Barbieri,23.0,Italy,D
13696,tommaso barbieri,87,2022-2023,Tommaso Barbieri,19.0,it ITA,MF
13697,tommaso bertini,76,2022-2023,Tommaso Bertini,18.0,it ITA,GK
13698,tommaso cassandro,79,2024-2025,Tommaso Cassandro,24.0,it ITA,"DF,MF"
13699,tommaso cassandro,89,2022-2023,Tommaso Cassandro,22.0,it ITA,"DF,MF"
13700,tommaso corazza,77,2023-2024,Tommaso Corazza,19.0,it ITA,DF
13701,tommaso corazza,77,2024-2025,Tommaso Corazza,20.0,it ITA,MF
13702,tommaso de nipoti,76,2022-2023,Tommaso De Nipoti,19.0,it ITA,FW
13703,tommaso del lungo,76,2022-2023,Tommaso Del Lungo,18.0,it ITA,DF
13704,tommaso del lungo,76,2023-2024,Tommaso Del Lungo,19.0,it ITA,DF
13705,tommaso del lungo,76,2024-2025,Tommaso Del Lungo,20.0,it ITA,DF
13706,tommaso ferrari,95,2023-2024,Tommaso Ferrari,18.0,it ITA,DF
13707,tommaso gabellini,99,2024-2025,Tommaso Gabellini,17.0,it ITA,FW
13708,tommaso mancini,87,2023-2024,Tommaso Mancini,19.0,it ITA,FW
13709,tommaso martinelli,82,2022-2023,Tommaso Martinelli,16.0,it ITA,GK
13710,tommaso martinelli,82,2023-2024,Tommaso Martinelli,17.0,it ITA,GK
13711,tommaso martinelli,82,2024-2025,Tommaso Martinelli,18.0,it ITA,GK
13712,tommaso martinelli,82,2025-2026,Tommaso Martinelli,19.0,Italy,K
13713,tommaso milanese,80,2022-2023,Tommaso Milanese,20.0,it ITA,MF
13714,tommaso pittino,84,2023-2024,Tommaso Pittino,18.0,it ITA,DF
13715,tommaso pittino,84,2024-2025,Tommaso Pittino,19.0,it ITA,DF
13716,tommaso pobega,75,2022-2023,Tommaso Pobega,23.0,it ITA,MF
13717,tommaso pobega,75,2023-2024,Tommaso Pobega,24.0,it ITA,"MF,DF"
13718,tommaso pobega,77,2024-2025,Tommaso Pobega,25.0,it ITA,MF
13719,tommaso pobega,77,2025-2026,Tommaso Pobega,26.0,Italy,M
13720,tommaso pobegaac,75,2022-2023,Tommaso PobegaAC,,,
13721,tommaso pobegaac,75,2023-2024,Tommaso PobegaAC,,,
13722,tommaso rubino,82,2024-2025,Tommaso Rubino,17.0,it ITA,FW
13723,tommaso vannucchi,82,2022-2023,Tommaso Vannucchi,15.0,it ITA,GK
13724,tommaso vannucchi,82,2023-2024,Tommaso Vannucchi,16.0,it ITA,GK
13725,tommi o'reilly,28,2022-2023,Tommi O'Reilly,18.0,eng ENG,MF
13726,tommi o'reilly,28,2023-2024,Tommi O'Reilly,19.0,eng ENG,MF
13727,tommi o'reilly,28,2024-2025,Tommi O'Reilly,21.0,England,F
13728,tommi o'reilly,28,2025-2026,Tommi O'Reilly,21.0,England,F
13729,tommy doyle,51,2023-2024,Tommy Doyle,21.0,eng ENG,MF
13730,tommy doyle,51,2024-2025,Tommy Doyle,22.0,eng ENG,MF
13731,tommy mcdermott,32,2025-2026,Tommy McDermott,20.0,England,F
13732,tommy setford,27,2024-2025,Tommy Setford,18.0,eng ENG,GK
13733,tomoya ando,70,2025-2026,Tomoya Ando,27.0,Japan,D
13734,toni fernandez,5,2024-2025,Toni Fernández,16.0,es ESP,MF
13735,toni fuidias,11,2022-2023,Toni Fuidias,21.0,es ESP,GK
13736,toni fuidias,11,2023-2024,Toni Fuidias,22.0,es ESP,GK
13737,toni kroos,20,2022-2023,Toni Kroos,32.0,de GER,MF
13738,toni kroos,20,2023-2024,Toni Kroos,33.0,de GER,MF
13739,toni lato,16,2023-2024,Toni Lato,25.0,es ESP,DF
13740,toni lato,16,2024-2025,Toni Lato,26.0,es ESP,DF
13741,toni lato,16,2025-2026,Toni Lato,28.0,Spain,D
13742,toni lato,25,2022-2023,Toni Lato,24.0,es ESP,"DF,MF"
13743,toni martinez,1,2024-2025,Toni Martínez,27.0,es ESP,FW
13744,toni martinez,1,2025-2026,Toni Martínez,28.0,Spain,F
13745,toni villa,11,2022-2023,Toni Villa,27.0,es ESP,MF
13746,toni villa,11,2023-2024,Toni Villa,28.0,es ESP,MF
13747,toni villa,11,2024-2025,Toni Villa,29.0,es ESP,MF
13748,toni villa,23,2022-2023,Toni Villa,27.0,es ESP,MF
13749,tonny vilhena,95,2022-2023,Tonny Vilhena,27.0,nl NED,MF
13750,tony jantschke,67,2022-2023,Tony Jantschke,32.0,de GER,DF
13751,tony jantschke,67,2023-2024,Tony Jantschke,33.0,de GER,"DF,MF"
13752,tony jantschkeborussia m.,67,2022-2023,Tony JantschkeBorussia M.,,,
13753,tony jantschkeborussia m.,67,2023-2024,Tony JantschkeBorussia M.,,,
13754,tony rolke,62,2022-2023,Tony Rölke,19.0,de GER,FW
13755,tony strata,102,2022-2023,Tony Strata,17.0,ro ROU,MF
13756,tony strataac,102,2022-2023,Tony StrataAC,,,
13757,tony yogane,30,2024-2025,Tony Yogane,18.0,eng ENG,MF
13758,tony yogane,30,2025-2026,Tony Yogane,19.0,England,F
13759,torben musel,67,2022-2023,Torben Müsel,23.0,de GER,"FW,MF"
13760,torbjrn heggem,77,2025-2026,Torbjørn Heggem,27.0,Norway,D
13761,tosin adarabioyo,33,2024-2025,Tosin Adarabioyo,26.0,eng ENG,DF
13762,tosin adarabioyo,33,2025-2026,Tosin Adarabioyo,28.0,England,D
13763,tosin adarabioyo,36,2022-2023,Tosin Adarabioyo,24.0,eng ENG,DF
13764,tosin adarabioyo,36,2023-2024,Tosin Adarabioyo,25.0,eng ENG,DF
13765,tosin aiyegun,110,2023-2024,Tosin Aiyegun,25.0,bj BEN,"MF,FW"
13766,toti gomes,51,2022-2023,Toti Gomes,23.0,pt POR,DF
13767,toti gomes,51,2023-2024,Toti Gomes,24.0,pt POR,DF
13768,toti gomes,51,2024-2025,Toti Gomes,25.0,pt POR,DF
13769,toti gomes,51,2025-2026,Toti Gomes,27.0,Portugal,D
13770,trai hume,48,2025-2026,Trai Hume,23.0,Northern Ireland,D
13771,travis hearnes,44,2023-2024,Travis Hearnes,17.0,no NOR,MF
13772,travis patterson,28,2022-2023,Travis Patterson,16.0,eng ENG,DF
13773,travis patterson,28,2024-2025,Travis Patterson,19.0,England,D
13774,trent alexander-arnold,20,2025-2026,Trent Alexander-Arnold,27.0,England,D
13775,trent alexander-arnold,40,2022-2023,Trent Alexander-Arnold,23.0,eng ENG,DF
13776,trent alexander-arnold,40,2023-2024,Trent Alexander-Arnold,24.0,eng ENG,DF
13777,trent alexander-arnold,40,2024-2025,Trent Alexander-Arnold,25.0,eng ENG,DF
13778,trevan sanusi,110,2025-2026,Trevan Sanusi,18.0,England,F
13779,trevis dago,109,2023-2024,Trévis Dago,18.0,ci CIV,FW
13780,trevoh chalobah,33,2022-2023,Trevoh Chalobah,23.0,eng ENG,DF
13781,trevoh chalobah,33,2023-2024,Trevoh Chalobah,24.0,eng ENG,DF
13782,trevoh chalobah,33,2024-2025,Trevoh Chalobah,25.0,eng ENG,DF
13783,trevoh chalobah,33,2025-2026,Trevoh Chalobah,26.0,England,D
13784,trevoh chalobah,34,2024-2025,Trevoh Chalobah,25.0,eng ENG,DF
13785,trey nyoni,40,2023-2024,Trey Nyoni,16.0,eng ENG,MF
13786,trey nyoni,40,2024-2025,Trey Nyoni,17.0,eng ENG,MF
13787,trey nyoni,40,2025-2026,Trey Nyoni,18.0,England,M
13788,trey samuel-ogunsuyi,48,2025-2026,Trey Samuel-Ogunsuyi,18.0,Belgium,F
13789,triantafyllos pasalidis,95,2023-2024,Triantafyllos Pasalidis,27.0,Greece,D
13790,triantafyllos pasaridis,95,2023-2024,Triantafyllos Pasaridīs,27.0,gr GRE,DF
13791,tristan crama,30,2022-2023,Tristan Crama,20.0,fr FRA,DF
13792,tristan dingome,125,2022-2023,Tristan Dingomé,31.0,cm CMR,"DF,MF"
13793,trivante stewart,95,2023-2024,Trivante Stewart,23.0,jm JAM,FW
13794,tunde akinsola,23,2022-2023,Tunde Akinsola,,,
13795,tuomas ollila,118,2025-2026,Tuomas Ollila,25.0,Finland,D
13796,tuta,58,2022-2023,Tuta,23.0,br BRA,DF
13797,tuta,58,2023-2024,Tuta,24.0,br BRA,"DF,MF"
13798,tuta,58,2024-2025,Tuta,25.0,br BRA,"DF,MF"
13799,ty barnett,51,2023-2024,Ty Barnett,18.0,eng ENG,MF
13800,tylel tati,116,2025-2026,Tylel Tati,18.0,France,D
13801,tyler adams,29,2023-2024,Tyler Adams,24.0,us USA,MF
13802,tyler adams,29,2024-2025,Tyler Adams,25.0,us USA,MF
13803,tyler adams,29,2025-2026,Tyler Adams,26.0,United States,M
13804,tyler adams,38,2022-2023,Tyler Adams,23.0,us USA,MF
13805,tyler bindon,45,2025-2026,Tyler Bindon,20.0,New Zealand,D
13806,tyler dibling,35,2025-2026,Tyler Dibling,19.0,England,F
13807,tyler dibling,47,2024-2025,Tyler Dibling,18.0,eng ENG,"MF,FW"
13808,tyler dogan,64,2024-2025,Tyler Doğan,19.0,Turkey,K
13809,tyler fredricson,43,2024-2025,Tyler Fredricson,19.0,eng ENG,DF
13810,tyler fredricson,43,2025-2026,Tyler Fredricson,20.0,England,D
13811,tyler morton,40,2024-2025,Tyler Morton,21.0,eng ENG,MF
13812,tyler morton,111,2025-2026,Tyler Morton,23.0,England,M
13813,tyler onyango,35,2023-2024,Tyler Onyango,20.0,eng ENG,MF
13814,tymoteusz puchacz,64,2024-2025,Tymoteusz Puchacz,25.0,pl POL,MF
13815,tymoteusz puchacz,72,2022-2023,Tymoteusz Puchacz,23.0,pl POL,MF
13816,tyrell malacia,43,2022-2023,Tyrell Malacia,22.0,nl NED,DF
13817,tyrell malacia,43,2023-2024,Tyrell Malacia,24.0,Netherlands,D
13818,tyrell malacia,43,2024-2025,Tyrell Malacia,24.0,nl NED,MF
13819,tyrell malacia,43,2025-2026,Tyrell Malacia,26.0,Netherlands,D
13820,tyrese francois,36,2022-2023,Tyrese Francois,22.0,au AUS,MF
13821,tyrese francois,36,2023-2024,Tyrese Francois,23.0,au AUS,MF
13822,tyrese hall,49,2023-2024,Tyrese Hall,17.0,jm JAM,MF
13823,tyrese hall,49,2025-2026,Tyrese Hall,19.0,England,D
13824,tyrhys dolan,9,2025-2026,Tyrhys Dolan,24.0,England,F
13825,tyrick mitchell,34,2022-2023,Tyrick Mitchell,22.0,eng ENG,DF
13826,tyrick mitchell,34,2023-2024,Tyrick Mitchell,23.0,eng ENG,"DF,MF"
13827,tyrick mitchell,34,2024-2025,Tyrick Mitchell,24.0,eng ENG,MF
13828,tyrick mitchell,34,2025-2026,Tyrick Mitchell,26.0,England,D
13829,tyrique george,33,2023-2024,Tyrique George,17.0,eng ENG,FW
13830,tyrique george,33,2024-2025,Tyrique George,18.0,eng ENG,FW
13831,tyrique george,35,2025-2026,Tyrique George,19.0,England,F
13832,tyrone mings,28,2022-2023,Tyrone Mings,29.0,eng ENG,DF
13833,tyrone mings,28,2023-2024,Tyrone Mings,30.0,eng ENG,DF
13834,tyrone mings,28,2024-2025,Tyrone Mings,31.0,eng ENG,DF
13835,tyrone mings,28,2025-2026,Tyrone Mings,32.0,England,D
13836,tyronne ebuehi,81,2022-2023,Tyronne Ebuehi,26.0,ng NGA,DF
13837,tyronne ebuehi,81,2023-2024,Tyronne Ebuehi,27.0,ng NGA,DF
13838,tyronne ebuehi,81,2024-2025,Tyronne Ebuehi,28.0,ng NGA,DF
13839,uchenna ogundu,52,2025-2026,Uchenna Ogundu,19.0,Nigeria,F
13840,ugo raghouber,15,2025-2026,Ugo Raghouber,22.0,France,M
13841,ukasz fabianski,50,2022-2023,Łukasz Fabiański,37.0,pl POL,GK
13842,ukasz fabianski,50,2023-2024,Łukasz Fabiański,38.0,pl POL,GK
13843,ukasz fabianski,50,2024-2025,Łukasz Fabiański,39.0,pl POL,GK
13844,ukasz poreba,108,2022-2023,Łukasz Poręba,22.0,pl POL,MF
13845,ukasz skorupski,77,2022-2023,Łukasz Skorupski,31.0,pl POL,GK
13846,ukasz skorupski,77,2023-2024,Łukasz Skorupski,32.0,pl POL,GK
13847,ukasz skorupski,77,2024-2025,Łukasz Skorupski,33.0,pl POL,GK
13848,ulisses garcia,97,2025-2026,Ulisses Garcia,30.0,Switzerland,D
13849,ulisses garcia,112,2023-2024,Ulisses Garcia,27.0,ch SUI,"DF,MF"
13850,ulisses garcia,112,2024-2025,Ulisses Garcia,28.0,ch SUI,"DF,MF"
13851,ulisses garcia,112,2025-2026,Ulisses Garcia,29.0,Switzerland,D
13852,ulrick eneme-ella,103,2022-2023,Ulrick Eneme-Ella,21.0,Gabon,F
13853,ulysses llanez,74,2023-2024,Ulysses Llanez,22.0,United States,F
13854,umar sadiq,2,2022-2023,Umar Sadiq,25.0,ng NGA,FW
13855,umar sadiq,22,2022-2023,Umar Sadiq,25.0,ng NGA,FW
13856,umar sadiq,22,2023-2024,Umar Sadiq,26.0,ng NGA,FW
13857,umar sadiq,22,2024-2025,Umar Sadiq,27.0,ng NGA,FW
13858,umar sadiq,25,2024-2025,Umar Sadiq,27.0,ng NGA,FW
13859,umar sadiq,25,2025-2026,Umar Sadiq,29.0,Nigeria,F
13860,umit akdag,124,2024-2025,Ümit Akdag,20.0,ro ROU,DF
13861,umut tohumcu,63,2022-2023,Umut Tohumcu,17.0,de GER,MF
13862,umut tohumcu,63,2023-2024,Umut Tohumcu,18.0,de GER,MF
13863,umut tohumcu,63,2024-2025,Umut Tohumcu,19.0,de GER,MF
13864,umut tohumcu,63,2025-2026,Umut Tohumcu,21.0,Germany,M
13865,unai egiluz,3,2025-2026,Unai Egiluz,23.0,Spain,D
13866,unai eguiluz,3,2023-2024,Unai Eguíluz,21.0,es ESP,DF
13867,unai eguiluz,3,2024-2025,Unai Eguíluz,22.0,es ESP,DF
13868,unai elgezabal,15,2025-2026,Unai Elgezabal,32.0,Spain,D
13869,unai garcia,17,2022-2023,Unai García,30.0,es ESP,DF
13870,unai garcia,17,2023-2024,Unai García,31.0,es ESP,DF
13871,unai garcia,17,2024-2025,Unai García,32.0,es ESP,DF
13872,unai gomez,3,2022-2023,Unai Gómez,19.0,es ESP,MF
13873,unai gomez,3,2023-2024,Unai Gómez,20.0,es ESP,MF
13874,unai gomez,3,2024-2025,Unai Gómez,21.0,es ESP,"MF,FW"
13875,unai gomez,3,2025-2026,Unai Gómez,22.0,Spain,F
13876,unai hernandez,5,2022-2023,Unai Hernandez,17.0,es ESP,MF
13877,unai hernandez,5,2023-2024,Unai Hernandez,18.0,es ESP,MF
13878,unai lopez,18,2022-2023,Unai López,26.0,es ESP,MF
13879,unai lopez,18,2023-2024,Unai López,27.0,es ESP,MF
13880,unai lopez,18,2024-2025,Unai López,28.0,es ESP,MF
13881,unai lopez,18,2025-2026,Unai López,30.0,Spain,M
13882,unai marrero,22,2022-2023,Unai Marrero,20.0,es ESP,GK
13883,unai marrero,22,2023-2024,Unai Marrero,21.0,es ESP,GK
13884,unai marrero,22,2024-2025,Unai Marrero,22.0,es ESP,GK
13885,unai marrero,22,2025-2026,Unai Marrero,24.0,Spain,K
13886,unai nunez,3,2024-2025,Unai Núñez,27.0,es ESP,DF
13887,unai nunez,7,2022-2023,Unai Núñez,25.0,es ESP,DF
13888,unai nunez,7,2023-2024,Unai Núñez,26.0,es ESP,DF
13889,unai nunez,25,2025-2026,Unai Núñez,29.0,Spain,D
13890,unai nunez,85,2025-2026,Unai Núñez,28.0,Spain,D
13891,unai ropero,1,2023-2024,Unai Ropero,21.0,es ESP,FW
13892,unai simon,3,2022-2023,Unai Simón,25.0,es ESP,GK
13893,unai simon,3,2023-2024,Unai Simón,26.0,es ESP,GK
13894,unai simon,3,2024-2025,Unai Simón,27.0,es ESP,GK
13895,unai simon,3,2025-2026,Unai Simón,28.0,Spain,K
13896,unai vencedor,3,2022-2023,Unai Vencedor,22.0,Spain,M
13897,unai vencedor,15,2025-2026,Unai Vencedor,25.0,Spain,M
13898,unai vencedor paris,3,2022-2023,Unai Vencedor Paris,21.0,es ESP,MF
13899,urko gonzalez,9,2024-2025,Urko González,23.0,es ESP,MF
13900,urko gonzalez,22,2022-2023,Urko González,21.0,es ESP,"DF,MF"
13901,urko gonzalez,22,2023-2024,Urko González,22.0,es ESP,MF
13902,urko gonzalez,22,2024-2025,Urko González,23.0,es ESP,MF
13903,urko gonzalez de zarate,9,2024-2025,Urko González de Zárate,23.0,Spain,M
13904,urko gonzalez de zarate,9,2025-2026,Urko González de Zárate,24.0,Spain,M
13905,urko gonzalez de zarate,22,2023-2024,Urko González de Zárate,22.0,Spain,M
13906,urko gonzalez de zarate,22,2024-2025,Urko González de Zárate,,,
13907,urko izeta,3,2025-2026,Urko Izeta,26.0,Spain,F
13908,uros kabic,99,2023-2024,Uroš Kabić,19.0,rs SRB,MF
13909,uros racic,25,2022-2023,Uroš Račić,24.0,rs SRB,MF
13910,uros racic,97,2023-2024,Uros Racic,25.0,rs SRB,MF
13911,uros radakovic,116,2025-2026,Uros Radakovic,31.0,Serbia,D
13912,vaclav cerny,74,2023-2024,Václav Cerny,25.0,cz CZE,"MF,FW"
13913,vaclav hladky,32,2025-2026,Václav Hladký,35.0,Czech Republic,K
13914,vakoun issouf bayo,100,2025-2026,Vakoun Issouf Bayo,29.0,Cote d'Ivoire,F
13915,val adedokun,30,2023-2024,Val Adedokun,20.0,ie IRL,FW
13916,val adedokun,30,2024-2025,Val Adedokun,21.0,Ireland,D
13917,valentin antov,90,2022-2023,Valentin Antov,21.0,bg BUL,DF
13918,valentin atangana,120,2022-2023,Valentin Atangana,,,
13919,valentin atangana,120,2023-2024,Valentin Atangana,18.0,France,M
13920,valentin atangana,120,2024-2025,Valentin Atangana,19.0,France,M
13921,valentin atangana edoa,120,2022-2023,Valentin Atangana Edoa,16.0,fr FRA,MF
13922,valentin atangana edoa,120,2023-2024,Valentin Atangana Edoa,17.0,fr FRA,MF
13923,valentin atangana edoa,120,2024-2025,Valentin Atangana Edoa,18.0,fr FRA,MF
13924,valentin barco,24,2024-2025,Valentín Barco,20.0,ar ARG,DF
13925,valentin barco,31,2023-2024,Valentín Barco,19.0,ar ARG,DF
13926,valentin barco,31,2024-2025,Valentín Barco,20.0,ar ARG,"DF,MF"
13927,valentin barco,123,2024-2025,Valentín Barco,20.0,ar ARG,MF
13928,valentin barco,123,2025-2026,Valentín Barco,21.0,Argentina,M
13929,valentin carboni,84,2025-2026,Valentín Carboni,20.0,Argentina,F
13930,valentin carboni,86,2022-2023,Valentín Carboni,17.0,ar ARG,MF
13931,valentin carboni,90,2023-2024,Valentín Carboni,18.0,ar ARG,MF
13932,valentin carboni,112,2024-2025,Valentín Carboni,19.0,ar ARG,MF
13933,valentin castellanos,11,2022-2023,Valentín Castellanos,23.0,ar ARG,FW
13934,valentin castellanos,50,2025-2026,Valentín Castellanos,27.0,Argentina,F
13935,valentin castellanos,88,2023-2024,Valentín Castellanos,24.0,ar ARG,FW
13936,valentin castellanos,88,2024-2025,Valentín Castellanos,25.0,ar ARG,FW
13937,valentin gendrey,63,2024-2025,Valentin Gendrey,24.0,fr FRA,"DF,MF"
13938,valentin gendrey,63,2025-2026,Valentin Gendrey,25.0,France,D
13939,valentin gendrey,89,2022-2023,Valentin Gendrey,22.0,fr FRA,DF
13940,valentin gendrey,89,2023-2024,Valentin Gendrey,23.0,fr FRA,DF
13941,valentin gendrey,89,2024-2025,Valentin Gendrey,24.0,fr FRA,DF
13942,valentin gomez,19,2025-2026,Valentín Gómez,22.0,Argentina,D
13943,valentin mihaila,92,2024-2025,Valentin Mihaila,24.0,ro ROU,"MF,FW"
13944,valentin pezzolesi,13,2024-2025,Valentín Pezzolesi,17.0,es ESP,DF
13945,valentin rongier,112,2022-2023,Valentin Rongier,27.0,fr FRA,MF
13946,valentin rongier,112,2023-2024,Valentin Rongier,28.0,fr FRA,MF
13947,valentin rongier,112,2024-2025,Valentin Rongier,29.0,fr FRA,"MF,DF"
13948,valentin rongier,121,2025-2026,Valentin Rongier,31.0,France,M
13949,valentin rosier,14,2024-2025,Valentin Rosier,27.0,fr FRA,DF
13950,valentin rosier,17,2025-2026,Valentin Rosier,29.0,France,D
13951,valentin rosier,117,2023-2024,Valentin Rosier,26.0,fr FRA,"DF,MF"
13952,valentino lazaro,99,2022-2023,Valentino Lazaro,26.0,at AUT,MF
13953,valentino lazaro,99,2023-2024,Valentino Lazaro,27.0,at AUT,MF
13954,valentino lazaro,99,2024-2025,Valentino Lazaro,28.0,at AUT,MF
13955,valentino lazaro,99,2025-2026,Valentino Lazaro,29.0,Austria,D
13956,valentino livramento,44,2023-2024,Valentino Livramento,20.0,eng ENG,DF
13957,valentino livramento,44,2024-2025,Valentino Livramento,21.0,eng ENG,DF
13958,valentino livramento,47,2022-2023,Valentino Livramento,19.0,eng ENG,"DF,MF"
13959,valere germain,115,2022-2023,Valère Germain,32.0,fr FRA,"FW,MF"
13960,valerio verre,96,2022-2023,Valerio Verre,28.0,it ITA,MF
13961,valery fernandez,11,2022-2023,Valery Fernández,22.0,es ESP,"MF,DF"
13962,valery fernandez,11,2023-2024,Valery Fernández,23.0,es ESP,MF
13963,valery fernandez,16,2024-2025,Valery Fernández,24.0,es ESP,MF
13964,vanderson,114,2022-2023,Vanderson,21.0,br BRA,"DF,MF"
13965,vanderson,114,2023-2024,Vanderson,22.0,br BRA,"MF,DF"
13966,vanderson,114,2024-2025,Vanderson,23.0,br BRA,DF
13967,vanderson,114,2025-2026,Vanderson,24.0,Brazil,D
13968,vanja milinkovic-savic,91,2025-2026,Vanja Milinković-Savić,28.0,Serbia,K
13969,vanja milinkovic-savic,99,2022-2023,Vanja Milinkovic-Savic,25.0,rs SRB,GK
13970,vanja milinkovic-savic,99,2023-2024,Vanja Milinkovic-Savic,26.0,rs SRB,GK
13971,vanja milinkovic-savic,99,2024-2025,Vanja Milinkovic-Savic,27.0,rs SRB,GK
13972,vanja vlahovic,76,2024-2025,Vanja Vlahovic,20.0,rs SRB,MF
13973,vasilije adzic,87,2024-2025,Vasilije Adzic,18.0,me MNE,MF
13974,vasilije adzic,87,2025-2026,Vasilije Adžić,19.0,Montenegro,F
13975,vasilios lampropoulos,55,2022-2023,Vasilios Lampropoulos,32.0,Greece,D
13976,vassilis lambropoulos,55,2022-2023,Vassilis Lambropoulos,32.0,gr GRE,DF
13977,vedat muriqi,16,2022-2023,Vedat Muriqi,28.0,xk KVX,FW
13978,vedat muriqi,16,2023-2024,Vedat Muriqi,29.0,xk KVX,FW
13979,vedat muriqi,16,2024-2025,Vedat Muriqi,30.0,xk KVX,FW
13980,vedat muriqi,16,2025-2026,Vedat Muriqi,31.0,Kosovo,F
13981,veit stange,62,2022-2023,Veit Stange,18.0,de GER,MF
13982,veit stange,67,2024-2025,Veit Stange,20.0,de GER,MF
13983,velizar-ilia svetozarov iliev,78,2023-2024,Velizar-Ilia Svetozarov Iliev,18.0,bg BUL,GK
13984,velizar-ilia svetozarov iliev,78,2024-2025,Velizar-Ilia Svetozarov Iliev,19.0,bg BUL,GK
13985,veljko birmancevic,10,2025-2026,Veljko Birmancevic,27.0,Serbia,F
13986,veljko birmancevic,124,2022-2023,Veljko Birmancevic,24.0,rs SRB,"MF,FW"
13987,veljko milosavljevic,29,2025-2026,Veljko Milosavljevic,18.0,Serbia,D
13988,vernon addo,89,2024-2025,Vernon Addo,19.0,Netherlands,MF
13989,vicent abril,25,2023-2024,Vicent Abril,18.0,es ESP,GK
13990,vicent abril,25,2024-2025,Vicent Abril,19.0,es ESP,GK
13991,vicente bellmunt,10,2022-2023,Vicente Bellmunt,22.0,es ESP,GK
13992,vicente guaita,7,2023-2024,Vicente Guaita,36.0,es ESP,GK
13993,vicente guaita,7,2024-2025,Vicente Guaita,37.0,es ESP,GK
13994,vicente guaita,34,2022-2023,Vicente Guaita,35.0,es ESP,GK
13995,victor bernth kristiansen,39,2022-2023,Victor Bernth Kristiansen,19.0,dk DEN,DF
13996,victor bernth kristiansen,39,2024-2025,Victor Bernth Kristiansen,21.0,dk DEN,"DF,MF"
13997,victor bernth kristiansen,77,2023-2024,Victor Bernth Kristiansen,20.0,dk DEN,DF
13998,victor boniface,53,2023-2024,Victor Boniface,22.0,ng NGA,FW
13999,victor boniface,53,2024-2025,Victor Boniface,23.0,ng NGA,FW
14000,victor boniface,53,2025-2026,Victor Boniface,24.0,Nigeria,F
14001,victor boniface,73,2025-2026,Victor Boniface,25.0,Nigeria,F
14002,victor chust,6,2022-2023,Victor Chust,22.0,es ESP,DF
14003,victor chust,6,2023-2024,Victor Chust,23.0,es ESP,DF
14004,victor chust,8,2025-2026,Víctor Chust,25.0,Spain,D
14005,victor diaz,12,2023-2024,Víctor Díaz,35.0,es ESP,DF
14006,victor ehuwa eletu,75,2023-2024,Victor Ehuwa Eletu,18.0,ng NGA,MF
14007,victor garcia,15,2025-2026,Víctor García,28.0,Spain,D
14008,victor kristiansen,39,2022-2023,Victor Kristiansen,20.0,Denmark,D
14009,victor kristiansen,39,2024-2025,Victor Kristiansen,22.0,Denmark,D
14010,victor kristiansen,77,2023-2024,Victor Kristiansen,21.0,Denmark,D
14011,victor lindelof,28,2025-2026,Victor Lindelöf,31.0,Sweden,D
14012,victor lindelof,43,2022-2023,Victor Lindelöf,28.0,se SWE,DF
14013,victor lindelof,43,2023-2024,Victor Lindelöf,29.0,se SWE,DF
14014,victor lindelof,43,2024-2025,Victor Lindelöf,30.0,se SWE,DF
14015,victor meseguer,23,2024-2025,Víctor Meseguer,25.0,es ESP,MF
14016,victor munoz,17,2025-2026,Víctor Muñoz,22.0,Spain,F
14017,victor munoz,20,2024-2025,Víctor Muñoz,21.0,es ESP,FW
14018,victor nelsson,85,2025-2026,Victor Nelsson,27.0,Denmark,D
14019,victor nelsson,94,2024-2025,Victor Nelsson,25.0,dk DEN,DF
14020,victor orakpo,117,2024-2025,Victor Orakpo,18.0,ng NGA,FW
14021,victor osimhen,91,2022-2023,Victor Osimhen,23.0,ng NGA,FW
14022,victor osimhen,91,2023-2024,Victor Osimhen,24.0,ng NGA,FW
14023,victor osimhen,91,2024-2025,Victor Osimhen,25.0,Nigeria,F
14024,victor parada,1,2023-2024,Victor Parada,21.0,es ESP,DF
14025,victor parada,1,2025-2026,Victor Parada,23.0,Spain,D
14026,victor puig,13,2024-2025,Víctor Puig,24.0,es ESP,GK
14027,victor rofino,23,2022-2023,Víctor Rofino,20.0,gw GNB,DF
14028,victor ruiz,19,2022-2023,Víctor Ruiz,33.0,es ESP,DF
14029,victor valdepenas,20,2024-2025,Victor Valdepeñas,17.0,es ESP,DF
14030,victor wehbi,6,2022-2023,Victor Wehbi,19.0,br BRA,GK
14031,victor wehbi,6,2023-2024,Victor Wehbi,20.0,br BRA,GK
14032,viggo gebel,68,2024-2025,Viggo Gebel,16.0,de GER,MF
14033,viggo gebel,68,2025-2026,Viggo Gebel,18.0,Germany,F
14034,viktor gyokeres,27,2025-2026,Viktor Gyökeres,27.0,Sweden,F
14035,viktor kovalenko,81,2023-2024,Viktor Kovalenko,27.0,ua UKR,MF
14036,viktor kovalenko,81,2024-2025,Viktor Kovalenko,28.0,ua UKR,MF
14037,viktor kovalenko,98,2022-2023,Viktor Kovalenko,26.0,ua UKR,MF
14038,viktor tsygankov,11,2022-2023,Viktor Tsygankov,,,
14039,viktor tsygankov,11,2023-2024,Viktor Tsygankov,,,
14040,viktor tsygankov,11,2024-2025,Viktor Tsygankov,,,
14041,viktor tsyhankov,11,2022-2023,Viktor Tsyhankov,24.0,ua UKR,MF
14042,viktor tsyhankov,11,2023-2024,Viktor Tsyhankov,25.0,ua UKR,MF
14043,viktor tsyhankov,11,2024-2025,Viktor Tsyhankov,26.0,ua UKR,"MF,FW"
14044,viktor tsyhankov,11,2025-2026,Viktor Tsyhankov,28.0,Ukraine,F
14045,viljami sinisalo,28,2022-2023,Viljami Sinisalo,20.0,fi FIN,GK
14046,ville koski,1,2025-2026,Ville Koski,24.0,Finland,D
14047,vimoj muntu wa mungu,99,2023-2024,Vimoj Muntu Wa Mungu,18.0,fr FRA,DF
14048,vincent angelini,30,2023-2024,Vincent Angelini,19.0,sct SCO,GK
14049,vincent le goff,110,2022-2023,Vincent Le Goff,32.0,fr FRA,DF
14050,vincent le goff,110,2023-2024,Vincent Le Goff,33.0,fr FRA,"MF,DF"
14051,vincent marchetti,102,2022-2023,Vincent Marchetti,25.0,fr FRA,MF
14052,vincent marchetti,118,2025-2026,Vincent Marchetti,28.0,France,M
14053,vincent marchettiac,102,2022-2023,Vincent MarchettiAC,,,
14054,vincent sierro,124,2022-2023,Vincent Sierro,26.0,ch SUI,MF
14055,vincent sierro,124,2023-2024,Vincent Sierro,27.0,ch SUI,MF
14056,vincent sierro,124,2024-2025,Vincent Sierro,28.0,ch SUI,MF
14057,vincenzo cozzella,104,2022-2023,Vincenzo Cozzella,21.0,Italy,K
14058,vincenzo fiorillo,95,2022-2023,Vincenzo Fiorillo,32.0,it ITA,GK
14059,vincenzo fiorillo,95,2023-2024,Vincenzo Fiorillo,33.0,it ITA,GK
14060,vincenzo grifo,59,2022-2023,Vincenzo Grifo,29.0,it ITA,"MF,FW"
14061,vincenzo grifo,59,2023-2024,Vincenzo Grifo,30.0,it ITA,MF
14062,vincenzo grifo,59,2024-2025,Vincenzo Grifo,31.0,it ITA,MF
14063,vincenzo grifo,59,2025-2026,Vincenzo Grifo,32.0,Italy,F
14064,vinicius junior,20,2022-2023,Vinícius Júnior,22.0,br BRA,FW
14065,vinicius junior,20,2023-2024,Vinícius Júnior,23.0,br BRA,FW
14066,vinicius junior,20,2024-2025,Vinícius Júnior,24.0,br BRA,"FW,MF"
14067,vinicius junior,20,2025-2026,Vinicius Junior,25.0,Brazil,F
14068,vinicius souza,9,2022-2023,Vinicius Souza,23.0,br BRA,MF
14069,vinicius souza,46,2023-2024,Vinicius Souza,24.0,br BRA,MF
14070,vinicius souza,74,2025-2026,Vinicius Souza,26.0,Brazil,M
14071,vinicius tobias,20,2023-2024,Vinicius Tobias,19.0,br BRA,DF
14072,virgil van dijk,40,2022-2023,Virgil van Dijk,31.0,nl NED,DF
14073,virgil van dijk,40,2023-2024,Virgil van Dijk,32.0,nl NED,DF
14074,virgil van dijk,40,2024-2025,Virgil van Dijk,33.0,nl NED,DF
14075,virgil van dijk,40,2025-2026,Virgil van Dijk,34.0,Netherlands,D
14076,vitalii mykolenko,35,2022-2023,Vitalii Mykolenko,,,
14077,vitalii mykolenko,35,2023-2024,Vitalii Mykolenko,,,
14078,vitalii mykolenko,35,2024-2025,Vitalii Mykolenko,,,
14079,vitaliy mykolenko,35,2022-2023,Vitaliy Mykolenko,23.0,ua UKR,"DF,MF"
14080,vitaliy mykolenko,35,2023-2024,Vitaliy Mykolenko,24.0,ua UKR,DF
14081,vitaliy mykolenko,35,2024-2025,Vitaliy Mykolenko,25.0,ua UKR,DF
14082,vitaliy mykolenko,35,2025-2026,Vitaliy Mykolenko,26.0,Ukraine,D
14083,vitaly janelt,30,2022-2023,Vitaly Janelt,24.0,de GER,MF
14084,vitaly janelt,30,2023-2024,Vitaly Janelt,25.0,de GER,"MF,DF"
14085,vitaly janelt,30,2024-2025,Vitaly Janelt,26.0,de GER,MF
14086,vitaly janelt,30,2025-2026,Vitaly Janelt,27.0,Germany,M
14087,vitezslav jaros,40,2024-2025,Vítezslav Jaros,23.0,cz CZE,GK
14088,viti,13,2024-2025,Viti,26.0,es ESP,DF
14089,viti rozada,13,2024-2025,Viti Rozada,27.0,Spain,D
14090,vitinha,84,2023-2024,Vítinha,23.0,pt POR,"MF,FW"
14091,vitinha,84,2024-2025,Vítinha,24.0,pt POR,"FW,MF"
14092,vitinha,84,2025-2026,Vitinha,25.0,Portugal,F
14093,vitinha,112,2022-2023,Vítinha,22.0,pt POR,FW
14094,vitinha,112,2023-2024,Vítinha,23.0,pt POR,FW
14095,vitinha,119,2022-2023,Vitinha,22.0,pt POR,MF
14096,vitinha,119,2023-2024,Vitinha,23.0,pt POR,MF
14097,vitinha,119,2024-2025,Vitinha,24.0,pt POR,MF
14098,vitinha,119,2025-2026,Vitinha,25.0,Portugal,M
14099,vitinho,32,2023-2024,Vitinho,24.0,br BRA,"DF,MF"
14100,vito mannone,109,2023-2024,Vito Mannone,35.0,it ITA,GK
14101,vito mannone,109,2024-2025,Vito Mannone,36.0,Italy,K
14102,vito mannone,110,2022-2023,Vito Mannone,34.0,it ITA,GK
14103,vitolo,4,2023-2024,Vitolo,34.0,Spain,F
14104,vitor reis,11,2025-2026,Vitor Reis,20.0,Brazil,D
14105,vitor reis,42,2024-2025,Vitor Reis,18.0,br BRA,DF
14106,vitor roque,5,2023-2024,Vitor Roque,18.0,br BRA,FW
14107,vitor roque,19,2024-2025,Vitor Roque,19.0,br BRA,FW
14108,vitus eicher,61,2023-2024,Vitus Eicher,32.0,de GER,GK
14109,vitus eicher,61,2024-2025,Vitus Eicher,33.0,de GER,GK
14110,vivaldo semedo,100,2022-2023,Vivaldo Semedo,17.0,pt POR,FW
14111,vivaldo semedo,100,2023-2024,Vivaldo Semedo,18.0,pt POR,FW
14112,vlad chiriches,80,2022-2023,Vlad Chiriches,32.0,ro ROU,DF
14113,vladimir coufal,50,2022-2023,Vladimír Coufal,29.0,cz CZE,"DF,MF"
14114,vladimir coufal,50,2023-2024,Vladimír Coufal,30.0,cz CZE,DF
14115,vladimir coufal,50,2024-2025,Vladimír Coufal,31.0,cz CZE,"DF,MF"
14116,vladimir coufal,63,2025-2026,Vladimír Coufal,33.0,Czech Republic,D
14117,vladimir darida,62,2022-2023,Vladimír Darida,31.0,cz CZE,MF
14118,vladyslav krapyvtsov,11,2024-2025,Vladyslav Krapyvtsov,19.0,ua UKR,GK
14119,vladyslav krapyvtsov,11,2025-2026,Vladyslav Krapyvtsov,20.0,Ukraine,K
14120,vladyslav vanat,11,2025-2026,Vladyslav Vanat,24.0,Ukraine,F
14121,wael mohya,67,2025-2026,Wael Mohya,17.0,Germany,F
14122,wahbi khazri,115,2022-2023,Wahbi Khazri,31.0,tn TUN,"MF,FW"
14123,wahbi khazri,115,2023-2024,Wahbi Khazri,32.0,tn TUN,"MF,FW"
14124,wahbi khazri,115,2024-2025,Wahbi Khazri,33.0,tn TUN,"FW,MF"
14125,wahid faghir,71,2024-2025,Wahid Faghir,21.0,Denmark,F
14126,wajdi kechrida,95,2022-2023,Wajdi Kechrida,26.0,tn TUN,DF
14127,walace,100,2022-2023,Walace,27.0,br BRA,MF
14128,walace,100,2023-2024,Walace,28.0,br BRA,MF
14129,waldemar anton,56,2024-2025,Waldemar Anton,28.0,de GER,DF
14130,waldemar anton,56,2025-2026,Waldemar Anton,29.0,Germany,D
14131,waldemar anton,71,2022-2023,Waldemar Anton,26.0,de GER,DF
14132,waldemar anton,71,2023-2024,Waldemar Anton,27.0,de GER,DF
14133,walid cheddira,9,2024-2025,Walid Cheddira,26.0,ma MAR,FW
14134,walid cheddira,83,2023-2024,Walid Cheddira,25.0,ma MAR,FW
14135,walid cheddira,89,2025-2026,Walid Cheddira,28.0,Morocco,F
14136,walid cheddira,91,2024-2025,Walid Cheddira,26.0,ma MAR,FW
14137,walter benitez,34,2025-2026,Walter Benítez,33.0,Argentina,K
14138,waniss taibi,103,2022-2023,Waniss Taïbi,20.0,fr FRA,MF
14139,wanya marcal-madivadua,39,2022-2023,Wanya Marcal-Madivadua,19.0,pt POR,MF
14140,warmed omari,60,2025-2026,Warmed Omari,25.0,Comoros,D
14141,warmed omari,111,2024-2025,Warmed Omari,24.0,km COM,DF
14142,warmed omari,121,2022-2023,Warmed Omari,22.0,km COM,DF
14143,warmed omari,121,2023-2024,Warmed Omari,23.0,km COM,DF
14144,warren bondo,75,2024-2025,Warren Bondo,20.0,fr FRA,MF
14145,warren bondo,80,2025-2026,Warren Bondo,22.0,France,M
14146,warren bondo,90,2022-2023,Warren Bondo,18.0,fr FRA,MF
14147,warren bondo,90,2023-2024,Warren Bondo,19.0,fr FRA,MF
14148,warren bondo,90,2024-2025,Warren Bondo,20.0,fr FRA,MF
14149,warren bondoac,75,2024-2025,Warren BondoAC,,,
14150,warren kamanzi,124,2022-2023,Warren Kamanzi,21.0,no NOR,"DF,MF"
14151,warren kamanzi,124,2023-2024,Warren Kamanzi,22.0,no NOR,"MF,DF"
14152,warren kamanzi,124,2024-2025,Warren Kamanzi,23.0,no NOR,MF
14153,warren kamanzi,124,2025-2026,Warren Kamanzi,25.0,Norway,D
14154,warren madrigal,25,2024-2025,Warren Madrigal,20.0,cr CRC,FW
14155,warren tchimbembe,113,2023-2024,Warren Tchimbembé,25.0,Congo,M
14156,warren zaire-emery,119,2022-2023,Warren Zaïre-Emery,16.0,fr FRA,MF
14157,warren zaire-emery,119,2023-2024,Warren Zaïre-Emery,17.0,fr FRA,"MF,DF"
14158,warren zaire-emery,119,2024-2025,Warren Zaïre-Emery,18.0,fr FRA,"MF,DF"
14159,warren zaire-emery,119,2025-2026,Warren Zaïre-Emery,19.0,France,M
14160,wataru endo,40,2023-2024,Wataru Endo,30.0,jp JPN,MF
14161,wataru endo,40,2024-2025,Wataru Endo,31.0,jp JPN,MF
14162,wataru endo,40,2025-2026,Wataru Endo,32.0,Japan,M
14163,wataru endo,71,2022-2023,Wataru Endo,29.0,jp JPN,MF
14164,wayne hennessey,45,2022-2023,Wayne Hennessey,35.0,wls WAL,GK
14165,wayne hennessey,45,2023-2024,Wayne Hennessey,36.0,wls WAL,GK
14166,wayne hennessey,45,2024-2025,Wayne Hennessey,37.0,wls WAL,GK
14167,welington,47,2024-2025,Welington,23.0,br BRA,"MF,DF"
14168,wes burns,37,2024-2025,Wes Burns,29.0,wls WAL,MF
14169,wes foderingham,46,2023-2024,Wes Foderingham,32.0,eng ENG,GK
14170,wes foderingham,50,2024-2025,Wes Foderingham,33.0,eng ENG,GK
14171,wesley,22,2025-2026,Wesley,20.0,Brazil,F
14172,wesley,94,2025-2026,Wesley,22.0,Brazil,D
14173,wesley adeh,73,2024-2025,Wesley Adeh,17.0,de GER,MF
14174,wesley adeh,73,2025-2026,Wesley Adeh,19.0,Germany,M
14175,wesley fofana,33,2022-2023,Wesley Fofana,21.0,fr FRA,DF
14176,wesley fofana,33,2023-2024,Wesley Fofana,23.0,France,D
14177,wesley fofana,33,2024-2025,Wesley Fofana,23.0,fr FRA,DF
14178,wesley fofana,33,2025-2026,Wesley Fofana,25.0,France,D
14179,wesley fofana,39,2022-2023,Wesley Fofana,21.0,fr FRA,DF
14180,wesley okoduwa,51,2023-2024,Wesley Okoduwa,15.0,eng ENG,DF
14181,wesley okoduwa,51,2024-2025,Wesley Okoduwa,16.0,eng ENG,DF
14182,wesley said,108,2022-2023,Wesley Saïd,27.0,fr FRA,FW
14183,wesley said,108,2023-2024,Wesley Saïd,28.0,fr FRA,FW
14184,wesley said,108,2024-2025,Wesley Saïd,29.0,fr FRA,FW
14185,wesley said,108,2025-2026,Wesley Saïd,30.0,France,F
14186,weston mckennie,38,2022-2023,Weston McKennie,23.0,us USA,MF
14187,weston mckennie,87,2022-2023,Weston McKennie,23.0,us USA,MF
14188,weston mckennie,87,2023-2024,Weston McKennie,24.0,us USA,MF
14189,weston mckennie,87,2024-2025,Weston McKennie,25.0,us USA,"MF,DF"
14190,weston mckennie,87,2025-2026,Weston McKennie,27.0,United States,M
14191,wilfred ndidi,39,2022-2023,Wilfred Ndidi,25.0,ng NGA,"MF,DF"
14192,wilfred ndidi,39,2024-2025,Wilfred Ndidi,27.0,ng NGA,MF
14193,wilfried gnonto,38,2022-2023,Wilfried Gnonto,18.0,it ITA,"MF,FW"
14194,wilfried gnonto,38,2025-2026,Wilfried Gnonto,22.0,Italy,F
14195,wilfried kanga,62,2022-2023,Wilfried Kanga,24.0,ci CIV,FW
14196,wilfried ndollo,115,2024-2025,Wilfried Ndollo,19.0,cm CMR,DF
14197,wilfried ndollo bille,115,2024-2025,Wilfried Ndollo Bille,,,
14198,wilfried singo,99,2022-2023,Wilfried Singo,21.0,ci CIV,MF
14199,wilfried singo,114,2023-2024,Wilfried Singo,22.0,ci CIV,DF
14200,wilfried singo,114,2024-2025,Wilfried Singo,23.0,ci CIV,DF
14201,wilfried stephane singo,99,2022-2023,Wilfried Stephane Singo,22.0,Cote d'Ivoire,D
14202,wilfried stephane singo,114,2023-2024,Wilfried Stephane Singo,23.0,Cote d'Ivoire,D
14203,wilfried stephane singo,114,2024-2025,Wilfried Stephane Singo,24.0,Cote d'Ivoire,D
14204,wilfried zaha,34,2022-2023,Wilfried Zaha,29.0,ci CIV,"FW,MF"
14205,wilfried zaha,111,2024-2025,Wilfried Zaha,31.0,ci CIV,FW
14206,will alves,39,2024-2025,Will Alves,19.0,eng ENG,MF
14207,will dennis,29,2022-2023,Will Dennis,22.0,eng ENG,GK
14208,will dennis,29,2024-2025,Will Dennis,24.0,eng ENG,GK
14209,will dennis,29,2025-2026,Will Dennis,25.0,England,K
14210,will dickson,42,2024-2025,Will Dickson,20.0,England,F
14211,will dickson,42,2025-2026,Will Dickson,20.0,England,F
14212,will hughes,34,2022-2023,Will Hughes,27.0,eng ENG,MF
14213,will hughes,34,2023-2024,Will Hughes,28.0,eng ENG,MF
14214,will hughes,34,2024-2025,Will Hughes,29.0,eng ENG,MF
14215,will hughes,34,2025-2026,Will Hughes,30.0,England,M
14216,will lankshear,49,2024-2025,Will Lankshear,19.0,eng ENG,FW
14217,will lankshear,49,2025-2026,Will Lankshear,20.0,England,F
14218,will smallbone,47,2024-2025,Will Smallbone,24.0,Ireland,M
14219,willem geubbels,118,2025-2026,Willem Geubbels,24.0,France,F
14220,willi orban,68,2022-2023,Willi Orbán,29.0,hu HUN,DF
14221,willi orban,68,2023-2024,Willi Orbán,30.0,hu HUN,DF
14222,willi orban,68,2024-2025,Willi Orbán,31.0,hu HUN,DF
14223,willi orban,68,2025-2026,Willi Orbán,33.0,Hungary,D
14224,william bianda,94,2022-2023,William Bianda,22.0,France,D
14225,william bving,66,2025-2026,William Bøving,22.0,Denmark,F
14226,william carvalho,19,2022-2023,William Carvalho,30.0,pt POR,MF
14227,william carvalho,19,2023-2024,William Carvalho,31.0,pt POR,MF
14228,william carvalho,19,2024-2025,William Carvalho,32.0,pt POR,MF
14229,william crellin,35,2023-2024,William Crellin,23.0,eng ENG,GK
14230,william feola,79,2024-2025,William Feola,18.0,it ITA,DF
14231,william mikelbrencis,60,2025-2026,William Mikelbrencis,21.0,France,D
14232,william osula,44,2024-2025,William Osula,20.0,dk DEN,FW
14233,william osula,44,2025-2026,William Osula,22.0,Denmark,F
14234,william osula,46,2023-2024,William Osula,19.0,dk DEN,FW
14235,william saliba,27,2022-2023,William Saliba,21.0,fr FRA,DF
14236,william saliba,27,2023-2024,William Saliba,22.0,fr FRA,DF
14237,william saliba,27,2024-2025,William Saliba,23.0,fr FRA,DF
14238,william saliba,27,2025-2026,William Saliba,24.0,France,D
14239,william smallbone,47,2024-2025,William Smallbone,24.0,ie IRL,MF
14240,william troost-ekong,95,2022-2023,William Troost-Ekong,28.0,ng NGA,DF
14241,willian,36,2022-2023,Willian,33.0,br BRA,MF
14242,willian,36,2023-2024,Willian,34.0,br BRA,"MF,FW"
14243,willian,36,2024-2025,Willian,35.0,br BRA,"MF,FW"
14244,willian jose,19,2022-2023,Willian José,30.0,br BRA,FW
14245,willian jose,19,2023-2024,Willian José,31.0,br BRA,FW
14246,willian pacho,58,2023-2024,Willian Pacho,21.0,ec ECU,DF
14247,willian pacho,119,2024-2025,Willian Pacho,22.0,ec ECU,DF
14248,willian pacho,119,2025-2026,Willian Pacho,24.0,Ecuador,D
14249,williot swedberg,7,2022-2023,Williot Swedberg,18.0,se SWE,"FW,MF"
14250,williot swedberg,7,2023-2024,Williot Swedberg,19.0,se SWE,FW
14251,williot swedberg,7,2024-2025,Williot Swedberg,20.0,se SWE,"FW,MF"
14252,williot swedberg,7,2025-2026,Williot Swedberg,22.0,Sweden,F
14253,willy boly,45,2022-2023,Willy Boly,31.0,ci CIV,DF
14254,willy boly,45,2023-2024,Willy Boly,32.0,ci CIV,DF
14255,willy boly,45,2024-2025,Willy Boly,33.0,ci CIV,DF
14256,willy boly,45,2025-2026,Willy Boly,35.0,Cote d'Ivoire,D
14257,willy boly,51,2022-2023,Willy Boly,31.0,ci CIV,DF
14258,willy caballero,47,2022-2023,Willy Caballero,40.0,ar ARG,GK
14259,willy kambwala,26,2024-2025,Willy Kambwala,19.0,fr FRA,DF
14260,willy kambwala,26,2025-2026,Willy Kambwala,21.0,France,D
14261,willy kambwala,43,2023-2024,Willy Kambwala,18.0,fr FRA,DF
14262,wilson isidor,48,2025-2026,Wilson Isidor,25.0,France,F
14263,wilson manafa,12,2023-2024,Wilson Manafá,29.0,pt POR,"DF,MF"
14264,wilson odobert,32,2023-2024,Wilson Odobert,18.0,fr FRA,"MF,FW"
14265,wilson odobert,49,2024-2025,Wilson Odobert,19.0,fr FRA,"FW,MF"
14266,wilson odobert,49,2025-2026,Wilson Odobert,21.0,France,F
14267,wilson odobert,125,2022-2023,Wilson Odobert,17.0,fr FRA,MF
14268,wilson samake,121,2024-2025,Wilson Samaké,20.0,Mali,F
14269,wisdom amey,77,2022-2023,Wisdom Amey,16.0,it ITA,DF
14270,wisdom mike,54,2024-2025,Wisdom Mike,15.0,de GER,FW
14271,wisdom mike,54,2025-2026,Wisdom Mike,17.0,Germany,F
14272,wissam ben yedder,114,2022-2023,Wissam Ben Yedder,31.0,fr FRA,FW
14273,wissam ben yedder,114,2023-2024,Wissam Ben Yedder,32.0,fr FRA,FW
14274,wladimiro falcone,89,2022-2023,Wladimiro Falcone,27.0,it ITA,GK
14275,wladimiro falcone,89,2023-2024,Wladimiro Falcone,28.0,it ITA,GK
14276,wladimiro falcone,89,2024-2025,Wladimiro Falcone,29.0,it ITA,GK
14277,wladimiro falcone,89,2025-2026,Wladimiro Falcone,30.0,Italy,K
14278,wojciech szczesny,5,2024-2025,Wojciech Szczesny,34.0,pl POL,GK
14279,wojciech szczesny,5,2025-2026,Wojciech Szczęsny,35.0,Poland,K
14280,wojciech szczesny,87,2022-2023,Wojciech Szczesny,32.0,pl POL,GK
14281,wojciech szczesny,87,2023-2024,Wojciech Szczesny,33.0,pl POL,GK
14282,woo-yeong jeong,59,2022-2023,Woo-yeong Jeong,23.0,South Korea,F
14283,woo-yeong jeong,71,2023-2024,Woo-yeong Jeong,24.0,South Korea,F
14284,woo-yeong jeong,72,2024-2025,Woo-yeong Jeong,25.0,South Korea,F
14285,woo-yeong jeong,72,2025-2026,Woo-yeong Jeong,26.0,South Korea,F
14286,wout faes,39,2022-2023,Wout Faes,24.0,be BEL,DF
14287,wout faes,39,2024-2025,Wout Faes,26.0,be BEL,DF
14288,wout faes,114,2025-2026,Wout Faes,27.0,Belgium,D
14289,wout faes,120,2022-2023,Wout Faes,24.0,be BEL,DF
14290,wout weghorst,43,2022-2023,Wout Weghorst,29.0,nl NED,"FW,MF"
14291,wout weghorst,63,2023-2024,Wout Weghorst,30.0,nl NED,FW
14292,wouter burger,63,2025-2026,Wouter Burger,24.0,Netherlands,M
14293,woyo coulibaly,39,2024-2025,Woyo Coulibaly,25.0,ml MLI,DF
14294,woyo coulibaly,92,2024-2025,Woyo Coulibaly,25.0,ml MLI,DF
14295,woyo coulibaly,97,2025-2026,Woyo Coulibaly,26.0,Mali,D
14296,wuilker farinez,108,2022-2023,Wuilker Fariñez,24.0,Venezuela,K
14297,wylan cyprien,92,2024-2025,Wylan Cyprien,29.0,fr FRA,MF
14298,xabi huarte,17,2023-2024,Xabi Huarte,,,
14299,xabier huarte armendariz,17,2023-2024,Xabier Huarte Armendáriz,22.0,es ESP,MF
14300,xaver schlager,68,2022-2023,Xaver Schlager,24.0,at AUT,MF
14301,xaver schlager,68,2023-2024,Xaver Schlager,25.0,at AUT,MF
14302,xaver schlager,68,2024-2025,Xaver Schlager,26.0,at AUT,MF
14303,xaver schlager,68,2025-2026,Xaver Schlager,28.0,Austria,M
14304,xavi moreno,23,2024-2025,Xavi Moreno,,,
14305,xavi pleguezuelo,19,2023-2024,Xavi Pleguezuelo,20.0,es ESP,DF
14306,xavi pleguezuelo,19,2024-2025,Xavi Pleguezuelo,21.0,es ESP,DF
14307,xavi simons,49,2025-2026,Xavi Simons,22.0,Netherlands,F
14308,xavi simons,68,2023-2024,Xavi Simons,20.0,nl NED,MF
14309,xavi simons,68,2024-2025,Xavi Simons,21.0,nl NED,MF
14310,xavi sintes,24,2022-2023,Xavi Sintes,20.0,es ESP,DF
14311,xavi sintes,24,2023-2024,Xavi Sintes,21.0,es ESP,DF
14312,xavier chavalerin,125,2022-2023,Xavier Chavalerin,31.0,fr FRA,MF
14313,xavier moreno,23,2024-2025,Xavier Moreno,19.0,es ESP,FW
14314,xeber,1,2023-2024,Xeber,26.0,es ESP,"MF,FW"
14315,xeber alkain,1,2023-2024,Xeber Alkain,26.0,Spain,F
14316,xeka,121,2022-2023,Xeka,27.0,pt POR,MF
14317,yacine adli,75,2022-2023,Yacine Adli,22.0,fr FRA,MF
14318,yacine adli,75,2023-2024,Yacine Adli,23.0,fr FRA,MF
14319,yacine adli,82,2024-2025,Yacine Adli,24.0,fr FRA,MF
14320,yacine adliac,75,2022-2023,Yacine AdliAC,,,
14321,yacine adliac,75,2023-2024,Yacine AdliAC,,,
14322,yael mouanga,115,2024-2025,Yaël Mouanga,19.0,fr FRA,DF
14323,yael nandjou,117,2024-2025,Yaël Nandjou,19.0,fr FRA,DF
14324,yael trepy,78,2025-2026,Yael Trepy,19.0,France,F
14325,yago santiago,8,2025-2026,Yago Santiago,22.0,Spain,F
14326,yago santiago,49,2022-2023,Yago Santiago,19.0,es ESP,"FW,MF"
14327,yago santiago,49,2023-2024,Yago Santiago,20.0,es ESP,"FW,MF"
14328,yahia fofana,103,2022-2023,Yahia Fofana,21.0,ci CIV,GK
14329,yahia fofana,103,2024-2025,Yahia Fofana,23.0,ci CIV,GK
14330,yan couto,11,2022-2023,Yan Couto,20.0,br BRA,"MF,DF"
14331,yan couto,11,2023-2024,Yan Couto,21.0,br BRA,"MF,DF"
14332,yan couto,56,2024-2025,Yan Couto,22.0,br BRA,"DF,MF"
14333,yan couto,56,2025-2026,Yan Couto,23.0,Brazil,M
14334,yan diomande,14,2024-2025,Yan Diomande,17.0,ci CIV,MF
14335,yan diomande,68,2025-2026,Yan Diomande,19.0,Cote d'Ivoire,F
14336,yan marillat,105,2023-2024,Yan Marillat,29.0,France,K
14337,yan valery,47,2022-2023,Yan Valery,23.0,tn TUN,DF
14338,yan valery,103,2022-2023,Yan Valery,23.0,tn TUN,DF
14339,yang minhyeok,49,2024-2025,Yang Minhyeok,18.0,kr KOR,MF
14340,yangel herrera,11,2022-2023,Yangel Herrera,24.0,ve VEN,MF
14341,yangel herrera,11,2023-2024,Yangel Herrera,25.0,ve VEN,MF
14342,yangel herrera,11,2024-2025,Yangel Herrera,26.0,ve VEN,MF
14343,yangel herrera,22,2025-2026,Yangel Herrera,28.0,Venezuela,M
14344,yanis begraoui,124,2022-2023,Yanis Begraoui,21.0,ma MAR,MF
14345,yanis begraoui,124,2023-2024,Yanis Begraoui,22.0,ma MAR,"FW,MF"
14346,yanis cimignani,102,2022-2023,Yanis Cimignani,20.0,fr FRA,MF
14347,yanis cimignaniac,102,2022-2023,Yanis CimignaniAC,,,
14348,yanis guermouche,115,2022-2023,Yanis Guermouche,21.0,Algeria,F
14349,yanis issoufou,115,2023-2024,Yanis Issoufou,16.0,fr FRA,FW
14350,yanis issoufou,115,2024-2025,Yanis Issoufou,17.0,fr FRA,MF
14351,yanis massolin,106,2022-2023,Yanis Massolin,19.0,fr FRA,MF
14352,yanis zouaoui,107,2024-2025,Yanis Zouaoui,26.0,dz ALG,"DF,MF"
14353,yanis zouaoui,107,2025-2026,Yanis Zouaoui,27.0,France,D
14354,yankuba minteh,31,2024-2025,Yankuba Minteh,20.0,gm GAM,MF
14355,yankuba minteh,31,2025-2026,Yankuba Minteh,21.0,The Gambia,F
14356,yann aurel bisseck,86,2023-2024,Yann Aurel Bisseck,22.0,de GER,DF
14357,yann aurel bisseck,86,2024-2025,Yann Aurel Bisseck,23.0,de GER,DF
14358,yann aurel bisseck,86,2025-2026,Yann Aurel Bisseck,25.0,Germany,D
14359,yann bisseck,86,2023-2024,Yann Bisseck,,,
14360,yann bisseck,86,2024-2025,Yann Bisseck,,,
14361,yann gboho,124,2023-2024,Yann Gboho,22.0,fr FRA,"MF,FW"
14362,yann gboho,124,2024-2025,Yann Gboho,23.0,fr FRA,"MF,FW"
14363,yann gboho,124,2025-2026,Yann Gboho,25.0,France,F
14364,yann karamoh,99,2022-2023,Yann Karamoh,24.0,fr FRA,MF
14365,yann karamoh,99,2023-2024,Yann Karamoh,25.0,fr FRA,MF
14366,yann karamoh,99,2024-2025,Yann Karamoh,26.0,fr FRA,"MF,FW"
14367,yann karamoh,115,2023-2024,Yann Karamoh,25.0,fr FRA,FW
14368,yann kitala,107,2024-2025,Yann Kitala,26.0,Democratic Republic of the Congo,F
14369,yann lienard,114,2022-2023,Yann Lienard,19.0,France,K
14370,yann lienard,114,2023-2024,Yann Lienard,20.0,France,K
14371,yann lienard,114,2024-2025,Yann Lienard,21.0,France,K
14372,yann lienard,114,2025-2026,Yann Lienard,22.0,France,K
14373,yann sommer,54,2022-2023,Yann Sommer,33.0,ch SUI,GK
14374,yann sommer,67,2022-2023,Yann Sommer,33.0,ch SUI,GK
14375,yann sommer,86,2023-2024,Yann Sommer,34.0,ch SUI,GK
14376,yann sommer,86,2024-2025,Yann Sommer,35.0,ch SUI,GK
14377,yann sommer,86,2025-2026,Yann Sommer,37.0,Switzerland,K
14378,yann sommerborussia m.,67,2022-2023,Yann SommerBorussia M.,,,
14379,yann sturm,59,2024-2025,Yann Sturm,19.0,de GER,FW
14380,yannick carrasco,4,2022-2023,Yannick Carrasco,28.0,be BEL,"DF,MF"
14381,yannick carrasco,4,2023-2024,Yannick Carrasco,29.0,be BEL,"DF,MF"
14382,yannick eduardo,63,2025-2026,Yannick Eduardo,20.0,Czech Republic,F
14383,yannick eduardo,68,2023-2024,Yannick Eduardo,17.0,cz CZE,FW
14384,yannick gerhardt,74,2022-2023,Yannick Gerhardt,28.0,de GER,MF
14385,yannick gerhardt,74,2023-2024,Yannick Gerhardt,29.0,de GER,MF
14386,yannick gerhardt,74,2024-2025,Yannick Gerhardt,30.0,de GER,"MF,DF"
14387,yannick gerhardt,74,2025-2026,Yannick Gerhardt,31.0,Germany,M
14388,yannick pandor,108,2022-2023,Yannick Pandor,21.0,Comoros,K
14389,yannick pandor,108,2023-2024,Yannick Pandor,22.0,Comoros,K
14390,yannik engelhardt,67,2025-2026,Yannik Engelhardt,24.0,Germany,M
14391,yannik engelhardt,79,2024-2025,Yannik Engelhardt,23.0,de GER,"MF,DF"
14392,yannik keitel,52,2025-2026,Yannik Keitel,25.0,Germany,M
14393,yannik keitel,59,2022-2023,Yannik Keitel,22.0,de GER,MF
14394,yannik keitel,59,2023-2024,Yannik Keitel,23.0,de GER,"DF,MF"
14395,yannik keitel,71,2024-2025,Yannik Keitel,24.0,de GER,MF
14396,yannik keitel,71,2025-2026,Yannik Keitel,25.0,Germany,M
14397,yannik luhrs,56,2024-2025,Yannik Lührs,20.0,de GER,DF
14398,yannik wagner,61,2025-2026,Yannik Wagner,18.0,Germany,F
14399,yannis lawson,113,2025-2026,Yannis Lawson,21.0,Belgium,D
14400,yannis nahounou,117,2023-2024,Yannis Nahounou,19.0,France,D
14401,yarek gasiorowski,25,2023-2024,Yarek Gasiorowski,18.0,es ESP,DF
14402,yarek gasiorowski,25,2024-2025,Yarek Gasiorowski,19.0,es ESP,DF
14403,yaser asprilla,11,2024-2025,Yáser Asprilla,20.0,co COL,"MF,FW"
14404,yasin ayari,31,2022-2023,Yasin Ayari,18.0,se SWE,MF
14405,yasin ayari,31,2024-2025,Yasin Ayari,20.0,se SWE,MF
14406,yasin ayari,31,2025-2026,Yasin Ayari,22.0,Sweden,M
14407,yasser larouci,46,2023-2024,Yasser Larouci,22.0,dz ALG,MF
14408,yasser larouci,125,2022-2023,Yasser Larouci,21.0,dz ALG,"MF,DF"
14409,yassin belkhdim,103,2022-2023,Yassin Belkhdim,20.0,Morocco,M
14410,yassin belkhdim,103,2024-2025,Yassin Belkhdim,22.0,fr FRA,MF
14411,yassin belkhdim,103,2025-2026,Yassin Belkhdim,23.0,Morocco,M
14412,yassin tallal,10,2023-2024,Yassin Tallal,18.0,es ESP,MF
14413,yassine benhattab,116,2025-2026,Yassine Benhattab,23.0,France,F
14414,yassine bounou,24,2022-2023,Yassine Bounou,31.0,ma MAR,GK
14415,yassine bounou,24,2023-2024,Yassine Bounou,32.0,ma MAR,GK
14416,yassine kechta,107,2023-2024,Yassine Kechta,21.0,ma MAR,MF
14417,yassine kechta,107,2024-2025,Yassine Kechta,22.0,ma MAR,"MF,FW"
14418,yassine kechta,107,2025-2026,Yassine Kechta,23.0,Morocco,M
14419,yassir zabiri,121,2025-2026,Yassir Zabiri,20.0,Morocco,F
14420,yaya fofana,108,2022-2023,Yaya Fofana,18.0,Mali,M
14421,yaya fofana,120,2023-2024,Yaya Fofana,,,
14422,yaya fofana,120,2024-2025,Yaya Fofana,20.0,Cote d'Ivoire,M
14423,yaya kader fofana,120,2023-2024,Yaya Kader Fofana,19.0,ml MLI,MF
14424,yaya kader fofana,120,2024-2025,Yaya Kader Fofana,20.0,ml MLI,"MF,FW"
14425,yayah kallon,85,2022-2023,Yayah Kallon,21.0,sl SLE,MF
14426,yayah kallon,85,2023-2024,Yayah Kallon,22.0,sl SLE,FW
14427,yeferson paz,97,2023-2024,Yeferson Paz,21.0,co COL,DF
14428,yegor yarmolyuk,30,2023-2024,Yegor Yarmolyuk,19.0,Ukraine,F
14429,yegor yarmolyuk,30,2024-2025,Yegor Yarmolyuk,21.0,Ukraine,F
14430,yegor yarmolyuk,30,2025-2026,Yegor Yarmolyuk,21.0,Ukraine,M
14431,yehor yarmoliuk,30,2022-2023,Yehor Yarmoliuk,18.0,ua UKR,MF
14432,yehor yarmoliuk,30,2023-2024,Yehor Yarmoliuk,19.0,ua UKR,MF
14433,yehor yarmoliuk,30,2024-2025,Yehor Yarmoliuk,20.0,ua UKR,MF
14434,yehvann diouf,117,2025-2026,Yehvann Diouf,26.0,Senegal,K
14435,yehvann diouf,120,2022-2023,Yehvann Diouf,22.0,sn SEN,GK
14436,yehvann diouf,120,2023-2024,Yehvann Diouf,23.0,sn SEN,GK
14437,yehvann diouf,120,2024-2025,Yehvann Diouf,24.0,sn SEN,GK
14438,yellu santiago,10,2023-2024,Yellu Santiago,19.0,es ESP,MF
14439,yellu santiago,10,2024-2025,Yellu Santiago,20.0,es ESP,MF
14440,yellu santiago,25,2022-2023,Yellu Santiago,18.0,es ESP,MF
14441,yeray alvarez,3,2022-2023,Yeray Álvarez,27.0,es ESP,DF
14442,yeray alvarez,3,2023-2024,Yeray Álvarez,28.0,es ESP,DF
14443,yeray alvarez,3,2024-2025,Yeray Álvarez,29.0,es ESP,DF
14444,yeray alvarez,3,2025-2026,Yeray Álvarez,31.0,Spain,D
14445,yeremi pino,26,2022-2023,Yeremi Pino,19.0,es ESP,"MF,FW"
14446,yeremi pino,26,2023-2024,Yeremi Pino,20.0,es ESP,"MF,FW"
14447,yeremi pino,26,2024-2025,Yeremi Pino,21.0,es ESP,MF
14448,yeremi pino,34,2025-2026,Yeremi Pino,23.0,Spain,F
14449,yeremy pino,26,2022-2023,Yéremy Pino,,,
14450,yeremy pino,26,2023-2024,Yéremy Pino,,,
14451,yeremy pino,26,2024-2025,Yéremy Pino,,,
14452,yerry mina,35,2022-2023,Yerry Mina,27.0,co COL,DF
14453,yerry mina,78,2023-2024,Yerry Mina,28.0,co COL,DF
14454,yerry mina,78,2024-2025,Yerry Mina,29.0,co COL,DF
14455,yerry mina,78,2025-2026,Yerry Mina,31.0,Colombia,D
14456,yerry mina,82,2023-2024,Yerry Mina,28.0,co COL,DF
14457,yerson mosquera,26,2023-2024,Yerson Mosquera,22.0,co COL,DF
14458,yerson mosquera,51,2022-2023,Yerson Mosquera,21.0,co COL,DF
14459,yerson mosquera,51,2023-2024,Yerson Mosquera,22.0,co COL,DF
14460,yerson mosquera,51,2024-2025,Yerson Mosquera,23.0,co COL,DF
14461,yerson mosquera,51,2025-2026,Yerson Mosquera,24.0,Colombia,D
14462,ylber ramadani,89,2023-2024,Ylber Ramadani,27.0,al ALB,MF
14463,ylber ramadani,89,2024-2025,Ylber Ramadani,28.0,al ALB,MF
14464,ylber ramadani,89,2025-2026,Ylber Ramadani,29.0,Albania,M
14465,yldrm mert cetin,89,2022-2023,Yıldırım Mert Çetin,25.0,tr TUR,DF
14466,ylies aradj,124,2023-2024,Ylies Aradj,18.0,France,D
14467,ylies aradj,124,2024-2025,Ylies Aradj,19.0,France,D
14468,yllan okou,85,2024-2025,Yllan Okou,21.0,fr FRA,DF
14469,yllan okou,114,2022-2023,Yllan Okou,20.0,France,D
14470,yoane wissa,30,2022-2023,Yoane Wissa,25.0,cd COD,FW
14471,yoane wissa,30,2023-2024,Yoane Wissa,26.0,cd COD,FW
14472,yoane wissa,30,2024-2025,Yoane Wissa,27.0,cd COD,FW
14473,yoane wissa,44,2025-2026,Yoane Wissa,29.0,Democratic Republic of the Congo,F
14474,yoann cathline,110,2022-2023,Yoann Cathline,20.0,fr FRA,MF
14475,yoann cisse,104,2024-2025,Yoann Cisse,19.0,fr FRA,MF
14476,yoann salmier,107,2023-2024,Yoann Salmier,30.0,gf GUF,DF
14477,yoann salmier,107,2024-2025,Yoann Salmier,31.0,gf GUF,DF
14478,yoann salmier,125,2022-2023,Yoann Salmier,29.0,gf GUF,DF
14479,yoann touzghar,102,2022-2023,Yoann Touzghar,35.0,tn TUN,FW
14480,yoann touzgharac,102,2022-2023,Yoann TouzgharAC,,,
14481,yoel armougom,106,2023-2024,Yoël Armougom,25.0,fr FRA,"MF,DF"
14482,yoel lago,7,2023-2024,Yoel Lago,19.0,es ESP,DF
14483,yoel lago,7,2024-2025,Yoel Lago,20.0,es ESP,DF
14484,yoel lago,7,2025-2026,Yoel Lago,21.0,Spain,D
14485,yoel ramirez,17,2022-2023,Yoel Ramírez,20.0,es ESP,GK
14486,yohann magnin,106,2022-2023,Yohann Magnin,25.0,fr FRA,MF
14487,yohann magnin,106,2023-2024,Yohann Magnin,26.0,fr FRA,MF
14488,yoni gomis,107,2023-2024,Yoni Gomis,18.0,France,D
14489,yoni gomis,123,2024-2025,Yoni Gomis,19.0,France,D
14490,yoram zague,119,2023-2024,Yoram Zague,17.0,fr FRA,DF
14491,yoram zague,119,2024-2025,Yoram Zague,18.0,fr FRA,DF
14492,yorbe vertessen,72,2023-2024,Yorbe Vertessen,22.0,be BEL,"FW,MF"
14493,yorbe vertessen,72,2024-2025,Yorbe Vertessen,23.0,be BEL,"MF,FW"
14494,yordan osorio,92,2024-2025,Yordan Osorio,30.0,ve VEN,DF
14495,youba diarra,6,2022-2023,Youba Diarra,24.0,ml MLI,MF
14496,youba diarra,6,2023-2024,Youba Diarra,25.0,Mali,M
14497,youcef atal,117,2022-2023,Youcef Atal,26.0,dz ALG,"DF,MF"
14498,youcef atal,117,2023-2024,Youcef Atal,27.0,dz ALG,DF
14499,youcef belaili,102,2022-2023,Youcef Belaïli,30.0,dz ALG,"MF,FW"
14500,youcef belaili,105,2022-2023,Youcef Belaïli,30.0,dz ALG,"MF,FW"
14501,youcef belailiac,102,2022-2023,Youcef BelaïliAC,,,
14502,younes ebnoutalib,58,2025-2026,Younes Ebnoutalib,22.0,Germany,F
14503,younes lachaab,109,2024-2025,Younes Lachaab,19.0,fr FRA,MF
14504,youri tielemans,28,2023-2024,Youri Tielemans,26.0,be BEL,"MF,FW"
14505,youri tielemans,28,2024-2025,Youri Tielemans,27.0,be BEL,MF
14506,youri tielemans,28,2025-2026,Youri Tielemans,28.0,Belgium,M
14507,youri tielemans,39,2022-2023,Youri Tielemans,25.0,be BEL,MF
14508,youssef chermiti,35,2023-2024,Youssef Chermiti,19.0,pt POR,FW
14509,youssef chermiti,35,2024-2025,Youssef Chermiti,20.0,pt POR,FW
14510,youssef el arabi,116,2025-2026,Youssef El Arabi,39.0,Morocco,F
14511,youssef en-nesyri,24,2022-2023,Youssef En-Nesyri,25.0,ma MAR,FW
14512,youssef en-nesyri,24,2023-2024,Youssef En-Nesyri,26.0,ma MAR,FW
14513,youssef enriquez,1,2025-2026,Youssef Enríquez,20.0,Morocco,D
14514,youssef lekhedim,20,2024-2025,Youssef Lekhedim,18.0,es ESP,DF
14515,youssef maleh,80,2025-2026,Youssef Maleh,27.0,Morocco,M
14516,youssef maleh,81,2023-2024,Youssef Maleh,24.0,ma MAR,MF
14517,youssef maleh,81,2024-2025,Youssef Maleh,25.0,ma MAR,MF
14518,youssef maleh,82,2022-2023,Youssef Maleh,23.0,ma MAR,MF
14519,youssef maleh,89,2022-2023,Youssef Maleh,23.0,ma MAR,MF
14520,youssef maleh,89,2023-2024,Youssef Maleh,24.0,ma MAR,MF
14521,youssef maleh,89,2025-2026,Youssef Maleh,27.0,Morocco,M
14522,youssef maziz,113,2023-2024,Youssef Maziz,25.0,fr FRA,MF
14523,youssouf fofana,75,2024-2025,Youssouf Fofana,25.0,fr FRA,MF
14524,youssouf fofana,75,2025-2026,Youssouf Fofana,27.0,France,M
14525,youssouf fofana,114,2022-2023,Youssouf Fofana,23.0,fr FRA,MF
14526,youssouf fofana,114,2023-2024,Youssouf Fofana,24.0,fr FRA,MF
14527,youssouf fofanaac,75,2024-2025,Youssouf FofanaAC,,,
14528,youssouf kone,102,2022-2023,Youssouf Koné,27.0,ml MLI,DF
14529,youssouf koneac,102,2022-2023,Youssouf KonéAC,,,
14530,youssouf m'changama,104,2022-2023,Youssouf M'Changama,31.0,km COM,MF
14531,youssouf ndayishimiye,117,2022-2023,Youssouf Ndayishimiye,23.0,bi BDI,"DF,MF"
14532,youssouf ndayishimiye,117,2023-2024,Youssouf Ndayishimiye,24.0,bi BDI,"MF,DF"
14533,youssouf ndayishimiye,117,2024-2025,Youssouf Ndayishimiye,25.0,bi BDI,DF
14534,youssouf ndayishimiye,117,2025-2026,Youssouf Ndayishimiye,27.0,Burundi,D
14535,youssouf sabaly,19,2022-2023,Youssouf Sabaly,29.0,sn SEN,DF
14536,youssouf sabaly,19,2023-2024,Youssouf Sabaly,30.0,sn SEN,DF
14537,youssouf sabaly,19,2024-2025,Youssouf Sabaly,31.0,sn SEN,DF
14538,youssoufa moukoko,56,2022-2023,Youssoufa Moukoko,17.0,de GER,FW
14539,youssoufa moukoko,56,2023-2024,Youssoufa Moukoko,18.0,de GER,FW
14540,youssoufa moukoko,117,2024-2025,Youssoufa Moukoko,19.0,de GER,FW
14541,youssoupha niang,65,2025-2026,Youssoupha Niang,19.0,Germany,F
14542,yuito suzuki,59,2025-2026,Yuito Suzuki,24.0,Japan,F
14543,yuito suzuki,123,2022-2023,Yuito Suzuki,20.0,jp JPN,"FW,MF"
14544,yukinari sugawara,47,2024-2025,Yukinari Sugawara,24.0,jp JPN,"MF,DF"
14545,yukinari sugawara,73,2025-2026,Yukinari Sugawara,25.0,Japan,D
14546,yunis abdelhamid,120,2022-2023,Yunis Abdelhamid,34.0,ma MAR,DF
14547,yunis abdelhamid,120,2023-2024,Yunis Abdelhamid,35.0,ma MAR,DF
14548,yunis abdelhamid,122,2024-2025,Yunis Abdelhamid,36.0,ma MAR,DF
14549,yunus emre konak,30,2023-2024,Yunus Emre Konak,17.0,tr TUR,MF
14550,yunus emre konak,30,2024-2025,Yunus Emre Konak,18.0,tr TUR,MF
14551,yunus emre konak,30,2025-2026,Yunus Emre Konak,19.0,Turkey,M
14552,yunus konak,30,2024-2025,Yunus Konak,,,
14553,yunus musah,25,2022-2023,Yunus Musah,19.0,us USA,MF
14554,yunus musah,75,2023-2024,Yunus Musah,20.0,us USA,MF
14555,yunus musah,75,2024-2025,Yunus Musah,21.0,us USA,"MF,FW"
14556,yunus musah,76,2025-2026,Yunus Musah,23.0,United States,M
14557,yunus musahac,75,2023-2024,Yunus MusahAC,,,
14558,yunus musahac,75,2024-2025,Yunus MusahAC,,,
14559,yuri berchiche,3,2022-2023,Yuri Berchiche,32.0,es ESP,DF
14560,yuri berchiche,3,2023-2024,Yuri Berchiche,33.0,es ESP,DF
14561,yuri berchiche,3,2024-2025,Yuri Berchiche,34.0,es ESP,DF
14562,yuri berchiche,3,2025-2026,Yuri Berchiche,35.0,Spain,D
14563,yussuf poulsen,60,2025-2026,Yussuf Poulsen,31.0,Denmark,F
14564,yussuf poulsen,68,2022-2023,Yussuf Poulsen,28.0,dk DEN,FW
14565,yussuf poulsen,68,2023-2024,Yussuf Poulsen,29.0,dk DEN,FW
14566,yussuf poulsen,68,2024-2025,Yussuf Poulsen,30.0,dk DEN,"MF,FW"
14567,yusuf akhamrich,49,2025-2026,Yusuf Akhamrich,20.0,Morocco,F
14568,yusuf kabaday,52,2024-2025,Yusuf Kabadayı,20.0,de GER,FW
14569,yusuf kabadayi,52,2024-2025,Yusuf Kabadayi,21.0,Germany,F
14570,yusuf yazc,109,2022-2023,Yusuf Yazıcı,25.0,tr TUR,MF
14571,yusuf yazc,109,2023-2024,Yusuf Yazıcı,26.0,tr TUR,"MF,FW"
14572,yusuf yazici,109,2022-2023,Yusuf Yazici,,,
14573,yusuf yazici,109,2023-2024,Yusuf Yazici,,,
14574,yuzun ley,16,2023-2024,Yuzún Ley,19.0,es ESP,DF
14575,yvan neyou,14,2024-2025,Yvan Neyou,27.0,cm CMR,MF
14576,yvandro borges sanches,67,2022-2023,Yvandro Borges Sanches,18.0,lu LUX,MF
14577,yvandro borges sanches,67,2023-2024,Yvandro Borges Sanches,19.0,lu LUX,MF
14578,yvandro borges sanches,67,2024-2025,Yvandro Borges Sanches,20.0,Luxembourg,F
14579,yvandro borges sanchesborussia m.,67,2022-2023,Yvandro Borges SanchesBorussia M.,,,
14580,yvandro borges sanchesborussia m.,67,2023-2024,Yvandro Borges SanchesBorussia M.,,,
14581,yvann macon,122,2024-2025,Yvann Maçon,25.0,fr FRA,DF
14582,yves bissouma,49,2022-2023,Yves Bissouma,25.0,ml MLI,MF
14583,yves bissouma,49,2023-2024,Yves Bissouma,26.0,ml MLI,MF
14584,yves bissouma,49,2024-2025,Yves Bissouma,27.0,ml MLI,MF
14585,yves bissouma,49,2025-2026,Yves Bissouma,29.0,Mali,M
14586,yvon mvogo,110,2022-2023,Yvon Mvogo,28.0,ch SUI,GK
14587,yvon mvogo,110,2023-2024,Yvon Mvogo,29.0,ch SUI,GK
14588,yvon mvogo,110,2025-2026,Yvon Mvogo,31.0,Switzerland,K
14589,zabi gueu,120,2024-2025,Zabi Gueu,,,
14590,zach abbott,45,2024-2025,Zach Abbott,18.0,eng ENG,DF
14591,zach abbott,45,2025-2026,Zach Abbott,19.0,England,D
14592,zachariah marsh,34,2024-2025,Zachariah Marsh,18.0,eng ENG,FW
14593,zachary athekame,75,2025-2026,Zachary Athekame,21.0,Switzerland,D
14594,zack nelson,41,2023-2024,Zack Nelson,18.0,eng ENG,MF
14595,zaid romero,10,2025-2026,Zaid Romero,26.0,Argentina,D
14596,zain silcott-duberry,29,2024-2025,Zain Silcott-Duberry,19.0,ms MSR,MF
14597,zak sturge,33,2023-2024,Zak Sturge,19.0,eng ENG,DF
14598,zakaria aboukhlal,99,2025-2026,Zakaria Aboukhlal,25.0,Morocco,F
14599,zakaria aboukhlal,124,2022-2023,Zakaria Aboukhlal,22.0,ma MAR,"MF,FW"
14600,zakaria aboukhlal,124,2023-2024,Zakaria Aboukhlal,23.0,ma MAR,"FW,MF"
14601,zakaria aboukhlal,124,2024-2025,Zakaria Aboukhlal,24.0,ma MAR,"MF,FW"
14602,zanka,30,2022-2023,Zanka,33.0,Denmark,D
14603,zanka,30,2023-2024,Zanka,33.0,Denmark,D
14604,zanos savva,99,2023-2024,Zanos Savva,17.0,cy CYP,FW
14605,zanos savva,99,2024-2025,Zanos Savva,19.0,Cyprus,F
14606,zanos savva,99,2025-2026,Zanos Savva,20.0,Cyprus,F
14607,ze pedro,78,2025-2026,Zé Pedro,28.0,Portugal,D
14608,zeki amdouni,32,2023-2024,Zeki Amdouni,22.0,ch SUI,FW
14609,zeki amdouni,32,2025-2026,Zeki Amdouni,25.0,Switzerland,F
14610,zeki celik,94,2022-2023,Zeki Çelik,25.0,tr TUR,"MF,DF"
14611,zeki celik,94,2023-2024,Zeki Çelik,26.0,tr TUR,"DF,MF"
14612,zeki celik,94,2024-2025,Zeki Çelik,27.0,tr TUR,"DF,MF"
14613,zeki celik,94,2025-2026,Zeki Çelik,28.0,Turkey,D
14614,zepiqueno redmond,28,2025-2026,Zepiqueno Redmond,19.0,Netherlands,F
14615,zian flemming,32,2025-2026,Zian Flemming,27.0,Netherlands,F
14616,zidan sertdemir,53,2022-2023,Zidan Sertdemir,17.0,dk DEN,MF
14617,zidane iqbal,43,2022-2023,Zidane Iqbal,19.0,iq IRQ,MF
14618,zinedin smajlovic,89,2023-2024,Zinedin Smajlovic,19.0,se SWE,DF
14619,zinedine ferhat,103,2024-2025,Zinedine Ferhat,31.0,dz ALG,MF
14620,zinedine ould khaled,103,2022-2023,Zinédine Ould Khaled,22.0,fr FRA,MF
14621,zinedine ould khaled,103,2024-2025,Zinédine Ould Khaled,24.0,fr FRA,MF
14622,zion suzuki,92,2024-2025,Zion Suzuki,21.0,jp JPN,GK
14623,zion suzuki,92,2025-2026,Zion Suzuki,23.0,Japan,K
14624,zito luvumbo,16,2025-2026,Zito Luvumbo,23.0,Angola,F
14625,zito luvumbo,78,2023-2024,Zito Luvumbo,21.0,ao ANG,"MF,FW"
14626,zito luvumbo,78,2024-2025,Zito Luvumbo,22.0,ao ANG,"FW,MF"
14627,zito luvumbo,78,2025-2026,Zito Luvumbo,23.0,Angola,F
14628,zlatan ibrahimovic,75,2022-2023,Zlatan Ibrahimović,40.0,se SWE,FW
14629,zlatan ibrahimovicac,75,2022-2023,Zlatan IbrahimovicAC,,,
14630,zouhair feddal,23,2022-2023,Zouhair Feddal,33.0,ma MAR,DF
14631,zuriko davitashvili,122,2024-2025,Zuriko Davitashvili,23.0,ge GEO,"FW,MF"
