PlayerID,ClubID,LigaID,TemporadaID,Net_Fixed_PW_USD,Net_Fixed_PY_USD,Net_Bonus_PY_USD,Net_Total_PY_USD,Adj_Net_Total_PY_2026
3704,20,1,1,312186.0,16233675.0,0.0,16233675.0,17130001.0
14064,20,1,1,249749.0,12986940.0,6493470.0,19480410.0,20556001.0
13737,20,1,1,243505.0,12662266.0,0.0,12662266.0,13361401.0
12841,5,1,1,239759.0,12467462.0,0.0,12467462.0,13155841.0
7496,20,1,1,239759.0,12467462.0,0.0,12467462.0,13155841.0
3127,20,1,1,224774.0,11688246.0,0.0,11688246.0,12333601.0
8645,20,1,1,218530.0,11363572.0,0.0,11363572.0,11991001.0
6149,4,1,1,208124.0,10822450.0,0.0,10822450.0,11420001.0
12108,5,1,1,208124.0,10822450.0,0.0,10822450.0,11420001.0
4780,5,1,1,179819.0,9350597.0,2532453.0,11883050.0,12539161.0
11184,5,1,1,159839.0,8311642.0,2077910.0,10389552.0,10963201.0
7842,4,1,1,159839.0,8311642.0,0.0,8311642.0,8770561.0
13398,20,1,1,149849.0,7792164.0,0.0,7792164.0,8222400.0
4947,5,1,1,147352.0,7662295.0,0.0,7662295.0,8085360.0
1407,20,1,1,145687.0,7575715.0,2164490.0,9740205.0,10278001.0
1275,5,1,1,139443.0,7251041.0,0.0,7251041.0,7651400.0
7277,5,1,1,135281.0,7034592.0,0.0,7034592.0,7423000.0
910,4,1,1,135281.0,7034592.0,0.0,7034592.0,7423000.0
14380,4,1,1,131118.0,6818143.0,0.0,6818143.0,7194600.0
1648,20,1,1,124874.0,6493470.0,0.0,6493470.0,6852000.0
11847,5,1,1,124874.0,6493470.0,0.0,6493470.0,6852000.0
1336,4,1,1,124874.0,6493470.0,0.0,6493470.0,6852000.0
12687,4,1,1,119879.0,6233731.0,0.0,6233731.0,6577920.0
10405,20,1,1,114468.0,5952347.0,0.0,5952347.0,6281000.0
5705,3,1,1,113844.0,5919880.0,0.0,5919880.0,6246740.0
6960,5,1,1,105519.0,5486982.0,0.0,5486982.0,5789940.0
2888,20,1,1,104062.0,5411225.0,0.0,5411225.0,5710000.0
2935,20,1,1,104062.0,5411225.0,0.0,5411225.0,5710000.0
4422,20,1,1,104062.0,5411225.0,0.0,5411225.0,5710000.0
4448,5,1,1,99900.0,5194776.0,1558433.0,6753209.0,7126080.0
9021,20,1,1,98235.0,5108196.0,0.0,5108196.0,5390240.0
11478,5,1,1,93656.0,4870102.0,0.0,4870102.0,5139000.0
8548,20,1,1,93656.0,4870102.0,0.0,4870102.0,5139000.0
4708,5,1,1,89910.0,4675298.0,2077910.0,6753209.0,7126080.0
1132,5,1,1,89910.0,4675298.0,2077910.0,6753209.0,7126080.0
8979,5,1,1,89910.0,4675298.0,0.0,4675298.0,4933440.0
5717,3,1,1,88661.0,4610364.0,0.0,4610364.0,4864920.0
9895,4,1,1,87412.0,4545429.0,0.0,4545429.0,4796400.0
3763,20,1,1,83250.0,4328980.0,0.0,4328980.0,4568000.0
12232,20,1,1,83250.0,4328980.0,0.0,4328980.0,4568000.0
1677,4,1,1,83250.0,4328980.0,0.0,4328980.0,4568000.0
9147,20,1,1,83250.0,4328980.0,0.0,4328980.0,4568000.0
9172,4,1,1,83250.0,4328980.0,0.0,4328980.0,4568000.0
9099,4,1,1,83250.0,4328980.0,0.0,4328980.0,4568000.0
4376,20,1,1,81168.0,4220756.0,0.0,4220756.0,4453800.0
3707,20,1,1,72843.0,3787857.0,541122.0,4328980.0,4568000.0
918,20,1,1,72843.0,3787857.0,0.0,3787857.0,3997000.0
12302,5,1,1,69930.0,3636343.0,0.0,3636343.0,3837120.0
4902,4,1,1,68889.0,3582231.0,0.0,3582231.0,3780020.0
10397,19,1,1,67848.0,3528119.0,0.0,3528119.0,3722920.0
4884,5,1,1,67848.0,3528119.0,0.0,3528119.0,3722920.0
8625,19,1,1,66600.0,3463184.0,324673.0,3787857.0,3997000.0
12213,4,1,1,66600.0,3463184.0,0.0,3463184.0,3654400.0
5882,24,1,1,64518.0,3354959.0,649347.0,4004306.0,4225400.0
10081,22,1,1,62437.0,3246735.0,0.0,3246735.0,3426000.0
9089,5,1,1,62437.0,3246735.0,0.0,3246735.0,3426000.0
4081,5,1,1,59940.0,3116866.0,0.0,3116866.0,3288960.0
4816,25,1,1,53280.0,2770547.0,0.0,2770547.0,2923520.0
3204,22,1,1,52864.0,2748902.0,0.0,2748902.0,2900680.0
10358,10,1,1,52447.0,2727257.0,0.0,2727257.0,2877840.0
2086,22,1,1,52031.0,2705612.0,0.0,2705612.0,2855000.0
12826,5,1,1,49950.0,2597388.0,0.0,2597388.0,2740800.0
2035,10,1,1,47869.0,2489164.0,0.0,2489164.0,2626600.0
7025,25,1,1,45787.0,2380939.0,0.0,2380939.0,2512400.0
13977,16,1,1,45787.0,2380939.0,0.0,2380939.0,2512400.0
13149,4,1,1,44955.0,2337649.0,0.0,2337649.0,2466720.0
6511,24,1,1,43914.0,2283537.0,0.0,2283537.0,2409620.0
3323,9,1,1,43706.0,2272714.0,0.0,2272714.0,2398200.0
8989,24,1,1,43706.0,2272714.0,0.0,2272714.0,2398200.0
13892,3,1,1,42665.0,2218602.0,0.0,2218602.0,2341100.0
14559,3,1,1,42665.0,2218602.0,0.0,2218602.0,2341100.0
9567,4,1,1,42041.0,2186135.0,0.0,2186135.0,2306840.0
13288,24,1,1,41625.0,2164490.0,0.0,2164490.0,2284000.0
3727,25,1,1,41625.0,2164490.0,0.0,2164490.0,2284000.0
672,22,1,1,41625.0,2164490.0,0.0,2164490.0,2284000.0
12314,23,1,1,41625.0,2164490.0,0.0,2164490.0,2284000.0
5068,26,1,1,41209.0,2142845.0,0.0,2142845.0,2261160.0
7029,4,1,1,39960.0,2077910.0,0.0,2077910.0,2192640.0
10317,25,1,1,39960.0,2077910.0,0.0,2077910.0,2192640.0
10555,24,1,1,39544.0,2056265.0,0.0,2056265.0,2169800.0
11313,24,1,1,38503.0,2002153.0,0.0,2002153.0,2112700.0
2902,26,1,1,37879.0,1969686.0,0.0,1969686.0,2078440.0
11412,26,1,1,37879.0,1969686.0,0.0,1969686.0,2078440.0
10430,4,1,1,37462.0,1948041.0,0.0,1948041.0,2055600.0
4943,26,1,1,37462.0,1948041.0,0.0,1948041.0,2055600.0
7408,25,1,1,37462.0,1948041.0,0.0,1948041.0,2055600.0
9729,10,1,1,37462.0,1948041.0,0.0,1948041.0,2055600.0
4685,26,1,1,37462.0,1948041.0,0.0,1948041.0,2055600.0
3168,11,1,1,35589.0,1850639.0,0.0,1850639.0,1952820.0
6577,24,1,1,35381.0,1839816.0,0.0,1839816.0,1941400.0
10643,3,1,1,34965.0,1818172.0,0.0,1818172.0,1918560.0
1234,4,1,1,34965.0,1818172.0,0.0,1818172.0,1918560.0
809,26,1,1,33300.0,1731592.0,0.0,1731592.0,1827200.0
8279,24,1,1,32884.0,1709947.0,367963.0,2077910.0,2192640.0
4102,24,1,1,32884.0,1709947.0,0.0,1709947.0,1804360.0
13449,4,1,1,32467.0,1688302.0,0.0,1688302.0,1781520.0
5698,5,1,1,32467.0,1688302.0,0.0,1688302.0,1781520.0
10077,22,1,1,32051.0,1666657.0,0.0,1666657.0,1758680.0
12871,4,1,1,31843.0,1655835.0,0.0,1655835.0,1747260.0
729,22,1,1,31427.0,1634190.0,0.0,1634190.0,1724420.0
3538,10,1,1,31219.0,1623367.0,0.0,1623367.0,1713000.0
5616,22,1,1,31219.0,1623367.0,0.0,1623367.0,1713000.0
9292,9,1,1,31219.0,1623367.0,541122.0,2164490.0,2284000.0
11883,18,1,1,31010.0,1612545.0,0.0,1612545.0,1701580.0
6906,10,1,1,29970.0,1558433.0,0.0,1558433.0,1644480.0
9343,22,1,1,29970.0,1558433.0,0.0,1558433.0,1644480.0
616,8,1,1,29970.0,1558433.0,0.0,1558433.0,1644480.0
1034,3,1,1,29970.0,1558433.0,313851.0,1872284.0,1975660.0
1606,22,1,1,29970.0,1558433.0,0.0,1558433.0,1644480.0
14511,24,1,1,29970.0,1558433.0,0.0,1558433.0,1644480.0
9316,19,1,1,29554.0,1536788.0,0.0,1536788.0,1621640.0
5508,7,1,1,28929.0,1504321.0,0.0,1504321.0,1587380.0
9087,24,1,1,28929.0,1504321.0,0.0,1504321.0,1587380.0
11876,26,1,1,28305.0,1471853.0,0.0,1471853.0,1553120.0
1203,20,1,1,28097.0,1461031.0,0.0,1461031.0,1541700.0
12174,22,1,1,27889.0,1450208.0,0.0,1450208.0,1530280.0
13225,24,1,1,27889.0,1450208.0,0.0,1450208.0,1530280.0
4433,24,1,1,27889.0,1450208.0,0.0,1450208.0,1530280.0
2893,3,1,1,27681.0,1439386.0,0.0,1439386.0,1518860.0
2024,24,1,1,27056.0,1406918.0,0.0,1406918.0,1484600.0
14041,11,1,1,27056.0,1406918.0,0.0,1406918.0,1484600.0
11111,11,1,1,26016.0,1352806.0,0.0,1352806.0,1427500.0
6236,7,1,1,26016.0,1352806.0,0.0,1352806.0,1427500.0
2286,7,1,1,25599.0,1331161.0,0.0,1331161.0,1404660.0
7501,24,1,1,24975.0,1298694.0,0.0,1298694.0,1370400.0
4951,19,1,1,24975.0,1298694.0,0.0,1298694.0,1370400.0
3205,10,1,1,24975.0,1298694.0,0.0,1298694.0,1370400.0
12531,25,1,1,24975.0,1298694.0,0.0,1298694.0,1370400.0
7073,9,1,1,24975.0,1298694.0,0.0,1298694.0,1370400.0
10984,3,1,1,24975.0,1298694.0,0.0,1298694.0,1370400.0
7773,10,1,1,23934.0,1244582.0,0.0,1244582.0,1313300.0
14441,3,1,1,23934.0,1244582.0,0.0,1244582.0,1313300.0
7257,19,1,1,23934.0,1244582.0,0.0,1244582.0,1313300.0
2180,24,1,1,23518.0,1222937.0,0.0,1222937.0,1290460.0
14226,19,1,1,23518.0,1222937.0,0.0,1222937.0,1290460.0
11035,24,1,1,22894.0,1190470.0,0.0,1190470.0,1256200.0
5642,3,1,1,22061.0,1147180.0,0.0,1147180.0,1210520.0
14244,19,1,1,22061.0,1147180.0,0.0,1147180.0,1210520.0
6024,10,1,1,21437.0,1114712.0,0.0,1114712.0,1176260.0
11695,10,1,1,21021.0,1093067.0,0.0,1093067.0,1153420.0
6231,25,1,1,21021.0,1093067.0,0.0,1093067.0,1153420.0
10559,10,1,1,20812.0,1082245.0,0.0,1082245.0,1142000.0
11888,3,1,1,20812.0,1082245.0,0.0,1082245.0,1142000.0
11211,4,1,1,20812.0,1082245.0,0.0,1082245.0,1142000.0
5466,25,1,1,20812.0,1082245.0,0.0,1082245.0,1142000.0
13855,22,1,1,20812.0,1082245.0,0.0,1082245.0,1142000.0
1471,22,1,1,20812.0,1082245.0,0.0,1082245.0,1142000.0
8603,10,1,1,20812.0,1082245.0,0.0,1082245.0,1142000.0
5775,18,1,1,20812.0,1082245.0,0.0,1082245.0,1142000.0
8540,17,1,1,20812.0,1082245.0,0.0,1082245.0,1142000.0
606,26,1,1,19980.0,1038955.0,0.0,1038955.0,1096320.0
4633,7,1,1,19980.0,1038955.0,0.0,1038955.0,1096320.0
9094,25,1,1,19980.0,1038955.0,0.0,1038955.0,1096320.0
694,24,1,1,19980.0,1038955.0,0.0,1038955.0,1096320.0
13260,22,1,1,19980.0,1038955.0,0.0,1038955.0,1096320.0
7217,26,1,1,19980.0,1038955.0,0.0,1038955.0,1096320.0
5476,25,1,1,19147.0,995665.0,0.0,995665.0,1050640.0
11761,24,1,1,18939.0,984843.0,0.0,984843.0,1039220.0
12815,9,1,1,18939.0,984843.0,0.0,984843.0,1039220.0
4152,26,1,1,18939.0,984843.0,0.0,984843.0,1039220.0
6508,24,1,1,18939.0,984843.0,0.0,984843.0,1039220.0
3757,9,1,1,18731.0,974020.0,0.0,974020.0,1027800.0
3477,25,1,1,18731.0,974020.0,0.0,974020.0,1027800.0
6519,20,1,1,17899.0,930731.0,0.0,930731.0,982120.0
4195,8,1,1,17899.0,930731.0,0.0,930731.0,982120.0
11128,3,1,1,17899.0,930731.0,0.0,930731.0,982120.0
5134,6,1,1,17899.0,930731.0,0.0,930731.0,982120.0
13742,25,1,1,17482.0,909086.0,0.0,909086.0,959280.0
5487,7,1,1,17482.0,909086.0,0.0,909086.0,959280.0
8517,24,1,1,17066.0,887441.0,0.0,887441.0,936440.0
5204,19,1,1,17066.0,887441.0,0.0,887441.0,936440.0
609,3,1,1,17066.0,887441.0,0.0,887441.0,936440.0
13887,7,1,1,17066.0,887441.0,0.0,887441.0,936440.0
1401,16,1,1,16442.0,854974.0,0.0,854974.0,902180.0
5652,25,1,1,16234.0,844151.0,0.0,844151.0,890760.0
7589,23,1,1,16234.0,844151.0,0.0,844151.0,890760.0
12846,19,1,1,16026.0,833329.0,0.0,833329.0,879340.0
330,26,1,1,16026.0,833329.0,0.0,833329.0,879340.0
2032,19,1,1,16026.0,833329.0,0.0,833329.0,879340.0
7080,7,1,1,15609.0,811684.0,0.0,811684.0,856500.0
8259,8,1,1,15609.0,811684.0,0.0,811684.0,856500.0
5149,10,1,1,15401.0,800861.0,0.0,800861.0,845080.0
11300,24,1,1,14985.0,779216.0,0.0,779216.0,822240.0
5318,7,1,1,14985.0,779216.0,0.0,779216.0,822240.0
11523,26,1,1,14985.0,779216.0,0.0,779216.0,822240.0
13896,3,1,1,14985.0,779216.0,0.0,779216.0,822240.0
5046,25,1,1,14985.0,779216.0,0.0,779216.0,822240.0
2511,17,1,1,14985.0,779216.0,0.0,779216.0,822240.0
8620,2,1,1,14985.0,779216.0,0.0,779216.0,822240.0
14028,19,1,1,14985.0,779216.0,0.0,779216.0,822240.0
14553,25,1,1,14985.0,779216.0,0.0,779216.0,822240.0
6616,19,1,1,14985.0,779216.0,0.0,779216.0,822240.0
7042,26,1,1,14985.0,779216.0,0.0,779216.0,822240.0
1436,23,1,1,14985.0,779216.0,0.0,779216.0,822240.0
10234,17,1,1,14569.0,757571.0,0.0,757571.0,799400.0
11238,16,1,1,14569.0,757571.0,0.0,757571.0,799400.0
6800,17,1,1,14569.0,757571.0,0.0,757571.0,799400.0
1415,16,1,1,14569.0,757571.0,0.0,757571.0,799400.0
901,18,1,1,14569.0,757571.0,0.0,757571.0,799400.0
3119,23,1,1,14569.0,757571.0,0.0,757571.0,799400.0
1171,19,1,1,13944.0,725104.0,0.0,725104.0,765140.0
433,26,1,1,13944.0,725104.0,0.0,725104.0,765140.0
300,7,1,1,13944.0,725104.0,0.0,725104.0,765140.0
4577,18,1,1,13944.0,725104.0,0.0,725104.0,765140.0
5142,24,1,1,13736.0,714282.0,0.0,714282.0,753720.0
14445,26,1,1,13528.0,703459.0,0.0,703459.0,742300.0
12207,16,1,1,13112.0,681814.0,0.0,681814.0,719460.0
8890,16,1,1,13112.0,681814.0,0.0,681814.0,719460.0
7234,19,1,1,12904.0,670992.0,0.0,670992.0,708040.0
9242,24,1,1,12487.0,649347.0,0.0,649347.0,685200.0
3583,10,1,1,12487.0,649347.0,0.0,649347.0,685200.0
7200,17,1,1,12487.0,649347.0,0.0,649347.0,685200.0
4435,9,1,1,12487.0,649347.0,0.0,649347.0,685200.0
1703,19,1,1,12487.0,649347.0,0.0,649347.0,685200.0
12577,25,1,1,12487.0,649347.0,0.0,649347.0,685200.0
4714,7,1,1,12487.0,649347.0,0.0,649347.0,685200.0
10022,11,1,1,12487.0,649347.0,0.0,649347.0,685200.0
4292,18,1,1,12071.0,627702.0,0.0,627702.0,662360.0
1029,3,1,1,12071.0,627702.0,0.0,627702.0,662360.0
12820,9,1,1,12071.0,627702.0,0.0,627702.0,662360.0
3720,19,1,1,12071.0,627702.0,151514.0,779216.0,822240.0
2669,19,1,1,12071.0,627702.0,0.0,627702.0,662360.0
11058,10,1,1,12071.0,627702.0,0.0,627702.0,662360.0
3467,22,1,1,12071.0,627702.0,0.0,627702.0,662360.0
450,11,1,1,12071.0,627702.0,0.0,627702.0,662360.0
2760,11,1,1,12071.0,627702.0,0.0,627702.0,662360.0
8899,26,1,1,12071.0,627702.0,0.0,627702.0,662360.0
11144,7,1,1,12071.0,627702.0,0.0,627702.0,662360.0
11138,7,1,1,11447.0,595235.0,0.0,595235.0,628100.0
12345,17,1,1,11447.0,595235.0,0.0,595235.0,628100.0
8535,2,1,1,11031.0,573590.0,0.0,573590.0,605260.0
4049,25,1,1,11031.0,573590.0,0.0,573590.0,605260.0
12548,26,1,1,11031.0,573590.0,0.0,573590.0,605260.0
2914,3,1,1,11031.0,573590.0,0.0,573590.0,605260.0
14340,11,1,1,11031.0,573590.0,0.0,573590.0,605260.0
13353,6,1,1,11031.0,573590.0,0.0,573590.0,605260.0
6727,26,1,1,11031.0,573590.0,0.0,573590.0,605260.0
2315,8,1,1,10822.0,562767.0,0.0,562767.0,593840.0
13591,16,1,1,10822.0,562767.0,0.0,562767.0,593840.0
5886,23,1,1,10822.0,562767.0,0.0,562767.0,593840.0
8572,16,1,1,10614.0,551945.0,0.0,551945.0,582420.0
6972,26,1,1,10406.0,541122.0,0.0,541122.0,571000.0
9291,5,1,1,10406.0,541122.0,0.0,541122.0,571000.0
11150,18,1,1,10406.0,541122.0,0.0,541122.0,571000.0
12840,23,1,1,10406.0,541122.0,0.0,541122.0,571000.0
1054,25,1,1,10406.0,541122.0,0.0,541122.0,571000.0
11682,8,1,1,9990.0,519478.0,0.0,519478.0,548160.0
118,19,1,1,9990.0,519478.0,0.0,519478.0,548160.0
7775,26,1,1,9990.0,519478.0,0.0,519478.0,548160.0
456,9,1,1,9990.0,519478.0,0.0,519478.0,548160.0
8520,23,1,1,9990.0,519478.0,0.0,519478.0,548160.0
12864,23,1,1,9990.0,519478.0,0.0,519478.0,548160.0
5713,3,1,1,9990.0,519478.0,0.0,519478.0,548160.0
10085,3,1,1,9990.0,519478.0,0.0,519478.0,548160.0
4444,9,1,1,9990.0,519478.0,0.0,519478.0,548160.0
915,6,1,1,9990.0,519478.0,0.0,519478.0,548160.0
2323,22,1,1,9990.0,519478.0,0.0,519478.0,548160.0
251,2,1,1,9574.0,497833.0,0.0,497833.0,525320.0
12859,17,1,1,9574.0,497833.0,0.0,497833.0,525320.0
9311,23,1,1,9366.0,487010.0,0.0,487010.0,513900.0
13933,11,1,1,9157.0,476188.0,0.0,476188.0,502480.0
12389,19,1,1,8949.0,465365.0,0.0,465365.0,491060.0
7068,6,1,1,8949.0,465365.0,0.0,465365.0,491060.0
12299,9,1,1,8949.0,465365.0,0.0,465365.0,491060.0
6984,6,1,1,8949.0,465365.0,0.0,465365.0,491060.0
10072,3,1,1,8949.0,465365.0,0.0,465365.0,491060.0
1047,22,1,1,8949.0,465365.0,0.0,465365.0,491060.0
11487,8,1,1,8741.0,454543.0,0.0,454543.0,479640.0
10411,17,1,1,8741.0,454543.0,0.0,454543.0,479640.0
1033,22,1,1,8741.0,454543.0,0.0,454543.0,479640.0
5899,4,1,1,8533.0,443720.0,0.0,443720.0,468220.0
3998,10,1,1,8533.0,443720.0,0.0,443720.0,468220.0
310,22,1,1,8533.0,443720.0,0.0,443720.0,468220.0
11456,11,1,1,8533.0,443720.0,0.0,443720.0,468220.0
14535,19,1,1,8533.0,443720.0,0.0,443720.0,468220.0
11700,16,1,1,8325.0,432898.0,0.0,432898.0,456800.0
6435,6,1,1,8325.0,432898.0,0.0,432898.0,456800.0
13405,25,1,1,8325.0,432898.0,0.0,432898.0,456800.0
8048,9,1,1,8325.0,432898.0,0.0,432898.0,456800.0
7753,17,1,1,8325.0,432898.0,0.0,432898.0,456800.0
12364,17,1,1,8325.0,432898.0,0.0,432898.0,456800.0
11074,8,1,1,8117.0,422076.0,0.0,422076.0,445380.0
4700,2,1,1,8117.0,422076.0,0.0,422076.0,445380.0
5571,16,1,1,8117.0,422076.0,0.0,422076.0,445380.0
6804,3,1,1,7909.0,411253.0,0.0,411253.0,433960.0
11951,4,1,1,7909.0,411253.0,0.0,411253.0,433960.0
5083,16,1,1,7909.0,411253.0,0.0,411253.0,433960.0
1283,17,1,1,7909.0,411253.0,0.0,411253.0,433960.0
3159,17,1,1,7909.0,411253.0,0.0,411253.0,433960.0
8628,19,1,1,7909.0,411253.0,0.0,411253.0,433960.0
12371,6,1,1,7909.0,411253.0,0.0,411253.0,433960.0
8898,17,1,1,7701.0,400431.0,0.0,400431.0,422540.0
12852,23,1,1,7701.0,400431.0,0.0,400431.0,422540.0
3350,16,1,1,7701.0,400431.0,0.0,400431.0,422540.0
12335,6,1,1,7492.0,389608.0,0.0,389608.0,411120.0
702,11,1,1,7492.0,389608.0,0.0,389608.0,411120.0
4324,6,1,1,7284.0,378786.0,0.0,378786.0,399700.0
481,2,1,1,7284.0,378786.0,0.0,378786.0,399700.0
5128,7,1,1,7284.0,378786.0,0.0,378786.0,399700.0
334,17,1,1,7076.0,367963.0,0.0,367963.0,388280.0
9338,16,1,1,7076.0,367963.0,0.0,367963.0,388280.0
897,9,1,1,7076.0,367963.0,0.0,367963.0,388280.0
2416,9,1,1,6868.0,357141.0,0.0,357141.0,376860.0
6290,23,1,1,6660.0,346318.0,0.0,346318.0,365440.0
1642,7,1,1,6660.0,346318.0,0.0,346318.0,365440.0
5723,16,1,1,6660.0,346318.0,0.0,346318.0,365440.0
6270,23,1,1,6660.0,346318.0,0.0,346318.0,365440.0
13208,18,1,1,6660.0,346318.0,0.0,346318.0,365440.0
3718,8,1,1,6452.0,335496.0,0.0,335496.0,354020.0
1025,22,1,1,6452.0,335496.0,0.0,335496.0,354020.0
7447,2,1,1,6452.0,335496.0,0.0,335496.0,354020.0
2282,10,1,1,6244.0,324673.0,0.0,324673.0,342600.0
4455,8,1,1,6244.0,324673.0,0.0,324673.0,342600.0
2520,6,1,1,6244.0,324673.0,0.0,324673.0,342600.0
3101,17,1,1,6244.0,324673.0,0.0,324673.0,342600.0
7760,17,1,1,6244.0,324673.0,0.0,324673.0,342600.0
11339,18,1,1,6244.0,324673.0,0.0,324673.0,342600.0
7221,10,1,1,6244.0,324673.0,0.0,324673.0,342600.0
2845,10,1,1,6244.0,324673.0,0.0,324673.0,342600.0
7262,11,1,1,6036.0,313851.0,0.0,313851.0,331180.0
11949,11,1,1,6036.0,313851.0,0.0,313851.0,331180.0
10621,25,1,1,6036.0,313851.0,0.0,313851.0,331180.0
12833,2,1,1,6036.0,313851.0,0.0,313851.0,331180.0
6809,22,1,1,6036.0,313851.0,0.0,313851.0,331180.0
7697,7,1,1,6036.0,313851.0,0.0,313851.0,331180.0
4268,10,1,1,6036.0,313851.0,0.0,313851.0,331180.0
4468,26,1,1,6036.0,313851.0,0.0,313851.0,331180.0
12638,11,1,1,6036.0,313851.0,0.0,313851.0,331180.0
8091,2,1,1,6036.0,313851.0,0.0,313851.0,331180.0
348,19,1,1,6036.0,313851.0,0.0,313851.0,331180.0
2402,25,1,1,5827.0,303029.0,0.0,303029.0,319760.0
3779,2,1,1,5827.0,303029.0,0.0,303029.0,319760.0
7194,6,1,1,5827.0,303029.0,0.0,303029.0,319760.0
12239,6,1,1,5827.0,303029.0,0.0,303029.0,319760.0
8595,6,1,1,5619.0,292206.0,0.0,292206.0,308340.0
9314,22,1,1,5619.0,292206.0,0.0,292206.0,308340.0
2895,9,1,1,5411.0,281384.0,0.0,281384.0,296920.0
6991,7,1,1,5411.0,281384.0,0.0,281384.0,296920.0
9196,18,1,1,5411.0,281384.0,0.0,281384.0,296920.0
2142,6,1,1,5411.0,281384.0,0.0,281384.0,296920.0
6027,10,1,1,5411.0,281384.0,0.0,281384.0,296920.0
7004,8,1,1,5411.0,281384.0,0.0,281384.0,296920.0
2681,16,1,1,5411.0,281384.0,0.0,281384.0,296920.0
13878,18,1,1,5411.0,281384.0,0.0,281384.0,296920.0
5140,2,1,1,5411.0,281384.0,0.0,281384.0,296920.0
2145,9,1,1,5411.0,281384.0,0.0,281384.0,296920.0
3672,2,1,1,5411.0,281384.0,0.0,281384.0,296920.0
13869,17,1,1,5203.0,270561.0,0.0,270561.0,285500.0
14495,6,1,1,5203.0,270561.0,0.0,270561.0,285500.0
12631,18,1,1,5203.0,270561.0,0.0,270561.0,285500.0
8610,23,1,1,5203.0,270561.0,0.0,270561.0,285500.0
107,18,1,1,5203.0,270561.0,0.0,270561.0,285500.0
10701,26,1,1,5203.0,270561.0,0.0,270561.0,285500.0
11134,9,1,1,5203.0,270561.0,0.0,270561.0,285500.0
804,6,1,1,4995.0,259739.0,0.0,259739.0,274080.0
3443,18,1,1,4995.0,259739.0,0.0,259739.0,274080.0
12198,19,1,1,4995.0,259739.0,0.0,259739.0,274080.0
4294,6,1,1,4995.0,259739.0,0.0,259739.0,274080.0
231,9,1,1,4995.0,259739.0,0.0,259739.0,274080.0
1850,22,1,1,4995.0,259739.0,0.0,259739.0,274080.0
621,6,1,1,4995.0,259739.0,0.0,259739.0,274080.0
11143,23,1,1,4995.0,259739.0,0.0,259739.0,274080.0
6962,23,1,1,4787.0,248916.0,0.0,248916.0,262660.0
5146,23,1,1,4787.0,248916.0,0.0,248916.0,262660.0
5904,6,1,1,4787.0,248916.0,0.0,248916.0,262660.0
6521,25,1,1,4787.0,248916.0,0.0,248916.0,262660.0
7033,9,1,1,4787.0,248916.0,0.0,248916.0,262660.0
1953,11,1,1,4787.0,248916.0,0.0,248916.0,262660.0
13745,11,1,1,4787.0,248916.0,0.0,248916.0,262660.0
11893,8,1,1,4787.0,248916.0,0.0,248916.0,262660.0
5844,6,1,1,4787.0,248916.0,0.0,248916.0,262660.0
10627,9,1,1,4579.0,238094.0,0.0,238094.0,251240.0
12842,18,1,1,4579.0,238094.0,0.0,238094.0,251240.0
5712,2,1,1,4579.0,238094.0,0.0,238094.0,251240.0
12773,23,1,1,4579.0,238094.0,0.0,238094.0,251240.0
5847,18,1,1,4579.0,238094.0,0.0,238094.0,251240.0
11419,19,1,1,4579.0,238094.0,0.0,238094.0,251240.0
4439,2,1,1,4371.0,227271.0,0.0,227271.0,239820.0
2909,16,1,1,4371.0,227271.0,0.0,227271.0,239820.0
12216,2,1,1,4371.0,227271.0,0.0,227271.0,239820.0
7272,3,1,1,4162.0,216449.0,0.0,216449.0,228400.0
6229,16,1,1,4162.0,216449.0,0.0,216449.0,228400.0
2813,23,1,1,4162.0,216449.0,0.0,216449.0,228400.0
12115,22,1,1,4162.0,216449.0,0.0,216449.0,228400.0
2778,25,1,1,4162.0,216449.0,0.0,216449.0,228400.0
963,16,1,1,4162.0,216449.0,0.0,216449.0,228400.0
7762,23,1,1,4162.0,216449.0,0.0,216449.0,228400.0
7051,6,1,1,4162.0,216449.0,0.0,216449.0,228400.0
1456,17,1,1,4162.0,216449.0,0.0,216449.0,228400.0
5444,2,1,1,4162.0,216449.0,0.0,216449.0,228400.0
7558,9,1,1,3954.0,205627.0,0.0,205627.0,216980.0
1504,11,1,1,3954.0,205627.0,0.0,205627.0,216980.0
11998,7,1,1,3954.0,205627.0,0.0,205627.0,216980.0
7204,19,1,1,3954.0,205627.0,0.0,205627.0,216980.0
5514,25,1,1,3954.0,205627.0,0.0,205627.0,216980.0
11155,18,1,1,3954.0,205627.0,0.0,205627.0,216980.0
614,2,1,1,3954.0,205627.0,0.0,205627.0,216980.0
8035,2,1,1,3954.0,205627.0,0.0,205627.0,216980.0
6777,6,1,1,3954.0,205627.0,0.0,205627.0,216980.0
12822,6,1,1,3954.0,205627.0,0.0,205627.0,216980.0
6262,9,1,1,3746.0,194804.0,0.0,194804.0,205560.0
8015,8,1,1,3746.0,194804.0,0.0,194804.0,205560.0
7195,11,1,1,3746.0,194804.0,0.0,194804.0,205560.0
12534,2,1,1,3746.0,194804.0,0.0,194804.0,205560.0
13961,11,1,1,3538.0,183982.0,0.0,183982.0,194140.0
1512,5,1,1,3538.0,183982.0,0.0,183982.0,194140.0
9548,16,1,1,3538.0,183982.0,0.0,183982.0,194140.0
316,17,1,1,3538.0,183982.0,0.0,183982.0,194140.0
12229,11,1,1,3538.0,183982.0,0.0,183982.0,194140.0
465,18,1,1,3538.0,183982.0,0.0,183982.0,194140.0
2897,19,1,1,3538.0,183982.0,0.0,183982.0,194140.0
5866,11,1,1,3538.0,183982.0,0.0,183982.0,194140.0
11519,18,1,1,3538.0,183982.0,0.0,183982.0,194140.0
10217,22,1,1,3538.0,183982.0,0.0,183982.0,194140.0
11537,8,1,1,3330.0,173159.0,0.0,173159.0,182720.0
7061,18,1,1,3330.0,173159.0,0.0,173159.0,182720.0
1248,16,1,1,3330.0,173159.0,0.0,173159.0,182720.0
3161,6,1,1,3330.0,173159.0,0.0,173159.0,182720.0
4125,18,1,1,3330.0,173159.0,0.0,173159.0,182720.0
2658,2,1,1,3330.0,173159.0,0.0,173159.0,182720.0
5893,7,1,1,3122.0,162337.0,0.0,162337.0,171300.0
8476,8,1,1,3122.0,162337.0,0.0,162337.0,171300.0
7018,9,1,1,3122.0,162337.0,0.0,162337.0,171300.0
2530,6,1,1,3122.0,162337.0,0.0,162337.0,171300.0
6622,23,1,1,3122.0,162337.0,0.0,162337.0,171300.0
10255,23,1,1,2914.0,151514.0,0.0,151514.0,159880.0
2028,11,1,1,2914.0,151514.0,0.0,151514.0,159880.0
13086,2,1,1,2914.0,151514.0,0.0,151514.0,159880.0
45,17,1,1,2914.0,151514.0,0.0,151514.0,159880.0
12493,18,1,1,2914.0,151514.0,0.0,151514.0,159880.0
3605,16,1,1,2914.0,151514.0,0.0,151514.0,159880.0
13345,8,1,1,2914.0,151514.0,0.0,151514.0,159880.0
3448,2,1,1,2706.0,140692.0,0.0,140692.0,148460.0
14068,9,1,1,2706.0,140692.0,0.0,140692.0,148460.0
8104,16,1,1,2706.0,140692.0,0.0,140692.0,148460.0
8392,7,1,1,2706.0,140692.0,0.0,140692.0,148460.0
14330,11,1,1,2497.0,129869.0,0.0,129869.0,137040.0
14249,7,1,1,2497.0,129869.0,0.0,129869.0,137040.0
7480,16,1,1,2497.0,129869.0,0.0,129869.0,137040.0
13129,10,1,1,2497.0,129869.0,0.0,129869.0,137040.0
4870,10,1,1,2497.0,129869.0,0.0,129869.0,137040.0
5153,3,1,1,2497.0,129869.0,0.0,129869.0,137040.0
14002,6,1,1,2497.0,129869.0,0.0,129869.0,137040.0
10685,8,1,1,2497.0,129869.0,0.0,129869.0,137040.0
690,22,1,1,2497.0,129869.0,0.0,129869.0,137040.0
1048,22,1,1,2497.0,129869.0,0.0,129869.0,137040.0
64,16,1,1,2289.0,119047.0,0.0,119047.0,125620.0
11822,8,1,1,2289.0,119047.0,0.0,119047.0,125620.0
11266,5,1,1,2081.0,108224.0,0.0,108224.0,114200.0
4937,8,1,1,2081.0,108224.0,0.0,108224.0,114200.0
7259,10,1,1,2081.0,108224.0,0.0,108224.0,114200.0
10253,6,1,1,2081.0,108224.0,0.0,108224.0,114200.0
7019,16,1,1,2081.0,108224.0,0.0,108224.0,114200.0
5202,2,1,1,2081.0,108224.0,0.0,108224.0,114200.0
1676,8,1,1,2081.0,108224.0,0.0,108224.0,114200.0
10980,3,1,1,2081.0,108224.0,0.0,108224.0,114200.0
1037,3,1,1,2081.0,108224.0,0.0,108224.0,114200.0
12636,6,1,1,2081.0,108224.0,0.0,108224.0,114200.0
4787,7,1,1,2081.0,108224.0,0.0,108224.0,114200.0
4638,18,1,1,2081.0,108224.0,0.0,108224.0,114200.0
2410,2,1,1,2081.0,108224.0,0.0,108224.0,114200.0
11808,26,1,1,2081.0,108224.0,0.0,108224.0,114200.0
6244,11,1,1,1873.0,97402.0,0.0,97402.0,102780.0
1233,10,1,1,1873.0,97402.0,0.0,97402.0,102780.0
11235,17,1,1,1873.0,97402.0,0.0,97402.0,102780.0
7001,8,1,1,1873.0,97402.0,0.0,97402.0,102780.0
5551,11,1,1,1873.0,97402.0,0.0,97402.0,102780.0
1508,2,1,1,1665.0,86580.0,0.0,86580.0,91360.0
9248,2,1,1,1665.0,86580.0,0.0,86580.0,91360.0
5856,23,1,1,1665.0,86580.0,0.0,86580.0,91360.0
6746,8,1,1,1665.0,86580.0,0.0,86580.0,91360.0
1173,18,1,1,1665.0,86580.0,0.0,86580.0,91360.0
2756,25,1,1,1665.0,86580.0,0.0,86580.0,91360.0
9177,18,1,1,1665.0,86580.0,0.0,86580.0,91360.0
458,5,1,1,1665.0,86580.0,0.0,86580.0,91360.0
5147,8,1,1,1457.0,75757.0,0.0,75757.0,79940.0
4043,8,1,1,1457.0,75757.0,0.0,75757.0,79940.0
888,23,1,1,1457.0,75757.0,0.0,75757.0,79940.0
3409,10,1,1,1457.0,75757.0,0.0,75757.0,79940.0
3425,8,1,1,1457.0,75757.0,0.0,75757.0,79940.0
5391,8,1,1,1457.0,75757.0,0.0,75757.0,79940.0
344,3,1,1,1457.0,75757.0,0.0,75757.0,79940.0
7979,2,1,1,1457.0,75757.0,0.0,75757.0,79940.0
2316,7,1,1,1457.0,75757.0,0.0,75757.0,79940.0
13735,11,1,1,1249.0,64935.0,0.0,64935.0,68520.0
10015,18,1,1,1249.0,64935.0,0.0,64935.0,68520.0
6571,9,1,1,1249.0,64935.0,0.0,64935.0,68520.0
11903,6,1,1,1249.0,64935.0,0.0,64935.0,68520.0
3421,2,1,1,1041.0,54112.0,0.0,54112.0,57100.0
9329,2,1,1,1041.0,54112.0,0.0,54112.0,57100.0
8537,23,1,1,1041.0,54112.0,0.0,54112.0,57100.0
12369,9,1,1,1041.0,54112.0,0.0,54112.0,57100.0
12955,9,1,1,624.0,32467.0,0.0,32467.0,34260.0
11063,9,1,1,624.0,32467.0,0.0,32467.0,34260.0
12109,5,1,2,270553.0,14068743.0,0.0,14068743.0,14444815.0
14065,20,1,2,249741.0,12986532.0,6493266.0,19479798.0,20000513.0
13738,20,1,2,243497.0,12661869.0,0.0,12661869.0,13000333.0
3128,20,1,2,224767.0,11687879.0,0.0,11687879.0,12000308.0
8646,20,1,2,218523.0,11363216.0,0.0,11363216.0,11666966.0
7268,20,1,2,208118.0,10822110.0,2164422.0,12986532.0,13333675.0
6150,4,1,2,208118.0,10822110.0,0.0,10822110.0,11111396.0
5671,5,1,2,187306.0,9739899.0,0.0,9739899.0,10000256.0
4781,5,1,2,179814.0,9350303.0,4577753.0,13928056.0,14300367.0
4377,20,1,2,166494.0,8657688.0,0.0,8657688.0,8889117.0
12233,20,1,2,166494.0,8657688.0,0.0,8657688.0,8889117.0
13399,20,1,2,149845.0,7791919.0,0.0,7791919.0,8000205.0
3708,20,1,2,145682.0,7575477.0,0.0,7575477.0,7777977.0
1408,20,1,2,145682.0,7575477.0,2164422.0,9739899.0,10000256.0
7278,5,1,2,135276.0,7034372.0,0.0,7034372.0,7222407.0
911,4,1,2,135276.0,7034372.0,0.0,7034372.0,7222407.0
6581,5,1,2,124871.0,6493266.0,0.0,6493266.0,6666838.0
11848,5,1,2,124871.0,6493266.0,0.0,6493266.0,6666838.0
1649,20,1,2,124871.0,6493266.0,0.0,6493266.0,6666838.0
3764,20,1,2,124871.0,6493266.0,0.0,6493266.0,6666838.0
1337,4,1,2,124871.0,6493266.0,0.0,6493266.0,6666838.0
12688,4,1,2,119876.0,6233535.0,0.0,6233535.0,6400164.0
10406,20,1,2,114465.0,5952160.0,0.0,5952160.0,6111268.0
5706,3,1,2,113840.0,5919694.0,0.0,5919694.0,6077934.0
10644,3,1,2,104059.0,5411055.0,0.0,5411055.0,5555698.0
2889,20,1,2,104059.0,5411055.0,0.0,5411055.0,5555698.0
4423,20,1,2,104059.0,5411055.0,0.0,5411055.0,5555698.0
2936,20,1,2,104059.0,5411055.0,0.0,5411055.0,5555698.0
4449,5,1,2,99896.0,5194613.0,1558384.0,6752997.0,6933511.0
11479,5,1,2,93653.0,4869950.0,0.0,4869950.0,5000128.0
8549,20,1,2,93653.0,4869950.0,0.0,4869950.0,5000128.0
5718,5,1,2,90531.0,4707618.0,0.0,4707618.0,4833457.0
7606,20,1,2,89907.0,4675152.0,0.0,4675152.0,4800123.0
1133,5,1,2,89907.0,4675152.0,2077845.0,6752997.0,6933511.0
9896,4,1,2,87409.0,4545286.0,0.0,4545286.0,4666786.0
13893,3,1,2,83247.0,4328844.0,0.0,4328844.0,4444558.0
9173,4,1,2,83247.0,4328844.0,0.0,4328844.0,4444558.0
9100,4,1,2,83247.0,4328844.0,0.0,4328844.0,4444558.0
1678,4,1,2,83247.0,4328844.0,0.0,4328844.0,4444558.0
2406,4,1,2,79917.0,4155690.0,0.0,4155690.0,4266776.0
2080,20,1,2,72841.0,3787738.0,0.0,3787738.0,3888989.0
12303,5,1,2,69927.0,3636229.0,0.0,3636229.0,3733429.0
4885,5,1,2,67846.0,3528008.0,0.0,3528008.0,3622315.0
10398,19,1,2,67846.0,3528008.0,0.0,3528008.0,3622315.0
12214,4,1,2,66598.0,3463075.0,0.0,3463075.0,3555647.0
7739,22,1,2,66598.0,3463075.0,0.0,3463075.0,3555647.0
7843,4,1,2,66598.0,3463075.0,0.0,3463075.0,3555647.0
8980,5,1,2,62851.0,3268277.0,0.0,3268277.0,3355642.0
10082,22,1,2,62435.0,3246633.0,0.0,3246633.0,3333419.0
5767,19,1,2,62435.0,3246633.0,0.0,3246633.0,3333419.0
9090,5,1,2,62435.0,3246633.0,0.0,3246633.0,3333419.0
7030,4,1,2,62435.0,3246633.0,0.0,3246633.0,3333419.0
4085,11,1,2,59938.0,3116768.0,0.0,3116768.0,3200082.0
5125,26,1,2,53902.0,2802926.0,0.0,2802926.0,2877852.0
215,24,1,2,52029.0,2705528.0,0.0,2705528.0,2777849.0
4639,20,1,2,52029.0,2705528.0,0.0,2705528.0,2777849.0
9148,24,1,2,52029.0,2705528.0,0.0,2705528.0,2777849.0
13261,22,1,2,52029.0,2705528.0,0.0,2705528.0,2777849.0
2087,22,1,2,52029.0,2705528.0,0.0,2705528.0,2777849.0
1447,20,1,2,52029.0,2705528.0,0.0,2705528.0,2777849.0
12827,5,1,2,49948.0,2597306.0,0.0,2597306.0,2666735.0
1077,22,1,2,49948.0,2597306.0,0.0,2597306.0,2666735.0
2059,24,1,2,48491.0,2521552.0,0.0,2521552.0,2588955.0
2036,10,1,2,47867.0,2489085.0,0.0,2489085.0,2555621.0
7026,25,1,2,45786.0,2380864.0,0.0,2380864.0,2444507.0
13978,16,1,2,45786.0,2380864.0,0.0,2380864.0,2444507.0
13150,4,1,2,44953.0,2337576.0,0.0,2337576.0,2400062.0
8990,24,1,2,43705.0,2272643.0,0.0,2272643.0,2333393.0
14560,3,1,2,42664.0,2218533.0,0.0,2218533.0,2277836.0
13289,24,1,2,41624.0,2164422.0,0.0,2164422.0,2222279.0
3548,24,1,2,41624.0,2164422.0,432884.0,2597306.0,2666735.0
10985,3,1,2,41624.0,2164422.0,0.0,2164422.0,2222279.0
673,22,1,2,41624.0,2164422.0,0.0,2164422.0,2222279.0
6852,7,1,2,41624.0,2164422.0,0.0,2164422.0,2222279.0
11399,5,1,2,39959.0,2077845.0,0.0,2077845.0,2133388.0
10318,25,1,2,39959.0,2077845.0,0.0,2077845.0,2133388.0
10556,24,1,2,39542.0,2056201.0,0.0,2056201.0,2111165.0
3393,6,1,2,38918.0,2023735.0,0.0,2023735.0,2077831.0
10431,4,1,2,37461.0,1947980.0,0.0,1947980.0,2000051.0
3169,11,1,2,37461.0,1947980.0,0.0,1947980.0,2000051.0
4944,26,1,2,37461.0,1947980.0,0.0,1947980.0,2000051.0
2903,26,1,2,37461.0,1947980.0,0.0,1947980.0,2000051.0
4686,26,1,2,37461.0,1947980.0,0.0,1947980.0,2000051.0
9730,10,1,2,37461.0,1947980.0,0.0,1947980.0,2000051.0
9779,6,1,2,36421.0,1893869.0,0.0,1893869.0,1944494.0
730,26,1,2,36004.0,1872225.0,0.0,1872225.0,1922271.0
6578,24,1,2,35380.0,1839759.0,0.0,1839759.0,1888937.0
1235,4,1,2,34964.0,1818114.0,0.0,1818114.0,1866715.0
1963,26,1,2,34964.0,1818114.0,0.0,1818114.0,1866715.0
14106,5,1,2,34964.0,1818114.0,0.0,1818114.0,1866715.0
11110,5,1,2,34964.0,1818114.0,259731.0,2077845.0,2133388.0
810,26,1,2,33299.0,1731538.0,0.0,1731538.0,1777823.0
7965,5,1,2,33299.0,1731538.0,0.0,1731538.0,1777823.0
2835,11,1,2,33299.0,1731538.0,0.0,1731538.0,1777823.0
8280,24,1,2,32883.0,1709893.0,367952.0,2077845.0,2133388.0
4103,24,1,2,32883.0,1709893.0,0.0,1709893.0,1755601.0
13450,4,1,2,32466.0,1688249.0,0.0,1688249.0,1733378.0
6238,22,1,2,32466.0,1688249.0,0.0,1688249.0,1733378.0
5699,5,1,2,32466.0,1688249.0,0.0,1688249.0,1733378.0
10078,22,1,2,32050.0,1666605.0,0.0,1666605.0,1711155.0
6512,24,1,2,31218.0,1623316.0,0.0,1623316.0,1666709.0
2915,3,1,2,31218.0,1623316.0,0.0,1623316.0,1666709.0
1587,4,1,2,31218.0,1623316.0,0.0,1623316.0,1666709.0
3324,26,1,2,31218.0,1623316.0,0.0,1623316.0,1666709.0
4064,26,1,2,31218.0,1623316.0,0.0,1623316.0,1666709.0
3539,10,1,2,31218.0,1623316.0,0.0,1623316.0,1666709.0
11222,19,1,2,31218.0,1623316.0,0.0,1623316.0,1666709.0
1026,22,1,2,31218.0,1623316.0,0.0,1623316.0,1666709.0
5381,19,1,2,31218.0,1623316.0,0.0,1623316.0,1666709.0
5617,22,1,2,31218.0,1623316.0,0.0,1623316.0,1666709.0
11884,18,1,2,31010.0,1612494.0,0.0,1612494.0,1655598.0
8973,19,1,2,30177.0,1569206.0,0.0,1569206.0,1611152.0
14512,24,1,2,29969.0,1558384.0,0.0,1558384.0,1600041.0
9344,22,1,2,29969.0,1558384.0,0.0,1558384.0,1600041.0
2684,5,1,2,29969.0,1558384.0,0.0,1558384.0,1600041.0
3560,24,1,2,29969.0,1558384.0,0.0,1558384.0,1600041.0
1035,3,1,2,29969.0,1558384.0,313841.0,1872225.0,1922271.0
12830,5,1,2,29969.0,1558384.0,0.0,1558384.0,1600041.0
5509,7,1,2,29136.0,1515095.0,0.0,1515095.0,1555595.0
9088,24,1,2,28928.0,1504273.0,0.0,1504273.0,1544484.0
11877,26,1,2,28304.0,1471807.0,0.0,1471807.0,1511150.0
1204,20,1,2,28096.0,1460985.0,0.0,1460985.0,1500038.0
12175,22,1,2,27888.0,1450163.0,0.0,1450163.0,1488927.0
13226,24,1,2,27888.0,1450163.0,0.0,1450163.0,1488927.0
2894,3,1,2,27680.0,1439341.0,0.0,1439341.0,1477816.0
1276,5,1,2,27055.0,1406874.0,0.0,1406874.0,1444481.0
12816,16,1,2,27055.0,1406874.0,0.0,1406874.0,1444481.0
14042,11,1,2,27055.0,1406874.0,140687.0,1547562.0,1588930.0
920,22,1,2,27055.0,1406874.0,0.0,1406874.0,1444481.0
2385,19,1,2,27055.0,1406874.0,0.0,1406874.0,1444481.0
4815,4,1,2,26015.0,1352764.0,0.0,1352764.0,1388924.0
12277,25,1,2,26015.0,1352764.0,0.0,1352764.0,1388924.0
2287,7,1,2,25598.0,1331120.0,0.0,1331120.0,1366702.0
2204,4,1,2,24974.0,1298653.0,519461.0,1818114.0,1866715.0
7074,20,1,2,24974.0,1298653.0,0.0,1298653.0,1333368.0
3206,10,1,2,24974.0,1298653.0,0.0,1298653.0,1333368.0
1553,11,1,2,24974.0,1298653.0,0.0,1298653.0,1333368.0
4952,19,1,2,24974.0,1298653.0,0.0,1298653.0,1333368.0
13992,7,1,2,23934.0,1244543.0,0.0,1244543.0,1277811.0
7254,6,1,2,23934.0,1244543.0,0.0,1244543.0,1277811.0
5268,22,1,2,23934.0,1244543.0,0.0,1244543.0,1277811.0
14442,3,1,2,23934.0,1244543.0,0.0,1244543.0,1277811.0
14227,19,1,2,23517.0,1222898.0,0.0,1222898.0,1255588.0
11036,24,1,2,22893.0,1190432.0,0.0,1190432.0,1222254.0
12869,24,1,2,22893.0,1190432.0,0.0,1190432.0,1222254.0
5746,24,1,2,22893.0,1190432.0,0.0,1190432.0,1222254.0
13047,19,1,2,22893.0,1190432.0,0.0,1190432.0,1222254.0
5643,3,1,2,22060.0,1147144.0,0.0,1147144.0,1177808.0
14245,19,1,2,22060.0,1147144.0,0.0,1147144.0,1177808.0
6025,10,1,2,21436.0,1114677.0,0.0,1114677.0,1144474.0
4472,26,1,2,20812.0,1082211.0,0.0,1082211.0,1111140.0
13856,22,1,2,20812.0,1082211.0,0.0,1082211.0,1111140.0
11212,4,1,2,20812.0,1082211.0,0.0,1082211.0,1111140.0
8942,19,1,2,20812.0,1082211.0,0.0,1082211.0,1111140.0
11889,3,1,2,20812.0,1082211.0,0.0,1082211.0,1111140.0
10086,3,1,2,20812.0,1082211.0,0.0,1082211.0,1111140.0
1472,22,1,2,20812.0,1082211.0,0.0,1082211.0,1111140.0
5154,3,1,2,20812.0,1082211.0,0.0,1082211.0,1111140.0
345,3,1,2,20812.0,1082211.0,0.0,1082211.0,1111140.0
2513,19,1,2,20812.0,1082211.0,0.0,1082211.0,1111140.0
8601,2,1,2,20812.0,1082211.0,0.0,1082211.0,1111140.0
10019,18,1,2,20812.0,1082211.0,541106.0,1623316.0,1666709.0
5467,25,1,2,20812.0,1082211.0,0.0,1082211.0,1111140.0
8604,10,1,2,20812.0,1082211.0,0.0,1082211.0,1111140.0
10560,10,1,2,20812.0,1082211.0,0.0,1082211.0,1111140.0
5776,18,1,2,20812.0,1082211.0,0.0,1082211.0,1111140.0
4578,18,1,2,20812.0,1082211.0,0.0,1082211.0,1111140.0
8541,17,1,2,20812.0,1082211.0,0.0,1082211.0,1111140.0
7218,26,1,2,19979.0,1038923.0,0.0,1038923.0,1066694.0
607,26,1,2,19979.0,1038923.0,0.0,1038923.0,1066694.0
4634,7,1,2,19979.0,1038923.0,0.0,1038923.0,1066694.0
5477,25,1,2,19147.0,995634.0,0.0,995634.0,1022248.0
11762,24,1,2,18939.0,984812.0,0.0,984812.0,1011137.0
4153,26,1,2,18939.0,984812.0,0.0,984812.0,1011137.0
6976,18,1,2,18731.0,973990.0,0.0,973990.0,1000026.0
11156,18,1,2,18731.0,973990.0,0.0,973990.0,1000026.0
11697,11,1,2,18731.0,973990.0,0.0,973990.0,1000026.0
3478,25,1,2,18731.0,973990.0,0.0,973990.0,1000026.0
9852,13,1,2,18314.0,952346.0,0.0,952346.0,977803.0
6518,12,1,2,17898.0,930701.0,0.0,930701.0,955580.0
5135,6,1,2,17898.0,930701.0,0.0,930701.0,955580.0
1612,3,1,2,17690.0,919879.0,0.0,919879.0,944469.0
10359,13,1,2,17482.0,909057.0,0.0,909057.0,933357.0
13888,7,1,2,17066.0,887413.0,0.0,887413.0,911134.0
5205,19,1,2,17066.0,887413.0,0.0,887413.0,911134.0
8518,24,1,2,17066.0,887413.0,0.0,887413.0,911134.0
610,3,1,2,17066.0,887413.0,0.0,887413.0,911134.0
8650,2,1,2,16649.0,865769.0,0.0,865769.0,888912.0
10566,16,1,2,16649.0,865769.0,0.0,865769.0,888912.0
462,17,1,2,16649.0,865769.0,0.0,865769.0,888912.0
459,5,1,2,16649.0,865769.0,216442.0,1082211.0,1111140.0
11526,25,1,2,16649.0,865769.0,0.0,865769.0,888912.0
311,22,1,2,16649.0,865769.0,0.0,865769.0,888912.0
1402,16,1,2,16441.0,854947.0,0.0,854947.0,877800.0
5651,10,1,2,16233.0,844125.0,0.0,844125.0,866689.0
331,26,1,2,16025.0,833302.0,0.0,833302.0,855577.0
1419,1,1,2,15609.0,811658.0,0.0,811658.0,833355.0
7287,13,1,2,15609.0,811658.0,0.0,811658.0,833355.0
11457,11,1,2,15609.0,811658.0,0.0,811658.0,833355.0
7081,7,1,2,15609.0,811658.0,0.0,811658.0,833355.0
2275,7,1,2,15609.0,811658.0,0.0,811658.0,833355.0
5150,12,1,2,15401.0,800836.0,0.0,800836.0,822243.0
11524,26,1,2,14984.0,779192.0,0.0,779192.0,800021.0
492,24,1,2,14984.0,779192.0,0.0,779192.0,800021.0
6588,4,1,2,14984.0,779192.0,0.0,779192.0,800021.0
8621,2,1,2,14984.0,779192.0,0.0,779192.0,800021.0
5047,25,1,2,14984.0,779192.0,0.0,779192.0,800021.0
9391,10,1,2,14984.0,779192.0,0.0,779192.0,800021.0
12809,25,1,2,14984.0,779192.0,0.0,779192.0,800021.0
7013,12,1,2,14984.0,779192.0,0.0,779192.0,800021.0
5521,1,1,2,14984.0,779192.0,0.0,779192.0,800021.0
7043,26,1,2,14984.0,779192.0,0.0,779192.0,800021.0
2839,13,1,2,14984.0,779192.0,0.0,779192.0,800021.0
12620,13,1,2,14984.0,779192.0,0.0,779192.0,800021.0
6801,17,1,2,14568.0,757548.0,259731.0,1017278.0,1044471.0
10235,17,1,2,14568.0,757548.0,0.0,757548.0,777798.0
1030,1,1,2,14568.0,757548.0,0.0,757548.0,777798.0
1156,18,1,2,14568.0,757548.0,0.0,757548.0,777798.0
11239,16,1,2,14568.0,757548.0,0.0,757548.0,777798.0
1416,16,1,2,14568.0,757548.0,0.0,757548.0,777798.0
1847,3,1,2,14568.0,757548.0,108221.0,865769.0,888912.0
13739,16,1,2,14568.0,757548.0,0.0,757548.0,777798.0
6232,25,1,2,14568.0,757548.0,0.0,757548.0,777798.0
902,18,1,2,14568.0,757548.0,0.0,757548.0,777798.0
3118,6,1,2,14568.0,757548.0,0.0,757548.0,777798.0
12904,22,1,2,13944.0,725081.0,0.0,725081.0,744464.0
434,26,1,2,13944.0,725081.0,0.0,725081.0,744464.0
14446,26,1,2,13528.0,703437.0,0.0,703437.0,722241.0
14103,4,1,2,13528.0,703437.0,0.0,703437.0,722241.0
1284,17,1,2,13528.0,703437.0,0.0,703437.0,722241.0
12346,17,1,2,13528.0,703437.0,0.0,703437.0,722241.0
1018,7,1,2,12903.0,670971.0,0.0,670971.0,688907.0
7235,19,1,2,12903.0,670971.0,0.0,670971.0,688907.0
9243,24,1,2,12487.0,649327.0,0.0,649327.0,666684.0
6787,1,1,2,12487.0,649327.0,0.0,649327.0,666684.0
3584,10,1,2,12487.0,649327.0,0.0,649327.0,666684.0
7201,17,1,2,12487.0,649327.0,0.0,649327.0,666684.0
11890,17,1,2,12487.0,649327.0,0.0,649327.0,666684.0
1549,22,1,2,12487.0,649327.0,0.0,649327.0,666684.0
11129,3,1,2,12487.0,649327.0,0.0,649327.0,666684.0
8891,16,1,2,12487.0,649327.0,0.0,649327.0,666684.0
12575,4,1,2,12487.0,649327.0,0.0,649327.0,666684.0
12632,26,1,2,12487.0,649327.0,0.0,649327.0,666684.0
1704,19,1,2,12487.0,649327.0,0.0,649327.0,666684.0
1055,25,1,2,12487.0,649327.0,0.0,649327.0,666684.0
10023,11,1,2,12487.0,649327.0,0.0,649327.0,666684.0
4715,7,1,2,12487.0,649327.0,0.0,649327.0,666684.0
10032,12,1,2,12279.0,638504.0,0.0,638504.0,655572.0
451,11,1,2,12071.0,627682.0,0.0,627682.0,644461.0
4282,12,1,2,12071.0,627682.0,0.0,627682.0,644461.0
3719,2,1,2,12071.0,627682.0,0.0,627682.0,644461.0
11145,10,1,2,12071.0,627682.0,0.0,627682.0,644461.0
4293,18,1,2,12071.0,627682.0,0.0,627682.0,644461.0
11059,10,1,2,12071.0,627682.0,0.0,627682.0,644461.0
3464,10,1,2,12071.0,627682.0,0.0,627682.0,644461.0
2761,11,1,2,12071.0,627682.0,0.0,627682.0,644461.0
8900,26,1,2,12071.0,627682.0,0.0,627682.0,644461.0
2670,19,1,2,12071.0,627682.0,0.0,627682.0,644461.0
11139,7,1,2,11446.0,595216.0,0.0,595216.0,611127.0
5591,12,1,2,11446.0,595216.0,0.0,595216.0,611127.0
6281,7,1,2,11446.0,595216.0,0.0,595216.0,611127.0
8536,2,1,2,11030.0,573572.0,0.0,573572.0,588904.0
2415,2,1,2,11030.0,573572.0,0.0,573572.0,588904.0
14341,11,1,2,11030.0,573572.0,0.0,573572.0,588904.0
6726,17,1,2,11030.0,573572.0,0.0,573572.0,588904.0
232,24,1,2,11030.0,573572.0,0.0,573572.0,588904.0
12240,6,1,2,10822.0,562750.0,0.0,562750.0,577793.0
13246,7,1,2,10406.0,541106.0,0.0,541106.0,555570.0
10040,7,1,2,10406.0,541106.0,0.0,541106.0,555570.0
6973,26,1,2,10406.0,541106.0,0.0,541106.0,555570.0
11151,18,1,2,10406.0,541106.0,0.0,541106.0,555570.0
5441,4,1,2,10406.0,541106.0,0.0,541106.0,555570.0
12693,11,1,2,10406.0,541106.0,0.0,541106.0,555570.0
12535,16,1,2,10406.0,541106.0,0.0,541106.0,555570.0
2349,1,1,2,10406.0,541106.0,0.0,541106.0,555570.0
5894,7,1,2,10406.0,541106.0,0.0,541106.0,555570.0
11137,12,1,2,10406.0,541106.0,0.0,541106.0,555570.0
13406,25,1,2,10406.0,541106.0,0.0,541106.0,555570.0
7472,12,1,2,10198.0,530283.0,0.0,530283.0,544458.0
6985,6,1,2,9990.0,519461.0,0.0,519461.0,533347.0
12532,25,1,2,9990.0,519461.0,0.0,519461.0,533347.0
6436,6,1,2,9990.0,519461.0,0.0,519461.0,533347.0
8896,7,1,2,9990.0,519461.0,0.0,519461.0,533347.0
5714,3,1,2,9990.0,519461.0,0.0,519461.0,533347.0
1044,1,1,2,9990.0,519461.0,0.0,519461.0,533347.0
7776,26,1,2,9990.0,519461.0,0.0,519461.0,533347.0
119,19,1,2,9990.0,519461.0,0.0,519461.0,533347.0
2324,22,1,2,9990.0,519461.0,0.0,519461.0,533347.0
252,2,1,2,9573.0,497817.0,0.0,497817.0,511124.0
12860,17,1,2,9573.0,497817.0,0.0,497817.0,511124.0
1377,1,1,2,9365.0,486995.0,0.0,486995.0,500013.0
10436,1,1,2,9365.0,486995.0,0.0,486995.0,500013.0
5303,24,1,2,9365.0,486995.0,0.0,486995.0,500013.0
805,18,1,2,9365.0,486995.0,0.0,486995.0,500013.0
6018,7,1,2,9365.0,486995.0,0.0,486995.0,500013.0
12390,19,1,2,8949.0,465351.0,0.0,465351.0,477790.0
8477,12,1,2,8949.0,465351.0,0.0,465351.0,477790.0
7069,6,1,2,8949.0,465351.0,0.0,465351.0,477790.0
2170,12,1,2,8949.0,465351.0,0.0,465351.0,477790.0
10410,16,1,2,8741.0,454529.0,0.0,454529.0,466679.0
12878,12,1,2,8741.0,454529.0,0.0,454529.0,466679.0
14536,19,1,2,8533.0,443707.0,0.0,443707.0,455567.0
12924,16,1,2,8533.0,443707.0,0.0,443707.0,455567.0
9310,12,1,2,8533.0,443707.0,0.0,443707.0,455567.0
11075,16,1,2,8325.0,432884.0,0.0,432884.0,444456.0
2811,16,1,2,8325.0,432884.0,0.0,432884.0,444456.0
11701,16,1,2,8325.0,432884.0,0.0,432884.0,444456.0
12843,18,1,2,8325.0,432884.0,0.0,432884.0,444456.0
7754,17,1,2,8325.0,432884.0,0.0,432884.0,444456.0
7809,13,1,2,8325.0,432884.0,0.0,432884.0,444456.0
12365,17,1,2,8325.0,432884.0,0.0,432884.0,444456.0
8612,1,1,2,8117.0,422062.0,0.0,422062.0,433344.0
5570,2,1,2,8117.0,422062.0,0.0,422062.0,433344.0
5084,16,1,2,7908.0,411240.0,0.0,411240.0,422233.0
11952,4,1,2,7908.0,411240.0,0.0,411240.0,422233.0
13061,13,1,2,7908.0,411240.0,0.0,411240.0,422233.0
12372,6,1,2,7908.0,411240.0,0.0,411240.0,422233.0
3160,17,1,2,7908.0,411240.0,0.0,411240.0,422233.0
3445,25,1,2,7908.0,411240.0,0.0,411240.0,422233.0
46,19,1,2,7908.0,411240.0,0.0,411240.0,422233.0
4295,6,1,2,7700.0,400418.0,0.0,400418.0,411122.0
1638,12,1,2,7700.0,400418.0,0.0,400418.0,411122.0
5720,3,1,2,7492.0,389596.0,0.0,389596.0,400010.0
12336,6,1,2,7492.0,389596.0,0.0,389596.0,400010.0
50,1,1,2,7284.0,378774.0,0.0,378774.0,388899.0
8552,24,1,2,7284.0,378774.0,0.0,378774.0,388899.0
7273,3,1,2,7284.0,378774.0,0.0,378774.0,388899.0
12295,6,1,2,7284.0,378774.0,0.0,378774.0,388899.0
503,1,1,2,7284.0,378774.0,0.0,378774.0,388899.0
12090,24,1,2,7284.0,378774.0,0.0,378774.0,388899.0
11513,13,1,2,7284.0,378774.0,0.0,378774.0,388899.0
7222,10,1,2,7284.0,378774.0,0.0,378774.0,388899.0
10382,12,1,2,7284.0,378774.0,0.0,378774.0,388899.0
4325,6,1,2,7284.0,378774.0,0.0,378774.0,388899.0
5645,17,1,2,7284.0,378774.0,0.0,378774.0,388899.0
482,2,1,2,7284.0,378774.0,0.0,378774.0,388899.0
6259,13,1,2,7284.0,378774.0,0.0,378774.0,388899.0
2312,1,1,2,7284.0,378774.0,0.0,378774.0,388899.0
335,17,1,2,7076.0,367952.0,0.0,367952.0,377787.0
9339,16,1,2,7076.0,367952.0,0.0,367952.0,377787.0
6772,19,1,2,7076.0,367952.0,0.0,367952.0,377787.0
5905,6,1,2,7076.0,367952.0,0.0,367952.0,377787.0
2519,2,1,2,7076.0,367952.0,0.0,367952.0,377787.0
7049,17,1,2,6868.0,357130.0,0.0,357130.0,366676.0
14315,1,1,2,6660.0,346308.0,0.0,346308.0,355565.0
13209,18,1,2,6660.0,346308.0,0.0,346308.0,355565.0
7757,1,1,2,6452.0,335485.0,0.0,335485.0,344453.0
4871,10,1,2,6452.0,335485.0,0.0,335485.0,344453.0
4938,12,1,2,6452.0,335485.0,0.0,335485.0,344453.0
1400,12,1,2,6452.0,335485.0,0.0,335485.0,344453.0
4426,5,1,2,6244.0,324663.0,0.0,324663.0,333342.0
8596,6,1,2,6244.0,324663.0,0.0,324663.0,333342.0
692,13,1,2,6244.0,324663.0,0.0,324663.0,333342.0
2283,10,1,2,6244.0,324663.0,0.0,324663.0,333342.0
8947,13,1,2,6244.0,324663.0,0.0,324663.0,333342.0
4648,25,1,2,6244.0,324663.0,0.0,324663.0,333342.0
2882,18,1,2,6244.0,324663.0,0.0,324663.0,333342.0
2846,10,1,2,6244.0,324663.0,0.0,324663.0,333342.0
12227,4,1,2,6244.0,324663.0,0.0,324663.0,333342.0
11340,18,1,2,6244.0,324663.0,0.0,324663.0,333342.0
7260,10,1,2,6244.0,324663.0,0.0,324663.0,333342.0
6522,25,1,2,6244.0,324663.0,0.0,324663.0,333342.0
4269,10,1,2,6035.0,313841.0,0.0,313841.0,322230.0
7263,11,1,2,6035.0,313841.0,0.0,313841.0,322230.0
2944,10,1,2,6035.0,313841.0,0.0,313841.0,322230.0
8092,2,1,2,6035.0,313841.0,0.0,313841.0,322230.0
6810,22,1,2,6035.0,313841.0,0.0,313841.0,322230.0
349,19,1,2,6035.0,313841.0,0.0,313841.0,322230.0
7698,7,1,2,6035.0,313841.0,0.0,313841.0,322230.0
5557,2,1,2,6035.0,313841.0,0.0,313841.0,322230.0
5662,26,1,2,6035.0,313841.0,0.0,313841.0,322230.0
2403,25,1,2,5827.0,303019.0,0.0,303019.0,311119.0
11887,12,1,2,5827.0,303019.0,0.0,303019.0,311119.0
12344,1,1,2,5619.0,292197.0,0.0,292197.0,300008.0
14457,26,1,2,5619.0,292197.0,0.0,292197.0,300008.0
9315,22,1,2,5619.0,292197.0,0.0,292197.0,300008.0
5867,11,1,2,5411.0,281375.0,0.0,281375.0,288896.0
12837,2,1,2,5411.0,281375.0,0.0,281375.0,288896.0
9549,16,1,2,5411.0,281375.0,0.0,281375.0,288896.0
7181,7,1,2,5411.0,281375.0,0.0,281375.0,288896.0
7005,10,1,2,5411.0,281375.0,0.0,281375.0,288896.0
5141,2,1,2,5411.0,281375.0,0.0,281375.0,288896.0
13879,18,1,2,5411.0,281375.0,0.0,281375.0,288896.0
2143,6,1,2,5411.0,281375.0,0.0,281375.0,288896.0
13870,17,1,2,5203.0,270553.0,0.0,270553.0,277785.0
7286,5,1,2,5203.0,270553.0,0.0,270553.0,277785.0
2910,16,1,2,5203.0,270553.0,0.0,270553.0,277785.0
9103,4,1,2,5203.0,270553.0,0.0,270553.0,277785.0
14496,6,1,2,5203.0,270553.0,0.0,270553.0,277785.0
108,18,1,2,5203.0,270553.0,0.0,270553.0,277785.0
9,13,1,2,4995.0,259731.0,0.0,259731.0,266674.0
13357,12,1,2,4995.0,259731.0,0.0,259731.0,266674.0
1618,19,1,2,4995.0,259731.0,0.0,259731.0,266674.0
1851,22,1,2,4995.0,259731.0,0.0,259731.0,266674.0
5097,1,1,2,4995.0,259731.0,0.0,259731.0,266674.0
12199,19,1,2,4995.0,259731.0,0.0,259731.0,266674.0
10028,7,1,2,4995.0,259731.0,0.0,259731.0,266674.0
622,6,1,2,4995.0,259731.0,0.0,259731.0,266674.0
3518,2,1,2,4787.0,248909.0,0.0,248909.0,255562.0
14331,11,1,2,4787.0,248909.0,0.0,248909.0,255562.0
13746,11,1,2,4787.0,248909.0,0.0,248909.0,255562.0
5845,6,1,2,4787.0,248909.0,0.0,248909.0,255562.0
1457,18,1,2,4579.0,238086.0,0.0,238086.0,244451.0
12775,25,1,2,4579.0,238086.0,0.0,238086.0,244451.0
2343,26,1,2,4579.0,238086.0,0.0,238086.0,244451.0
5848,18,1,2,4579.0,238086.0,0.0,238086.0,244451.0
4440,2,1,2,4370.0,227264.0,0.0,227264.0,233339.0
14005,12,1,2,4370.0,227264.0,0.0,227264.0,233339.0
7761,18,1,2,4162.0,216442.0,0.0,216442.0,222228.0
6981,17,1,2,4162.0,216442.0,0.0,216442.0,222228.0
6536,11,1,2,4162.0,216442.0,0.0,216442.0,222228.0
12113,6,1,2,4162.0,216442.0,0.0,216442.0,222228.0
6230,16,1,2,4162.0,216442.0,0.0,216442.0,222228.0
292,3,1,2,4162.0,216442.0,0.0,216442.0,222228.0
427,25,1,2,4162.0,216442.0,0.0,216442.0,222228.0
2779,25,1,2,4162.0,216442.0,0.0,216442.0,222228.0
4286,12,1,2,4162.0,216442.0,0.0,216442.0,222228.0
7052,6,1,2,4162.0,216442.0,0.0,216442.0,222228.0
13905,22,1,2,4162.0,216442.0,0.0,216442.0,222228.0
6506,17,1,2,3954.0,205620.0,0.0,205620.0,211117.0
10632,20,1,2,3954.0,205620.0,0.0,205620.0,211117.0
6589,5,1,2,3954.0,205620.0,0.0,205620.0,211117.0
6240,25,1,2,3954.0,205620.0,0.0,205620.0,211117.0
615,2,1,2,3954.0,205620.0,0.0,205620.0,211117.0
1505,11,1,2,3954.0,205620.0,0.0,205620.0,211117.0
11999,7,1,2,3954.0,205620.0,0.0,205620.0,211117.0
8036,2,1,2,3954.0,205620.0,0.0,205620.0,211117.0
12823,6,1,2,3954.0,205620.0,0.0,205620.0,211117.0
2336,12,1,2,3746.0,194798.0,0.0,194798.0,200005.0
65,16,1,2,3746.0,194798.0,0.0,194798.0,200005.0
1870,13,1,2,3746.0,194798.0,0.0,194798.0,200005.0
909,13,1,2,3746.0,194798.0,0.0,194798.0,200005.0
12528,1,1,2,3746.0,194798.0,0.0,194798.0,200005.0
53,1,1,2,3746.0,194798.0,0.0,194798.0,200005.0
9318,18,1,2,3746.0,194798.0,0.0,194798.0,200005.0
7196,11,1,2,3746.0,194798.0,0.0,194798.0,200005.0
13962,11,1,2,3538.0,183976.0,0.0,183976.0,188894.0
11093,13,1,2,3538.0,183976.0,0.0,183976.0,188894.0
7766,24,1,2,3538.0,183976.0,0.0,183976.0,188894.0
7473,12,1,2,3538.0,183976.0,0.0,183976.0,188894.0
317,17,1,2,3538.0,183976.0,0.0,183976.0,188894.0
11520,18,1,2,3538.0,183976.0,0.0,183976.0,188894.0
9526,12,1,2,3538.0,183976.0,0.0,183976.0,188894.0
2320,7,1,2,3538.0,183976.0,0.0,183976.0,188894.0
8971,2,1,2,3538.0,183976.0,0.0,183976.0,188894.0
2777,13,1,2,3538.0,183976.0,0.0,183976.0,188894.0
7062,18,1,2,3330.0,173154.0,0.0,173154.0,177782.0
3162,6,1,2,3330.0,173154.0,0.0,173154.0,177782.0
2659,2,1,2,3330.0,173154.0,0.0,173154.0,177782.0
2531,6,1,2,3122.0,162332.0,0.0,162332.0,166671.0
3606,16,1,2,2914.0,151510.0,0.0,151510.0,155560.0
13873,3,1,2,2914.0,151510.0,108221.0,259731.0,266674.0
10049,13,1,2,2914.0,151510.0,0.0,151510.0,155560.0
4037,13,1,2,2914.0,151510.0,0.0,151510.0,155560.0
502,2,1,2,2914.0,151510.0,0.0,151510.0,155560.0
2029,11,1,2,2914.0,151510.0,0.0,151510.0,155560.0
6779,22,1,2,2914.0,151510.0,0.0,151510.0,155560.0
11905,12,1,2,2914.0,151510.0,0.0,151510.0,155560.0
3449,2,1,2,2706.0,140687.0,0.0,140687.0,144448.0
1787,18,1,2,2706.0,140687.0,0.0,140687.0,144448.0
4069,13,1,2,2706.0,140687.0,0.0,140687.0,144448.0
8533,6,1,2,2706.0,140687.0,0.0,140687.0,144448.0
6247,16,1,2,2706.0,140687.0,0.0,140687.0,144448.0
8393,7,1,2,2706.0,140687.0,0.0,140687.0,144448.0
11558,25,1,2,2497.0,129865.0,0.0,129865.0,133337.0
14250,7,1,2,2497.0,129865.0,0.0,129865.0,133337.0
12024,12,1,2,2497.0,129865.0,0.0,129865.0,133337.0
7249,24,1,2,2497.0,129865.0,0.0,129865.0,133337.0
6514,1,1,2,2497.0,129865.0,0.0,129865.0,133337.0
688,1,1,2,2497.0,129865.0,0.0,129865.0,133337.0
14003,6,1,2,2497.0,129865.0,0.0,129865.0,133337.0
11824,18,1,2,2289.0,119043.0,0.0,119043.0,122225.0
9365,13,1,2,2289.0,119043.0,0.0,119043.0,122225.0
5691,3,1,2,2081.0,108221.0,0.0,108221.0,111114.0
10254,6,1,2,2081.0,108221.0,0.0,108221.0,111114.0
7020,16,1,2,2081.0,108221.0,0.0,108221.0,111114.0
11268,11,1,2,2081.0,108221.0,0.0,108221.0,111114.0
2425,19,1,2,2081.0,108221.0,0.0,108221.0,111114.0
11233,25,1,2,2081.0,108221.0,0.0,108221.0,111114.0
14401,25,1,2,2081.0,108221.0,0.0,108221.0,111114.0
12806,19,1,2,2081.0,108221.0,0.0,108221.0,111114.0
1023,5,1,2,2081.0,108221.0,0.0,108221.0,111114.0
11809,26,1,2,2081.0,108221.0,0.0,108221.0,111114.0
6243,6,1,2,1873.0,97399.0,0.0,97399.0,100003.0
429,13,1,2,1873.0,97399.0,0.0,97399.0,100003.0
13883,22,1,2,1873.0,97399.0,0.0,97399.0,100003.0
5853,16,1,2,1873.0,97399.0,0.0,97399.0,100003.0
11236,17,1,2,1873.0,97399.0,0.0,97399.0,100003.0
12684,13,1,2,1665.0,86577.0,0.0,86577.0,88891.0
12812,13,1,2,1665.0,86577.0,0.0,86577.0,88891.0
9249,2,1,2,1665.0,86577.0,0.0,86577.0,88891.0
2757,25,1,2,1665.0,86577.0,0.0,86577.0,88891.0
229,26,1,2,1665.0,86577.0,0.0,86577.0,88891.0
6250,1,1,2,1665.0,86577.0,0.0,86577.0,88891.0
2169,2,1,2,1457.0,75755.0,0.0,75755.0,77780.0
2317,7,1,2,1457.0,75755.0,0.0,75755.0,77780.0
11757,1,1,2,1457.0,75755.0,0.0,75755.0,77780.0
7980,2,1,2,1457.0,75755.0,0.0,75755.0,77780.0
14438,10,1,2,1457.0,75755.0,0.0,75755.0,77780.0
8967,12,1,2,1457.0,75755.0,0.0,75755.0,77780.0
8963,5,1,2,1249.0,64933.0,0.0,64933.0,66668.0
13736,11,1,2,1249.0,64933.0,0.0,64933.0,66668.0
929,13,1,2,1249.0,64933.0,0.0,64933.0,66668.0
4250,13,1,2,1249.0,64933.0,0.0,64933.0,66668.0
5497,7,1,2,1249.0,64933.0,0.0,64933.0,66668.0
12110,5,1,3,348043.0,18098224.0,0.0,18098224.0,18098224.0
7937,20,1,3,326290.0,16967085.0,21944097.0,38911182.0,38911182.0
14066,20,1,3,261032.0,13573668.0,6786834.0,20360502.0,20360502.0
3129,20,1,3,234929.0,12216301.0,0.0,12216301.0,12216301.0
6151,4,1,3,217527.0,11311390.0,0.0,11311390.0,11311390.0
7269,20,1,3,217527.0,11311390.0,2262278.0,13573668.0,13573668.0
4782,5,1,3,198384.0,10315988.0,3370794.0,13686782.0,13686782.0
12234,20,1,3,174021.0,9049112.0,0.0,9049112.0,9049112.0
11849,5,1,3,174021.0,9049112.0,2262278.0,11311390.0,11311390.0
4378,20,1,3,174021.0,9049112.0,0.0,9049112.0,9049112.0
13400,20,1,3,156619.0,8144201.0,0.0,8144201.0,8144201.0
3709,20,1,3,152269.0,7917973.0,0.0,7917973.0,7917973.0
1409,20,1,3,152269.0,7917973.0,2262278.0,10180251.0,10180251.0
1277,5,1,3,145743.0,7578631.0,0.0,7578631.0,7578631.0
7279,5,1,3,141392.0,7352403.0,0.0,7352403.0,7352403.0
1338,4,1,3,130516.0,6786834.0,0.0,6786834.0,6786834.0
3765,20,1,3,130516.0,6786834.0,0.0,6786834.0,6786834.0
12304,5,1,3,130516.0,6786834.0,1900314.0,8687148.0,8687148.0
2898,5,1,3,130516.0,6786834.0,814420.0,7601254.0,7601254.0
8981,5,1,3,130516.0,6786834.0,2262278.0,9049112.0,9049112.0
1650,20,1,3,130516.0,6786834.0,0.0,6786834.0,6786834.0
11480,5,1,3,130516.0,6786834.0,1900314.0,8687148.0,8687148.0
5707,3,1,3,118987.0,6187330.0,0.0,6187330.0,6187330.0
2937,20,1,3,108763.0,5655695.0,0.0,5655695.0,5655695.0
7282,4,1,3,108763.0,5655695.0,678683.0,6334378.0,6334378.0
4424,20,1,3,108763.0,5655695.0,0.0,5655695.0,5655695.0
8647,20,1,3,108763.0,5655695.0,0.0,5655695.0,5655695.0
2890,20,1,3,108763.0,5655695.0,0.0,5655695.0,5655695.0
10645,3,1,3,108763.0,5655695.0,0.0,5655695.0,5655695.0
4450,5,1,3,104413.0,5429467.0,1628840.0,7058307.0,7058307.0
8550,20,1,3,97887.0,5090125.0,0.0,5090125.0,5090125.0
4886,5,1,3,97887.0,5090125.0,0.0,5090125.0,5090125.0
5719,5,1,3,94624.0,4920455.0,0.0,4920455.0,4920455.0
1134,5,1,3,93972.0,4886520.0,2171787.0,7058307.0,7058307.0
2733,4,1,3,93972.0,4886520.0,1628840.0,6515361.0,6515361.0
13894,3,1,3,87011.0,4524556.0,0.0,4524556.0,4524556.0
9101,4,1,3,87011.0,4524556.0,0.0,4524556.0,4524556.0
1679,4,1,3,87011.0,4524556.0,0.0,4524556.0,4524556.0
2407,4,1,3,83530.0,4343574.0,0.0,4343574.0,4343574.0
727,4,1,3,76134.0,3958986.0,0.0,3958986.0,3958986.0
2081,20,1,3,76134.0,3958986.0,0.0,3958986.0,3958986.0
12689,4,1,3,73089.0,3800627.0,0.0,3800627.0,3800627.0
7844,4,1,3,69609.0,3619645.0,0.0,3619645.0,3619645.0
12215,4,1,3,69609.0,3619645.0,0.0,3619645.0,3619645.0
10083,22,1,3,65258.0,3393417.0,0.0,3393417.0,3393417.0
5768,19,1,3,65258.0,3393417.0,0.0,3393417.0,3393417.0
2189,17,1,3,65258.0,3393417.0,0.0,3393417.0,3393417.0
11880,20,1,3,65258.0,3393417.0,0.0,3393417.0,3393417.0
11213,4,1,3,65258.0,3393417.0,0.0,3393417.0,3393417.0
7031,4,1,3,65258.0,3393417.0,0.0,3393417.0,3393417.0
12172,4,1,3,65258.0,3393417.0,0.0,3393417.0,3393417.0
4083,5,1,3,62648.0,3257680.0,0.0,3257680.0,3257680.0
4640,20,1,3,54382.0,2827847.0,0.0,2827847.0,2827847.0
1557,11,1,3,54382.0,2827847.0,0.0,2827847.0,2827847.0
2088,22,1,3,54382.0,2827847.0,0.0,2827847.0,2827847.0
1448,20,1,3,54382.0,2827847.0,0.0,2827847.0,2827847.0
5066,19,1,3,54382.0,2827847.0,0.0,2827847.0,2827847.0
13262,22,1,3,54382.0,2827847.0,0.0,2827847.0,2827847.0
12690,24,1,3,52206.0,2714734.0,0.0,2714734.0,2714734.0
2037,10,1,3,50031.0,2601620.0,0.0,2601620.0,2601620.0
5672,5,1,3,48944.0,2545063.0,0.0,2545063.0,2545063.0
7027,25,1,3,47856.0,2488506.0,0.0,2488506.0,2488506.0
13979,16,1,3,47856.0,2488506.0,0.0,2488506.0,2488506.0
1205,20,1,3,46986.0,2443260.0,0.0,2443260.0,2443260.0
8991,24,1,3,45681.0,2375392.0,0.0,2375392.0,2375392.0
14561,3,1,3,44593.0,2318835.0,0.0,2318835.0,2318835.0
13290,24,1,3,43505.0,2262278.0,0.0,2262278.0,2262278.0
5468,25,1,3,43505.0,2262278.0,0.0,2262278.0,2262278.0
8281,24,1,3,43505.0,2262278.0,0.0,2262278.0,2262278.0
9091,7,1,3,43505.0,2262278.0,0.0,2262278.0,2262278.0
3549,24,1,3,43505.0,2262278.0,452456.0,2714734.0,2714734.0
2801,19,1,3,43505.0,2262278.0,0.0,2262278.0,2262278.0
3992,20,1,3,43505.0,2262278.0,0.0,2262278.0,2262278.0
10986,3,1,3,43505.0,2262278.0,0.0,2262278.0,2262278.0
674,22,1,3,43505.0,2262278.0,0.0,2262278.0,2262278.0
10319,25,1,3,41765.0,2171787.0,0.0,2171787.0,2171787.0
4427,5,1,3,41765.0,2171787.0,0.0,2171787.0,2171787.0
2682,4,1,3,41765.0,2171787.0,0.0,2171787.0,2171787.0
11400,5,1,3,41765.0,2171787.0,0.0,2171787.0,2171787.0
10557,24,1,3,41330.0,2149164.0,0.0,2149164.0,2149164.0
10432,4,1,3,39155.0,2036050.0,0.0,2036050.0,2036050.0
9340,16,1,3,39155.0,2036050.0,0.0,2036050.0,2036050.0
4945,26,1,3,39155.0,2036050.0,0.0,2036050.0,2036050.0
3170,11,1,3,39155.0,2036050.0,0.0,2036050.0,2036050.0
8936,9,1,3,39155.0,2036050.0,0.0,2036050.0,2036050.0
2904,26,1,3,39155.0,2036050.0,0.0,2036050.0,2036050.0
9731,10,1,3,39155.0,2036050.0,0.0,2036050.0,2036050.0
7185,10,1,3,39155.0,2036050.0,0.0,2036050.0,2036050.0
2916,3,1,3,38067.0,1979493.0,0.0,1979493.0,1979493.0
6576,1,1,3,37632.0,1956870.0,0.0,1956870.0,1956870.0
11112,11,1,3,36545.0,1900314.0,271473.0,2171787.0,2171787.0
1236,4,1,3,36545.0,1900314.0,0.0,1900314.0,1900314.0
811,26,1,3,34804.0,1809822.0,0.0,1809822.0,1809822.0
7966,5,1,3,34804.0,1809822.0,0.0,1809822.0,1809822.0
7238,4,1,3,34804.0,1809822.0,0.0,1809822.0,1809822.0
2836,11,1,3,34804.0,1809822.0,0.0,1809822.0,1809822.0
5700,5,1,3,33934.0,1764577.0,0.0,1764577.0,1764577.0
13451,4,1,3,33934.0,1764577.0,0.0,1764577.0,1764577.0
1430,19,1,3,32629.0,1696708.0,0.0,1696708.0,1696708.0
12373,24,1,3,32629.0,1696708.0,0.0,1696708.0,1696708.0
216,24,1,3,32629.0,1696708.0,0.0,1696708.0,1696708.0
1529,11,1,3,32629.0,1696708.0,0.0,1696708.0,1696708.0
398,24,1,3,32629.0,1696708.0,0.0,1696708.0,1696708.0
3624,11,1,3,32629.0,1696708.0,565570.0,2262278.0,2262278.0
3437,19,1,3,32629.0,1696708.0,0.0,1696708.0,1696708.0
6773,19,1,3,32629.0,1696708.0,0.0,1696708.0,1696708.0
5382,19,1,3,32629.0,1696708.0,0.0,1696708.0,1696708.0
611,3,1,3,32629.0,1696708.0,0.0,1696708.0,1696708.0
11223,19,1,3,32629.0,1696708.0,0.0,1696708.0,1696708.0
1705,26,1,3,32629.0,1696708.0,0.0,1696708.0,1696708.0
3540,10,1,3,32629.0,1696708.0,0.0,1696708.0,1696708.0
3325,26,1,3,32629.0,1696708.0,0.0,1696708.0,1696708.0
4065,26,1,3,32629.0,1696708.0,0.0,1696708.0,1696708.0
6235,4,1,3,32629.0,1696708.0,0.0,1696708.0,1696708.0
10714,26,1,3,32629.0,1696708.0,0.0,1696708.0,1696708.0
5618,22,1,3,32629.0,1696708.0,0.0,1696708.0,1696708.0
11301,26,1,3,32629.0,1696708.0,0.0,1696708.0,1696708.0
1285,17,1,3,32629.0,1696708.0,0.0,1696708.0,1696708.0
1027,22,1,3,32629.0,1696708.0,0.0,1696708.0,1696708.0
11885,18,1,3,32411.0,1685397.0,0.0,1685397.0,1685397.0
9345,22,1,3,31324.0,1628840.0,0.0,1628840.0,1628840.0
3561,24,1,3,31324.0,1628840.0,0.0,1628840.0,1628840.0
14278,5,1,3,31324.0,1628840.0,0.0,1628840.0,1628840.0
5510,7,1,3,30454.0,1583595.0,0.0,1583595.0,1583595.0
4260,13,1,3,30454.0,1583595.0,0.0,1583595.0,1583595.0
13227,24,1,3,29149.0,1515726.0,0.0,1515726.0,1515726.0
2386,19,1,3,28278.0,1470481.0,0.0,1470481.0,1470481.0
12817,16,1,3,28278.0,1470481.0,0.0,1470481.0,1470481.0
921,22,1,3,28278.0,1470481.0,0.0,1470481.0,1470481.0
14043,11,1,3,28278.0,1470481.0,147048.0,1617529.0,1617529.0
2288,10,1,3,26756.0,1391301.0,0.0,1391301.0,1391301.0
2178,11,1,3,26103.0,1357367.0,0.0,1357367.0,1357367.0
8943,19,1,3,26103.0,1357367.0,0.0,1357367.0,1357367.0
5098,4,1,3,26103.0,1357367.0,0.0,1357367.0,1357367.0
12854,22,1,3,26103.0,1357367.0,0.0,1357367.0,1357367.0
4568,23,1,3,26103.0,1357367.0,0.0,1357367.0,1357367.0
8271,26,1,3,26103.0,1357367.0,0.0,1357367.0,1357367.0
12028,19,1,3,26103.0,1357367.0,0.0,1357367.0,1357367.0
7250,24,1,3,26103.0,1357367.0,0.0,1357367.0,1357367.0
7007,24,1,3,26103.0,1357367.0,0.0,1357367.0,1357367.0
3207,10,1,3,26103.0,1357367.0,0.0,1357367.0,1357367.0
4635,7,1,3,26103.0,1357367.0,0.0,1357367.0,1357367.0
8974,19,1,3,26103.0,1357367.0,0.0,1357367.0,1357367.0
13993,7,1,3,25016.0,1300810.0,0.0,1300810.0,1300810.0
14443,3,1,3,25016.0,1300810.0,0.0,1300810.0,1300810.0
5269,22,1,3,25016.0,1300810.0,0.0,1300810.0,1300810.0
7255,10,1,3,25016.0,1300810.0,0.0,1300810.0,1300810.0
14228,19,1,3,24581.0,1278187.0,0.0,1278187.0,1278187.0
12633,26,1,3,23928.0,1244253.0,0.0,1244253.0,1244253.0
5868,11,1,3,23928.0,1244253.0,226228.0,1470481.0,1470481.0
5747,24,1,3,23928.0,1244253.0,0.0,1244253.0,1244253.0
10455,19,1,3,23928.0,1244253.0,0.0,1244253.0,1244253.0
8630,26,1,3,21753.0,1131139.0,0.0,1131139.0,1131139.0
1473,22,1,3,21753.0,1131139.0,0.0,1131139.0,1131139.0
5155,3,1,3,21753.0,1131139.0,0.0,1131139.0,1131139.0
213,13,1,3,21753.0,1131139.0,0.0,1131139.0,1131139.0
2514,19,1,3,21753.0,1131139.0,0.0,1131139.0,1131139.0
3465,10,1,3,21753.0,1131139.0,0.0,1131139.0,1131139.0
903,18,1,3,21753.0,1131139.0,0.0,1131139.0,1131139.0
7767,24,1,3,21753.0,1131139.0,0.0,1131139.0,1131139.0
12813,26,1,3,21753.0,1131139.0,0.0,1131139.0,1131139.0
10087,3,1,3,21753.0,1131139.0,0.0,1131139.0,1131139.0
12807,19,1,3,21753.0,1131139.0,0.0,1131139.0,1131139.0
10075,3,1,3,21753.0,1131139.0,0.0,1131139.0,1131139.0
346,3,1,3,21753.0,1131139.0,0.0,1131139.0,1131139.0
8605,10,1,3,21753.0,1131139.0,0.0,1131139.0,1131139.0
8542,17,1,3,21753.0,1131139.0,0.0,1131139.0,1131139.0
12700,13,1,3,21753.0,1131139.0,0.0,1131139.0,1131139.0
4579,18,1,3,21753.0,1131139.0,0.0,1131139.0,1131139.0
115,11,1,3,21753.0,1131139.0,0.0,1131139.0,1131139.0
11021,13,1,3,21753.0,1131139.0,0.0,1131139.0,1131139.0
5777,18,1,3,21753.0,1131139.0,0.0,1131139.0,1131139.0
6782,22,1,3,21753.0,1131139.0,0.0,1131139.0,1131139.0
7219,26,1,3,20883.0,1085893.0,0.0,1085893.0,1085893.0
608,26,1,3,20883.0,1085893.0,0.0,1085893.0,1085893.0
2685,5,1,3,20883.0,1085893.0,0.0,1085893.0,1085893.0
640,9,1,3,20665.0,1074582.0,0.0,1074582.0,1074582.0
5478,25,1,3,20012.0,1040648.0,0.0,1040648.0,1040648.0
11763,25,1,3,19795.0,1029336.0,0.0,1029336.0,1029336.0
3758,9,1,3,19577.0,1018025.0,158359.0,1176385.0,1176385.0
3410,26,1,3,19577.0,1018025.0,0.0,1018025.0,1018025.0
6724,16,1,3,19577.0,1018025.0,0.0,1018025.0,1018025.0
358,24,1,3,19577.0,1018025.0,0.0,1018025.0,1018025.0
2502,24,1,3,19577.0,1018025.0,0.0,1018025.0,1018025.0
2758,25,1,3,19577.0,1018025.0,0.0,1018025.0,1018025.0
12347,17,1,3,19577.0,1018025.0,0.0,1018025.0,1018025.0
12268,19,1,3,19577.0,1018025.0,0.0,1018025.0,1018025.0
6977,18,1,3,19577.0,1018025.0,0.0,1018025.0,1018025.0
11157,18,1,3,19577.0,1018025.0,0.0,1018025.0,1018025.0
896,3,1,3,19577.0,1018025.0,0.0,1018025.0,1018025.0
11698,11,1,3,19577.0,1018025.0,0.0,1018025.0,1018025.0
10517,22,1,3,18925.0,984091.0,0.0,984091.0,984091.0
6520,20,1,3,18707.0,972780.0,0.0,972780.0,972780.0
13949,14,1,3,18490.0,961468.0,0.0,961468.0,961468.0
13743,1,1,3,18490.0,961468.0,0.0,961468.0,961468.0
13886,3,1,3,17837.0,927534.0,0.0,927534.0,927534.0
463,17,1,3,17402.0,904911.0,0.0,904911.0,904911.0
460,5,1,3,17402.0,904911.0,226228.0,1131139.0,1131139.0
318,17,1,3,17402.0,904911.0,0.0,904911.0,904911.0
312,22,1,3,17402.0,904911.0,0.0,904911.0,904911.0
1852,22,1,3,17402.0,904911.0,0.0,904911.0,904911.0
12821,9,1,3,17402.0,904911.0,0.0,904911.0,904911.0
8654,22,1,3,17402.0,904911.0,0.0,904911.0,904911.0
3479,25,1,3,17402.0,904911.0,0.0,904911.0,904911.0
11527,25,1,3,17402.0,904911.0,0.0,904911.0,904911.0
350,19,1,3,17402.0,904911.0,0.0,904911.0,904911.0
13880,18,1,3,17402.0,904911.0,0.0,904911.0,904911.0
1403,16,1,3,17185.0,893600.0,0.0,893600.0,893600.0
5649,7,1,3,16967.0,882288.0,0.0,882288.0,882288.0
7590,23,1,3,16967.0,882288.0,0.0,882288.0,882288.0
7084,23,1,3,16750.0,870977.0,0.0,870977.0,870977.0
2030,7,1,3,16750.0,870977.0,0.0,870977.0,870977.0
11458,11,1,3,16315.0,848354.0,0.0,848354.0,848354.0
6026,13,1,3,16315.0,848354.0,0.0,848354.0,848354.0
1420,1,1,3,16315.0,848354.0,0.0,848354.0,848354.0
11492,18,1,3,16315.0,848354.0,0.0,848354.0,848354.0
1045,3,1,3,16315.0,848354.0,0.0,848354.0,848354.0
13256,26,1,3,16315.0,848354.0,0.0,848354.0,848354.0
2276,7,1,3,16315.0,848354.0,0.0,848354.0,848354.0
5048,25,1,3,15662.0,814420.0,0.0,814420.0,814420.0
1437,23,1,3,15662.0,814420.0,0.0,814420.0,814420.0
12810,25,1,3,15662.0,814420.0,0.0,814420.0,814420.0
13104,13,1,3,15662.0,814420.0,0.0,814420.0,814420.0
491,9,1,3,15662.0,814420.0,0.0,814420.0,814420.0
9093,23,1,3,15662.0,814420.0,0.0,814420.0,814420.0
12621,13,1,3,15662.0,814420.0,0.0,814420.0,814420.0
234,19,1,3,15227.0,791797.0,0.0,791797.0,791797.0
10236,17,1,3,15227.0,791797.0,0.0,791797.0,791797.0
5721,3,1,3,15227.0,791797.0,0.0,791797.0,791797.0
6802,17,1,3,15227.0,791797.0,0.0,791797.0,791797.0
10360,14,1,3,15227.0,791797.0,0.0,791797.0,791797.0
1031,1,1,3,15227.0,791797.0,0.0,791797.0,791797.0
13740,16,1,3,15227.0,791797.0,0.0,791797.0,791797.0
1848,3,1,3,15227.0,791797.0,113114.0,904911.0,904911.0
11240,16,1,3,15227.0,791797.0,0.0,791797.0,791797.0
1157,18,1,3,15227.0,791797.0,0.0,791797.0,791797.0
12000,14,1,3,15227.0,791797.0,0.0,791797.0,791797.0
1417,16,1,3,15227.0,791797.0,0.0,791797.0,791797.0
47,19,1,3,15227.0,791797.0,0.0,791797.0,791797.0
13267,16,1,3,15227.0,791797.0,0.0,791797.0,791797.0
3120,23,1,3,15227.0,791797.0,0.0,791797.0,791797.0
6233,25,1,3,15227.0,791797.0,0.0,791797.0,791797.0
14259,26,1,3,15227.0,791797.0,0.0,791797.0,791797.0
12905,22,1,3,14574.0,757863.0,0.0,757863.0,757863.0
4941,5,1,3,14139.0,735240.0,0.0,735240.0,735240.0
14447,26,1,3,14139.0,735240.0,0.0,735240.0,735240.0
7755,17,1,3,13052.0,678683.0,0.0,678683.0,678683.0
4019,17,1,3,13052.0,678683.0,0.0,678683.0,678683.0
1550,22,1,3,13052.0,678683.0,0.0,678683.0,678683.0
3585,10,1,3,13052.0,678683.0,0.0,678683.0,678683.0
6788,1,1,3,13052.0,678683.0,0.0,678683.0,678683.0
11825,18,1,3,13052.0,678683.0,0.0,678683.0,678683.0
11891,17,1,3,13052.0,678683.0,0.0,678683.0,678683.0
11130,3,1,3,13052.0,678683.0,0.0,678683.0,678683.0
9738,25,1,3,13052.0,678683.0,0.0,678683.0,678683.0
12576,4,1,3,13052.0,678683.0,0.0,678683.0,678683.0
4015,25,1,3,13052.0,678683.0,0.0,678683.0,678683.0
12091,24,1,3,13052.0,678683.0,0.0,678683.0,678683.0
8892,16,1,3,13052.0,678683.0,0.0,678683.0,678683.0
4436,9,1,3,13052.0,678683.0,0.0,678683.0,678683.0
11538,9,1,3,13052.0,678683.0,0.0,678683.0,678683.0
13095,23,1,3,13052.0,678683.0,0.0,678683.0,678683.0
2040,14,1,3,13052.0,678683.0,0.0,678683.0,678683.0
1381,23,1,3,13052.0,678683.0,0.0,678683.0,678683.0
14403,11,1,3,13052.0,678683.0,0.0,678683.0,678683.0
7945,11,1,3,13052.0,678683.0,0.0,678683.0,678683.0
1056,25,1,3,13052.0,678683.0,0.0,678683.0,678683.0
10024,11,1,3,13052.0,678683.0,0.0,678683.0,678683.0
13210,25,1,3,13052.0,678683.0,0.0,678683.0,678683.0
4716,7,1,3,13052.0,678683.0,0.0,678683.0,678683.0
1506,11,1,3,13052.0,678683.0,0.0,678683.0,678683.0
930,13,1,3,13052.0,678683.0,0.0,678683.0,678683.0
13858,25,1,3,12617.0,656061.0,0.0,656061.0,656061.0
11060,10,1,3,12617.0,656061.0,0.0,656061.0,656061.0
2762,11,1,3,12617.0,656061.0,0.0,656061.0,656061.0
11140,7,1,3,11964.0,622126.0,0.0,622126.0,622126.0
6282,7,1,3,11964.0,622126.0,0.0,622126.0,622126.0
14342,11,1,3,11529.0,599504.0,0.0,599504.0,599504.0
233,24,1,3,11529.0,599504.0,0.0,599504.0,599504.0
5887,23,1,3,11311.0,588192.0,0.0,588192.0,588192.0
10041,7,1,3,10876.0,565570.0,0.0,565570.0,565570.0
11146,14,1,3,10876.0,565570.0,0.0,565570.0,565570.0
12536,16,1,3,10876.0,565570.0,0.0,565570.0,565570.0
113,17,1,3,10876.0,565570.0,0.0,565570.0,565570.0
11152,18,1,3,10876.0,565570.0,0.0,565570.0,565570.0
11521,18,1,3,10876.0,565570.0,0.0,565570.0,565570.0
689,10,1,3,10876.0,565570.0,0.0,565570.0,565570.0
8049,9,1,3,10876.0,565570.0,0.0,565570.0,565570.0
6716,9,1,3,10876.0,565570.0,0.0,565570.0,565570.0
6811,22,1,3,10876.0,565570.0,0.0,565570.0,565570.0
11119,22,1,3,10876.0,565570.0,0.0,565570.0,565570.0
11248,22,1,3,10876.0,565570.0,0.0,565570.0,565570.0
5895,7,1,3,10876.0,565570.0,0.0,565570.0,565570.0
8553,24,1,3,10876.0,565570.0,0.0,565570.0,565570.0
8614,25,1,3,10876.0,565570.0,0.0,565570.0,565570.0
13407,25,1,3,10876.0,565570.0,0.0,565570.0,565570.0
4048,23,1,3,10876.0,565570.0,0.0,565570.0,565570.0
11901,23,1,3,10876.0,565570.0,0.0,565570.0,565570.0
2350,1,1,3,10876.0,565570.0,0.0,565570.0,565570.0
1378,1,1,3,10876.0,565570.0,0.0,565570.0,565570.0
4445,9,1,3,10441.0,542947.0,0.0,542947.0,542947.0
8895,1,1,3,10441.0,542947.0,0.0,542947.0,542947.0
5715,3,1,3,10441.0,542947.0,0.0,542947.0,542947.0
7777,26,1,3,10441.0,542947.0,0.0,542947.0,542947.0
253,18,1,3,10006.0,520324.0,0.0,520324.0,520324.0
12861,17,1,3,10006.0,520324.0,0.0,520324.0,520324.0
10437,1,1,3,9789.0,509013.0,0.0,509013.0,509013.0
4276,1,1,3,9789.0,509013.0,0.0,509013.0,509013.0
11878,26,1,3,9789.0,509013.0,0.0,509013.0,509013.0
5455,7,1,3,9789.0,509013.0,0.0,509013.0,509013.0
887,9,1,3,9789.0,509013.0,0.0,509013.0,509013.0
806,18,1,3,9789.0,509013.0,0.0,509013.0,509013.0
5849,18,1,3,9789.0,509013.0,0.0,509013.0,509013.0
11687,9,1,3,9789.0,509013.0,0.0,509013.0,509013.0
8951,5,1,3,9789.0,509013.0,0.0,509013.0,509013.0
6019,7,1,3,9789.0,509013.0,0.0,509013.0,509013.0
13403,26,1,3,9571.0,497701.0,0.0,497701.0,497701.0
8864,23,1,3,9354.0,486390.0,0.0,486390.0,486390.0
14537,19,1,3,8919.0,463767.0,0.0,463767.0,463767.0
6798,22,1,3,8701.0,452456.0,0.0,452456.0,452456.0
6222,13,1,3,8701.0,452456.0,0.0,452456.0,452456.0
11064,9,1,3,8701.0,452456.0,0.0,452456.0,452456.0
12844,18,1,3,8701.0,452456.0,0.0,452456.0,452456.0
5385,5,1,3,8701.0,452456.0,0.0,452456.0,452456.0
2812,16,1,3,8701.0,452456.0,0.0,452456.0,452456.0
12136,14,1,3,8701.0,452456.0,0.0,452456.0,452456.0
9434,16,1,3,8701.0,452456.0,0.0,452456.0,452456.0
2911,16,1,3,8701.0,452456.0,0.0,452456.0,452456.0
6266,7,1,3,8701.0,452456.0,0.0,452456.0,452456.0
7261,23,1,3,8701.0,452456.0,0.0,452456.0,452456.0
13666,1,1,3,8701.0,452456.0,0.0,452456.0,452456.0
6245,14,1,3,8701.0,452456.0,0.0,452456.0,452456.0
336,17,1,3,8701.0,452456.0,0.0,452456.0,452456.0
9264,3,1,3,8701.0,452456.0,0.0,452456.0,452456.0
11076,16,1,3,8701.0,452456.0,0.0,452456.0,452456.0
12366,17,1,3,8701.0,452456.0,0.0,452456.0,452456.0
7015,13,1,3,8701.0,452456.0,0.0,452456.0,452456.0
7810,13,1,3,8701.0,452456.0,0.0,452456.0,452456.0
3446,25,1,3,8266.0,429833.0,0.0,429833.0,429833.0
11953,4,1,3,8266.0,429833.0,0.0,429833.0,429833.0
10335,1,1,3,8266.0,429833.0,0.0,429833.0,429833.0
1639,18,1,3,8048.0,418521.0,0.0,418521.0,418521.0
7274,3,1,3,7613.0,395899.0,0.0,395899.0,395899.0
504,1,1,3,7613.0,395899.0,0.0,395899.0,395899.0
66,16,1,3,7613.0,395899.0,0.0,395899.0,395899.0
1610,1,1,3,7613.0,395899.0,0.0,395899.0,395899.0
2021,11,1,3,7613.0,395899.0,0.0,395899.0,395899.0
5498,7,1,3,7613.0,395899.0,0.0,395899.0,395899.0
12114,16,1,3,7613.0,395899.0,0.0,395899.0,395899.0
466,11,1,3,7613.0,395899.0,0.0,395899.0,395899.0
965,23,1,3,7613.0,395899.0,0.0,395899.0,395899.0
2313,1,1,3,7613.0,395899.0,0.0,395899.0,395899.0
898,24,1,3,7613.0,395899.0,0.0,395899.0,395899.0
6252,22,1,3,7613.0,395899.0,0.0,395899.0,395899.0
7223,10,1,3,7613.0,395899.0,0.0,395899.0,395899.0
6572,9,1,3,7613.0,395899.0,0.0,395899.0,395899.0
6260,13,1,3,7613.0,395899.0,0.0,395899.0,395899.0
5646,17,1,3,7613.0,395899.0,0.0,395899.0,395899.0
5863,25,1,3,7613.0,395899.0,0.0,395899.0,395899.0
7050,17,1,3,7178.0,373276.0,0.0,373276.0,373276.0
6271,23,1,3,6961.0,361964.0,0.0,361964.0,361964.0
4939,18,1,3,6743.0,350653.0,0.0,350653.0,350653.0
7758,1,1,3,6743.0,350653.0,0.0,350653.0,350653.0
2280,1,1,3,6526.0,339342.0,0.0,339342.0,339342.0
693,13,1,3,6526.0,339342.0,0.0,339342.0,339342.0
8948,13,1,3,6526.0,339342.0,0.0,339342.0,339342.0
4038,13,1,3,6526.0,339342.0,0.0,339342.0,339342.0
6523,25,1,3,6526.0,339342.0,0.0,339342.0,339342.0
11532,24,1,3,6526.0,339342.0,0.0,339342.0,339342.0
2883,18,1,3,6526.0,339342.0,0.0,339342.0,339342.0
14402,25,1,3,6526.0,339342.0,0.0,339342.0,339342.0
659,13,1,3,6526.0,339342.0,0.0,339342.0,339342.0
14251,7,1,3,6526.0,339342.0,0.0,339342.0,339342.0
857,10,1,3,6526.0,339342.0,0.0,339342.0,339342.0
430,13,1,3,6526.0,339342.0,0.0,339342.0,339342.0
4649,25,1,3,6526.0,339342.0,0.0,339342.0,339342.0
7247,14,1,3,6526.0,339342.0,0.0,339342.0,339342.0
6552,10,1,3,6526.0,339342.0,0.0,339342.0,339342.0
11341,18,1,3,6526.0,339342.0,0.0,339342.0,339342.0
7510,23,1,3,6526.0,339342.0,0.0,339342.0,339342.0
9547,14,1,3,6526.0,339342.0,0.0,339342.0,339342.0
928,9,1,3,6526.0,339342.0,0.0,339342.0,339342.0
12228,4,1,3,6526.0,339342.0,0.0,339342.0,339342.0
1969,10,1,3,6308.0,328030.0,0.0,328030.0,328030.0
2516,16,1,3,6308.0,328030.0,0.0,328030.0,328030.0
5663,26,1,3,6308.0,328030.0,0.0,328030.0,328030.0
12847,7,1,3,6308.0,328030.0,0.0,328030.0,328030.0
7264,11,1,3,6308.0,328030.0,0.0,328030.0,328030.0
2401,23,1,3,6091.0,316719.0,0.0,316719.0,316719.0
2146,9,1,3,5656.0,294096.0,0.0,294096.0,294096.0
13871,17,1,3,5438.0,282785.0,0.0,282785.0,282785.0
109,18,1,3,5438.0,282785.0,0.0,282785.0,282785.0
8883,13,1,3,5438.0,282785.0,0.0,282785.0,282785.0
3501,13,1,3,5438.0,282785.0,0.0,282785.0,282785.0
1219,13,1,3,5438.0,282785.0,0.0,282785.0,282785.0
6537,11,1,3,5438.0,282785.0,0.0,282785.0,282785.0
11557,10,1,3,5438.0,282785.0,0.0,282785.0,282785.0
7199,14,1,3,5438.0,282785.0,0.0,282785.0,282785.0
7189,10,1,3,5438.0,282785.0,0.0,282785.0,282785.0
925,10,1,3,5438.0,282785.0,0.0,282785.0,282785.0
11408,26,1,3,5438.0,282785.0,0.0,282785.0,282785.0
9241,14,1,3,5438.0,282785.0,0.0,282785.0,282785.0
8611,23,1,3,5438.0,282785.0,0.0,282785.0,282785.0
13275,23,1,3,5438.0,282785.0,0.0,282785.0,282785.0
3100,14,1,3,5438.0,282785.0,0.0,282785.0,282785.0
12824,18,1,3,5221.0,271473.0,0.0,271473.0,271473.0
4006,14,1,3,5003.0,260162.0,0.0,260162.0,260162.0
7034,9,1,3,5003.0,260162.0,0.0,260162.0,260162.0
3092,13,1,3,5003.0,260162.0,0.0,260162.0,260162.0
12774,23,1,3,4786.0,248851.0,0.0,248851.0,248851.0
1458,18,1,3,4786.0,248851.0,0.0,248851.0,248851.0
2340,9,1,3,4786.0,248851.0,0.0,248851.0,248851.0
2991,14,1,3,4568.0,237539.0,0.0,237539.0,237539.0
10021,14,1,3,4568.0,237539.0,0.0,237539.0,237539.0
3422,14,1,3,4351.0,226228.0,0.0,226228.0,226228.0
11220,7,1,3,4351.0,226228.0,0.0,226228.0,226228.0
14089,13,1,3,4351.0,226228.0,0.0,226228.0,226228.0
9366,13,1,3,4351.0,226228.0,0.0,226228.0,226228.0
13089,24,1,3,4351.0,226228.0,0.0,226228.0,226228.0
6982,17,1,3,4351.0,226228.0,0.0,226228.0,226228.0
2332,1,1,3,4351.0,226228.0,0.0,226228.0,226228.0
8945,5,1,3,4351.0,226228.0,0.0,226228.0,226228.0
194,3,1,3,4351.0,226228.0,0.0,226228.0,226228.0
12128,9,1,3,4351.0,226228.0,0.0,226228.0,226228.0
10050,13,1,3,4351.0,226228.0,0.0,226228.0,226228.0
13903,9,1,3,4351.0,226228.0,0.0,226228.0,226228.0
6241,25,1,3,4133.0,214916.0,0.0,214916.0,214916.0
6507,17,1,3,4133.0,214916.0,0.0,214916.0,214916.0
7202,17,1,3,4133.0,214916.0,0.0,214916.0,214916.0
1871,13,1,3,3915.0,203605.0,0.0,203605.0,203605.0
6263,9,1,3,3915.0,203605.0,0.0,203605.0,203605.0
11417,5,1,3,3915.0,203605.0,0.0,203605.0,203605.0
7197,11,1,3,3915.0,203605.0,0.0,203605.0,203605.0
54,1,1,3,3915.0,203605.0,0.0,203605.0,203605.0
13963,16,1,3,3698.0,192294.0,0.0,192294.0,192294.0
6990,14,1,3,3698.0,192294.0,0.0,192294.0,192294.0
801,7,1,3,3698.0,192294.0,0.0,192294.0,192294.0
5488,1,1,3,3698.0,192294.0,0.0,192294.0,192294.0
1065,23,1,3,3263.0,169671.0,0.0,169671.0,169671.0
2844,7,1,3,3263.0,169671.0,0.0,169671.0,169671.0
5631,26,1,3,3263.0,169671.0,0.0,169671.0,169671.0
11396,1,1,3,3263.0,169671.0,0.0,169671.0,169671.0
5639,7,1,3,3263.0,169671.0,0.0,169671.0,169671.0
12653,1,1,3,3263.0,169671.0,0.0,169671.0,169671.0
12893,14,1,3,3263.0,169671.0,0.0,169671.0,169671.0
3658,14,1,3,3263.0,169671.0,0.0,169671.0,169671.0
261,1,1,3,3263.0,169671.0,0.0,169671.0,169671.0
8879,24,1,3,3263.0,169671.0,0.0,169671.0,169671.0
145,23,1,3,3263.0,169671.0,0.0,169671.0,169671.0
14133,9,1,3,3263.0,169671.0,0.0,169671.0,169671.0
3607,16,1,3,3045.0,158359.0,0.0,158359.0,158359.0
6516,19,1,3,3045.0,158359.0,0.0,158359.0,158359.0
7299,14,1,3,3045.0,158359.0,0.0,158359.0,158359.0
6780,22,1,3,3045.0,158359.0,0.0,158359.0,158359.0
14575,14,1,3,3045.0,158359.0,0.0,158359.0,158359.0
13874,3,1,3,3045.0,158359.0,113114.0,271473.0,271473.0
3211,23,1,3,2828.0,147048.0,0.0,147048.0,147048.0
8105,16,1,3,2828.0,147048.0,0.0,147048.0,147048.0
6515,1,1,3,2610.0,135737.0,0.0,135737.0,135737.0
12858,14,1,3,2175.0,113114.0,0.0,113114.0,113114.0
7021,16,1,3,2175.0,113114.0,0.0,113114.0,113114.0
11256,9,1,3,2175.0,113114.0,0.0,113114.0,113114.0
7419,9,1,3,2175.0,113114.0,0.0,113114.0,113114.0
11267,5,1,3,2175.0,113114.0,0.0,113114.0,113114.0
1238,9,1,3,2175.0,113114.0,0.0,113114.0,113114.0
2418,25,1,3,2175.0,113114.0,0.0,113114.0,113114.0
1024,5,1,3,2175.0,113114.0,0.0,113114.0,113114.0
11806,10,1,3,2175.0,113114.0,0.0,113114.0,113114.0
11082,9,1,3,1958.0,101803.0,0.0,101803.0,101803.0
5854,16,1,3,1958.0,101803.0,0.0,101803.0,101803.0
1428,9,1,3,1958.0,101803.0,0.0,101803.0,101803.0
3173,16,1,3,1958.0,101803.0,0.0,101803.0,101803.0
8957,16,1,3,1958.0,101803.0,0.0,101803.0,101803.0
7253,13,1,3,1958.0,101803.0,0.0,101803.0,101803.0
2552,10,1,3,1958.0,101803.0,0.0,101803.0,101803.0
4809,11,1,3,1958.0,101803.0,0.0,101803.0,101803.0
10139,11,1,3,1958.0,101803.0,0.0,101803.0,101803.0
6893,18,1,3,1958.0,101803.0,0.0,101803.0,101803.0
14118,11,1,3,1958.0,101803.0,0.0,101803.0,101803.0
932,14,1,3,1958.0,101803.0,0.0,101803.0,101803.0
11237,17,1,3,1958.0,101803.0,0.0,101803.0,101803.0
13884,22,1,3,1958.0,101803.0,0.0,101803.0,101803.0
11783,9,1,3,1740.0,90491.0,0.0,90491.0,90491.0
264,1,1,3,1740.0,90491.0,0.0,90491.0,90491.0
11515,18,1,3,1740.0,90491.0,0.0,90491.0,90491.0
9419,19,1,3,1740.0,90491.0,0.0,90491.0,90491.0
4652,19,1,3,1740.0,90491.0,0.0,90491.0,90491.0
228,14,1,3,1523.0,79180.0,0.0,79180.0,79180.0
2318,7,1,3,1523.0,79180.0,0.0,79180.0,79180.0
14439,10,1,3,1523.0,79180.0,0.0,79180.0,79180.0
2696,10,1,3,1523.0,79180.0,0.0,79180.0,79180.0
443,10,1,3,1305.0,67868.0,0.0,67868.0,67868.0
9187,23,1,3,1088.0,56557.0,0.0,56557.0,56557.0
2655,23,1,3,1088.0,56557.0,0.0,56557.0,56557.0
7647,42,2,1,273636.0,14229072.0,0.0,14229072.0,15269144.0
3154,43,2,1,256653.0,13345974.0,0.0,13345974.0,14321496.0
4105,42,2,1,256653.0,13345974.0,16903242.0,30249216.0,32460278.0
2365,43,2,1,239432.0,12450438.0,3557268.0,16007706.0,17177787.0
10205,40,2,1,239432.0,12450438.0,0.0,12450438.0,13360501.0
11845,43,2,1,232495.0,12089736.0,0.0,12089736.0,12973434.0
11794,33,2,1,222449.0,11567340.0,0.0,11567340.0,12412853.0
5915,42,2,1,205227.0,10671804.0,0.0,10671804.0,11451858.0
7456,33,2,1,201878.0,10497672.0,0.0,10497672.0,11264998.0
10385,33,2,1,198290.0,10311102.0,0.0,10311102.0,11064791.0
4796,27,2,1,181308.0,9428004.0,0.0,9428004.0,10117143.0
11939,33,2,1,171023.0,8893170.0,0.0,8893170.0,9543215.0
6763,42,2,1,171023.0,8893170.0,0.0,8893170.0,9543215.0
7444,33,2,1,171023.0,8893170.0,1778634.0,10671804.0,11451858.0
1323,43,2,1,171023.0,8893170.0,0.0,8893170.0,9543215.0
6003,43,2,1,171023.0,8893170.0,3557268.0,12450438.0,13360501.0
2160,43,2,1,164086.0,8532468.0,0.0,8532468.0,9156148.0
11568,42,2,1,154040.0,8010072.0,0.0,8010072.0,8595567.0
12201,42,2,1,150452.0,7823502.0,0.0,7823502.0,8395360.0
14072,40,2,1,150452.0,7823502.0,0.0,7823502.0,8395360.0
8999,43,2,1,143755.0,7475238.0,0.0,7475238.0,8021640.0
1799,33,2,1,136818.0,7114536.0,0.0,7114536.0,7634572.0
9128,43,2,1,136818.0,7114536.0,0.0,7114536.0,7634572.0
5341,49,2,1,136818.0,7114536.0,0.0,7114536.0,7634572.0
14175,33,2,1,136818.0,7114536.0,0.0,7114536.0,7634572.0
13381,40,2,1,136818.0,7114536.0,0.0,7114536.0,7634572.0
13465,27,2,1,136818.0,7114536.0,0.0,7114536.0,7634572.0
6924,40,2,1,136818.0,7114536.0,0.0,7114536.0,7634572.0
2198,27,2,1,133469.0,6940404.0,3557268.0,10497672.0,11264998.0
6590,33,2,1,133469.0,6940404.0,0.0,6940404.0,7447712.0
5415,49,2,1,129881.0,6753834.0,0.0,6753834.0,7247505.0
5345,43,2,1,129881.0,6753834.0,0.0,6753834.0,7247505.0
4804,27,2,1,123184.0,6405570.0,0.0,6405570.0,6873784.0
2409,33,2,1,123184.0,6405570.0,0.0,6405570.0,6873784.0
4234,40,2,1,123184.0,6405570.0,0.0,6405570.0,6873784.0
8904,42,2,1,123184.0,6405570.0,0.0,6405570.0,6873784.0
13775,40,2,1,123184.0,6405570.0,0.0,6405570.0,6873784.0
4029,33,2,1,123184.0,6405570.0,0.0,6405570.0,6873784.0
12130,40,2,1,123184.0,6405570.0,0.0,6405570.0,6873784.0
12340,42,2,1,123184.0,6405570.0,0.0,6405570.0,6873784.0
5874,49,2,1,123184.0,6405570.0,0.0,6405570.0,6873784.0
8953,33,2,1,119835.0,6231438.0,0.0,6231438.0,6686924.0
2781,49,2,1,112899.0,5870736.0,0.0,5870736.0,6299857.0
7929,42,2,1,109550.0,5696604.0,0.0,5696604.0,6112997.0
12089,42,2,1,109550.0,5696604.0,0.0,5696604.0,6112997.0
1183,40,2,1,109550.0,5696604.0,0.0,5696604.0,6112997.0
11645,33,2,1,109550.0,5696604.0,0.0,5696604.0,6112997.0
2601,33,2,1,102614.0,5335902.0,0.0,5335902.0,5725929.0
11001,27,2,1,102614.0,5335902.0,0.0,5335902.0,5725929.0
8714,43,2,1,102614.0,5335902.0,1778634.0,7114536.0,7634572.0
7609,33,2,1,102614.0,5335902.0,0.0,5335902.0,5725929.0
8523,50,2,1,102614.0,5335902.0,0.0,5335902.0,5725929.0
1955,42,2,1,102614.0,5335902.0,0.0,5335902.0,5725929.0
843,40,2,1,102614.0,5335902.0,0.0,5335902.0,5725929.0
7458,42,2,1,102614.0,5335902.0,0.0,5335902.0,5725929.0
2561,43,2,1,102614.0,5335902.0,0.0,5335902.0,5725929.0
2687,49,2,1,99265.0,5161770.0,0.0,5161770.0,5539069.0
6140,39,2,1,95677.0,4975200.0,0.0,4975200.0,5338862.0
3506,40,2,1,95677.0,4975200.0,0.0,4975200.0,5338862.0
3121,40,2,1,95677.0,4975200.0,0.0,4975200.0,5338862.0
5673,42,2,1,95677.0,4975200.0,0.0,4975200.0,5338862.0
14204,34,2,1,88980.0,4626936.0,0.0,4626936.0,4965141.0
3062,50,2,1,85631.0,4452804.0,0.0,4452804.0,4778281.0
7923,50,2,1,85631.0,4452804.0,0.0,4452804.0,4778281.0
6938,35,2,1,85631.0,4452804.0,0.0,4452804.0,4778281.0
11604,28,2,1,85631.0,4452804.0,0.0,4452804.0,4778281.0
10401,40,2,1,82043.0,4266234.0,0.0,4266234.0,4578074.0
664,40,2,1,82043.0,4266234.0,0.0,4266234.0,4578074.0
2700,40,2,1,82043.0,4266234.0,0.0,4266234.0,4578074.0
3952,28,2,1,82043.0,4266234.0,0.0,4266234.0,4578074.0
6755,28,2,1,82043.0,4266234.0,0.0,4266234.0,4578074.0
8487,28,2,1,82043.0,4266234.0,0.0,4266234.0,4578074.0
872,50,2,1,82043.0,4266234.0,0.0,4266234.0,4578074.0
5163,27,2,1,82043.0,4266234.0,0.0,4266234.0,4578074.0
7742,44,2,1,82043.0,4266234.0,0.0,4266234.0,4578074.0
2164,44,2,1,82043.0,4266234.0,0.0,4266234.0,4578074.0
12355,33,2,1,82043.0,4266234.0,0.0,4266234.0,4578074.0
707,44,2,1,82043.0,4266234.0,0.0,4266234.0,4578074.0
14012,43,2,1,82043.0,4266234.0,0.0,4266234.0,4578074.0
84,35,2,1,82043.0,4266234.0,0.0,4266234.0,4578074.0
8260,43,2,1,82043.0,4266234.0,0.0,4266234.0,4578074.0
4755,43,2,1,82043.0,4266234.0,0.0,4266234.0,4578074.0
5576,35,2,1,82043.0,4266234.0,0.0,4266234.0,4578074.0
3626,43,2,1,82043.0,4266234.0,0.0,4266234.0,4578074.0
14452,35,2,1,82043.0,4266234.0,0.0,4266234.0,4578074.0
1841,27,2,1,82043.0,4266234.0,0.0,4266234.0,4578074.0
22,27,2,1,82043.0,4266234.0,0.0,4266234.0,4578074.0
2047,28,2,1,82043.0,4266234.0,1069668.0,5335902.0,5725929.0
1698,42,2,1,82043.0,4266234.0,0.0,4266234.0,4578074.0
9296,27,2,1,78694.0,4092102.0,0.0,4092102.0,4391214.0
1558,40,2,1,75346.0,3917970.0,0.0,3917970.0,4204353.0
13391,33,2,1,75346.0,3917970.0,0.0,3917970.0,4204353.0
6089,39,2,1,75346.0,3917970.0,0.0,3917970.0,4204353.0
7740,27,2,1,75346.0,3917970.0,0.0,3917970.0,4204353.0
3289,49,2,1,75346.0,3917970.0,0.0,3917970.0,4204353.0
6992,27,2,1,75346.0,3917970.0,0.0,3917970.0,4204353.0
1432,43,2,1,71758.0,3731400.0,0.0,3731400.0,4004146.0
947,35,2,1,68409.0,3557268.0,0.0,3557268.0,3817286.0
6686,40,2,1,68409.0,3557268.0,0.0,3557268.0,3817286.0
8121,28,2,1,68409.0,3557268.0,0.0,3557268.0,3817286.0
13832,28,2,1,68409.0,3557268.0,0.0,3557268.0,3817286.0
3590,35,2,1,68409.0,3557268.0,0.0,3557268.0,3817286.0
3711,42,2,1,68409.0,3557268.0,0.0,3557268.0,3817286.0
3271,45,2,1,68409.0,3557268.0,0.0,3557268.0,3817286.0
11898,51,2,1,68409.0,3557268.0,0.0,3557268.0,3817286.0
3696,27,2,1,68409.0,3557268.0,0.0,3557268.0,3817286.0
7284,42,2,1,68409.0,3557268.0,0.0,3557268.0,3817286.0
4800,27,2,1,68409.0,3557268.0,0.0,3557268.0,3817286.0
10369,33,2,1,68409.0,3557268.0,1069668.0,4626936.0,4965141.0
6120,47,2,1,68409.0,3557268.0,0.0,3557268.0,3817286.0
9423,33,2,1,68409.0,3557268.0,0.0,3557268.0,3817286.0
12205,38,2,1,68409.0,3557268.0,0.0,3557268.0,3817286.0
6901,39,2,1,68409.0,3557268.0,0.0,3557268.0,3817286.0
2359,33,2,1,68409.0,3557268.0,0.0,3557268.0,3817286.0
5482,49,2,1,68409.0,3557268.0,0.0,3557268.0,3817286.0
11652,49,2,1,68409.0,3557268.0,0.0,3557268.0,3817286.0
6601,51,2,1,68409.0,3557268.0,0.0,3557268.0,3817286.0
5254,33,2,1,68409.0,3557268.0,0.0,3557268.0,3817286.0
6110,35,2,1,68409.0,3557268.0,0.0,3557268.0,3817286.0
9577,44,2,1,68409.0,3557268.0,0.0,3557268.0,3817286.0
3404,28,2,1,68409.0,3557268.0,0.0,3557268.0,3817286.0
3899,50,2,1,65060.0,3383136.0,0.0,3383136.0,3630426.0
1959,36,2,1,61472.0,3196566.0,0.0,3196566.0,3430219.0
166,31,2,1,61472.0,3196566.0,0.0,3196566.0,3430219.0
12057,49,2,1,61472.0,3196566.0,1417932.0,4614498.0,4951794.0
8515,49,2,1,61472.0,3196566.0,0.0,3196566.0,3430219.0
7714,45,2,1,61472.0,3196566.0,0.0,3196566.0,3430219.0
13228,44,2,1,61472.0,3196566.0,0.0,3196566.0,3430219.0
5921,38,2,1,61472.0,3196566.0,0.0,3196566.0,3430219.0
10459,42,2,1,61472.0,3196566.0,0.0,3196566.0,3430219.0
31,43,2,1,61472.0,3196566.0,0.0,3196566.0,3430219.0
1930,33,2,1,61472.0,3196566.0,0.0,3196566.0,3430219.0
8028,36,2,1,61472.0,3196566.0,0.0,3196566.0,3430219.0
8057,27,2,1,61472.0,3196566.0,0.0,3196566.0,3430219.0
3332,33,2,1,61472.0,3196566.0,0.0,3196566.0,3430219.0
5014,50,2,1,61472.0,3196566.0,0.0,3196566.0,3430219.0
11262,51,2,1,61472.0,3196566.0,0.0,3196566.0,3430219.0
8038,28,2,1,61472.0,3196566.0,0.0,3196566.0,3430219.0
1905,42,2,1,61472.0,3196566.0,0.0,3196566.0,3430219.0
10968,34,2,1,61472.0,3196566.0,0.0,3196566.0,3430219.0
3502,43,2,1,58124.0,3022434.0,534834.0,3557268.0,3817286.0
6710,44,2,1,58124.0,3022434.0,0.0,3022434.0,3243358.0
9468,51,2,1,58124.0,3022434.0,0.0,3022434.0,3243358.0
9971,50,2,1,58124.0,3022434.0,534834.0,3557268.0,3817286.0
6640,40,2,1,58124.0,3022434.0,0.0,3022434.0,3243358.0
11508,49,2,1,58124.0,3022434.0,0.0,3022434.0,3243358.0
4072,49,2,1,58124.0,3022434.0,0.0,3022434.0,3243358.0
2541,45,2,1,54775.0,2848302.0,0.0,2848302.0,3056498.0
6556,34,2,1,54775.0,2848302.0,0.0,2848302.0,3056498.0
13413,50,2,1,54775.0,2848302.0,0.0,2848302.0,3056498.0
4383,45,2,1,54775.0,2848302.0,0.0,2848302.0,3056498.0
6493,45,2,1,54775.0,2848302.0,1417932.0,4266234.0,4578074.0
10548,51,2,1,54775.0,2848302.0,0.0,2848302.0,3056498.0
496,36,2,1,54775.0,2848302.0,1069668.0,3917970.0,4204353.0
10263,45,2,1,54775.0,2848302.0,0.0,2848302.0,3056498.0
9713,28,2,1,54775.0,2848302.0,0.0,2848302.0,3056498.0
2060,39,2,1,54775.0,2848302.0,0.0,2848302.0,3056498.0
7572,39,2,1,54775.0,2848302.0,0.0,2848302.0,3056498.0
9947,35,2,1,54775.0,2848302.0,0.0,2848302.0,3056498.0
10150,47,2,1,54775.0,2848302.0,0.0,2848302.0,3056498.0
1804,49,2,1,54775.0,2848302.0,0.0,2848302.0,3056498.0
9399,33,2,1,54775.0,2848302.0,0.0,2848302.0,3056498.0
6672,44,2,1,54775.0,2848302.0,0.0,2848302.0,3056498.0
12400,39,2,1,54775.0,2848302.0,0.0,2848302.0,3056498.0
10511,34,2,1,54775.0,2848302.0,0.0,2848302.0,3056498.0
12026,39,2,1,54775.0,2848302.0,0.0,2848302.0,3056498.0
1964,28,2,1,53340.0,2773674.0,0.0,2773674.0,2976415.0
4751,49,2,1,51426.0,2674170.0,0.0,2674170.0,2869638.0
11573,43,2,1,51426.0,2674170.0,0.0,2674170.0,2869638.0
8197,31,2,1,51426.0,2674170.0,0.0,2674170.0,2869638.0
3945,28,2,1,51426.0,2674170.0,0.0,2674170.0,2869638.0
14186,38,2,1,51426.0,2674170.0,0.0,2674170.0,2869638.0
2395,36,2,1,51426.0,2674170.0,895536.0,3569706.0,3830633.0
13816,43,2,1,51426.0,2674170.0,0.0,2674170.0,2869638.0
11394,39,2,1,51426.0,2674170.0,0.0,2674170.0,2869638.0
13377,47,2,1,51426.0,2674170.0,0.0,2674170.0,2869638.0
12209,49,2,1,51426.0,2674170.0,0.0,2674170.0,2869638.0
3643,28,2,1,51426.0,2674170.0,0.0,2674170.0,2869638.0
6895,45,2,1,51426.0,2674170.0,0.0,2674170.0,2869638.0
3352,39,2,1,51426.0,2674170.0,0.0,2674170.0,2869638.0
13994,34,2,1,51426.0,2674170.0,0.0,2674170.0,2869638.0
11052,28,2,1,51426.0,2674170.0,0.0,2674170.0,2869638.0
8644,34,2,1,51426.0,2674170.0,0.0,2674170.0,2869638.0
9392,43,2,1,51426.0,2674170.0,0.0,2674170.0,2869638.0
1812,35,2,1,51426.0,2674170.0,0.0,2674170.0,2869638.0
14191,39,2,1,51426.0,2674170.0,0.0,2674170.0,2869638.0
4927,38,2,1,47838.0,2487600.0,0.0,2487600.0,2669431.0
5823,36,2,1,47838.0,2487600.0,0.0,2487600.0,2669431.0
1259,50,2,1,47838.0,2487600.0,0.0,2487600.0,2669431.0
5553,40,2,1,47838.0,2487600.0,0.0,2487600.0,2669431.0
859,44,2,1,47838.0,2487600.0,0.0,2487600.0,2669431.0
630,35,2,1,47838.0,2487600.0,0.0,2487600.0,2669431.0
6632,47,2,1,47838.0,2487600.0,0.0,2487600.0,2669431.0
11,30,2,1,47838.0,2487600.0,0.0,2487600.0,2669431.0
6198,39,2,1,47838.0,2487600.0,0.0,2487600.0,2669431.0
9396,35,2,1,47838.0,2487600.0,708966.0,3196566.0,3430219.0
8915,50,2,1,47838.0,2487600.0,708966.0,3196566.0,3430219.0
11351,38,2,1,47838.0,2487600.0,0.0,2487600.0,2669431.0
5961,28,2,1,47838.0,2487600.0,0.0,2487600.0,2669431.0
8619,38,2,1,44490.0,2313468.0,0.0,2313468.0,2482571.0
13577,39,2,1,44490.0,2313468.0,0.0,2313468.0,2482571.0
9858,50,2,1,44490.0,2313468.0,0.0,2313468.0,2482571.0
8688,50,2,1,44490.0,2313468.0,0.0,2313468.0,2482571.0
13217,47,2,1,44490.0,2313468.0,0.0,2313468.0,2482571.0
11225,50,2,1,44490.0,2313468.0,0.0,2313468.0,2482571.0
10515,40,2,1,44490.0,2313468.0,0.0,2313468.0,2482571.0
3254,49,2,1,44490.0,2313468.0,0.0,2313468.0,2482571.0
11319,31,2,1,44490.0,2313468.0,0.0,2313468.0,2482571.0
2109,43,2,1,44490.0,2313468.0,0.0,2313468.0,2482571.0
13678,50,2,1,44490.0,2313468.0,0.0,2313468.0,2482571.0
10338,47,2,1,44490.0,2313468.0,0.0,2313468.0,2482571.0
12672,36,2,1,43055.0,2238840.0,0.0,2238840.0,2402488.0
10597,44,2,1,41141.0,2139336.0,0.0,2139336.0,2295710.0
12703,43,2,1,41141.0,2139336.0,0.0,2139336.0,2295710.0
11955,27,2,1,41141.0,2139336.0,0.0,2139336.0,2295710.0
2474,34,2,1,41141.0,2139336.0,0.0,2139336.0,2295710.0
1303,44,2,1,41141.0,2139336.0,0.0,2139336.0,2295710.0
6211,50,2,1,41141.0,2139336.0,0.0,2139336.0,2295710.0
9457,51,2,1,41141.0,2139336.0,0.0,2139336.0,2295710.0
2989,51,2,1,41141.0,2139336.0,0.0,2139336.0,2295710.0
236,40,2,1,41141.0,2139336.0,0.0,2139336.0,2295710.0
3279,50,2,1,41141.0,2139336.0,0.0,2139336.0,2295710.0
6103,40,2,1,41141.0,2139336.0,0.0,2139336.0,2295710.0
10011,44,2,1,41141.0,2139336.0,0.0,2139336.0,2295710.0
10247,31,2,1,41141.0,2139336.0,0.0,2139336.0,2295710.0
7365,38,2,1,41141.0,2139336.0,0.0,2139336.0,2295710.0
11991,45,2,1,41141.0,2139336.0,0.0,2139336.0,2295710.0
6145,47,2,1,41141.0,2139336.0,0.0,2139336.0,2295710.0
10194,47,2,1,41141.0,2139336.0,0.0,2139336.0,2295710.0
14079,35,2,1,39706.0,2064708.0,0.0,2064708.0,2215628.0
6050,27,2,1,39706.0,2064708.0,0.0,2064708.0,2215628.0
2532,34,2,1,37553.0,1952766.0,0.0,1952766.0,2095503.0
13264,27,2,1,37553.0,1952766.0,0.0,1952766.0,2095503.0
6029,34,2,1,37553.0,1952766.0,0.0,1952766.0,2095503.0
12712,35,2,1,37553.0,1952766.0,0.0,1952766.0,2095503.0
10442,39,2,1,37553.0,1952766.0,0.0,1952766.0,2095503.0
2051,51,2,1,37553.0,1952766.0,0.0,1952766.0,2095503.0
203,51,2,1,37553.0,1952766.0,0.0,1952766.0,2095503.0
12422,49,2,1,37553.0,1952766.0,0.0,1952766.0,2095503.0
13804,38,2,1,37553.0,1952766.0,0.0,1952766.0,2095503.0
1829,30,2,1,37553.0,1952766.0,0.0,1952766.0,2095503.0
142,47,2,1,37553.0,1952766.0,0.0,1952766.0,2095503.0
3069,31,2,1,37553.0,1952766.0,0.0,1952766.0,2095503.0
5550,47,2,1,37553.0,1952766.0,0.0,1952766.0,2095503.0
187,31,2,1,37553.0,1952766.0,0.0,1952766.0,2095503.0
6093,34,2,1,37553.0,1952766.0,0.0,1952766.0,2095503.0
10192,27,2,1,37553.0,1952766.0,0.0,1952766.0,2095503.0
13136,42,2,1,37553.0,1952766.0,0.0,1952766.0,2095503.0
14582,49,2,1,37553.0,1952766.0,0.0,1952766.0,2095503.0
2728,35,2,1,37553.0,1952766.0,0.0,1952766.0,2095503.0
12453,50,2,1,37553.0,1952766.0,0.0,1952766.0,2095503.0
8583,40,2,1,37553.0,1952766.0,0.0,1952766.0,2095503.0
3935,44,2,1,37553.0,1952766.0,0.0,1952766.0,2095503.0
2855,44,2,1,37553.0,1952766.0,0.0,1952766.0,2095503.0
3754,33,2,1,37553.0,1952766.0,0.0,1952766.0,2095503.0
6386,29,2,1,37553.0,1952766.0,0.0,1952766.0,2095503.0
469,43,2,1,34205.0,1778634.0,0.0,1778634.0,1908643.0
1603,28,2,1,34205.0,1778634.0,0.0,1778634.0,1908643.0
2243,28,2,1,34205.0,1778634.0,0.0,1778634.0,1908643.0
12176,28,2,1,34205.0,1778634.0,1069668.0,2848302.0,3056498.0
3134,29,2,1,34205.0,1778634.0,0.0,1778634.0,1908643.0
3599,29,2,1,34205.0,1778634.0,0.0,1778634.0,1908643.0
9106,29,2,1,34205.0,1778634.0,0.0,1778634.0,1908643.0
10571,29,2,1,34205.0,1778634.0,0.0,1778634.0,1908643.0
12401,29,2,1,34205.0,1778634.0,0.0,1778634.0,1908643.0
9480,30,2,1,34205.0,1778634.0,0.0,1778634.0,1908643.0
760,31,2,1,34205.0,1778634.0,0.0,1778634.0,1908643.0
11547,31,2,1,34205.0,1778634.0,0.0,1778634.0,1908643.0
13049,31,2,1,34205.0,1778634.0,0.0,1778634.0,1908643.0
2734,33,2,1,34205.0,1778634.0,0.0,1778634.0,1908643.0
10922,33,2,1,34205.0,1778634.0,0.0,1778634.0,1908643.0
13780,33,2,1,34205.0,1778634.0,0.0,1778634.0,1908643.0
400,34,2,1,34205.0,1778634.0,0.0,1778634.0,1908643.0
6114,34,2,1,34205.0,1778634.0,0.0,1778634.0,1908643.0
6360,34,2,1,34205.0,1778634.0,0.0,1778634.0,1908643.0
6398,34,2,1,34205.0,1778634.0,0.0,1778634.0,1908643.0
8958,34,2,1,34205.0,1778634.0,0.0,1778634.0,1908643.0
10526,35,2,1,34205.0,1778634.0,0.0,1778634.0,1908643.0
1145,36,2,1,34205.0,1778634.0,0.0,1778634.0,1908643.0
2953,36,2,1,34205.0,1778634.0,0.0,1778634.0,1908643.0
6605,36,2,1,34205.0,1778634.0,0.0,1778634.0,1908643.0
7601,36,2,1,34205.0,1778634.0,0.0,1778634.0,1908643.0
14241,36,2,1,34205.0,1778634.0,0.0,1778634.0,1908643.0
8976,38,2,1,34205.0,1778634.0,0.0,1778634.0,1908643.0
11328,38,2,1,34205.0,1778634.0,0.0,1778634.0,1908643.0
13343,39,2,1,34205.0,1778634.0,0.0,1778634.0,1908643.0
14286,39,2,1,34205.0,1778634.0,0.0,1778634.0,1908643.0
7868,40,2,1,34205.0,1778634.0,0.0,1778634.0,1908643.0
12856,42,2,1,34205.0,1778634.0,0.0,1778634.0,1908643.0
12717,44,2,1,34205.0,1778634.0,0.0,1778634.0,1908643.0
10531,45,2,1,34205.0,1778634.0,0.0,1778634.0,1908643.0
12798,45,2,1,34205.0,1778634.0,0.0,1778634.0,1908643.0
13252,45,2,1,34205.0,1778634.0,0.0,1778634.0,1908643.0
647,47,2,1,34205.0,1778634.0,0.0,1778634.0,1908643.0
6,50,2,1,34205.0,1778634.0,0.0,1778634.0,1908643.0
10518,50,2,1,34205.0,1778634.0,0.0,1778634.0,1908643.0
3417,51,2,1,34205.0,1778634.0,0.0,1778634.0,1908643.0
11500,51,2,1,34205.0,1778634.0,0.0,1778634.0,1908643.0
12363,51,2,1,34205.0,1778634.0,0.0,1778634.0,1908643.0
2239,44,2,1,31573.0,1641816.0,0.0,1641816.0,1761824.0
2491,45,2,1,30856.0,1604502.0,0.0,1604502.0,1721783.0
13631,43,2,1,30856.0,1604502.0,0.0,1604502.0,1721783.0
9962,34,2,1,30856.0,1604502.0,0.0,1604502.0,1721783.0
2205,39,2,1,30856.0,1604502.0,0.0,1604502.0,1721783.0
13218,38,2,1,30856.0,1604502.0,0.0,1604502.0,1721783.0
9178,51,2,1,30856.0,1604502.0,0.0,1604502.0,1721783.0
2752,51,2,1,30856.0,1604502.0,0.0,1604502.0,1721783.0
7560,28,2,1,30856.0,1604502.0,0.0,1604502.0,1721783.0
5272,29,2,1,30856.0,1604502.0,0.0,1604502.0,1721783.0
5934,29,2,1,30856.0,1604502.0,0.0,1604502.0,1721783.0
2129,38,2,1,30856.0,1604502.0,0.0,1604502.0,1721783.0
2183,30,2,1,30856.0,1604502.0,0.0,1604502.0,1721783.0
1534,49,2,1,30856.0,1604502.0,0.0,1604502.0,1721783.0
4265,27,2,1,30856.0,1604502.0,0.0,1604502.0,1721783.0
10341,45,2,1,30856.0,1604502.0,0.0,1604502.0,1721783.0
1060,45,2,1,30856.0,1604502.0,0.0,1604502.0,1721783.0
9575,44,2,1,30856.0,1604502.0,0.0,1604502.0,1721783.0
6063,44,2,1,30856.0,1604502.0,0.0,1604502.0,1721783.0
1613,35,2,1,30856.0,1604502.0,0.0,1604502.0,1721783.0
12406,44,2,1,28703.0,1492560.0,0.0,1492560.0,1601658.0
9302,44,2,1,27268.0,1417932.0,0.0,1417932.0,1521576.0
11574,29,2,1,27268.0,1417932.0,0.0,1417932.0,1521576.0
1488,33,2,1,27268.0,1417932.0,0.0,1417932.0,1521576.0
11031,49,2,1,27268.0,1417932.0,0.0,1417932.0,1521576.0
13763,36,2,1,27268.0,1417932.0,0.0,1417932.0,1521576.0
3897,49,2,1,27268.0,1417932.0,0.0,1417932.0,1521576.0
1207,35,2,1,27268.0,1417932.0,0.0,1417932.0,1521576.0
7462,47,2,1,27268.0,1417932.0,0.0,1417932.0,1521576.0
12898,36,2,1,27268.0,1417932.0,0.0,1417932.0,1521576.0
3654,47,2,1,27268.0,1417932.0,0.0,1417932.0,1521576.0
3941,27,2,1,27268.0,1417932.0,0.0,1417932.0,1521576.0
14253,45,2,1,27268.0,1417932.0,0.0,1417932.0,1521576.0
5368,40,2,1,27268.0,1417932.0,0.0,1417932.0,1521576.0
11969,45,2,1,27268.0,1417932.0,0.0,1417932.0,1521576.0
6060,44,2,1,27268.0,1417932.0,0.0,1417932.0,1521576.0
4818,33,2,1,27268.0,1417932.0,0.0,1417932.0,1521576.0
12504,34,2,1,27268.0,1417932.0,0.0,1417932.0,1521576.0
5360,39,2,1,27268.0,1417932.0,0.0,1417932.0,1521576.0
3972,45,2,1,27268.0,1417932.0,0.0,1417932.0,1521576.0
2351,36,2,1,27268.0,1417932.0,0.0,1417932.0,1521576.0
4240,40,2,1,27268.0,1417932.0,0.0,1417932.0,1521576.0
14235,27,2,1,27268.0,1417932.0,0.0,1417932.0,1521576.0
12095,27,2,1,27268.0,1417932.0,0.0,1417932.0,1521576.0
6700,31,2,1,27268.0,1417932.0,0.0,1417932.0,1521576.0
12168,38,2,1,27268.0,1417932.0,0.0,1417932.0,1521576.0
13825,34,2,1,27268.0,1417932.0,0.0,1417932.0,1521576.0
11863,38,2,1,27268.0,1417932.0,0.0,1417932.0,1521576.0
3067,39,2,1,27268.0,1417932.0,0.0,1417932.0,1521576.0
5349,39,2,1,27268.0,1417932.0,0.0,1417932.0,1521576.0
13105,40,2,1,27268.0,1417932.0,0.0,1417932.0,1521576.0
8190,29,2,1,27268.0,1417932.0,0.0,1417932.0,1521576.0
4220,44,2,1,27268.0,1417932.0,0.0,1417932.0,1521576.0
9542,29,2,1,26072.0,1355742.0,0.0,1355742.0,1454840.0
695,43,2,1,25594.0,1330866.0,0.0,1330866.0,1428145.0
14113,50,2,1,23919.0,1243800.0,0.0,1243800.0,1334715.0
9846,38,2,1,23919.0,1243800.0,0.0,1243800.0,1334715.0
5354,36,2,1,23919.0,1243800.0,0.0,1243800.0,1334715.0
2017,36,2,1,23919.0,1243800.0,0.0,1243800.0,1334715.0
5909,43,2,1,23919.0,1243800.0,0.0,1243800.0,1334715.0
14212,34,2,1,23919.0,1243800.0,0.0,1243800.0,1334715.0
6911,34,2,1,23919.0,1243800.0,0.0,1243800.0,1334715.0
14290,43,2,1,23919.0,1243800.0,0.0,1243800.0,1334715.0
6707,34,2,1,23919.0,1243800.0,0.0,1243800.0,1334715.0
9110,33,2,1,23919.0,1243800.0,0.0,1243800.0,1334715.0
5955,44,2,1,23919.0,1243800.0,0.0,1243800.0,1334715.0
6283,44,2,1,23919.0,1243800.0,0.0,1243800.0,1334715.0
13300,31,2,1,23919.0,1243800.0,0.0,1243800.0,1334715.0
11425,44,2,1,23919.0,1243800.0,0.0,1243800.0,1334715.0
9581,27,2,1,23919.0,1243800.0,447768.0,1691568.0,1815213.0
324,47,2,1,23919.0,1243800.0,0.0,1243800.0,1334715.0
8728,47,2,1,23919.0,1243800.0,0.0,1243800.0,1334715.0
12065,30,2,1,23919.0,1243800.0,0.0,1243800.0,1334715.0
7912,30,2,1,23919.0,1243800.0,0.0,1243800.0,1334715.0
7553,30,2,1,23919.0,1243800.0,0.0,1243800.0,1334715.0
2594,30,2,1,23919.0,1243800.0,0.0,1243800.0,1334715.0
12408,29,2,1,23919.0,1243800.0,0.0,1243800.0,1334715.0
9131,29,2,1,23919.0,1243800.0,0.0,1243800.0,1334715.0
7381,29,2,1,23919.0,1243800.0,0.0,1243800.0,1334715.0
2876,29,2,1,23919.0,1243800.0,0.0,1243800.0,1334715.0
2527,29,2,1,23919.0,1243800.0,0.0,1243800.0,1334715.0
183,29,2,1,23919.0,1243800.0,0.0,1243800.0,1334715.0
12666,51,2,1,23919.0,1243800.0,0.0,1243800.0,1334715.0
656,28,2,1,23919.0,1243800.0,0.0,1243800.0,1334715.0
6905,51,2,1,23919.0,1243800.0,0.0,1243800.0,1334715.0
14507,39,2,1,23919.0,1243800.0,0.0,1243800.0,1334715.0
11104,45,2,1,20571.0,1069668.0,0.0,1069668.0,1147855.0
2469,47,2,1,20571.0,1069668.0,0.0,1069668.0,1147855.0
6595,51,2,1,20571.0,1069668.0,0.0,1069668.0,1147855.0
10540,36,2,1,20571.0,1069668.0,0.0,1069668.0,1147855.0
13184,45,2,1,20571.0,1069668.0,0.0,1069668.0,1147855.0
3149,33,2,1,20571.0,1069668.0,0.0,1069668.0,1147855.0
3852,44,2,1,20571.0,1069668.0,0.0,1069668.0,1147855.0
6087,39,2,1,20571.0,1069668.0,0.0,1069668.0,1147855.0
2133,45,2,1,20571.0,1069668.0,0.0,1069668.0,1147855.0
5387,51,2,1,20571.0,1069668.0,0.0,1069668.0,1147855.0
6077,35,2,1,20571.0,1069668.0,0.0,1069668.0,1147855.0
3685,34,2,1,20571.0,1069668.0,0.0,1069668.0,1147855.0
3031,45,2,1,20571.0,1069668.0,0.0,1069668.0,1147855.0
12697,42,2,1,20571.0,1069668.0,0.0,1069668.0,1147855.0
5330,36,2,1,20571.0,1069668.0,0.0,1069668.0,1147855.0
4198,28,2,1,20571.0,1069668.0,0.0,1069668.0,1147855.0
6529,28,2,1,20571.0,1069668.0,0.0,1069668.0,1147855.0
5231,45,2,1,20571.0,1069668.0,0.0,1069668.0,1147855.0
5933,29,2,1,20571.0,1069668.0,0.0,1069668.0,1147855.0
5675,38,2,1,20571.0,1069668.0,0.0,1069668.0,1147855.0
8266,29,2,1,20571.0,1069668.0,0.0,1069668.0,1147855.0
687,39,2,1,20571.0,1069668.0,0.0,1069668.0,1147855.0
9853,42,2,1,20571.0,1069668.0,0.0,1069668.0,1147855.0
4142,30,2,1,20571.0,1069668.0,0.0,1069668.0,1147855.0
10092,30,2,1,20571.0,1069668.0,0.0,1069668.0,1147855.0
13624,36,2,1,20571.0,1069668.0,0.0,1069668.0,1147855.0
12503,38,2,1,20571.0,1069668.0,0.0,1069668.0,1147855.0
12269,47,2,1,20571.0,1069668.0,0.0,1069668.0,1147855.0
11437,47,2,1,20571.0,1069668.0,0.0,1069668.0,1147855.0
13539,36,2,1,20571.0,1069668.0,0.0,1069668.0,1147855.0
14083,30,2,1,20571.0,1069668.0,0.0,1069668.0,1147855.0
11079,45,2,1,20571.0,1069668.0,0.0,1069668.0,1147855.0
10489,35,2,1,19135.0,995040.0,0.0,995040.0,1067772.0
3113,29,2,1,17222.0,895536.0,0.0,895536.0,960995.0
12378,35,2,1,17222.0,895536.0,0.0,895536.0,960995.0
13628,35,2,1,17222.0,895536.0,0.0,895536.0,960995.0
1359,36,2,1,17222.0,895536.0,0.0,895536.0,960995.0
12427,45,2,1,17222.0,895536.0,0.0,895536.0,960995.0
7063,51,2,1,17222.0,895536.0,0.0,895536.0,960995.0
2297,47,2,1,17222.0,895536.0,0.0,895536.0,960995.0
14602,30,2,1,17222.0,895536.0,0.0,895536.0,960995.0
14470,30,2,1,17222.0,895536.0,0.0,895536.0,960995.0
13468,30,2,1,17222.0,895536.0,0.0,895536.0,960995.0
10227,47,2,1,17222.0,895536.0,0.0,895536.0,960995.0
12294,47,2,1,17222.0,895536.0,0.0,895536.0,960995.0
12770,47,2,1,17222.0,895536.0,0.0,895536.0,960995.0
11694,30,2,1,17222.0,895536.0,0.0,895536.0,960995.0
4737,30,2,1,17222.0,895536.0,0.0,895536.0,960995.0
3203,30,2,1,17222.0,895536.0,0.0,895536.0,960995.0
6202,49,2,1,17222.0,895536.0,0.0,895536.0,960995.0
4615,50,2,1,17222.0,895536.0,0.0,895536.0,960995.0
6014,29,2,1,17222.0,895536.0,0.0,895536.0,960995.0
5680,29,2,1,17222.0,895536.0,0.0,895536.0,960995.0
12117,31,2,1,17222.0,895536.0,0.0,895536.0,960995.0
14008,39,2,1,17222.0,895536.0,0.0,895536.0,960995.0
8224,38,2,1,17222.0,895536.0,0.0,895536.0,960995.0
8697,38,2,1,17222.0,895536.0,0.0,895536.0,960995.0
10473,34,2,1,17222.0,895536.0,0.0,895536.0,960995.0
3303,35,2,1,17222.0,895536.0,0.0,895536.0,960995.0
3668,35,2,1,17222.0,895536.0,0.0,895536.0,960995.0
9229,29,2,1,13634.0,708966.0,0.0,708966.0,760788.0
5336,45,2,1,13634.0,708966.0,0.0,708966.0,760788.0
6464,31,2,1,13634.0,708966.0,0.0,708966.0,760788.0
1996,31,2,1,13634.0,708966.0,0.0,708966.0,760788.0
4888,47,2,1,13634.0,708966.0,0.0,708966.0,760788.0
8764,30,2,1,13634.0,708966.0,0.0,708966.0,760788.0
14193,38,2,1,13634.0,708966.0,0.0,708966.0,760788.0
8731,45,2,1,13634.0,708966.0,0.0,708966.0,760788.0
8873,36,2,1,13634.0,708966.0,0.0,708966.0,760788.0
7130,30,2,1,13634.0,708966.0,0.0,708966.0,760788.0
5891,30,2,1,13634.0,708966.0,0.0,708966.0,760788.0
4166,31,2,1,13634.0,708966.0,0.0,708966.0,760788.0
3337,31,2,1,13634.0,708966.0,0.0,708966.0,760788.0
157,38,2,1,13634.0,708966.0,0.0,708966.0,760788.0
6694,38,2,1,13634.0,708966.0,0.0,708966.0,760788.0
12701,45,2,1,13634.0,708966.0,0.0,708966.0,760788.0
6218,31,2,1,13634.0,708966.0,0.0,708966.0,760788.0
7933,47,2,1,13634.0,708966.0,0.0,708966.0,760788.0
1823,50,2,1,13634.0,708966.0,0.0,708966.0,760788.0
2920,39,2,1,13634.0,708966.0,0.0,708966.0,760788.0
10472,51,2,1,13634.0,708966.0,0.0,708966.0,760788.0
7748,39,2,1,13634.0,708966.0,0.0,708966.0,760788.0
2951,39,2,1,13634.0,708966.0,0.0,708966.0,760788.0
2711,42,2,1,13634.0,708966.0,0.0,708966.0,760788.0
6378,28,2,1,13634.0,708966.0,0.0,708966.0,760788.0
1349,29,2,1,13634.0,708966.0,0.0,708966.0,760788.0
14258,47,2,1,13634.0,708966.0,0.0,708966.0,760788.0
4283,43,2,1,13634.0,708966.0,0.0,708966.0,760788.0
5096,45,2,1,13634.0,708966.0,0.0,708966.0,760788.0
10447,34,2,1,13634.0,708966.0,0.0,708966.0,760788.0
8215,45,2,1,10285.0,534834.0,0.0,534834.0,573928.0
12516,30,2,1,10285.0,534834.0,0.0,534834.0,573928.0
5351,45,2,1,10285.0,534834.0,0.0,534834.0,573928.0
9140,36,2,1,10285.0,534834.0,0.0,534834.0,573928.0
7737,29,2,1,10285.0,534834.0,0.0,534834.0,573928.0
1497,47,2,1,10285.0,534834.0,0.0,534834.0,573928.0
7231,47,2,1,10285.0,534834.0,0.0,534834.0,573928.0
9751,51,2,1,10285.0,534834.0,0.0,534834.0,573928.0
3857,35,2,1,10285.0,534834.0,0.0,534834.0,573928.0
12514,45,2,1,10285.0,534834.0,0.0,534834.0,573928.0
12896,30,2,1,10285.0,534834.0,0.0,534834.0,573928.0
4270,31,2,1,10285.0,534834.0,0.0,534834.0,573928.0
14164,45,2,1,10285.0,534834.0,0.0,534834.0,573928.0
12556,47,2,1,10285.0,534834.0,0.0,534834.0,573928.0
6678,45,2,1,10285.0,534834.0,0.0,534834.0,573928.0
2250,40,2,1,10285.0,534834.0,348264.0,883098.0,947648.0
5911,45,2,1,10285.0,534834.0,0.0,534834.0,573928.0
2807,40,2,1,10285.0,534834.0,0.0,534834.0,573928.0
2797,38,2,1,10285.0,534834.0,0.0,534834.0,573928.0
8350,44,2,1,6937.0,360702.0,0.0,360702.0,387067.0
7484,31,2,1,6937.0,360702.0,0.0,360702.0,387067.0
1217,35,2,1,6937.0,360702.0,0.0,360702.0,387067.0
5325,44,2,1,6937.0,360702.0,0.0,360702.0,387067.0
6054,31,2,1,6937.0,360702.0,0.0,360702.0,387067.0
7677,30,2,1,6937.0,360702.0,0.0,360702.0,387067.0
2268,40,2,1,6937.0,360702.0,0.0,360702.0,387067.0
11308,49,2,1,6937.0,360702.0,0.0,360702.0,387067.0
11909,51,2,1,6937.0,360702.0,0.0,360702.0,387067.0
7917,38,2,1,6937.0,360702.0,0.0,360702.0,387067.0
13647,31,2,1,6937.0,360702.0,0.0,360702.0,387067.0
8718,39,2,1,6937.0,360702.0,0.0,360702.0,387067.0
9220,44,2,1,6937.0,360702.0,0.0,360702.0,387067.0
2517,51,2,1,6937.0,360702.0,0.0,360702.0,387067.0
2927,51,2,1,6937.0,360702.0,0.0,360702.0,387067.0
13766,51,2,1,6937.0,360702.0,0.0,360702.0,387067.0
7341,31,2,1,6937.0,360702.0,0.0,360702.0,387067.0
2203,45,2,1,6937.0,360702.0,0.0,360702.0,387067.0
6074,47,2,1,6937.0,360702.0,0.0,360702.0,387067.0
12015,40,2,1,6937.0,360702.0,0.0,360702.0,387067.0
6955,29,2,1,5501.0,286074.0,0.0,286074.0,306985.0
6655,29,2,1,5501.0,286074.0,0.0,286074.0,306985.0
14404,31,2,1,5501.0,286074.0,0.0,286074.0,306985.0
14458,51,2,1,5501.0,286074.0,0.0,286074.0,306985.0
13598,47,2,1,5501.0,286074.0,0.0,286074.0,306985.0
2100,49,2,1,5023.0,261198.0,0.0,261198.0,280290.0
797,49,2,1,5023.0,261198.0,0.0,261198.0,280290.0
9647,44,2,1,5023.0,261198.0,0.0,261198.0,280290.0
8205,33,2,1,4784.0,248760.0,0.0,248760.0,266943.0
13820,36,2,1,4784.0,248760.0,0.0,248760.0,266943.0
12069,42,2,1,3349.0,174132.0,0.0,174132.0,186860.0
8357,51,2,1,3349.0,174132.0,0.0,174132.0,186860.0
8181,31,2,1,3349.0,174132.0,0.0,174132.0,186860.0
6644,51,2,1,3349.0,174132.0,0.0,174132.0,186860.0
6159,31,2,1,3349.0,174132.0,0.0,174132.0,186860.0
4515,30,2,1,3349.0,174132.0,0.0,174132.0,186860.0
1298,43,2,1,3349.0,174132.0,0.0,174132.0,186860.0
5460,51,2,1,3349.0,174132.0,0.0,174132.0,186860.0
653,45,2,1,2392.0,124380.0,0.0,124380.0,133472.0
6948,45,2,1,1674.0,87066.0,0.0,87066.0,93430.0
7648,42,2,2,281138.0,14619176.0,0.0,14619176.0,15180183.0
4106,42,2,2,263690.0,13711867.0,17366661.0,31078528.0,32271158.0
10206,40,2,2,245996.0,12791779.0,1827397.0,14619176.0,15180183.0
2366,43,2,2,245996.0,12791779.0,3654794.0,16446573.0,17077706.0
11846,43,2,2,238869.0,12421188.0,0.0,12421188.0,12897848.0
11795,33,2,2,228548.0,11884470.0,0.0,11884470.0,12340533.0
1956,42,2,2,210854.0,10964382.0,0.0,10964382.0,11385137.0
9129,43,2,2,210854.0,10964382.0,2747485.0,13711867.0,14238056.0
5916,42,2,2,210854.0,10964382.0,0.0,10964382.0,11385137.0
7441,27,2,2,196846.0,10235979.0,1827397.0,12063376.0,12526305.0
4797,27,2,2,186279.0,9686482.0,0.0,9686482.0,10058198.0
11940,33,2,2,175711.0,9136985.0,0.0,9136985.0,9487614.0
6764,42,2,2,175711.0,9136985.0,0.0,9136985.0,9487614.0
1324,43,2,2,175711.0,9136985.0,0.0,9136985.0,9487614.0
9297,27,2,2,168585.0,8766394.0,2197988.0,10964382.0,11385137.0
2161,43,2,2,168585.0,8766394.0,0.0,8766394.0,9102802.0
3276,27,2,2,168585.0,8766394.0,0.0,8766394.0,9102802.0
11569,42,2,2,158263.0,8229676.0,0.0,8229676.0,8545487.0
14073,40,2,2,154577.0,8037991.0,0.0,8037991.0,8346447.0
12202,42,2,2,154577.0,8037991.0,0.0,8037991.0,8346447.0
7163,42,2,2,140569.0,7309588.0,0.0,7309588.0,7590091.0
9400,43,2,2,140569.0,7309588.0,1827397.0,9136985.0,9487614.0
13382,40,2,2,140569.0,7309588.0,0.0,7309588.0,7590091.0
14176,33,2,2,140569.0,7309588.0,0.0,7309588.0,7590091.0
1800,33,2,2,140569.0,7309588.0,0.0,7309588.0,7590091.0
13466,27,2,2,140569.0,7309588.0,0.0,7309588.0,7590091.0
6004,43,2,2,137129.0,7130682.0,3654794.0,10785476.0,11199366.0
2631,33,2,2,137129.0,7130682.0,0.0,7130682.0,7404320.0
2199,27,2,2,137129.0,7130682.0,3654794.0,10785476.0,11199366.0
5416,49,2,2,133442.0,6938997.0,0.0,6938997.0,7205279.0
5346,43,2,2,133442.0,6938997.0,0.0,6938997.0,7205279.0
14236,27,2,2,133442.0,6938997.0,0.0,6938997.0,7205279.0
13776,40,2,2,126561.0,6581185.0,0.0,6581185.0,6833736.0
4030,33,2,2,126561.0,6581185.0,0.0,6581185.0,6833736.0
12341,42,2,2,126561.0,6581185.0,0.0,6581185.0,6833736.0
4805,27,2,2,126561.0,6581185.0,0.0,6581185.0,6833736.0
8905,42,2,2,126561.0,6581185.0,0.0,6581185.0,6833736.0
7930,42,2,2,123121.0,6402279.0,0.0,6402279.0,6647965.0
8954,33,2,2,123121.0,6402279.0,0.0,6402279.0,6647965.0
6090,49,2,2,119435.0,6210594.0,0.0,6210594.0,6448924.0
2782,49,2,2,115994.0,6031688.0,0.0,6031688.0,6263152.0
13564,49,2,2,115994.0,6031688.0,1277900.0,7309588.0,7590091.0
2165,44,2,2,112554.0,5852782.0,1456806.0,7309588.0,7590091.0
1184,40,2,2,112554.0,5852782.0,0.0,5852782.0,6077381.0
10460,42,2,2,112554.0,5852782.0,0.0,5852782.0,6077381.0
1279,31,2,2,112554.0,5852782.0,0.0,5852782.0,6077381.0
844,40,2,2,105427.0,5482191.0,0.0,5482191.0,5692569.0
7461,50,2,2,105427.0,5482191.0,0.0,5482191.0,5692569.0
6212,50,2,2,105427.0,5482191.0,0.0,5482191.0,5692569.0
10248,33,2,2,105427.0,5482191.0,920088.0,6402279.0,6647965.0
1842,27,2,2,105427.0,5482191.0,0.0,5482191.0,5692569.0
9424,42,2,2,105427.0,5482191.0,0.0,5482191.0,5692569.0
12411,40,2,2,105427.0,5482191.0,0.0,5482191.0,5692569.0
2562,43,2,2,105427.0,5482191.0,0.0,5482191.0,5692569.0
11002,27,2,2,105427.0,5482191.0,0.0,5482191.0,5692569.0
2686,28,2,2,105427.0,5482191.0,0.0,5482191.0,5692569.0
761,40,2,2,105427.0,5482191.0,1098994.0,6581185.0,6833736.0
8524,50,2,2,105427.0,5482191.0,0.0,5482191.0,5692569.0
5554,40,2,2,105427.0,5482191.0,0.0,5482191.0,5692569.0
6711,44,2,2,105427.0,5482191.0,0.0,5482191.0,5692569.0
8715,43,2,2,105427.0,5482191.0,1827397.0,7309588.0,7590091.0
14504,28,2,2,105427.0,5482191.0,0.0,5482191.0,5692569.0
3122,40,2,2,98300.0,5111600.0,0.0,5111600.0,5307756.0
3507,40,2,2,98300.0,5111600.0,0.0,5111600.0,5307756.0
10332,28,2,2,91419.0,4753788.0,0.0,4753788.0,4936213.0
9465,42,2,2,91419.0,4753788.0,0.0,4753788.0,4936213.0
85,35,2,2,91419.0,4753788.0,0.0,4753788.0,4936213.0
1960,36,2,2,91419.0,4753788.0,0.0,4753788.0,4936213.0
11053,28,2,2,91419.0,4753788.0,0.0,4753788.0,4936213.0
6939,35,2,2,87979.0,4574882.0,0.0,4574882.0,4750442.0
7924,50,2,2,87979.0,4574882.0,0.0,4574882.0,4750442.0
3063,50,2,2,87979.0,4574882.0,0.0,4574882.0,4750442.0
3953,28,2,2,84292.0,4383197.0,0.0,4383197.0,4551401.0
8488,28,2,2,84292.0,4383197.0,0.0,4383197.0,4551401.0
8122,28,2,2,84292.0,4383197.0,0.0,4383197.0,4551401.0
6756,28,2,2,84292.0,4383197.0,0.0,4383197.0,4551401.0
708,44,2,2,84292.0,4383197.0,0.0,4383197.0,4551401.0
1072,43,2,2,84292.0,4383197.0,2926391.0,7309588.0,7590091.0
873,50,2,2,84292.0,4383197.0,0.0,4383197.0,4551401.0
5577,35,2,2,84292.0,4383197.0,0.0,4383197.0,4551401.0
2048,28,2,2,84292.0,4383197.0,1098994.0,5482191.0,5692569.0
3614,40,2,2,84292.0,4383197.0,1098994.0,5482191.0,5692569.0
23,27,2,2,84292.0,4383197.0,0.0,4383197.0,4551401.0
2701,40,2,2,84292.0,4383197.0,0.0,4383197.0,4551401.0
8261,43,2,2,84292.0,4383197.0,0.0,4383197.0,4551401.0
3525,45,2,2,84292.0,4383197.0,0.0,4383197.0,4551401.0
7743,44,2,2,84292.0,4383197.0,0.0,4383197.0,4551401.0
8805,33,2,2,84292.0,4383197.0,0.0,4383197.0,4551401.0
14013,43,2,2,84292.0,4383197.0,0.0,4383197.0,4551401.0
6121,50,2,2,80852.0,4204291.0,0.0,4204291.0,4365629.0
1067,35,2,2,78886.0,4102059.0,0.0,4102059.0,4259474.0
13392,33,2,2,77411.0,4025385.0,0.0,4025385.0,4179858.0
6993,27,2,2,77411.0,4025385.0,0.0,4025385.0,4179858.0
3290,49,2,2,77411.0,4025385.0,0.0,4025385.0,4179858.0
1433,43,2,2,73725.0,3833700.0,0.0,3833700.0,3980817.0
3686,34,2,2,70285.0,3654794.0,0.0,3654794.0,3795046.0
8182,33,2,2,70285.0,3654794.0,0.0,3654794.0,3795046.0
11413,28,2,2,70285.0,3654794.0,0.0,3654794.0,3795046.0
3301,35,2,2,70285.0,3654794.0,0.0,3654794.0,3795046.0
11649,49,2,2,70285.0,3654794.0,0.0,3654794.0,3795046.0
6111,35,2,2,70285.0,3654794.0,0.0,3654794.0,3795046.0
13265,27,2,2,70285.0,3654794.0,0.0,3654794.0,3795046.0
3712,42,2,2,70285.0,3654794.0,0.0,3654794.0,3795046.0
3697,27,2,2,70285.0,3654794.0,0.0,3654794.0,3795046.0
11956,27,2,2,70285.0,3654794.0,0.0,3654794.0,3795046.0
3755,50,2,2,70285.0,3654794.0,0.0,3654794.0,3795046.0
9963,34,2,2,70285.0,3654794.0,0.0,3654794.0,3795046.0
4801,27,2,2,70285.0,3654794.0,0.0,3654794.0,3795046.0
3405,28,2,2,70285.0,3654794.0,0.0,3654794.0,3795046.0
9578,44,2,2,70285.0,3654794.0,0.0,3654794.0,3795046.0
6687,40,2,2,70285.0,3654794.0,0.0,3654794.0,3795046.0
10370,33,2,2,70285.0,3654794.0,1098994.0,4753788.0,4936213.0
3267,34,2,2,70285.0,3654794.0,0.0,3654794.0,3795046.0
13833,28,2,2,70285.0,3654794.0,0.0,3654794.0,3795046.0
11895,36,2,2,70285.0,3654794.0,728403.0,4383197.0,4551401.0
2360,33,2,2,70285.0,3654794.0,0.0,3654794.0,3795046.0
948,35,2,2,70285.0,3654794.0,0.0,3654794.0,3795046.0
7285,42,2,2,70285.0,3654794.0,0.0,3654794.0,3795046.0
3591,35,2,2,70285.0,3654794.0,0.0,3654794.0,3795046.0
3900,50,2,2,66844.0,3475888.0,0.0,3475888.0,3609274.0
5919,35,2,2,63158.0,3284203.0,0.0,3284203.0,3410233.0
12058,49,2,2,63158.0,3284203.0,1456806.0,4741009.0,4922944.0
32,43,2,2,63158.0,3284203.0,0.0,3284203.0,3410233.0
13679,50,2,2,63158.0,3284203.0,0.0,3284203.0,3410233.0
10969,34,2,2,63158.0,3284203.0,0.0,3284203.0,3410233.0
14242,36,2,2,63158.0,3284203.0,0.0,3284203.0,3410233.0
11263,51,2,2,63158.0,3284203.0,0.0,3284203.0,3410233.0
13137,42,2,2,63158.0,3284203.0,0.0,3284203.0,3410233.0
3627,43,2,2,63158.0,3284203.0,0.0,3284203.0,3410233.0
1931,33,2,2,63158.0,3284203.0,0.0,3284203.0,3410233.0
167,31,2,2,63158.0,3284203.0,0.0,3284203.0,3410233.0
8058,27,2,2,63158.0,3284203.0,0.0,3284203.0,3410233.0
13229,44,2,2,63158.0,3284203.0,0.0,3284203.0,3410233.0
7387,27,2,2,63158.0,3284203.0,1098994.0,4383197.0,4551401.0
10225,50,2,2,63158.0,3284203.0,0.0,3284203.0,3410233.0
3200,27,2,2,59717.0,3105297.0,0.0,3105297.0,3224462.0
11749,49,2,2,59717.0,3105297.0,0.0,3105297.0,3224462.0
11509,49,2,2,59717.0,3105297.0,0.0,3105297.0,3224462.0
9972,50,2,2,59717.0,3105297.0,549497.0,3654794.0,3795046.0
11859,43,2,2,59717.0,3105297.0,0.0,3105297.0,3224462.0
3503,43,2,2,59717.0,3105297.0,549497.0,3654794.0,3795046.0
6641,40,2,2,59717.0,3105297.0,0.0,3105297.0,3224462.0
2232,45,2,2,56277.0,2926391.0,0.0,2926391.0,3038690.0
1661,33,2,2,56277.0,2926391.0,0.0,2926391.0,3038690.0
4384,45,2,2,56277.0,2926391.0,0.0,2926391.0,3038690.0
10264,45,2,2,56277.0,2926391.0,0.0,2926391.0,3038690.0
8198,31,2,2,56277.0,2926391.0,0.0,2926391.0,3038690.0
7485,31,2,2,56277.0,2926391.0,0.0,2926391.0,3038690.0
6557,34,2,2,56277.0,2926391.0,0.0,2926391.0,3038690.0
2708,33,2,2,56277.0,2926391.0,0.0,2926391.0,3038690.0
9948,35,2,2,56277.0,2926391.0,0.0,2926391.0,3038690.0
6606,36,2,2,56277.0,2926391.0,0.0,2926391.0,3038690.0
1805,49,2,2,56277.0,2926391.0,0.0,2926391.0,3038690.0
2135,49,2,2,56277.0,2926391.0,0.0,2926391.0,3038690.0
6673,44,2,2,56277.0,2926391.0,0.0,2926391.0,3038690.0
5361,44,2,2,56277.0,2926391.0,0.0,2926391.0,3038690.0
10549,51,2,2,56277.0,2926391.0,0.0,2926391.0,3038690.0
7409,29,2,2,56277.0,2926391.0,0.0,2926391.0,3038690.0
13767,51,2,2,56277.0,2926391.0,0.0,2926391.0,3038690.0
632,36,2,2,56277.0,2926391.0,0.0,2926391.0,3038690.0
9714,28,2,2,56277.0,2926391.0,0.0,2926391.0,3038690.0
2542,45,2,2,56277.0,2926391.0,0.0,2926391.0,3038690.0
3375,49,2,2,52836.0,2747485.0,0.0,2747485.0,2852919.0
7869,40,2,2,52836.0,2747485.0,0.0,2747485.0,2852919.0
3644,28,2,2,52836.0,2747485.0,0.0,2747485.0,2852919.0
3946,28,2,2,52836.0,2747485.0,0.0,2747485.0,2852919.0
4199,28,2,2,52836.0,2747485.0,0.0,2747485.0,2852919.0
6364,51,2,2,52836.0,2747485.0,0.0,2747485.0,2852919.0
2394,27,2,2,52836.0,2747485.0,920088.0,3667573.0,3808315.0
12210,49,2,2,52836.0,2747485.0,0.0,2747485.0,2852919.0
5198,49,2,2,52836.0,2747485.0,0.0,2747485.0,2852919.0
4752,49,2,2,52836.0,2747485.0,0.0,2747485.0,2852919.0
5539,45,2,2,52836.0,2747485.0,0.0,2747485.0,2852919.0
13817,43,2,2,52836.0,2747485.0,0.0,2747485.0,2852919.0
1813,35,2,2,52836.0,2747485.0,0.0,2747485.0,2852919.0
2475,34,2,2,49150.0,2555800.0,0.0,2555800.0,2653878.0
5962,28,2,2,49150.0,2555800.0,0.0,2555800.0,2653878.0
5388,51,2,2,49150.0,2555800.0,0.0,2555800.0,2653878.0
5824,36,2,2,49150.0,2555800.0,0.0,2555800.0,2653878.0
3600,29,2,2,49150.0,2555800.0,0.0,2555800.0,2653878.0
12402,29,2,2,49150.0,2555800.0,0.0,2555800.0,2653878.0
12,30,2,2,49150.0,2555800.0,0.0,2555800.0,2653878.0
1260,50,2,2,49150.0,2555800.0,0.0,2555800.0,2653878.0
11309,49,2,2,49150.0,2555800.0,0.0,2555800.0,2653878.0
10005,49,2,2,49150.0,2555800.0,0.0,2555800.0,2653878.0
5069,49,2,2,49150.0,2555800.0,0.0,2555800.0,2653878.0
9398,46,2,2,49150.0,2555800.0,728403.0,3284203.0,3410233.0
6387,34,2,2,49150.0,2555800.0,0.0,2555800.0,2653878.0
13042,43,2,2,45710.0,2376894.0,0.0,2376894.0,2468107.0
10702,33,2,2,45710.0,2376894.0,0.0,2376894.0,2468107.0
11320,31,2,2,45710.0,2376894.0,0.0,2376894.0,2468107.0
6902,43,2,2,45710.0,2376894.0,0.0,2376894.0,2468107.0
200,36,2,2,45710.0,2376894.0,0.0,2376894.0,2468107.0
8616,29,2,2,45710.0,2376894.0,0.0,2376894.0,2468107.0
8689,50,2,2,45710.0,2376894.0,0.0,2376894.0,2468107.0
9859,50,2,2,45710.0,2376894.0,0.0,2376894.0,2468107.0
13574,36,2,2,45710.0,2376894.0,0.0,2376894.0,2468107.0
12673,36,2,2,44235.0,2300220.0,0.0,2300220.0,2388490.0
10762,28,2,2,42269.0,2197988.0,549497.0,2747485.0,2852919.0
8874,49,2,2,42269.0,2197988.0,0.0,2197988.0,2282335.0
1304,44,2,2,42269.0,2197988.0,0.0,2197988.0,2282335.0
10012,44,2,2,42269.0,2197988.0,0.0,2197988.0,2282335.0
7064,51,2,2,42269.0,2197988.0,0.0,2197988.0,2282335.0
12704,43,2,2,42269.0,2197988.0,0.0,2197988.0,2282335.0
6399,34,2,2,42269.0,2197988.0,0.0,2197988.0,2282335.0
10598,44,2,2,42269.0,2197988.0,0.0,2197988.0,2282335.0
12118,33,2,2,42269.0,2197988.0,0.0,2197988.0,2282335.0
6100,31,2,2,42269.0,2197988.0,0.0,2197988.0,2282335.0
237,40,2,2,42269.0,2197988.0,0.0,2197988.0,2282335.0
9458,51,2,2,42269.0,2197988.0,0.0,2197988.0,2282335.0
13801,29,2,2,42269.0,2197988.0,0.0,2197988.0,2282335.0
3070,31,2,2,42269.0,2197988.0,0.0,2197988.0,2282335.0
6051,27,2,2,40795.0,2121314.0,0.0,2121314.0,2202719.0
14080,35,2,2,40795.0,2121314.0,0.0,2121314.0,2202719.0
2856,44,2,2,38583.0,2006303.0,0.0,2006303.0,2083294.0
1830,30,2,2,38583.0,2006303.0,0.0,2006303.0,2083294.0
12713,35,2,2,38583.0,2006303.0,0.0,2006303.0,2083294.0
3936,44,2,2,38583.0,2006303.0,0.0,2006303.0,2083294.0
14583,49,2,2,38583.0,2006303.0,0.0,2006303.0,2083294.0
12423,49,2,2,38583.0,2006303.0,0.0,2006303.0,2083294.0
2533,34,2,2,38583.0,2006303.0,0.0,2006303.0,2083294.0
8584,40,2,2,38583.0,2006303.0,0.0,2006303.0,2083294.0
12454,50,2,2,38583.0,2006303.0,0.0,2006303.0,2083294.0
10193,27,2,2,38583.0,2006303.0,0.0,2006303.0,2083294.0
4167,31,2,2,38583.0,2006303.0,0.0,2006303.0,2083294.0
6030,34,2,2,38583.0,2006303.0,0.0,2006303.0,2083294.0
188,31,2,2,38583.0,2006303.0,0.0,2006303.0,2083294.0
2052,51,2,2,38583.0,2006303.0,0.0,2006303.0,2083294.0
12872,30,2,2,37354.0,1942408.0,0.0,1942408.0,2016947.0
1533,35,2,2,36863.0,1916850.0,0.0,1916850.0,1990409.0
8959,34,2,2,35142.0,1827397.0,0.0,1827397.0,1897523.0
13050,31,2,2,35142.0,1827397.0,0.0,1827397.0,1897523.0
11548,31,2,2,35142.0,1827397.0,0.0,1827397.0,1897523.0
13781,33,2,2,35142.0,1827397.0,0.0,1827397.0,1897523.0
2244,28,2,2,35142.0,1827397.0,0.0,1827397.0,1897523.0
10532,45,2,2,35142.0,1827397.0,0.0,1827397.0,1897523.0
6115,34,2,2,35142.0,1827397.0,0.0,1827397.0,1897523.0
6361,34,2,2,35142.0,1827397.0,0.0,1827397.0,1897523.0
6701,31,2,2,35142.0,1827397.0,0.0,1827397.0,1897523.0
6609,31,2,2,35142.0,1827397.0,0.0,1827397.0,1897523.0
6160,31,2,2,35142.0,1827397.0,0.0,1827397.0,1897523.0
13253,45,2,2,35142.0,1827397.0,0.0,1827397.0,1897523.0
10512,34,2,2,35142.0,1827397.0,0.0,1827397.0,1897523.0
14213,34,2,2,35142.0,1827397.0,0.0,1827397.0,1897523.0
9393,43,2,2,35142.0,1827397.0,0.0,1827397.0,1897523.0
10524,30,2,2,35142.0,1827397.0,0.0,1827397.0,1897523.0
1971,35,2,2,35142.0,1827397.0,0.0,1827397.0,1897523.0
9481,30,2,2,35142.0,1827397.0,0.0,1827397.0,1897523.0
7,50,2,2,35142.0,1827397.0,0.0,1827397.0,1897523.0
470,43,2,2,35142.0,1827397.0,0.0,1827397.0,1897523.0
12857,42,2,2,35142.0,1827397.0,0.0,1827397.0,1897523.0
10572,29,2,2,35142.0,1827397.0,0.0,1827397.0,1897523.0
7863,50,2,2,35142.0,1827397.0,0.0,1827397.0,1897523.0
401,41,2,2,35142.0,1827397.0,0.0,1827397.0,1897523.0
9107,29,2,2,35142.0,1827397.0,0.0,1827397.0,1897523.0
1146,36,2,2,35142.0,1827397.0,0.0,1827397.0,1897523.0
1360,36,2,2,35142.0,1827397.0,0.0,1827397.0,1897523.0
6450,42,2,2,35142.0,1827397.0,0.0,1827397.0,1897523.0
14160,40,2,2,35142.0,1827397.0,0.0,1827397.0,1897523.0
11501,51,2,2,35142.0,1827397.0,0.0,1827397.0,1897523.0
11125,42,2,2,35142.0,1827397.0,0.0,1827397.0,1897523.0
5331,36,2,2,35142.0,1827397.0,0.0,1827397.0,1897523.0
10519,50,2,2,35142.0,1827397.0,0.0,1827397.0,1897523.0
7602,36,2,2,35142.0,1827397.0,0.0,1827397.0,1897523.0
2735,33,2,2,35142.0,1827397.0,0.0,1827397.0,1897523.0
12177,28,2,2,35142.0,1827397.0,1098994.0,2926391.0,3038690.0
9569,51,2,2,35142.0,1827397.0,0.0,1827397.0,1897523.0
9752,51,2,2,35142.0,1827397.0,0.0,1827397.0,1897523.0
12718,44,2,2,35142.0,1827397.0,0.0,1827397.0,1897523.0
10923,33,2,2,35142.0,1827397.0,0.0,1827397.0,1897523.0
13595,44,2,2,35142.0,1827397.0,0.0,1827397.0,1897523.0
2240,44,2,2,32439.0,1686828.0,0.0,1686828.0,1751560.0
12096,34,2,2,31702.0,1648491.0,0.0,1648491.0,1711751.0
2753,51,2,2,31702.0,1648491.0,0.0,1648491.0,1711751.0
2184,30,2,2,31702.0,1648491.0,0.0,1648491.0,1711751.0
8828,33,2,2,31702.0,1648491.0,0.0,1648491.0,1711751.0
5597,31,2,2,31702.0,1648491.0,0.0,1648491.0,1711751.0
12291,33,2,2,31702.0,1648491.0,0.0,1648491.0,1711751.0
4221,44,2,2,31702.0,1648491.0,0.0,1648491.0,1711751.0
10975,45,2,2,31702.0,1648491.0,0.0,1648491.0,1711751.0
5912,32,2,2,31702.0,1648491.0,0.0,1648491.0,1711751.0
9179,51,2,2,31702.0,1648491.0,0.0,1648491.0,1711751.0
10342,45,2,2,31702.0,1648491.0,0.0,1648491.0,1711751.0
2247,36,2,2,31702.0,1648491.0,0.0,1648491.0,1711751.0
2978,34,2,2,31702.0,1648491.0,0.0,1648491.0,1711751.0
8178,33,2,2,31702.0,1648491.0,0.0,1648491.0,1711751.0
2492,45,2,2,31702.0,1648491.0,0.0,1648491.0,1711751.0
13632,43,2,2,31702.0,1648491.0,0.0,1648491.0,1711751.0
4266,27,2,2,31702.0,1648491.0,0.0,1648491.0,1711751.0
7102,32,2,2,31702.0,1648491.0,0.0,1648491.0,1711751.0
11575,29,2,2,31702.0,1648491.0,0.0,1648491.0,1711751.0
9576,44,2,2,31702.0,1648491.0,0.0,1648491.0,1711751.0
2182,49,2,2,28016.0,1456806.0,0.0,1456806.0,1512711.0
3942,27,2,2,28016.0,1456806.0,0.0,1456806.0,1512711.0
684,29,2,2,28016.0,1456806.0,0.0,1456806.0,1512711.0
8191,29,2,2,28016.0,1456806.0,0.0,1456806.0,1512711.0
4738,30,2,2,28016.0,1456806.0,0.0,1456806.0,1512711.0
7913,30,2,2,28016.0,1456806.0,0.0,1456806.0,1512711.0
6294,32,2,2,28016.0,1456806.0,0.0,1456806.0,1512711.0
7103,32,2,2,28016.0,1456806.0,0.0,1456806.0,1512711.0
12610,32,2,2,28016.0,1456806.0,0.0,1456806.0,1512711.0
3287,33,2,2,28016.0,1456806.0,0.0,1456806.0,1512711.0
9460,34,2,2,28016.0,1456806.0,0.0,1456806.0,1512711.0
12505,34,2,2,28016.0,1456806.0,0.0,1456806.0,1512711.0
13826,34,2,2,28016.0,1456806.0,0.0,1456806.0,1512711.0
1604,35,2,2,28016.0,1456806.0,0.0,1456806.0,1512711.0
1491,36,2,2,28016.0,1456806.0,0.0,1456806.0,1512711.0
13764,36,2,2,28016.0,1456806.0,0.0,1456806.0,1512711.0
5369,40,2,2,28016.0,1456806.0,0.0,1456806.0,1512711.0
13106,40,2,2,28016.0,1456806.0,0.0,1456806.0,1512711.0
6061,44,2,2,28016.0,1456806.0,0.0,1456806.0,1512711.0
9303,44,2,2,28016.0,1456806.0,0.0,1456806.0,1512711.0
5087,45,2,2,28016.0,1456806.0,0.0,1456806.0,1512711.0
9583,45,2,2,28016.0,1456806.0,0.0,1456806.0,1512711.0
10988,45,2,2,28016.0,1456806.0,0.0,1456806.0,1512711.0
14254,45,2,2,28016.0,1456806.0,0.0,1456806.0,1512711.0
3898,49,2,2,28016.0,1456806.0,0.0,1456806.0,1512711.0
11032,49,2,2,28016.0,1456806.0,0.0,1456806.0,1512711.0
12640,51,2,2,28016.0,1456806.0,0.0,1456806.0,1512711.0
657,28,2,2,24575.0,1277900.0,0.0,1277900.0,1326939.0
2018,36,2,2,24575.0,1277900.0,0.0,1277900.0,1326939.0
12066,30,2,2,24575.0,1277900.0,0.0,1277900.0,1326939.0
5947,32,2,2,24575.0,1277900.0,0.0,1277900.0,1326939.0
12409,29,2,2,24575.0,1277900.0,0.0,1277900.0,1326939.0
12259,29,2,2,24575.0,1277900.0,0.0,1277900.0,1326939.0
11426,44,2,2,24575.0,1277900.0,0.0,1277900.0,1326939.0
2597,30,2,2,24575.0,1277900.0,0.0,1277900.0,1326939.0
9722,45,2,2,24575.0,1277900.0,0.0,1277900.0,1326939.0
6208,35,2,2,24575.0,1277900.0,0.0,1277900.0,1326939.0
881,43,2,2,24575.0,1277900.0,0.0,1277900.0,1326939.0
9111,33,2,2,24575.0,1277900.0,0.0,1277900.0,1326939.0
9132,29,2,2,24575.0,1277900.0,0.0,1277900.0,1326939.0
1796,46,2,2,24575.0,1277900.0,0.0,1277900.0,1326939.0
184,29,2,2,24575.0,1277900.0,0.0,1277900.0,1326939.0
1179,45,2,2,24575.0,1277900.0,0.0,1277900.0,1326939.0
7554,30,2,2,24575.0,1277900.0,0.0,1277900.0,1326939.0
1759,31,2,2,24575.0,1277900.0,0.0,1277900.0,1326939.0
12009,46,2,2,24575.0,1277900.0,0.0,1277900.0,1326939.0
10678,45,2,2,24575.0,1277900.0,0.0,1277900.0,1326939.0
14114,50,2,2,24575.0,1277900.0,0.0,1277900.0,1326939.0
6708,34,2,2,24575.0,1277900.0,0.0,1277900.0,1326939.0
2528,29,2,2,24575.0,1277900.0,0.0,1277900.0,1326939.0
191,34,2,2,24575.0,1277900.0,0.0,1277900.0,1326939.0
13301,31,2,2,24575.0,1277900.0,0.0,1277900.0,1326939.0
2877,29,2,2,24575.0,1277900.0,0.0,1277900.0,1326939.0
5352,45,2,2,24575.0,1277900.0,0.0,1277900.0,1326939.0
9739,29,2,2,24575.0,1277900.0,0.0,1277900.0,1326939.0
10493,32,2,2,24575.0,1277900.0,0.0,1277900.0,1326939.0
6732,32,2,2,24575.0,1277900.0,0.0,1277900.0,1326939.0
5956,44,2,2,24575.0,1277900.0,0.0,1277900.0,1326939.0
5355,36,2,2,24575.0,1277900.0,0.0,1277900.0,1326939.0
4616,36,2,2,22855.0,1188447.0,0.0,1188447.0,1234053.0
8729,32,2,2,22855.0,1188447.0,0.0,1188447.0,1234053.0
3032,45,2,2,21135.0,1098994.0,0.0,1098994.0,1141168.0
13248,41,2,2,21135.0,1098994.0,0.0,1098994.0,1141168.0
4143,30,2,2,21135.0,1098994.0,0.0,1098994.0,1141168.0
10362,45,2,2,21135.0,1098994.0,0.0,1098994.0,1141168.0
3853,44,2,2,21135.0,1098994.0,0.0,1098994.0,1141168.0
10123,29,2,2,21135.0,1098994.0,0.0,1098994.0,1141168.0
5227,46,2,2,21135.0,1098994.0,0.0,1098994.0,1141168.0
10093,30,2,2,21135.0,1098994.0,0.0,1098994.0,1141168.0
9216,30,2,2,21135.0,1098994.0,0.0,1098994.0,1141168.0
1225,46,2,2,21135.0,1098994.0,0.0,1098994.0,1141168.0
13540,36,2,2,21135.0,1098994.0,0.0,1098994.0,1141168.0
9349,41,2,2,21135.0,1098994.0,0.0,1098994.0,1141168.0
6530,28,2,2,21135.0,1098994.0,0.0,1098994.0,1141168.0
9267,27,2,2,21135.0,1098994.0,0.0,1098994.0,1141168.0
7131,30,2,2,21135.0,1098994.0,0.0,1098994.0,1141168.0
2257,46,2,2,21135.0,1098994.0,0.0,1098994.0,1141168.0
14508,35,2,2,21135.0,1098994.0,0.0,1098994.0,1141168.0
6596,51,2,2,21135.0,1098994.0,0.0,1098994.0,1141168.0
12698,42,2,2,21135.0,1098994.0,0.0,1098994.0,1141168.0
13625,36,2,2,21135.0,1098994.0,0.0,1098994.0,1141168.0
12319,41,2,2,21135.0,1098994.0,0.0,1098994.0,1141168.0
6078,35,2,2,21135.0,1098994.0,0.0,1098994.0,1141168.0
10469,30,2,2,21135.0,1098994.0,0.0,1098994.0,1141168.0
2462,32,2,2,21135.0,1098994.0,0.0,1098994.0,1141168.0
5946,41,2,2,21135.0,1098994.0,0.0,1098994.0,1141168.0
14084,30,2,2,21135.0,1098994.0,0.0,1098994.0,1141168.0
8267,29,2,2,21135.0,1098994.0,0.0,1098994.0,1141168.0
14608,32,2,2,21135.0,1098994.0,0.0,1098994.0,1141168.0
13629,46,2,2,21135.0,1098994.0,0.0,1098994.0,1141168.0
14069,46,2,2,21135.0,1098994.0,0.0,1098994.0,1141168.0
10950,45,2,2,21135.0,1098994.0,0.0,1098994.0,1141168.0
3148,32,2,2,21135.0,1098994.0,0.0,1098994.0,1141168.0
5725,29,2,2,21135.0,1098994.0,0.0,1098994.0,1141168.0
935,43,2,2,20397.0,1060657.0,0.0,1060657.0,1101359.0
10490,35,2,2,19660.0,1022320.0,0.0,1022320.0,1061551.0
12070,42,2,2,17694.0,920088.0,0.0,920088.0,955396.0
6749,46,2,2,17694.0,920088.0,0.0,920088.0,955396.0
13469,30,2,2,17694.0,920088.0,0.0,920088.0,955396.0
11022,46,2,2,17694.0,920088.0,0.0,920088.0,955396.0
14471,30,2,2,17694.0,920088.0,0.0,920088.0,955396.0
14603,30,2,2,17694.0,920088.0,0.0,920088.0,955396.0
2352,36,2,2,17694.0,920088.0,0.0,920088.0,955396.0
5932,46,2,2,17694.0,920088.0,0.0,920088.0,955396.0
5461,51,2,2,17694.0,920088.0,0.0,920088.0,955396.0
3669,35,2,2,17694.0,920088.0,0.0,920088.0,955396.0
10474,34,2,2,17694.0,920088.0,0.0,920088.0,955396.0
6912,34,2,2,17694.0,920088.0,0.0,920088.0,955396.0
7827,43,2,2,17694.0,920088.0,0.0,920088.0,955396.0
3114,29,2,2,17694.0,920088.0,0.0,920088.0,955396.0
5681,29,2,2,17694.0,920088.0,0.0,920088.0,955396.0
3553,33,2,2,17694.0,920088.0,0.0,920088.0,955396.0
14099,32,2,2,17694.0,920088.0,0.0,920088.0,955396.0
13437,41,2,2,17694.0,920088.0,0.0,920088.0,955396.0
6116,32,2,2,17694.0,920088.0,0.0,920088.0,955396.0
13528,41,2,2,17694.0,920088.0,0.0,920088.0,955396.0
1938,32,2,2,17694.0,920088.0,0.0,920088.0,955396.0
1300,45,2,2,17694.0,920088.0,0.0,920088.0,955396.0
1459,32,2,2,17694.0,920088.0,0.0,920088.0,955396.0
27,32,2,2,17694.0,920088.0,0.0,920088.0,955396.0
13925,31,2,2,17694.0,920088.0,0.0,920088.0,955396.0
5145,45,2,2,17694.0,920088.0,0.0,920088.0,955396.0
12428,45,2,2,17694.0,920088.0,0.0,920088.0,955396.0
153,46,2,2,17694.0,920088.0,0.0,920088.0,955396.0
1655,46,2,2,17694.0,920088.0,0.0,920088.0,955396.0
5901,46,2,2,17694.0,920088.0,0.0,920088.0,955396.0
4012,51,2,2,14008.0,728403.0,0.0,728403.0,756355.0
1208,41,2,2,14008.0,728403.0,0.0,728403.0,756355.0
1834,46,2,2,14008.0,728403.0,0.0,728403.0,756355.0
10448,34,2,2,14008.0,728403.0,0.0,728403.0,756355.0
1824,50,2,2,14008.0,728403.0,0.0,728403.0,756355.0
6219,31,2,2,14008.0,728403.0,0.0,728403.0,756355.0
10270,28,2,2,14008.0,728403.0,0.0,728403.0,756355.0
11024,46,2,2,14008.0,728403.0,0.0,728403.0,756355.0
2379,41,2,2,14008.0,728403.0,0.0,728403.0,756355.0
13643,41,2,2,14008.0,728403.0,0.0,728403.0,756355.0
6303,46,2,2,14008.0,728403.0,0.0,728403.0,756355.0
5828,41,2,2,14008.0,728403.0,0.0,728403.0,756355.0
5337,45,2,2,14008.0,728403.0,0.0,728403.0,756355.0
3533,49,2,2,14008.0,728403.0,0.0,728403.0,756355.0
3087,32,2,2,14008.0,728403.0,0.0,728403.0,756355.0
1997,31,2,2,14008.0,728403.0,0.0,728403.0,756355.0
5435,32,2,2,14008.0,728403.0,0.0,728403.0,756355.0
8765,30,2,2,14008.0,728403.0,0.0,728403.0,756355.0
5892,30,2,2,14008.0,728403.0,0.0,728403.0,756355.0
1350,29,2,2,14008.0,728403.0,0.0,728403.0,756355.0
9230,29,2,2,14008.0,728403.0,0.0,728403.0,756355.0
5294,32,2,2,10567.0,549497.0,0.0,549497.0,570584.0
968,32,2,2,10567.0,549497.0,0.0,549497.0,570584.0
2521,46,2,2,10567.0,549497.0,0.0,549497.0,570584.0
12517,30,2,2,10567.0,549497.0,0.0,549497.0,570584.0
9141,36,2,2,10567.0,549497.0,0.0,549497.0,570584.0
14549,30,2,2,10567.0,549497.0,0.0,549497.0,570584.0
2101,49,2,2,10567.0,549497.0,0.0,549497.0,570584.0
4271,31,2,2,10567.0,549497.0,0.0,549497.0,570584.0
2510,41,2,2,10567.0,549497.0,0.0,549497.0,570584.0
2828,41,2,2,10567.0,549497.0,0.0,549497.0,570584.0
6204,40,2,2,10567.0,549497.0,0.0,549497.0,570584.0
1810,40,2,2,10567.0,549497.0,0.0,549497.0,570584.0
14165,45,2,2,10567.0,549497.0,0.0,549497.0,570584.0
2808,40,2,2,10567.0,549497.0,0.0,549497.0,570584.0
6097,46,2,2,10567.0,549497.0,0.0,549497.0,570584.0
1063,46,2,2,10567.0,549497.0,0.0,549497.0,570584.0
12897,30,2,2,10567.0,549497.0,0.0,549497.0,570584.0
8755,41,2,2,10567.0,549497.0,0.0,549497.0,570584.0
5299,32,2,2,10567.0,549497.0,0.0,549497.0,570584.0
4000,29,2,2,10567.0,549497.0,0.0,549497.0,570584.0
14169,46,2,2,8847.0,460044.0,0.0,460044.0,477698.0
14234,46,2,2,8847.0,460044.0,0.0,460044.0,477698.0
2307,31,2,2,8847.0,460044.0,0.0,460044.0,477698.0
12956,31,2,2,8847.0,460044.0,0.0,460044.0,477698.0
11938,41,2,2,8847.0,460044.0,0.0,460044.0,477698.0
1267,46,2,2,8847.0,460044.0,0.0,460044.0,477698.0
6748,46,2,2,8847.0,460044.0,0.0,460044.0,477698.0
3830,41,2,2,8847.0,460044.0,0.0,460044.0,477698.0
9221,44,2,2,7127.0,370591.0,0.0,370591.0,384812.0
4812,41,2,2,7127.0,370591.0,0.0,370591.0,384812.0
8698,41,2,2,7127.0,370591.0,0.0,370591.0,384812.0
11517,41,2,2,7127.0,370591.0,0.0,370591.0,384812.0
13328,41,2,2,7127.0,370591.0,0.0,370591.0,384812.0
12016,40,2,2,7127.0,370591.0,0.0,370591.0,384812.0
2724,40,2,2,7127.0,370591.0,0.0,370591.0,384812.0
2269,40,2,2,7127.0,370591.0,0.0,370591.0,384812.0
13196,36,2,2,7127.0,370591.0,0.0,370591.0,384812.0
6669,34,2,2,7127.0,370591.0,0.0,370591.0,384812.0
3454,33,2,2,7127.0,370591.0,0.0,370591.0,384812.0
14264,32,2,2,7127.0,370591.0,0.0,370591.0,384812.0
10070,32,2,2,7127.0,370591.0,0.0,370591.0,384812.0
8410,32,2,2,7127.0,370591.0,0.0,370591.0,384812.0
8298,32,2,2,7127.0,370591.0,0.0,370591.0,384812.0
8351,44,2,2,7127.0,370591.0,0.0,370591.0,384812.0
13648,31,2,2,7127.0,370591.0,0.0,370591.0,384812.0
7342,31,2,2,7127.0,370591.0,0.0,370591.0,384812.0
11910,51,2,2,7127.0,370591.0,0.0,370591.0,384812.0
6055,31,2,2,7127.0,370591.0,0.0,370591.0,384812.0
7511,27,2,2,7127.0,370591.0,0.0,370591.0,384812.0
4414,46,2,2,7127.0,370591.0,0.0,370591.0,384812.0
4912,46,2,2,7127.0,370591.0,0.0,370591.0,384812.0
5812,46,2,2,7127.0,370591.0,0.0,370591.0,384812.0
5927,31,2,2,7127.0,370591.0,0.0,370591.0,384812.0
9755,46,2,2,7127.0,370591.0,0.0,370591.0,384812.0
14407,46,2,2,7127.0,370591.0,0.0,370591.0,384812.0
13637,51,2,2,7127.0,370591.0,0.0,370591.0,384812.0
13729,51,2,2,7127.0,370591.0,0.0,370591.0,384812.0
7678,30,2,2,7127.0,370591.0,0.0,370591.0,384812.0
5260,30,2,2,7127.0,370591.0,0.0,370591.0,384812.0
3849,30,2,2,7127.0,370591.0,0.0,370591.0,384812.0
2928,51,2,2,7127.0,370591.0,0.0,370591.0,384812.0
7874,28,2,2,7127.0,370591.0,0.0,370591.0,384812.0
6636,28,2,2,7127.0,370591.0,0.0,370591.0,384812.0
956,41,2,2,7127.0,370591.0,0.0,370591.0,384812.0
2354,41,2,2,7127.0,370591.0,0.0,370591.0,384812.0
2864,41,2,2,7127.0,370591.0,0.0,370591.0,384812.0
8196,35,2,2,5652.0,293917.0,0.0,293917.0,305196.0
12225,45,2,2,5161.0,268359.0,0.0,268359.0,278657.0
12222,36,2,2,5161.0,268359.0,0.0,268359.0,278657.0
11963,34,2,2,5161.0,268359.0,0.0,268359.0,278657.0
798,49,2,2,5161.0,268359.0,0.0,268359.0,278657.0
6108,41,2,2,5161.0,268359.0,0.0,268359.0,278657.0
14261,43,2,2,5161.0,268359.0,0.0,268359.0,278657.0
2420,33,2,2,5161.0,268359.0,0.0,268359.0,278657.0
791,41,2,2,5161.0,268359.0,0.0,268359.0,278657.0
6614,35,2,2,5161.0,268359.0,0.0,268359.0,278657.0
6502,34,2,2,5161.0,268359.0,0.0,268359.0,278657.0
1218,35,2,2,5161.0,268359.0,0.0,268359.0,278657.0
8206,44,2,2,4915.0,255580.0,0.0,255580.0,265388.0
8027,32,2,2,4915.0,255580.0,0.0,255580.0,265388.0
4756,41,2,2,4178.0,217243.0,0.0,217243.0,225580.0
13519,28,2,2,3441.0,178906.0,0.0,178906.0,185771.0
8212,44,2,2,3441.0,178906.0,0.0,178906.0,185771.0
9799,32,2,2,3441.0,178906.0,0.0,178906.0,185771.0
13813,35,2,2,3441.0,178906.0,0.0,178906.0,185771.0
12914,43,2,2,3441.0,178906.0,0.0,178906.0,185771.0
14428,30,2,2,3441.0,178906.0,0.0,178906.0,185771.0
6918,41,2,2,3441.0,178906.0,0.0,178906.0,185771.0
10916,51,2,2,3441.0,178906.0,0.0,178906.0,185771.0
7086,50,2,2,2703.0,140569.0,0.0,140569.0,145963.0
12014,46,2,2,2703.0,140569.0,0.0,140569.0,145963.0
2958,46,2,2,2703.0,140569.0,0.0,140569.0,145963.0
4004,32,2,2,2703.0,140569.0,0.0,140569.0,145963.0
3523,50,2,2,2703.0,140569.0,0.0,140569.0,145963.0
6083,29,2,2,2212.0,115011.0,0.0,115011.0,119425.0
6915,32,2,2,2212.0,115011.0,0.0,115011.0,119425.0
12425,30,2,2,1720.0,89453.0,0.0,89453.0,92886.0
3856,41,2,2,1720.0,89453.0,0.0,89453.0,92886.0
8356,46,2,2,737.0,38337.0,0.0,38337.0,39808.0
6910,46,2,2,737.0,38337.0,0.0,38337.0,39808.0
4107,42,2,3,380844.0,19803870.0,13198185.0,33002055.0,33002055.0
7649,42,2,3,290070.0,15083640.0,0.0,15083640.0,15083640.0
10207,40,2,3,290070.0,15083640.0,0.0,15083640.0,15083640.0
14074,40,2,3,253811.0,13198185.0,1885455.0,15083640.0,15083640.0
2367,43,2,3,253811.0,13198185.0,3770910.0,16969095.0,16969095.0
5917,42,2,3,217553.0,11312730.0,0.0,11312730.0,11312730.0
2162,43,2,3,217553.0,11312730.0,2834775.0,14147505.0,14147505.0
1957,42,2,3,217553.0,11312730.0,0.0,11312730.0,11312730.0
11069,42,2,3,214003.0,11128140.0,0.0,11128140.0,11128140.0
7442,27,2,3,203100.0,10561185.0,1885455.0,12446640.0,12446640.0
4798,27,2,3,192197.0,9994230.0,0.0,9994230.0,9994230.0
6765,42,2,3,181294.0,9427275.0,0.0,9427275.0,9427275.0
11941,33,2,3,181294.0,9427275.0,0.0,9427275.0,9427275.0
9298,27,2,3,173941.0,9044910.0,2267820.0,11312730.0,11312730.0
3277,27,2,3,173941.0,9044910.0,0.0,9044910.0,9044910.0
5674,42,2,3,166841.0,8675730.0,0.0,8675730.0,8675730.0
11570,42,2,3,163291.0,8491140.0,0.0,8491140.0,8491140.0
9127,28,2,3,163291.0,8491140.0,1700865.0,10192005.0,10192005.0
12203,42,2,3,159488.0,8293365.0,0.0,8293365.0,8293365.0
11796,33,2,3,155938.0,8108775.0,0.0,8108775.0,8108775.0
9401,43,2,3,145035.0,7541820.0,1885455.0,9427275.0,9427275.0
7164,42,2,3,145035.0,7541820.0,0.0,7541820.0,7541820.0
14177,33,2,3,145035.0,7541820.0,0.0,7541820.0,7541820.0
13467,27,2,3,145035.0,7541820.0,0.0,7541820.0,7541820.0
2632,33,2,3,141485.0,7357230.0,0.0,7357230.0,7357230.0
2200,27,2,3,141485.0,7357230.0,3770910.0,11128140.0,11128140.0
9662,43,2,3,141485.0,7357230.0,0.0,7357230.0,7357230.0
5347,43,2,3,137682.0,7159455.0,0.0,7159455.0,7159455.0
14237,27,2,3,137682.0,7159455.0,0.0,7159455.0,7159455.0
5417,49,2,3,137682.0,7159455.0,0.0,7159455.0,7159455.0
13777,40,2,3,130582.0,6790275.0,0.0,6790275.0,6790275.0
8906,42,2,3,130582.0,6790275.0,0.0,6790275.0,6790275.0
4031,33,2,3,130582.0,6790275.0,0.0,6790275.0,6790275.0
12342,42,2,3,130582.0,6790275.0,0.0,6790275.0,6790275.0
4806,27,2,3,130582.0,6790275.0,0.0,6790275.0,6790275.0
8955,33,2,3,127032.0,6605685.0,0.0,6605685.0,6605685.0
6091,49,2,3,123229.0,6407910.0,0.0,6407910.0,6407910.0
2783,49,2,3,119679.0,6223320.0,0.0,6223320.0,6223320.0
13565,49,2,3,119679.0,6223320.0,1318500.0,7541820.0,7541820.0
10461,42,2,3,116129.0,6038730.0,0.0,6038730.0,6038730.0
11498,33,2,3,116129.0,6038730.0,0.0,6038730.0,6038730.0
1185,40,2,3,116129.0,6038730.0,0.0,6038730.0,6038730.0
2166,44,2,3,116129.0,6038730.0,1503090.0,7541820.0,7541820.0
6005,43,2,3,108776.0,5656365.0,3770910.0,9427275.0,9427275.0
8525,50,2,3,108776.0,5656365.0,0.0,5656365.0,5656365.0
9425,42,2,3,108776.0,5656365.0,0.0,5656365.0,5656365.0
762,40,2,3,108776.0,5656365.0,1133910.0,6790275.0,6790275.0
8716,43,2,3,108776.0,5656365.0,1885455.0,7541820.0,7541820.0
5555,40,2,3,108776.0,5656365.0,0.0,5656365.0,5656365.0
12412,40,2,3,108776.0,5656365.0,0.0,5656365.0,5656365.0
6712,44,2,3,108776.0,5656365.0,0.0,5656365.0,5656365.0
1305,44,2,3,108776.0,5656365.0,751545.0,6407910.0,6407910.0
10249,33,2,3,108776.0,5656365.0,949320.0,6605685.0,6605685.0
845,40,2,3,108776.0,5656365.0,0.0,5656365.0,5656365.0
14505,28,2,3,108776.0,5656365.0,0.0,5656365.0,5656365.0
7457,37,2,3,108776.0,5656365.0,0.0,5656365.0,5656365.0
4343,40,2,3,108776.0,5656365.0,1133910.0,6790275.0,6790275.0
6213,50,2,3,108776.0,5656365.0,0.0,5656365.0,5656365.0
11003,27,2,3,108776.0,5656365.0,1885455.0,7541820.0,7541820.0
3954,28,2,3,108776.0,5656365.0,0.0,5656365.0,5656365.0
2563,43,2,3,108776.0,5656365.0,0.0,5656365.0,5656365.0
1843,27,2,3,108776.0,5656365.0,0.0,5656365.0,5656365.0
6141,39,2,3,101423.0,5274000.0,0.0,5274000.0,5274000.0
3632,28,2,3,101423.0,5274000.0,0.0,5274000.0,5274000.0
945,28,2,3,101423.0,5274000.0,0.0,5274000.0,5274000.0
3508,40,2,3,101423.0,5274000.0,0.0,5274000.0,5274000.0
3601,49,2,3,101423.0,5274000.0,0.0,5274000.0,5274000.0
3123,40,2,3,101423.0,5274000.0,0.0,5274000.0,5274000.0
10939,43,2,3,97873.0,5089410.0,0.0,5089410.0,5089410.0
86,35,2,3,94323.0,4904820.0,0.0,4904820.0,4904820.0
10079,27,2,3,94323.0,4904820.0,0.0,4904820.0,4904820.0
1961,36,2,3,94323.0,4904820.0,0.0,4904820.0,4904820.0
11054,28,2,3,94323.0,4904820.0,0.0,4904820.0,4904820.0
9466,42,2,3,94323.0,4904820.0,0.0,4904820.0,4904820.0
2709,33,2,3,94323.0,4904820.0,0.0,4904820.0,4904820.0
3064,50,2,3,90774.0,4720230.0,0.0,4720230.0,4720230.0
6940,35,2,3,90774.0,4720230.0,0.0,4720230.0,4720230.0
14014,43,2,3,86970.0,4522455.0,0.0,4522455.0,4522455.0
2702,40,2,3,86970.0,4522455.0,0.0,4522455.0,4522455.0
874,50,2,3,86970.0,4522455.0,0.0,4522455.0,4522455.0
7744,44,2,3,86970.0,4522455.0,0.0,4522455.0,4522455.0
8262,43,2,3,86970.0,4522455.0,0.0,4522455.0,4522455.0
13761,33,2,3,86970.0,4522455.0,0.0,4522455.0,4522455.0
2049,28,2,3,86970.0,4522455.0,1133910.0,5656365.0,5656365.0
26,47,2,3,86970.0,4522455.0,0.0,4522455.0,4522455.0
6757,28,2,3,86970.0,4522455.0,0.0,4522455.0,4522455.0
709,44,2,3,86970.0,4522455.0,0.0,4522455.0,4522455.0
3615,40,2,3,86970.0,4522455.0,1133910.0,5656365.0,5656365.0
5578,35,2,3,86970.0,4522455.0,0.0,4522455.0,4522455.0
12035,27,2,3,86970.0,4522455.0,0.0,4522455.0,4522455.0
8489,28,2,3,86970.0,4522455.0,0.0,4522455.0,4522455.0
12623,44,2,3,86970.0,4522455.0,1318500.0,5840955.0,5840955.0
8933,43,2,3,86970.0,4522455.0,0.0,4522455.0,4522455.0
8123,28,2,3,86970.0,4522455.0,0.0,4522455.0,4522455.0
936,43,2,3,86970.0,4522455.0,0.0,4522455.0,4522455.0
1073,43,2,3,86970.0,4522455.0,3019365.0,7541820.0,7541820.0
9022,28,2,3,84435.0,4390605.0,0.0,4390605.0,4390605.0
8087,43,2,3,83420.0,4337865.0,1133910.0,5471775.0,5471775.0
6122,50,2,3,83420.0,4337865.0,0.0,4337865.0,4337865.0
7741,27,2,3,79871.0,4153275.0,0.0,4153275.0,4153275.0
11793,27,2,3,79871.0,4153275.0,0.0,4153275.0,4153275.0
6994,27,2,3,79871.0,4153275.0,0.0,4153275.0,4153275.0
3291,49,2,3,79871.0,4153275.0,0.0,4153275.0,4153275.0
2824,34,2,3,76067.0,3955500.0,1700865.0,5656365.0,5656365.0
10825,45,2,3,76067.0,3955500.0,0.0,3955500.0,3955500.0
7146,43,2,3,76067.0,3955500.0,0.0,3955500.0,3955500.0
11896,36,2,3,72518.0,3770910.0,751545.0,4522455.0,4522455.0
9579,44,2,3,72518.0,3770910.0,0.0,3770910.0,3770910.0
11414,28,2,3,72518.0,3770910.0,0.0,3770910.0,3770910.0
3713,42,2,3,72518.0,3770910.0,0.0,3770910.0,3770910.0
1802,34,2,3,72518.0,3770910.0,0.0,3770910.0,3770910.0
3201,27,2,3,72518.0,3770910.0,0.0,3770910.0,3770910.0
3592,35,2,3,72518.0,3770910.0,0.0,3770910.0,3770910.0
11960,36,2,3,72518.0,3770910.0,0.0,3770910.0,3770910.0
3268,34,2,3,72518.0,3770910.0,0.0,3770910.0,3770910.0
4802,27,2,3,72518.0,3770910.0,0.0,3770910.0,3770910.0
3687,34,2,3,72518.0,3770910.0,0.0,3770910.0,3770910.0
10703,33,2,3,72518.0,3770910.0,0.0,3770910.0,3770910.0
10371,33,2,3,72518.0,3770910.0,1133910.0,4904820.0,4904820.0
8183,33,2,3,72518.0,3770910.0,0.0,3770910.0,3770910.0
6002,33,2,3,72518.0,3770910.0,0.0,3770910.0,3770910.0
3756,50,2,3,72518.0,3770910.0,0.0,3770910.0,3770910.0
13266,27,2,3,72518.0,3770910.0,0.0,3770910.0,3770910.0
6112,35,2,3,72518.0,3770910.0,0.0,3770910.0,3770910.0
13834,28,2,3,72518.0,3770910.0,0.0,3770910.0,3770910.0
9749,50,2,3,72518.0,3770910.0,0.0,3770910.0,3770910.0
1801,33,2,3,72518.0,3770910.0,0.0,3770910.0,3770910.0
6597,51,2,3,72518.0,3770910.0,0.0,3770910.0,3770910.0
5516,28,2,3,72518.0,3770910.0,0.0,3770910.0,3770910.0
3901,50,2,3,68968.0,3586320.0,0.0,3586320.0,3586320.0
9459,51,2,3,65164.0,3388545.0,0.0,3388545.0,3388545.0
13230,44,2,3,65164.0,3388545.0,0.0,3388545.0,3388545.0
12059,49,2,3,65164.0,3388545.0,1503090.0,4891635.0,4891635.0
2136,49,2,3,65164.0,3388545.0,0.0,3388545.0,3388545.0
6559,36,2,3,65164.0,3388545.0,0.0,3388545.0,3388545.0
1932,33,2,3,65164.0,3388545.0,0.0,3388545.0,3388545.0
5920,35,2,3,65164.0,3388545.0,0.0,3388545.0,3388545.0
33,50,2,3,65164.0,3388545.0,0.0,3388545.0,3388545.0
3699,34,2,3,65164.0,3388545.0,0.0,3388545.0,3388545.0
10971,39,2,3,65164.0,3388545.0,0.0,3388545.0,3388545.0
13138,42,2,3,65164.0,3388545.0,0.0,3388545.0,3388545.0
10607,50,2,3,65164.0,3388545.0,0.0,3388545.0,3388545.0
8059,27,2,3,65164.0,3388545.0,0.0,3388545.0,3388545.0
10226,50,2,3,65164.0,3388545.0,0.0,3388545.0,3388545.0
5358,39,2,3,65164.0,3388545.0,0.0,3388545.0,3388545.0
2543,45,2,3,65164.0,3388545.0,0.0,3388545.0,3388545.0
5127,51,2,3,65164.0,3388545.0,0.0,3388545.0,3388545.0
7388,27,2,3,65164.0,3388545.0,1133910.0,4522455.0,4522455.0
13680,50,2,3,65164.0,3388545.0,0.0,3388545.0,3388545.0
11264,51,2,3,65164.0,3388545.0,0.0,3388545.0,3388545.0
4420,31,2,3,63389.0,3296250.0,0.0,3296250.0,3296250.0
6642,40,2,3,61615.0,3203955.0,0.0,3203955.0,3203955.0
11860,43,2,3,61615.0,3203955.0,0.0,3203955.0,3203955.0
11750,49,2,3,61615.0,3203955.0,0.0,3203955.0,3203955.0
11510,49,2,3,61615.0,3203955.0,0.0,3203955.0,3203955.0
3504,43,2,3,61615.0,3203955.0,566955.0,3770910.0,3770910.0
9973,50,2,3,61615.0,3203955.0,566955.0,3770910.0,3770910.0
4178,29,2,3,61615.0,3203955.0,0.0,3203955.0,3203955.0
3964,51,2,3,61615.0,3203955.0,0.0,3203955.0,3203955.0
9517,49,2,3,58065.0,3019365.0,0.0,3019365.0,3019365.0
10550,51,2,3,58065.0,3019365.0,0.0,3019365.0,3019365.0
7410,29,2,3,58065.0,3019365.0,0.0,3019365.0,3019365.0
10006,49,2,3,58065.0,3019365.0,0.0,3019365.0,3019365.0
633,36,2,3,58065.0,3019365.0,0.0,3019365.0,3019365.0
13768,51,2,3,58065.0,3019365.0,0.0,3019365.0,3019365.0
9715,28,2,3,58065.0,3019365.0,0.0,3019365.0,3019365.0
5362,44,2,3,58065.0,3019365.0,0.0,3019365.0,3019365.0
7486,31,2,3,58065.0,3019365.0,0.0,3019365.0,3019365.0
8199,31,2,3,58065.0,3019365.0,0.0,3019365.0,3019365.0
2061,39,2,3,58065.0,3019365.0,0.0,3019365.0,3019365.0
6674,44,2,3,58065.0,3019365.0,0.0,3019365.0,3019365.0
2346,50,2,3,58065.0,3019365.0,0.0,3019365.0,3019365.0
2233,45,2,3,58065.0,3019365.0,0.0,3019365.0,3019365.0
7746,33,2,3,58065.0,3019365.0,0.0,3019365.0,3019365.0
1806,49,2,3,58065.0,3019365.0,0.0,3019365.0,3019365.0
10265,45,2,3,58065.0,3019365.0,0.0,3019365.0,3019365.0
9949,35,2,3,58065.0,3019365.0,0.0,3019365.0,3019365.0
12027,39,2,3,58065.0,3019365.0,0.0,3019365.0,3019365.0
4925,31,2,3,54515.0,2834775.0,0.0,2834775.0,2834775.0
6365,51,2,3,54515.0,2834775.0,0.0,2834775.0,2834775.0
1814,37,2,3,54515.0,2834775.0,0.0,2834775.0,2834775.0
10271,28,2,3,54515.0,2834775.0,0.0,2834775.0,2834775.0
4200,28,2,3,54515.0,2834775.0,0.0,2834775.0,2834775.0
5207,50,2,3,54515.0,2834775.0,0.0,2834775.0,2834775.0
2729,39,2,3,54515.0,2834775.0,0.0,2834775.0,2834775.0
5199,49,2,3,54515.0,2834775.0,0.0,2834775.0,2834775.0
12211,49,2,3,54515.0,2834775.0,0.0,2834775.0,2834775.0
4753,49,2,3,54515.0,2834775.0,0.0,2834775.0,2834775.0
7870,40,2,3,54515.0,2834775.0,0.0,2834775.0,2834775.0
1444,49,2,3,54515.0,2834775.0,0.0,2834775.0,2834775.0
2725,40,2,3,54515.0,2834775.0,0.0,2834775.0,2834775.0
5540,45,2,3,54515.0,2834775.0,0.0,2834775.0,2834775.0
7610,33,2,3,54515.0,2834775.0,0.0,2834775.0,2834775.0
14192,39,2,3,54515.0,2834775.0,0.0,2834775.0,2834775.0
3376,49,2,3,54515.0,2834775.0,0.0,2834775.0,2834775.0
11395,39,2,3,54515.0,2834775.0,0.0,2834775.0,2834775.0
10363,45,2,3,54515.0,2834775.0,0.0,2834775.0,2834775.0
9130,43,2,3,54515.0,2834775.0,0.0,2834775.0,2834775.0
7608,29,2,3,54515.0,2834775.0,0.0,2834775.0,2834775.0
13,30,2,3,50712.0,2637000.0,0.0,2637000.0,2637000.0
9273,51,2,3,50712.0,2637000.0,0.0,2637000.0,2637000.0
2476,34,2,3,50712.0,2637000.0,0.0,2637000.0,2637000.0
5963,28,2,3,50712.0,2637000.0,0.0,2637000.0,2637000.0
6146,47,2,3,50712.0,2637000.0,0.0,2637000.0,2637000.0
5813,34,2,3,50712.0,2637000.0,0.0,2637000.0,2637000.0
12403,29,2,3,50712.0,2637000.0,0.0,2637000.0,2637000.0
6633,47,2,3,50712.0,2637000.0,0.0,2637000.0,2637000.0
2857,44,2,3,50712.0,2637000.0,0.0,2637000.0,2637000.0
6388,34,2,3,50712.0,2637000.0,0.0,2637000.0,2637000.0
5825,36,2,3,50712.0,2637000.0,0.0,2637000.0,2637000.0
11310,49,2,3,50712.0,2637000.0,0.0,2637000.0,2637000.0
5389,51,2,3,50712.0,2637000.0,0.0,2637000.0,2637000.0
4222,44,2,3,50712.0,2637000.0,0.0,2637000.0,2637000.0
13575,36,2,3,47162.0,2452410.0,0.0,2452410.0,2452410.0
8617,29,2,3,47162.0,2452410.0,0.0,2452410.0,2452410.0
201,36,2,3,47162.0,2452410.0,0.0,2452410.0,2452410.0
8690,50,2,3,47162.0,2452410.0,0.0,2452410.0,2452410.0
6591,33,2,3,47162.0,2452410.0,1503090.0,3955500.0,3955500.0
6903,43,2,3,47162.0,2452410.0,0.0,2452410.0,2452410.0
12674,36,2,3,45640.0,2373300.0,0.0,2373300.0,2373300.0
12119,33,2,3,43612.0,2267820.0,0.0,2267820.0,2267820.0
10599,44,2,3,43612.0,2267820.0,0.0,2267820.0,2267820.0
12317,28,2,3,43612.0,2267820.0,0.0,2267820.0,2267820.0
3071,31,2,3,43612.0,2267820.0,0.0,2267820.0,2267820.0
3943,36,2,3,43612.0,2267820.0,0.0,2267820.0,2267820.0
5049,40,2,3,43612.0,2267820.0,0.0,2267820.0,2267820.0
7065,51,2,3,43612.0,2267820.0,0.0,2267820.0,2267820.0
13802,29,2,3,43612.0,2267820.0,0.0,2267820.0,2267820.0
10622,42,2,3,43612.0,2267820.0,0.0,2267820.0,2267820.0
14214,34,2,3,43612.0,2267820.0,0.0,2267820.0,2267820.0
8192,29,2,3,43612.0,2267820.0,0.0,2267820.0,2267820.0
1434,43,2,3,43612.0,2267820.0,0.0,2267820.0,2267820.0
1081,51,2,3,43612.0,2267820.0,0.0,2267820.0,2267820.0
6199,39,2,3,43612.0,2267820.0,0.0,2267820.0,2267820.0
9562,31,2,3,43612.0,2267820.0,0.0,2267820.0,2267820.0
2979,34,2,3,43612.0,2267820.0,0.0,2267820.0,2267820.0
6101,31,2,3,43612.0,2267820.0,0.0,2267820.0,2267820.0
6052,27,2,3,42091.0,2188710.0,0.0,2188710.0,2188710.0
14081,35,2,3,42091.0,2188710.0,0.0,2188710.0,2188710.0
12714,35,2,3,39809.0,2070045.0,0.0,2070045.0,2070045.0
3937,44,2,3,39809.0,2070045.0,0.0,2070045.0,2070045.0
8473,49,2,3,39809.0,2070045.0,0.0,2070045.0,2070045.0
1831,30,2,3,39809.0,2070045.0,0.0,2070045.0,2070045.0
189,31,2,3,39809.0,2070045.0,0.0,2070045.0,2070045.0
14584,49,2,3,39809.0,2070045.0,0.0,2070045.0,2070045.0
8585,40,2,3,39809.0,2070045.0,0.0,2070045.0,2070045.0
2053,51,2,3,39809.0,2070045.0,0.0,2070045.0,2070045.0
2534,34,2,3,39809.0,2070045.0,0.0,2070045.0,2070045.0
12611,36,2,3,39809.0,2070045.0,0.0,2070045.0,2070045.0
12874,49,2,3,38541.0,2004120.0,0.0,2004120.0,2004120.0
13782,33,2,3,36259.0,1885455.0,0.0,1885455.0,1885455.0
14287,39,2,3,36259.0,1885455.0,0.0,1885455.0,1885455.0
10924,33,2,3,36259.0,1885455.0,0.0,1885455.0,1885455.0
8964,33,2,3,36259.0,1885455.0,0.0,1885455.0,1885455.0
4473,33,2,3,36259.0,1885455.0,0.0,1885455.0,1885455.0
2361,33,2,3,36259.0,1885455.0,0.0,1885455.0,1885455.0
13051,31,2,3,36259.0,1885455.0,0.0,1885455.0,1885455.0
11549,31,2,3,36259.0,1885455.0,0.0,1885455.0,1885455.0
14161,40,2,3,36259.0,1885455.0,0.0,1885455.0,1885455.0
8960,34,2,3,36259.0,1885455.0,0.0,1885455.0,1885455.0
9573,31,2,3,36259.0,1885455.0,0.0,1885455.0,1885455.0
101,42,2,3,36259.0,1885455.0,0.0,1885455.0,1885455.0
9775,34,2,3,36259.0,1885455.0,0.0,1885455.0,1885455.0
6702,31,2,3,36259.0,1885455.0,0.0,1885455.0,1885455.0
10513,34,2,3,36259.0,1885455.0,0.0,1885455.0,1885455.0
6610,31,2,3,36259.0,1885455.0,0.0,1885455.0,1885455.0
6161,31,2,3,36259.0,1885455.0,0.0,1885455.0,1885455.0
8,50,2,3,36259.0,1885455.0,0.0,1885455.0,1885455.0
2090,31,2,3,36259.0,1885455.0,0.0,1885455.0,1885455.0
6451,42,2,3,36259.0,1885455.0,0.0,1885455.0,1885455.0
11126,42,2,3,36259.0,1885455.0,0.0,1885455.0,1885455.0
9482,30,2,3,36259.0,1885455.0,0.0,1885455.0,1885455.0
14243,36,2,3,36259.0,1885455.0,0.0,1885455.0,1885455.0
471,43,2,3,36259.0,1885455.0,0.0,1885455.0,1885455.0
7555,30,2,3,36259.0,1885455.0,0.0,1885455.0,1885455.0
1972,35,2,3,36259.0,1885455.0,0.0,1885455.0,1885455.0
11103,35,2,3,36259.0,1885455.0,0.0,1885455.0,1885455.0
5614,30,2,3,36259.0,1885455.0,0.0,1885455.0,1885455.0
9570,51,2,3,36259.0,1885455.0,0.0,1885455.0,1885455.0
9108,29,2,3,36259.0,1885455.0,0.0,1885455.0,1885455.0
5682,29,2,3,36259.0,1885455.0,0.0,1885455.0,1885455.0
3136,29,2,3,36259.0,1885455.0,0.0,1885455.0,1885455.0
1351,29,2,3,36259.0,1885455.0,0.0,1885455.0,1885455.0
6362,34,2,3,36259.0,1885455.0,0.0,1885455.0,1885455.0
11030,39,2,3,36259.0,1885455.0,0.0,1885455.0,1885455.0
12178,28,2,3,36259.0,1885455.0,1133910.0,3019365.0,3019365.0
12507,51,2,3,36259.0,1885455.0,0.0,1885455.0,1885455.0
10974,44,2,3,36259.0,1885455.0,0.0,1885455.0,1885455.0
12719,44,2,3,36259.0,1885455.0,0.0,1885455.0,1885455.0
7603,36,2,3,36259.0,1885455.0,0.0,1885455.0,1885455.0
13596,44,2,3,36259.0,1885455.0,0.0,1885455.0,1885455.0
7864,50,2,3,36259.0,1885455.0,0.0,1885455.0,1885455.0
10570,27,2,3,36259.0,1885455.0,0.0,1885455.0,1885455.0
6486,35,2,3,36259.0,1885455.0,0.0,1885455.0,1885455.0
10533,45,2,3,36259.0,1885455.0,0.0,1885455.0,1885455.0
12429,45,2,3,36259.0,1885455.0,0.0,1885455.0,1885455.0
13254,45,2,3,36259.0,1885455.0,0.0,1885455.0,1885455.0
1361,36,2,3,36259.0,1885455.0,0.0,1885455.0,1885455.0
1147,36,2,3,36259.0,1885455.0,0.0,1885455.0,1885455.0
5332,36,2,3,36259.0,1885455.0,0.0,1885455.0,1885455.0
2241,44,2,3,33470.0,1740420.0,0.0,1740420.0,1740420.0
8179,47,2,3,32709.0,1700865.0,0.0,1700865.0,1700865.0
2185,30,2,3,32709.0,1700865.0,0.0,1700865.0,1700865.0
5598,31,2,3,32709.0,1700865.0,0.0,1700865.0,1700865.0
2754,51,2,3,32709.0,1700865.0,0.0,1700865.0,1700865.0
8829,33,2,3,32709.0,1700865.0,0.0,1700865.0,1700865.0
12292,33,2,3,32709.0,1700865.0,0.0,1700865.0,1700865.0
9860,50,2,3,32709.0,1700865.0,0.0,1700865.0,1700865.0
5668,35,2,3,32709.0,1700865.0,0.0,1700865.0,1700865.0
2248,36,2,3,32709.0,1700865.0,0.0,1700865.0,1700865.0
12420,36,2,3,32709.0,1700865.0,0.0,1700865.0,1700865.0
2798,50,2,3,32709.0,1700865.0,0.0,1700865.0,1700865.0
13633,43,2,3,32709.0,1700865.0,0.0,1700865.0,1700865.0
6064,44,2,3,32709.0,1700865.0,0.0,1700865.0,1700865.0
168,47,2,3,32709.0,1700865.0,0.0,1700865.0,1700865.0
5936,47,2,3,32709.0,1700865.0,0.0,1700865.0,1700865.0
1662,33,2,3,28906.0,1503090.0,0.0,1503090.0,1503090.0
1660,28,2,3,28906.0,1503090.0,0.0,1503090.0,1503090.0
12641,51,2,3,28906.0,1503090.0,0.0,1503090.0,1503090.0
9304,44,2,3,28906.0,1503090.0,0.0,1503090.0,1503090.0
13827,34,2,3,28906.0,1503090.0,0.0,1503090.0,1503090.0
6062,44,2,3,28906.0,1503090.0,0.0,1503090.0,1503090.0
685,29,2,3,28906.0,1503090.0,0.0,1503090.0,1503090.0
185,29,2,3,28906.0,1503090.0,0.0,1503090.0,1503090.0
1675,37,2,3,28906.0,1503090.0,0.0,1503090.0,1503090.0
7914,30,2,3,28906.0,1503090.0,0.0,1503090.0,1503090.0
2258,47,2,3,28906.0,1503090.0,0.0,1503090.0,1503090.0
12407,47,2,3,28906.0,1503090.0,0.0,1503090.0,1503090.0
648,47,2,3,28906.0,1503090.0,0.0,1503090.0,1503090.0
14105,42,2,3,28906.0,1503090.0,0.0,1503090.0,1503090.0
14255,45,2,3,28906.0,1503090.0,0.0,1503090.0,1503090.0
10989,45,2,3,28906.0,1503090.0,0.0,1503090.0,1503090.0
4238,30,2,3,28906.0,1503090.0,0.0,1503090.0,1503090.0
2353,36,2,3,28906.0,1503090.0,0.0,1503090.0,1503090.0
14354,31,2,3,28906.0,1503090.0,0.0,1503090.0,1503090.0
2598,30,2,3,28906.0,1503090.0,0.0,1503090.0,1503090.0
12694,42,2,3,28906.0,1503090.0,0.0,1503090.0,1503090.0
14544,47,2,3,28906.0,1503090.0,0.0,1503090.0,1503090.0
3534,49,2,3,28906.0,1503090.0,0.0,1503090.0,1503090.0
1605,35,2,3,28906.0,1503090.0,0.0,1503090.0,1503090.0
9582,34,2,3,28906.0,1503090.0,0.0,1503090.0,1503090.0
9461,34,2,3,28906.0,1503090.0,0.0,1503090.0,1503090.0
3854,45,2,3,28906.0,1503090.0,0.0,1503090.0,1503090.0
5370,40,2,3,28906.0,1503090.0,0.0,1503090.0,1503090.0
11358,43,2,3,28906.0,1503090.0,0.0,1503090.0,1503090.0
3068,39,2,3,28906.0,1503090.0,0.0,1503090.0,1503090.0
4819,33,2,3,28906.0,1503090.0,0.0,1503090.0,1503090.0
7463,47,2,3,28906.0,1503090.0,0.0,1503090.0,1503090.0
5350,39,2,3,28906.0,1503090.0,0.0,1503090.0,1503090.0
1490,35,2,3,28906.0,1503090.0,0.0,1503090.0,1503090.0
3947,28,2,3,27131.0,1410795.0,0.0,1410795.0,1410795.0
13818,43,2,3,27131.0,1410795.0,0.0,1410795.0,1410795.0
6709,34,2,3,25356.0,1318500.0,0.0,1318500.0,1318500.0
2878,29,2,3,25356.0,1318500.0,0.0,1318500.0,1318500.0
10094,30,2,3,25356.0,1318500.0,0.0,1318500.0,1318500.0
12668,51,2,3,25356.0,1318500.0,0.0,1318500.0,1318500.0
10679,45,2,3,25356.0,1318500.0,0.0,1318500.0,1318500.0
14115,50,2,3,25356.0,1318500.0,0.0,1318500.0,1318500.0
12067,30,2,3,25356.0,1318500.0,0.0,1318500.0,1318500.0
1460,37,2,3,25356.0,1318500.0,0.0,1318500.0,1318500.0
8207,44,2,3,25356.0,1318500.0,0.0,1318500.0,1318500.0
8040,28,2,3,25356.0,1318500.0,0.0,1318500.0,1318500.0
5353,45,2,3,25356.0,1318500.0,0.0,1318500.0,1318500.0
6406,37,2,3,25356.0,1318500.0,0.0,1318500.0,1318500.0
192,34,2,3,25356.0,1318500.0,0.0,1318500.0,1318500.0
5957,44,2,3,25356.0,1318500.0,0.0,1318500.0,1318500.0
6036,35,2,3,25356.0,1318500.0,0.0,1318500.0,1318500.0
1985,39,2,3,25356.0,1318500.0,0.0,1318500.0,1318500.0
9112,33,2,3,25356.0,1318500.0,0.0,1318500.0,1318500.0
1,33,2,3,25356.0,1318500.0,0.0,1318500.0,1318500.0
1760,31,2,3,25356.0,1318500.0,0.0,1318500.0,1318500.0
5356,36,2,3,25356.0,1318500.0,0.0,1318500.0,1318500.0
10260,45,2,3,25356.0,1318500.0,0.0,1318500.0,1318500.0
882,43,2,3,25356.0,1318500.0,0.0,1318500.0,1318500.0
6209,35,2,3,25356.0,1318500.0,0.0,1318500.0,1318500.0
9723,45,2,3,25356.0,1318500.0,0.0,1318500.0,1318500.0
9133,29,2,3,25356.0,1318500.0,0.0,1318500.0,1318500.0
2019,39,2,3,25356.0,1318500.0,0.0,1318500.0,1318500.0
3088,37,2,3,25356.0,1318500.0,0.0,1318500.0,1318500.0
658,45,2,3,25356.0,1318500.0,0.0,1318500.0,1318500.0
14265,49,2,3,25356.0,1318500.0,0.0,1318500.0,1318500.0
13302,31,2,3,25356.0,1318500.0,0.0,1318500.0,1318500.0
10124,29,2,3,21806.0,1133910.0,0.0,1133910.0,1133910.0
14509,35,2,3,21806.0,1133910.0,0.0,1133910.0,1133910.0
9942,30,2,3,21806.0,1133910.0,0.0,1133910.0,1133910.0
1614,35,2,3,21806.0,1133910.0,0.0,1133910.0,1133910.0
10470,30,2,3,21806.0,1133910.0,0.0,1133910.0,1133910.0
14085,30,2,3,21806.0,1133910.0,0.0,1133910.0,1133910.0
14460,51,2,3,21806.0,1133910.0,0.0,1133910.0,1133910.0
11438,47,2,3,21806.0,1133910.0,0.0,1133910.0,1133910.0
13626,36,2,3,21806.0,1133910.0,0.0,1133910.0,1133910.0
4614,47,2,3,21806.0,1133910.0,0.0,1133910.0,1133910.0
2463,47,2,3,21806.0,1133910.0,0.0,1133910.0,1133910.0
1822,37,2,3,21806.0,1133910.0,0.0,1133910.0,1133910.0
143,47,2,3,21806.0,1133910.0,0.0,1133910.0,1133910.0
11804,45,2,3,21806.0,1133910.0,0.0,1133910.0,1133910.0
6079,35,2,3,21806.0,1133910.0,0.0,1133910.0,1133910.0
12608,37,2,3,21806.0,1133910.0,0.0,1133910.0,1133910.0
3033,45,2,3,21806.0,1133910.0,0.0,1133910.0,1133910.0
6088,39,2,3,21806.0,1133910.0,0.0,1133910.0,1133910.0
6914,39,2,3,21806.0,1133910.0,0.0,1133910.0,1133910.0
8213,44,2,3,21806.0,1133910.0,0.0,1133910.0,1133910.0
2426,34,2,3,21806.0,1133910.0,0.0,1133910.0,1133910.0
12567,28,2,3,21806.0,1133910.0,0.0,1133910.0,1133910.0
11911,51,2,3,21806.0,1133910.0,0.0,1133910.0,1133910.0
3273,29,2,3,21806.0,1133910.0,0.0,1133910.0,1133910.0
3150,33,2,3,21806.0,1133910.0,0.0,1133910.0,1133910.0
8588,50,2,3,21806.0,1133910.0,0.0,1133910.0,1133910.0
6205,40,2,3,21806.0,1133910.0,0.0,1133910.0,1133910.0
9217,30,2,3,21806.0,1133910.0,0.0,1133910.0,1133910.0
4144,30,2,3,21806.0,1133910.0,0.0,1133910.0,1133910.0
7132,30,2,3,21806.0,1133910.0,0.0,1133910.0,1133910.0
4262,51,2,3,21806.0,1133910.0,0.0,1133910.0,1133910.0
12699,42,2,3,21806.0,1133910.0,0.0,1133910.0,1133910.0
10491,35,2,3,20285.0,1054800.0,0.0,1054800.0,1054800.0
4917,37,2,3,20031.0,1041615.0,0.0,1041615.0,1041615.0
4169,50,2,3,20031.0,1041615.0,0.0,1041615.0,1041615.0
2509,37,2,3,18256.0,949320.0,0.0,949320.0,949320.0
2219,39,2,3,18256.0,949320.0,0.0,949320.0,949320.0
12524,37,2,3,18256.0,949320.0,0.0,949320.0,949320.0
14472,30,2,3,18256.0,949320.0,0.0,949320.0,949320.0
7288,29,2,3,18256.0,949320.0,0.0,949320.0,949320.0
7175,45,2,3,18256.0,949320.0,0.0,949320.0,949320.0
8074,37,2,3,18256.0,949320.0,0.0,949320.0,949320.0
7828,43,2,3,18256.0,949320.0,0.0,949320.0,949320.0
3423,31,2,3,18256.0,949320.0,0.0,949320.0,949320.0
14218,47,2,3,18256.0,949320.0,0.0,949320.0,949320.0
5997,37,2,3,18256.0,949320.0,0.0,949320.0,949320.0
12071,42,2,3,18256.0,949320.0,0.0,949320.0,949320.0
5954,37,2,3,18256.0,949320.0,0.0,949320.0,949320.0
5910,37,2,3,18256.0,949320.0,0.0,949320.0,949320.0
5228,30,2,3,18256.0,949320.0,0.0,949320.0,949320.0
7642,49,2,3,18256.0,949320.0,0.0,949320.0,949320.0
12217,51,2,3,18256.0,949320.0,0.0,949320.0,949320.0
14009,39,2,3,18256.0,949320.0,0.0,949320.0,949320.0
6400,34,2,3,18256.0,949320.0,0.0,949320.0,949320.0
1301,45,2,3,18256.0,949320.0,0.0,949320.0,949320.0
1371,49,2,3,18256.0,949320.0,0.0,949320.0,949320.0
5462,51,2,3,18256.0,949320.0,0.0,949320.0,949320.0
3554,33,2,3,18256.0,949320.0,0.0,949320.0,949320.0
4274,39,2,3,18256.0,949320.0,0.0,949320.0,949320.0
3670,35,2,3,18256.0,949320.0,0.0,949320.0,949320.0
6974,36,2,3,18256.0,949320.0,0.0,949320.0,949320.0
9397,35,2,3,14453.0,751545.0,751545.0,1503090.0,1503090.0
6329,50,2,3,14453.0,751545.0,0.0,751545.0,751545.0
2295,35,2,3,14453.0,751545.0,0.0,751545.0,751545.0
2608,37,2,3,14453.0,751545.0,0.0,751545.0,751545.0
10520,50,2,3,14453.0,751545.0,0.0,751545.0,751545.0
8226,37,2,3,14453.0,751545.0,0.0,751545.0,751545.0
2952,39,2,3,14453.0,751545.0,0.0,751545.0,751545.0
2325,51,2,3,14453.0,751545.0,0.0,751545.0,751545.0
3288,33,2,3,14453.0,751545.0,0.0,751545.0,751545.0
2929,51,2,3,14453.0,751545.0,0.0,751545.0,751545.0
1777,33,2,3,14453.0,751545.0,0.0,751545.0,751545.0
10516,40,2,3,14453.0,751545.0,0.0,751545.0,751545.0
6220,31,2,3,14453.0,751545.0,0.0,751545.0,751545.0
5534,31,2,3,14453.0,751545.0,0.0,751545.0,751545.0
12793,30,2,3,14453.0,751545.0,0.0,751545.0,751545.0
14232,44,2,3,14453.0,751545.0,0.0,751545.0,751545.0
7934,47,2,3,14453.0,751545.0,0.0,751545.0,751545.0
12321,47,2,3,14453.0,751545.0,0.0,751545.0,751545.0
9438,47,2,3,14453.0,751545.0,0.0,751545.0,751545.0
13520,35,2,3,14453.0,751545.0,0.0,751545.0,751545.0
388,47,2,3,12931.0,672435.0,0.0,672435.0,672435.0
5739,44,2,3,11157.0,580140.0,0.0,580140.0,580140.0
8719,39,2,3,10903.0,566955.0,0.0,566955.0,566955.0
4016,28,2,3,10903.0,566955.0,0.0,566955.0,566955.0
7183,51,2,3,10903.0,566955.0,0.0,566955.0,566955.0
3777,31,2,3,10903.0,566955.0,0.0,566955.0,566955.0
14170,50,2,3,10903.0,566955.0,0.0,566955.0,566955.0
14550,30,2,3,10903.0,566955.0,0.0,566955.0,566955.0
2672,42,2,3,10903.0,566955.0,0.0,566955.0,566955.0
2593,42,2,3,10903.0,566955.0,0.0,566955.0,566955.0
12308,47,2,3,10903.0,566955.0,0.0,566955.0,566955.0
13107,40,2,3,10903.0,566955.0,0.0,566955.0,566955.0
12258,34,2,3,10903.0,566955.0,0.0,566955.0,566955.0
13649,31,2,3,10903.0,566955.0,0.0,566955.0,566955.0
2505,43,2,3,10903.0,566955.0,0.0,566955.0,566955.0
1498,47,2,3,10903.0,566955.0,0.0,566955.0,566955.0
12097,34,2,3,10903.0,566955.0,0.0,566955.0,566955.0
14429,30,2,3,10903.0,566955.0,0.0,566955.0,566955.0
2727,37,2,3,10903.0,566955.0,0.0,566955.0,566955.0
10453,51,2,3,10903.0,566955.0,0.0,566955.0,566955.0
12417,47,2,3,10903.0,566955.0,0.0,566955.0,566955.0
2738,37,2,3,10903.0,566955.0,0.0,566955.0,566955.0
1216,50,2,3,10903.0,566955.0,0.0,566955.0,566955.0
9740,29,2,3,10903.0,566955.0,0.0,566955.0,566955.0
2102,49,2,3,10903.0,566955.0,0.0,566955.0,566955.0
7346,29,2,3,10903.0,566955.0,0.0,566955.0,566955.0
1190,33,2,3,10903.0,566955.0,0.0,566955.0,566955.0
14167,47,2,3,10903.0,566955.0,0.0,566955.0,566955.0
7344,37,2,3,10903.0,566955.0,0.0,566955.0,566955.0
7232,47,2,3,10903.0,566955.0,0.0,566955.0,566955.0
5274,29,2,3,10903.0,566955.0,0.0,566955.0,566955.0
4001,29,2,3,10903.0,566955.0,0.0,566955.0,566955.0
2809,40,2,3,10903.0,566955.0,0.0,566955.0,566955.0
8875,49,2,3,10903.0,566955.0,0.0,566955.0,566955.0
8217,45,2,3,10903.0,566955.0,0.0,566955.0,566955.0
5287,39,2,3,10903.0,566955.0,0.0,566955.0,566955.0
11495,51,2,3,10903.0,566955.0,0.0,566955.0,566955.0
2335,45,2,3,10903.0,566955.0,0.0,566955.0,566955.0
14293,39,2,3,10903.0,566955.0,184590.0,751545.0,751545.0
10498,47,2,3,10903.0,566955.0,0.0,566955.0,566955.0
1168,28,2,3,10903.0,566955.0,0.0,566955.0,566955.0
7730,51,2,3,10903.0,566955.0,0.0,566955.0,566955.0
6095,42,2,3,10903.0,566955.0,0.0,566955.0,566955.0
7534,39,2,3,10903.0,566955.0,0.0,566955.0,566955.0
4013,51,2,3,9128.0,474660.0,0.0,474660.0,474660.0
12957,31,2,3,9128.0,474660.0,0.0,474660.0,474660.0
8721,37,2,3,9128.0,474660.0,0.0,474660.0,474660.0
2308,31,2,3,9128.0,474660.0,0.0,474660.0,474660.0
668,37,2,3,8621.0,448290.0,0.0,448290.0,448290.0
3973,45,2,3,8621.0,448290.0,0.0,448290.0,448290.0
13730,51,2,3,7353.0,382365.0,0.0,382365.0,382365.0
13197,36,2,3,7353.0,382365.0,0.0,382365.0,382365.0
8766,30,2,3,7353.0,382365.0,0.0,382365.0,382365.0
7679,30,2,3,7353.0,382365.0,0.0,382365.0,382365.0
6075,47,2,3,7353.0,382365.0,0.0,382365.0,382365.0
6308,30,2,3,7353.0,382365.0,0.0,382365.0,382365.0
13638,51,2,3,7353.0,382365.0,0.0,382365.0,382365.0
5261,30,2,3,7353.0,382365.0,0.0,382365.0,382365.0
13181,39,2,3,7353.0,382365.0,0.0,382365.0,382365.0
5837,39,2,3,7353.0,382365.0,0.0,382365.0,382365.0
1180,45,2,3,7353.0,382365.0,0.0,382365.0,382365.0
13926,31,2,3,7353.0,382365.0,0.0,382365.0,382365.0
7875,28,2,3,7353.0,382365.0,0.0,382365.0,382365.0
10449,34,2,3,7353.0,382365.0,0.0,382365.0,382365.0
8753,39,2,3,7353.0,382365.0,0.0,382365.0,382365.0
6058,39,2,3,7353.0,382365.0,0.0,382365.0,382365.0
9409,37,2,3,7353.0,382365.0,0.0,382365.0,382365.0
14168,37,2,3,7353.0,382365.0,0.0,382365.0,382365.0
2270,40,2,3,7353.0,382365.0,0.0,382365.0,382365.0
2529,29,2,3,7353.0,382365.0,0.0,382365.0,382365.0
14166,45,2,3,7353.0,382365.0,0.0,382365.0,382365.0
8811,34,2,3,7353.0,382365.0,0.0,382365.0,382365.0
11080,45,2,3,7353.0,382365.0,0.0,382365.0,382365.0
5937,37,2,3,7353.0,382365.0,0.0,382365.0,382365.0
7876,28,2,3,7353.0,382365.0,0.0,382365.0,382365.0
9960,30,2,3,7353.0,382365.0,0.0,382365.0,382365.0
5928,31,2,3,7353.0,382365.0,0.0,382365.0,382365.0
9222,44,2,3,7353.0,382365.0,0.0,382365.0,382365.0
6651,47,2,3,7353.0,382365.0,0.0,382365.0,382365.0
1811,40,2,3,7353.0,382365.0,0.0,382365.0,382365.0
4148,43,2,3,6593.0,342810.0,0.0,342810.0,342810.0
13811,40,2,3,5832.0,303255.0,0.0,303255.0,303255.0
14405,31,2,3,5832.0,303255.0,0.0,303255.0,303255.0
1780,51,2,3,5832.0,303255.0,0.0,303255.0,303255.0
7951,28,2,3,5832.0,303255.0,0.0,303255.0,303255.0
6761,44,2,3,5832.0,303255.0,0.0,303255.0,303255.0
9937,39,2,3,5832.0,303255.0,0.0,303255.0,303255.0
4070,45,2,3,5832.0,303255.0,0.0,303255.0,303255.0
2259,37,2,3,5832.0,303255.0,0.0,303255.0,303255.0
6561,47,2,3,5832.0,303255.0,0.0,303255.0,303255.0
11964,34,2,3,5325.0,276885.0,0.0,276885.0,276885.0
12223,36,2,3,5325.0,276885.0,0.0,276885.0,276885.0
8708,42,2,3,5325.0,276885.0,0.0,276885.0,276885.0
13830,33,2,3,5325.0,276885.0,0.0,276885.0,276885.0
8472,33,2,3,5325.0,276885.0,0.0,276885.0,276885.0
12017,40,2,3,5325.0,276885.0,0.0,276885.0,276885.0
13316,34,2,3,5325.0,276885.0,0.0,276885.0,276885.0
8194,28,2,3,5325.0,276885.0,0.0,276885.0,276885.0
6016,29,2,3,5325.0,276885.0,0.0,276885.0,276885.0
13727,28,2,3,5325.0,276885.0,0.0,276885.0,276885.0
2871,49,2,3,5325.0,276885.0,0.0,276885.0,276885.0
13313,47,2,3,5325.0,276885.0,0.0,276885.0,276885.0
6615,35,2,3,5325.0,276885.0,0.0,276885.0,276885.0
799,49,2,3,5325.0,276885.0,0.0,276885.0,276885.0
7925,47,2,3,5325.0,276885.0,0.0,276885.0,276885.0
14087,40,2,3,5071.0,263700.0,0.0,263700.0,263700.0
12902,47,2,3,5071.0,263700.0,0.0,263700.0,263700.0
8094,33,2,3,4310.0,224145.0,0.0,224145.0,224145.0
8246,28,2,3,4310.0,224145.0,0.0,224145.0,224145.0
6637,28,2,3,4310.0,224145.0,0.0,224145.0,224145.0
3850,30,2,3,4310.0,224145.0,0.0,224145.0,224145.0
6012,42,2,3,4310.0,224145.0,0.0,224145.0,224145.0
11089,37,2,3,4310.0,224145.0,0.0,224145.0,224145.0
10464,37,2,3,4310.0,224145.0,0.0,224145.0,224145.0
6670,34,2,3,4310.0,224145.0,0.0,224145.0,224145.0
6645,51,2,3,4310.0,224145.0,0.0,224145.0,224145.0
4139,27,2,3,4310.0,224145.0,0.0,224145.0,224145.0
6647,43,2,3,4057.0,210960.0,0.0,210960.0,210960.0
6538,30,2,3,3550.0,184590.0,0.0,184590.0,184590.0
2251,40,2,3,3550.0,184590.0,0.0,184590.0,184590.0
2956,29,2,3,3550.0,184590.0,0.0,184590.0,184590.0
7099,33,2,3,3550.0,184590.0,0.0,184590.0,184590.0
1601,49,2,3,3550.0,184590.0,0.0,184590.0,184590.0
7101,45,2,3,3550.0,184590.0,0.0,184590.0,184590.0
13809,43,2,3,3550.0,184590.0,0.0,184590.0,184590.0
6084,29,2,3,3550.0,184590.0,0.0,184590.0,184590.0
6657,29,2,3,3550.0,184590.0,0.0,184590.0,184590.0
13807,47,2,3,3550.0,184590.0,0.0,184590.0,184590.0
10090,49,2,3,3550.0,184590.0,0.0,184590.0,184590.0
5338,37,2,3,3550.0,184590.0,0.0,184590.0,184590.0
9231,29,2,3,3550.0,184590.0,0.0,184590.0,184590.0
2237,50,2,3,3550.0,184590.0,0.0,184590.0,184590.0
10772,51,2,3,3550.0,184590.0,0.0,184590.0,184590.0
5335,43,2,3,3550.0,184590.0,0.0,184590.0,184590.0
10133,49,2,3,3550.0,184590.0,0.0,184590.0,184590.0
4889,47,2,3,3550.0,184590.0,0.0,184590.0,184590.0
8706,36,2,3,3550.0,184590.0,0.0,184590.0,184590.0
6465,31,2,3,3550.0,184590.0,0.0,184590.0,184590.0
2274,31,2,3,3550.0,184590.0,0.0,184590.0,184590.0
2217,34,2,3,3550.0,184590.0,0.0,184590.0,184590.0
10374,27,2,3,2789.0,145035.0,0.0,145035.0,145035.0
9412,29,2,3,2789.0,145035.0,0.0,145035.0,145035.0
13614,43,2,3,2789.0,145035.0,0.0,145035.0,145035.0
8786,42,2,3,2789.0,145035.0,0.0,145035.0,145035.0
6880,45,2,3,2789.0,145035.0,0.0,145035.0,145035.0
9644,30,2,3,2789.0,145035.0,0.0,145035.0,145035.0
1995,35,2,3,2789.0,145035.0,0.0,145035.0,145035.0
8713,34,2,3,2789.0,145035.0,0.0,145035.0,145035.0
1685,43,2,3,2789.0,145035.0,0.0,145035.0,145035.0
13324,33,2,3,2789.0,145035.0,0.0,145035.0,145035.0
4483,28,2,3,2789.0,145035.0,0.0,145035.0,145035.0
6550,33,2,3,2536.0,131850.0,0.0,131850.0,131850.0
794,33,2,3,2282.0,118665.0,0.0,118665.0,118665.0
7112,28,2,3,2282.0,118665.0,0.0,118665.0,118665.0
7449,28,2,3,2282.0,118665.0,0.0,118665.0,118665.0
8354,28,2,3,2282.0,118665.0,0.0,118665.0,118665.0
14208,29,2,3,2282.0,118665.0,0.0,118665.0,118665.0
11318,30,2,3,2282.0,118665.0,0.0,118665.0,118665.0
958,31,2,3,2282.0,118665.0,0.0,118665.0,118665.0
12607,31,2,3,2282.0,118665.0,0.0,118665.0,118665.0
13168,31,2,3,2282.0,118665.0,0.0,118665.0,118665.0
7395,34,2,3,2282.0,118665.0,0.0,118665.0,118665.0
7436,34,2,3,2282.0,118665.0,0.0,118665.0,118665.0
9284,36,2,3,2282.0,118665.0,0.0,118665.0,118665.0
820,37,2,3,2282.0,118665.0,0.0,118665.0,118665.0
2260,37,2,3,2282.0,118665.0,0.0,118665.0,118665.0
2660,37,2,3,2282.0,118665.0,0.0,118665.0,118665.0
9118,37,2,3,2282.0,118665.0,0.0,118665.0,118665.0
5365,40,2,3,2282.0,118665.0,0.0,118665.0,118665.0
2230,42,2,3,2282.0,118665.0,0.0,118665.0,118665.0
5326,44,2,3,2282.0,118665.0,0.0,118665.0,118665.0
3570,47,2,3,2282.0,118665.0,0.0,118665.0,118665.0
6131,49,2,3,2282.0,118665.0,0.0,118665.0,118665.0
2494,51,2,3,2282.0,118665.0,0.0,118665.0,118665.0
3389,51,2,3,2282.0,118665.0,0.0,118665.0,118665.0
14216,49,2,3,1775.0,92295.0,0.0,92295.0,92295.0
7440,50,2,3,1775.0,92295.0,0.0,92295.0,92295.0
1832,39,2,3,1775.0,92295.0,0.0,92295.0,92295.0
10477,51,2,3,1775.0,92295.0,0.0,92295.0,92295.0
4518,42,2,3,1775.0,92295.0,0.0,92295.0,92295.0
646,33,2,3,1775.0,92295.0,0.0,92295.0,92295.0
7446,40,2,3,1775.0,92295.0,0.0,92295.0,92295.0
6503,34,2,3,1775.0,92295.0,0.0,92295.0,92295.0
12426,30,2,3,1775.0,92295.0,0.0,92295.0,92295.0
13916,30,2,3,1521.0,79110.0,0.0,79110.0,79110.0
3594,40,2,3,1521.0,79110.0,0.0,79110.0,79110.0
8383,31,2,3,1521.0,79110.0,0.0,79110.0,79110.0
6666,44,2,3,1521.0,79110.0,0.0,79110.0,79110.0
3676,33,2,3,1521.0,79110.0,0.0,79110.0,79110.0
2223,33,2,3,1521.0,79110.0,0.0,79110.0,79110.0
10962,31,2,3,1521.0,79110.0,0.0,79110.0,79110.0
5989,42,2,3,1521.0,79110.0,0.0,79110.0,79110.0
7466,31,2,3,1521.0,79110.0,0.0,79110.0,79110.0
7114,36,2,3,1521.0,79110.0,0.0,79110.0,79110.0
9753,29,2,3,1521.0,79110.0,0.0,79110.0,79110.0
4722,34,2,3,1521.0,79110.0,0.0,79110.0,79110.0
12938,39,2,3,1521.0,79110.0,0.0,79110.0,79110.0
14210,42,2,3,1268.0,65925.0,0.0,65925.0,65925.0
661,44,2,3,1268.0,65925.0,0.0,65925.0,65925.0
12012,43,2,3,1268.0,65925.0,0.0,65925.0,65925.0
4757,50,2,3,1014.0,52740.0,0.0,52740.0,52740.0
11201,34,2,3,1014.0,52740.0,0.0,52740.0,52740.0
10165,50,2,3,1014.0,52740.0,0.0,52740.0,52740.0
13773,28,2,3,1014.0,52740.0,0.0,52740.0,52740.0
4689,35,2,3,1014.0,52740.0,0.0,52740.0,52740.0
2832,45,2,3,1014.0,52740.0,0.0,52740.0,52740.0
9765,44,2,3,761.0,39555.0,0.0,39555.0,39555.0
2458,44,2,3,761.0,39555.0,0.0,39555.0,39555.0
12511,43,2,3,761.0,39555.0,0.0,39555.0,39555.0
11369,50,2,3,761.0,39555.0,0.0,39555.0,39555.0
12073,28,2,3,532.0,27688.0,0.0,27688.0,27688.0
4910,49,2,3,532.0,27688.0,0.0,27688.0,27688.0
7830,28,2,3,431.0,22414.0,0.0,22414.0,22414.0
8452,40,2,3,279.0,14504.0,0.0,14504.0,14504.0
12448,54,3,1,242673.0,12618977.0,0.0,12618977.0,13183972.0
8925,54,3,1,231642.0,12045387.0,0.0,12045387.0,12584701.0
13460,54,3,1,226231.0,11764003.0,0.0,11764003.0,12290718.0
7135,54,3,1,215200.0,11190413.0,0.0,11190413.0,11691447.0
12800,54,3,1,208124.0,10822450.0,0.0,10822450.0,11307009.0
7796,54,3,1,187520.0,9751027.0,0.0,9751027.0,10187615.0
9664,54,3,1,176489.0,9177438.0,0.0,9177438.0,9588343.0
6584,54,3,1,168580.0,8766184.0,0.0,8766184.0,9158677.0
8174,54,3,1,165459.0,8603848.0,2867949.0,11471797.0,11985429.0
8494,54,3,1,165459.0,8603848.0,0.0,8603848.0,8989072.0
8126,54,3,1,143397.0,7456668.0,2294359.0,9751027.0,10187615.0
876,54,3,1,124042.0,6450180.0,0.0,6450180.0,6738977.0
12758,56,3,1,121336.0,6309488.0,0.0,6309488.0,6591986.0
3263,54,3,1,110306.0,5735898.0,0.0,5735898.0,5992715.0
13566,68,3,1,110306.0,5735898.0,1147180.0,6883078.0,7191258.0
10806,56,3,1,110306.0,5735898.0,573590.0,6309488.0,6591986.0
2633,68,3,1,110306.0,5735898.0,0.0,5735898.0,5992715.0
2900,68,3,1,104062.0,5411225.0,541122.0,5952347.0,6218855.0
12414,54,3,1,101565.0,5281356.0,0.0,5281356.0,5517820.0
3986,56,3,1,93864.0,4880925.0,0.0,4880925.0,5099461.0
10941,54,3,1,88245.0,4588719.0,0.0,4588719.0,4794172.0
3196,68,3,1,83250.0,4328980.0,1082245.0,5411225.0,5653504.0
13456,56,3,1,82833.0,4307335.0,0.0,4307335.0,4500189.0
9067,56,3,1,77214.0,4015129.0,573590.0,4588719.0,4794172.0
9556,56,3,1,77214.0,4015129.0,573590.0,4588719.0,4794172.0
7166,68,3,1,77214.0,4015129.0,0.0,4015129.0,4194900.0
4091,54,3,1,77214.0,4015129.0,1720770.0,5735898.0,5992715.0
7291,56,3,1,77214.0,4015129.0,573590.0,4588719.0,4794172.0
3924,68,3,1,72843.0,3787857.0,0.0,3787857.0,3957453.0
3634,56,3,1,66183.0,3441539.0,0.0,3441539.0,3595629.0
11388,53,3,1,66183.0,3441539.0,865796.0,4307335.0,4500189.0
1325,56,3,1,66183.0,3441539.0,0.0,3441539.0,3595629.0
9812,74,3,1,62437.0,3246735.0,0.0,3246735.0,3392103.0
9652,59,3,1,62437.0,3246735.0,811684.0,4058419.0,4240128.0
11561,68,3,1,61813.0,3214268.0,0.0,3214268.0,3358182.0
11843,56,3,1,60772.0,3160155.0,0.0,3160155.0,3301647.0
68,68,3,1,59523.0,3095221.0,0.0,3095221.0,3233804.0
11587,59,3,1,58275.0,3030286.0,0.0,3030286.0,3165962.0
8666,68,3,1,57442.0,2986996.0,0.0,2986996.0,3120734.0
14373,54,3,1,55153.0,2867949.0,0.0,2867949.0,2996357.0
1078,68,3,1,55153.0,2867949.0,0.0,2867949.0,2996357.0
10640,56,3,1,55153.0,2867949.0,0.0,2867949.0,2996357.0
6066,54,3,1,55153.0,2867949.0,2294359.0,5162309.0,5393443.0
7491,56,3,1,55153.0,2867949.0,573590.0,3441539.0,3595629.0
1908,54,3,1,55153.0,2867949.0,0.0,2867949.0,2996357.0
7495,53,3,1,54112.0,2813837.0,0.0,2813837.0,2939822.0
379,67,3,1,52031.0,2705612.0,0.0,2705612.0,2826752.0
10636,56,3,1,52031.0,2705612.0,0.0,2705612.0,2826752.0
4610,53,3,1,49742.0,2586566.0,1720770.0,4307335.0,4500189.0
3617,68,3,1,46412.0,2413406.0,0.0,2413406.0,2521463.0
14220,68,3,1,46412.0,2413406.0,0.0,2413406.0,2521463.0
6826,67,3,1,44330.0,2305182.0,0.0,2305182.0,2408393.0
9519,54,3,1,44122.0,2294359.0,0.0,2294359.0,2397086.0
1162,63,3,1,44122.0,2294359.0,0.0,2294359.0,2397086.0
14564,68,3,1,44122.0,2294359.0,0.0,2294359.0,2397086.0
8793,56,3,1,44122.0,2294359.0,0.0,2294359.0,2397086.0
7831,74,3,1,44122.0,2294359.0,0.0,2294359.0,2397086.0
14300,68,3,1,44122.0,2294359.0,0.0,2294359.0,2397086.0
2235,53,3,1,44122.0,2294359.0,0.0,2294359.0,2397086.0
12740,63,3,1,42457.0,2207780.0,0.0,2207780.0,2306630.0
12980,69,3,1,42249.0,2196957.0,0.0,2196957.0,2295323.0
1892,68,3,1,41833.0,2175312.0,0.0,2175312.0,2272709.0
12468,56,3,1,41625.0,2164490.0,0.0,2164490.0,2261402.0
2441,53,3,1,41625.0,2164490.0,0.0,2164490.0,2261402.0
9777,74,3,1,39960.0,2077910.0,0.0,2077910.0,2170946.0
14384,74,3,1,39752.0,2067088.0,0.0,2067088.0,2159639.0
6821,65,3,1,38711.0,2012976.0,0.0,2012976.0,2103104.0
13556,65,3,1,38711.0,2012976.0,0.0,2012976.0,2103104.0
939,68,3,1,38711.0,2012976.0,0.0,2012976.0,2103104.0
7692,58,3,1,38711.0,2012976.0,0.0,2012976.0,2103104.0
9168,58,3,1,38711.0,2012976.0,865796.0,2878772.0,3007664.0
2614,67,3,1,38711.0,2012976.0,0.0,2012976.0,2103104.0
1249,63,3,1,38711.0,2012976.0,0.0,2012976.0,2103104.0
10357,63,3,1,38711.0,2012976.0,0.0,2012976.0,2103104.0
13428,63,3,1,38295.0,1991331.0,0.0,1991331.0,2080490.0
7321,67,3,1,37462.0,1948041.0,346318.0,2294359.0,2397086.0
8457,74,3,1,37462.0,1948041.0,0.0,1948041.0,2035262.0
7173,74,3,1,36422.0,1893929.0,0.0,1893929.0,1978727.0
9214,56,3,1,36422.0,1893929.0,0.0,1893929.0,1978727.0
7271,56,3,1,35797.0,1861461.0,0.0,1861461.0,1944805.0
7611,53,3,1,35381.0,1839816.0,0.0,1839816.0,1922191.0
12660,53,3,1,35381.0,1839816.0,0.0,1839816.0,1922191.0
9135,67,3,1,35381.0,1839816.0,0.0,1839816.0,1922191.0
13219,62,3,1,34549.0,1796527.0,0.0,1796527.0,1876963.0
6834,67,3,1,33300.0,1731592.0,0.0,1731592.0,1809121.0
8994,68,3,1,33092.0,1720770.0,0.0,1720770.0,1797814.0
7859,68,3,1,33092.0,1720770.0,0.0,1720770.0,1797814.0
11007,63,3,1,33092.0,1720770.0,0.0,1720770.0,1797814.0
7538,63,3,1,33092.0,1720770.0,0.0,1720770.0,1797814.0
14538,56,3,1,33092.0,1720770.0,1720770.0,3441539.0,3595629.0
6885,53,3,1,31219.0,1623367.0,0.0,1623367.0,1696051.0
9898,52,3,1,31219.0,1623367.0,0.0,1623367.0,1696051.0
11206,63,3,1,31219.0,1623367.0,0.0,1623367.0,1696051.0
10416,53,3,1,31219.0,1623367.0,0.0,1623367.0,1696051.0
9708,74,3,1,31219.0,1623367.0,0.0,1623367.0,1696051.0
12725,74,3,1,31010.0,1612545.0,0.0,1612545.0,1684744.0
11800,69,3,1,30802.0,1601723.0,0.0,1601723.0,1673437.0
7984,67,3,1,30802.0,1601723.0,0.0,1601723.0,1673437.0
3065,69,3,1,30386.0,1580078.0,0.0,1580078.0,1650823.0
8140,73,3,1,29137.0,1515143.0,0.0,1515143.0,1582981.0
8662,53,3,1,28721.0,1493498.0,0.0,1493498.0,1560367.0
8544,62,3,1,28721.0,1493498.0,0.0,1493498.0,1560367.0
12658,58,3,1,27681.0,1439386.0,0.0,1439386.0,1503832.0
3861,65,3,1,27681.0,1439386.0,0.0,1439386.0,1503832.0
7654,68,3,1,27681.0,1439386.0,0.0,1439386.0,1503832.0
4586,67,3,1,27681.0,1439386.0,0.0,1439386.0,1503832.0
3562,62,3,1,27681.0,1439386.0,0.0,1439386.0,1503832.0
12738,58,3,1,27681.0,1439386.0,0.0,1439386.0,1503832.0
12728,65,3,1,27681.0,1439386.0,0.0,1439386.0,1503832.0
8463,58,3,1,27681.0,1439386.0,0.0,1439386.0,1503832.0
6554,73,3,1,27681.0,1439386.0,0.0,1439386.0,1503832.0
10610,73,3,1,27681.0,1439386.0,0.0,1439386.0,1503832.0
5088,56,3,1,27681.0,1439386.0,0.0,1439386.0,1503832.0
10614,67,3,1,27681.0,1439386.0,0.0,1439386.0,1503832.0
7699,63,3,1,26432.0,1374451.0,0.0,1374451.0,1435990.0
13121,67,3,1,25391.0,1320339.0,0.0,1320339.0,1379455.0
10333,53,3,1,24975.0,1298694.0,0.0,1298694.0,1356841.0
3728,53,3,1,24975.0,1298694.0,0.0,1298694.0,1356841.0
9375,65,3,1,24975.0,1298694.0,0.0,1298694.0,1356841.0
6394,52,3,1,24975.0,1298694.0,0.0,1298694.0,1356841.0
5620,63,3,1,24975.0,1298694.0,0.0,1298694.0,1356841.0
8561,66,3,1,23726.0,1233759.0,0.0,1233759.0,1288999.0
12885,71,3,1,23726.0,1233759.0,0.0,1233759.0,1288999.0
2934,52,3,1,23102.0,1201292.0,0.0,1201292.0,1255078.0
3346,63,3,1,22894.0,1190470.0,0.0,1190470.0,1243771.0
12394,62,3,1,22894.0,1190470.0,0.0,1190470.0,1243771.0
12941,66,3,1,22894.0,1190470.0,0.0,1190470.0,1243771.0
6846,74,3,1,22894.0,1190470.0,0.0,1190470.0,1243771.0
11622,53,3,1,22894.0,1190470.0,0.0,1190470.0,1243771.0
9356,67,3,1,22894.0,1190470.0,0.0,1190470.0,1243771.0
3551,58,3,1,22894.0,1190470.0,0.0,1190470.0,1243771.0
7315,56,3,1,22477.0,1168825.0,0.0,1168825.0,1221157.0
5180,56,3,1,22477.0,1168825.0,0.0,1168825.0,1221157.0
9204,69,3,1,22477.0,1168825.0,0.0,1168825.0,1221157.0
2838,54,3,1,22061.0,1147180.0,292206.0,1439386.0,1503832.0
2841,53,3,1,22061.0,1147180.0,0.0,1147180.0,1198543.0
11446,54,3,1,22061.0,1147180.0,0.0,1147180.0,1198543.0
13235,54,3,1,22061.0,1147180.0,0.0,1147180.0,1198543.0
2826,58,3,1,22061.0,1147180.0,0.0,1147180.0,1198543.0
11465,63,3,1,22061.0,1147180.0,0.0,1147180.0,1198543.0
10211,68,3,1,22061.0,1147180.0,0.0,1147180.0,1198543.0
18,66,3,1,22061.0,1147180.0,0.0,1147180.0,1198543.0
11814,67,3,1,22061.0,1147180.0,0.0,1147180.0,1198543.0
9841,73,3,1,22061.0,1147180.0,0.0,1147180.0,1198543.0
8675,74,3,1,22061.0,1147180.0,0.0,1147180.0,1198543.0
11591,58,3,1,21853.0,1136357.0,0.0,1136357.0,1187236.0
10157,73,3,1,21853.0,1136357.0,0.0,1136357.0,1187236.0
1254,66,3,1,21853.0,1136357.0,0.0,1136357.0,1187236.0
3723,66,3,1,21853.0,1136357.0,0.0,1136357.0,1187236.0
9018,69,3,1,21645.0,1125535.0,0.0,1125535.0,1175929.0
7886,67,3,1,21229.0,1103890.0,0.0,1103890.0,1153315.0
5301,67,3,1,21229.0,1103890.0,0.0,1103890.0,1153315.0
2066,54,3,1,21021.0,1093067.0,0.0,1093067.0,1142008.0
7819,67,3,1,20812.0,1082245.0,0.0,1082245.0,1130701.0
11827,72,3,1,20812.0,1082245.0,0.0,1082245.0,1130701.0
7160,54,3,1,20812.0,1082245.0,0.0,1082245.0,1130701.0
5871,55,3,1,20812.0,1082245.0,0.0,1082245.0,1130701.0
2637,72,3,1,20812.0,1082245.0,0.0,1082245.0,1130701.0
6008,66,3,1,20812.0,1082245.0,0.0,1082245.0,1130701.0
3604,69,3,1,20812.0,1082245.0,0.0,1082245.0,1130701.0
158,53,3,1,20812.0,1082245.0,0.0,1082245.0,1130701.0
9233,65,3,1,19772.0,1028133.0,0.0,1028133.0,1074166.0
3610,66,3,1,19772.0,1028133.0,0.0,1028133.0,1074166.0
9353,73,3,1,19772.0,1028133.0,0.0,1028133.0,1074166.0
6943,72,3,1,19772.0,1028133.0,0.0,1028133.0,1074166.0
12078,74,3,1,19772.0,1028133.0,0.0,1028133.0,1074166.0
861,58,3,1,19772.0,1028133.0,0.0,1028133.0,1074166.0
13110,66,3,1,19772.0,1028133.0,0.0,1028133.0,1074166.0
5949,63,3,1,19772.0,1028133.0,0.0,1028133.0,1074166.0
12121,63,3,1,19772.0,1028133.0,0.0,1028133.0,1074166.0
641,69,3,1,19772.0,1028133.0,0.0,1028133.0,1074166.0
1294,66,3,1,18731.0,974020.0,0.0,974020.0,1017631.0
9866,69,3,1,18731.0,974020.0,0.0,974020.0,1017631.0
11365,67,3,1,18731.0,974020.0,0.0,974020.0,1017631.0
4185,53,3,1,18731.0,974020.0,0.0,974020.0,1017631.0
4113,63,3,1,18731.0,974020.0,0.0,974020.0,1017631.0
7498,66,3,1,18731.0,974020.0,0.0,974020.0,1017631.0
8046,66,3,1,18523.0,963198.0,0.0,963198.0,1006324.0
10963,53,3,1,17899.0,930731.0,0.0,930731.0,972403.0
2504,62,3,1,17899.0,930731.0,0.0,930731.0,972403.0
6491,58,3,1,17899.0,930731.0,0.0,930731.0,972403.0
10151,53,3,1,17691.0,919908.0,0.0,919908.0,961096.0
1071,52,3,1,17691.0,919908.0,0.0,919908.0,961096.0
12099,53,3,1,17691.0,919908.0,0.0,919908.0,961096.0
7155,72,3,1,17691.0,919908.0,0.0,919908.0,961096.0
3007,59,3,1,16650.0,865796.0,0.0,865796.0,904561.0
3056,66,3,1,16650.0,865796.0,0.0,865796.0,904561.0
2866,71,3,1,16650.0,865796.0,0.0,865796.0,904561.0
4896,71,3,1,16650.0,865796.0,0.0,865796.0,904561.0
13796,58,3,1,16650.0,865796.0,0.0,865796.0,904561.0
2523,71,3,1,16650.0,865796.0,0.0,865796.0,904561.0
7624,63,3,1,16650.0,865796.0,0.0,865796.0,904561.0
3249,65,3,1,16650.0,865796.0,292206.0,1158002.0,1209850.0
6476,72,3,1,16650.0,865796.0,0.0,865796.0,904561.0
6742,63,3,1,16650.0,865796.0,0.0,865796.0,904561.0
12166,72,3,1,16650.0,865796.0,0.0,865796.0,904561.0
6856,66,3,1,16650.0,865796.0,0.0,865796.0,904561.0
12183,66,3,1,16650.0,865796.0,0.0,865796.0,904561.0
2609,63,3,1,16650.0,865796.0,0.0,865796.0,904561.0
704,66,3,1,16650.0,865796.0,0.0,865796.0,904561.0
9372,62,3,1,16650.0,865796.0,0.0,865796.0,904561.0
13750,67,3,1,16650.0,865796.0,0.0,865796.0,904561.0
11817,58,3,1,16650.0,865796.0,0.0,865796.0,904561.0
10802,73,3,1,15817.0,822506.0,0.0,822506.0,859333.0
8802,58,3,1,15401.0,800861.0,0.0,800861.0,836719.0
3706,69,3,1,15401.0,800861.0,0.0,800861.0,836719.0
4572,65,3,1,15401.0,800861.0,0.0,800861.0,836719.0
12907,72,3,1,15193.0,790039.0,0.0,790039.0,825412.0
3868,52,3,1,15193.0,790039.0,0.0,790039.0,825412.0
10008,74,3,1,15193.0,790039.0,0.0,790039.0,825412.0
1764,74,3,1,14985.0,779216.0,0.0,779216.0,814105.0
6445,53,3,1,14569.0,757571.0,0.0,757571.0,791491.0
10479,67,3,1,14569.0,757571.0,0.0,757571.0,791491.0
4594,62,3,1,14569.0,757571.0,108224.0,865796.0,904561.0
5190,63,3,1,14569.0,757571.0,0.0,757571.0,791491.0
13183,62,3,1,14361.0,746749.0,0.0,746749.0,780184.0
7290,52,3,1,13736.0,714282.0,0.0,714282.0,746263.0
1187,53,3,1,13736.0,714282.0,0.0,714282.0,746263.0
4171,58,3,1,13320.0,692637.0,0.0,692637.0,723649.0
11073,74,3,1,13320.0,692637.0,0.0,692637.0,723649.0
6896,62,3,1,13320.0,692637.0,0.0,692637.0,723649.0
13100,63,3,1,13320.0,692637.0,0.0,692637.0,723649.0
4769,72,3,1,13320.0,692637.0,0.0,692637.0,723649.0
1049,72,3,1,13320.0,692637.0,0.0,692637.0,723649.0
7711,62,3,1,13320.0,692637.0,0.0,692637.0,723649.0
10129,73,3,1,13320.0,692637.0,0.0,692637.0,723649.0
6658,67,3,1,13320.0,692637.0,0.0,692637.0,723649.0
1136,66,3,1,13320.0,692637.0,0.0,692637.0,723649.0
11461,74,3,1,13320.0,692637.0,0.0,692637.0,723649.0
9122,66,3,1,13320.0,692637.0,0.0,692637.0,723649.0
13578,58,3,1,13320.0,692637.0,0.0,692637.0,723649.0
7805,65,3,1,13320.0,692637.0,0.0,692637.0,723649.0
11460,74,3,1,12696.0,660169.0,0.0,660169.0,689728.0
1308,73,3,1,12696.0,660169.0,0.0,660169.0,689728.0
10671,74,3,1,12696.0,660169.0,0.0,660169.0,689728.0
6047,74,3,1,12696.0,660169.0,0.0,660169.0,689728.0
5430,71,3,1,12696.0,660169.0,0.0,660169.0,689728.0
303,62,3,1,12487.0,649347.0,0.0,649347.0,678421.0
981,53,3,1,12487.0,649347.0,0.0,649347.0,678421.0
9939,59,3,1,12487.0,649347.0,0.0,649347.0,678421.0
12737,69,3,1,12487.0,649347.0,0.0,649347.0,678421.0
4109,52,3,1,12487.0,649347.0,0.0,649347.0,678421.0
12934,71,3,1,12487.0,649347.0,0.0,649347.0,678421.0
8427,67,3,1,12487.0,649347.0,0.0,649347.0,678421.0
9786,66,3,1,12487.0,649347.0,0.0,649347.0,678421.0
11382,74,3,1,12487.0,649347.0,0.0,649347.0,678421.0
8968,62,3,1,11863.0,616880.0,0.0,616880.0,644499.0
1261,63,3,1,11863.0,616880.0,0.0,616880.0,644499.0
6184,72,3,1,11863.0,616880.0,0.0,616880.0,644499.0
5890,62,3,1,11655.0,606057.0,0.0,606057.0,633192.0
7907,58,3,1,11447.0,595235.0,0.0,595235.0,621885.0
13075,56,3,1,11447.0,595235.0,0.0,595235.0,621885.0
13553,72,3,1,11447.0,595235.0,0.0,595235.0,621885.0
10301,72,3,1,11447.0,595235.0,0.0,595235.0,621885.0
14195,62,3,1,11239.0,584412.0,0.0,584412.0,610578.0
6138,72,3,1,11239.0,584412.0,0.0,584412.0,610578.0
2389,69,3,1,11239.0,584412.0,0.0,584412.0,610578.0
2569,59,3,1,11239.0,584412.0,0.0,584412.0,610578.0
13612,52,3,1,11031.0,573590.0,0.0,573590.0,599271.0
5506,52,3,1,11031.0,573590.0,0.0,573590.0,599271.0
1538,52,3,1,11031.0,573590.0,0.0,573590.0,599271.0
13671,52,3,1,11031.0,573590.0,0.0,573590.0,599271.0
9834,62,3,1,10822.0,562767.0,0.0,562767.0,587964.0
12231,69,3,1,10822.0,562767.0,0.0,562767.0,587964.0
9436,56,3,1,10822.0,562767.0,0.0,562767.0,587964.0
9827,59,3,1,10614.0,551945.0,0.0,551945.0,576657.0
3618,55,3,1,10614.0,551945.0,0.0,551945.0,576657.0
10782,52,3,1,10406.0,541122.0,0.0,541122.0,565350.0
13569,69,3,1,10406.0,541122.0,0.0,541122.0,565350.0
14060,59,3,1,10406.0,541122.0,0.0,541122.0,565350.0
4488,62,3,1,10406.0,541122.0,0.0,541122.0,565350.0
13642,69,3,1,10406.0,541122.0,0.0,541122.0,565350.0
7123,71,3,1,10406.0,541122.0,0.0,541122.0,565350.0
1010,73,3,1,10406.0,541122.0,0.0,541122.0,565350.0
1357,66,3,1,9990.0,519478.0,0.0,519478.0,542736.0
1926,65,3,1,9990.0,519478.0,0.0,519478.0,542736.0
13582,53,3,1,9990.0,519478.0,0.0,519478.0,542736.0
3299,66,3,1,9990.0,519478.0,0.0,519478.0,542736.0
6355,62,3,1,9990.0,519478.0,0.0,519478.0,542736.0
6127,56,3,1,9990.0,519478.0,0.0,519478.0,542736.0
10697,59,3,1,9990.0,519478.0,0.0,519478.0,542736.0
4409,56,3,1,9782.0,508655.0,0.0,508655.0,531429.0
724,69,3,1,9782.0,508655.0,0.0,508655.0,531429.0
12375,52,3,1,9366.0,487010.0,0.0,487010.0,508815.0
8082,72,3,1,9366.0,487010.0,0.0,487010.0,508815.0
8931,55,3,1,9366.0,487010.0,0.0,487010.0,508815.0
1694,66,3,1,9366.0,487010.0,0.0,487010.0,508815.0
12085,59,3,1,9366.0,487010.0,0.0,487010.0,508815.0
7895,65,3,1,9366.0,487010.0,0.0,487010.0,508815.0
328,72,3,1,9366.0,487010.0,0.0,487010.0,508815.0
8188,72,3,1,9366.0,487010.0,0.0,487010.0,508815.0
3293,65,3,1,9366.0,487010.0,0.0,487010.0,508815.0
6883,59,3,1,8949.0,465365.0,0.0,465365.0,486201.0
4410,52,3,1,8741.0,454543.0,0.0,454543.0,474894.0
11943,52,3,1,8741.0,454543.0,0.0,454543.0,474894.0
2567,73,3,1,8533.0,443720.0,0.0,443720.0,463587.0
11132,67,3,1,8533.0,443720.0,0.0,443720.0,463587.0
8097,69,3,1,8533.0,443720.0,0.0,443720.0,463587.0
3514,52,3,1,8325.0,432898.0,0.0,432898.0,452280.0
5032,71,3,1,8325.0,432898.0,0.0,432898.0,452280.0
7866,71,3,1,8325.0,432898.0,0.0,432898.0,452280.0
14131,71,3,1,8325.0,432898.0,0.0,432898.0,452280.0
10852,59,3,1,8325.0,432898.0,0.0,432898.0,452280.0
13463,69,3,1,8325.0,432898.0,0.0,432898.0,452280.0
11782,52,3,1,8325.0,432898.0,0.0,432898.0,452280.0
13603,69,3,1,8325.0,432898.0,0.0,432898.0,452280.0
7778,74,3,1,8325.0,432898.0,0.0,432898.0,452280.0
7672,74,3,1,8325.0,432898.0,0.0,432898.0,452280.0
7579,52,3,1,8325.0,432898.0,108224.0,541122.0,565350.0
11565,62,3,1,8117.0,422076.0,0.0,422076.0,440973.0
2626,58,3,1,7909.0,411253.0,0.0,411253.0,429666.0
7628,72,3,1,7909.0,411253.0,0.0,411253.0,429666.0
6171,65,3,1,7909.0,411253.0,0.0,411253.0,429666.0
12247,59,3,1,7909.0,411253.0,0.0,411253.0,429666.0
7686,55,3,1,7909.0,411253.0,0.0,411253.0,429666.0
9047,73,3,1,7909.0,411253.0,0.0,411253.0,429666.0
11442,72,3,1,7909.0,411253.0,0.0,411253.0,429666.0
7867,55,3,1,7909.0,411253.0,0.0,411253.0,429666.0
1559,53,3,1,7909.0,411253.0,0.0,411253.0,429666.0
5659,73,3,1,7909.0,411253.0,0.0,411253.0,429666.0
7295,65,3,1,7909.0,411253.0,0.0,411253.0,429666.0
7665,72,3,1,7909.0,411253.0,0.0,411253.0,429666.0
4077,58,3,1,7909.0,411253.0,0.0,411253.0,429666.0
11324,71,3,1,7909.0,411253.0,0.0,411253.0,429666.0
10896,52,3,1,7701.0,400431.0,0.0,400431.0,418359.0
13234,72,3,1,7701.0,400431.0,0.0,400431.0,418359.0
2737,67,3,1,7492.0,389608.0,0.0,389608.0,407052.0
13170,65,3,1,7284.0,378786.0,0.0,378786.0,395745.0
14163,71,3,1,7284.0,378786.0,0.0,378786.0,395745.0
8499,59,3,1,7284.0,378786.0,0.0,378786.0,395745.0
9816,52,3,1,7284.0,378786.0,0.0,378786.0,395745.0
4060,55,3,1,7076.0,367963.0,0.0,367963.0,384438.0
2042,71,3,1,7076.0,367963.0,0.0,367963.0,384438.0
10846,71,3,1,6868.0,357141.0,0.0,357141.0,373131.0
13604,67,3,1,6660.0,346318.0,0.0,346318.0,361824.0
2774,55,3,1,6660.0,346318.0,0.0,346318.0,361824.0
3027,72,3,1,6660.0,346318.0,0.0,346318.0,361824.0
12662,65,3,1,6660.0,346318.0,0.0,346318.0,361824.0
8440,71,3,1,6660.0,346318.0,0.0,346318.0,361824.0
3488,65,3,1,6660.0,346318.0,0.0,346318.0,361824.0
4959,55,3,1,6660.0,346318.0,0.0,346318.0,361824.0
10815,72,3,1,6660.0,346318.0,0.0,346318.0,361824.0
11117,68,3,1,6660.0,346318.0,0.0,346318.0,361824.0
4391,73,3,1,6660.0,346318.0,0.0,346318.0,361824.0
6419,73,3,1,6660.0,346318.0,0.0,346318.0,361824.0
11579,55,3,1,6660.0,346318.0,0.0,346318.0,361824.0
4406,74,3,1,6660.0,346318.0,0.0,346318.0,361824.0
1922,59,3,1,6660.0,346318.0,0.0,346318.0,361824.0
7583,69,3,1,6660.0,346318.0,0.0,346318.0,361824.0
11639,55,3,1,6660.0,346318.0,0.0,346318.0,361824.0
12983,55,3,1,6660.0,346318.0,0.0,346318.0,361824.0
5395,69,3,1,6660.0,346318.0,0.0,346318.0,361824.0
710,56,3,1,6244.0,324673.0,0.0,324673.0,339210.0
7327,56,3,1,6244.0,324673.0,0.0,324673.0,339210.0
9883,69,3,1,6244.0,324673.0,0.0,324673.0,339210.0
1652,58,3,1,6244.0,324673.0,0.0,324673.0,339210.0
3370,62,3,1,6244.0,324673.0,0.0,324673.0,339210.0
13616,62,3,1,6244.0,324673.0,0.0,324673.0,339210.0
5732,52,3,1,6244.0,324673.0,0.0,324673.0,339210.0
4775,52,3,1,6244.0,324673.0,0.0,324673.0,339210.0
10503,52,3,1,6244.0,324673.0,0.0,324673.0,339210.0
1271,58,3,1,6036.0,313851.0,0.0,313851.0,327903.0
12850,52,3,1,6036.0,313851.0,0.0,313851.0,327903.0
10814,69,3,1,6036.0,313851.0,0.0,313851.0,327903.0
8850,67,3,1,6036.0,313851.0,0.0,313851.0,327903.0
12797,69,3,1,6036.0,313851.0,0.0,313851.0,327903.0
7618,55,3,1,6036.0,313851.0,0.0,313851.0,327903.0
1317,55,3,1,6036.0,313851.0,0.0,313851.0,327903.0
10454,69,3,1,5827.0,303029.0,0.0,303029.0,316596.0
13557,65,3,1,5827.0,303029.0,0.0,303029.0,316596.0
11375,55,3,1,5827.0,303029.0,0.0,303029.0,316596.0
4202,71,3,1,5411.0,281384.0,0.0,281384.0,293982.0
8912,59,3,1,5203.0,270561.0,0.0,270561.0,282675.0
4529,66,3,1,5203.0,270561.0,0.0,270561.0,282675.0
3677,74,3,1,5203.0,270561.0,0.0,270561.0,282675.0
10355,63,3,1,5203.0,270561.0,0.0,270561.0,282675.0
6432,69,3,1,5203.0,270561.0,0.0,270561.0,282675.0
4312,58,3,1,5203.0,270561.0,0.0,270561.0,282675.0
13046,69,3,1,5203.0,270561.0,0.0,270561.0,282675.0
1630,71,3,1,5203.0,270561.0,0.0,270561.0,282675.0
10282,69,3,1,5203.0,270561.0,0.0,270561.0,282675.0
9951,69,3,1,4995.0,259739.0,0.0,259739.0,271368.0
8756,52,3,1,4995.0,259739.0,0.0,259739.0,271368.0
13269,55,3,1,4995.0,259739.0,0.0,259739.0,271368.0
11015,62,3,1,4995.0,259739.0,0.0,259739.0,271368.0
9069,62,3,1,4995.0,259739.0,0.0,259739.0,271368.0
3050,55,3,1,4787.0,248916.0,0.0,248916.0,260061.0
13548,69,3,1,4579.0,238094.0,0.0,238094.0,248754.0
11430,72,3,1,4579.0,238094.0,0.0,238094.0,248754.0
6040,72,3,1,4579.0,238094.0,0.0,238094.0,248754.0
14282,59,3,1,4579.0,238094.0,0.0,238094.0,248754.0
7230,71,3,1,4371.0,227271.0,0.0,227271.0,237447.0
8670,59,3,1,4371.0,227271.0,0.0,227271.0,237447.0
11581,55,3,1,4371.0,227271.0,0.0,227271.0,237447.0
6964,55,3,1,4371.0,227271.0,0.0,227271.0,237447.0
5906,55,3,1,4371.0,227271.0,0.0,227271.0,237447.0
10127,72,3,1,4371.0,227271.0,0.0,227271.0,237447.0
9245,55,3,1,4162.0,216449.0,0.0,216449.0,226140.0
4086,65,3,1,4162.0,216449.0,0.0,216449.0,226140.0
11380,53,3,1,4162.0,216449.0,0.0,216449.0,226140.0
6410,58,3,1,4162.0,216449.0,0.0,216449.0,226140.0
6190,68,3,1,4162.0,216449.0,0.0,216449.0,226140.0
8248,65,3,1,3954.0,205627.0,0.0,205627.0,214833.0
6155,67,3,1,3954.0,205627.0,0.0,205627.0,214833.0
8403,65,3,1,3954.0,205627.0,0.0,205627.0,214833.0
10551,66,3,1,3954.0,205627.0,0.0,205627.0,214833.0
14576,67,3,1,3954.0,205627.0,0.0,205627.0,214833.0
4562,65,3,1,3954.0,205627.0,0.0,205627.0,214833.0
12946,55,3,1,3954.0,205627.0,0.0,205627.0,214833.0
8011,71,3,1,3954.0,205627.0,0.0,205627.0,214833.0
12281,73,3,1,3954.0,205627.0,0.0,205627.0,214833.0
4532,63,3,1,3954.0,205627.0,0.0,205627.0,214833.0
10798,73,3,1,3954.0,205627.0,0.0,205627.0,214833.0
9219,59,3,1,3954.0,205627.0,0.0,205627.0,214833.0
3509,72,3,1,3746.0,194804.0,0.0,194804.0,203526.0
12981,67,3,1,3746.0,194804.0,0.0,194804.0,203526.0
13438,71,3,1,3538.0,183982.0,0.0,183982.0,192219.0
9929,55,3,1,3538.0,183982.0,0.0,183982.0,192219.0
1141,69,3,1,3538.0,183982.0,0.0,183982.0,192219.0
7782,59,3,1,3538.0,183982.0,0.0,183982.0,192219.0
9936,69,3,1,3538.0,183982.0,0.0,183982.0,192219.0
13975,55,3,1,3330.0,173159.0,0.0,173159.0,180912.0
4039,71,3,1,3330.0,173159.0,0.0,173159.0,180912.0
2621,55,3,1,3330.0,173159.0,0.0,173159.0,180912.0
13655,56,3,1,3330.0,173159.0,0.0,173159.0,180912.0
10790,74,3,1,3330.0,173159.0,0.0,173159.0,180912.0
9006,58,3,1,3330.0,173159.0,0.0,173159.0,180912.0
4538,63,3,1,3330.0,173159.0,0.0,173159.0,180912.0
3139,52,3,1,3122.0,162337.0,0.0,162337.0,169605.0
10882,53,3,1,3122.0,162337.0,0.0,162337.0,169605.0
8067,73,3,1,2914.0,151514.0,0.0,151514.0,158298.0
10793,53,3,1,2914.0,151514.0,0.0,151514.0,158298.0
4585,71,3,1,2914.0,151514.0,0.0,151514.0,158298.0
4056,73,3,1,2914.0,151514.0,0.0,151514.0,158298.0
3769,63,3,1,2706.0,140692.0,0.0,140692.0,146991.0
9656,65,3,1,2706.0,140692.0,0.0,140692.0,146991.0
12463,55,3,1,2706.0,140692.0,0.0,140692.0,146991.0
12104,52,3,1,2706.0,140692.0,0.0,140692.0,146991.0
8995,56,3,1,2706.0,140692.0,0.0,140692.0,146991.0
3314,65,3,1,2706.0,140692.0,0.0,140692.0,146991.0
8454,56,3,1,2706.0,140692.0,0.0,140692.0,146991.0
7993,66,3,1,2706.0,140692.0,0.0,140692.0,146991.0
9487,65,3,1,2706.0,140692.0,0.0,140692.0,146991.0
5549,69,3,1,2706.0,140692.0,0.0,140692.0,146991.0
11427,55,3,1,2706.0,140692.0,0.0,140692.0,146991.0
13530,65,3,1,2706.0,140692.0,0.0,140692.0,146991.0
11476,58,3,1,2706.0,140692.0,0.0,140692.0,146991.0
7403,69,3,1,2706.0,140692.0,0.0,140692.0,146991.0
866,71,3,1,2289.0,119047.0,0.0,119047.0,124377.0
13282,71,3,1,2289.0,119047.0,0.0,119047.0,124377.0
3397,58,3,1,2289.0,119047.0,0.0,119047.0,124377.0
9257,66,3,1,2081.0,108224.0,0.0,108224.0,113070.0
1424,56,3,1,2081.0,108224.0,0.0,108224.0,113070.0
1462,54,3,1,2081.0,108224.0,0.0,108224.0,113070.0
2202,68,3,1,2081.0,108224.0,0.0,108224.0,113070.0
6740,54,3,1,2081.0,108224.0,0.0,108224.0,113070.0
10835,65,3,1,2081.0,108224.0,0.0,108224.0,113070.0
11593,63,3,1,2081.0,108224.0,0.0,108224.0,113070.0
8441,63,3,1,2081.0,108224.0,0.0,108224.0,113070.0
7394,63,3,1,2081.0,108224.0,0.0,108224.0,113070.0
6317,73,3,1,2081.0,108224.0,0.0,108224.0,113070.0
7573,62,3,1,2081.0,108224.0,0.0,108224.0,113070.0
9968,73,3,1,2081.0,108224.0,0.0,108224.0,113070.0
88,56,3,1,2081.0,108224.0,0.0,108224.0,113070.0
12003,52,3,1,1665.0,86580.0,0.0,86580.0,90456.0
11599,66,3,1,1665.0,86580.0,0.0,86580.0,90456.0
11600,74,3,1,1665.0,86580.0,0.0,86580.0,90456.0
13532,72,3,1,1665.0,86580.0,0.0,86580.0,90456.0
13861,63,3,1,1665.0,86580.0,0.0,86580.0,90456.0
5448,58,3,1,1665.0,86580.0,0.0,86580.0,90456.0
12974,58,3,1,1665.0,86580.0,0.0,86580.0,90456.0
6496,62,3,1,1665.0,86580.0,0.0,86580.0,90456.0
3767,73,3,1,1665.0,86580.0,0.0,86580.0,90456.0
4003,66,3,1,1665.0,86580.0,0.0,86580.0,90456.0
11094,71,3,1,1457.0,75757.0,0.0,75757.0,79149.0
10278,55,3,1,1249.0,64935.0,0.0,64935.0,67842.0
12081,65,3,1,1249.0,64935.0,0.0,64935.0,67842.0
13494,71,3,1,1249.0,64935.0,0.0,64935.0,67842.0
5123,56,3,1,1249.0,64935.0,0.0,64935.0,67842.0
12125,59,3,1,1249.0,64935.0,0.0,64935.0,67842.0
9876,58,3,1,1249.0,64935.0,0.0,64935.0,67842.0
1426,71,3,1,1249.0,64935.0,0.0,64935.0,67842.0
10434,63,3,1,1249.0,64935.0,0.0,64935.0,67842.0
2092,66,3,1,1249.0,64935.0,0.0,64935.0,67842.0
1535,52,3,1,1041.0,54112.0,0.0,54112.0,56535.0
7795,59,3,1,1041.0,54112.0,0.0,54112.0,56535.0
9843,65,3,1,1041.0,54112.0,0.0,54112.0,56535.0
12629,68,3,1,1041.0,54112.0,0.0,54112.0,56535.0
6170,58,3,1,1041.0,54112.0,0.0,54112.0,56535.0
4908,65,3,1,1041.0,54112.0,0.0,54112.0,56535.0
1901,52,3,1,1041.0,54112.0,0.0,54112.0,56535.0
10897,59,3,1,1041.0,54112.0,0.0,54112.0,56535.0
7134,53,3,1,833.0,43290.0,0.0,43290.0,45228.0
13621,63,3,1,833.0,43290.0,0.0,43290.0,45228.0
1690,53,3,1,833.0,43290.0,0.0,43290.0,45228.0
8362,73,3,1,833.0,43290.0,0.0,43290.0,45228.0
14393,59,3,1,833.0,43290.0,0.0,43290.0,45228.0
7397,65,3,1,833.0,43290.0,0.0,43290.0,45228.0
6832,68,3,1,833.0,43290.0,0.0,43290.0,45228.0
7592,59,3,1,833.0,43290.0,0.0,43290.0,45228.0
10407,58,3,1,833.0,43290.0,0.0,43290.0,45228.0
9347,62,3,1,833.0,43290.0,0.0,43290.0,45228.0
4245,73,3,1,833.0,43290.0,0.0,43290.0,45228.0
7314,65,3,1,624.0,32467.0,0.0,32467.0,33921.0
11160,68,3,1,624.0,32467.0,0.0,32467.0,33921.0
9910,59,3,1,624.0,32467.0,0.0,32467.0,33921.0
7145,65,3,1,624.0,32467.0,0.0,32467.0,33921.0
10860,59,3,1,624.0,32467.0,0.0,32467.0,33921.0
13601,62,3,1,624.0,32467.0,0.0,32467.0,33921.0
8681,62,3,1,624.0,32467.0,0.0,32467.0,33921.0
3472,73,3,1,624.0,32467.0,0.0,32467.0,33921.0
7301,62,3,1,624.0,32467.0,0.0,32467.0,33921.0
13562,68,3,1,624.0,32467.0,0.0,32467.0,33921.0
10140,73,3,1,624.0,32467.0,0.0,32467.0,33921.0
35,52,3,1,624.0,32467.0,0.0,32467.0,33921.0
10231,55,3,1,624.0,32467.0,0.0,32467.0,33921.0
8240,71,3,1,333.0,17316.0,0.0,17316.0,18091.0
4597,71,3,1,333.0,17316.0,0.0,17316.0,18091.0
2960,52,3,1,229.0,11905.0,0.0,11905.0,12438.0
5342,54,3,2,275756.0,14339296.0,0.0,14339296.0,14650720.0
8926,54,3,2,231635.0,12045008.0,0.0,12045008.0,12306605.0
7136,54,3,2,215194.0,11190062.0,0.0,11190062.0,11433090.0
12801,54,3,2,208118.0,10822110.0,0.0,10822110.0,11057147.0
7797,54,3,2,187514.0,9750721.0,0.0,9750721.0,9962490.0
9665,54,3,2,176484.0,9177149.0,0.0,9177149.0,9376461.0
8175,54,3,2,165453.0,8603577.0,2867859.0,11471437.0,11720576.0
13461,54,3,2,165453.0,8603577.0,1147144.0,9750721.0,9962490.0
8127,54,3,2,143393.0,7456434.0,2294287.0,9750721.0,9962490.0
10135,54,3,2,132363.0,6882862.0,0.0,6882862.0,7032346.0
877,54,3,2,124038.0,6449978.0,0.0,6449978.0,6590060.0
12759,56,3,2,121333.0,6309290.0,0.0,6309290.0,6446317.0
10807,56,3,2,110302.0,5735718.0,573572.0,6309290.0,6446317.0
3264,54,3,2,110302.0,5735718.0,0.0,5735718.0,5860288.0
2901,68,3,2,104059.0,5411055.0,541106.0,5952160.0,6081431.0
5181,56,3,2,99896.0,5194613.0,0.0,5194613.0,5307431.0
7856,54,3,2,99272.0,5162146.0,0.0,5162146.0,5274259.0
10942,54,3,2,88242.0,4588575.0,0.0,4588575.0,4688230.0
11840,54,3,2,88242.0,4588575.0,0.0,4588575.0,4688230.0
3987,56,3,2,88242.0,4588575.0,0.0,4588575.0,4688230.0
1893,68,3,2,83247.0,4328844.0,0.0,4328844.0,4422859.0
3197,68,3,2,83247.0,4328844.0,1082211.0,5411055.0,5528574.0
9001,56,3,2,82831.0,4307200.0,0.0,4307200.0,4400745.0
472,53,3,2,79085.0,4112402.0,1028100.0,5140502.0,5252145.0
9068,56,3,2,77212.0,4015003.0,573572.0,4588575.0,4688230.0
4092,54,3,2,77212.0,4015003.0,1720715.0,5735718.0,5860288.0
9557,56,3,2,77212.0,4015003.0,573572.0,4588575.0,4688230.0
7292,56,3,2,77212.0,4015003.0,573572.0,4588575.0,4688230.0
14565,68,3,2,72841.0,3787738.0,0.0,3787738.0,3870002.0
2190,54,3,2,72841.0,3787738.0,1082211.0,4869950.0,4975716.0
714,54,3,2,71801.0,3733628.0,0.0,3733628.0,3814716.0
11389,53,3,2,66181.0,3441431.0,865769.0,4307200.0,4400745.0
3635,56,3,2,66181.0,3441431.0,0.0,3441431.0,3516173.0
10609,56,3,2,66181.0,3441431.0,0.0,3441431.0,3516173.0
3843,68,3,2,62435.0,3246633.0,0.0,3246633.0,3317144.0
9813,74,3,2,62435.0,3246633.0,0.0,3246633.0,3317144.0
1914,68,3,2,62435.0,3246633.0,0.0,3246633.0,3317144.0
8293,68,3,2,62435.0,3246633.0,0.0,3246633.0,3317144.0
9653,59,3,2,62435.0,3246633.0,811658.0,4058291.0,4146430.0
3729,53,3,2,62435.0,3246633.0,0.0,3246633.0,3317144.0
4186,53,3,2,62435.0,3246633.0,0.0,3246633.0,3317144.0
8667,68,3,2,62435.0,3246633.0,0.0,3246633.0,3317144.0
14221,68,3,2,62435.0,3246633.0,0.0,3246633.0,3317144.0
11562,68,3,2,61811.0,3214167.0,0.0,3214167.0,3283973.0
11588,59,3,2,58273.0,3030191.0,0.0,3030191.0,3096001.0
9520,54,3,2,55151.0,2867859.0,0.0,2867859.0,2930144.0
7492,56,3,2,55151.0,2867859.0,573572.0,3441431.0,3516173.0
4074,54,3,2,55151.0,2867859.0,0.0,2867859.0,2930144.0
6067,54,3,2,55151.0,2867859.0,2294287.0,5162146.0,5274259.0
4403,56,3,2,55151.0,2867859.0,0.0,2867859.0,2930144.0
10637,56,3,2,52029.0,2705528.0,0.0,2705528.0,2764287.0
9828,59,3,2,52029.0,2705528.0,0.0,2705528.0,2764287.0
8372,74,3,2,52029.0,2705528.0,0.0,2705528.0,2764287.0
380,67,3,2,52029.0,2705528.0,0.0,2705528.0,2764287.0
4611,53,3,2,49740.0,2586484.0,1720715.0,4307200.0,4400745.0
11811,56,3,2,49740.0,2586484.0,0.0,2586484.0,2642658.0
2610,68,3,2,47867.0,2489085.0,0.0,2489085.0,2543144.0
6823,53,3,2,47867.0,2489085.0,0.0,2489085.0,2543144.0
940,68,3,2,47867.0,2489085.0,0.0,2489085.0,2543144.0
5165,53,3,2,45786.0,2380864.0,0.0,2380864.0,2432572.0
717,71,3,2,45786.0,2380864.0,0.0,2380864.0,2432572.0
7832,74,3,2,44121.0,2294287.0,0.0,2294287.0,2344115.0
1163,63,3,2,44121.0,2294287.0,0.0,2294287.0,2344115.0
6446,53,3,2,44121.0,2294287.0,0.0,2294287.0,2344115.0
14301,68,3,2,44121.0,2294287.0,0.0,2294287.0,2344115.0
4587,67,3,2,43705.0,2272643.0,0.0,2272643.0,2322001.0
12439,54,3,2,41624.0,2164422.0,0.0,2164422.0,2211429.0
12469,56,3,2,41624.0,2164422.0,0.0,2164422.0,2211429.0
9901,63,3,2,41624.0,2164422.0,0.0,2164422.0,2211429.0
12159,67,3,2,41624.0,2164422.0,0.0,2164422.0,2211429.0
9778,74,3,2,39959.0,2077845.0,0.0,2077845.0,2122972.0
10615,67,3,2,39542.0,2056201.0,0.0,2056201.0,2100858.0
14385,74,3,2,39542.0,2056201.0,0.0,2056201.0,2100858.0
9169,58,3,2,38710.0,2012912.0,865769.0,2878681.0,2941201.0
2615,67,3,2,38710.0,2012912.0,0.0,2012912.0,2056629.0
11008,63,3,2,38710.0,2012912.0,0.0,2012912.0,2056629.0
6007,56,3,2,38710.0,2012912.0,0.0,2012912.0,2056629.0
7693,58,3,2,38710.0,2012912.0,0.0,2012912.0,2056629.0
6563,74,3,2,37461.0,1947980.0,0.0,1947980.0,1990287.0
10495,53,3,2,37461.0,1947980.0,0.0,1947980.0,1990287.0
7322,67,3,2,37461.0,1947980.0,346308.0,2294287.0,2344115.0
8455,65,3,2,37461.0,1947980.0,0.0,1947980.0,1990287.0
8796,71,3,2,36837.0,1915513.0,0.0,1915513.0,1957115.0
9215,56,3,2,36421.0,1893869.0,0.0,1893869.0,1935001.0
10718,68,3,2,33299.0,1731538.0,0.0,1731538.0,1769144.0
6835,67,3,2,33299.0,1731538.0,0.0,1731538.0,1769144.0
5471,58,3,2,33091.0,1720715.0,0.0,1720715.0,1758086.0
2370,68,3,2,33091.0,1720715.0,0.0,1720715.0,1758086.0
14539,56,3,2,33091.0,1720715.0,1720715.0,3441431.0,3516173.0
13998,53,3,2,33091.0,1720715.0,0.0,1720715.0,1758086.0
6128,56,3,2,33091.0,1720715.0,292197.0,2012912.0,2056629.0
10285,67,3,2,31218.0,1623316.0,0.0,1623316.0,1658572.0
14132,71,3,2,31218.0,1623316.0,0.0,1623316.0,1658572.0
9709,74,3,2,31218.0,1623316.0,0.0,1623316.0,1658572.0
11207,63,3,2,31218.0,1623316.0,0.0,1623316.0,1658572.0
10158,73,3,2,31218.0,1623316.0,0.0,1623316.0,1658572.0
6886,53,3,2,31218.0,1623316.0,0.0,1623316.0,1658572.0
1631,71,3,2,31218.0,1623316.0,0.0,1623316.0,1658572.0
10418,66,3,2,31218.0,1623316.0,0.0,1623316.0,1658572.0
12154,72,3,2,31218.0,1623316.0,541106.0,2164422.0,2211429.0
1625,74,3,2,31218.0,1623316.0,0.0,1623316.0,1658572.0
12726,74,3,2,31010.0,1612494.0,0.0,1612494.0,1647515.0
3858,58,3,2,30801.0,1601672.0,0.0,1601672.0,1636458.0
2131,72,3,2,30385.0,1580028.0,0.0,1580028.0,1614344.0
13558,65,3,2,29136.0,1515095.0,0.0,1515095.0,1548001.0
6009,66,3,2,29136.0,1515095.0,0.0,1515095.0,1548001.0
8141,73,3,2,29136.0,1515095.0,0.0,1515095.0,1548001.0
8663,53,3,2,28720.0,1493451.0,0.0,1493451.0,1525886.0
8545,72,3,2,28720.0,1493451.0,0.0,1493451.0,1525886.0
10402,73,3,2,27680.0,1439341.0,0.0,1439341.0,1470601.0
12739,58,3,2,27680.0,1439341.0,0.0,1439341.0,1470601.0
13122,67,3,2,27680.0,1439341.0,0.0,1439341.0,1470601.0
2524,71,3,2,27680.0,1439341.0,0.0,1439341.0,1470601.0
5431,71,3,2,27680.0,1439341.0,0.0,1439341.0,1470601.0
12659,73,3,2,27680.0,1439341.0,0.0,1439341.0,1470601.0
6555,73,3,2,27680.0,1439341.0,0.0,1439341.0,1470601.0
4569,63,3,2,27680.0,1439341.0,0.0,1439341.0,1470601.0
12169,58,3,2,27055.0,1406874.0,0.0,1406874.0,1437429.0
7655,68,3,2,27055.0,1406874.0,0.0,1406874.0,1437429.0
7663,52,3,2,26639.0,1385230.0,0.0,1385230.0,1415315.0
7703,72,3,2,26431.0,1374408.0,0.0,1374408.0,1404258.0
9376,65,3,2,24974.0,1298653.0,0.0,1298653.0,1326858.0
5621,63,3,2,24974.0,1298653.0,0.0,1298653.0,1326858.0
9354,73,3,2,24974.0,1298653.0,0.0,1298653.0,1326858.0
6395,52,3,2,24974.0,1298653.0,0.0,1298653.0,1326858.0
12886,71,3,2,23725.0,1233721.0,0.0,1233721.0,1260515.0
8562,66,3,2,23725.0,1233721.0,0.0,1233721.0,1260515.0
9847,67,3,2,23309.0,1212076.0,0.0,1212076.0,1238401.0
14291,63,3,2,23309.0,1212076.0,0.0,1212076.0,1238401.0
12670,58,3,2,23309.0,1212076.0,0.0,1212076.0,1238401.0
9838,59,3,2,23101.0,1201254.0,0.0,1201254.0,1227343.0
9201,63,3,2,23101.0,1201254.0,0.0,1201254.0,1227343.0
12942,66,3,2,22893.0,1190432.0,0.0,1190432.0,1216286.0
9357,67,3,2,22893.0,1190432.0,0.0,1190432.0,1216286.0
3347,63,3,2,22893.0,1190432.0,0.0,1190432.0,1216286.0
6847,74,3,2,22893.0,1190432.0,0.0,1190432.0,1216286.0
11623,53,3,2,22893.0,1190432.0,0.0,1190432.0,1216286.0
7316,56,3,2,22477.0,1168788.0,0.0,1168788.0,1194172.0
8676,74,3,2,22060.0,1147144.0,0.0,1147144.0,1172058.0
11071,58,3,2,22060.0,1147144.0,0.0,1147144.0,1172058.0
11466,63,3,2,22060.0,1147144.0,0.0,1147144.0,1172058.0
13236,54,3,2,22060.0,1147144.0,0.0,1147144.0,1172058.0
10212,68,3,2,22060.0,1147144.0,0.0,1147144.0,1172058.0
1634,59,3,2,22060.0,1147144.0,0.0,1147144.0,1172058.0
11592,58,3,2,21852.0,1136322.0,0.0,1136322.0,1161000.0
3724,66,3,2,21852.0,1136322.0,0.0,1136322.0,1161000.0
7887,67,3,2,21228.0,1103855.0,0.0,1103855.0,1127829.0
3165,63,3,2,21228.0,1103855.0,0.0,1103855.0,1127829.0
2067,54,3,2,21020.0,1093033.0,0.0,1093033.0,1116772.0
1355,63,3,2,21020.0,1093033.0,0.0,1093033.0,1116772.0
7820,67,3,2,20812.0,1082211.0,0.0,1082211.0,1105715.0
7159,53,3,2,20812.0,1082211.0,0.0,1082211.0,1105715.0
5872,55,3,2,20812.0,1082211.0,0.0,1082211.0,1105715.0
6857,66,3,2,20812.0,1082211.0,0.0,1082211.0,1105715.0
11609,66,3,2,20812.0,1082211.0,0.0,1082211.0,1105715.0
13667,67,3,2,20812.0,1082211.0,0.0,1082211.0,1105715.0
2867,71,3,2,20812.0,1082211.0,0.0,1082211.0,1105715.0
4040,71,3,2,20812.0,1082211.0,0.0,1082211.0,1105715.0
2638,72,3,2,20812.0,1082211.0,0.0,1082211.0,1105715.0
11828,72,3,2,20812.0,1082211.0,0.0,1082211.0,1105715.0
159,53,3,2,20812.0,1082211.0,0.0,1082211.0,1105715.0
6942,67,3,2,19771.0,1028100.0,0.0,1028100.0,1050429.0
3783,68,3,2,19771.0,1028100.0,0.0,1028100.0,1050429.0
9234,65,3,2,19771.0,1028100.0,0.0,1028100.0,1050429.0
3611,66,3,2,19771.0,1028100.0,0.0,1028100.0,1050429.0
12079,74,3,2,19771.0,1028100.0,0.0,1028100.0,1050429.0
12122,63,3,2,19771.0,1028100.0,0.0,1028100.0,1050429.0
3628,58,3,2,19771.0,1028100.0,0.0,1028100.0,1050429.0
13111,66,3,2,19771.0,1028100.0,0.0,1028100.0,1050429.0
499,54,3,2,19771.0,1028100.0,0.0,1028100.0,1050429.0
642,72,3,2,19771.0,1028100.0,0.0,1028100.0,1050429.0
1295,66,3,2,18731.0,973990.0,0.0,973990.0,995143.0
12243,74,3,2,18731.0,973990.0,0.0,973990.0,995143.0
7499,66,3,2,18731.0,973990.0,0.0,973990.0,995143.0
11366,67,3,2,18731.0,973990.0,0.0,973990.0,995143.0
8047,66,3,2,18522.0,963168.0,0.0,963168.0,984086.0
10964,53,3,2,17898.0,930701.0,0.0,930701.0,950915.0
2034,53,3,2,17690.0,919879.0,0.0,919879.0,939858.0
12100,53,3,2,17690.0,919879.0,0.0,919879.0,939858.0
3261,73,3,2,17690.0,919879.0,0.0,919879.0,939858.0
13912,74,3,2,17690.0,919879.0,0.0,919879.0,939858.0
7156,72,3,2,17690.0,919879.0,0.0,919879.0,939858.0
14308,68,3,2,17274.0,898235.0,0.0,898235.0,917743.0
3057,66,3,2,16649.0,865769.0,0.0,865769.0,884572.0
10480,67,3,2,16649.0,865769.0,0.0,865769.0,884572.0
10283,74,3,2,16649.0,865769.0,0.0,865769.0,884572.0
3008,59,3,2,16649.0,865769.0,0.0,865769.0,884572.0
1050,72,3,2,16649.0,865769.0,0.0,865769.0,884572.0
4897,71,3,2,16649.0,865769.0,0.0,865769.0,884572.0
6743,63,3,2,16649.0,865769.0,0.0,865769.0,884572.0
3250,65,3,2,16649.0,865769.0,292197.0,1157966.0,1183115.0
13751,67,3,2,16649.0,865769.0,0.0,865769.0,884572.0
13797,58,3,2,16649.0,865769.0,0.0,865769.0,884572.0
13496,74,3,2,16649.0,865769.0,0.0,865769.0,884572.0
12167,72,3,2,16649.0,865769.0,0.0,865769.0,884572.0
4411,52,3,2,16649.0,865769.0,0.0,865769.0,884572.0
975,74,3,2,16649.0,865769.0,0.0,865769.0,884572.0
2986,54,3,2,16649.0,865769.0,0.0,865769.0,884572.0
6477,72,3,2,16649.0,865769.0,0.0,865769.0,884572.0
7625,63,3,2,16649.0,865769.0,0.0,865769.0,884572.0
6191,68,3,2,16649.0,865769.0,0.0,865769.0,884572.0
12184,66,3,2,16649.0,865769.0,0.0,865769.0,884572.0
10803,73,3,2,15817.0,822480.0,0.0,822480.0,840343.0
13641,66,3,2,15401.0,800836.0,0.0,800836.0,818229.0
4573,65,3,2,15401.0,800836.0,0.0,800836.0,818229.0
8803,58,3,2,15401.0,800836.0,0.0,800836.0,818229.0
3869,52,3,2,15193.0,790014.0,0.0,790014.0,807172.0
1763,57,3,2,14984.0,779192.0,0.0,779192.0,796115.0
6659,67,3,2,14568.0,757548.0,0.0,757548.0,774000.0
5191,63,3,2,14568.0,757548.0,0.0,757548.0,774000.0
8428,67,3,2,14568.0,757548.0,0.0,757548.0,774000.0
7416,73,3,2,14568.0,757548.0,0.0,757548.0,774000.0
12191,67,3,2,14568.0,757548.0,0.0,757548.0,774000.0
11383,74,3,2,14568.0,757548.0,0.0,757548.0,774000.0
1539,52,3,2,14568.0,757548.0,0.0,757548.0,774000.0
7630,74,3,2,14360.0,746726.0,0.0,746726.0,762943.0
1263,71,3,2,14360.0,746726.0,0.0,746726.0,762943.0
4702,67,3,2,13736.0,714259.0,0.0,714259.0,729772.0
5519,56,3,2,13528.0,703437.0,0.0,703437.0,718715.0
4061,55,3,2,13320.0,692615.0,0.0,692615.0,707657.0
6172,65,3,2,13320.0,692615.0,0.0,692615.0,707657.0
1137,66,3,2,13320.0,692615.0,0.0,692615.0,707657.0
2629,68,3,2,13320.0,692615.0,0.0,692615.0,707657.0
11462,74,3,2,13320.0,692615.0,0.0,692615.0,707657.0
13579,58,3,2,13320.0,692615.0,0.0,692615.0,707657.0
3338,71,3,2,13320.0,692615.0,0.0,692615.0,707657.0
1950,55,3,2,13320.0,692615.0,0.0,692615.0,707657.0
4770,72,3,2,13320.0,692615.0,0.0,692615.0,707657.0
13101,63,3,2,13320.0,692615.0,0.0,692615.0,707657.0
10130,73,3,2,13320.0,692615.0,0.0,692615.0,707657.0
7172,66,3,2,13320.0,692615.0,0.0,692615.0,707657.0
13522,61,3,2,13320.0,692615.0,0.0,692615.0,707657.0
6048,74,3,2,12695.0,660149.0,0.0,660149.0,674486.0
1309,73,3,2,12695.0,660149.0,0.0,660149.0,674486.0
4110,52,3,2,12487.0,649327.0,0.0,649327.0,663429.0
12736,57,3,2,12487.0,649327.0,0.0,649327.0,663429.0
12935,71,3,2,12487.0,649327.0,0.0,649327.0,663429.0
982,53,3,2,12487.0,649327.0,0.0,649327.0,663429.0
9940,59,3,2,12487.0,649327.0,0.0,649327.0,663429.0
4304,58,3,2,12487.0,649327.0,0.0,649327.0,663429.0
3619,65,3,2,12487.0,649327.0,0.0,649327.0,663429.0
3510,72,3,2,12487.0,649327.0,0.0,649327.0,663429.0
4203,71,3,2,12487.0,649327.0,0.0,649327.0,663429.0
9787,66,3,2,12487.0,649327.0,0.0,649327.0,663429.0
11606,52,3,2,12487.0,649327.0,0.0,649327.0,663429.0
8757,52,3,2,12487.0,649327.0,0.0,649327.0,663429.0
12786,73,3,2,12071.0,627682.0,0.0,627682.0,641315.0
7701,72,3,2,12071.0,627682.0,0.0,627682.0,641315.0
7666,61,3,2,12071.0,627682.0,0.0,627682.0,641315.0
6185,72,3,2,11863.0,616860.0,0.0,616860.0,630257.0
1011,73,3,2,11446.0,595216.0,0.0,595216.0,608143.0
7904,52,3,2,11446.0,595216.0,0.0,595216.0,608143.0
2570,59,3,2,11238.0,584394.0,0.0,584394.0,597086.0
6135,71,3,2,11238.0,584394.0,0.0,584394.0,597086.0
9821,63,3,2,11030.0,573572.0,0.0,573572.0,586029.0
4407,55,3,2,11030.0,573572.0,0.0,573572.0,586029.0
5507,52,3,2,11030.0,573572.0,0.0,573572.0,586029.0
13672,52,3,2,11030.0,573572.0,0.0,573572.0,586029.0
9835,71,3,2,11030.0,573572.0,0.0,573572.0,586029.0
2398,74,3,2,11030.0,573572.0,0.0,573572.0,586029.0
9437,56,3,2,10822.0,562750.0,0.0,562750.0,574972.0
7535,63,3,2,10822.0,562750.0,0.0,562750.0,574972.0
10783,52,3,2,10406.0,541106.0,0.0,541106.0,552857.0
14061,59,3,2,10406.0,541106.0,0.0,541106.0,552857.0
7779,74,3,2,10406.0,541106.0,0.0,541106.0,552857.0
12282,73,3,2,10406.0,541106.0,0.0,541106.0,552857.0
7124,71,3,2,10406.0,541106.0,0.0,541106.0,552857.0
6351,58,3,2,10406.0,541106.0,0.0,541106.0,552857.0
7353,59,3,2,10406.0,541106.0,0.0,541106.0,552857.0
7673,74,3,2,10406.0,541106.0,0.0,541106.0,552857.0
1318,55,3,2,10406.0,541106.0,0.0,541106.0,552857.0
11325,71,3,2,10406.0,541106.0,0.0,541106.0,552857.0
725,72,3,2,9990.0,519461.0,0.0,519461.0,530743.0
13583,53,3,2,9990.0,519461.0,0.0,519461.0,530743.0
14492,72,3,2,9990.0,519461.0,0.0,519461.0,530743.0
11518,52,3,2,9990.0,519461.0,0.0,519461.0,530743.0
1927,65,3,2,9990.0,519461.0,0.0,519461.0,530743.0
10698,59,3,2,9990.0,519461.0,0.0,519461.0,530743.0
12376,52,3,2,9365.0,486995.0,0.0,486995.0,497572.0
4961,57,3,2,9365.0,486995.0,0.0,486995.0,497572.0
4582,59,3,2,9365.0,486995.0,0.0,486995.0,497572.0
8064,65,3,2,9365.0,486995.0,0.0,486995.0,497572.0
4526,52,3,2,9365.0,486995.0,0.0,486995.0,497572.0
12086,59,3,2,9365.0,486995.0,0.0,486995.0,497572.0
3294,65,3,2,9365.0,486995.0,0.0,486995.0,497572.0
329,72,3,2,9365.0,486995.0,0.0,486995.0,497572.0
8932,55,3,2,9365.0,486995.0,0.0,486995.0,497572.0
14246,58,3,2,8741.0,454529.0,0.0,454529.0,464400.0
9844,55,3,2,8741.0,454529.0,0.0,454529.0,464400.0
11944,52,3,2,8741.0,454529.0,0.0,454529.0,464400.0
9070,66,3,2,8741.0,454529.0,0.0,454529.0,464400.0
7818,57,3,2,8741.0,454529.0,0.0,454529.0,464400.0
14283,71,3,2,8741.0,454529.0,0.0,454529.0,464400.0
2568,73,3,2,8533.0,443707.0,0.0,443707.0,453343.0
9969,73,3,2,8533.0,443707.0,0.0,443707.0,453343.0
13602,57,3,2,8533.0,443707.0,0.0,443707.0,453343.0
11582,55,3,2,8533.0,443707.0,0.0,443707.0,453343.0
2618,57,3,2,8533.0,443707.0,0.0,443707.0,453343.0
9367,61,3,2,8533.0,443707.0,0.0,443707.0,453343.0
3515,52,3,2,8325.0,432884.0,0.0,432884.0,442286.0
9004,57,3,2,8325.0,432884.0,0.0,432884.0,442286.0
1272,58,3,2,8325.0,432884.0,0.0,432884.0,442286.0
5479,58,3,2,8325.0,432884.0,0.0,432884.0,442286.0
10861,59,3,2,8325.0,432884.0,0.0,432884.0,442286.0
9259,61,3,2,8325.0,432884.0,0.0,432884.0,442286.0
11370,61,3,2,8325.0,432884.0,0.0,432884.0,442286.0
7328,56,3,2,8325.0,432884.0,0.0,432884.0,442286.0
13862,63,3,2,8325.0,432884.0,0.0,432884.0,442286.0
9416,53,3,2,8325.0,432884.0,0.0,432884.0,442286.0
1560,53,3,2,8325.0,432884.0,0.0,432884.0,442286.0
11039,73,3,2,8325.0,432884.0,0.0,432884.0,442286.0
7296,65,3,2,7908.0,411240.0,0.0,411240.0,420172.0
4206,57,3,2,7908.0,411240.0,0.0,411240.0,420172.0
12248,59,3,2,7908.0,411240.0,0.0,411240.0,420172.0
9048,73,3,2,7908.0,411240.0,0.0,411240.0,420172.0
4078,58,3,2,7908.0,411240.0,0.0,411240.0,420172.0
5130,55,3,2,7908.0,411240.0,0.0,411240.0,420172.0
7687,55,3,2,7908.0,411240.0,0.0,411240.0,420172.0
3326,61,3,2,7908.0,411240.0,0.0,411240.0,420172.0
9717,55,3,2,7700.0,400418.0,0.0,400418.0,409114.0
10769,58,3,2,7700.0,400418.0,0.0,400418.0,409114.0
6497,66,3,2,7700.0,400418.0,0.0,400418.0,409114.0
9650,57,3,2,7700.0,400418.0,0.0,400418.0,409114.0
10100,72,3,2,7700.0,400418.0,0.0,400418.0,409114.0
13233,52,3,2,7700.0,400418.0,0.0,400418.0,409114.0
13171,65,3,2,7284.0,378774.0,0.0,378774.0,387000.0
9817,52,3,2,7284.0,378774.0,0.0,378774.0,387000.0
8500,59,3,2,7284.0,378774.0,0.0,378774.0,387000.0
13028,73,3,2,7076.0,367952.0,0.0,367952.0,375943.0
10847,71,3,2,6868.0,357130.0,0.0,357130.0,364886.0
6420,73,3,2,6660.0,346308.0,0.0,346308.0,353829.0
2613,57,3,2,6660.0,346308.0,0.0,346308.0,353829.0
4392,73,3,2,6660.0,346308.0,0.0,346308.0,353829.0
3028,72,3,2,6660.0,346308.0,0.0,346308.0,353829.0
8439,57,3,2,6660.0,346308.0,0.0,346308.0,353829.0
12663,65,3,2,6660.0,346308.0,0.0,346308.0,353829.0
11348,52,3,2,6660.0,346308.0,0.0,346308.0,353829.0
11580,55,3,2,6660.0,346308.0,0.0,346308.0,353829.0
2775,55,3,2,6660.0,346308.0,0.0,346308.0,353829.0
1923,59,3,2,6660.0,346308.0,0.0,346308.0,353829.0
2522,72,3,2,6660.0,346308.0,0.0,346308.0,353829.0
10408,58,3,2,6244.0,324663.0,0.0,324663.0,331714.0
10794,53,3,2,6244.0,324663.0,0.0,324663.0,331714.0
11839,52,3,2,6244.0,324663.0,0.0,324663.0,331714.0
1653,58,3,2,6244.0,324663.0,0.0,324663.0,331714.0
6815,61,3,2,6244.0,324663.0,0.0,324663.0,331714.0
711,56,3,2,6244.0,324663.0,0.0,324663.0,331714.0
2115,57,3,2,6244.0,324663.0,0.0,324663.0,331714.0
4776,52,3,2,6244.0,324663.0,0.0,324663.0,331714.0
7304,57,3,2,6035.0,313841.0,0.0,313841.0,320657.0
4554,59,3,2,6035.0,313841.0,0.0,313841.0,320657.0
8851,67,3,2,6035.0,313841.0,0.0,313841.0,320657.0
7619,55,3,2,6035.0,313841.0,0.0,313841.0,320657.0
12796,66,3,2,6035.0,313841.0,0.0,313841.0,320657.0
11376,55,3,2,5827.0,303019.0,0.0,303019.0,309600.0
13514,52,3,2,5619.0,292197.0,0.0,292197.0,298543.0
1859,61,3,2,5619.0,292197.0,0.0,292197.0,298543.0
8660,55,3,2,5619.0,292197.0,0.0,292197.0,298543.0
8171,68,3,2,5619.0,292197.0,0.0,292197.0,298543.0
4208,57,3,2,5619.0,292197.0,0.0,292197.0,298543.0
5169,67,3,2,5619.0,292197.0,0.0,292197.0,298543.0
9418,57,3,2,5619.0,292197.0,0.0,292197.0,298543.0
1857,72,3,2,5619.0,292197.0,0.0,292197.0,298543.0
3678,74,3,2,5203.0,270553.0,0.0,270553.0,276429.0
11159,57,3,2,5203.0,270553.0,0.0,270553.0,276429.0
4313,65,3,2,5203.0,270553.0,0.0,270553.0,276429.0
3812,58,3,2,5203.0,270553.0,0.0,270553.0,276429.0
8913,59,3,2,5203.0,270553.0,0.0,270553.0,276429.0
6165,61,3,2,5203.0,270553.0,0.0,270553.0,276429.0
13605,67,3,2,5203.0,270553.0,0.0,270553.0,276429.0
4242,67,3,2,5203.0,270553.0,0.0,270553.0,276429.0
7307,73,3,2,5203.0,270553.0,0.0,270553.0,276429.0
4087,65,3,2,5203.0,270553.0,0.0,270553.0,276429.0
4754,57,3,2,4995.0,259731.0,0.0,259731.0,265372.0
10291,55,3,2,4995.0,259731.0,0.0,259731.0,265372.0
13270,55,3,2,4995.0,259731.0,0.0,259731.0,265372.0
5952,65,3,2,4995.0,259731.0,0.0,259731.0,265372.0
3051,55,3,2,4787.0,248909.0,0.0,248909.0,254314.0
6041,72,3,2,4579.0,238086.0,0.0,238086.0,243257.0
10934,61,3,2,4579.0,238086.0,0.0,238086.0,243257.0
10817,61,3,2,4579.0,238086.0,0.0,238086.0,243257.0
13547,57,3,2,4579.0,238086.0,0.0,238086.0,243257.0
11431,72,3,2,4579.0,238086.0,0.0,238086.0,243257.0
8671,59,3,2,4370.0,227264.0,0.0,227264.0,232200.0
8682,67,3,2,4162.0,216442.0,0.0,216442.0,221143.0
4224,57,3,2,4162.0,216442.0,0.0,216442.0,221143.0
13151,61,3,2,4162.0,216442.0,0.0,216442.0,221143.0
11083,61,3,2,4162.0,216442.0,0.0,216442.0,221143.0
6411,58,3,2,4162.0,216442.0,0.0,216442.0,221143.0
701,57,3,2,4162.0,216442.0,0.0,216442.0,221143.0
8442,63,3,2,4162.0,216442.0,0.0,216442.0,221143.0
10880,55,3,2,4162.0,216442.0,0.0,216442.0,221143.0
6156,67,3,2,3954.0,205620.0,0.0,205620.0,210086.0
4533,63,3,2,3954.0,205620.0,0.0,205620.0,210086.0
4563,65,3,2,3954.0,205620.0,0.0,205620.0,210086.0
8249,65,3,2,3954.0,205620.0,0.0,205620.0,210086.0
8404,65,3,2,3954.0,205620.0,0.0,205620.0,210086.0
8012,71,3,2,3954.0,205620.0,0.0,205620.0,210086.0
10552,66,3,2,3954.0,205620.0,0.0,205620.0,210086.0
5756,73,3,2,3954.0,205620.0,0.0,205620.0,210086.0
7545,58,3,2,3954.0,205620.0,0.0,205620.0,210086.0
11594,65,3,2,3746.0,194798.0,0.0,194798.0,199029.0
12982,67,3,2,3746.0,194798.0,0.0,194798.0,199029.0
9476,57,3,2,3538.0,183976.0,0.0,183976.0,187972.0
9930,55,3,2,3538.0,183976.0,0.0,183976.0,187972.0
1144,57,3,2,3538.0,183976.0,0.0,183976.0,187972.0
7783,59,3,2,3538.0,183976.0,0.0,183976.0,187972.0
1143,55,3,2,3330.0,173154.0,0.0,173154.0,176914.0
2622,55,3,2,3330.0,173154.0,0.0,173154.0,176914.0
10791,74,3,2,3330.0,173154.0,0.0,173154.0,176914.0
2678,57,3,2,3330.0,173154.0,0.0,173154.0,176914.0
11857,65,3,2,3330.0,173154.0,0.0,173154.0,176914.0
9364,57,3,2,3122.0,162332.0,0.0,162332.0,165857.0
6183,61,3,2,3122.0,162332.0,0.0,162332.0,165857.0
9756,63,3,2,3122.0,162332.0,0.0,162332.0,165857.0
10435,63,3,2,3122.0,162332.0,0.0,162332.0,165857.0
295,55,3,2,3122.0,162332.0,0.0,162332.0,165857.0
10883,53,3,2,3122.0,162332.0,0.0,162332.0,165857.0
2587,61,3,2,3122.0,162332.0,0.0,162332.0,165857.0
14108,61,3,2,2914.0,151510.0,0.0,151510.0,154800.0
4054,61,3,2,2914.0,151510.0,0.0,151510.0,154800.0
4595,61,3,2,2914.0,151510.0,0.0,151510.0,154800.0
13536,55,3,2,2914.0,151510.0,0.0,151510.0,154800.0
11000,56,3,2,2706.0,140687.0,0.0,140687.0,143743.0
9657,65,3,2,2706.0,140687.0,0.0,140687.0,143743.0
12105,52,3,2,2706.0,140687.0,0.0,140687.0,143743.0
8996,56,3,2,2706.0,140687.0,0.0,140687.0,143743.0
7994,66,3,2,2706.0,140687.0,0.0,140687.0,143743.0
3315,65,3,2,2706.0,140687.0,0.0,140687.0,143743.0
5230,53,3,2,2706.0,140687.0,0.0,140687.0,143743.0
2924,66,3,2,2497.0,129865.0,0.0,129865.0,132686.0
6831,65,3,2,2289.0,119043.0,0.0,119043.0,121629.0
3175,66,3,2,2289.0,119043.0,0.0,119043.0,121629.0
10606,73,3,2,2081.0,108221.0,0.0,108221.0,110571.0
8167,71,3,2,2081.0,108221.0,0.0,108221.0,110571.0
12137,71,3,2,2081.0,108221.0,0.0,108221.0,110571.0
10613,55,3,2,2081.0,108221.0,0.0,108221.0,110571.0
240,61,3,2,2081.0,108221.0,0.0,108221.0,110571.0
89,56,3,2,2081.0,108221.0,0.0,108221.0,110571.0
1425,56,3,2,2081.0,108221.0,0.0,108221.0,110571.0
3958,57,3,2,1873.0,97399.0,0.0,97399.0,99514.0
6967,59,3,2,1665.0,86577.0,0.0,86577.0,88457.0
1689,53,3,2,1665.0,86577.0,0.0,86577.0,88457.0
3256,58,3,2,1665.0,86577.0,0.0,86577.0,88457.0
12923,58,3,2,1665.0,86577.0,0.0,86577.0,88457.0
13297,54,3,2,1665.0,86577.0,0.0,86577.0,88457.0
13654,54,3,2,1665.0,86577.0,0.0,86577.0,88457.0
3819,61,3,2,1665.0,86577.0,0.0,86577.0,88457.0
3811,65,3,2,1665.0,86577.0,0.0,86577.0,88457.0
5449,58,3,2,1665.0,86577.0,0.0,86577.0,88457.0
5322,58,3,2,1665.0,86577.0,0.0,86577.0,88457.0
11443,61,3,2,1665.0,86577.0,0.0,86577.0,88457.0
13853,74,3,2,1665.0,86577.0,0.0,86577.0,88457.0
12975,58,3,2,1665.0,86577.0,0.0,86577.0,88457.0
10856,58,3,2,1665.0,86577.0,0.0,86577.0,88457.0
13441,61,3,2,1665.0,86577.0,0.0,86577.0,88457.0
3768,73,3,2,1665.0,86577.0,0.0,86577.0,88457.0
8132,73,3,2,1457.0,75755.0,0.0,75755.0,77400.0
12909,67,3,2,1457.0,75755.0,0.0,75755.0,77400.0
10296,57,3,2,1457.0,75755.0,0.0,75755.0,77400.0
2850,65,3,2,1457.0,75755.0,0.0,75755.0,77400.0
6196,57,3,2,1457.0,75755.0,0.0,75755.0,77400.0
9759,59,3,2,1457.0,75755.0,0.0,75755.0,77400.0
10912,58,3,2,1457.0,75755.0,0.0,75755.0,77400.0
3097,58,3,2,1457.0,75755.0,0.0,75755.0,77400.0
9920,66,3,2,1249.0,64933.0,0.0,64933.0,66343.0
9745,65,3,2,1249.0,64933.0,0.0,64933.0,66343.0
14394,59,3,2,1249.0,64933.0,0.0,64933.0,66343.0
11316,56,3,2,1249.0,64933.0,0.0,64933.0,66343.0
10898,59,3,2,1249.0,64933.0,0.0,64933.0,66343.0
9911,59,3,2,1249.0,64933.0,0.0,64933.0,66343.0
4598,71,3,2,1249.0,64933.0,0.0,64933.0,66343.0
30,57,3,2,1249.0,64933.0,0.0,64933.0,66343.0
4730,61,3,2,1249.0,64933.0,0.0,64933.0,66343.0
3354,71,3,2,1249.0,64933.0,0.0,64933.0,66343.0
1329,71,3,2,1249.0,64933.0,0.0,64933.0,66343.0
7682,61,3,2,1249.0,64933.0,0.0,64933.0,66343.0
8076,61,3,2,1249.0,64933.0,0.0,64933.0,66343.0
8635,61,3,2,1249.0,64933.0,0.0,64933.0,66343.0
7593,59,3,2,1249.0,64933.0,0.0,64933.0,66343.0
10870,72,3,2,1249.0,64933.0,0.0,64933.0,66343.0
8749,53,3,2,1249.0,64933.0,0.0,64933.0,66343.0
9826,67,3,2,1249.0,64933.0,0.0,64933.0,66343.0
12761,61,3,2,1249.0,64933.0,0.0,64933.0,66343.0
1536,52,3,2,1249.0,64933.0,0.0,64933.0,66343.0
13542,61,3,2,1249.0,64933.0,0.0,64933.0,66343.0
1743,63,3,2,1249.0,64933.0,0.0,64933.0,66343.0
9053,63,3,2,1249.0,64933.0,0.0,64933.0,66343.0
9877,58,3,2,1249.0,64933.0,0.0,64933.0,66343.0
9915,52,3,2,1249.0,64933.0,0.0,64933.0,66343.0
8445,71,3,2,1249.0,64933.0,0.0,64933.0,66343.0
13622,63,3,2,1249.0,64933.0,0.0,64933.0,66343.0
8998,52,3,2,1249.0,64933.0,0.0,64933.0,66343.0
4264,57,3,2,1249.0,64933.0,0.0,64933.0,66343.0
2093,66,3,2,1249.0,64933.0,0.0,64933.0,66343.0
13563,68,3,2,1249.0,64933.0,0.0,64933.0,66343.0
13527,68,3,2,1249.0,64933.0,0.0,64933.0,66343.0
13436,57,3,2,1249.0,64933.0,0.0,64933.0,66343.0
10232,55,3,2,1249.0,64933.0,0.0,64933.0,66343.0
10279,55,3,2,1249.0,64933.0,0.0,64933.0,66343.0
10290,55,3,2,1249.0,64933.0,0.0,64933.0,66343.0
8241,71,3,2,1249.0,64933.0,0.0,64933.0,66343.0
7398,65,3,2,1041.0,54111.0,0.0,54111.0,55286.0
9767,57,3,2,1041.0,54111.0,0.0,54111.0,55286.0
5343,54,3,3,288223.0,14987592.0,0.0,14987592.0,14987592.0
8927,54,3,3,242107.0,12589577.0,0.0,12589577.0,12589577.0
7137,54,3,3,230578.0,11990073.0,0.0,11990073.0,11990073.0
12802,54,3,3,217527.0,11311390.0,0.0,11311390.0,11311390.0
6068,54,3,3,217527.0,11311390.0,3958986.0,15270376.0,15270376.0
7798,54,3,3,195992.0,10191562.0,0.0,10191562.0,10191562.0
13462,54,3,3,172934.0,8992555.0,1199007.0,10191562.0,10191562.0
8176,54,3,3,172934.0,8992555.0,2997518.0,11990073.0,11990073.0
878,54,3,3,172934.0,8992555.0,2997518.0,11990073.0,11990073.0
9964,54,3,3,155749.0,8098955.0,0.0,8098955.0,8098955.0
8128,54,3,3,149876.0,7793548.0,2398015.0,10191562.0,10191562.0
10136,54,3,3,138347.0,7194044.0,0.0,7194044.0,7194044.0
10808,56,3,3,115289.0,5995037.0,599504.0,6594540.0,6594540.0
3265,54,3,3,115289.0,5995037.0,0.0,5995037.0,5995037.0
6608,54,3,3,115289.0,5995037.0,1199007.0,7194044.0,7194044.0
12883,56,3,3,108763.0,5655695.0,0.0,5655695.0,5655695.0
5182,56,3,3,104413.0,5429467.0,0.0,5429467.0,5429467.0
7857,54,3,3,103760.0,5395533.0,0.0,5395533.0,5395533.0
12760,56,3,3,98105.0,5101437.0,0.0,5101437.0,5101437.0
10929,53,3,3,96799.0,5033569.0,0.0,5033569.0,5033569.0
11841,54,3,3,92231.0,4796029.0,0.0,4796029.0,4796029.0
3988,56,3,3,92231.0,4796029.0,0.0,4796029.0,4796029.0
3198,68,3,3,87011.0,4524556.0,1131139.0,5655695.0,5655695.0
1894,68,3,3,87011.0,4524556.0,0.0,4524556.0,4524556.0
9002,56,3,3,86576.0,4501933.0,0.0,4501933.0,4501933.0
473,53,3,3,82660.0,4298328.0,1798511.0,6096839.0,6096839.0
7293,56,3,3,80702.0,4196526.0,599504.0,4796029.0,4796029.0
14566,68,3,3,76134.0,3958986.0,0.0,3958986.0,3958986.0
7161,54,3,3,76134.0,3958986.0,0.0,3958986.0,3958986.0
715,54,3,3,75047.0,3902430.0,0.0,3902430.0,3902430.0
11390,53,3,3,69174.0,3597022.0,904911.0,4501933.0,4501933.0
14309,68,3,3,69174.0,3597022.0,2398015.0,5995037.0,5995037.0
13999,53,3,3,65258.0,3393417.0,0.0,3393417.0,3393417.0
14222,68,3,3,65258.0,3393417.0,0.0,3393417.0,3393417.0
8668,68,3,3,65258.0,3393417.0,0.0,3393417.0,3393417.0
8294,68,3,3,65258.0,3393417.0,0.0,3393417.0,3393417.0
1915,68,3,3,65258.0,3393417.0,0.0,3393417.0,3393417.0
9654,59,3,3,65258.0,3393417.0,848354.0,4241771.0,4241771.0
3730,53,3,3,65258.0,3393417.0,0.0,3393417.0,3393417.0
4187,53,3,3,65258.0,3393417.0,0.0,3393417.0,3393417.0
11322,56,3,3,65258.0,3393417.0,0.0,3393417.0,3393417.0
9814,74,3,3,65258.0,3393417.0,0.0,3393417.0,3393417.0
500,54,3,3,65258.0,3393417.0,0.0,3393417.0,3393417.0
11563,68,3,3,65258.0,3393417.0,0.0,3393417.0,3393417.0
14129,56,3,3,60907.0,3167189.0,0.0,3167189.0,3167189.0
452,53,3,3,60907.0,3167189.0,0.0,3167189.0,3167189.0
11589,59,3,3,60907.0,3167189.0,0.0,3167189.0,3167189.0
8373,74,3,3,59820.0,3110632.0,0.0,3110632.0,3110632.0
7317,56,3,3,57645.0,2997518.0,0.0,2997518.0,2997518.0
4075,54,3,3,57645.0,2997518.0,0.0,2997518.0,2997518.0
4404,56,3,3,57645.0,2997518.0,0.0,2997518.0,2997518.0
7493,56,3,3,57645.0,2997518.0,599504.0,3597022.0,3597022.0
9836,71,3,3,56557.0,2940961.0,0.0,2940961.0,2940961.0
2371,68,3,3,54382.0,2827847.0,0.0,2827847.0,2827847.0
9829,59,3,3,54382.0,2827847.0,0.0,2827847.0,2827847.0
10638,56,3,3,54382.0,2827847.0,0.0,2827847.0,2827847.0
8727,68,3,3,54382.0,2827847.0,0.0,2827847.0,2827847.0
381,67,3,3,54382.0,2827847.0,0.0,2827847.0,2827847.0
4111,71,3,3,54382.0,2827847.0,0.0,2827847.0,2827847.0
9333,53,3,3,54382.0,2827847.0,0.0,2827847.0,2827847.0
14062,59,3,3,52206.0,2714734.0,0.0,2714734.0,2714734.0
3339,71,3,3,52206.0,2714734.0,0.0,2714734.0,2714734.0
1264,71,3,3,52206.0,2714734.0,0.0,2714734.0,2714734.0
11812,56,3,3,51989.0,2703422.0,0.0,2703422.0,2703422.0
4612,53,3,3,51989.0,2703422.0,1798511.0,4501933.0,4501933.0
6824,53,3,3,50031.0,2601620.0,0.0,2601620.0,2601620.0
941,68,3,3,50031.0,2601620.0,0.0,2601620.0,2601620.0
2611,68,3,3,50031.0,2601620.0,0.0,2601620.0,2601620.0
5166,53,3,3,47856.0,2488506.0,0.0,2488506.0,2488506.0
718,71,3,3,47856.0,2488506.0,0.0,2488506.0,2488506.0
14302,68,3,3,46116.0,2398015.0,0.0,2398015.0,2398015.0
6447,53,3,3,46116.0,2398015.0,0.0,2398015.0,2398015.0
1164,63,3,3,45681.0,2375392.0,0.0,2375392.0,2375392.0
4588,67,3,3,45681.0,2375392.0,0.0,2375392.0,2375392.0
3396,63,3,3,45028.0,2341458.0,0.0,2341458.0,2341458.0
11624,53,3,3,43505.0,2262278.0,0.0,2262278.0,2262278.0
5428,54,3,3,43505.0,2262278.0,0.0,2262278.0,2262278.0
1626,74,3,3,43505.0,2262278.0,0.0,2262278.0,2262278.0
12440,54,3,3,43505.0,2262278.0,0.0,2262278.0,2262278.0
12470,56,3,3,43505.0,2262278.0,0.0,2262278.0,2262278.0
9819,56,3,3,43505.0,2262278.0,0.0,2262278.0,2262278.0
6564,74,3,3,43505.0,2262278.0,0.0,2262278.0,2262278.0
12160,67,3,3,43505.0,2262278.0,0.0,2262278.0,2262278.0
12076,68,3,3,43505.0,2262278.0,0.0,2262278.0,2262278.0
1148,74,3,3,43505.0,2262278.0,0.0,2262278.0,2262278.0
9839,59,3,3,43505.0,2262278.0,0.0,2262278.0,2262278.0
12101,53,3,3,43505.0,2262278.0,0.0,2262278.0,2262278.0
10616,67,3,3,41330.0,2149164.0,0.0,2149164.0,2149164.0
14386,74,3,3,41330.0,2149164.0,0.0,2149164.0,2149164.0
1079,68,3,3,40460.0,2103919.0,1199007.0,3302926.0,3302926.0
9900,52,3,3,40460.0,2103919.0,0.0,2103919.0,2103919.0
11009,63,3,3,40460.0,2103919.0,0.0,2103919.0,2103919.0
9170,58,3,3,40460.0,2103919.0,904911.0,3008830.0,3008830.0
5472,58,3,3,40460.0,2103919.0,904911.0,3008830.0,3008830.0
7694,58,3,3,40460.0,2103919.0,0.0,2103919.0,2103919.0
7323,67,3,3,39155.0,2036050.0,361964.0,2398015.0,2398015.0
13523,67,3,3,39155.0,2036050.0,0.0,2036050.0,2036050.0
983,53,3,3,39155.0,2036050.0,0.0,2036050.0,2036050.0
10719,68,3,3,39155.0,2036050.0,0.0,2036050.0,2036050.0
6181,59,3,3,39155.0,2036050.0,509013.0,2545063.0,2545063.0
3872,58,3,3,39155.0,2036050.0,0.0,2036050.0,2036050.0
10496,53,3,3,39155.0,2036050.0,0.0,2036050.0,2036050.0
9174,53,3,3,38067.0,1979493.0,0.0,1979493.0,1979493.0
6421,73,3,3,36980.0,1922936.0,0.0,1922936.0,1922936.0
8794,58,3,3,36980.0,1922936.0,0.0,1922936.0,1922936.0
1583,58,3,3,36980.0,1922936.0,339342.0,2262278.0,2262278.0
2362,56,3,3,35892.0,1866379.0,0.0,1866379.0,1866379.0
2999,56,3,3,34804.0,1809822.0,0.0,1809822.0,1809822.0
7470,74,3,3,34804.0,1809822.0,0.0,1809822.0,1809822.0
6836,67,3,3,34804.0,1809822.0,0.0,1809822.0,1809822.0
11864,58,3,3,34804.0,1809822.0,0.0,1809822.0,1809822.0
9049,73,3,3,34804.0,1809822.0,0.0,1809822.0,1809822.0
6129,56,3,3,34587.0,1798511.0,305408.0,2103919.0,2103919.0
10159,73,3,3,32629.0,1696708.0,0.0,1696708.0,1696708.0
160,63,3,3,32629.0,1696708.0,0.0,1696708.0,1696708.0
3844,68,3,3,32629.0,1696708.0,0.0,1696708.0,1696708.0
2571,59,3,3,32629.0,1696708.0,0.0,1696708.0,1696708.0
9994,58,3,3,32629.0,1696708.0,0.0,1696708.0,1696708.0
7297,71,3,3,32629.0,1696708.0,0.0,1696708.0,1696708.0
6136,71,3,3,32629.0,1696708.0,0.0,1696708.0,1696708.0
3780,71,3,3,32629.0,1696708.0,0.0,1696708.0,1696708.0
2525,71,3,3,32629.0,1696708.0,0.0,1696708.0,1696708.0
1632,71,3,3,32629.0,1696708.0,0.0,1696708.0,1696708.0
10419,66,3,3,32629.0,1696708.0,0.0,1696708.0,1696708.0
6887,53,3,3,32629.0,1696708.0,0.0,1696708.0,1696708.0
10286,67,3,3,32629.0,1696708.0,0.0,1696708.0,1696708.0
9710,74,3,3,32629.0,1696708.0,0.0,1696708.0,1696708.0
7688,67,3,3,32629.0,1696708.0,0.0,1696708.0,1696708.0
11208,63,3,3,32629.0,1696708.0,0.0,1696708.0,1696708.0
1589,68,3,3,32629.0,1696708.0,0.0,1696708.0,1696708.0
12727,74,3,3,32411.0,1685397.0,0.0,1685397.0,1685397.0
3859,58,3,3,32194.0,1674086.0,0.0,1674086.0,1674086.0
10804,73,3,3,30454.0,1583595.0,0.0,1583595.0,1583595.0
13188,52,3,3,30454.0,1583595.0,0.0,1583595.0,1583595.0
8142,73,3,3,30454.0,1583595.0,0.0,1583595.0,1583595.0
3029,72,3,3,30454.0,1583595.0,0.0,1583595.0,1583595.0
6010,66,3,3,30454.0,1583595.0,0.0,1583595.0,1583595.0
8546,72,3,3,30019.0,1560972.0,0.0,1560972.0,1560972.0
8664,53,3,3,30019.0,1560972.0,0.0,1560972.0,1560972.0
5090,56,3,3,28931.0,1504415.0,0.0,1504415.0,1504415.0
13123,67,3,3,28931.0,1504415.0,0.0,1504415.0,1504415.0
12170,58,3,3,28278.0,1470481.0,0.0,1470481.0,1470481.0
12185,66,3,3,28278.0,1470481.0,0.0,1470481.0,1470481.0
4741,52,3,3,28278.0,1470481.0,0.0,1470481.0,1470481.0
7656,68,3,3,28278.0,1470481.0,0.0,1470481.0,1470481.0
7704,72,3,3,27626.0,1436547.0,0.0,1436547.0,1436547.0
3949,53,3,3,27191.0,1413924.0,0.0,1413924.0,1413924.0
4527,52,3,3,26103.0,1357367.0,0.0,1357367.0,1357367.0
3612,66,3,3,26103.0,1357367.0,0.0,1357367.0,1357367.0
5480,58,3,3,26103.0,1357367.0,0.0,1357367.0,1357367.0
5622,63,3,3,26103.0,1357367.0,0.0,1357367.0,1357367.0
7905,52,3,3,26103.0,1357367.0,0.0,1357367.0,1357367.0
8114,63,3,3,26103.0,1357367.0,0.0,1357367.0,1357367.0
9355,73,3,3,26103.0,1357367.0,0.0,1357367.0,1357367.0
9212,52,3,3,26103.0,1357367.0,0.0,1357367.0,1357367.0
5951,71,3,3,26103.0,1357367.0,0.0,1357367.0,1357367.0
13937,63,3,3,26103.0,1357367.0,0.0,1357367.0,1357367.0
6396,52,3,3,26103.0,1357367.0,0.0,1357367.0,1357367.0
9202,63,3,3,24145.0,1255564.0,0.0,1255564.0,1255564.0
9358,67,3,3,23928.0,1244253.0,0.0,1244253.0,1244253.0
721,63,3,3,23928.0,1244253.0,0.0,1244253.0,1244253.0
12123,72,3,3,23928.0,1244253.0,0.0,1244253.0,1244253.0
7616,52,3,3,23928.0,1244253.0,0.0,1244253.0,1244253.0
5025,63,3,3,23928.0,1244253.0,0.0,1244253.0,1244253.0
12943,66,3,3,23928.0,1244253.0,0.0,1244253.0,1244253.0
3348,63,3,3,23928.0,1244253.0,0.0,1244253.0,1244253.0
6848,74,3,3,23928.0,1244253.0,0.0,1244253.0,1244253.0
11447,61,3,3,23058.0,1199007.0,0.0,1199007.0,1199007.0
13237,54,3,3,23058.0,1199007.0,0.0,1199007.0,1199007.0
8677,74,3,3,23058.0,1199007.0,0.0,1199007.0,1199007.0
11467,63,3,3,23058.0,1199007.0,0.0,1199007.0,1199007.0
3166,63,3,3,22188.0,1153762.0,0.0,1153762.0,1153762.0
1356,63,3,3,21970.0,1142450.0,0.0,1142450.0,1142450.0
13668,67,3,3,21753.0,1131139.0,0.0,1131139.0,1131139.0
11610,66,3,3,21753.0,1131139.0,0.0,1131139.0,1131139.0
2195,61,3,3,21753.0,1131139.0,0.0,1131139.0,1131139.0
12244,74,3,3,21753.0,1131139.0,0.0,1131139.0,1131139.0
3330,74,3,3,21753.0,1131139.0,0.0,1131139.0,1131139.0
8672,59,3,3,21753.0,1131139.0,0.0,1131139.0,1131139.0
2868,71,3,3,21753.0,1131139.0,0.0,1131139.0,1131139.0
4041,71,3,3,21753.0,1131139.0,0.0,1131139.0,1131139.0
11829,72,3,3,21753.0,1131139.0,0.0,1131139.0,1131139.0
2639,72,3,3,21753.0,1131139.0,0.0,1131139.0,1131139.0
6858,66,3,3,21753.0,1131139.0,0.0,1131139.0,1131139.0
7821,67,3,3,21753.0,1131139.0,0.0,1131139.0,1131139.0
5873,55,3,3,21753.0,1131139.0,0.0,1131139.0,1131139.0
3784,68,3,3,20665.0,1074582.0,0.0,1074582.0,1074582.0
1522,66,3,3,19577.0,1018025.0,0.0,1018025.0,1018025.0
5939,70,3,3,19577.0,1018025.0,0.0,1018025.0,1018025.0
1296,66,3,3,19577.0,1018025.0,0.0,1018025.0,1018025.0
754,52,3,3,19577.0,1018025.0,0.0,1018025.0,1018025.0
11377,59,3,3,19577.0,1018025.0,0.0,1018025.0,1018025.0
13112,66,3,3,19577.0,1018025.0,0.0,1018025.0,1018025.0
1860,61,3,3,19577.0,1018025.0,0.0,1018025.0,1018025.0
6186,72,3,3,19577.0,1018025.0,0.0,1018025.0,1018025.0
10785,61,3,3,19577.0,1018025.0,0.0,1018025.0,1018025.0
8006,72,3,3,18490.0,961468.0,0.0,961468.0,961468.0
7157,72,3,3,18490.0,961468.0,0.0,961468.0,961468.0
11384,74,3,3,17402.0,904911.0,0.0,904911.0,904911.0
6166,61,3,3,17402.0,904911.0,0.0,904911.0,904911.0
9760,59,3,3,17402.0,904911.0,0.0,904911.0,904911.0
1051,72,3,3,17402.0,904911.0,0.0,904911.0,904911.0
3870,52,3,3,17402.0,904911.0,0.0,904911.0,904911.0
4393,73,3,3,17402.0,904911.0,0.0,904911.0,904911.0
4097,70,3,3,17402.0,904911.0,0.0,904911.0,904911.0
3058,66,3,3,17402.0,904911.0,0.0,904911.0,904911.0
10481,67,3,3,17402.0,904911.0,0.0,904911.0,904911.0
3009,59,3,3,17402.0,904911.0,0.0,904911.0,904911.0
12192,67,3,3,17402.0,904911.0,0.0,904911.0,904911.0
6373,53,3,3,17402.0,904911.0,0.0,904911.0,904911.0
11596,67,3,3,17402.0,904911.0,0.0,904911.0,904911.0
241,61,3,3,17402.0,904911.0,0.0,904911.0,904911.0
10508,58,3,3,17402.0,904911.0,0.0,904911.0,904911.0
9051,73,3,3,17402.0,904911.0,0.0,904911.0,904911.0
8429,67,3,3,17402.0,904911.0,0.0,904911.0,904911.0
1080,73,3,3,17402.0,904911.0,0.0,904911.0,904911.0
13497,74,3,3,17402.0,904911.0,0.0,904911.0,904911.0
13798,58,3,3,17402.0,904911.0,0.0,904911.0,904911.0
6478,72,3,3,17402.0,904911.0,0.0,904911.0,904911.0
7626,63,3,3,17402.0,904911.0,0.0,904911.0,904911.0
1397,68,3,3,17402.0,904911.0,0.0,904911.0,904911.0
5563,55,3,3,17402.0,904911.0,0.0,904911.0,904911.0
2987,54,3,3,17402.0,904911.0,0.0,904911.0,904911.0
5504,66,3,3,16315.0,848354.0,0.0,848354.0,848354.0
13550,72,3,3,16315.0,848354.0,0.0,848354.0,848354.0
4934,55,3,3,16315.0,848354.0,0.0,848354.0,848354.0
10379,55,3,3,16315.0,848354.0,0.0,848354.0,848354.0
10281,66,3,3,16097.0,837043.0,0.0,837043.0,837043.0
13639,55,3,3,16097.0,837043.0,0.0,837043.0,837043.0
8742,68,3,3,15227.0,791797.0,0.0,791797.0,791797.0
5192,63,3,3,15227.0,791797.0,0.0,791797.0,791797.0
1540,52,3,3,15227.0,791797.0,0.0,791797.0,791797.0
9477,61,3,3,15227.0,791797.0,0.0,791797.0,791797.0
3485,52,3,3,15227.0,791797.0,0.0,791797.0,791797.0
10838,70,3,3,15227.0,791797.0,0.0,791797.0,791797.0
12164,63,3,3,15227.0,791797.0,0.0,791797.0,791797.0
8078,66,3,3,15227.0,791797.0,0.0,791797.0,791797.0
1951,55,3,3,15227.0,791797.0,0.0,791797.0,791797.0
3511,72,3,3,15227.0,791797.0,0.0,791797.0,791797.0
2892,55,3,3,15227.0,791797.0,0.0,791797.0,791797.0
6660,67,3,3,15227.0,791797.0,0.0,791797.0,791797.0
8870,70,3,3,15227.0,791797.0,0.0,791797.0,791797.0
969,71,3,3,15227.0,791797.0,0.0,791797.0,791797.0
7631,74,3,3,15009.0,780486.0,0.0,780486.0,780486.0
4703,67,3,3,14357.0,746552.0,0.0,746552.0,746552.0
5831,73,3,3,14357.0,746552.0,0.0,746552.0,746552.0
11435,66,3,3,14139.0,735240.0,0.0,735240.0,735240.0
1784,63,3,3,14139.0,735240.0,0.0,735240.0,735240.0
3178,70,3,3,14139.0,735240.0,0.0,735240.0,735240.0
7860,74,3,3,14139.0,735240.0,0.0,735240.0,735240.0
8767,74,3,3,14139.0,735240.0,0.0,735240.0,735240.0
4305,58,3,3,14139.0,735240.0,0.0,735240.0,735240.0
1616,68,3,3,14139.0,735240.0,0.0,735240.0,735240.0
4771,72,3,3,13922.0,723929.0,0.0,723929.0,723929.0
1138,66,3,3,13922.0,723929.0,0.0,723929.0,723929.0
4062,55,3,3,13922.0,723929.0,0.0,723929.0,723929.0
10131,73,3,3,13922.0,723929.0,0.0,723929.0,723929.0
13102,63,3,3,13922.0,723929.0,0.0,723929.0,723929.0
6049,74,3,3,13269.0,689995.0,0.0,689995.0,689995.0
7417,73,3,3,13269.0,689995.0,0.0,689995.0,689995.0
1310,73,3,3,13269.0,689995.0,0.0,689995.0,689995.0
14332,56,3,3,13052.0,678683.0,0.0,678683.0,678683.0
2545,52,3,3,13052.0,678683.0,0.0,678683.0,678683.0
9941,59,3,3,13052.0,678683.0,0.0,678683.0,678683.0
7667,61,3,3,13052.0,678683.0,0.0,678683.0,678683.0
712,56,3,3,13052.0,678683.0,0.0,678683.0,678683.0
5319,63,3,3,13052.0,678683.0,0.0,678683.0,678683.0
12283,73,3,3,13052.0,678683.0,0.0,678683.0,678683.0
8758,52,3,3,13052.0,678683.0,0.0,678683.0,678683.0
9788,66,3,3,13052.0,678683.0,0.0,678683.0,678683.0
2718,70,3,3,13052.0,678683.0,0.0,678683.0,678683.0
2265,58,3,3,13052.0,678683.0,0.0,678683.0,678683.0
1012,73,3,3,13052.0,678683.0,0.0,678683.0,678683.0
11607,52,3,3,13052.0,678683.0,0.0,678683.0,678683.0
4204,71,3,3,13052.0,678683.0,0.0,678683.0,678683.0
4052,59,3,3,13052.0,678683.0,0.0,678683.0,678683.0
4210,71,3,3,12617.0,656061.0,0.0,656061.0,656061.0
12787,73,3,3,12617.0,656061.0,0.0,656061.0,656061.0
7702,72,3,3,12617.0,656061.0,0.0,656061.0,656061.0
11014,73,3,3,11746.0,610815.0,0.0,610815.0,610815.0
4456,64,3,3,11529.0,599504.0,0.0,599504.0,599504.0
4408,55,3,3,11529.0,599504.0,0.0,599504.0,599504.0
2396,52,3,3,11529.0,599504.0,0.0,599504.0,599504.0
13656,72,3,3,10876.0,565570.0,0.0,565570.0,565570.0
13580,58,3,3,10876.0,565570.0,0.0,565570.0,565570.0
6105,70,3,3,10876.0,565570.0,0.0,565570.0,565570.0
11463,74,3,3,10876.0,565570.0,0.0,565570.0,565570.0
9912,59,3,3,10876.0,565570.0,0.0,565570.0,565570.0
2628,63,3,3,10876.0,565570.0,0.0,565570.0,565570.0
13555,55,3,3,10876.0,565570.0,0.0,565570.0,565570.0
10535,52,3,3,10876.0,565570.0,0.0,565570.0,565570.0
7125,71,3,3,10876.0,565570.0,0.0,565570.0,565570.0
2874,70,3,3,10876.0,565570.0,0.0,565570.0,565570.0
7354,59,3,3,10876.0,565570.0,0.0,565570.0,565570.0
1561,53,3,3,10876.0,565570.0,0.0,565570.0,565570.0
6721,59,3,3,10876.0,565570.0,0.0,565570.0,565570.0
10862,59,3,3,10876.0,565570.0,0.0,565570.0,565570.0
11326,71,3,3,10876.0,565570.0,0.0,565570.0,565570.0
7674,74,3,3,10876.0,565570.0,0.0,565570.0,565570.0
2191,54,3,3,10876.0,565570.0,1131139.0,1696708.0,1696708.0
7780,74,3,3,10876.0,565570.0,0.0,565570.0,565570.0
9368,61,3,3,10876.0,565570.0,0.0,565570.0,565570.0
6352,58,3,3,10876.0,565570.0,0.0,565570.0,565570.0
1319,55,3,3,10876.0,565570.0,0.0,565570.0,565570.0
10699,59,3,3,10441.0,542947.0,0.0,542947.0,542947.0
726,72,3,3,10441.0,542947.0,0.0,542947.0,542947.0
6767,64,3,3,9789.0,509013.0,0.0,509013.0,509013.0
12926,70,3,3,9789.0,509013.0,0.0,509013.0,509013.0
9151,72,3,3,9789.0,509013.0,0.0,509013.0,509013.0
10268,70,3,3,9789.0,509013.0,0.0,509013.0,509013.0
10996,70,3,3,9789.0,509013.0,0.0,509013.0,509013.0
4960,55,3,3,9789.0,509013.0,0.0,509013.0,509013.0
853,72,3,3,9789.0,509013.0,0.0,509013.0,509013.0
4583,59,3,3,9789.0,509013.0,0.0,509013.0,509013.0
5378,70,3,3,9789.0,509013.0,0.0,509013.0,509013.0
12087,59,3,3,9789.0,509013.0,0.0,509013.0,509013.0
6739,70,3,3,9789.0,509013.0,0.0,509013.0,509013.0
11945,52,3,3,9136.0,475078.0,0.0,475078.0,475078.0
14284,72,3,3,9136.0,475078.0,0.0,475078.0,475078.0
9845,55,3,3,9136.0,475078.0,0.0,475078.0,475078.0
9970,73,3,3,8919.0,463767.0,0.0,463767.0,463767.0
11583,55,3,3,8919.0,463767.0,0.0,463767.0,463767.0
7839,55,3,3,8701.0,452456.0,0.0,452456.0,452456.0
9260,61,3,3,8701.0,452456.0,0.0,452456.0,452456.0
1273,58,3,3,8701.0,452456.0,0.0,452456.0,452456.0
9210,74,3,3,8701.0,452456.0,0.0,452456.0,452456.0
1644,58,3,3,8701.0,452456.0,0.0,452456.0,452456.0
13029,73,3,3,8701.0,452456.0,0.0,452456.0,452456.0
7329,56,3,3,8701.0,452456.0,0.0,452456.0,452456.0
11371,61,3,3,8701.0,452456.0,0.0,452456.0,452456.0
14395,71,3,3,8701.0,452456.0,0.0,452456.0,452456.0
13201,64,3,3,8701.0,452456.0,0.0,452456.0,452456.0
1501,66,3,3,8701.0,452456.0,0.0,452456.0,452456.0
13863,63,3,3,8701.0,452456.0,0.0,452456.0,452456.0
4530,71,3,3,8701.0,452456.0,0.0,452456.0,452456.0
12558,52,3,3,8701.0,452456.0,0.0,452456.0,452456.0
1500,64,3,3,8701.0,452456.0,0.0,452456.0,452456.0
13024,61,3,3,8701.0,452456.0,0.0,452456.0,452456.0
1463,54,3,3,8701.0,452456.0,0.0,452456.0,452456.0
8777,64,3,3,8701.0,452456.0,0.0,452456.0,452456.0
10857,58,3,3,8701.0,452456.0,0.0,452456.0,452456.0
10795,53,3,3,8701.0,452456.0,0.0,452456.0,452456.0
862,56,3,3,8701.0,452456.0,0.0,452456.0,452456.0
9417,53,3,3,8701.0,452456.0,0.0,452456.0,452456.0
8169,72,3,3,8701.0,452456.0,0.0,452456.0,452456.0
4079,58,3,3,8266.0,429833.0,0.0,429833.0,429833.0
9718,55,3,3,8048.0,418521.0,0.0,418521.0,418521.0
10770,58,3,3,8048.0,418521.0,0.0,418521.0,418521.0
7877,68,3,3,7613.0,395899.0,0.0,395899.0,395899.0
8172,68,3,3,7613.0,395899.0,0.0,395899.0,395899.0
6843,54,3,3,7613.0,395899.0,0.0,395899.0,395899.0
8398,71,3,3,7613.0,395899.0,0.0,395899.0,395899.0
12985,70,3,3,7613.0,395899.0,0.0,395899.0,395899.0
6816,61,3,3,7613.0,395899.0,0.0,395899.0,395899.0
11801,71,3,3,7613.0,395899.0,0.0,395899.0,395899.0
7453,66,3,3,7613.0,395899.0,0.0,395899.0,395899.0
10848,71,3,3,7613.0,395899.0,0.0,395899.0,395899.0
1864,64,3,3,7396.0,384587.0,0.0,384587.0,384587.0
4745,61,3,3,6961.0,361964.0,0.0,361964.0,361964.0
13543,61,3,3,6961.0,361964.0,0.0,361964.0,361964.0
2776,55,3,3,6961.0,361964.0,0.0,361964.0,361964.0
13440,71,3,3,6961.0,361964.0,0.0,361964.0,361964.0
13554,64,3,3,6743.0,350653.0,0.0,350653.0,350653.0
4243,67,3,3,6526.0,339342.0,0.0,339342.0,339342.0
13498,68,3,3,6526.0,339342.0,0.0,339342.0,339342.0
8683,67,3,3,6526.0,339342.0,0.0,339342.0,339342.0
7308,73,3,3,6526.0,339342.0,0.0,339342.0,339342.0
3368,73,3,3,6526.0,339342.0,0.0,339342.0,339342.0
7529,70,3,3,6526.0,339342.0,0.0,339342.0,339342.0
11084,61,3,3,6526.0,339342.0,0.0,339342.0,339342.0
13442,61,3,3,6526.0,339342.0,0.0,339342.0,339342.0
8443,63,3,3,6526.0,339342.0,0.0,339342.0,339342.0
4832,54,3,3,6526.0,339342.0,0.0,339342.0,339342.0
6194,59,3,3,6526.0,339342.0,0.0,339342.0,339342.0
7546,58,3,3,6526.0,339342.0,0.0,339342.0,339342.0
4777,52,3,3,6526.0,339342.0,0.0,339342.0,339342.0
9374,64,3,3,6308.0,328030.0,0.0,328030.0,328030.0
4555,59,3,3,6308.0,328030.0,0.0,328030.0,328030.0
13423,64,3,3,6091.0,316719.0,0.0,316719.0,316719.0
6043,55,3,3,6091.0,316719.0,0.0,316719.0,316719.0
8501,59,3,3,6091.0,316719.0,0.0,316719.0,316719.0
1858,72,3,3,5873.0,305408.0,0.0,305408.0,305408.0
4099,70,3,3,5438.0,282785.0,0.0,282785.0,282785.0
8914,59,3,3,5438.0,282785.0,0.0,282785.0,282785.0
700,64,3,3,5438.0,282785.0,0.0,282785.0,282785.0
7569,73,3,3,5438.0,282785.0,0.0,282785.0,282785.0
11364,64,3,3,5438.0,282785.0,0.0,282785.0,282785.0
1771,74,3,3,5438.0,282785.0,0.0,282785.0,282785.0
2706,56,3,3,5438.0,282785.0,0.0,282785.0,282785.0
8168,71,3,3,5438.0,282785.0,0.0,282785.0,282785.0
13606,67,3,3,5438.0,282785.0,0.0,282785.0,282785.0
10604,71,3,3,5438.0,282785.0,0.0,282785.0,282785.0
1130,70,3,3,5438.0,282785.0,0.0,282785.0,282785.0
1854,74,3,3,5438.0,282785.0,0.0,282785.0,282785.0
7399,71,3,3,5438.0,282785.0,0.0,282785.0,282785.0
10174,74,3,3,5438.0,282785.0,0.0,282785.0,282785.0
3355,71,3,3,5438.0,282785.0,0.0,282785.0,282785.0
1159,72,3,3,5003.0,260162.0,0.0,260162.0,260162.0
12919,64,3,3,4786.0,248851.0,0.0,248851.0,248851.0
12678,70,3,3,4786.0,248851.0,0.0,248851.0,248851.0
8209,64,3,3,4786.0,248851.0,0.0,248851.0,248851.0
10935,61,3,3,4786.0,248851.0,0.0,248851.0,248851.0
7310,61,3,3,4786.0,248851.0,0.0,248851.0,248851.0
2925,66,3,3,4351.0,226228.0,0.0,226228.0,226228.0
7995,66,3,3,4351.0,226228.0,0.0,226228.0,226228.0
155,70,3,3,4351.0,226228.0,0.0,226228.0,226228.0
7982,70,3,3,4351.0,226228.0,0.0,226228.0,226228.0
3212,64,3,3,4351.0,226228.0,0.0,226228.0,226228.0
489,53,3,3,4351.0,226228.0,0.0,226228.0,226228.0
13152,61,3,3,4351.0,226228.0,0.0,226228.0,226228.0
9253,73,3,3,4351.0,226228.0,0.0,226228.0,226228.0
4495,56,3,3,4351.0,226228.0,0.0,226228.0,226228.0
7920,58,3,3,4351.0,226228.0,0.0,226228.0,226228.0
6412,58,3,3,4351.0,226228.0,0.0,226228.0,226228.0
12936,56,3,3,4351.0,226228.0,0.0,226228.0,226228.0
11362,55,3,3,4351.0,226228.0,0.0,226228.0,226228.0
10553,66,3,3,4133.0,214916.0,0.0,214916.0,214916.0
4534,63,3,3,4133.0,214916.0,0.0,214916.0,214916.0
8013,71,3,3,4133.0,214916.0,0.0,214916.0,214916.0
14578,67,3,3,4133.0,214916.0,0.0,214916.0,214916.0
2715,64,3,3,4133.0,214916.0,0.0,214916.0,214916.0
13118,71,3,3,4133.0,214916.0,0.0,214916.0,214916.0
5880,72,3,3,3915.0,203605.0,0.0,203605.0,203605.0
5870,64,3,3,3915.0,203605.0,0.0,203605.0,203605.0
2171,59,3,3,3915.0,203605.0,0.0,203605.0,203605.0
11135,58,3,3,3915.0,203605.0,0.0,203605.0,203605.0
13568,64,3,3,3915.0,203605.0,0.0,203605.0,203605.0
7784,59,3,3,3698.0,192294.0,0.0,192294.0,192294.0
14125,71,3,3,3480.0,180982.0,0.0,180982.0,180982.0
1574,63,3,3,3480.0,180982.0,0.0,180982.0,180982.0
8400,61,3,3,3480.0,180982.0,0.0,180982.0,180982.0
6039,63,3,3,3480.0,180982.0,0.0,180982.0,180982.0
3818,70,3,3,3480.0,180982.0,0.0,180982.0,180982.0
10792,74,3,3,3480.0,180982.0,0.0,180982.0,180982.0
2271,64,3,3,3480.0,180982.0,0.0,180982.0,180982.0
4059,63,3,3,3480.0,180982.0,0.0,180982.0,180982.0
2272,72,3,3,3480.0,180982.0,0.0,180982.0,180982.0
8107,61,3,3,3263.0,169671.0,0.0,169671.0,169671.0
14569,52,3,3,3263.0,169671.0,0.0,169671.0,169671.0
1839,70,3,3,3263.0,169671.0,0.0,169671.0,169671.0
10850,66,3,3,3263.0,169671.0,0.0,169671.0,169671.0
5396,52,3,3,3263.0,169671.0,0.0,169671.0,169671.0
5607,58,3,3,3263.0,169671.0,0.0,169671.0,169671.0
10141,73,3,3,3263.0,169671.0,0.0,169671.0,169671.0
12546,55,3,3,3263.0,169671.0,0.0,169671.0,169671.0
9757,63,3,3,3263.0,169671.0,0.0,169671.0,169671.0
7812,56,3,3,3263.0,169671.0,0.0,169671.0,169671.0
9561,55,3,3,3263.0,169671.0,0.0,169671.0,169671.0
13537,55,3,3,3045.0,158359.0,0.0,158359.0,158359.0
9244,64,3,3,3045.0,158359.0,0.0,158359.0,158359.0
14109,61,3,3,3045.0,158359.0,0.0,158359.0,158359.0
4516,70,3,3,3045.0,158359.0,0.0,158359.0,158359.0
12106,52,3,3,2828.0,147048.0,0.0,147048.0,147048.0
7997,64,3,3,2828.0,147048.0,0.0,147048.0,147048.0
10668,64,3,3,2828.0,147048.0,0.0,147048.0,147048.0
8997,56,3,3,2828.0,147048.0,0.0,147048.0,147048.0
11444,61,3,3,2610.0,135737.0,0.0,135737.0,135737.0
9783,66,3,3,2610.0,135737.0,0.0,135737.0,135737.0
9823,61,3,3,2610.0,135737.0,0.0,135737.0,135737.0
3609,64,3,3,2610.0,135737.0,0.0,135737.0,135737.0
8636,61,3,3,2610.0,135737.0,0.0,135737.0,135737.0
6968,59,3,3,2610.0,135737.0,0.0,135737.0,135737.0
11572,64,3,3,2393.0,124425.0,0.0,124425.0,124425.0
9748,64,3,3,2393.0,124425.0,0.0,124425.0,124425.0
3194,72,3,3,2175.0,113114.0,0.0,113114.0,113114.0
4535,64,3,3,2175.0,113114.0,0.0,113114.0,113114.0
14032,68,3,3,2175.0,113114.0,0.0,113114.0,113114.0
9514,74,3,3,2175.0,113114.0,0.0,113114.0,113114.0
10788,55,3,3,2175.0,113114.0,0.0,113114.0,113114.0
6215,71,3,3,2175.0,113114.0,0.0,113114.0,113114.0
10210,71,3,3,2175.0,113114.0,0.0,113114.0,113114.0
4096,70,3,3,2175.0,113114.0,0.0,113114.0,113114.0
11603,70,3,3,2175.0,113114.0,0.0,113114.0,113114.0
2961,52,3,3,2175.0,113114.0,0.0,113114.0,113114.0
11428,55,3,3,2175.0,113114.0,0.0,113114.0,113114.0
8678,63,3,3,1958.0,101803.0,0.0,101803.0,101803.0
10810,67,3,3,1958.0,101803.0,0.0,101803.0,101803.0
10900,70,3,3,1958.0,101803.0,0.0,101803.0,101803.0
4581,63,3,3,1740.0,90491.0,0.0,90491.0,90491.0
4731,61,3,3,1740.0,90491.0,0.0,90491.0,90491.0
13298,54,3,3,1740.0,90491.0,0.0,90491.0,90491.0
8993,64,3,3,1740.0,90491.0,0.0,90491.0,90491.0
12910,67,3,3,1523.0,79180.0,0.0,79180.0,79180.0
13623,63,3,3,1523.0,79180.0,0.0,79180.0,79180.0
3177,63,3,3,1523.0,79180.0,0.0,79180.0,79180.0
10352,70,3,3,1523.0,79180.0,0.0,79180.0,79180.0
12126,70,3,3,1523.0,79180.0,0.0,79180.0,79180.0
9387,70,3,3,1523.0,79180.0,0.0,79180.0,79180.0
97,70,3,3,1523.0,79180.0,0.0,79180.0,79180.0
8433,53,3,3,1523.0,79180.0,0.0,79180.0,79180.0
12290,70,3,3,1523.0,79180.0,0.0,79180.0,79180.0
9546,53,3,3,1523.0,79180.0,0.0,79180.0,79180.0
12696,70,3,3,1523.0,79180.0,0.0,79180.0,79180.0
2290,70,3,3,1523.0,79180.0,0.0,79180.0,79180.0
13060,70,3,3,1523.0,79180.0,0.0,79180.0,79180.0
1209,64,3,3,1523.0,79180.0,0.0,79180.0,79180.0
8133,73,3,3,1523.0,79180.0,0.0,79180.0,79180.0
2630,61,3,3,1523.0,79180.0,0.0,79180.0,79180.0
9054,64,3,3,1305.0,67868.0,0.0,67868.0,67868.0
10233,55,3,3,1305.0,67868.0,0.0,67868.0,67868.0
8446,71,3,3,1305.0,67868.0,0.0,67868.0,67868.0
1925,74,3,3,1305.0,67868.0,0.0,67868.0,67868.0
3183,74,3,3,1305.0,67868.0,0.0,67868.0,67868.0
8798,52,3,3,1305.0,67868.0,0.0,67868.0,67868.0
8085,55,3,3,1305.0,67868.0,0.0,67868.0,67868.0
1270,71,3,3,1305.0,67868.0,0.0,67868.0,67868.0
10280,55,3,3,1305.0,67868.0,0.0,67868.0,67868.0
9916,52,3,3,1305.0,67868.0,0.0,67868.0,67868.0
1643,64,3,3,1305.0,67868.0,0.0,67868.0,67868.0
13808,64,3,3,1088.0,56557.0,0.0,56557.0,56557.0
10905,52,3,3,1088.0,56557.0,0.0,56557.0,56557.0
11057,72,3,3,1088.0,56557.0,0.0,56557.0,56557.0
63,73,3,3,1088.0,56557.0,0.0,56557.0,56557.0
3659,87,4,1,145687.0,7575715.0,0.0,7575715.0,7767312.0
12585,89,4,1,199799.0,10389552.0,0.0,10389552.0,10652313.0
14280,87,4,1,135281.0,7034592.0,0.0,7034592.0,7212504.0
8145,87,4,1,135281.0,7034592.0,0.0,7034592.0,7212504.0
9007,86,4,1,124874.0,6493470.0,0.0,6493470.0,6657696.0
8020,86,4,1,124874.0,6493470.0,0.0,6493470.0,6657696.0
682,87,4,1,124874.0,6493470.0,0.0,6493470.0,6657696.0
12286,86,4,1,176905.0,9199082.0,0.0,9199082.0,9431735.0
11439,87,4,1,166499.0,8657960.0,2164490.0,10822450.0,11096159.0
5250,86,4,1,104062.0,5411225.0,0.0,5411225.0,5548080.0
3726,86,4,1,104062.0,5411225.0,0.0,5411225.0,5548080.0
10732,86,4,1,104062.0,5411225.0,0.0,5411225.0,5548080.0
2121,87,4,1,104062.0,5411225.0,1082245.0,6493470.0,6657696.0
4345,87,4,1,104062.0,5411225.0,0.0,5411225.0,5548080.0
7212,87,4,1,104062.0,5411225.0,0.0,5411225.0,5548080.0
4929,94,4,1,104062.0,5411225.0,0.0,5411225.0,5548080.0
8052,87,4,1,145687.0,7575715.0,541122.0,8116837.0,8322120.0
272,87,4,1,145687.0,7575715.0,2164490.0,9740205.0,9986543.0
1237,87,4,1,124874.0,6493470.0,1082245.0,7575715.0,7767312.0
10561,94,4,1,83250.0,4328980.0,0.0,4328980.0,4438464.0
2664,88,4,1,83250.0,4328980.0,0.0,4328980.0,4438464.0
5782,75,4,1,79087.0,4112531.0,216449.0,4328980.0,4438464.0
13114,86,4,1,79087.0,4112531.0,0.0,4112531.0,4216541.0
11452,94,4,1,79087.0,4112531.0,2380939.0,6493470.0,6657696.0
11679,91,4,1,72843.0,3787857.0,0.0,3787857.0,3883656.0
3020,87,4,1,72843.0,3787857.0,0.0,3787857.0,3883656.0
6618,86,4,1,72843.0,3787857.0,0.0,3787857.0,3883656.0
5007,94,4,1,72843.0,3787857.0,541122.0,4328980.0,4438464.0
13174,94,4,1,72843.0,3787857.0,0.0,3787857.0,3883656.0
8331,94,4,1,72843.0,3787857.0,541122.0,4328980.0,4438464.0
11770,75,4,1,104062.0,5411225.0,2164490.0,7575715.0,7767312.0
12831,75,4,1,97402.0,5064907.0,0.0,5064907.0,5193003.0
12804,88,4,1,66600.0,3463184.0,0.0,3463184.0,3550771.0
13278,94,4,1,93656.0,4870102.0,0.0,4870102.0,4993272.0
774,86,4,1,93656.0,4870102.0,0.0,4870102.0,4993272.0
10111,86,4,1,62437.0,3246735.0,0.0,3246735.0,3328848.0
10827,82,4,1,62437.0,3246735.0,1082245.0,4328980.0,4438464.0
548,75,4,1,62437.0,3246735.0,0.0,3246735.0,3328848.0
8164,94,4,1,62437.0,3246735.0,0.0,3246735.0,3328848.0
3577,97,4,1,62437.0,3246735.0,0.0,3246735.0,3328848.0
594,88,4,1,62437.0,3246735.0,432898.0,3679633.0,3772694.0
8920,87,4,1,62437.0,3246735.0,0.0,3246735.0,3328848.0
14021,91,4,1,88453.0,4599541.0,0.0,4599541.0,4715868.0
518,86,4,1,58275.0,3030286.0,0.0,3030286.0,3106925.0
2173,94,4,1,58275.0,3030286.0,757571.0,3787857.0,3883656.0
5433,91,4,1,83250.0,4328980.0,0.0,4328980.0,4438464.0
3526,75,4,1,83250.0,4328980.0,0.0,4328980.0,4438464.0
3034,87,4,1,83250.0,4328980.0,0.0,4328980.0,4438464.0
13361,75,4,1,83250.0,4328980.0,0.0,4328980.0,4438464.0
5400,86,4,1,79087.0,4112531.0,0.0,4112531.0,4216541.0
12625,75,4,1,52031.0,2705612.0,0.0,2705612.0,2774040.0
8580,88,4,1,52031.0,2705612.0,1082245.0,3787857.0,3883656.0
10138,91,4,1,52031.0,2705612.0,0.0,2705612.0,2774040.0
12158,86,4,1,52031.0,2705612.0,0.0,2705612.0,2774040.0
13502,75,4,1,52031.0,2705612.0,0.0,2705612.0,2774040.0
4976,91,4,1,52031.0,2705612.0,541122.0,3246735.0,3328848.0
12522,86,4,1,52031.0,2705612.0,0.0,2705612.0,2774040.0
4354,95,4,1,52031.0,2705612.0,0.0,2705612.0,2774040.0
2537,94,4,1,72843.0,3787857.0,0.0,3787857.0,3883656.0
4457,75,4,1,72843.0,3787857.0,0.0,3787857.0,3883656.0
1475,87,4,1,72843.0,3787857.0,0.0,3787857.0,3883656.0
1289,75,4,1,72843.0,3787857.0,0.0,3787857.0,3883656.0
11042,75,4,1,72843.0,3787857.0,324673.0,4112531.0,4216541.0
1123,97,4,1,49950.0,2597388.0,0.0,2597388.0,2663078.0
5074,91,4,1,49950.0,2597388.0,0.0,2597388.0,2663078.0
1095,94,4,1,49950.0,2597388.0,432898.0,3030286.0,3106925.0
9629,91,4,1,45787.0,2380939.0,0.0,2380939.0,2441155.0
1119,90,4,1,45787.0,2380939.0,0.0,2380939.0,2441155.0
3864,88,4,1,45787.0,2380939.0,0.0,2380939.0,2441155.0
12062,94,4,1,45787.0,2380939.0,0.0,2380939.0,2441155.0
9193,91,4,1,43706.0,2272714.0,0.0,2272714.0,2330193.0
7922,95,4,1,62437.0,3246735.0,0.0,3246735.0,3328848.0
10243,87,4,1,62437.0,3246735.0,0.0,3246735.0,3328848.0
28,87,4,1,62437.0,3246735.0,0.0,3246735.0,3328848.0
1075,86,4,1,62437.0,3246735.0,0.0,3246735.0,3328848.0
12387,94,4,1,62437.0,3246735.0,0.0,3246735.0,3328848.0
13163,90,4,1,41625.0,2164490.0,0.0,2164490.0,2219232.0
649,91,4,1,41625.0,2164490.0,541122.0,2705612.0,2774040.0
1111,96,4,1,41625.0,2164490.0,0.0,2164490.0,2219232.0
9908,76,4,1,41625.0,2164490.0,0.0,2164490.0,2219232.0
3225,75,4,1,41625.0,2164490.0,0.0,2164490.0,2219232.0
4350,86,4,1,41625.0,2164490.0,0.0,2164490.0,2219232.0
3042,86,4,1,41625.0,2164490.0,0.0,2164490.0,2219232.0
10062,75,4,1,58275.0,3030286.0,0.0,3030286.0,3106925.0
13091,91,4,1,58275.0,3030286.0,541122.0,3571408.0,3661733.0
9702,88,4,1,39544.0,2056265.0,0.0,2056265.0,2108270.0
9237,77,4,1,56193.0,2922061.0,0.0,2922061.0,2995963.0
1083,91,4,1,56193.0,2922061.0,324673.0,3246735.0,3328848.0
169,88,4,1,37462.0,1948041.0,0.0,1948041.0,1997309.0
9539,88,4,1,37462.0,1948041.0,0.0,1948041.0,1997309.0
3663,76,4,1,37462.0,1948041.0,0.0,1948041.0,1997309.0
5092,91,4,1,37462.0,1948041.0,0.0,1948041.0,1997309.0
8938,94,4,1,37462.0,1948041.0,0.0,1948041.0,1997309.0
9597,86,4,1,52031.0,2705612.0,0.0,2705612.0,2774040.0
1564,87,4,1,52031.0,2705612.0,0.0,2705612.0,2774040.0
13285,91,4,1,52031.0,2705612.0,0.0,2705612.0,2774040.0
4476,87,4,1,52031.0,2705612.0,0.0,2705612.0,2774040.0
3358,86,4,1,52031.0,2705612.0,0.0,2705612.0,2774040.0
11482,88,4,1,52031.0,2705612.0,0.0,2705612.0,2774040.0
3418,91,4,1,52031.0,2705612.0,0.0,2705612.0,2774040.0
1005,91,4,1,52031.0,2705612.0,0.0,2705612.0,2774040.0
10691,82,4,1,52031.0,2705612.0,0.0,2705612.0,2774040.0
8639,82,4,1,52031.0,2705612.0,0.0,2705612.0,2774040.0
10841,99,4,1,52031.0,2705612.0,0.0,2705612.0,2774040.0
13011,85,4,1,35381.0,1839816.0,0.0,1839816.0,1886347.0
8916,88,4,1,35381.0,1839816.0,0.0,1839816.0,1886347.0
1492,90,4,1,35381.0,1839816.0,0.0,1839816.0,1886347.0
1412,99,4,1,33300.0,1731592.0,0.0,1731592.0,1775385.0
7240,76,4,1,33300.0,1731592.0,0.0,1731592.0,1775385.0
12250,82,4,1,33300.0,1731592.0,0.0,1731592.0,1775385.0
4385,88,4,1,45787.0,2380939.0,0.0,2380939.0,2441155.0
2442,75,4,1,45787.0,2380939.0,0.0,2380939.0,2441155.0
12030,99,4,1,31219.0,1623367.0,0.0,1623367.0,1664424.0
3038,88,4,1,31219.0,1623367.0,541122.0,2164490.0,2219232.0
11737,75,4,1,31219.0,1623367.0,0.0,1623367.0,1664424.0
1364,82,4,1,31219.0,1623367.0,0.0,1623367.0,1664424.0
6439,76,4,1,31219.0,1623367.0,0.0,1623367.0,1664424.0
4653,86,4,1,31219.0,1623367.0,0.0,1623367.0,1664424.0
12132,86,4,1,31219.0,1623367.0,0.0,1623367.0,1664424.0
9692,87,4,1,31219.0,1623367.0,0.0,1623367.0,1664424.0
9682,87,4,1,31219.0,1623367.0,0.0,1623367.0,1664424.0
515,99,4,1,31219.0,1623367.0,0.0,1623367.0,1664424.0
4968,82,4,1,31219.0,1623367.0,432898.0,2056265.0,2108270.0
7526,99,4,1,29137.0,1515143.0,0.0,1515143.0,1553462.0
4860,82,4,1,29137.0,1515143.0,0.0,1515143.0,1553462.0
9256,90,4,1,41625.0,2164490.0,0.0,2164490.0,2219232.0
3714,76,4,1,41625.0,2164490.0,0.0,2164490.0,2219232.0
14610,94,4,1,41625.0,2164490.0,0.0,2164490.0,2219232.0
11632,75,4,1,41625.0,2164490.0,432898.0,2597388.0,2663078.0
9155,89,4,1,40584.0,2110378.0,0.0,2110378.0,2163751.0
9025,80,4,1,27056.0,1406918.0,0.0,1406918.0,1442501.0
813,82,4,1,27056.0,1406918.0,0.0,1406918.0,1442501.0
1383,95,4,1,27056.0,1406918.0,0.0,1406918.0,1442501.0
8435,88,4,1,27056.0,1406918.0,0.0,1406918.0,1442501.0
207,76,4,1,37462.0,1948041.0,0.0,1948041.0,1997309.0
8608,76,4,1,37462.0,1948041.0,0.0,1948041.0,1997309.0
4605,100,4,1,37462.0,1948041.0,0.0,1948041.0,1997309.0
2583,82,4,1,24975.0,1298694.0,0.0,1298694.0,1331539.0
4335,95,4,1,24975.0,1298694.0,0.0,1298694.0,1331539.0
2830,86,4,1,24975.0,1298694.0,0.0,1298694.0,1331539.0
14037,98,4,1,24975.0,1298694.0,0.0,1298694.0,1331539.0
13148,88,4,1,24975.0,1298694.0,0.0,1298694.0,1331539.0
11344,88,4,1,24975.0,1298694.0,0.0,1298694.0,1331539.0
10195,88,4,1,24975.0,1298694.0,0.0,1298694.0,1331539.0
2788,82,4,1,24975.0,1298694.0,0.0,1298694.0,1331539.0
1572,82,4,1,35381.0,1839816.0,0.0,1839816.0,1886347.0
6874,82,4,1,35381.0,1839816.0,0.0,1839816.0,1886347.0
12151,77,4,1,33300.0,1731592.0,0.0,1731592.0,1775385.0
13660,88,4,1,33300.0,1731592.0,0.0,1731592.0,1775385.0
7725,91,4,1,33300.0,1731592.0,0.0,1731592.0,1775385.0
11243,90,4,1,33300.0,1731592.0,0.0,1731592.0,1775385.0
7152,82,4,1,33300.0,1731592.0,0.0,1731592.0,1775385.0
10657,77,4,1,33300.0,1731592.0,0.0,1731592.0,1775385.0
12041,77,4,1,22894.0,1190470.0,0.0,1190470.0,1220578.0
13063,80,4,1,22894.0,1190470.0,0.0,1190470.0,1220578.0
9491,91,4,1,31219.0,1623367.0,0.0,1623367.0,1664424.0
12964,75,4,1,31219.0,1623367.0,0.0,1623367.0,1664424.0
3845,91,4,1,31219.0,1623367.0,0.0,1623367.0,1664424.0
13348,76,4,1,31219.0,1623367.0,0.0,1623367.0,1664424.0
13952,99,4,1,31219.0,1623367.0,0.0,1623367.0,1664424.0
4869,77,4,1,31219.0,1623367.0,0.0,1623367.0,1664424.0
3796,94,4,1,31219.0,1623367.0,0.0,1623367.0,1664424.0
1627,75,4,1,31219.0,1623367.0,0.0,1623367.0,1664424.0
2083,75,4,1,31219.0,1623367.0,0.0,1623367.0,1664424.0
12238,94,4,1,31219.0,1623367.0,0.0,1623367.0,1664424.0
13043,82,4,1,31219.0,1623367.0,0.0,1623367.0,1664424.0
3799,98,4,1,31219.0,1623367.0,0.0,1623367.0,1664424.0
3563,82,4,1,31219.0,1623367.0,0.0,1623367.0,1664424.0
14628,75,4,1,31219.0,1623367.0,0.0,1623367.0,1664424.0
7379,95,4,1,31219.0,1623367.0,0.0,1623367.0,1664424.0
1098,77,4,1,20812.0,1082245.0,0.0,1082245.0,1109616.0
12754,81,4,1,20812.0,1082245.0,216449.0,1298694.0,1331539.0
5102,95,4,1,20812.0,1082245.0,0.0,1082245.0,1109616.0
586,90,4,1,20812.0,1082245.0,0.0,1082245.0,1109616.0
12047,82,4,1,20812.0,1082245.0,0.0,1082245.0,1109616.0
1109,97,4,1,20812.0,1082245.0,0.0,1082245.0,1109616.0
623,80,4,1,20812.0,1082245.0,0.0,1082245.0,1109616.0
4162,99,4,1,20812.0,1082245.0,0.0,1082245.0,1109616.0
7632,77,4,1,20812.0,1082245.0,0.0,1082245.0,1109616.0
10991,99,4,1,20812.0,1082245.0,0.0,1082245.0,1109616.0
12600,99,4,1,20812.0,1082245.0,0.0,1082245.0,1109616.0
14364,99,4,1,20812.0,1082245.0,0.0,1082245.0,1109616.0
8339,81,4,1,20812.0,1082245.0,0.0,1082245.0,1109616.0
4357,87,4,1,20812.0,1082245.0,0.0,1082245.0,1109616.0
11779,76,4,1,20812.0,1082245.0,0.0,1082245.0,1109616.0
9279,76,4,1,20812.0,1082245.0,0.0,1082245.0,1109616.0
9188,76,4,1,20812.0,1082245.0,0.0,1082245.0,1109616.0
10751,87,4,1,20812.0,1082245.0,0.0,1082245.0,1109616.0
10755,87,4,1,20812.0,1082245.0,0.0,1082245.0,1109616.0
9076,100,4,1,20812.0,1082245.0,216449.0,1298694.0,1331539.0
5876,88,4,1,20812.0,1082245.0,0.0,1082245.0,1109616.0
7226,91,4,1,20812.0,1082245.0,216449.0,1298694.0,1331539.0
9591,88,4,1,20812.0,1082245.0,0.0,1082245.0,1109616.0
13716,75,4,1,20812.0,1082245.0,0.0,1082245.0,1109616.0
10745,88,4,1,20812.0,1082245.0,0.0,1082245.0,1109616.0
7368,75,4,1,20812.0,1082245.0,0.0,1082245.0,1109616.0
10759,90,4,1,20812.0,1082245.0,0.0,1082245.0,1109616.0
2064,95,4,1,29137.0,1515143.0,0.0,1515143.0,1553462.0
11540,99,4,1,29137.0,1515143.0,0.0,1515143.0,1553462.0
8315,77,4,1,18731.0,974020.0,0.0,974020.0,998654.0
8693,77,4,1,18731.0,974020.0,0.0,974020.0,998654.0
11834,86,4,1,18731.0,974020.0,0.0,974020.0,998654.0
3490,98,4,1,18731.0,974020.0,0.0,974020.0,998654.0
8579,95,4,1,18731.0,974020.0,0.0,974020.0,998654.0
4994,90,4,1,18731.0,974020.0,0.0,974020.0,998654.0
6334,81,4,1,18731.0,974020.0,0.0,974020.0,998654.0
3244,76,4,1,27056.0,1406918.0,0.0,1406918.0,1442501.0
10694,81,4,1,18731.0,974020.0,0.0,974020.0,998654.0
3440,94,4,1,26848.0,1396096.0,0.0,1396096.0,1431405.0
14240,95,4,1,25807.0,1341984.0,0.0,1341984.0,1375924.0
5177,97,4,1,17691.0,919908.0,0.0,919908.0,943174.0
5859,99,4,1,24975.0,1298694.0,0.0,1298694.0,1331539.0
7452,87,4,1,24975.0,1298694.0,0.0,1298694.0,1331539.0
1287,94,4,1,24975.0,1298694.0,0.0,1298694.0,1331539.0
8771,94,4,1,24975.0,1298694.0,0.0,1298694.0,1331539.0
8101,91,4,1,24975.0,1298694.0,0.0,1298694.0,1331539.0
10538,97,4,1,24975.0,1298694.0,0.0,1298694.0,1331539.0
2662,75,4,1,24975.0,1298694.0,0.0,1298694.0,1331539.0
446,98,4,1,16650.0,865796.0,0.0,865796.0,887693.0
7909,86,4,1,16650.0,865796.0,0.0,865796.0,887693.0
11673,82,4,1,16650.0,865796.0,0.0,865796.0,887693.0
10368,77,4,1,16650.0,865796.0,0.0,865796.0,887693.0
8228,81,4,1,16650.0,865796.0,0.0,865796.0,887693.0
4664,81,4,1,16650.0,865796.0,0.0,865796.0,887693.0
11617,91,4,1,16650.0,865796.0,0.0,865796.0,887693.0
3917,96,4,1,16650.0,865796.0,0.0,865796.0,887693.0
7044,76,4,1,16650.0,865796.0,0.0,865796.0,887693.0
5307,76,4,1,16650.0,865796.0,0.0,865796.0,887693.0
9626,90,4,1,16650.0,865796.0,0.0,865796.0,887693.0
9251,81,4,1,16650.0,865796.0,0.0,865796.0,887693.0
1942,76,4,1,16650.0,865796.0,0.0,865796.0,887693.0
5221,95,4,1,16650.0,865796.0,216449.0,1082245.0,1109616.0
4465,96,4,1,16650.0,865796.0,0.0,865796.0,887693.0
9605,75,4,1,16650.0,865796.0,0.0,865796.0,887693.0
6401,96,4,1,22894.0,1190470.0,0.0,1190470.0,1220578.0
8872,96,4,1,22894.0,1190470.0,0.0,1190470.0,1220578.0
198,77,4,1,15609.0,811684.0,0.0,811684.0,832212.0
4348,89,4,1,15609.0,811684.0,0.0,811684.0,832212.0
1762,98,4,1,14569.0,757571.0,0.0,757571.0,776731.0
10653,96,4,1,14569.0,757571.0,0.0,757571.0,776731.0
7659,85,4,1,14569.0,757571.0,0.0,757571.0,776731.0
3239,97,4,1,14569.0,757571.0,0.0,757571.0,776731.0
4658,77,4,1,14569.0,757571.0,0.0,757571.0,776731.0
14519,89,4,1,14569.0,757571.0,0.0,757571.0,776731.0
14112,80,4,1,14569.0,757571.0,0.0,757571.0,776731.0
13677,96,4,1,14569.0,757571.0,0.0,757571.0,776731.0
418,81,4,1,14569.0,757571.0,0.0,757571.0,776731.0
3981,98,4,1,14569.0,757571.0,162337.0,919908.0,943174.0
1450,81,4,1,14569.0,757571.0,0.0,757571.0,776731.0
13969,99,4,1,14569.0,757571.0,0.0,757571.0,776731.0
12246,97,4,1,14569.0,757571.0,0.0,757571.0,776731.0
10925,95,4,1,14569.0,757571.0,216449.0,974020.0,998654.0
5667,100,4,1,14569.0,757571.0,0.0,757571.0,776731.0
1393,75,4,1,14569.0,757571.0,0.0,757571.0,776731.0
13245,98,4,1,14569.0,757571.0,216449.0,974020.0,998654.0
12488,82,4,1,14569.0,757571.0,0.0,757571.0,776731.0
10119,94,4,1,20812.0,1082245.0,0.0,1082245.0,1109616.0
1615,89,4,1,20812.0,1082245.0,0.0,1082245.0,1109616.0
3573,95,4,1,20812.0,1082245.0,0.0,1082245.0,1109616.0
4935,100,4,1,20812.0,1082245.0,0.0,1082245.0,1109616.0
8506,82,4,1,20812.0,1082245.0,0.0,1082245.0,1109616.0
6566,76,4,1,20812.0,1082245.0,0.0,1082245.0,1109616.0
8602,88,4,1,20812.0,1082245.0,0.0,1082245.0,1109616.0
9163,88,4,1,20812.0,1082245.0,0.0,1082245.0,1109616.0
11924,81,4,1,20812.0,1082245.0,0.0,1082245.0,1109616.0
298,97,4,1,20812.0,1082245.0,0.0,1082245.0,1109616.0
766,75,4,1,20812.0,1082245.0,0.0,1082245.0,1109616.0
6472,98,4,1,20812.0,1082245.0,0.0,1082245.0,1109616.0
4617,75,4,1,20812.0,1082245.0,0.0,1082245.0,1109616.0
11669,99,4,1,20812.0,1082245.0,0.0,1082245.0,1109616.0
12142,100,4,1,20812.0,1082245.0,0.0,1082245.0,1109616.0
11353,90,4,1,14152.0,735927.0,0.0,735927.0,754539.0
8388,90,4,1,14152.0,735927.0,0.0,735927.0,754539.0
10829,77,4,1,20188.0,1049778.0,0.0,1049778.0,1076327.0
220,85,4,1,19980.0,1038955.0,0.0,1038955.0,1065231.0
5359,96,4,1,19564.0,1017310.0,0.0,1017310.0,1043039.0
9675,98,4,1,13528.0,703459.0,0.0,703459.0,721250.0
2815,80,4,1,18731.0,974020.0,0.0,974020.0,998654.0
1481,98,4,1,12904.0,670992.0,0.0,670992.0,687962.0
7149,77,4,1,18731.0,974020.0,0.0,974020.0,998654.0
175,100,4,1,18731.0,974020.0,0.0,974020.0,998654.0
7833,99,4,1,18731.0,974020.0,0.0,974020.0,998654.0
9095,88,4,1,18731.0,974020.0,0.0,974020.0,998654.0
1483,97,4,1,18731.0,974020.0,0.0,974020.0,998654.0
3674,95,4,1,18731.0,974020.0,0.0,974020.0,998654.0
2573,90,4,1,18107.0,941553.0,0.0,941553.0,965366.0
4989,85,4,1,12487.0,649347.0,0.0,649347.0,665770.0
12307,99,4,1,12487.0,649347.0,0.0,649347.0,665770.0
4492,81,4,1,12487.0,649347.0,0.0,649347.0,665770.0
3105,85,4,1,12487.0,649347.0,0.0,649347.0,665770.0
9082,76,4,1,12487.0,649347.0,0.0,649347.0,665770.0
2095,96,4,1,12487.0,649347.0,0.0,649347.0,665770.0
8447,82,4,1,12487.0,649347.0,0.0,649347.0,665770.0
12050,82,4,1,12487.0,649347.0,0.0,649347.0,665770.0
5201,81,4,1,12487.0,649347.0,0.0,649347.0,665770.0
4987,97,4,1,12487.0,649347.0,0.0,649347.0,665770.0
7873,96,4,1,12487.0,649347.0,0.0,649347.0,665770.0
9873,98,4,1,12487.0,649347.0,0.0,649347.0,665770.0
5881,95,4,1,12487.0,649347.0,0.0,649347.0,665770.0
11097,85,4,1,17899.0,930731.0,0.0,930731.0,954270.0
11502,97,4,1,17691.0,919908.0,0.0,919908.0,943174.0
5750,100,4,1,17691.0,919908.0,0.0,919908.0,943174.0
8420,90,4,1,11863.0,616880.0,0.0,616880.0,632481.0
2220,76,4,1,11655.0,606057.0,0.0,606057.0,621385.0
14127,100,4,1,16650.0,865796.0,0.0,865796.0,887693.0
8821,75,4,1,16650.0,865796.0,216449.0,1082245.0,1109616.0
14317,75,4,1,16650.0,865796.0,0.0,865796.0,887693.0
13432,85,4,1,16650.0,865796.0,0.0,865796.0,887693.0
12510,96,4,1,16650.0,865796.0,0.0,865796.0,887693.0
10567,99,4,1,16650.0,865796.0,0.0,865796.0,887693.0
4025,100,4,1,16650.0,865796.0,0.0,865796.0,887693.0
6032,100,4,1,16650.0,865796.0,0.0,865796.0,887693.0
8738,98,4,1,11447.0,595235.0,216449.0,811684.0,832212.0
13144,77,4,1,16234.0,844151.0,0.0,844151.0,865500.0
3920,95,4,1,16234.0,844151.0,0.0,844151.0,865500.0
1373,89,4,1,10822.0,562767.0,0.0,562767.0,577000.0
6532,77,4,1,15609.0,811684.0,0.0,811684.0,832212.0
11966,89,4,1,15193.0,790039.0,0.0,790039.0,810020.0
4342,85,4,1,10406.0,541122.0,0.0,541122.0,554808.0
2939,80,4,1,10406.0,541122.0,0.0,541122.0,554808.0
5590,96,4,1,10406.0,541122.0,0.0,541122.0,554808.0
2437,77,4,1,10406.0,541122.0,0.0,541122.0,554808.0
4257,96,4,1,10406.0,541122.0,0.0,541122.0,554808.0
11284,80,4,1,10406.0,541122.0,0.0,541122.0,554808.0
12040,97,4,1,10406.0,541122.0,0.0,541122.0,554808.0
9617,95,4,1,10406.0,541122.0,0.0,541122.0,554808.0
10033,85,4,1,10406.0,541122.0,0.0,541122.0,554808.0
9684,81,4,1,10406.0,541122.0,0.0,541122.0,554808.0
3233,85,4,1,10406.0,541122.0,0.0,541122.0,554808.0
5011,97,4,1,10406.0,541122.0,0.0,541122.0,554808.0
13002,89,4,1,10406.0,541122.0,0.0,541122.0,554808.0
10681,77,4,1,14569.0,757571.0,0.0,757571.0,776731.0
9905,99,4,1,14569.0,757571.0,0.0,757571.0,776731.0
5600,82,4,1,14569.0,757571.0,0.0,757571.0,776731.0
10993,94,4,1,14569.0,757571.0,0.0,757571.0,776731.0
7800,100,4,1,14569.0,757571.0,0.0,757571.0,776731.0
12615,100,4,1,14569.0,757571.0,0.0,757571.0,776731.0
6470,97,4,1,14569.0,757571.0,0.0,757571.0,776731.0
10106,85,4,1,14569.0,757571.0,0.0,757571.0,776731.0
14224,94,4,1,14569.0,757571.0,0.0,757571.0,776731.0
1090,90,4,1,9990.0,519478.0,0.0,519478.0,532616.0
1767,91,4,1,9366.0,487010.0,0.0,487010.0,499327.0
12486,98,4,1,9366.0,487010.0,0.0,487010.0,499327.0
3688,94,4,1,9366.0,487010.0,0.0,487010.0,499327.0
10541,100,4,1,13528.0,703459.0,0.0,703459.0,721250.0
9992,90,4,1,9366.0,487010.0,0.0,487010.0,499327.0
1768,96,4,1,9366.0,487010.0,0.0,487010.0,499327.0
12591,90,4,1,9366.0,487010.0,0.0,487010.0,499327.0
12208,100,4,1,12487.0,649347.0,0.0,649347.0,665770.0
9808,97,4,1,12487.0,649347.0,0.0,649347.0,665770.0
5761,85,4,1,12487.0,649347.0,0.0,649347.0,665770.0
7900,97,4,1,12487.0,649347.0,0.0,649347.0,665770.0
13917,90,4,1,12487.0,649347.0,0.0,649347.0,665770.0
3185,80,4,1,12487.0,649347.0,0.0,649347.0,665770.0
2449,80,4,1,12487.0,649347.0,0.0,649347.0,665770.0
13617,100,4,1,12487.0,649347.0,0.0,649347.0,665770.0
10197,87,4,1,12487.0,649347.0,0.0,649347.0,665770.0
2817,85,4,1,12487.0,649347.0,0.0,649347.0,665770.0
2106,76,4,1,12487.0,649347.0,0.0,649347.0,665770.0
13749,95,4,1,12071.0,627702.0,0.0,627702.0,643577.0
8347,82,4,1,8325.0,432898.0,0.0,432898.0,443846.0
4504,97,4,1,8325.0,432898.0,0.0,432898.0,443846.0
9043,90,4,1,8325.0,432898.0,0.0,432898.0,443846.0
3026,98,4,1,8325.0,432898.0,0.0,432898.0,443846.0
571,89,4,1,8325.0,432898.0,0.0,432898.0,443846.0
5981,98,4,1,8325.0,432898.0,0.0,432898.0,443846.0
3305,99,4,1,8325.0,432898.0,0.0,432898.0,443846.0
7623,98,4,1,8325.0,432898.0,0.0,432898.0,443846.0
581,96,4,1,8325.0,432898.0,0.0,432898.0,443846.0
2766,80,4,1,8325.0,432898.0,0.0,432898.0,443846.0
7575,98,4,1,11447.0,595235.0,0.0,595235.0,610289.0
11005,85,4,1,11447.0,595235.0,0.0,595235.0,610289.0
4248,85,4,1,7284.0,378786.0,0.0,378786.0,388366.0
9696,90,4,1,7284.0,378786.0,0.0,378786.0,388366.0
5112,89,4,1,7284.0,378786.0,0.0,378786.0,388366.0
9323,81,4,1,7284.0,378786.0,0.0,378786.0,388366.0
7190,85,4,1,7284.0,378786.0,0.0,378786.0,388366.0
6573,89,4,1,10406.0,541122.0,0.0,541122.0,554808.0
11861,76,4,1,10406.0,541122.0,0.0,541122.0,554808.0
7953,89,4,1,10406.0,541122.0,0.0,541122.0,554808.0
3213,99,4,1,10406.0,541122.0,0.0,541122.0,554808.0
6480,96,4,1,10406.0,541122.0,541122.0,1082245.0,1109616.0
275,85,4,1,10406.0,541122.0,0.0,541122.0,554808.0
752,89,4,1,10406.0,541122.0,0.0,541122.0,554808.0
6431,77,4,1,10406.0,541122.0,0.0,541122.0,554808.0
8643,80,4,1,10406.0,541122.0,0.0,541122.0,554808.0
7107,85,4,1,10406.0,541122.0,0.0,541122.0,554808.0
9384,100,4,1,10406.0,541122.0,0.0,541122.0,554808.0
11552,81,4,1,10406.0,541122.0,0.0,541122.0,554808.0
4543,95,4,1,10406.0,541122.0,0.0,541122.0,554808.0
12566,87,4,1,10406.0,541122.0,0.0,541122.0,554808.0
13836,81,4,1,10406.0,541122.0,0.0,541122.0,554808.0
9977,77,4,1,10406.0,541122.0,0.0,541122.0,554808.0
2306,90,4,1,10198.0,530300.0,0.0,530300.0,543712.0
9587,80,4,1,6868.0,357141.0,0.0,357141.0,366173.0
4814,90,4,1,6868.0,357141.0,0.0,357141.0,366173.0
3392,85,4,1,9782.0,508655.0,0.0,508655.0,521519.0
6728,80,4,1,9366.0,487010.0,0.0,487010.0,499327.0
9463,97,4,1,6452.0,335496.0,0.0,335496.0,343981.0
4329,89,4,1,6244.0,324673.0,0.0,324673.0,332885.0
11660,89,4,1,6244.0,324673.0,0.0,324673.0,332885.0
8313,89,4,1,6244.0,324673.0,0.0,324673.0,332885.0
5056,76,4,1,6244.0,324673.0,0.0,324673.0,332885.0
7543,89,4,1,6244.0,324673.0,0.0,324673.0,332885.0
4836,77,4,1,6244.0,324673.0,0.0,324673.0,332885.0
4253,87,4,1,6244.0,324673.0,0.0,324673.0,332885.0
2291,87,4,1,6244.0,324673.0,0.0,324673.0,332885.0
2139,99,4,1,6244.0,324673.0,0.0,324673.0,332885.0
10662,94,4,1,6244.0,324673.0,0.0,324673.0,332885.0
13689,81,4,1,6244.0,324673.0,0.0,324673.0,332885.0
8335,95,4,1,6244.0,324673.0,0.0,324673.0,332885.0
12145,81,4,1,6244.0,324673.0,0.0,324673.0,332885.0
2973,98,4,1,6244.0,324673.0,0.0,324673.0,332885.0
4743,80,4,1,6244.0,324673.0,0.0,324673.0,332885.0
3890,81,4,1,6244.0,324673.0,0.0,324673.0,332885.0
9986,80,4,1,6244.0,324673.0,0.0,324673.0,332885.0
9032,89,4,1,6036.0,313851.0,0.0,313851.0,321789.0
10144,90,4,1,8533.0,443720.0,0.0,443720.0,454943.0
9875,96,4,1,5827.0,303029.0,0.0,303029.0,310692.0
11717,98,4,1,8325.0,432898.0,0.0,432898.0,443846.0
9918,97,4,1,8325.0,432898.0,0.0,432898.0,443846.0
8201,77,4,1,8325.0,432898.0,0.0,432898.0,443846.0
8652,88,4,1,8325.0,432898.0,0.0,432898.0,443846.0
7991,95,4,1,8325.0,432898.0,0.0,432898.0,443846.0
4100,95,4,1,8325.0,432898.0,0.0,432898.0,443846.0
9926,96,4,1,8325.0,432898.0,0.0,432898.0,443846.0
8033,100,4,1,8325.0,432898.0,0.0,432898.0,443846.0
4930,77,4,1,8325.0,432898.0,0.0,432898.0,443846.0
8326,85,4,1,5619.0,292206.0,0.0,292206.0,299596.0
14058,95,4,1,5619.0,292206.0,0.0,292206.0,299596.0
12324,97,4,1,7909.0,411253.0,0.0,411253.0,421654.0
4502,90,4,1,5203.0,270561.0,0.0,270561.0,277404.0
4822,89,4,1,5203.0,270561.0,0.0,270561.0,277404.0
12988,98,4,1,5203.0,270561.0,0.0,270561.0,277404.0
522,85,4,1,5203.0,270561.0,0.0,270561.0,277404.0
3413,85,4,1,5203.0,270561.0,0.0,270561.0,277404.0
12997,85,4,1,5203.0,270561.0,0.0,270561.0,277404.0
14425,85,4,1,5203.0,270561.0,0.0,270561.0,277404.0
12523,81,4,1,5203.0,270561.0,0.0,270561.0,277404.0
5233,99,4,1,5203.0,270561.0,0.0,270561.0,277404.0
13688,96,4,1,5203.0,270561.0,0.0,270561.0,277404.0
3575,95,4,1,7284.0,378786.0,0.0,378786.0,388366.0
4129,98,4,1,7284.0,378786.0,0.0,378786.0,388366.0
11227,80,4,1,7284.0,378786.0,0.0,378786.0,388366.0
3079,90,4,1,4995.0,259739.0,0.0,259739.0,266308.0
532,99,4,1,4579.0,238094.0,0.0,238094.0,244116.0
11799,98,4,1,6452.0,335496.0,86580.0,422076.0,432750.0
5313,95,4,1,4371.0,227271.0,0.0,227271.0,233019.0
12745,81,4,1,6244.0,324673.0,0.0,324673.0,332885.0
354,85,4,1,6244.0,324673.0,0.0,324673.0,332885.0
11473,85,4,1,6244.0,324673.0,0.0,324673.0,332885.0
6602,98,4,1,6244.0,324673.0,0.0,324673.0,332885.0
6627,77,4,1,6244.0,324673.0,0.0,324673.0,332885.0
3884,80,4,1,6244.0,324673.0,0.0,324673.0,332885.0
494,82,4,1,6244.0,324673.0,0.0,324673.0,332885.0
3015,100,4,1,4162.0,216449.0,0.0,216449.0,221923.0
4389,80,4,1,4162.0,216449.0,0.0,216449.0,221923.0
10321,80,4,1,4162.0,216449.0,0.0,216449.0,221923.0
3734,94,4,1,4162.0,216449.0,0.0,216449.0,221923.0
11657,94,4,1,4162.0,216449.0,0.0,216449.0,221923.0
9987,82,4,1,4162.0,216449.0,0.0,216449.0,221923.0
10300,89,4,1,6036.0,313851.0,0.0,313851.0,321789.0
8391,97,4,1,4162.0,216449.0,0.0,216449.0,221923.0
4365,98,4,1,4162.0,216449.0,0.0,216449.0,221923.0
2785,94,4,1,4162.0,216449.0,0.0,216449.0,221923.0
5100,90,4,1,3954.0,205627.0,0.0,205627.0,210827.0
3959,96,4,1,5619.0,292206.0,0.0,292206.0,299596.0
10426,97,4,1,3746.0,194804.0,0.0,194804.0,199731.0
600,91,4,1,3746.0,194804.0,0.0,194804.0,199731.0
12596,81,4,1,3746.0,194804.0,0.0,194804.0,199731.0
8232,81,4,1,5203.0,270561.0,0.0,270561.0,277404.0
3471,95,4,1,5203.0,270561.0,0.0,270561.0,277404.0
12484,98,4,1,5203.0,270561.0,0.0,270561.0,277404.0
8147,100,4,1,5203.0,270561.0,0.0,270561.0,277404.0
3383,75,4,1,4995.0,259739.0,0.0,259739.0,266308.0
11337,95,4,1,3330.0,173159.0,0.0,173159.0,177539.0
11556,98,4,1,3122.0,162337.0,0.0,162337.0,166442.0
9337,96,4,1,3122.0,162337.0,0.0,162337.0,166442.0
4164,90,4,1,3122.0,162337.0,0.0,162337.0,166442.0
617,86,4,1,3122.0,162337.0,0.0,162337.0,166442.0
9306,97,4,1,3122.0,162337.0,0.0,162337.0,166442.0
3378,100,4,1,3122.0,162337.0,0.0,162337.0,166442.0
4974,80,4,1,4162.0,216449.0,0.0,216449.0,221923.0
14201,99,4,1,4162.0,216449.0,0.0,216449.0,221923.0
9197,96,4,1,4162.0,216449.0,0.0,216449.0,221923.0
3931,98,4,1,4162.0,216449.0,0.0,216449.0,221923.0
4710,90,4,1,2706.0,140692.0,0.0,140692.0,144250.0
4452,100,4,1,3746.0,194804.0,0.0,194804.0,199731.0
10656,96,4,1,2081.0,108224.0,0.0,108224.0,110962.0
2144,97,4,1,2081.0,108224.0,0.0,108224.0,110962.0
1974,100,4,1,3122.0,162337.0,0.0,162337.0,166442.0
8325,96,4,1,2081.0,108224.0,0.0,108224.0,110962.0
4225,81,4,1,2081.0,108224.0,0.0,108224.0,110962.0
527,82,4,1,2081.0,108224.0,0.0,108224.0,110962.0
4679,76,4,1,2081.0,108224.0,0.0,108224.0,110962.0
13599,98,4,1,3122.0,162337.0,0.0,162337.0,166442.0
6704,89,4,1,2081.0,108224.0,0.0,108224.0,110962.0
6304,85,4,1,3122.0,162337.0,0.0,162337.0,166442.0
9041,80,4,1,2081.0,108224.0,0.0,108224.0,110962.0
3893,80,4,1,2081.0,108224.0,0.0,108224.0,110962.0
5188,95,4,1,2081.0,108224.0,0.0,108224.0,110962.0
13699,89,4,1,2081.0,108224.0,0.0,108224.0,110962.0
9198,88,4,1,2081.0,108224.0,0.0,108224.0,110962.0
5002,91,4,1,2081.0,108224.0,0.0,108224.0,110962.0
2996,89,4,1,3122.0,162337.0,0.0,162337.0,166442.0
1107,90,4,1,1873.0,97402.0,0.0,97402.0,99865.0
8160,80,4,1,1665.0,86580.0,0.0,86580.0,88769.0
4337,89,4,1,1665.0,86580.0,0.0,86580.0,88769.0
13009,96,4,1,1665.0,86580.0,0.0,86580.0,88769.0
5013,80,4,1,1665.0,86580.0,0.0,86580.0,88769.0
5977,81,4,1,1665.0,86580.0,0.0,86580.0,88769.0
7853,81,4,1,1665.0,86580.0,0.0,86580.0,88769.0
568,90,4,1,1665.0,86580.0,0.0,86580.0,88769.0
4948,96,4,1,1665.0,86580.0,0.0,86580.0,88769.0
10741,81,4,1,1665.0,86580.0,0.0,86580.0,88769.0
14274,89,4,1,1665.0,86580.0,0.0,86580.0,88769.0
1669,100,4,1,2497.0,129869.0,0.0,129869.0,133154.0
7916,89,4,1,2081.0,108224.0,0.0,108224.0,110962.0
2159,96,4,1,2081.0,108224.0,0.0,108224.0,110962.0
3426,88,4,1,2081.0,108224.0,0.0,108224.0,110962.0
72,97,4,1,1873.0,97402.0,0.0,97402.0,99865.0
13939,89,4,1,1873.0,97402.0,0.0,97402.0,99865.0
59,96,4,1,1249.0,64935.0,0.0,64935.0,66577.0
565,97,4,1,1249.0,64935.0,0.0,64935.0,66577.0
9707,86,4,1,1249.0,64935.0,0.0,64935.0,66577.0
9985,99,4,1,1249.0,64935.0,0.0,64935.0,66577.0
8396,99,4,1,1249.0,64935.0,0.0,64935.0,66577.0
3932,97,4,1,1665.0,86580.0,0.0,86580.0,88769.0
7426,77,4,1,1041.0,54112.0,0.0,54112.0,55481.0
3014,96,4,1,1041.0,54112.0,0.0,54112.0,55481.0
4509,85,4,1,1041.0,54112.0,0.0,54112.0,55481.0
1151,99,4,1,1041.0,54112.0,0.0,54112.0,55481.0
11118,77,4,1,1041.0,54112.0,0.0,54112.0,55481.0
13930,86,4,1,1041.0,54112.0,0.0,54112.0,55481.0
3240,91,4,1,1041.0,54112.0,0.0,54112.0,55481.0
1405,77,4,1,1041.0,54112.0,0.0,54112.0,55481.0
5547,85,4,1,833.0,43290.0,0.0,43290.0,44385.0
9637,76,4,1,833.0,43290.0,0.0,43290.0,44385.0
5451,91,4,1,833.0,43290.0,0.0,43290.0,44385.0
3638,80,4,1,833.0,43290.0,0.0,43290.0,44385.0
9027,88,4,1,833.0,43290.0,0.0,43290.0,44385.0
8910,96,4,1,833.0,43290.0,0.0,43290.0,44385.0
9868,89,4,1,833.0,43290.0,0.0,43290.0,44385.0
554,86,4,1,833.0,43290.0,0.0,43290.0,44385.0
7047,90,4,1,833.0,43290.0,0.0,43290.0,44385.0
9534,87,4,1,833.0,43290.0,0.0,43290.0,44385.0
6071,100,4,1,1041.0,54112.0,0.0,54112.0,55481.0
9559,89,4,1,1041.0,54112.0,0.0,54112.0,55481.0
3939,75,4,1,1041.0,54112.0,0.0,54112.0,55481.0
7502,91,4,1,624.0,32467.0,0.0,32467.0,33288.0
4368,77,4,1,624.0,32467.0,0.0,32467.0,33288.0
3652,81,4,1,624.0,32467.0,0.0,32467.0,33288.0
10647,77,4,1,624.0,32467.0,0.0,32467.0,33288.0
3744,100,4,1,624.0,32467.0,0.0,32467.0,33288.0
14269,77,4,1,624.0,32467.0,0.0,32467.0,33288.0
2554,80,4,1,624.0,32467.0,0.0,32467.0,33288.0
1399,95,4,1,624.0,32467.0,0.0,32467.0,33288.0
3809,96,4,1,624.0,32467.0,0.0,32467.0,33288.0
12994,100,4,1,624.0,32467.0,0.0,32467.0,33288.0
8377,81,4,1,833.0,43290.0,0.0,43290.0,44385.0
9603,99,4,1,520.0,27056.0,0.0,27056.0,27740.0
6223,89,4,1,624.0,32467.0,0.0,32467.0,33288.0
12603,90,4,1,416.0,21645.0,0.0,21645.0,22192.0
4838,81,4,1,416.0,21645.0,0.0,21645.0,22192.0
12993,76,4,1,416.0,21645.0,0.0,21645.0,22192.0
7348,98,4,1,416.0,21645.0,0.0,21645.0,22192.0
13475,89,4,1,416.0,21645.0,0.0,21645.0,22192.0
3660,87,4,2,145682.0,7575477.0,0.0,7575477.0,7691508.0
14022,91,4,2,208118.0,10822110.0,2164422.0,12986532.0,13185443.0
10733,86,4,2,135276.0,7034372.0,541106.0,7575477.0,7691508.0
14281,87,4,2,135276.0,7034372.0,0.0,7034372.0,7142115.0
8021,86,4,2,124871.0,6493266.0,0.0,6493266.0,6592721.0
5251,86,4,2,124871.0,6493266.0,541106.0,7034372.0,7142115.0
683,87,4,2,124871.0,6493266.0,0.0,6493266.0,6592721.0
519,86,4,2,114465.0,5952160.0,1082211.0,7034372.0,7142115.0
2122,87,4,2,104059.0,5411055.0,1082211.0,6493266.0,6592721.0
4346,87,4,2,104059.0,5411055.0,1082211.0,6493266.0,6592721.0
12289,94,4,2,145682.0,7575477.0,0.0,7575477.0,7691508.0
273,87,4,2,145682.0,7575477.0,2164422.0,9739899.0,9889082.0
9136,86,4,2,124871.0,6493266.0,541106.0,7034372.0,7142115.0
2665,88,4,2,83247.0,4328844.0,0.0,4328844.0,4395148.0
8581,88,4,2,83247.0,4328844.0,541106.0,4869950.0,4944541.0
13115,86,4,2,79085.0,4112402.0,0.0,4112402.0,4175390.0
5783,75,4,2,79085.0,4112402.0,216442.0,4328844.0,4395148.0
11453,94,4,2,79085.0,4112402.0,2380864.0,6493266.0,6592721.0
4351,86,4,2,72841.0,3787738.0,757548.0,4545286.0,4614905.0
11680,91,4,2,72841.0,3787738.0,0.0,3787738.0,3845754.0
5008,94,4,2,72841.0,3787738.0,541106.0,4328844.0,4395148.0
8332,94,4,2,72841.0,3787738.0,541106.0,4328844.0,4395148.0
11771,75,4,2,104059.0,5411055.0,2164422.0,7575477.0,7691508.0
1910,86,4,2,104059.0,5411055.0,0.0,5411055.0,5493934.0
8921,87,4,2,68679.0,3571296.0,0.0,3571296.0,3625997.0
9630,91,4,2,66598.0,3463075.0,0.0,3463075.0,3516118.0
5015,76,4,2,66598.0,3463075.0,0.0,3463075.0,3516118.0
8053,94,4,2,93653.0,4869950.0,0.0,4869950.0,4944541.0
13279,94,4,2,93653.0,4869950.0,0.0,4869950.0,4944541.0
5075,91,4,2,62435.0,3246633.0,541106.0,3787738.0,3845754.0
595,88,4,2,62435.0,3246633.0,432884.0,3679517.0,3735875.0
8165,94,4,2,62435.0,3246633.0,0.0,3246633.0,3296361.0
10828,82,4,2,62435.0,3246633.0,1082211.0,4328844.0,4395148.0
3578,97,4,2,62435.0,3246633.0,0.0,3246633.0,3296361.0
8042,91,4,2,62435.0,3246633.0,0.0,3246633.0,3296361.0
549,75,4,2,62435.0,3246633.0,0.0,3246633.0,3296361.0
3236,86,4,2,58273.0,3030191.0,0.0,3030191.0,3076603.0
2174,94,4,2,58273.0,3030191.0,757548.0,3787738.0,3845754.0
3035,87,4,2,83247.0,4328844.0,0.0,4328844.0,4395148.0
2602,75,4,2,83247.0,4328844.0,0.0,4328844.0,4395148.0
4172,94,4,2,83247.0,4328844.0,0.0,4328844.0,4395148.0
12356,75,4,2,83247.0,4328844.0,0.0,4328844.0,4395148.0
12550,75,4,2,83247.0,4328844.0,0.0,4328844.0,4395148.0
13362,75,4,2,83247.0,4328844.0,0.0,4328844.0,4395148.0
5401,86,4,2,79085.0,4112402.0,0.0,4112402.0,4175390.0
775,86,4,2,52029.0,2705528.0,541106.0,3246633.0,3296361.0
4977,91,4,2,52029.0,2705528.0,541106.0,3246633.0,3296361.0
7211,86,4,2,52029.0,2705528.0,0.0,2705528.0,2746967.0
3665,99,4,2,52029.0,2705528.0,0.0,2705528.0,2746967.0
4355,95,4,2,52029.0,2705528.0,0.0,2705528.0,2746967.0
13175,94,4,2,52029.0,2705528.0,1623316.0,4328844.0,4395148.0
11996,94,4,2,74922.0,3895960.0,0.0,3895960.0,3955633.0
2538,94,4,2,72841.0,3787738.0,0.0,3787738.0,3845754.0
4458,75,4,2,72841.0,3787738.0,0.0,3787738.0,3845754.0
1476,87,4,2,72841.0,3787738.0,0.0,3787738.0,3845754.0
11043,75,4,2,72841.0,3787738.0,324663.0,4112402.0,4175390.0
1099,87,4,2,49948.0,2597306.0,0.0,2597306.0,2637089.0
1124,97,4,2,49948.0,2597306.0,0.0,2597306.0,2637089.0
3865,88,4,2,45786.0,2380864.0,0.0,2380864.0,2417331.0
1118,78,4,2,45786.0,2380864.0,0.0,2380864.0,2417331.0
9674,75,4,2,45786.0,2380864.0,0.0,2380864.0,2417331.0
12063,94,4,2,45786.0,2380864.0,0.0,2380864.0,2417331.0
2827,88,4,2,62435.0,3246633.0,0.0,3246633.0,3296361.0
10692,82,4,2,62435.0,3246633.0,649327.0,3895960.0,3955633.0
9238,86,4,2,62435.0,3246633.0,0.0,3246633.0,3296361.0
10244,87,4,2,62435.0,3246633.0,0.0,3246633.0,3296361.0
12388,94,4,2,62435.0,3246633.0,0.0,3246633.0,3296361.0
7369,84,4,2,41624.0,2164422.0,0.0,2164422.0,2197574.0
12042,77,4,2,41624.0,2164422.0,0.0,2164422.0,2197574.0
13162,86,4,2,41624.0,2164422.0,0.0,2164422.0,2197574.0
13480,87,4,2,41624.0,2164422.0,0.0,2164422.0,2197574.0
3021,87,4,2,41624.0,2164422.0,0.0,2164422.0,2197574.0
3226,75,4,2,41624.0,2164422.0,0.0,2164422.0,2197574.0
10756,88,4,2,41624.0,2164422.0,0.0,2164422.0,2197574.0
650,91,4,2,41624.0,2164422.0,541106.0,2705528.0,2746967.0
13092,91,4,2,58273.0,3030191.0,541106.0,3571296.0,3625997.0
10063,75,4,2,58273.0,3030191.0,0.0,3030191.0,3076603.0
5446,94,4,2,58273.0,3030191.0,216442.0,3246633.0,3296361.0
9703,88,4,2,39542.0,2056201.0,0.0,2056201.0,2087695.0
8146,87,4,2,39334.0,2045379.0,0.0,2045379.0,2076707.0
1084,91,4,2,56192.0,2921970.0,324663.0,3246633.0,3296361.0
3441,94,4,2,56192.0,2921970.0,0.0,2921970.0,2966725.0
5093,91,4,2,37461.0,1947980.0,0.0,1947980.0,1977816.0
8939,97,4,2,37461.0,1947980.0,0.0,1947980.0,1977816.0
170,88,4,2,37461.0,1947980.0,0.0,1947980.0,1977816.0
9540,88,4,2,37461.0,1947980.0,0.0,1947980.0,1977816.0
9194,91,4,2,37461.0,1947980.0,216442.0,2164422.0,2197574.0
1006,91,4,2,52029.0,2705528.0,0.0,2705528.0,2746967.0
3359,86,4,2,52029.0,2705528.0,0.0,2705528.0,2746967.0
8637,75,4,2,52029.0,2705528.0,0.0,2705528.0,2746967.0
14188,87,4,2,52029.0,2705528.0,0.0,2705528.0,2746967.0
4477,87,4,2,52029.0,2705528.0,0.0,2705528.0,2746967.0
1565,87,4,2,52029.0,2705528.0,0.0,2705528.0,2746967.0
9598,86,4,2,52029.0,2705528.0,0.0,2705528.0,2746967.0
1563,82,4,2,52029.0,2705528.0,0.0,2705528.0,2746967.0
2443,76,4,2,52029.0,2705528.0,0.0,2705528.0,2746967.0
14375,86,4,2,52029.0,2705528.0,0.0,2705528.0,2746967.0
3419,91,4,2,52029.0,2705528.0,0.0,2705528.0,2746967.0
1493,90,4,2,35380.0,1839759.0,0.0,1839759.0,1867938.0
8917,88,4,2,35380.0,1839759.0,0.0,1839759.0,1867938.0
2789,82,4,2,35380.0,1839759.0,0.0,1839759.0,1867938.0
14090,84,4,2,33715.0,1753182.0,0.0,1753182.0,1780035.0
7241,76,4,2,33299.0,1731538.0,0.0,1731538.0,1758059.0
1413,99,4,2,33299.0,1731538.0,0.0,1731538.0,1758059.0
12251,82,4,2,33299.0,1731538.0,0.0,1731538.0,1758059.0
6490,91,4,2,47867.0,2489085.0,0.0,2489085.0,2527210.0
2303,86,4,2,45786.0,2380864.0,0.0,2380864.0,2417331.0
10152,76,4,2,45786.0,2380864.0,0.0,2380864.0,2417331.0
11483,88,4,2,45786.0,2380864.0,0.0,2380864.0,2417331.0
4386,88,4,2,45786.0,2380864.0,0.0,2380864.0,2417331.0
13258,86,4,2,31218.0,1623316.0,0.0,1623316.0,1648180.0
12031,99,4,2,31218.0,1623316.0,0.0,1623316.0,1648180.0
514,76,4,2,31218.0,1623316.0,0.0,1623316.0,1648180.0
5057,76,4,2,31218.0,1623316.0,0.0,1623316.0,1648180.0
12133,90,4,2,31218.0,1623316.0,0.0,1623316.0,1648180.0
1365,82,4,2,31218.0,1623316.0,0.0,1623316.0,1648180.0
4226,82,4,2,31218.0,1623316.0,324663.0,1947980.0,1977816.0
4969,82,4,2,31218.0,1623316.0,432884.0,2056201.0,2087695.0
3039,88,4,2,31218.0,1623316.0,541106.0,2164422.0,2197574.0
8734,82,4,2,31218.0,1623316.0,0.0,1623316.0,1648180.0
10752,87,4,2,31218.0,1623316.0,0.0,1623316.0,1648180.0
9693,87,4,2,31218.0,1623316.0,0.0,1623316.0,1648180.0
9683,87,4,2,31218.0,1623316.0,0.0,1623316.0,1648180.0
4654,86,4,2,31218.0,1623316.0,0.0,1623316.0,1648180.0
4358,87,4,2,29136.0,1515095.0,0.0,1515095.0,1538302.0
7527,99,4,2,29136.0,1515095.0,0.0,1515095.0,1538302.0
8423,83,4,2,29136.0,1515095.0,0.0,1515095.0,1538302.0
1096,94,4,2,29136.0,1515095.0,432884.0,1947980.0,1977816.0
4861,82,4,2,29136.0,1515095.0,0.0,1515095.0,1538302.0
12708,76,4,2,41624.0,2164422.0,0.0,2164422.0,2197574.0
10886,75,4,2,41624.0,2164422.0,0.0,2164422.0,2197574.0
13584,87,4,2,41624.0,2164422.0,0.0,2164422.0,2197574.0
11633,75,4,2,41624.0,2164422.0,432884.0,2597306.0,2637089.0
14554,75,4,2,41624.0,2164422.0,0.0,2164422.0,2197574.0
10842,99,4,2,41624.0,2164422.0,0.0,2164422.0,2197574.0
3715,76,4,2,41624.0,2164422.0,0.0,2164422.0,2197574.0
11866,94,4,2,41624.0,2164422.0,0.0,2164422.0,2197574.0
2065,95,4,2,41624.0,2164422.0,0.0,2164422.0,2197574.0
7691,84,4,2,41624.0,2164422.0,0.0,2164422.0,2197574.0
14611,94,4,2,41624.0,2164422.0,0.0,2164422.0,2197574.0
9156,89,4,2,40583.0,2110311.0,0.0,2110311.0,2142634.0
7531,85,4,2,27055.0,1406874.0,0.0,1406874.0,1428423.0
8436,88,4,2,27055.0,1406874.0,0.0,1406874.0,1428423.0
814,82,4,2,27055.0,1406874.0,0.0,1406874.0,1428423.0
1384,95,4,2,27055.0,1406874.0,0.0,1406874.0,1428423.0
13935,88,4,2,37461.0,1947980.0,0.0,1947980.0,1977816.0
208,76,4,2,37461.0,1947980.0,0.0,1947980.0,1977816.0
9431,84,4,2,37461.0,1947980.0,0.0,1947980.0,1977816.0
4606,100,4,2,37461.0,1947980.0,0.0,1947980.0,1977816.0
8465,82,4,2,37461.0,1947980.0,0.0,1947980.0,1977816.0
11345,88,4,2,24974.0,1298653.0,0.0,1298653.0,1318544.0
11835,99,4,2,24974.0,1298653.0,0.0,1298653.0,1318544.0
2584,82,4,2,24974.0,1298653.0,0.0,1298653.0,1318544.0
4334,85,4,2,24974.0,1298653.0,0.0,1298653.0,1318544.0
13509,75,4,2,35380.0,1839759.0,0.0,1839759.0,1867938.0
6875,82,4,2,35380.0,1839759.0,0.0,1839759.0,1867938.0
12661,94,4,2,35380.0,1839759.0,0.0,1839759.0,1867938.0
10427,78,4,2,33299.0,1731538.0,0.0,1731538.0,1758059.0
13220,85,4,2,33299.0,1731538.0,0.0,1731538.0,1758059.0
7726,91,4,2,33299.0,1731538.0,0.0,1731538.0,1758059.0
11244,90,4,2,33299.0,1731538.0,0.0,1731538.0,1758059.0
5005,78,4,2,22893.0,1190432.0,324663.0,1515095.0,1538302.0
13692,94,4,2,22477.0,1168788.0,0.0,1168788.0,1186690.0
1250,94,4,2,22477.0,1168788.0,0.0,1168788.0,1186690.0
12965,75,4,2,31218.0,1623316.0,0.0,1623316.0,1648180.0
8507,82,4,2,31218.0,1623316.0,0.0,1623316.0,1648180.0
3564,82,4,2,31218.0,1623316.0,0.0,1623316.0,1648180.0
3795,78,4,2,31218.0,1623316.0,0.0,1623316.0,1648180.0
4936,100,4,2,31218.0,1623316.0,0.0,1623316.0,1648180.0
14453,78,4,2,31218.0,1623316.0,0.0,1623316.0,1648180.0
7380,95,4,2,31218.0,1623316.0,0.0,1623316.0,1648180.0
13349,76,4,2,31218.0,1623316.0,0.0,1623316.0,1648180.0
9492,91,4,2,31218.0,1623316.0,0.0,1623316.0,1648180.0
5224,88,4,2,31218.0,1623316.0,0.0,1623316.0,1648180.0
3781,76,4,2,31218.0,1623316.0,0.0,1623316.0,1648180.0
3257,86,4,2,31218.0,1623316.0,0.0,1623316.0,1648180.0
13953,99,4,2,31218.0,1623316.0,0.0,1623316.0,1648180.0
11315,90,4,2,31218.0,1623316.0,0.0,1623316.0,1648180.0
3043,90,4,2,20812.0,1082211.0,0.0,1082211.0,1098787.0
3735,94,4,2,20812.0,1082211.0,0.0,1082211.0,1098787.0
5275,91,4,2,20812.0,1082211.0,0.0,1082211.0,1098787.0
11780,76,4,2,20812.0,1082211.0,0.0,1082211.0,1098787.0
9280,76,4,2,20812.0,1082211.0,0.0,1082211.0,1098787.0
9189,76,4,2,20812.0,1082211.0,0.0,1082211.0,1098787.0
12755,81,4,2,20812.0,1082211.0,216442.0,1298653.0,1318544.0
10746,88,4,2,20812.0,1082211.0,0.0,1082211.0,1098787.0
11971,77,4,2,20812.0,1082211.0,0.0,1082211.0,1098787.0
12601,99,4,2,20812.0,1082211.0,0.0,1082211.0,1098787.0
5103,95,4,2,20812.0,1082211.0,0.0,1082211.0,1098787.0
1094,82,4,2,20812.0,1082211.0,0.0,1082211.0,1098787.0
4254,87,4,2,20812.0,1082211.0,0.0,1082211.0,1098787.0
13013,95,4,2,20812.0,1082211.0,0.0,1082211.0,1098787.0
587,97,4,2,20812.0,1082211.0,0.0,1082211.0,1098787.0
1110,97,4,2,20812.0,1082211.0,0.0,1082211.0,1098787.0
7635,83,4,2,20812.0,1082211.0,0.0,1082211.0,1098787.0
5877,88,4,2,20812.0,1082211.0,0.0,1082211.0,1098787.0
9945,82,4,2,20812.0,1082211.0,0.0,1082211.0,1098787.0
9077,100,4,2,20812.0,1082211.0,216442.0,1298653.0,1318544.0
11334,91,4,2,20812.0,1082211.0,0.0,1082211.0,1098787.0
7227,91,4,2,20812.0,1082211.0,216442.0,1298653.0,1318544.0
13717,75,4,2,20812.0,1082211.0,0.0,1082211.0,1098787.0
6044,78,4,2,20812.0,1082211.0,0.0,1082211.0,1098787.0
11541,99,4,2,29136.0,1515095.0,0.0,1515095.0,1538302.0
10103,84,4,2,29136.0,1515095.0,0.0,1515095.0,1538302.0
8316,77,4,2,18731.0,973990.0,0.0,973990.0,988908.0
2578,100,4,2,18731.0,973990.0,0.0,973990.0,988908.0
3245,76,4,2,27055.0,1406874.0,0.0,1406874.0,1428423.0
8694,77,4,2,18731.0,973990.0,0.0,973990.0,988908.0
4995,90,4,2,18731.0,973990.0,0.0,973990.0,988908.0
9613,88,4,2,27055.0,1406874.0,0.0,1406874.0,1428423.0
5758,76,4,2,27055.0,1406874.0,0.0,1406874.0,1428423.0
8448,82,4,2,18731.0,973990.0,0.0,973990.0,988908.0
6336,90,4,2,18731.0,973990.0,0.0,973990.0,988908.0
5178,97,4,2,17690.0,919879.0,0.0,919879.0,933969.0
10539,97,4,2,24974.0,1298653.0,0.0,1298653.0,1318544.0
5860,99,4,2,24974.0,1298653.0,0.0,1298653.0,1318544.0
7451,83,4,2,24974.0,1298653.0,0.0,1298653.0,1318544.0
395,84,4,2,24974.0,1298653.0,324663.0,1623316.0,1648180.0
7109,97,4,2,24974.0,1298653.0,0.0,1298653.0,1318544.0
2819,91,4,2,24974.0,1298653.0,0.0,1298653.0,1318544.0
8117,91,4,2,24974.0,1298653.0,0.0,1298653.0,1318544.0
12533,97,4,2,24974.0,1298653.0,0.0,1298653.0,1318544.0
6407,91,4,2,24974.0,1298653.0,0.0,1298653.0,1318544.0
9056,78,4,2,16858.0,876591.0,0.0,876591.0,890017.0
14010,77,4,2,24350.0,1266187.0,0.0,1266187.0,1285581.0
13931,90,4,2,16649.0,865769.0,0.0,865769.0,879030.0
5308,76,4,2,16649.0,865769.0,0.0,865769.0,879030.0
533,99,4,2,16649.0,865769.0,216442.0,1082211.0,1098787.0
9590,81,4,2,16649.0,865769.0,216442.0,1082211.0,1098787.0
9627,90,4,2,16649.0,865769.0,0.0,865769.0,879030.0
3916,86,4,2,16649.0,865769.0,0.0,865769.0,879030.0
7045,76,4,2,16649.0,865769.0,0.0,865769.0,879030.0
12379,85,4,2,16649.0,865769.0,0.0,865769.0,879030.0
9038,76,4,2,16649.0,865769.0,0.0,865769.0,879030.0
11618,91,4,2,16649.0,865769.0,0.0,865769.0,879030.0
7910,86,4,2,16649.0,865769.0,0.0,865769.0,879030.0
4506,75,4,2,16649.0,865769.0,0.0,865769.0,879030.0
5222,95,4,2,16649.0,865769.0,216442.0,1082211.0,1098787.0
9606,75,4,2,16649.0,865769.0,0.0,865769.0,879030.0
11674,82,4,2,16649.0,865769.0,0.0,865769.0,879030.0
1943,76,4,2,16649.0,865769.0,0.0,865769.0,879030.0
11354,90,4,2,16649.0,865769.0,0.0,865769.0,879030.0
10457,91,4,2,22893.0,1190432.0,0.0,1190432.0,1208666.0
10730,78,4,2,15609.0,811658.0,0.0,811658.0,824090.0
4665,81,4,2,15609.0,811658.0,0.0,811658.0,824090.0
8340,81,4,2,15609.0,811658.0,0.0,811658.0,824090.0
8018,100,4,2,15609.0,811658.0,0.0,811658.0,824090.0
199,77,4,2,15609.0,811658.0,0.0,811658.0,824090.0
9672,84,4,2,14568.0,757548.0,0.0,757548.0,769151.0
2786,97,4,2,14568.0,757548.0,0.0,757548.0,769151.0
9252,78,4,2,14568.0,757548.0,0.0,757548.0,769151.0
9993,90,4,2,14568.0,757548.0,324663.0,1082211.0,1098787.0
419,81,4,2,14568.0,757548.0,0.0,757548.0,769151.0
10926,95,4,2,14568.0,757548.0,216442.0,973990.0,988908.0
13970,99,4,2,14568.0,757548.0,0.0,757548.0,769151.0
1394,75,4,2,14568.0,757548.0,0.0,757548.0,769151.0
8156,78,4,2,14568.0,757548.0,0.0,757548.0,769151.0
12039,83,4,2,14568.0,757548.0,0.0,757548.0,769151.0
9164,88,4,2,20812.0,1082211.0,0.0,1082211.0,1098787.0
12396,84,4,2,20812.0,1082211.0,0.0,1082211.0,1098787.0
11670,99,4,2,20812.0,1082211.0,0.0,1082211.0,1098787.0
276,99,4,2,20812.0,1082211.0,0.0,1082211.0,1098787.0
769,77,4,2,20812.0,1082211.0,0.0,1082211.0,1098787.0
3574,95,4,2,20812.0,1082211.0,0.0,1082211.0,1098787.0
10120,94,4,2,20812.0,1082211.0,0.0,1082211.0,1098787.0
19,84,4,2,20812.0,1082211.0,0.0,1082211.0,1098787.0
11925,81,4,2,20812.0,1082211.0,0.0,1082211.0,1098787.0
8389,90,4,2,14152.0,735903.0,0.0,735903.0,747175.0
10830,77,4,2,20187.0,1049745.0,0.0,1049745.0,1065823.0
7834,99,4,2,18731.0,973990.0,0.0,973990.0,988908.0
1484,97,4,2,18731.0,973990.0,0.0,973990.0,988908.0
173,99,4,2,18731.0,973990.0,0.0,973990.0,988908.0
7150,77,4,2,18731.0,973990.0,0.0,973990.0,988908.0
5375,100,4,2,18731.0,973990.0,0.0,973990.0,988908.0
14275,89,4,2,12487.0,649327.0,0.0,649327.0,659272.0
4330,89,4,2,12487.0,649327.0,0.0,649327.0,659272.0
4990,85,4,2,12487.0,649327.0,0.0,649327.0,659272.0
5234,99,4,2,12487.0,649327.0,0.0,649327.0,659272.0
3979,81,4,2,12487.0,649327.0,216442.0,865769.0,879030.0
8578,88,4,2,12487.0,649327.0,0.0,649327.0,659272.0
3106,85,4,2,12487.0,649327.0,0.0,649327.0,659272.0
2931,97,4,2,12487.0,649327.0,0.0,649327.0,659272.0
14625,78,4,2,12487.0,649327.0,0.0,649327.0,659272.0
14516,81,4,2,12487.0,649327.0,108221.0,757548.0,769151.0
4988,97,4,2,12487.0,649327.0,0.0,649327.0,659272.0
3080,90,4,2,12487.0,649327.0,0.0,649327.0,659272.0
12051,82,4,2,12487.0,649327.0,0.0,649327.0,659272.0
11098,85,4,2,17898.0,930701.0,0.0,930701.0,944957.0
5751,100,4,2,17690.0,919879.0,0.0,919879.0,933969.0
11503,97,4,2,17690.0,919879.0,0.0,919879.0,933969.0
2222,83,4,2,11655.0,606038.0,0.0,606038.0,615321.0
10303,84,4,2,11655.0,606038.0,0.0,606038.0,615321.0
14128,100,4,2,16649.0,865769.0,0.0,865769.0,879030.0
10297,84,4,2,16649.0,865769.0,0.0,865769.0,879030.0
6729,84,4,2,16649.0,865769.0,0.0,865769.0,879030.0
13433,85,4,2,16649.0,865769.0,0.0,865769.0,879030.0
14356,86,4,2,16649.0,865769.0,0.0,865769.0,879030.0
6481,77,4,2,16649.0,865769.0,216442.0,1082211.0,1098787.0
2861,77,4,2,16649.0,865769.0,0.0,865769.0,879030.0
13664,95,4,2,16649.0,865769.0,0.0,865769.0,879030.0
14318,75,4,2,16649.0,865769.0,0.0,865769.0,879030.0
8822,75,4,2,16649.0,865769.0,216442.0,1082211.0,1098787.0
4026,100,4,2,16649.0,865769.0,0.0,865769.0,879030.0
6033,100,4,2,16649.0,865769.0,0.0,865769.0,879030.0
12143,100,4,2,16649.0,865769.0,0.0,865769.0,879030.0
408,81,4,2,11446.0,595216.0,162332.0,757548.0,769151.0
10658,89,4,2,11238.0,584394.0,0.0,584394.0,593345.0
11683,83,4,2,11238.0,584394.0,0.0,584394.0,593345.0
13145,77,4,2,16233.0,844125.0,0.0,844125.0,857054.0
3918,84,4,2,16233.0,844125.0,0.0,844125.0,857054.0
4229,85,4,2,10822.0,562750.0,0.0,562750.0,571369.0
2137,100,4,2,15609.0,811658.0,0.0,811658.0,824090.0
6533,77,4,2,15609.0,811658.0,0.0,811658.0,824090.0
11281,78,4,2,15609.0,811658.0,0.0,811658.0,824090.0
1374,89,4,2,10822.0,562750.0,0.0,562750.0,571369.0
1343,78,4,2,15193.0,790014.0,0.0,790014.0,802114.0
1108,90,4,2,10406.0,541106.0,0.0,541106.0,549393.0
1103,90,4,2,10406.0,541106.0,0.0,541106.0,549393.0
9080,75,4,2,10406.0,541106.0,0.0,541106.0,549393.0
1058,88,4,2,10406.0,541106.0,0.0,541106.0,549393.0
9619,99,4,2,10406.0,541106.0,0.0,541106.0,549393.0
7077,84,4,2,10406.0,541106.0,0.0,541106.0,549393.0
3232,82,4,2,10406.0,541106.0,0.0,541106.0,549393.0
5012,97,4,2,10406.0,541106.0,0.0,541106.0,549393.0
9638,76,4,2,10406.0,541106.0,0.0,541106.0,549393.0
2438,77,4,2,10406.0,541106.0,0.0,541106.0,549393.0
7862,95,4,2,10406.0,541106.0,216442.0,757548.0,769151.0
12643,77,4,2,10406.0,541106.0,0.0,541106.0,549393.0
10742,81,4,2,10406.0,541106.0,108221.0,649327.0,659272.0
9685,81,4,2,10406.0,541106.0,0.0,541106.0,549393.0
13001,83,4,2,10406.0,541106.0,0.0,541106.0,549393.0
11450,78,4,2,10406.0,541106.0,0.0,541106.0,549393.0
13686,78,4,2,10406.0,541106.0,0.0,541106.0,549393.0
12616,100,4,2,14568.0,757548.0,0.0,757548.0,769151.0
7561,100,4,2,14568.0,757548.0,0.0,757548.0,769151.0
6471,97,4,2,14568.0,757548.0,0.0,757548.0,769151.0
7801,100,4,2,14568.0,757548.0,0.0,757548.0,769151.0
10108,90,4,2,14568.0,757548.0,0.0,757548.0,769151.0
9906,99,4,2,14568.0,757548.0,0.0,757548.0,769151.0
9320,100,4,2,14568.0,757548.0,0.0,757548.0,769151.0
13242,81,4,2,14568.0,757548.0,216442.0,973990.0,988908.0
12498,77,4,2,14568.0,757548.0,0.0,757548.0,769151.0
1451,81,4,2,14568.0,757548.0,0.0,757548.0,769151.0
2027,78,4,2,9782.0,508639.0,0.0,508639.0,516430.0
13165,83,4,2,9573.0,497817.0,0.0,497817.0,505442.0
12592,90,4,2,9365.0,486995.0,0.0,486995.0,494454.0
12595,97,4,2,9365.0,486995.0,0.0,486995.0,494454.0
1935,95,4,2,13528.0,703437.0,0.0,703437.0,714211.0
1766,81,4,2,9365.0,486995.0,0.0,486995.0,494454.0
5110,81,4,2,9365.0,486995.0,0.0,486995.0,494454.0
10542,100,4,2,13528.0,703437.0,0.0,703437.0,714211.0
69,83,4,2,12487.0,649327.0,0.0,649327.0,659272.0
9807,82,4,2,12487.0,649327.0,0.0,649327.0,659272.0
14035,81,4,2,12487.0,649327.0,0.0,649327.0,659272.0
11691,89,4,2,12487.0,649327.0,0.0,649327.0,659272.0
8202,77,4,2,12487.0,649327.0,0.0,649327.0,659272.0
2214,84,4,2,12487.0,649327.0,0.0,649327.0,659272.0
7901,97,4,2,12487.0,649327.0,0.0,649327.0,659272.0
3187,99,4,2,12487.0,649327.0,0.0,649327.0,659272.0
12074,84,4,2,12487.0,649327.0,0.0,649327.0,659272.0
6023,83,4,2,8533.0,443707.0,0.0,443707.0,450503.0
3275,94,4,2,8325.0,432884.0,0.0,432884.0,439515.0
2793,88,4,2,8325.0,432884.0,0.0,432884.0,439515.0
8348,89,4,2,8325.0,432884.0,0.0,432884.0,439515.0
580,95,4,2,8325.0,432884.0,0.0,432884.0,439515.0
13505,85,4,2,8325.0,432884.0,0.0,432884.0,439515.0
6473,95,4,2,8325.0,432884.0,0.0,432884.0,439515.0
5078,77,4,2,8325.0,432884.0,0.0,432884.0,439515.0
7854,84,4,2,8325.0,432884.0,0.0,432884.0,439515.0
3304,83,4,2,8325.0,432884.0,0.0,432884.0,439515.0
4161,81,4,2,8325.0,432884.0,108221.0,541106.0,549393.0
3891,95,4,2,8325.0,432884.0,0.0,432884.0,439515.0
12037,77,4,2,8325.0,432884.0,0.0,432884.0,439515.0
177,78,4,2,8325.0,432884.0,0.0,432884.0,439515.0
413,78,4,2,8325.0,432884.0,0.0,432884.0,439515.0
9933,85,4,2,8325.0,432884.0,0.0,432884.0,439515.0
540,78,4,2,8325.0,432884.0,0.0,432884.0,439515.0
4672,83,4,2,8117.0,422062.0,0.0,422062.0,428527.0
13064,83,4,2,11446.0,595216.0,0.0,595216.0,604333.0
8395,83,4,2,7492.0,389596.0,0.0,389596.0,395563.0
2998,85,4,2,7284.0,378774.0,0.0,378774.0,384575.0
7191,85,4,2,7284.0,378774.0,0.0,378774.0,384575.0
10043,77,4,2,7284.0,378774.0,0.0,378774.0,384575.0
9982,76,4,2,7284.0,378774.0,0.0,378774.0,384575.0
3131,84,4,2,7284.0,378774.0,0.0,378774.0,384575.0
12571,87,4,2,10406.0,541106.0,0.0,541106.0,549393.0
11016,82,4,2,10406.0,541106.0,0.0,541106.0,549393.0
13940,89,4,2,10406.0,541106.0,0.0,541106.0,549393.0
9449,78,4,2,10406.0,541106.0,0.0,541106.0,549393.0
753,89,4,2,10406.0,541106.0,0.0,541106.0,549393.0
7954,89,4,2,10406.0,541106.0,0.0,541106.0,549393.0
3805,81,4,2,10406.0,541106.0,0.0,541106.0,549393.0
13837,81,4,2,10406.0,541106.0,0.0,541106.0,549393.0
13910,97,4,2,10406.0,541106.0,0.0,541106.0,549393.0
12436,99,4,2,10406.0,541106.0,0.0,541106.0,549393.0
11967,89,4,2,10406.0,541106.0,0.0,541106.0,549393.0
6574,89,4,2,10406.0,541106.0,0.0,541106.0,549393.0
8768,100,4,2,10406.0,541106.0,0.0,541106.0,549393.0
8740,81,4,2,10406.0,541106.0,0.0,541106.0,549393.0
9978,77,4,2,10406.0,541106.0,0.0,541106.0,549393.0
11950,83,4,2,6764.0,351719.0,0.0,351719.0,357106.0
9988,83,4,2,6660.0,346308.0,0.0,346308.0,351612.0
9700,97,4,2,6660.0,346308.0,0.0,346308.0,351612.0
3675,95,4,2,9365.0,486995.0,0.0,486995.0,494454.0
14462,89,4,2,9365.0,486995.0,0.0,486995.0,494454.0
11191,77,4,2,9365.0,486995.0,0.0,486995.0,494454.0
9464,97,4,2,6452.0,335485.0,0.0,335485.0,340624.0
10663,94,4,2,6244.0,324663.0,0.0,324663.0,329636.0
2971,90,4,2,6244.0,324663.0,0.0,324663.0,329636.0
12149,89,4,2,6244.0,324663.0,0.0,324663.0,329636.0
8314,90,4,2,6244.0,324663.0,0.0,324663.0,329636.0
2292,87,4,2,6244.0,324663.0,0.0,324663.0,329636.0
7544,89,4,2,6244.0,324663.0,0.0,324663.0,329636.0
7586,87,4,2,6244.0,324663.0,0.0,324663.0,329636.0
9533,83,4,2,6244.0,324663.0,0.0,324663.0,329636.0
12655,89,4,2,6244.0,324663.0,0.0,324663.0,329636.0
10774,91,4,2,6244.0,324663.0,0.0,324663.0,329636.0
4845,78,4,2,6244.0,324663.0,0.0,324663.0,329636.0
13131,85,4,2,6244.0,324663.0,0.0,324663.0,329636.0
4309,83,4,2,6244.0,324663.0,0.0,324663.0,329636.0
9065,95,4,2,6244.0,324663.0,0.0,324663.0,329636.0
8336,95,4,2,6244.0,324663.0,0.0,324663.0,329636.0
5545,78,4,2,5827.0,303019.0,0.0,303019.0,307660.0
372,84,4,2,8325.0,432884.0,0.0,432884.0,439515.0
7992,95,4,2,8325.0,432884.0,0.0,432884.0,439515.0
10052,95,4,2,8325.0,432884.0,0.0,432884.0,439515.0
4931,90,4,2,8325.0,432884.0,0.0,432884.0,439515.0
6956,100,4,2,8325.0,432884.0,0.0,432884.0,439515.0
13682,85,4,2,8325.0,432884.0,0.0,432884.0,439515.0
8034,100,4,2,8325.0,432884.0,0.0,432884.0,439515.0
14059,95,4,2,5619.0,292197.0,0.0,292197.0,296672.0
13159,84,4,2,5619.0,292197.0,0.0,292197.0,296672.0
8327,85,4,2,5619.0,292197.0,0.0,292197.0,296672.0
12325,97,4,2,7908.0,411240.0,0.0,411240.0,417539.0
7974,75,4,2,5203.0,270553.0,0.0,270553.0,274697.0
8322,100,4,2,5203.0,270553.0,0.0,270553.0,274697.0
3414,85,4,2,5203.0,270553.0,0.0,270553.0,274697.0
10650,84,4,2,5203.0,270553.0,0.0,270553.0,274697.0
2997,89,4,2,5203.0,270553.0,0.0,270553.0,274697.0
523,85,4,2,5203.0,270553.0,0.0,270553.0,274697.0
13157,90,4,2,5203.0,270553.0,0.0,270553.0,274697.0
12998,85,4,2,5203.0,270553.0,0.0,270553.0,274697.0
9036,83,4,2,5203.0,270553.0,0.0,270553.0,274697.0
13710,82,4,2,5203.0,270553.0,0.0,270553.0,274697.0
12987,81,4,2,5203.0,270553.0,0.0,270553.0,274697.0
3788,85,4,2,5203.0,270553.0,0.0,270553.0,274697.0
10981,100,4,2,7284.0,378774.0,0.0,378774.0,384575.0
5944,85,4,2,7284.0,378774.0,0.0,378774.0,384575.0
10820,89,4,2,7284.0,378774.0,0.0,378774.0,384575.0
5034,82,4,2,7284.0,378774.0,0.0,378774.0,384575.0
11228,84,4,2,7284.0,378774.0,0.0,378774.0,384575.0
9633,78,4,2,4995.0,259731.0,0.0,259731.0,263709.0
7706,75,4,2,4579.0,238086.0,0.0,238086.0,241733.0
5290,89,4,2,4579.0,238086.0,0.0,238086.0,241733.0
13789,95,4,2,4579.0,238086.0,0.0,238086.0,241733.0
10038,99,4,2,4579.0,238086.0,0.0,238086.0,241733.0
5053,84,4,2,4370.0,227264.0,0.0,227264.0,230745.0
11506,90,4,2,6244.0,324663.0,0.0,324663.0,329636.0
11474,85,4,2,6244.0,324663.0,0.0,324663.0,329636.0
12746,81,4,2,6244.0,324663.0,0.0,324663.0,329636.0
14147,90,4,2,6244.0,324663.0,0.0,324663.0,329636.0
13005,78,4,2,6244.0,324663.0,0.0,324663.0,329636.0
9446,95,4,2,6244.0,324663.0,0.0,324663.0,329636.0
8369,95,4,2,6244.0,324663.0,0.0,324663.0,329636.0
3016,100,4,2,4162.0,216442.0,0.0,216442.0,219757.0
7048,90,4,2,4162.0,216442.0,0.0,216442.0,219757.0
12863,83,4,2,4162.0,216442.0,0.0,216442.0,219757.0
11658,94,4,2,4162.0,216442.0,0.0,216442.0,219757.0
5311,87,4,2,4162.0,216442.0,0.0,216442.0,219757.0
7233,85,4,2,4162.0,216442.0,0.0,216442.0,219757.0
11663,82,4,2,4162.0,216442.0,0.0,216442.0,219757.0
3894,83,4,2,4162.0,216442.0,0.0,216442.0,219757.0
3220,90,4,2,3954.0,205620.0,0.0,205620.0,208770.0
1326,83,4,2,5619.0,292197.0,0.0,292197.0,296672.0
302,95,4,2,5619.0,292197.0,0.0,292197.0,296672.0
12597,81,4,2,3746.0,194798.0,0.0,194798.0,197782.0
10425,83,4,2,3746.0,194798.0,0.0,194798.0,197782.0
5656,83,4,2,3746.0,194798.0,0.0,194798.0,197782.0
5101,90,4,2,3746.0,194798.0,0.0,194798.0,197782.0
599,90,4,2,3746.0,194798.0,0.0,194798.0,197782.0
10198,89,4,2,5203.0,270553.0,0.0,270553.0,274697.0
8233,81,4,2,5203.0,270553.0,0.0,270553.0,274697.0
13446,100,4,2,5203.0,270553.0,0.0,270553.0,274697.0
9119,97,4,2,3538.0,183976.0,0.0,183976.0,186794.0
4748,84,4,2,3330.0,173154.0,0.0,173154.0,175806.0
9551,90,4,2,3330.0,173154.0,0.0,173154.0,175806.0
4864,78,4,2,3122.0,162332.0,0.0,162332.0,164818.0
545,78,4,2,3122.0,162332.0,0.0,162332.0,164818.0
9678,85,4,2,3122.0,162332.0,0.0,162332.0,164818.0
9307,97,4,2,3122.0,162332.0,0.0,162332.0,164818.0
14134,83,4,2,3122.0,162332.0,0.0,162332.0,164818.0
5729,95,4,2,3122.0,162332.0,0.0,162332.0,164818.0
12917,95,4,2,3122.0,162332.0,0.0,162332.0,164818.0
13724,82,4,2,3122.0,162332.0,0.0,162332.0,164818.0
7427,77,4,2,3122.0,162332.0,0.0,162332.0,164818.0
6415,77,4,2,3122.0,162332.0,0.0,162332.0,164818.0
3192,100,4,2,3122.0,162332.0,0.0,162332.0,164818.0
13908,99,4,2,3122.0,162332.0,0.0,162332.0,164818.0
11614,83,4,2,3122.0,162332.0,0.0,162332.0,164818.0
12986,78,4,2,3122.0,162332.0,0.0,162332.0,164818.0
11784,86,4,2,3122.0,162332.0,0.0,162332.0,164818.0
306,89,4,2,3122.0,162332.0,0.0,162332.0,164818.0
11928,85,4,2,3122.0,162332.0,0.0,162332.0,164818.0
3023,84,4,2,2914.0,151510.0,0.0,151510.0,153830.0
4017,83,4,2,4162.0,216442.0,0.0,216442.0,219757.0
12609,88,4,2,4162.0,216442.0,0.0,216442.0,219757.0
3927,76,4,2,4162.0,216442.0,0.0,216442.0,219757.0
2648,88,4,2,4162.0,216442.0,0.0,216442.0,219757.0
9352,83,4,2,4162.0,216442.0,0.0,216442.0,219757.0
6594,100,4,2,3746.0,194798.0,0.0,194798.0,197782.0
4453,100,4,2,3746.0,194798.0,0.0,194798.0,197782.0
11360,89,4,2,2497.0,129865.0,0.0,129865.0,131854.0
9869,89,4,2,2497.0,129865.0,0.0,129865.0,131854.0
5105,83,4,2,2289.0,119043.0,0.0,119043.0,120867.0
1466,83,4,2,2081.0,108221.0,0.0,108221.0,109879.0
574,84,4,2,2081.0,108221.0,0.0,108221.0,109879.0
4999,78,4,2,2081.0,108221.0,0.0,108221.0,109879.0
1422,100,4,2,3122.0,162332.0,0.0,162332.0,164818.0
5189,95,4,2,2081.0,108221.0,0.0,108221.0,109879.0
13206,81,4,2,2081.0,108221.0,0.0,108221.0,109879.0
1175,95,4,2,2081.0,108221.0,0.0,108221.0,109879.0
5044,83,4,2,3122.0,162332.0,0.0,162332.0,164818.0
2656,95,4,2,3122.0,162332.0,0.0,162332.0,164818.0
8385,81,4,2,2081.0,108221.0,0.0,108221.0,109879.0
4680,76,4,2,2081.0,108221.0,0.0,108221.0,109879.0
5765,83,4,2,2081.0,108221.0,0.0,108221.0,109879.0
3484,88,4,2,3122.0,162332.0,0.0,162332.0,164818.0
11851,89,4,2,1873.0,97399.0,0.0,97399.0,98891.0
8413,97,4,2,1873.0,97399.0,0.0,97399.0,98891.0
7072,85,4,2,1873.0,97399.0,0.0,97399.0,98891.0
8397,99,4,2,1873.0,97399.0,0.0,97399.0,98891.0
4369,77,4,2,1873.0,97399.0,0.0,97399.0,98891.0
12046,94,4,2,1873.0,97399.0,0.0,97399.0,98891.0
5452,91,4,2,1873.0,97399.0,0.0,97399.0,98891.0
11667,99,4,2,1873.0,97399.0,0.0,97399.0,98891.0
4338,89,4,2,1873.0,97399.0,0.0,97399.0,98891.0
569,90,4,2,1873.0,97399.0,0.0,97399.0,98891.0
4499,97,4,2,1873.0,97399.0,0.0,97399.0,98891.0
12604,90,4,2,1873.0,97399.0,0.0,97399.0,98891.0
10648,77,4,2,1873.0,97399.0,0.0,97399.0,98891.0
10589,95,4,2,1873.0,97399.0,0.0,97399.0,98891.0
13700,77,4,2,1873.0,97399.0,0.0,97399.0,98891.0
9440,83,4,2,1665.0,86577.0,0.0,86577.0,87903.0
12433,81,4,2,1665.0,86577.0,0.0,86577.0,87903.0
5978,81,4,2,1665.0,86577.0,0.0,86577.0,87903.0
747,89,4,2,2497.0,129865.0,0.0,129865.0,131854.0
3427,88,4,2,2081.0,108221.0,0.0,108221.0,109879.0
11333,95,4,2,1457.0,75755.0,0.0,75755.0,76915.0
12989,84,4,2,1457.0,75755.0,0.0,75755.0,76915.0
6429,89,4,2,1873.0,97399.0,0.0,97399.0,98891.0
6224,89,4,2,1873.0,97399.0,0.0,97399.0,98891.0
3933,97,4,2,1873.0,97399.0,0.0,97399.0,98891.0
13793,95,4,2,1873.0,97399.0,0.0,97399.0,98891.0
6072,100,4,2,1873.0,97399.0,0.0,97399.0,98891.0
2468,85,4,2,1873.0,97399.0,0.0,97399.0,98891.0
11440,87,4,2,687.0,35713.0,0.0,35713.0,36260.0
3661,87,4,3,228403.0,11876959.0,0.0,11876959.0,11876959.0
8022,86,4,3,195774.0,10180251.0,2262278.0,12442529.0,12442529.0
11454,94,4,3,152269.0,7917973.0,1131139.0,9049112.0,9049112.0
10734,86,4,3,141392.0,7352403.0,565570.0,7917973.0,7917973.0
5252,86,4,3,130516.0,6786834.0,565570.0,7352403.0,7352403.0
520,86,4,3,119640.0,6221264.0,1131139.0,7352403.0,7352403.0
2123,87,4,3,108763.0,5655695.0,1131139.0,6786834.0,6786834.0
3647,87,4,3,97887.0,5090125.0,565570.0,5655695.0,5655695.0
11677,86,4,3,97887.0,5090125.0,1131139.0,6221264.0,6221264.0
12287,91,4,3,130516.0,6786834.0,2262278.0,9049112.0,9049112.0
9137,86,4,3,130516.0,6786834.0,565570.0,7352403.0,7352403.0
4352,86,4,3,87011.0,4524556.0,791797.0,5316353.0,5316353.0
13116,86,4,3,82660.0,4298328.0,0.0,4298328.0,4298328.0
9770,79,4,3,78310.0,4072100.0,0.0,4072100.0,4072100.0
8333,94,4,3,76134.0,3958986.0,565570.0,4524556.0,4524556.0
5009,94,4,3,76134.0,3958986.0,565570.0,4524556.0,4524556.0
6620,86,4,3,76134.0,3958986.0,0.0,3958986.0,3958986.0
11772,75,4,3,108763.0,5655695.0,2262278.0,7917973.0,7917973.0
1911,86,4,3,108763.0,5655695.0,0.0,5655695.0,5655695.0
8922,87,4,3,71784.0,3732759.0,0.0,3732759.0,3732759.0
9631,91,4,3,69609.0,3619645.0,0.0,3619645.0,3619645.0
5016,76,4,3,69609.0,3619645.0,0.0,3619645.0,3619645.0
13277,75,4,3,97887.0,5090125.0,0.0,5090125.0,5090125.0
13350,87,4,3,97887.0,5090125.0,0.0,5090125.0,5090125.0
3302,79,4,3,65258.0,3393417.0,0.0,3393417.0,3393417.0
9704,88,4,3,65258.0,3393417.0,565570.0,3958986.0,3958986.0
596,88,4,3,65258.0,3393417.0,452456.0,3845873.0,3845873.0
9880,86,4,3,65258.0,3393417.0,565570.0,3958986.0,3958986.0
14523,75,4,3,65258.0,3393417.0,0.0,3393417.0,3393417.0
3180,91,4,3,65258.0,3393417.0,565570.0,3958986.0,3958986.0
5076,91,4,3,65258.0,3393417.0,565570.0,3958986.0,3958986.0
12706,91,4,3,65258.0,3393417.0,0.0,3393417.0,3393417.0
550,75,4,3,65258.0,3393417.0,0.0,3393417.0,3393417.0
1554,94,4,3,65258.0,3393417.0,1131139.0,4524556.0,4524556.0
3866,88,4,3,60907.0,3167189.0,0.0,3167189.0,3167189.0
3237,86,4,3,60907.0,3167189.0,0.0,3167189.0,3167189.0
7888,94,4,3,60907.0,3167189.0,0.0,3167189.0,3167189.0
2175,94,4,3,60907.0,3167189.0,791797.0,3958986.0,3958986.0
3360,86,4,3,87011.0,4524556.0,565570.0,5090125.0,5090125.0
2603,75,4,3,87011.0,4524556.0,0.0,4524556.0,4524556.0
12551,75,4,3,87011.0,4524556.0,0.0,4524556.0,4524556.0
14023,91,4,3,87011.0,4524556.0,2262278.0,6786834.0,6786834.0
12357,75,4,3,87011.0,4524556.0,0.0,4524556.0,4524556.0
4173,94,4,3,87011.0,4524556.0,0.0,4524556.0,4524556.0
13363,75,4,3,87011.0,4524556.0,0.0,4524556.0,4524556.0
3666,99,4,3,58732.0,3054075.0,0.0,3054075.0,3054075.0
5402,86,4,3,82660.0,4298328.0,0.0,4298328.0,4298328.0
7932,75,4,3,54382.0,2827847.0,0.0,2827847.0,2827847.0
12649,75,4,3,54382.0,2827847.0,0.0,2827847.0,2827847.0
4693,87,4,3,54382.0,2827847.0,0.0,2827847.0,2827847.0
530,91,4,3,54382.0,2827847.0,0.0,2827847.0,2827847.0
4978,91,4,3,54382.0,2827847.0,565570.0,3393417.0,3393417.0
11819,87,4,3,54382.0,2827847.0,0.0,2827847.0,2827847.0
3902,75,4,3,54382.0,2827847.0,0.0,2827847.0,2827847.0
13176,94,4,3,54382.0,2827847.0,1696708.0,4524556.0,4524556.0
10693,87,4,3,78310.0,4072100.0,0.0,4072100.0,4072100.0
9239,86,4,3,76134.0,3958986.0,0.0,3958986.0,3958986.0
4459,75,4,3,76134.0,3958986.0,0.0,3958986.0,3958986.0
1122,84,4,3,52206.0,2714734.0,0.0,2714734.0,2714734.0
1100,87,4,3,52206.0,2714734.0,0.0,2714734.0,2714734.0
6592,75,4,3,48944.0,2545063.0,0.0,2545063.0,2545063.0
12560,88,4,3,47856.0,2488506.0,0.0,2488506.0,2488506.0
3155,82,4,3,47856.0,2488506.0,0.0,2488506.0,2488506.0
13510,75,4,3,65258.0,3393417.0,565570.0,3958986.0,3958986.0
12043,77,4,3,43505.0,2262278.0,0.0,2262278.0,2262278.0
5878,88,4,3,43505.0,2262278.0,0.0,2262278.0,2262278.0
10757,88,4,3,43505.0,2262278.0,0.0,2262278.0,2262278.0
10951,88,4,3,43505.0,2262278.0,0.0,2262278.0,2262278.0
9558,94,4,3,43505.0,2262278.0,1131139.0,3393417.0,3393417.0
9536,94,4,3,43505.0,2262278.0,565570.0,2827847.0,2827847.0
12156,82,4,3,43505.0,2262278.0,0.0,2262278.0,2262278.0
1251,94,4,3,43505.0,2262278.0,0.0,2262278.0,2262278.0
7370,84,4,3,43505.0,2262278.0,0.0,2262278.0,2262278.0
651,91,4,3,43505.0,2262278.0,565570.0,2827847.0,2827847.0
7721,87,4,3,43505.0,2262278.0,565570.0,2827847.0,2827847.0
9990,87,4,3,43505.0,2262278.0,0.0,2262278.0,2262278.0
10064,75,4,3,60907.0,3167189.0,0.0,3167189.0,3167189.0
13093,91,4,3,60907.0,3167189.0,565570.0,3732759.0,3732759.0
1085,91,4,3,58732.0,3054075.0,339342.0,3393417.0,3393417.0
5094,91,4,3,39155.0,2036050.0,0.0,2036050.0,2036050.0
8162,91,4,3,39155.0,2036050.0,0.0,2036050.0,2036050.0
9541,88,4,3,39155.0,2036050.0,0.0,2036050.0,2036050.0
171,88,4,3,39155.0,2036050.0,0.0,2036050.0,2036050.0
11832,76,4,3,39155.0,2036050.0,0.0,2036050.0,2036050.0
2470,99,4,3,39155.0,2036050.0,0.0,2036050.0,2036050.0
14091,84,4,3,39155.0,2036050.0,0.0,2036050.0,2036050.0
12602,99,4,3,39155.0,2036050.0,0.0,2036050.0,2036050.0
2000,91,4,3,39155.0,2036050.0,0.0,2036050.0,2036050.0
9607,75,4,3,39155.0,2036050.0,452456.0,2488506.0,2488506.0
9175,94,4,3,38067.0,1979493.0,0.0,1979493.0,1979493.0
2444,76,4,3,54382.0,2827847.0,0.0,2827847.0,2827847.0
8638,75,4,3,54382.0,2827847.0,0.0,2827847.0,2827847.0
1566,87,4,3,54382.0,2827847.0,0.0,2827847.0,2827847.0
14376,86,4,3,54382.0,2827847.0,0.0,2827847.0,2827847.0
8054,94,4,3,54382.0,2827847.0,565570.0,3393417.0,3393417.0
9599,86,4,3,54382.0,2827847.0,0.0,2827847.0,2827847.0
1007,91,4,3,54382.0,2827847.0,0.0,2827847.0,2827847.0
14189,87,4,3,54382.0,2827847.0,339342.0,3167189.0,3167189.0
1494,90,4,3,36980.0,1922936.0,0.0,1922936.0,1922936.0
5217,99,4,3,36980.0,1922936.0,0.0,1922936.0,1922936.0
2791,99,4,3,36980.0,1922936.0,0.0,1922936.0,1922936.0
13212,75,4,3,36980.0,1922936.0,0.0,1922936.0,1922936.0
2582,81,4,3,36980.0,1922936.0,0.0,1922936.0,1922936.0
8918,88,4,3,36980.0,1922936.0,0.0,1922936.0,1922936.0
13409,77,4,3,34804.0,1809822.0,0.0,1809822.0,1809822.0
7587,87,4,3,34804.0,1809822.0,452456.0,2262278.0,2262278.0
12252,82,4,3,34804.0,1809822.0,0.0,1809822.0,1809822.0
1414,99,4,3,34804.0,1809822.0,0.0,1809822.0,1809822.0
2304,86,4,3,47856.0,2488506.0,0.0,2488506.0,2488506.0
10241,82,4,3,47856.0,2488506.0,339342.0,2827847.0,2827847.0
11484,88,4,3,47856.0,2488506.0,0.0,2488506.0,2488506.0
393,82,4,3,47856.0,2488506.0,0.0,2488506.0,2488506.0
9430,76,4,3,47856.0,2488506.0,0.0,2488506.0,2488506.0
9694,87,4,3,32629.0,1696708.0,0.0,1696708.0,1696708.0
776,100,4,3,32629.0,1696708.0,0.0,1696708.0,1696708.0
4227,82,4,3,32629.0,1696708.0,339342.0,2036050.0,2036050.0
12134,90,4,3,32629.0,1696708.0,0.0,1696708.0,1696708.0
7911,86,4,3,32629.0,1696708.0,0.0,1696708.0,1696708.0
2422,99,4,3,32629.0,1696708.0,0.0,1696708.0,1696708.0
7078,86,4,3,32629.0,1696708.0,0.0,1696708.0,1696708.0
5412,92,4,3,32629.0,1696708.0,0.0,1696708.0,1696708.0
1121,90,4,3,32629.0,1696708.0,0.0,1696708.0,1696708.0
4655,86,4,3,32629.0,1696708.0,0.0,1696708.0,1696708.0
3848,99,4,3,32629.0,1696708.0,0.0,1696708.0,1696708.0
7210,76,4,3,32629.0,1696708.0,0.0,1696708.0,1696708.0
5058,76,4,3,32629.0,1696708.0,0.0,1696708.0,1696708.0
3037,82,4,3,32629.0,1696708.0,565570.0,2262278.0,2262278.0
9153,82,4,3,45681.0,2375392.0,0.0,2375392.0,2375392.0
4359,87,4,3,30454.0,1583595.0,0.0,1583595.0,1583595.0
7528,99,4,3,30454.0,1583595.0,0.0,1583595.0,1583595.0
14612,94,4,3,43505.0,2262278.0,0.0,2262278.0,2262278.0
12709,76,4,3,43505.0,2262278.0,0.0,2262278.0,2262278.0
14555,75,4,3,43505.0,2262278.0,0.0,2262278.0,2262278.0
3716,76,4,3,43505.0,2262278.0,0.0,2262278.0,2262278.0
4993,101,4,3,43505.0,2262278.0,0.0,2262278.0,2262278.0
10843,99,4,3,43505.0,2262278.0,0.0,2262278.0,2262278.0
13585,87,4,3,43505.0,2262278.0,0.0,2262278.0,2262278.0
2062,88,4,3,43505.0,2262278.0,0.0,2262278.0,2262278.0
11634,87,4,3,43505.0,2262278.0,452456.0,2714734.0,2714734.0
9493,91,4,3,43505.0,2262278.0,565570.0,2827847.0,2827847.0
8437,88,4,3,28278.0,1470481.0,0.0,1470481.0,1470481.0
13506,88,4,3,28278.0,1470481.0,452456.0,1922936.0,1922936.0
4536,88,4,3,28278.0,1470481.0,0.0,1470481.0,1470481.0
8466,82,4,3,39155.0,2036050.0,0.0,2036050.0,2036050.0
13936,88,4,3,39155.0,2036050.0,0.0,2036050.0,2036050.0
209,76,4,3,39155.0,2036050.0,0.0,2036050.0,2036050.0
4607,100,4,3,39155.0,2036050.0,0.0,2036050.0,2036050.0
1477,87,4,3,38067.0,1979493.0,0.0,1979493.0,1979493.0
8449,82,4,3,26103.0,1357367.0,0.0,1357367.0,1357367.0
1106,82,4,3,26103.0,1357367.0,904911.0,2262278.0,2262278.0
7192,87,4,3,26103.0,1357367.0,0.0,1357367.0,1357367.0
9932,82,4,3,26103.0,1357367.0,0.0,1357367.0,1357367.0
7236,77,4,3,26103.0,1357367.0,452456.0,1809822.0,1809822.0
815,101,4,3,26103.0,1357367.0,0.0,1357367.0,1357367.0
11346,88,4,3,26103.0,1357367.0,0.0,1357367.0,1357367.0
8269,87,4,3,26103.0,1357367.0,0.0,1357367.0,1357367.0
1002,82,4,3,26103.0,1357367.0,0.0,1357367.0,1357367.0
12828,79,4,3,26103.0,1357367.0,339342.0,1696708.0,1696708.0
11759,91,4,3,26103.0,1357367.0,339342.0,1696708.0,1696708.0
3386,94,4,3,26103.0,1357367.0,0.0,1357367.0,1357367.0
13221,85,4,3,34804.0,1809822.0,0.0,1809822.0,1809822.0
11242,82,4,3,34804.0,1809822.0,0.0,1809822.0,1809822.0
13662,88,4,3,34804.0,1809822.0,0.0,1809822.0,1809822.0
2967,76,4,3,23928.0,1244253.0,452456.0,1696708.0,1696708.0
4613,78,4,3,23493.0,1221630.0,0.0,1221630.0,1221630.0
13693,94,4,3,23493.0,1221630.0,0.0,1221630.0,1221630.0
12386,76,4,3,32629.0,1696708.0,0.0,1696708.0,1696708.0
14144,75,4,3,32629.0,1696708.0,0.0,1696708.0,1696708.0
13954,99,4,3,32629.0,1696708.0,0.0,1696708.0,1696708.0
14454,78,4,3,32629.0,1696708.0,0.0,1696708.0,1696708.0
5225,88,4,3,32629.0,1696708.0,0.0,1696708.0,1696708.0
7378,81,4,3,32629.0,1696708.0,0.0,1696708.0,1696708.0
3797,94,4,3,32629.0,1696708.0,0.0,1696708.0,1696708.0
3565,82,4,3,32629.0,1696708.0,0.0,1696708.0,1696708.0
14357,86,4,3,32629.0,1696708.0,339342.0,2036050.0,2036050.0
3351,92,4,3,32629.0,1696708.0,565570.0,2262278.0,2262278.0
8031,76,4,3,32629.0,1696708.0,0.0,1696708.0,1696708.0
1290,89,4,3,21753.0,1131139.0,0.0,1131139.0,1131139.0
3733,82,4,3,21753.0,1131139.0,0.0,1131139.0,1131139.0
4863,90,4,3,21753.0,1131139.0,0.0,1131139.0,1131139.0
6045,78,4,3,21753.0,1131139.0,0.0,1131139.0,1131139.0
13164,90,4,3,21753.0,1131139.0,0.0,1131139.0,1131139.0
3044,90,4,3,21753.0,1131139.0,0.0,1131139.0,1131139.0
10728,85,4,3,21753.0,1131139.0,0.0,1131139.0,1131139.0
14366,99,4,3,21753.0,1131139.0,0.0,1131139.0,1131139.0
11781,76,4,3,21753.0,1131139.0,0.0,1131139.0,1131139.0
12679,94,4,3,21753.0,1131139.0,0.0,1131139.0,1131139.0
11972,77,4,3,21753.0,1131139.0,0.0,1131139.0,1131139.0
5727,101,4,3,21753.0,1131139.0,0.0,1131139.0,1131139.0
10764,82,4,3,21753.0,1131139.0,0.0,1131139.0,1131139.0
3228,77,4,3,21753.0,1131139.0,0.0,1131139.0,1131139.0
11664,82,4,3,21753.0,1131139.0,339342.0,1470481.0,1470481.0
4862,88,4,3,21753.0,1131139.0,0.0,1131139.0,1131139.0
10966,76,4,3,21753.0,1131139.0,0.0,1131139.0,1131139.0
10731,78,4,3,21753.0,1131139.0,0.0,1131139.0,1131139.0
7228,91,4,3,21753.0,1131139.0,226228.0,1357367.0,1357367.0
12752,78,4,3,21753.0,1131139.0,0.0,1131139.0,1131139.0
10743,77,4,3,21753.0,1131139.0,0.0,1131139.0,1131139.0
415,79,4,3,21753.0,1131139.0,226228.0,1357367.0,1357367.0
9855,79,4,3,21753.0,1131139.0,0.0,1131139.0,1131139.0
13718,77,4,3,21753.0,1131139.0,0.0,1131139.0,1131139.0
3227,75,4,3,21753.0,1131139.0,0.0,1131139.0,1131139.0
2044,99,4,3,21753.0,1131139.0,0.0,1131139.0,1131139.0
8368,88,4,3,21753.0,1131139.0,0.0,1131139.0,1131139.0
9033,76,4,3,21753.0,1131139.0,0.0,1131139.0,1131139.0
11335,91,4,3,21753.0,1131139.0,0.0,1131139.0,1131139.0
4252,84,4,3,21753.0,1131139.0,0.0,1131139.0,1131139.0
11577,91,4,3,21753.0,1131139.0,0.0,1131139.0,1131139.0
9190,76,4,3,21753.0,1131139.0,0.0,1131139.0,1131139.0
9281,76,4,3,21753.0,1131139.0,0.0,1131139.0,1131139.0
10104,84,4,3,30454.0,1583595.0,0.0,1583595.0,1583595.0
11542,99,4,3,30454.0,1583595.0,0.0,1583595.0,1583595.0
5759,76,4,3,28278.0,1470481.0,0.0,1470481.0,1470481.0
9614,88,4,3,28278.0,1470481.0,0.0,1470481.0,1470481.0
2579,100,4,3,19577.0,1018025.0,0.0,1018025.0,1018025.0
11675,82,4,3,19577.0,1018025.0,0.0,1018025.0,1018025.0
3246,76,4,3,28278.0,1470481.0,0.0,1470481.0,1470481.0
10696,81,4,3,19577.0,1018025.0,0.0,1018025.0,1018025.0
4996,90,4,3,19577.0,1018025.0,0.0,1018025.0,1018025.0
6337,90,4,3,19577.0,1018025.0,0.0,1018025.0,1018025.0
4008,92,4,3,19577.0,1018025.0,0.0,1018025.0,1018025.0
12685,99,4,3,19577.0,1018025.0,0.0,1018025.0,1018025.0
8695,77,4,3,19577.0,1018025.0,0.0,1018025.0,1018025.0
2820,91,4,3,26103.0,1357367.0,0.0,1357367.0,1357367.0
5861,99,4,3,26103.0,1357367.0,0.0,1357367.0,1357367.0
976,85,4,3,17620.0,916223.0,0.0,916223.0,916223.0
9039,76,4,3,17402.0,904911.0,0.0,904911.0,904911.0
12004,87,4,3,17402.0,904911.0,0.0,904911.0,904911.0
1944,76,4,3,17402.0,904911.0,0.0,904911.0,904911.0
9593,92,4,3,17402.0,904911.0,0.0,904911.0,904911.0
13481,87,4,3,17402.0,904911.0,0.0,904911.0,904911.0
11355,90,4,3,17402.0,904911.0,0.0,904911.0,904911.0
1020,79,4,3,17402.0,904911.0,0.0,904911.0,904911.0
9628,90,4,3,17402.0,904911.0,0.0,904911.0,904911.0
12947,90,4,3,17402.0,904911.0,0.0,904911.0,904911.0
8230,81,4,3,17402.0,904911.0,0.0,904911.0,904911.0
11619,94,4,3,17402.0,904911.0,0.0,904911.0,904911.0
4507,75,4,3,17402.0,904911.0,0.0,904911.0,904911.0
11930,88,4,3,17402.0,904911.0,0.0,904911.0,904911.0
5784,75,4,3,17402.0,904911.0,226228.0,1131139.0,1131139.0
6492,101,4,3,16315.0,848354.0,0.0,848354.0,848354.0
6322,84,4,3,16315.0,848354.0,0.0,848354.0,848354.0
13259,86,4,3,16315.0,848354.0,0.0,848354.0,848354.0
9861,84,4,3,16315.0,848354.0,0.0,848354.0,848354.0
8867,92,4,3,16315.0,848354.0,0.0,848354.0,848354.0
10753,87,4,3,16315.0,848354.0,0.0,848354.0,848354.0
9903,79,4,3,16315.0,848354.0,0.0,848354.0,848354.0
8019,100,4,3,16315.0,848354.0,0.0,848354.0,848354.0
10749,82,4,3,16315.0,848354.0,0.0,848354.0,848354.0
8157,78,4,3,15227.0,791797.0,0.0,791797.0,791797.0
13971,99,4,3,15227.0,791797.0,0.0,791797.0,791797.0
420,81,4,3,15227.0,791797.0,0.0,791797.0,791797.0
7764,101,4,3,15227.0,791797.0,0.0,791797.0,791797.0
7385,100,4,3,15227.0,791797.0,0.0,791797.0,791797.0
435,79,4,3,15227.0,791797.0,0.0,791797.0,791797.0
4762,89,4,3,15227.0,791797.0,0.0,791797.0,791797.0
9120,99,4,3,15227.0,791797.0,0.0,791797.0,791797.0
3011,79,4,3,15227.0,791797.0,0.0,791797.0,791797.0
9075,81,4,3,15227.0,791797.0,0.0,791797.0,791797.0
11176,100,4,3,15227.0,791797.0,0.0,791797.0,791797.0
9673,84,4,3,15227.0,791797.0,0.0,791797.0,791797.0
277,99,4,3,21753.0,1131139.0,0.0,1131139.0,1131139.0
11923,78,4,3,21753.0,1131139.0,0.0,1131139.0,1131139.0
174,99,4,3,21753.0,1131139.0,0.0,1131139.0,1131139.0
10887,75,4,3,21753.0,1131139.0,0.0,1131139.0,1131139.0
10121,94,4,3,21753.0,1131139.0,0.0,1131139.0,1131139.0
11668,81,4,3,21753.0,1131139.0,0.0,1131139.0,1131139.0
2574,101,4,3,21753.0,1131139.0,0.0,1131139.0,1131139.0
20,84,4,3,21753.0,1131139.0,0.0,1131139.0,1131139.0
770,94,4,3,21753.0,1131139.0,0.0,1131139.0,1131139.0
12397,84,4,3,21753.0,1131139.0,0.0,1131139.0,1131139.0
10888,91,4,3,21753.0,1131139.0,0.0,1131139.0,1131139.0
3571,85,4,3,21753.0,1131139.0,0.0,1131139.0,1131139.0
9165,88,4,3,21753.0,1131139.0,0.0,1131139.0,1131139.0
8203,77,4,3,21753.0,1131139.0,0.0,1131139.0,1131139.0
8390,90,4,3,14792.0,769175.0,0.0,769175.0,769175.0
10831,77,4,3,21100.0,1097205.0,0.0,1097205.0,1097205.0
5376,100,4,3,19577.0,1018025.0,0.0,1018025.0,1018025.0
6416,77,4,3,13052.0,678683.0,0.0,678683.0,678683.0
10428,92,4,3,13052.0,678683.0,0.0,678683.0,678683.0
11692,92,4,3,13052.0,678683.0,0.0,678683.0,678683.0
4331,89,4,3,13052.0,678683.0,0.0,678683.0,678683.0
6768,101,4,3,13052.0,678683.0,0.0,678683.0,678683.0
14276,89,4,3,13052.0,678683.0,0.0,678683.0,678683.0
2499,82,4,3,13052.0,678683.0,0.0,678683.0,678683.0
14517,81,4,3,13052.0,678683.0,113114.0,791797.0,791797.0
6484,100,4,3,13052.0,678683.0,0.0,678683.0,678683.0
3081,90,4,3,13052.0,678683.0,0.0,678683.0,678683.0
2473,101,4,3,13052.0,678683.0,0.0,678683.0,678683.0
3980,81,4,3,13052.0,678683.0,226228.0,904911.0,904911.0
637,75,4,3,13052.0,678683.0,226228.0,904911.0,904911.0
8969,79,4,3,13052.0,678683.0,0.0,678683.0,678683.0
5235,99,4,3,13052.0,678683.0,0.0,678683.0,678683.0
14626,78,4,3,13052.0,678683.0,0.0,678683.0,678683.0
10054,101,4,3,13052.0,678683.0,0.0,678683.0,678683.0
12749,99,4,3,13052.0,678683.0,0.0,678683.0,678683.0
7046,78,4,3,13052.0,678683.0,0.0,678683.0,678683.0
13676,90,4,3,13052.0,678683.0,113114.0,791797.0,791797.0
4846,78,4,3,13052.0,678683.0,0.0,678683.0,678683.0
10739,77,4,3,13052.0,678683.0,0.0,678683.0,678683.0
11099,85,4,3,18707.0,972780.0,0.0,972780.0,972780.0
6873,79,4,3,18490.0,961468.0,0.0,961468.0,961468.0
6876,82,4,3,18490.0,961468.0,0.0,961468.0,961468.0
10304,84,4,3,12182.0,633438.0,0.0,633438.0,633438.0
10110,92,4,3,17402.0,904911.0,0.0,904911.0,904911.0
2649,88,4,3,17402.0,904911.0,0.0,904911.0,904911.0
8823,75,4,3,17402.0,904911.0,226228.0,1131139.0,1131139.0
14319,82,4,3,17402.0,904911.0,0.0,904911.0,904911.0
6483,89,4,3,17402.0,904911.0,226228.0,1131139.0,1131139.0
6034,100,4,3,17402.0,904911.0,0.0,904911.0,904911.0
3928,77,4,3,17402.0,904911.0,0.0,904911.0,904911.0
10298,84,4,3,17402.0,904911.0,0.0,904911.0,904911.0
246,92,4,3,17402.0,904911.0,0.0,904911.0,904911.0
6730,84,4,3,17402.0,904911.0,0.0,904911.0,904911.0
9979,77,4,3,17402.0,904911.0,226228.0,1131139.0,1131139.0
2862,77,4,3,17402.0,904911.0,0.0,904911.0,904911.0
14019,94,4,3,11964.0,622126.0,0.0,622126.0,622126.0
13143,76,4,3,16967.0,882288.0,0.0,882288.0,882288.0
10659,89,4,3,11746.0,610815.0,0.0,610815.0,610815.0
6534,77,4,3,16315.0,848354.0,0.0,848354.0,848354.0
1375,89,4,3,11311.0,588192.0,0.0,588192.0,588192.0
2138,100,4,3,16315.0,848354.0,0.0,848354.0,848354.0
1344,78,4,3,15879.0,825731.0,0.0,825731.0,825731.0
576,92,4,3,10876.0,565570.0,0.0,565570.0,565570.0
9081,75,4,3,10876.0,565570.0,0.0,565570.0,565570.0
5543,76,4,3,10876.0,565570.0,0.0,565570.0,565570.0
9639,76,4,3,10876.0,565570.0,0.0,565570.0,565570.0
2439,77,4,3,10876.0,565570.0,0.0,565570.0,565570.0
9305,77,4,3,10876.0,565570.0,0.0,565570.0,565570.0
12644,77,4,3,10876.0,565570.0,0.0,565570.0,565570.0
178,78,4,3,10876.0,565570.0,0.0,565570.0,565570.0
5000,78,4,3,10876.0,565570.0,0.0,565570.0,565570.0
10424,78,4,3,10876.0,565570.0,0.0,565570.0,565570.0
13687,78,4,3,10876.0,565570.0,0.0,565570.0,565570.0
1620,79,4,3,10876.0,565570.0,0.0,565570.0,565570.0
6314,79,4,3,10876.0,565570.0,0.0,565570.0,565570.0
10633,79,4,3,10876.0,565570.0,113114.0,678683.0,678683.0
11525,79,4,3,10876.0,565570.0,0.0,565570.0,565570.0
14391,79,4,3,10876.0,565570.0,0.0,565570.0,565570.0
5111,81,4,3,10876.0,565570.0,0.0,565570.0,565570.0
8311,81,4,3,10876.0,565570.0,0.0,565570.0,565570.0
9681,81,4,3,10876.0,565570.0,0.0,565570.0,565570.0
13711,82,4,3,10876.0,565570.0,0.0,565570.0,565570.0
2154,84,4,3,10876.0,565570.0,0.0,565570.0,565570.0
3235,85,4,3,10876.0,565570.0,0.0,565570.0,565570.0
10661,86,4,3,10876.0,565570.0,0.0,565570.0,565570.0
410,87,4,3,10876.0,565570.0,0.0,565570.0,565570.0
10761,87,4,3,10876.0,565570.0,0.0,565570.0,565570.0
1059,88,4,3,10876.0,565570.0,0.0,565570.0,565570.0
11025,88,4,3,10876.0,565570.0,0.0,565570.0,565570.0
1104,90,4,3,10876.0,565570.0,0.0,565570.0,565570.0
536,92,4,3,10876.0,565570.0,0.0,565570.0,565570.0
3895,92,4,3,10876.0,565570.0,0.0,565570.0,565570.0
5959,92,4,3,10876.0,565570.0,0.0,565570.0,565570.0
14622,92,4,3,10876.0,565570.0,0.0,565570.0,565570.0
1015,94,4,3,10876.0,565570.0,0.0,565570.0,565570.0
12617,100,4,3,15227.0,791797.0,0.0,791797.0,791797.0
9321,100,4,3,15227.0,791797.0,0.0,791797.0,791797.0
10992,81,4,3,15227.0,791797.0,0.0,791797.0,791797.0
8769,100,4,3,15227.0,791797.0,0.0,791797.0,791797.0
12499,77,4,3,15227.0,791797.0,0.0,791797.0,791797.0
13243,81,4,3,15227.0,791797.0,226228.0,1018025.0,1018025.0
1452,81,4,3,15227.0,791797.0,0.0,791797.0,791797.0
7802,100,4,3,15227.0,791797.0,0.0,791797.0,791797.0
7562,100,4,3,15227.0,791797.0,0.0,791797.0,791797.0
13166,90,4,3,10006.0,520324.0,0.0,520324.0,520324.0
3107,85,4,3,9789.0,509013.0,0.0,509013.0,509013.0
833,79,4,3,9789.0,509013.0,0.0,509013.0,509013.0
2943,101,4,3,9789.0,509013.0,0.0,509013.0,509013.0
12593,90,4,3,9789.0,509013.0,0.0,509013.0,509013.0
1467,88,4,3,9789.0,509013.0,0.0,509013.0,509013.0
556,79,4,3,9136.0,475078.0,0.0,475078.0,475078.0
8025,92,4,3,13052.0,678683.0,0.0,678683.0,678683.0
245,92,4,3,13052.0,678683.0,0.0,678683.0,678683.0
70,85,4,3,13052.0,678683.0,0.0,678683.0,678683.0
7989,89,4,3,13052.0,678683.0,0.0,678683.0,678683.0
14494,92,4,3,13052.0,678683.0,0.0,678683.0,678683.0
2215,84,4,3,13052.0,678683.0,0.0,678683.0,678683.0
12075,101,4,3,13052.0,678683.0,0.0,678683.0,678683.0
8485,79,4,3,13052.0,678683.0,0.0,678683.0,678683.0
1916,84,4,3,8701.0,452456.0,0.0,452456.0,452456.0
1886,77,4,3,8701.0,452456.0,0.0,452456.0,452456.0
5079,77,4,3,8701.0,452456.0,0.0,452456.0,452456.0
2045,92,4,3,8701.0,452456.0,0.0,452456.0,452456.0
12384,100,4,3,8701.0,452456.0,0.0,452456.0,452456.0
3740,79,4,3,8701.0,452456.0,0.0,452456.0,452456.0
13347,89,4,3,8701.0,452456.0,0.0,452456.0,452456.0
4821,79,4,3,8701.0,452456.0,0.0,452456.0,452456.0
541,78,4,3,8701.0,452456.0,0.0,452456.0,452456.0
2842,100,4,3,8701.0,452456.0,0.0,452456.0,452456.0
13973,87,4,3,8701.0,452456.0,0.0,452456.0,452456.0
4866,101,4,3,8701.0,452456.0,0.0,452456.0,452456.0
12751,81,4,3,8701.0,452456.0,0.0,452456.0,452456.0
7855,84,4,3,8701.0,452456.0,0.0,452456.0,452456.0
2486,85,4,3,8701.0,452456.0,0.0,452456.0,452456.0
9475,92,4,3,8701.0,452456.0,0.0,452456.0,452456.0
4370,77,4,3,8701.0,452456.0,0.0,452456.0,452456.0
9531,82,4,3,8701.0,452456.0,0.0,452456.0,452456.0
577,84,4,3,8701.0,452456.0,0.0,452456.0,452456.0
4479,89,4,3,7613.0,395899.0,0.0,395899.0,395899.0
4848,89,4,3,7613.0,395899.0,0.0,395899.0,395899.0
11926,100,4,3,7613.0,395899.0,0.0,395899.0,395899.0
13067,100,4,3,7613.0,395899.0,0.0,395899.0,395899.0
9983,78,4,3,7613.0,395899.0,0.0,395899.0,395899.0
9698,81,4,3,7613.0,395899.0,0.0,395899.0,395899.0
559,101,4,3,7613.0,395899.0,0.0,395899.0,395899.0
13160,84,4,3,7613.0,395899.0,0.0,395899.0,395899.0
11356,79,4,3,10876.0,565570.0,0.0,565570.0,565570.0
3803,78,4,3,10876.0,565570.0,0.0,565570.0,565570.0
12435,81,4,3,10876.0,565570.0,0.0,565570.0,565570.0
7955,89,4,3,10876.0,565570.0,0.0,565570.0,565570.0
13838,81,4,3,10876.0,565570.0,0.0,565570.0,565570.0
3576,101,4,3,10876.0,565570.0,0.0,565570.0,565570.0
6575,89,4,3,10876.0,565570.0,0.0,565570.0,565570.0
12978,92,4,3,10876.0,565570.0,0.0,565570.0,565570.0
4542,85,4,3,10876.0,565570.0,0.0,565570.0,565570.0
1334,85,4,3,7178.0,373276.0,0.0,373276.0,373276.0
4791,92,4,3,6961.0,361964.0,0.0,361964.0,361964.0
7734,89,4,3,6961.0,361964.0,0.0,361964.0,361964.0
13943,92,4,3,9789.0,509013.0,0.0,509013.0,509013.0
14463,89,4,3,9789.0,509013.0,0.0,509013.0,509013.0
11192,77,4,3,9789.0,509013.0,0.0,509013.0,509013.0
9157,101,4,3,9789.0,509013.0,0.0,509013.0,509013.0
7429,90,4,3,6526.0,339342.0,0.0,339342.0,339342.0
12144,78,4,3,6526.0,339342.0,0.0,339342.0,339342.0
698,79,4,3,6526.0,339342.0,0.0,339342.0,339342.0
7850,89,4,3,6526.0,339342.0,0.0,339342.0,339342.0
11852,89,4,3,6526.0,339342.0,0.0,339342.0,339342.0
12656,89,4,3,6526.0,339342.0,0.0,339342.0,339342.0
12049,75,4,3,6526.0,339342.0,0.0,339342.0,339342.0
6698,101,4,3,6526.0,339342.0,0.0,339342.0,339342.0
12579,87,4,3,6526.0,339342.0,0.0,339342.0,339342.0
2293,87,4,3,6526.0,339342.0,0.0,339342.0,339342.0
4484,101,4,3,6526.0,339342.0,0.0,339342.0,339342.0
7564,90,4,3,6526.0,339342.0,0.0,339342.0,339342.0
11087,90,4,3,6526.0,339342.0,0.0,339342.0,339342.0
2976,85,4,3,6526.0,339342.0,0.0,339342.0,339342.0
8591,91,4,3,6526.0,339342.0,0.0,339342.0,339342.0
10775,91,4,3,6526.0,339342.0,0.0,339342.0,339342.0
2565,89,4,3,6526.0,339342.0,0.0,339342.0,339342.0
5086,92,4,3,6526.0,339342.0,0.0,339342.0,339342.0
12061,101,4,3,6526.0,339342.0,0.0,339342.0,339342.0
9428,92,4,3,6526.0,339342.0,0.0,339342.0,339342.0
12052,82,4,3,6526.0,339342.0,0.0,339342.0,339342.0
13589,81,4,3,6526.0,339342.0,0.0,339342.0,339342.0
437,99,4,3,6526.0,339342.0,0.0,339342.0,339342.0
1386,99,4,3,6526.0,339342.0,0.0,339342.0,339342.0
5888,79,4,3,6526.0,339342.0,0.0,339342.0,339342.0
1231,92,4,3,9136.0,475078.0,0.0,475078.0,475078.0
2369,85,4,3,6308.0,328030.0,0.0,328030.0,328030.0
10147,101,4,3,8919.0,463767.0,0.0,463767.0,463767.0
9308,85,4,3,6091.0,316719.0,0.0,316719.0,316719.0
373,84,4,3,8701.0,452456.0,0.0,452456.0,452456.0
4932,90,4,3,8701.0,452456.0,0.0,452456.0,452456.0
6957,100,4,3,8701.0,452456.0,0.0,452456.0,452456.0
13683,85,4,3,8701.0,452456.0,0.0,452456.0,452456.0
4027,100,4,3,8701.0,452456.0,0.0,452456.0,452456.0
8328,85,4,3,5873.0,305408.0,0.0,305408.0,305408.0
9687,78,4,3,5438.0,282785.0,0.0,282785.0,282785.0
5846,79,4,3,5438.0,282785.0,0.0,282785.0,282785.0
2829,85,4,3,5438.0,282785.0,0.0,282785.0,282785.0
3012,85,4,3,5438.0,282785.0,0.0,282785.0,282785.0
10350,79,4,3,5438.0,282785.0,0.0,282785.0,282785.0
3415,85,4,3,5438.0,282785.0,0.0,282785.0,282785.0
4122,77,4,3,5438.0,282785.0,0.0,282785.0,282785.0
8323,100,4,3,5438.0,282785.0,0.0,282785.0,282785.0
12999,85,4,3,5438.0,282785.0,0.0,282785.0,282785.0
9651,79,4,3,5438.0,282785.0,0.0,282785.0,282785.0
3193,100,4,3,5438.0,282785.0,0.0,282785.0,282785.0
5587,79,4,3,5438.0,282785.0,0.0,282785.0,282785.0
10651,84,4,3,5438.0,282785.0,0.0,282785.0,282785.0
9158,84,4,3,5438.0,282785.0,169671.0,452456.0,452456.0
3052,89,4,3,5438.0,282785.0,0.0,282785.0,282785.0
524,85,4,3,5438.0,282785.0,0.0,282785.0,282785.0
12996,100,4,3,5438.0,282785.0,0.0,282785.0,282785.0
9966,101,4,3,7613.0,395899.0,0.0,395899.0,395899.0
10821,89,4,3,7613.0,395899.0,0.0,395899.0,395899.0
6292,101,4,3,7613.0,395899.0,0.0,395899.0,395899.0
10982,100,4,3,7613.0,395899.0,0.0,395899.0,395899.0
5945,85,4,3,7613.0,395899.0,0.0,395899.0,395899.0
9634,78,4,3,5221.0,271473.0,0.0,271473.0,271473.0
5291,89,4,3,4786.0,248851.0,0.0,248851.0,248851.0
995,99,4,3,4786.0,248851.0,0.0,248851.0,248851.0
4683,101,4,3,4786.0,248851.0,0.0,248851.0,248851.0
7708,90,4,3,4786.0,248851.0,0.0,248851.0,248851.0
2009,101,4,3,6526.0,339342.0,0.0,339342.0,339342.0
11507,90,4,3,6526.0,339342.0,0.0,339342.0,339342.0
13007,91,4,3,6526.0,339342.0,0.0,339342.0,339342.0
11471,85,4,3,6526.0,339342.0,0.0,339342.0,339342.0
6842,87,4,3,4351.0,226228.0,0.0,226228.0,226228.0
13610,85,4,3,4351.0,226228.0,0.0,226228.0,226228.0
9870,89,4,3,4351.0,226228.0,0.0,226228.0,226228.0
1737,89,4,3,4351.0,226228.0,0.0,226228.0,226228.0
3017,100,4,3,4351.0,226228.0,0.0,226228.0,226228.0
5979,81,4,3,4351.0,226228.0,0.0,226228.0,226228.0
5827,101,4,3,4351.0,226228.0,0.0,226228.0,226228.0
8342,75,4,3,4351.0,226228.0,0.0,226228.0,226228.0
8417,81,4,3,4351.0,226228.0,0.0,226228.0,226228.0
8317,77,4,3,4351.0,226228.0,0.0,226228.0,226228.0
5314,101,4,3,4351.0,226228.0,0.0,226228.0,226228.0
3962,99,4,3,5873.0,305408.0,0.0,305408.0,305408.0
11392,84,4,3,3915.0,203605.0,0.0,203605.0,203605.0
1594,90,4,3,3915.0,203605.0,0.0,203605.0,203605.0
13484,89,4,3,3915.0,203605.0,0.0,203605.0,203605.0
9512,85,4,3,3915.0,203605.0,0.0,203605.0,203605.0
1195,77,4,3,3915.0,203605.0,0.0,203605.0,203605.0
603,101,4,3,3915.0,203605.0,0.0,203605.0,203605.0
8492,94,4,3,3807.0,197949.0,0.0,197949.0,197949.0
10199,89,4,3,5438.0,282785.0,0.0,282785.0,282785.0
13447,100,4,3,5438.0,282785.0,0.0,282785.0,282785.0
8234,81,4,3,5438.0,282785.0,0.0,282785.0,282785.0
6382,84,4,3,3698.0,192294.0,0.0,192294.0,192294.0
3384,81,4,3,5221.0,271473.0,0.0,271473.0,271473.0
836,99,4,3,3480.0,180982.0,0.0,180982.0,180982.0
823,99,4,3,3263.0,169671.0,0.0,169671.0,169671.0
9073,89,4,3,3263.0,169671.0,0.0,169671.0,169671.0
11785,86,4,3,3263.0,169671.0,0.0,169671.0,169671.0
14468,85,4,3,3263.0,169671.0,0.0,169671.0,169671.0
12734,84,4,3,3263.0,169671.0,0.0,169671.0,169671.0
3737,92,4,3,3263.0,169671.0,0.0,169671.0,169671.0
2194,94,4,3,3263.0,169671.0,0.0,169671.0,169671.0
14605,99,4,3,3263.0,169671.0,0.0,169671.0,169671.0
1567,100,4,3,3263.0,169671.0,0.0,169671.0,169671.0
5636,100,4,3,3263.0,169671.0,0.0,169671.0,169671.0
10649,77,4,3,3263.0,169671.0,0.0,169671.0,169671.0
4297,101,4,3,3263.0,169671.0,0.0,169671.0,169671.0
4713,101,4,3,3263.0,169671.0,0.0,169671.0,169671.0
9612,101,4,3,3263.0,169671.0,0.0,169671.0,169671.0
3833,89,4,3,3263.0,169671.0,0.0,169671.0,169671.0
1340,92,4,3,4351.0,226228.0,0.0,226228.0,226228.0
3024,84,4,3,3045.0,158359.0,0.0,158359.0,158359.0
2981,85,4,3,3045.0,158359.0,0.0,158359.0,158359.0
7808,78,4,3,2828.0,147048.0,0.0,147048.0,147048.0
13128,90,4,3,2610.0,135737.0,0.0,135737.0,135737.0
516,78,4,3,2610.0,135737.0,0.0,135737.0,135737.0
2795,88,4,3,2610.0,135737.0,0.0,135737.0,135737.0
9061,76,4,3,2610.0,135737.0,0.0,135737.0,135737.0
1014,92,4,3,2610.0,135737.0,0.0,135737.0,135737.0
12783,90,4,3,2610.0,135737.0,0.0,135737.0,135737.0
7357,85,4,3,2175.0,113114.0,0.0,113114.0,113114.0
8258,84,4,3,2175.0,113114.0,0.0,113114.0,113114.0
9623,100,4,3,2175.0,113114.0,0.0,113114.0,113114.0
4336,81,4,3,2175.0,113114.0,0.0,113114.0,113114.0
4681,76,4,3,2175.0,113114.0,0.0,113114.0,113114.0
6706,89,4,3,2175.0,113114.0,0.0,113114.0,113114.0
529,90,4,3,2175.0,113114.0,0.0,113114.0,113114.0
11625,79,4,3,2175.0,113114.0,0.0,113114.0,113114.0
5187,85,4,3,2175.0,113114.0,0.0,113114.0,113114.0
5438,84,4,3,2175.0,113114.0,0.0,113114.0,113114.0
3649,92,4,3,1958.0,101803.0,0.0,101803.0,101803.0
1116,90,4,3,1958.0,101803.0,0.0,101803.0,101803.0
10441,79,4,3,1958.0,101803.0,0.0,101803.0,101803.0
12605,90,4,3,1958.0,101803.0,0.0,101803.0,101803.0
9736,79,4,3,1958.0,101803.0,0.0,101803.0,101803.0
5108,79,4,3,1958.0,101803.0,0.0,101803.0,101803.0
10592,94,4,3,1958.0,101803.0,0.0,101803.0,101803.0
4490,88,4,3,1958.0,101803.0,0.0,101803.0,101803.0
591,79,4,3,1740.0,90491.0,0.0,90491.0,90491.0
12434,81,4,3,1740.0,90491.0,0.0,90491.0,90491.0
12432,101,4,3,1740.0,90491.0,0.0,90491.0,90491.0
12056,92,4,3,1740.0,90491.0,0.0,90491.0,90491.0
2675,91,4,3,1740.0,90491.0,0.0,90491.0,90491.0
4412,79,4,3,1740.0,90491.0,0.0,90491.0,90491.0
3243,88,4,3,1740.0,90491.0,0.0,90491.0,90491.0
13988,89,4,3,1523.0,79180.0,0.0,79180.0,79180.0
11994,94,4,3,1523.0,79180.0,0.0,79180.0,79180.0
7660,90,4,3,1523.0,79180.0,0.0,79180.0,79180.0
6225,89,4,3,1958.0,101803.0,0.0,101803.0,101803.0
6430,89,4,3,1958.0,101803.0,0.0,101803.0,101803.0
871,85,4,3,1305.0,67868.0,0.0,67868.0,67868.0
5465,84,4,3,1305.0,67868.0,0.0,67868.0,67868.0
9445,92,4,3,1305.0,67868.0,0.0,67868.0,67868.0
589,88,4,3,1305.0,67868.0,0.0,67868.0,67868.0
5984,81,4,3,1305.0,67868.0,0.0,67868.0,67868.0
12731,89,4,3,1305.0,67868.0,0.0,67868.0,67868.0
3746,100,4,3,870.0,45246.0,0.0,45246.0,45246.0
5106,78,4,3,870.0,45246.0,0.0,45246.0,45246.0
13476,89,4,3,1088.0,56557.0,0.0,56557.0,56557.0
7939,119,5,1,824171.0,42856902.0,35714085.0,78570987.0,80898035.0
8254,119,5,1,728434.0,37878575.0,0.0,37878575.0,39000430.0
10576,119,5,1,645185.0,33549595.0,0.0,33549595.0,34543238.0
9086,119,5,1,164834.0,8571380.0,3246735.0,11818115.0,12168134.0
9269,119,5,1,154012.0,8008613.0,0.0,8008613.0,8245805.0
5019,119,5,1,145687.0,7575715.0,3246735.0,10822450.0,11142980.0
7715,119,5,1,124874.0,6493470.0,0.0,6493470.0,6685788.0
9735,119,5,1,124874.0,6493470.0,0.0,6493470.0,6685788.0
12870,119,5,1,124874.0,6493470.0,0.0,6493470.0,6685788.0
137,119,5,1,104062.0,5411225.0,3246735.0,8657960.0,8914384.0
7187,119,5,1,100316.0,5216421.0,0.0,5216421.0,5370916.0
10930,119,5,1,96153.0,4999972.0,0.0,4999972.0,5148057.0
14272,114,5,1,141316.0,7348444.0,0.0,7348444.0,7566083.0
11702,119,5,1,87828.0,4567074.0,0.0,4567074.0,4702338.0
8808,114,5,1,130702.0,6796499.0,0.0,6796499.0,6997791.0
5473,119,5,1,80128.0,4166643.0,0.0,4166643.0,4290047.0
1068,109,5,1,77422.0,4025951.0,0.0,4025951.0,4145189.0
11997,119,5,1,74092.0,3852792.0,0.0,3852792.0,3966901.0
2744,111,5,1,72843.0,3787857.0,0.0,3787857.0,3900043.0
2347,119,5,1,68681.0,3571408.0,0.0,3571408.0,3677183.0
737,111,5,1,68681.0,3571408.0,0.0,3571408.0,3677183.0
3482,112,5,1,68681.0,3571408.0,0.0,3571408.0,3677183.0
777,112,5,1,68681.0,3571408.0,0.0,3571408.0,3677183.0
10717,117,5,1,67848.0,3528119.0,0.0,3528119.0,3632612.0
4213,119,5,1,62437.0,3246735.0,2164490.0,5411225.0,5571490.0
14095,119,5,1,62437.0,3246735.0,0.0,3246735.0,3342894.0
29,117,5,1,62437.0,3246735.0,0.0,3246735.0,3342894.0
6953,112,5,1,61813.0,3214268.0,0.0,3214268.0,3309465.0
4066,112,5,1,61813.0,3214268.0,0.0,3214268.0,3309465.0
720,114,5,1,90534.0,4707766.0,0.0,4707766.0,4847196.0
6474,111,5,1,54945.0,2857127.0,0.0,2857127.0,2941747.0
3297,111,5,1,54945.0,2857127.0,0.0,2857127.0,2941747.0
3073,117,5,1,52031.0,2705612.0,0.0,2705612.0,2785745.0
7300,119,5,1,49534.0,2575743.0,0.0,2575743.0,2652029.0
12399,112,5,1,48077.0,2499986.0,0.0,2499986.0,2574028.0
1313,111,5,1,48077.0,2499986.0,0.0,2499986.0,2574028.0
1718,112,5,1,47452.0,2467519.0,0.0,2467519.0,2540599.0
13945,112,5,1,45371.0,2359294.0,0.0,2359294.0,2429170.0
7539,117,5,1,45371.0,2359294.0,0.0,2359294.0,2429170.0
2400,112,5,1,45371.0,2359294.0,0.0,2359294.0,2429170.0
11405,112,5,1,44122.0,2294359.0,0.0,2294359.0,2362312.0
4853,117,5,1,44122.0,2294359.0,0.0,2294359.0,2362312.0
9615,112,5,1,43914.0,2283537.0,0.0,2283537.0,2351169.0
2433,112,5,1,43914.0,2283537.0,0.0,2283537.0,2351169.0
507,114,5,1,68681.0,3571408.0,0.0,3571408.0,3677183.0
10345,116,5,1,42665.0,2218602.0,0.0,2218602.0,2284311.0
5447,111,5,1,42665.0,2218602.0,0.0,2218602.0,2284311.0
13389,111,5,1,41209.0,2142845.0,0.0,2142845.0,2206310.0
4894,114,5,1,65143.0,3387427.0,0.0,3387427.0,3487753.0
11913,111,5,1,41209.0,2142845.0,0.0,2142845.0,2206310.0
7705,114,5,1,65143.0,3387427.0,0.0,3387427.0,3487753.0
13271,114,5,1,62437.0,3246735.0,0.0,3246735.0,3342894.0
2117,114,5,1,62437.0,3246735.0,0.0,3246735.0,3342894.0
9772,111,5,1,38503.0,2002153.0,0.0,2002153.0,2061451.0
6859,112,5,1,37879.0,1969686.0,0.0,1969686.0,2028022.0
3045,119,5,1,36630.0,1904751.0,0.0,1904751.0,1961164.0
10331,111,5,1,35797.0,1861461.0,0.0,1861461.0,1916593.0
990,112,5,1,35589.0,1850639.0,0.0,1850639.0,1905450.0
14093,112,5,1,34340.0,1785704.0,0.0,1785704.0,1838592.0
14122,115,5,1,34340.0,1785704.0,0.0,1785704.0,1838592.0
13964,114,5,1,54320.0,2824659.0,0.0,2824659.0,2908318.0
9335,121,5,1,34340.0,1785704.0,0.0,1785704.0,1838592.0
7891,114,5,1,54112.0,2813837.0,0.0,2813837.0,2897175.0
279,108,5,1,33300.0,1731592.0,0.0,1731592.0,1782877.0
1585,121,5,1,33300.0,1731592.0,0.0,1731592.0,1782877.0
181,109,5,1,31219.0,1623367.0,0.0,1623367.0,1671447.0
10722,111,5,1,31219.0,1623367.0,1082245.0,2705612.0,2785745.0
2206,114,5,1,48909.0,2543276.0,0.0,2543276.0,2618600.0
10277,123,5,1,29762.0,1547610.0,0.0,1547610.0,1593446.0
12711,112,5,1,29554.0,1536788.0,0.0,1536788.0,1582303.0
13036,117,5,1,29137.0,1515143.0,0.0,1515143.0,1560017.0
1211,116,5,1,28929.0,1504321.0,0.0,1504321.0,1548874.0
12337,112,5,1,26848.0,1396096.0,0.0,1396096.0,1437444.0
1882,121,5,1,26016.0,1352806.0,0.0,1352806.0,1392873.0
13185,121,5,1,26016.0,1352806.0,0.0,1352806.0,1392873.0
12562,112,5,1,26016.0,1352806.0,0.0,1352806.0,1392873.0
12312,125,5,1,25183.0,1309516.0,0.0,1309516.0,1348301.0
1874,109,5,1,24767.0,1287872.0,0.0,1287872.0,1326015.0
5271,121,5,1,24767.0,1287872.0,0.0,1287872.0,1326015.0
12875,119,5,1,23518.0,1222937.0,0.0,1222937.0,1259157.0
11640,105,5,1,23310.0,1212114.0,0.0,1212114.0,1248014.0
14182,108,5,1,22894.0,1190470.0,0.0,1190470.0,1225728.0
6864,109,5,1,22269.0,1158002.0,0.0,1158002.0,1192299.0
13959,115,5,1,21021.0,1093067.0,0.0,1093067.0,1125441.0
3283,108,5,1,20812.0,1082245.0,0.0,1082245.0,1114298.0
1255,108,5,1,20812.0,1082245.0,0.0,1082245.0,1114298.0
4599,108,5,1,20812.0,1082245.0,0.0,1082245.0,1114298.0
5728,104,5,1,20812.0,1082245.0,0.0,1082245.0,1114298.0
1898,115,5,1,20812.0,1082245.0,0.0,1082245.0,1114298.0
14586,110,5,1,20812.0,1082245.0,0.0,1082245.0,1114298.0
5816,109,5,1,20604.0,1071423.0,0.0,1071423.0,1103155.0
14497,117,5,1,20604.0,1071423.0,0.0,1071423.0,1103155.0
6634,117,5,1,20604.0,1071423.0,0.0,1071423.0,1103155.0
10180,109,5,1,20604.0,1071423.0,0.0,1071423.0,1103155.0
5219,114,5,1,32675.0,1699125.0,0.0,1699125.0,1749448.0
12762,108,5,1,20604.0,1071423.0,0.0,1071423.0,1103155.0
10309,116,5,1,20604.0,1071423.0,0.0,1071423.0,1103155.0
4626,120,5,1,20604.0,1071423.0,0.0,1071423.0,1103155.0
10313,116,5,1,20188.0,1049778.0,0.0,1049778.0,1080869.0
7024,109,5,1,19147.0,995665.0,0.0,995665.0,1025154.0
10953,112,5,1,19147.0,995665.0,0.0,995665.0,1025154.0
4551,116,5,1,18731.0,974020.0,0.0,974020.0,1002868.0
6613,116,5,1,18731.0,974020.0,0.0,974020.0,1002868.0
1754,121,5,1,17899.0,930731.0,0.0,930731.0,958296.0
6453,121,5,1,17899.0,930731.0,0.0,930731.0,958296.0
8375,121,5,1,17899.0,930731.0,0.0,930731.0,958296.0
2006,121,5,1,17899.0,930731.0,0.0,930731.0,958296.0
12320,117,5,1,17899.0,930731.0,0.0,930731.0,958296.0
7517,121,5,1,17482.0,909086.0,0.0,909086.0,936010.0
978,111,5,1,17274.0,898263.0,0.0,898263.0,924867.0
14316,121,5,1,17274.0,898263.0,0.0,898263.0,924867.0
12334,114,5,1,27264.0,1417741.0,0.0,1417741.0,1459730.0
1519,121,5,1,17274.0,898263.0,0.0,898263.0,924867.0
4540,121,5,1,16442.0,854974.0,0.0,854974.0,880295.0
6854,109,5,1,16442.0,854974.0,0.0,854974.0,880295.0
11974,109,5,1,16442.0,854974.0,0.0,854974.0,880295.0
6920,115,5,1,16442.0,854974.0,0.0,854974.0,880295.0
7652,123,5,1,16442.0,854974.0,0.0,854974.0,880295.0
10946,119,5,1,16442.0,854974.0,0.0,854974.0,880295.0
10380,114,5,1,25599.0,1331161.0,0.0,1331161.0,1370587.0
8291,103,5,1,15609.0,811684.0,0.0,811684.0,835724.0
14528,102,5,1,15609.0,811684.0,0.0,811684.0,835724.0
10706,116,5,1,15193.0,790039.0,0.0,790039.0,813438.0
13329,115,5,1,15193.0,790039.0,0.0,790039.0,813438.0
4764,123,5,1,14569.0,757571.0,0.0,757571.0,780009.0
3537,121,5,1,14569.0,757571.0,0.0,757571.0,780009.0
6370,110,5,1,14569.0,757571.0,0.0,757571.0,780009.0
5421,117,5,1,14569.0,757571.0,0.0,757571.0,780009.0
41,103,5,1,14152.0,735927.0,0.0,735927.0,757723.0
7382,120,5,1,13736.0,714282.0,0.0,714282.0,735437.0
6385,125,5,1,13736.0,714282.0,0.0,714282.0,735437.0
10186,114,5,1,21645.0,1125535.0,0.0,1125535.0,1158870.0
12263,110,5,1,13736.0,714282.0,0.0,714282.0,735437.0
6390,111,5,1,13736.0,714282.0,0.0,714282.0,735437.0
14546,120,5,1,13736.0,714282.0,0.0,714282.0,735437.0
987,121,5,1,13736.0,714282.0,0.0,714282.0,735437.0
756,108,5,1,13736.0,714282.0,0.0,714282.0,735437.0
2148,108,5,1,13736.0,714282.0,0.0,714282.0,735437.0
3751,109,5,1,13736.0,714282.0,0.0,714282.0,735437.0
1937,109,5,1,13736.0,714282.0,0.0,714282.0,735437.0
11424,103,5,1,13736.0,714282.0,0.0,714282.0,735437.0
6331,117,5,1,13528.0,703459.0,0.0,703459.0,724294.0
10384,120,5,1,13112.0,681814.0,0.0,681814.0,702008.0
5242,123,5,1,13112.0,681814.0,0.0,681814.0,702008.0
8481,109,5,1,13112.0,681814.0,0.0,681814.0,702008.0
4230,116,5,1,12487.0,649347.0,0.0,649347.0,668579.0
4303,103,5,1,12487.0,649347.0,0.0,649347.0,668579.0
9791,120,5,1,12487.0,649347.0,0.0,649347.0,668579.0
5537,121,5,1,12279.0,638525.0,0.0,638525.0,657436.0
9725,123,5,1,12279.0,638525.0,0.0,638525.0,657436.0
1153,116,5,1,12279.0,638525.0,0.0,638525.0,657436.0
14338,103,5,1,12279.0,638525.0,0.0,638525.0,657436.0
2847,111,5,1,12279.0,638525.0,0.0,638525.0,657436.0
151,108,5,1,11655.0,606057.0,0.0,606057.0,624007.0
385,116,5,1,11655.0,606057.0,0.0,606057.0,624007.0
7313,110,5,1,11655.0,606057.0,0.0,606057.0,624007.0
3760,123,5,1,11447.0,595235.0,0.0,595235.0,612864.0
8135,112,5,1,11239.0,584412.0,0.0,584412.0,601721.0
267,103,5,1,11031.0,573590.0,0.0,573590.0,590578.0
5625,125,5,1,11031.0,573590.0,0.0,573590.0,590578.0
4604,125,5,1,11031.0,573590.0,0.0,573590.0,590578.0
8566,116,5,1,11031.0,573590.0,0.0,573590.0,590578.0
14531,117,5,1,10822.0,562767.0,0.0,562767.0,579435.0
6342,123,5,1,10614.0,551945.0,0.0,551945.0,568292.0
5611,110,5,1,10406.0,541122.0,0.0,541122.0,557149.0
8290,105,5,1,10406.0,541122.0,0.0,541122.0,557149.0
13338,117,5,1,10406.0,541122.0,0.0,541122.0,557149.0
12756,116,5,1,10406.0,541122.0,0.0,541122.0,557149.0
6830,109,5,1,10406.0,541122.0,0.0,541122.0,557149.0
2623,115,5,1,10406.0,541122.0,0.0,541122.0,557149.0
7723,117,5,1,9990.0,519478.0,0.0,519478.0,534863.0
5405,111,5,1,9782.0,508655.0,0.0,508655.0,523720.0
12480,108,5,1,9574.0,497833.0,0.0,497833.0,512577.0
8065,123,5,1,9574.0,497833.0,0.0,497833.0,512577.0
703,123,5,1,9574.0,497833.0,0.0,497833.0,512577.0
8296,108,5,1,9574.0,497833.0,0.0,497833.0,512577.0
12005,125,5,1,9574.0,497833.0,0.0,497833.0,512577.0
13189,105,5,1,9574.0,497833.0,0.0,497833.0,512577.0
6869,108,5,1,9574.0,497833.0,0.0,497833.0,512577.0
8741,104,5,1,9574.0,497833.0,0.0,497833.0,512577.0
4278,108,5,1,9574.0,497833.0,0.0,497833.0,512577.0
12627,123,5,1,9574.0,497833.0,0.0,497833.0,512577.0
12266,102,5,1,9574.0,497833.0,0.0,497833.0,512577.0
2098,124,5,1,9574.0,497833.0,0.0,497833.0,512577.0
1739,110,5,1,9366.0,487010.0,0.0,487010.0,501434.0
80,103,5,1,9366.0,487010.0,0.0,487010.0,501434.0
6316,114,5,1,14569.0,757571.0,0.0,757571.0,780009.0
356,104,5,1,8949.0,465365.0,0.0,465365.0,479148.0
212,125,5,1,8949.0,465365.0,0.0,465365.0,479148.0
780,109,5,1,8949.0,465365.0,0.0,465365.0,479148.0
10393,103,5,1,8949.0,465365.0,0.0,465365.0,479148.0
1288,125,5,1,8949.0,465365.0,0.0,465365.0,479148.0
9803,106,5,1,8949.0,465365.0,0.0,465365.0,479148.0
5593,116,5,1,8949.0,465365.0,0.0,465365.0,479148.0
14312,125,5,1,8949.0,465365.0,0.0,465365.0,479148.0
8837,125,5,1,8741.0,454543.0,0.0,454543.0,468005.0
6929,117,5,1,8741.0,454543.0,0.0,454543.0,468005.0
14499,102,5,1,8741.0,454543.0,0.0,454543.0,468005.0
1524,115,5,1,8533.0,443720.0,0.0,443720.0,456862.0
10256,110,5,1,8325.0,432898.0,0.0,432898.0,445719.0
1712,120,5,1,8325.0,432898.0,0.0,432898.0,445719.0
1665,114,5,1,13112.0,681814.0,0.0,681814.0,702008.0
13430,120,5,1,8325.0,432898.0,0.0,432898.0,445719.0
3141,108,5,1,8325.0,432898.0,0.0,432898.0,445719.0
6735,111,5,1,8325.0,432898.0,0.0,432898.0,445719.0
1442,120,5,1,8325.0,432898.0,0.0,432898.0,445719.0
10036,103,5,1,8325.0,432898.0,0.0,432898.0,445719.0
13394,120,5,1,8325.0,432898.0,0.0,432898.0,445719.0
6347,108,5,1,8325.0,432898.0,0.0,432898.0,445719.0
11489,116,5,1,8325.0,432898.0,0.0,432898.0,445719.0
6547,108,5,1,8325.0,432898.0,0.0,432898.0,445719.0
2116,124,5,1,8325.0,432898.0,0.0,432898.0,445719.0
8008,110,5,1,8325.0,432898.0,0.0,432898.0,445719.0
9276,120,5,1,8325.0,432898.0,0.0,432898.0,445719.0
6408,120,5,1,8325.0,432898.0,0.0,432898.0,445719.0
11919,104,5,1,8325.0,432898.0,0.0,432898.0,445719.0
7596,105,5,1,8325.0,432898.0,0.0,432898.0,445719.0
1241,109,5,1,8117.0,422076.0,0.0,422076.0,434576.0
13586,109,5,1,8117.0,422076.0,0.0,422076.0,434576.0
7266,104,5,1,8117.0,422076.0,0.0,422076.0,434576.0
100,125,5,1,8117.0,422076.0,0.0,422076.0,434576.0
12272,121,5,1,7909.0,411253.0,0.0,411253.0,423433.0
13065,103,5,1,7701.0,400431.0,0.0,400431.0,412290.0
13792,125,5,1,7492.0,389608.0,0.0,389608.0,401147.0
2619,105,5,1,7492.0,389608.0,0.0,389608.0,401147.0
12296,125,5,1,7492.0,389608.0,0.0,389608.0,401147.0
6437,106,5,1,7492.0,389608.0,0.0,389608.0,401147.0
11712,108,5,1,7492.0,389608.0,0.0,389608.0,401147.0
2714,123,5,1,7492.0,389608.0,0.0,389608.0,401147.0
14478,125,5,1,7492.0,389608.0,0.0,389608.0,401147.0
8557,125,5,1,7492.0,389608.0,0.0,389608.0,401147.0
4104,125,5,1,7492.0,389608.0,0.0,389608.0,401147.0
5942,125,5,1,7492.0,389608.0,0.0,389608.0,401147.0
5832,112,5,1,7492.0,389608.0,0.0,389608.0,401147.0
5808,114,5,1,11863.0,616880.0,0.0,616880.0,635150.0
7769,115,5,1,7284.0,378786.0,0.0,378786.0,390004.0
2390,103,5,1,7284.0,378786.0,0.0,378786.0,390004.0
14525,114,5,1,11447.0,595235.0,0.0,595235.0,612864.0
13016,111,5,1,7076.0,367963.0,0.0,367963.0,378861.0
5240,123,5,1,7076.0,367963.0,0.0,367963.0,378861.0
3481,123,5,1,7076.0,367963.0,0.0,367963.0,378861.0
10339,102,5,1,7076.0,367963.0,0.0,367963.0,378861.0
740,119,5,1,6868.0,357141.0,0.0,357141.0,367718.0
5561,103,5,1,6868.0,357141.0,0.0,357141.0,367718.0
4826,124,5,1,6868.0,357141.0,0.0,357141.0,367718.0
10096,124,5,1,6868.0,357141.0,0.0,357141.0,367718.0
7331,110,5,1,6868.0,357141.0,0.0,357141.0,367718.0
219,124,5,1,6868.0,357141.0,0.0,357141.0,367718.0
13454,102,5,1,6868.0,357141.0,0.0,357141.0,367718.0
9404,108,5,1,6868.0,357141.0,0.0,357141.0,367718.0
4705,105,5,1,6868.0,357141.0,0.0,357141.0,367718.0
14435,120,5,1,6868.0,357141.0,0.0,357141.0,367718.0
3966,120,5,1,6868.0,357141.0,0.0,357141.0,367718.0
9701,117,5,1,6868.0,357141.0,0.0,357141.0,367718.0
6654,121,5,1,6660.0,346318.0,0.0,346318.0,356575.0
5525,103,5,1,6452.0,335496.0,0.0,335496.0,345432.0
11497,115,5,1,6244.0,324673.0,0.0,324673.0,334289.0
11867,124,5,1,6244.0,324673.0,0.0,324673.0,334289.0
1783,103,5,1,6244.0,324673.0,0.0,324673.0,334289.0
6326,116,5,1,6244.0,324673.0,0.0,324673.0,334289.0
11654,103,5,1,6244.0,324673.0,0.0,324673.0,334289.0
2125,105,5,1,6244.0,324673.0,0.0,324673.0,334289.0
5317,105,5,1,6244.0,324673.0,0.0,324673.0,334289.0
5483,105,5,1,6244.0,324673.0,0.0,324673.0,334289.0
9029,105,5,1,6244.0,324673.0,0.0,324673.0,334289.0
12254,105,5,1,6244.0,324673.0,0.0,324673.0,334289.0
6719,106,5,1,6244.0,324673.0,0.0,324673.0,334289.0
4891,110,5,1,6244.0,324673.0,0.0,324673.0,334289.0
2451,116,5,1,6244.0,324673.0,0.0,324673.0,334289.0
13986,124,5,1,6244.0,324673.0,0.0,324673.0,334289.0
9850,106,5,1,6036.0,313851.0,0.0,313851.0,323146.0
3786,119,5,1,6036.0,313851.0,0.0,313851.0,323146.0
3629,104,5,1,6036.0,313851.0,0.0,313851.0,323146.0
13424,123,5,1,6036.0,313851.0,0.0,313851.0,323146.0
9496,105,5,1,5827.0,303029.0,0.0,303029.0,312003.0
14049,110,5,1,5827.0,303029.0,0.0,303029.0,312003.0
7644,108,5,1,5827.0,303029.0,0.0,303029.0,312003.0
11778,124,5,1,5827.0,303029.0,0.0,303029.0,312003.0
13182,115,5,1,5827.0,303029.0,0.0,303029.0,312003.0
12450,111,5,1,5411.0,281384.0,0.0,281384.0,289717.0
135,105,5,1,5411.0,281384.0,0.0,281384.0,289717.0
9114,116,5,1,5411.0,281384.0,0.0,281384.0,289717.0
7335,108,5,1,5411.0,281384.0,0.0,281384.0,289717.0
14530,104,5,1,5411.0,281384.0,0.0,281384.0,289717.0
12458,124,5,1,5411.0,281384.0,0.0,281384.0,289717.0
3821,114,5,1,8741.0,454543.0,0.0,454543.0,468005.0
14296,108,5,1,5411.0,281384.0,0.0,281384.0,289717.0
2004,104,5,1,5203.0,270561.0,0.0,270561.0,278575.0
13021,104,5,1,5203.0,270561.0,0.0,270561.0,278575.0
8856,115,5,1,5203.0,270561.0,0.0,270561.0,278575.0
5425,103,5,1,5203.0,270561.0,0.0,270561.0,278575.0
4963,123,5,1,5203.0,270561.0,0.0,270561.0,278575.0
3110,110,5,1,5203.0,270561.0,0.0,270561.0,278575.0
10574,106,5,1,5203.0,270561.0,0.0,270561.0,278575.0
13367,110,5,1,5203.0,270561.0,0.0,270561.0,278575.0
13370,104,5,1,4995.0,259739.0,0.0,259739.0,267432.0
9500,115,5,1,4787.0,248916.0,0.0,248916.0,256289.0
10000,102,5,1,4787.0,248916.0,0.0,248916.0,256289.0
4556,106,5,1,4787.0,248916.0,0.0,248916.0,256289.0
5022,104,5,1,4787.0,248916.0,0.0,248916.0,256289.0
11987,111,5,1,4787.0,248916.0,0.0,248916.0,256289.0
6324,108,5,1,4787.0,248916.0,0.0,248916.0,256289.0
4310,103,5,1,4787.0,248916.0,0.0,248916.0,256289.0
8831,111,5,1,4579.0,238094.0,0.0,238094.0,245146.0
4793,109,5,1,4579.0,238094.0,0.0,238094.0,245146.0
3840,104,5,1,4579.0,238094.0,0.0,238094.0,245146.0
5793,123,5,1,4579.0,238094.0,0.0,238094.0,245146.0
9805,123,5,1,4579.0,238094.0,0.0,238094.0,245146.0
5839,115,5,1,4579.0,238094.0,0.0,238094.0,245146.0
7338,110,5,1,4371.0,227271.0,0.0,227271.0,234003.0
11258,117,5,1,4371.0,227271.0,0.0,227271.0,234003.0
2069,111,5,1,4371.0,227271.0,0.0,227271.0,234003.0
2549,114,5,1,6868.0,357141.0,0.0,357141.0,367718.0
5798,119,5,1,4371.0,227271.0,0.0,227271.0,234003.0
7455,120,5,1,4371.0,227271.0,0.0,227271.0,234003.0
3776,123,5,1,4162.0,216449.0,0.0,216449.0,222860.0
13372,115,5,1,4162.0,216449.0,0.0,216449.0,222860.0
3357,104,5,1,4162.0,216449.0,0.0,216449.0,222860.0
13079,114,5,1,6452.0,335496.0,0.0,335496.0,345432.0
4877,125,5,1,4162.0,216449.0,0.0,216449.0,222860.0
2003,115,5,1,4162.0,216449.0,0.0,216449.0,222860.0
211,110,5,1,4162.0,216449.0,0.0,216449.0,222860.0
8089,109,5,1,4162.0,216449.0,0.0,216449.0,222860.0
14051,102,5,1,4162.0,216449.0,0.0,216449.0,222860.0
1730,109,5,1,4162.0,216449.0,0.0,216449.0,222860.0
14054,124,5,1,4162.0,216449.0,0.0,216449.0,222860.0
6460,105,5,1,4162.0,216449.0,0.0,216449.0,222860.0
5689,119,5,1,4162.0,216449.0,0.0,216449.0,222860.0
750,117,5,1,4162.0,216449.0,0.0,216449.0,222860.0
3373,121,5,1,4162.0,216449.0,0.0,216449.0,222860.0
9015,117,5,1,4162.0,216449.0,0.0,216449.0,222860.0
2383,102,5,1,3954.0,205627.0,0.0,205627.0,211717.0
10156,120,5,1,3954.0,205627.0,0.0,205627.0,211717.0
12444,103,5,1,3954.0,205627.0,0.0,205627.0,211717.0
13429,114,5,1,6244.0,324673.0,0.0,324673.0,334289.0
6367,123,5,1,3954.0,205627.0,0.0,205627.0,211717.0
13482,109,5,1,3746.0,194804.0,0.0,194804.0,200574.0
5565,123,5,1,3746.0,194804.0,0.0,194804.0,200574.0
10305,106,5,1,3746.0,194804.0,0.0,194804.0,200574.0
9473,104,5,1,3746.0,194804.0,0.0,194804.0,200574.0
5296,104,5,1,3746.0,194804.0,0.0,194804.0,200574.0
13573,119,5,1,3746.0,194804.0,0.0,194804.0,200574.0
4857,104,5,1,3538.0,183982.0,0.0,183982.0,189431.0
13198,108,5,1,3538.0,183982.0,0.0,183982.0,189431.0
4429,102,5,1,3538.0,183982.0,0.0,183982.0,189431.0
7717,115,5,1,3538.0,183982.0,0.0,183982.0,189431.0
1692,110,5,1,3538.0,183982.0,0.0,183982.0,189431.0
1745,110,5,1,3538.0,183982.0,0.0,183982.0,189431.0
10945,104,5,1,3538.0,183982.0,0.0,183982.0,189431.0
8788,105,5,1,3538.0,183982.0,0.0,183982.0,189431.0
9447,125,5,1,3538.0,183982.0,0.0,183982.0,189431.0
7847,106,5,1,3538.0,183982.0,0.0,183982.0,189431.0
12180,123,5,1,3538.0,183982.0,0.0,183982.0,189431.0
828,106,5,1,3538.0,183982.0,0.0,183982.0,189431.0
7815,124,5,1,3538.0,183982.0,0.0,183982.0,189431.0
4182,116,5,1,3538.0,183982.0,0.0,183982.0,189431.0
5185,106,5,1,3538.0,183982.0,0.0,183982.0,189431.0
14599,124,5,1,3538.0,183982.0,0.0,183982.0,189431.0
4878,104,5,1,3538.0,183982.0,0.0,183982.0,189431.0
8273,124,5,1,3330.0,173159.0,0.0,173159.0,178288.0
778,125,5,1,3330.0,173159.0,0.0,173159.0,178288.0
1902,102,5,1,3330.0,173159.0,0.0,173159.0,178288.0
9451,106,5,1,3122.0,162337.0,0.0,162337.0,167145.0
7303,104,5,1,3122.0,162337.0,0.0,162337.0,167145.0
2022,110,5,1,3122.0,162337.0,0.0,162337.0,167145.0
11293,125,5,1,3122.0,162337.0,0.0,162337.0,167145.0
5292,104,5,1,3122.0,162337.0,0.0,162337.0,167145.0
11180,103,5,1,3122.0,162337.0,0.0,162337.0,167145.0
10353,106,5,1,3122.0,162337.0,0.0,162337.0,167145.0
375,109,5,1,3122.0,162337.0,0.0,162337.0,167145.0
14348,115,5,1,3122.0,162337.0,0.0,162337.0,167145.0
4288,115,5,1,3122.0,162337.0,0.0,162337.0,167145.0
1131,125,5,1,3122.0,162337.0,0.0,162337.0,167145.0
9798,124,5,1,2914.0,151514.0,0.0,151514.0,156002.0
8099,115,5,1,2914.0,151514.0,0.0,151514.0,156002.0
6200,116,5,1,2914.0,151514.0,0.0,151514.0,156002.0
14156,119,5,1,2914.0,151514.0,0.0,151514.0,156002.0
5558,110,5,1,2914.0,151514.0,0.0,151514.0,156002.0
8300,121,5,1,2914.0,151514.0,0.0,151514.0,156002.0
13397,115,5,1,2914.0,151514.0,0.0,151514.0,156002.0
162,109,5,1,2914.0,151514.0,0.0,151514.0,156002.0
14328,103,5,1,2706.0,140692.0,0.0,140692.0,144859.0
13068,104,5,1,2706.0,140692.0,0.0,140692.0,144859.0
2642,121,5,1,2706.0,140692.0,0.0,140692.0,144859.0
9998,102,5,1,2706.0,140692.0,0.0,140692.0,144859.0
14102,110,5,1,2706.0,140692.0,0.0,140692.0,144859.0
10347,102,5,1,2706.0,140692.0,0.0,140692.0,144859.0
11037,124,5,1,2706.0,140692.0,0.0,140692.0,144859.0
9881,106,5,1,2706.0,140692.0,0.0,140692.0,144859.0
996,103,5,1,2706.0,140692.0,0.0,140692.0,144859.0
13379,124,5,1,2706.0,140692.0,0.0,140692.0,144859.0
11984,108,5,1,2706.0,140692.0,0.0,140692.0,144859.0
3320,116,5,1,2706.0,140692.0,0.0,140692.0,144859.0
5687,103,5,1,2706.0,140692.0,0.0,140692.0,144859.0
14150,124,5,1,2706.0,140692.0,0.0,140692.0,144859.0
9503,102,5,1,2706.0,140692.0,0.0,140692.0,144859.0
6344,105,5,1,2497.0,129869.0,0.0,129869.0,133716.0
13179,110,5,1,2497.0,129869.0,0.0,129869.0,133716.0
12580,116,5,1,2497.0,129869.0,0.0,129869.0,133716.0
10871,105,5,1,2497.0,129869.0,0.0,129869.0,133716.0
7684,102,5,1,2497.0,129869.0,0.0,129869.0,133716.0
9885,117,5,1,2289.0,119047.0,0.0,119047.0,122573.0
6500,125,5,1,2289.0,119047.0,0.0,119047.0,122573.0
10713,120,5,1,2289.0,119047.0,0.0,119047.0,122573.0
759,120,5,1,2289.0,119047.0,0.0,119047.0,122573.0
403,105,5,1,2289.0,119047.0,0.0,119047.0,122573.0
11183,104,5,1,2081.0,108224.0,0.0,108224.0,111430.0
11853,117,5,1,2081.0,108224.0,0.0,108224.0,111430.0
3311,124,5,1,2081.0,108224.0,0.0,108224.0,111430.0
14474,110,5,1,2081.0,108224.0,0.0,108224.0,111430.0
14486,106,5,1,2081.0,108224.0,0.0,108224.0,111430.0
13203,124,5,1,1873.0,97402.0,0.0,97402.0,100287.0
7591,104,5,1,1665.0,86580.0,0.0,86580.0,89144.0
12019,102,5,1,1665.0,86580.0,0.0,86580.0,89144.0
14479,102,5,1,1665.0,86580.0,0.0,86580.0,89144.0
378,102,5,1,1665.0,86580.0,0.0,86580.0,89144.0
14388,108,5,1,1665.0,86580.0,0.0,86580.0,89144.0
9801,115,5,1,1665.0,86580.0,0.0,86580.0,89144.0
10190,111,5,1,1665.0,86580.0,0.0,86580.0,89144.0
14138,103,5,1,1665.0,86580.0,0.0,86580.0,89144.0
10876,120,5,1,1665.0,86580.0,0.0,86580.0,89144.0
14620,103,5,1,1665.0,86580.0,0.0,86580.0,89144.0
285,121,5,1,1665.0,86580.0,0.0,86580.0,89144.0
13402,125,5,1,1665.0,86580.0,0.0,86580.0,89144.0
5194,121,5,1,1665.0,86580.0,0.0,86580.0,89144.0
11171,102,5,1,1665.0,86580.0,0.0,86580.0,89144.0
4289,115,5,1,1665.0,86580.0,0.0,86580.0,89144.0
1991,117,5,1,1665.0,86580.0,0.0,86580.0,89144.0
3792,106,5,1,1665.0,86580.0,0.0,86580.0,89144.0
3567,121,5,1,1457.0,75757.0,0.0,75757.0,78001.0
12013,124,5,1,1457.0,75757.0,0.0,75757.0,78001.0
6543,106,5,1,1457.0,75757.0,0.0,75757.0,78001.0
11980,116,5,1,1457.0,75757.0,0.0,75757.0,78001.0
8504,119,5,1,1457.0,75757.0,0.0,75757.0,78001.0
4307,124,5,1,1457.0,75757.0,0.0,75757.0,78001.0
13320,117,5,1,1457.0,75757.0,0.0,75757.0,78001.0
8773,114,5,1,2081.0,108224.0,0.0,108224.0,111430.0
11982,104,5,1,1457.0,75757.0,0.0,75757.0,78001.0
13411,124,5,1,1457.0,75757.0,0.0,75757.0,78001.0
6617,105,5,1,1457.0,75757.0,0.0,75757.0,78001.0
3497,115,5,1,1249.0,64935.0,0.0,64935.0,66858.0
2373,111,5,1,1249.0,64935.0,0.0,64935.0,66858.0
4035,110,5,1,1249.0,64935.0,0.0,64935.0,66858.0
3876,115,5,1,1249.0,64935.0,0.0,64935.0,66858.0
12464,106,5,1,1249.0,64935.0,0.0,64935.0,66858.0
1735,106,5,1,1249.0,64935.0,0.0,64935.0,66858.0
3519,120,5,1,1249.0,64935.0,0.0,64935.0,66858.0
8531,123,5,1,1249.0,64935.0,0.0,64935.0,66858.0
10215,102,5,1,1249.0,64935.0,0.0,64935.0,66858.0
6312,102,5,1,1249.0,64935.0,0.0,64935.0,66858.0
4725,102,5,1,1249.0,64935.0,0.0,64935.0,66858.0
5265,103,5,1,1041.0,54112.0,0.0,54112.0,55715.0
14543,123,5,1,1041.0,54112.0,0.0,54112.0,55715.0
8235,105,5,1,1041.0,54112.0,0.0,54112.0,55715.0
2431,102,5,1,1041.0,54112.0,0.0,54112.0,55715.0
13022,110,5,1,1041.0,54112.0,0.0,54112.0,55715.0
4045,115,5,1,1041.0,54112.0,0.0,54112.0,55715.0
2310,109,5,1,1041.0,54112.0,0.0,54112.0,55715.0
7549,111,5,1,1041.0,54112.0,0.0,54112.0,55715.0
8692,108,5,1,1041.0,54112.0,0.0,54112.0,55715.0
1345,117,5,1,1041.0,54112.0,0.0,54112.0,55715.0
1333,124,5,1,1041.0,54112.0,0.0,54112.0,55715.0
1773,112,5,1,1041.0,54112.0,0.0,54112.0,55715.0
4966,102,5,1,1041.0,54112.0,0.0,54112.0,55715.0
13852,103,5,1,1041.0,54112.0,0.0,54112.0,55715.0
14469,114,5,1,1665.0,86580.0,0.0,86580.0,89144.0
9889,103,5,1,1041.0,54112.0,0.0,54112.0,55715.0
12971,112,5,1,833.0,43290.0,0.0,43290.0,44572.0
9811,110,5,1,833.0,43290.0,0.0,43290.0,44572.0
11725,116,5,1,833.0,43290.0,0.0,43290.0,44572.0
2822,102,5,1,833.0,43290.0,0.0,43290.0,44572.0
10336,124,5,1,833.0,43290.0,0.0,43290.0,44572.0
5791,102,5,1,833.0,43290.0,0.0,43290.0,44572.0
2113,104,5,1,624.0,32467.0,0.0,32467.0,33429.0
8001,104,5,1,624.0,32467.0,0.0,32467.0,33429.0
11190,104,5,1,624.0,32467.0,0.0,32467.0,33429.0
826,103,5,1,624.0,32467.0,0.0,32467.0,33429.0
7488,105,5,1,624.0,32467.0,0.0,32467.0,33429.0
13251,105,5,1,624.0,32467.0,0.0,32467.0,33429.0
11932,117,5,1,624.0,32467.0,0.0,32467.0,33429.0
7657,124,5,1,624.0,32467.0,0.0,32467.0,33429.0
14420,108,5,1,624.0,32467.0,0.0,32467.0,33429.0
6997,115,5,1,624.0,32467.0,0.0,32467.0,33429.0
4095,125,5,1,624.0,32467.0,0.0,32467.0,33429.0
14369,114,5,1,1041.0,54112.0,0.0,54112.0,55715.0
8186,125,5,1,624.0,32467.0,0.0,32467.0,33429.0
13293,125,5,1,624.0,32467.0,0.0,32467.0,33429.0
7551,104,5,1,624.0,32467.0,0.0,32467.0,33429.0
8277,116,5,1,624.0,32467.0,0.0,32467.0,33429.0
12182,116,5,1,624.0,32467.0,0.0,32467.0,33429.0
7170,105,5,1,624.0,32467.0,0.0,32467.0,33429.0
10458,104,5,1,624.0,32467.0,0.0,32467.0,33429.0
3814,121,5,1,624.0,32467.0,0.0,32467.0,33429.0
12326,102,5,1,624.0,32467.0,0.0,32467.0,33429.0
1726,117,5,1,624.0,32467.0,0.0,32467.0,33429.0
13354,103,5,1,624.0,32467.0,0.0,32467.0,33429.0
11020,106,5,1,624.0,32467.0,0.0,32467.0,33429.0
4398,105,5,1,624.0,32467.0,0.0,32467.0,33429.0
5572,104,5,1,624.0,32467.0,0.0,32467.0,33429.0
12588,116,5,1,624.0,32467.0,0.0,32467.0,33429.0
3837,114,5,1,624.0,32467.0,0.0,32467.0,33429.0
3084,117,5,1,416.0,21645.0,0.0,21645.0,22286.0
2075,105,5,1,416.0,21645.0,0.0,21645.0,22286.0
14057,104,5,1,416.0,21645.0,0.0,21645.0,22286.0
4547,120,5,1,416.0,21645.0,0.0,21645.0,22286.0
8180,121,5,1,416.0,21645.0,0.0,21645.0,22286.0
7477,120,5,1,416.0,21645.0,0.0,21645.0,22286.0
14267,125,5,1,416.0,21645.0,0.0,21645.0,22286.0
10932,123,5,1,416.0,21645.0,0.0,21645.0,22286.0
7639,104,5,1,416.0,21645.0,0.0,21645.0,22286.0
6376,121,5,1,354.0,18398.0,0.0,18398.0,18943.0
14351,106,5,1,354.0,18398.0,0.0,18398.0,18943.0
270,108,5,1,354.0,18398.0,0.0,18398.0,18943.0
14409,103,5,1,354.0,18398.0,0.0,18398.0,18943.0
6354,103,5,1,354.0,18398.0,0.0,18398.0,18943.0
9666,104,5,1,354.0,18398.0,0.0,18398.0,18943.0
8505,106,5,1,354.0,18398.0,0.0,18398.0,18943.0
13319,110,5,1,354.0,18398.0,0.0,18398.0,18943.0
1865,115,5,1,354.0,18398.0,0.0,18398.0,18943.0
13066,106,5,1,354.0,18398.0,0.0,18398.0,18943.0
745,123,5,1,354.0,18398.0,0.0,18398.0,18943.0
5173,105,5,1,354.0,18398.0,0.0,18398.0,18943.0
14142,121,5,1,354.0,18398.0,0.0,18398.0,18943.0
13358,104,5,1,354.0,18398.0,0.0,18398.0,18943.0
14408,125,5,1,229.0,11905.0,0.0,11905.0,12257.0
9553,115,5,1,229.0,11905.0,0.0,11905.0,12257.0
14346,102,5,1,229.0,11905.0,0.0,11905.0,12257.0
2688,102,5,1,229.0,11905.0,0.0,11905.0,12257.0
4560,102,5,1,229.0,11905.0,0.0,11905.0,12257.0
11178,106,5,1,229.0,11905.0,0.0,11905.0,12257.0
8842,108,5,1,229.0,11905.0,0.0,11905.0,12257.0
10322,102,5,1,229.0,11905.0,0.0,11905.0,12257.0
13434,124,5,1,229.0,11905.0,0.0,11905.0,12257.0
5152,116,5,1,229.0,11905.0,0.0,11905.0,12257.0
5790,108,5,1,229.0,11905.0,0.0,11905.0,12257.0
7940,119,5,2,824145.0,42855556.0,35712963.0,78568519.0,79310069.0
11185,119,5,2,206036.0,10713889.0,4166512.0,14880401.0,15020846.0
10112,119,5,2,187306.0,9739899.0,2164422.0,11904321.0,12016677.0
9023,119,5,2,166494.0,8657688.0,2164422.0,10822110.0,10924252.0
9270,119,5,2,154007.0,8008361.0,0.0,8008361.0,8083946.0
8495,119,5,2,151093.0,7856852.0,3246633.0,11103485.0,11208282.0
5020,119,5,2,145682.0,7575477.0,3246633.0,10822110.0,10924252.0
14157,119,5,2,130490.0,6785463.0,0.0,6785463.0,6849506.0
7716,119,5,2,124871.0,6493266.0,0.0,6493266.0,6554551.0
11820,119,5,2,104059.0,5411055.0,2164422.0,7575477.0,7646976.0
138,119,5,2,104059.0,5411055.0,3246633.0,8657688.0,8739402.0
10931,119,5,2,96150.0,4999815.0,0.0,4999815.0,5047004.0
14273,114,5,2,141312.0,7348213.0,0.0,7348213.0,7417567.0
11646,112,5,2,89282.0,4642685.0,0.0,4642685.0,4686504.0
11703,119,5,2,87826.0,4566930.0,0.0,4566930.0,4610034.0
2071,119,5,2,75547.0,3928426.0,0.0,3928426.0,3965503.0
2745,111,5,2,72841.0,3787738.0,0.0,3787738.0,3823488.0
8935,119,5,2,70760.0,3679517.0,0.0,3679517.0,3714246.0
738,111,5,2,68679.0,3571296.0,0.0,3571296.0,3605003.0
8029,119,5,2,68679.0,3571296.0,0.0,3571296.0,3605003.0
5131,119,5,2,63060.0,3279099.0,0.0,3279099.0,3310048.0
4903,112,5,2,62435.0,3246633.0,0.0,3246633.0,3277276.0
14096,119,5,2,62435.0,3246633.0,0.0,3246633.0,3277276.0
6621,112,5,2,62435.0,3246633.0,0.0,3246633.0,3277276.0
4214,119,5,2,62435.0,3246633.0,2164422.0,5411055.0,5462126.0
6954,112,5,2,61811.0,3214167.0,0.0,3214167.0,3244503.0
10563,111,5,2,55151.0,2867859.0,0.0,2867859.0,2894927.0
2348,119,5,2,54943.0,2857037.0,0.0,2857037.0,2884003.0
3298,111,5,2,54943.0,2857037.0,0.0,2857037.0,2884003.0
5815,112,5,2,53486.0,2781282.0,0.0,2781282.0,2807533.0
3074,117,5,2,52029.0,2705528.0,0.0,2705528.0,2731063.0
1314,111,5,2,48075.0,2499907.0,0.0,2499907.0,2523502.0
1719,112,5,2,47451.0,2467441.0,0.0,2467441.0,2490729.0
5474,119,5,2,45786.0,2380864.0,0.0,2380864.0,2403335.0
13946,112,5,2,45370.0,2359220.0,0.0,2359220.0,2381487.0
3334,114,5,2,70760.0,3679517.0,0.0,3679517.0,3714246.0
11406,112,5,2,44121.0,2294287.0,0.0,2294287.0,2315941.0
4854,117,5,2,44121.0,2294287.0,0.0,2294287.0,2315941.0
2434,112,5,2,43913.0,2283465.0,0.0,2283465.0,2305017.0
8567,121,5,2,43705.0,2272643.0,0.0,2272643.0,2294093.0
508,114,5,2,68679.0,3571296.0,0.0,3571296.0,3605003.0
1906,110,5,2,42872.0,2229355.0,0.0,2229355.0,2250396.0
10346,116,5,2,42664.0,2218533.0,0.0,2218533.0,2239472.0
6441,117,5,2,41624.0,2164422.0,0.0,2164422.0,2184850.0
7481,119,5,2,41624.0,2164422.0,0.0,2164422.0,2184850.0
1586,121,5,2,41624.0,2164422.0,0.0,2164422.0,2184850.0
11914,111,5,2,41207.0,2142778.0,0.0,2142778.0,2163002.0
13272,114,5,2,62435.0,3246633.0,0.0,3246633.0,3277276.0
13415,114,5,2,62435.0,3246633.0,0.0,3246633.0,3277276.0
2118,114,5,2,62435.0,3246633.0,0.0,3246633.0,3277276.0
9773,111,5,2,38502.0,2002090.0,0.0,2002090.0,2020987.0
6860,112,5,2,37877.0,1969624.0,0.0,1969624.0,1988214.0
8467,119,5,2,37461.0,1947980.0,0.0,1947980.0,1966365.0
12586,109,5,2,36629.0,1904691.0,0.0,1904691.0,1922668.0
3046,119,5,2,36629.0,1904691.0,0.0,1904691.0,1922668.0
10228,114,5,2,56192.0,2921970.0,0.0,2921970.0,2949548.0
991,112,5,2,35588.0,1850581.0,0.0,1850581.0,1868047.0
14123,115,5,2,34339.0,1785648.0,0.0,1785648.0,1802502.0
9336,121,5,2,34339.0,1785648.0,0.0,1785648.0,1802502.0
3874,108,5,2,34339.0,1785648.0,0.0,1785648.0,1802502.0
2149,108,5,2,34339.0,1785648.0,0.0,1785648.0,1802502.0
13965,114,5,2,54111.0,2813749.0,0.0,2813749.0,2840305.0
7892,114,5,2,54111.0,2813749.0,0.0,2813749.0,2840305.0
13037,117,5,2,33299.0,1731538.0,0.0,1731538.0,1747880.0
325,111,5,2,33299.0,1731538.0,0.0,1731538.0,1747880.0
280,108,5,2,33299.0,1731538.0,0.0,1731538.0,1747880.0
2207,114,5,2,52029.0,2705528.0,0.0,2705528.0,2731063.0
4623,114,5,2,52029.0,2705528.0,0.0,2705528.0,2731063.0
182,109,5,2,31218.0,1623316.0,0.0,1623316.0,1638638.0
10723,111,5,2,31218.0,1623316.0,1082211.0,2705528.0,2731063.0
6325,112,5,2,31218.0,1623316.0,0.0,1623316.0,1638638.0
10274,117,5,2,29761.0,1547562.0,0.0,1547562.0,1562168.0
13951,117,5,2,29136.0,1515095.0,0.0,1515095.0,1529395.0
13503,110,5,2,28720.0,1493451.0,0.0,1493451.0,1507547.0
3655,111,5,2,27680.0,1439341.0,0.0,1439341.0,1452926.0
10310,116,5,2,27472.0,1428519.0,0.0,1428519.0,1442001.0
12255,105,5,2,27055.0,1406874.0,0.0,1406874.0,1420153.0
14532,117,5,2,27055.0,1406874.0,0.0,1406874.0,1420153.0
13339,117,5,2,27055.0,1406874.0,0.0,1406874.0,1420153.0
1883,121,5,2,26015.0,1352764.0,0.0,1352764.0,1365531.0
13186,121,5,2,26015.0,1352764.0,0.0,1352764.0,1365531.0
12563,112,5,2,26015.0,1352764.0,0.0,1352764.0,1365531.0
8009,110,5,2,24974.0,1298653.0,0.0,1298653.0,1310910.0
4036,121,5,2,24974.0,1298653.0,0.0,1298653.0,1310910.0
8815,111,5,2,24974.0,1298653.0,0.0,1298653.0,1310910.0
11641,105,5,2,24974.0,1298653.0,0.0,1298653.0,1310910.0
11868,124,5,2,24974.0,1298653.0,0.0,1298653.0,1310910.0
1875,109,5,2,24766.0,1287831.0,0.0,1287831.0,1299986.0
12876,119,5,2,23517.0,1222898.0,0.0,1222898.0,1234440.0
1755,121,5,2,22893.0,1190432.0,0.0,1190432.0,1201668.0
5670,112,5,2,22893.0,1190432.0,0.0,1190432.0,1201668.0
12338,112,5,2,22893.0,1190432.0,0.0,1190432.0,1201668.0
14183,108,5,2,22893.0,1190432.0,0.0,1190432.0,1201668.0
5696,110,5,2,22477.0,1168788.0,0.0,1168788.0,1179819.0
6865,109,5,2,22269.0,1157966.0,0.0,1157966.0,1168895.0
5851,109,5,2,21228.0,1103855.0,0.0,1103855.0,1114274.0
14202,114,5,2,33299.0,1731538.0,0.0,1731538.0,1747880.0
3284,108,5,2,20812.0,1082211.0,0.0,1082211.0,1092425.0
1256,108,5,2,20812.0,1082211.0,0.0,1082211.0,1092425.0
12271,117,5,2,20812.0,1082211.0,0.0,1082211.0,1092425.0
4600,108,5,2,20812.0,1082211.0,0.0,1082211.0,1092425.0
11106,111,5,2,20812.0,1082211.0,0.0,1082211.0,1092425.0
14367,115,5,2,20812.0,1082211.0,0.0,1082211.0,1092425.0
781,109,5,2,20812.0,1082211.0,0.0,1082211.0,1092425.0
1899,115,5,2,20812.0,1082211.0,0.0,1082211.0,1092425.0
5027,111,5,2,20812.0,1082211.0,0.0,1082211.0,1092425.0
2691,111,5,2,20812.0,1082211.0,0.0,1082211.0,1092425.0
10394,109,5,2,20812.0,1082211.0,0.0,1082211.0,1092425.0
14587,110,5,2,20812.0,1082211.0,0.0,1082211.0,1092425.0
2833,107,5,2,20604.0,1071389.0,0.0,1071389.0,1081501.0
10179,107,5,2,20604.0,1071389.0,0.0,1071389.0,1081501.0
5220,114,5,2,32674.0,1699071.0,0.0,1699071.0,1715108.0
14498,117,5,2,20604.0,1071389.0,0.0,1071389.0,1081501.0
5817,109,5,2,20604.0,1071389.0,0.0,1071389.0,1081501.0
10314,116,5,2,20187.0,1049745.0,0.0,1049745.0,1059652.0
4279,108,5,2,18731.0,973990.0,0.0,973990.0,983183.0
7566,120,5,2,18731.0,973990.0,0.0,973990.0,983183.0
4552,116,5,2,18731.0,973990.0,0.0,973990.0,983183.0
7094,120,5,2,18731.0,973990.0,0.0,973990.0,983183.0
5422,117,5,2,17690.0,919879.0,0.0,919879.0,928561.0
11713,108,5,2,17690.0,919879.0,0.0,919879.0,928561.0
1061,107,5,2,17274.0,898235.0,0.0,898235.0,906713.0
386,116,5,2,17274.0,898235.0,0.0,898235.0,906713.0
1520,121,5,2,17274.0,898235.0,0.0,898235.0,906713.0
6907,105,5,2,17274.0,898235.0,0.0,898235.0,906713.0
6909,112,5,2,17274.0,898235.0,0.0,898235.0,906713.0
11304,112,5,2,17274.0,898235.0,0.0,898235.0,906713.0
12331,108,5,2,17274.0,898235.0,0.0,898235.0,906713.0
10188,120,5,2,17274.0,898235.0,0.0,898235.0,906713.0
1258,123,5,2,17274.0,898235.0,0.0,898235.0,906713.0
7645,108,5,2,17274.0,898235.0,0.0,898235.0,906713.0
5484,105,5,2,16649.0,865769.0,0.0,865769.0,873940.0
4881,107,5,2,16649.0,865769.0,0.0,865769.0,873940.0
94,107,5,2,16649.0,865769.0,0.0,865769.0,873940.0
6371,110,5,2,16649.0,865769.0,0.0,865769.0,873940.0
12940,115,5,2,16649.0,865769.0,0.0,865769.0,873940.0
10947,119,5,2,16441.0,854947.0,0.0,854947.0,863016.0
6921,115,5,2,16441.0,854947.0,0.0,854947.0,863016.0
11975,109,5,2,16441.0,854947.0,0.0,854947.0,863016.0
7653,123,5,2,16025.0,833302.0,0.0,833302.0,841167.0
13330,115,5,2,15193.0,790014.0,0.0,790014.0,797470.0
11746,114,5,2,23934.0,1244543.0,0.0,1244543.0,1256289.0
10707,116,5,2,15193.0,790014.0,0.0,790014.0,797470.0
1714,121,5,2,14984.0,779192.0,0.0,779192.0,786546.0
10443,108,5,2,14984.0,779192.0,0.0,779192.0,786546.0
5243,123,5,2,14568.0,757548.0,0.0,757548.0,764698.0
4765,123,5,2,14568.0,757548.0,0.0,757548.0,764698.0
1541,124,5,2,14568.0,757548.0,0.0,757548.0,764698.0
1514,119,5,2,13736.0,714259.0,0.0,714259.0,721001.0
3752,109,5,2,13736.0,714259.0,0.0,714259.0,721001.0
11723,112,5,2,13736.0,714259.0,0.0,714259.0,721001.0
758,117,5,2,13736.0,714259.0,0.0,714259.0,721001.0
10187,114,5,2,21644.0,1125499.0,0.0,1125499.0,1136122.0
7383,120,5,2,13736.0,714259.0,0.0,714259.0,721001.0
988,121,5,2,13736.0,714259.0,0.0,714259.0,721001.0
14547,120,5,2,13736.0,714259.0,0.0,714259.0,721001.0
830,121,5,2,13528.0,703437.0,0.0,703437.0,710076.0
6332,117,5,2,13528.0,703437.0,0.0,703437.0,710076.0
3886,123,5,2,13528.0,703437.0,0.0,703437.0,710076.0
10675,116,5,2,13111.0,681793.0,0.0,681793.0,688228.0
11584,114,5,2,20812.0,1082211.0,0.0,1082211.0,1092425.0
8482,109,5,2,13111.0,681793.0,0.0,681793.0,688228.0
4317,112,5,2,12695.0,660149.0,0.0,660149.0,666379.0
4211,121,5,2,12695.0,660149.0,0.0,660149.0,666379.0
4051,116,5,2,12695.0,660149.0,0.0,660149.0,666379.0
352,110,5,2,12487.0,649327.0,0.0,649327.0,655455.0
9793,113,5,2,12487.0,649327.0,0.0,649327.0,655455.0
9792,120,5,2,12487.0,649327.0,0.0,649327.0,655455.0
7576,116,5,2,12487.0,649327.0,0.0,649327.0,655455.0
10799,124,5,2,12487.0,649327.0,0.0,649327.0,655455.0
4734,124,5,2,12487.0,649327.0,0.0,649327.0,655455.0
5538,121,5,2,12279.0,638504.0,0.0,638504.0,644531.0
13593,116,5,2,12279.0,638504.0,0.0,638504.0,644531.0
14571,109,5,2,12071.0,627682.0,0.0,627682.0,633607.0
4924,113,5,2,11863.0,616860.0,0.0,616860.0,622682.0
288,111,5,2,11446.0,595216.0,0.0,595216.0,600834.0
5255,109,5,2,11446.0,595216.0,0.0,595216.0,600834.0
12300,116,5,2,11446.0,595216.0,0.0,595216.0,600834.0
1919,120,5,2,11446.0,595216.0,0.0,595216.0,600834.0
9953,112,5,2,11446.0,595216.0,0.0,595216.0,600834.0
286,121,5,2,11446.0,595216.0,0.0,595216.0,600834.0
8136,112,5,2,11238.0,584394.0,0.0,584394.0,589910.0
6343,123,5,2,10614.0,551928.0,0.0,551928.0,557137.0
6327,116,5,2,10406.0,541106.0,0.0,541106.0,546213.0
9795,117,5,2,10406.0,541106.0,0.0,541106.0,546213.0
5612,110,5,2,10406.0,541106.0,0.0,541106.0,546213.0
10257,110,5,2,10406.0,541106.0,0.0,541106.0,546213.0
6461,105,5,2,10406.0,541106.0,0.0,541106.0,546213.0
9030,105,5,2,10406.0,541106.0,0.0,541106.0,546213.0
5594,116,5,2,10406.0,541106.0,0.0,541106.0,546213.0
2624,115,5,2,10406.0,541106.0,0.0,541106.0,546213.0
8529,111,5,2,10406.0,541106.0,0.0,541106.0,546213.0
10219,117,5,2,10406.0,541106.0,0.0,541106.0,546213.0
1214,108,5,2,10406.0,541106.0,0.0,541106.0,546213.0
12835,120,5,2,10406.0,541106.0,0.0,541106.0,546213.0
3641,116,5,2,10406.0,541106.0,0.0,541106.0,546213.0
1740,110,5,2,10406.0,541106.0,0.0,541106.0,546213.0
38,123,5,2,10406.0,541106.0,0.0,541106.0,546213.0
13849,112,5,2,10406.0,541106.0,0.0,541106.0,546213.0
8593,112,5,2,10198.0,530283.0,0.0,530283.0,535288.0
7724,117,5,2,9990.0,519461.0,0.0,519461.0,524364.0
10269,108,5,2,9782.0,508639.0,0.0,508639.0,513440.0
13326,120,5,2,9782.0,508639.0,0.0,508639.0,513440.0
5406,111,5,2,9782.0,508639.0,0.0,508639.0,513440.0
4114,111,5,2,9782.0,508639.0,0.0,508639.0,513440.0
6870,108,5,2,9573.0,497817.0,0.0,497817.0,502516.0
12481,108,5,2,9573.0,497817.0,0.0,497817.0,502516.0
8066,123,5,2,9573.0,497817.0,0.0,497817.0,502516.0
7671,113,5,2,9573.0,497817.0,0.0,497817.0,502516.0
13190,105,5,2,9573.0,497817.0,0.0,497817.0,502516.0
12628,123,5,2,9573.0,497817.0,0.0,497817.0,502516.0
13069,110,5,2,9365.0,486995.0,0.0,486995.0,491591.0
2769,124,5,2,9365.0,486995.0,0.0,486995.0,491591.0
13204,124,5,2,9157.0,476173.0,0.0,476173.0,480667.0
6828,105,5,2,9157.0,476173.0,0.0,476173.0,480667.0
9661,113,5,2,8949.0,465351.0,0.0,465351.0,469743.0
9804,106,5,2,8949.0,465351.0,0.0,465351.0,469743.0
5805,113,5,2,8949.0,465351.0,0.0,465351.0,469743.0
7835,113,5,2,8949.0,465351.0,0.0,465351.0,469743.0
6930,117,5,2,8741.0,454529.0,0.0,454529.0,458819.0
8835,111,5,2,8741.0,454529.0,0.0,454529.0,458819.0
11421,111,5,2,8533.0,443707.0,0.0,443707.0,447894.0
1525,115,5,2,8533.0,443707.0,0.0,443707.0,447894.0
2547,106,5,2,8533.0,443707.0,0.0,443707.0,447894.0
10176,110,5,2,8325.0,432884.0,0.0,432884.0,436970.0
1546,107,5,2,8325.0,432884.0,0.0,432884.0,436970.0
1709,109,5,2,8325.0,432884.0,0.0,432884.0,436970.0
2488,113,5,2,8325.0,432884.0,0.0,432884.0,436970.0
11279,110,5,2,8325.0,432884.0,0.0,432884.0,436970.0
6680,113,5,2,8325.0,432884.0,0.0,432884.0,436970.0
3142,108,5,2,8325.0,432884.0,0.0,432884.0,436970.0
9277,120,5,2,8325.0,432884.0,0.0,432884.0,436970.0
13395,120,5,2,8325.0,432884.0,0.0,432884.0,436970.0
13431,120,5,2,8325.0,432884.0,0.0,432884.0,436970.0
6736,111,5,2,8325.0,432884.0,0.0,432884.0,436970.0
9115,116,5,2,8325.0,432884.0,0.0,432884.0,436970.0
11490,116,5,2,8325.0,432884.0,0.0,432884.0,436970.0
6548,108,5,2,8325.0,432884.0,0.0,432884.0,436970.0
6348,108,5,2,8325.0,432884.0,0.0,432884.0,436970.0
7597,105,5,2,8325.0,432884.0,0.0,432884.0,436970.0
1242,109,5,2,8117.0,422062.0,0.0,422062.0,426046.0
13491,109,5,2,8117.0,422062.0,0.0,422062.0,426046.0
3475,123,5,2,8117.0,422062.0,0.0,422062.0,426046.0
2620,113,5,2,8117.0,422062.0,0.0,422062.0,426046.0
11936,120,5,2,8117.0,422062.0,0.0,422062.0,426046.0
14476,107,5,2,8117.0,422062.0,0.0,422062.0,426046.0
7374,123,5,2,7700.0,400418.0,0.0,400418.0,404197.0
6438,106,5,2,7492.0,389596.0,0.0,389596.0,393273.0
12460,123,5,2,7492.0,389596.0,0.0,389596.0,393273.0
5809,114,5,2,11863.0,616860.0,0.0,616860.0,622682.0
14361,124,5,2,7284.0,378774.0,0.0,378774.0,382349.0
1987,112,5,2,7284.0,378774.0,0.0,378774.0,382349.0
14416,107,5,2,7284.0,378774.0,0.0,378774.0,382349.0
6720,106,5,2,7284.0,378774.0,0.0,378774.0,382349.0
14143,121,5,2,7284.0,378774.0,0.0,378774.0,382349.0
1193,123,5,2,7284.0,378774.0,0.0,378774.0,382349.0
7770,115,5,2,7284.0,378774.0,0.0,378774.0,382349.0
5211,124,5,2,7284.0,378774.0,0.0,378774.0,382349.0
9324,105,5,2,7284.0,378774.0,0.0,378774.0,382349.0
365,123,5,2,7284.0,378774.0,0.0,378774.0,382349.0
14526,114,5,2,11446.0,595216.0,0.0,595216.0,600834.0
10306,106,5,2,7076.0,367952.0,0.0,367952.0,371425.0
6345,116,5,2,7076.0,367952.0,0.0,367952.0,371425.0
13017,111,5,2,7076.0,367952.0,0.0,367952.0,371425.0
3822,114,5,2,10822.0,562750.0,0.0,562750.0,568061.0
1970,121,5,2,6868.0,357130.0,0.0,357130.0,360500.0
360,115,5,2,6868.0,357130.0,0.0,357130.0,360500.0
3967,120,5,2,6868.0,357130.0,0.0,357130.0,360500.0
10097,124,5,2,6868.0,357130.0,0.0,357130.0,360500.0
4827,124,5,2,6868.0,357130.0,0.0,357130.0,360500.0
9659,123,5,2,6868.0,357130.0,0.0,357130.0,360500.0
14436,120,5,2,6868.0,357130.0,0.0,357130.0,360500.0
1869,116,5,2,6868.0,357130.0,0.0,357130.0,360500.0
741,119,5,2,6868.0,357130.0,0.0,357130.0,360500.0
7332,110,5,2,6868.0,357130.0,0.0,357130.0,360500.0
4627,110,5,2,6868.0,357130.0,0.0,357130.0,360500.0
6499,123,5,2,6868.0,357130.0,0.0,357130.0,360500.0
9405,108,5,2,6868.0,357130.0,0.0,357130.0,360500.0
3692,114,5,2,10406.0,541106.0,0.0,541106.0,546213.0
3111,110,5,2,6244.0,324663.0,0.0,324663.0,327728.0
6038,111,5,2,6244.0,324663.0,0.0,324663.0,327728.0
11722,110,5,2,6244.0,324663.0,0.0,324663.0,327728.0
13368,110,5,2,6244.0,324663.0,0.0,324663.0,327728.0
1788,115,5,2,6244.0,324663.0,0.0,324663.0,327728.0
816,110,5,2,6244.0,324663.0,0.0,324663.0,327728.0
2635,107,5,2,6244.0,324663.0,0.0,324663.0,327728.0
9667,116,5,2,6244.0,324663.0,0.0,324663.0,327728.0
2126,105,5,2,6244.0,324663.0,0.0,324663.0,327728.0
4892,110,5,2,6244.0,324663.0,0.0,324663.0,327728.0
9851,106,5,2,6035.0,313841.0,0.0,313841.0,316803.0
3374,121,5,2,6035.0,313841.0,0.0,313841.0,316803.0
13425,123,5,2,6035.0,313841.0,0.0,313841.0,316803.0
1921,113,5,2,6035.0,313841.0,0.0,313841.0,316803.0
12564,107,5,2,5827.0,303019.0,0.0,303019.0,305879.0
9497,105,5,2,5827.0,303019.0,0.0,303019.0,305879.0
10163,115,5,2,5827.0,303019.0,0.0,303019.0,305879.0
1980,106,5,2,5827.0,303019.0,0.0,303019.0,305879.0
7524,123,5,2,5827.0,303019.0,0.0,303019.0,305879.0
11169,120,5,2,5827.0,303019.0,0.0,303019.0,305879.0
744,113,5,2,5827.0,303019.0,0.0,303019.0,305879.0
12451,111,5,2,5411.0,281375.0,0.0,281375.0,284031.0
7333,105,5,2,5411.0,281375.0,0.0,281375.0,284031.0
129,113,5,2,5411.0,281375.0,0.0,281375.0,284031.0
5589,109,5,2,5203.0,270553.0,0.0,270553.0,273106.0
3399,113,5,2,5203.0,270553.0,0.0,270553.0,273106.0
10324,115,5,2,5203.0,270553.0,0.0,270553.0,273106.0
10501,116,5,2,5203.0,270553.0,0.0,270553.0,273106.0
6525,108,5,2,5203.0,270553.0,0.0,270553.0,273106.0
4875,121,5,2,5203.0,270553.0,0.0,270553.0,273106.0
10575,106,5,2,5203.0,270553.0,0.0,270553.0,273106.0
1221,106,5,2,5203.0,270553.0,0.0,270553.0,273106.0
8274,124,5,2,5203.0,270553.0,0.0,270553.0,273106.0
2076,105,5,2,5203.0,270553.0,0.0,270553.0,273106.0
1161,109,5,2,4995.0,259731.0,0.0,259731.0,262182.0
5526,124,5,2,4787.0,248909.0,0.0,248909.0,251258.0
4557,106,5,2,4787.0,248909.0,0.0,248909.0,251258.0
7696,113,5,2,4787.0,248909.0,0.0,248909.0,251258.0
842,117,5,2,4579.0,238086.0,0.0,238086.0,240334.0
8287,107,5,2,4579.0,238086.0,0.0,238086.0,240334.0
5794,123,5,2,4579.0,238086.0,0.0,238086.0,240334.0
7540,114,5,2,7284.0,378774.0,0.0,378774.0,382349.0
5840,115,5,2,4579.0,238086.0,0.0,238086.0,240334.0
4794,109,5,2,4579.0,238086.0,0.0,238086.0,240334.0
8780,111,5,2,4579.0,238086.0,0.0,238086.0,240334.0
7339,110,5,2,4370.0,227264.0,0.0,227264.0,229409.0
11259,117,5,2,4370.0,227264.0,0.0,227264.0,229409.0
13487,109,5,2,4370.0,227264.0,0.0,227264.0,229409.0
9406,106,5,2,4162.0,216442.0,0.0,216442.0,218485.0
3802,110,5,2,4162.0,216442.0,0.0,216442.0,218485.0
13373,115,5,2,4162.0,216442.0,0.0,216442.0,218485.0
11768,109,5,2,4162.0,216442.0,0.0,216442.0,218485.0
11871,107,5,2,4162.0,216442.0,0.0,216442.0,218485.0
14055,124,5,2,4162.0,216442.0,0.0,216442.0,218485.0
9016,117,5,2,4162.0,216442.0,0.0,216442.0,218485.0
751,117,5,2,4162.0,216442.0,0.0,216442.0,218485.0
12972,112,5,2,4162.0,216442.0,0.0,216442.0,218485.0
117,113,5,2,4162.0,216442.0,0.0,216442.0,218485.0
1731,109,5,2,4162.0,216442.0,0.0,216442.0,218485.0
8090,109,5,2,4162.0,216442.0,0.0,216442.0,218485.0
13080,114,5,2,6452.0,335485.0,0.0,335485.0,338652.0
8570,120,5,2,3954.0,205620.0,0.0,205620.0,207561.0
9505,107,5,2,3954.0,205620.0,0.0,205620.0,207561.0
1004,120,5,2,3954.0,205620.0,0.0,205620.0,207561.0
6377,121,5,2,3746.0,194798.0,0.0,194798.0,196637.0
5566,123,5,2,3746.0,194798.0,0.0,194798.0,196637.0
5245,106,5,2,3746.0,194798.0,0.0,194798.0,196637.0
742,120,5,2,3746.0,194798.0,0.0,194798.0,196637.0
75,116,5,2,3746.0,194798.0,0.0,194798.0,196637.0
13283,115,5,2,3746.0,194798.0,0.0,194798.0,196637.0
11167,107,5,2,3746.0,194798.0,0.0,194798.0,196637.0
1748,112,5,2,3538.0,183976.0,0.0,183976.0,185712.0
3985,112,5,2,3538.0,183976.0,0.0,183976.0,185712.0
7718,115,5,2,3538.0,183976.0,0.0,183976.0,185712.0
7168,107,5,2,3538.0,183976.0,0.0,183976.0,185712.0
7848,106,5,2,3538.0,183976.0,0.0,183976.0,185712.0
1576,107,5,2,3538.0,183976.0,0.0,183976.0,185712.0
8789,105,5,2,3538.0,183976.0,0.0,183976.0,185712.0
14600,124,5,2,3538.0,183976.0,0.0,183976.0,185712.0
4183,117,5,2,3538.0,183976.0,0.0,183976.0,185712.0
5186,106,5,2,3538.0,183976.0,0.0,183976.0,185712.0
1693,110,5,2,3538.0,183976.0,0.0,183976.0,185712.0
1569,113,5,2,3122.0,162332.0,0.0,162332.0,163864.0
10245,123,5,2,3122.0,162332.0,0.0,162332.0,163864.0
2023,110,5,2,3122.0,162332.0,0.0,162332.0,163864.0
11194,107,5,2,3122.0,162332.0,0.0,162332.0,163864.0
374,106,5,2,3122.0,162332.0,0.0,162332.0,163864.0
12895,106,5,2,3122.0,162332.0,0.0,162332.0,163864.0
10354,106,5,2,3122.0,162332.0,0.0,162332.0,163864.0
8100,115,5,2,2914.0,151510.0,0.0,151510.0,152940.0
3983,107,5,2,2914.0,151510.0,0.0,151510.0,152940.0
163,109,5,2,2914.0,151510.0,0.0,151510.0,152940.0
618,124,5,2,2914.0,151510.0,0.0,151510.0,152940.0
14100,109,5,2,2914.0,151510.0,0.0,151510.0,152940.0
9882,106,5,2,2706.0,140687.0,0.0,140687.0,142015.0
3321,116,5,2,2706.0,140687.0,0.0,140687.0,142015.0
12899,124,5,2,2706.0,140687.0,0.0,140687.0,142015.0
2643,121,5,2,2706.0,140687.0,0.0,140687.0,142015.0
14151,124,5,2,2706.0,140687.0,0.0,140687.0,142015.0
2414,124,5,2,2706.0,140687.0,0.0,140687.0,142015.0
14481,106,5,2,2706.0,140687.0,0.0,140687.0,142015.0
4158,107,5,2,2497.0,129865.0,0.0,129865.0,131091.0
6321,113,5,2,2497.0,129865.0,0.0,129865.0,131091.0
12581,116,5,2,2497.0,129865.0,0.0,129865.0,131091.0
3622,110,5,2,2289.0,119043.0,0.0,119043.0,120167.0
269,105,5,2,2289.0,119043.0,0.0,119043.0,120167.0
9886,117,5,2,2289.0,119043.0,0.0,119043.0,120167.0
14155,113,5,2,2081.0,108221.0,0.0,108221.0,109243.0
8986,113,5,2,2081.0,108221.0,0.0,108221.0,109243.0
14487,106,5,2,2081.0,108221.0,0.0,108221.0,109243.0
3312,124,5,2,2081.0,108221.0,0.0,108221.0,109243.0
5210,113,5,2,2081.0,108221.0,0.0,108221.0,109243.0
4298,113,5,2,2081.0,108221.0,0.0,108221.0,109243.0
5174,105,5,2,2081.0,108221.0,0.0,108221.0,109243.0
14370,114,5,2,3122.0,162332.0,0.0,162332.0,163864.0
1341,107,5,2,1873.0,97399.0,0.0,97399.0,98318.0
971,117,5,2,1873.0,97399.0,0.0,97399.0,98318.0
2484,106,5,2,1873.0,97399.0,0.0,97399.0,98318.0
1682,108,5,2,1873.0,97399.0,0.0,97399.0,98318.0
1790,115,5,2,1873.0,97399.0,0.0,97399.0,98318.0
10191,111,5,2,1665.0,86577.0,0.0,86577.0,87394.0
14389,108,5,2,1665.0,86577.0,0.0,86577.0,87394.0
7474,105,5,2,1665.0,86577.0,0.0,86577.0,87394.0
5195,121,5,2,1665.0,86577.0,0.0,86577.0,87394.0
4906,121,5,2,1665.0,86577.0,0.0,86577.0,87394.0
10545,108,5,2,1665.0,86577.0,0.0,86577.0,87394.0
7413,124,5,2,1665.0,86577.0,0.0,86577.0,87394.0
4290,115,5,2,1665.0,86577.0,0.0,86577.0,87394.0
103,108,5,2,1665.0,86577.0,0.0,86577.0,87394.0
9382,123,5,2,1665.0,86577.0,0.0,86577.0,87394.0
3793,106,5,2,1665.0,86577.0,0.0,86577.0,87394.0
1990,105,5,2,1665.0,86577.0,0.0,86577.0,87394.0
2592,124,5,2,1457.0,75755.0,0.0,75755.0,76470.0
13355,106,5,2,1457.0,75755.0,0.0,75755.0,76470.0
6544,106,5,2,1457.0,75755.0,0.0,75755.0,76470.0
8352,110,5,2,1457.0,75755.0,0.0,75755.0,76470.0
7957,113,5,2,1457.0,75755.0,0.0,75755.0,76470.0
8818,113,5,2,1457.0,75755.0,0.0,75755.0,76470.0
13380,120,5,2,1457.0,75755.0,0.0,75755.0,76470.0
10252,107,5,2,1457.0,75755.0,0.0,75755.0,76470.0
3054,113,5,2,1457.0,75755.0,0.0,75755.0,76470.0
746,123,5,2,1457.0,75755.0,0.0,75755.0,76470.0
5523,113,5,2,1457.0,75755.0,0.0,75755.0,76470.0
3881,107,5,2,1457.0,75755.0,0.0,75755.0,76470.0
2478,107,5,2,1457.0,75755.0,0.0,75755.0,76470.0
7092,113,5,2,1457.0,75755.0,0.0,75755.0,76470.0
864,107,5,2,1457.0,75755.0,0.0,75755.0,76470.0
1725,110,5,2,1457.0,75755.0,0.0,75755.0,76470.0
13321,117,5,2,1457.0,75755.0,0.0,75755.0,76470.0
7390,111,5,2,1457.0,75755.0,0.0,75755.0,76470.0
14488,107,5,2,1457.0,75755.0,0.0,75755.0,76470.0
13919,120,5,2,1457.0,75755.0,0.0,75755.0,76470.0
9513,121,5,2,1457.0,75755.0,0.0,75755.0,76470.0
13644,117,5,2,1457.0,75755.0,0.0,75755.0,76470.0
7658,124,5,2,1457.0,75755.0,0.0,75755.0,76470.0
8236,105,5,2,1457.0,75755.0,0.0,75755.0,76470.0
10337,124,5,2,1457.0,75755.0,0.0,75755.0,76470.0
10388,124,5,2,1457.0,75755.0,0.0,75755.0,76470.0
1346,117,5,2,1457.0,75755.0,0.0,75755.0,76470.0
3085,117,5,2,1457.0,75755.0,0.0,75755.0,76470.0
14400,117,5,2,1457.0,75755.0,0.0,75755.0,76470.0
13412,124,5,2,1457.0,75755.0,0.0,75755.0,76470.0
13435,124,5,2,1457.0,75755.0,0.0,75755.0,76470.0
1658,105,5,2,1457.0,75755.0,0.0,75755.0,76470.0
10919,108,5,2,1457.0,75755.0,0.0,75755.0,76470.0
5548,108,5,2,1457.0,75755.0,0.0,75755.0,76470.0
11289,113,5,2,1457.0,75755.0,0.0,75755.0,76470.0
12445,113,5,2,1457.0,75755.0,0.0,75755.0,76470.0
8532,123,5,2,1457.0,75755.0,0.0,75755.0,76470.0
1369,105,5,2,1457.0,75755.0,0.0,75755.0,76470.0
196,120,5,2,1457.0,75755.0,0.0,75755.0,76470.0
8774,114,5,2,2081.0,108221.0,0.0,108221.0,109243.0
13195,123,5,2,1457.0,75755.0,0.0,75755.0,76470.0
3498,115,5,2,1457.0,75755.0,0.0,75755.0,76470.0
4046,115,5,2,1457.0,75755.0,0.0,75755.0,76470.0
2025,124,5,2,1457.0,75755.0,0.0,75755.0,76470.0
6998,115,5,2,1457.0,75755.0,0.0,75755.0,76470.0
12443,115,5,2,1457.0,75755.0,0.0,75755.0,76470.0
1781,116,5,2,1457.0,75755.0,0.0,75755.0,76470.0
11981,116,5,2,1457.0,75755.0,0.0,75755.0,76470.0
14336,105,5,2,1457.0,75755.0,0.0,75755.0,76470.0
13216,116,5,2,1457.0,75755.0,0.0,75755.0,76470.0
6402,112,5,2,1249.0,64933.0,0.0,64933.0,65546.0
8848,120,5,2,1249.0,64933.0,0.0,64933.0,65546.0
8782,121,5,2,1041.0,54111.0,0.0,54111.0,54621.0
10506,110,5,2,1041.0,54111.0,0.0,54111.0,54621.0
14466,124,5,2,832.0,43288.0,0.0,43288.0,43697.0
8558,105,5,2,832.0,43288.0,0.0,43288.0,43697.0
943,120,5,2,832.0,43288.0,0.0,43288.0,43697.0
6455,106,5,2,832.0,43288.0,0.0,43288.0,43697.0
11186,119,5,3,215351.0,11198276.0,4354885.0,15553161.0,15553161.0
7728,119,5,3,195774.0,10180251.0,2262278.0,12442529.0,12442529.0
9271,119,5,3,160970.0,8370429.0,0.0,8370429.0,8370429.0
8496,119,5,3,157924.0,8212069.0,3393417.0,11605486.0,11605486.0
139,119,5,3,157924.0,8212069.0,3393417.0,11605486.0,11605486.0
5021,119,5,3,152269.0,7917973.0,3393417.0,11311390.0,11311390.0
14158,119,5,3,136389.0,7092242.0,0.0,7092242.0,7092242.0
14097,119,5,3,130516.0,6786834.0,1131139.0,7917973.0,7917973.0
10948,119,5,3,119640.0,6221264.0,0.0,6221264.0,6221264.0
6603,119,5,3,108763.0,5655695.0,1131139.0,6786834.0,6786834.0
14247,119,5,3,108763.0,5655695.0,0.0,5655695.0,5655695.0
10113,119,5,3,97887.0,5090125.0,2262278.0,7352403.0,7352403.0
11704,119,5,3,91796.0,4773407.0,0.0,4773407.0,4773407.0
9024,119,5,3,87011.0,4524556.0,2262278.0,6786834.0,6786834.0
2072,119,5,3,78962.0,4106035.0,0.0,4106035.0,4106035.0
2746,111,5,3,76134.0,3958986.0,0.0,3958986.0,3958986.0
274,112,5,3,76134.0,3958986.0,0.0,3958986.0,3958986.0
11650,112,5,3,73959.0,3845873.0,0.0,3845873.0,3845873.0
3371,119,5,3,71784.0,3732759.0,0.0,3732759.0,3732759.0
739,111,5,3,71784.0,3732759.0,0.0,3732759.0,3732759.0
5132,119,5,3,65911.0,3427351.0,0.0,3427351.0,3427351.0
12763,121,5,3,65258.0,3393417.0,0.0,3393417.0,3393417.0
5786,112,5,3,65258.0,3393417.0,0.0,3393417.0,3393417.0
13286,117,5,3,65258.0,3393417.0,0.0,3393417.0,3393417.0
4904,112,5,3,65258.0,3393417.0,0.0,3393417.0,3393417.0
10343,111,5,3,65258.0,3393417.0,0.0,3393417.0,3393417.0
4215,119,5,3,65258.0,3393417.0,2262278.0,5655695.0,5655695.0
9394,112,5,3,65258.0,3393417.0,0.0,3393417.0,3393417.0
10275,117,5,3,60907.0,3167189.0,0.0,3167189.0,3167189.0
2151,121,5,3,60907.0,3167189.0,0.0,3167189.0,3167189.0
10564,111,5,3,57645.0,2997518.0,0.0,2997518.0,2997518.0
984,112,5,3,54382.0,2827847.0,0.0,2827847.0,2827847.0
11821,119,5,3,54382.0,2827847.0,2262278.0,5090125.0,5090125.0
1069,109,5,3,54382.0,2827847.0,0.0,2827847.0,2827847.0
6861,117,5,3,54382.0,2827847.0,0.0,2827847.0,2827847.0
3075,117,5,3,54382.0,2827847.0,0.0,2827847.0,2827847.0
13458,109,5,3,54382.0,2827847.0,0.0,2827847.0,2827847.0
7188,119,5,3,52424.0,2726045.0,0.0,2726045.0,2726045.0
3335,114,5,3,82660.0,4298328.0,0.0,4298328.0,4298328.0
8137,112,5,3,52206.0,2714734.0,0.0,2714734.0,2714734.0
8568,121,5,3,50031.0,2601620.0,0.0,2601620.0,2601620.0
13273,114,5,3,78310.0,4072100.0,0.0,4072100.0,4072100.0
509,114,5,3,76134.0,3958986.0,0.0,3958986.0,3958986.0
10155,109,5,3,47856.0,2488506.0,0.0,2488506.0,2488506.0
11915,111,5,3,47856.0,2488506.0,0.0,2488506.0,2488506.0
13947,112,5,3,47421.0,2465883.0,0.0,2465883.0,2465883.0
4855,117,5,3,46116.0,2398015.0,0.0,2398015.0,2398015.0
2435,112,5,3,45898.0,2386703.0,0.0,2386703.0,2386703.0
8627,112,5,3,43505.0,2262278.0,0.0,2262278.0,2262278.0
6442,117,5,3,43505.0,2262278.0,0.0,2262278.0,2262278.0
7482,119,5,3,43505.0,2262278.0,0.0,2262278.0,2262278.0
1315,116,5,3,43505.0,2262278.0,0.0,2262278.0,2262278.0
4115,111,5,3,43505.0,2262278.0,0.0,2262278.0,2262278.0
13386,111,5,3,41330.0,2149164.0,0.0,2149164.0,2149164.0
13416,114,5,3,65258.0,3393417.0,0.0,3393417.0,3393417.0
2119,114,5,3,65258.0,3393417.0,0.0,3393417.0,3393417.0
326,111,5,3,40242.0,2092607.0,0.0,2092607.0,2092607.0
4923,111,5,3,39155.0,2036050.0,0.0,2036050.0,2036050.0
4687,116,5,3,39155.0,2036050.0,0.0,2036050.0,2036050.0
6952,111,5,3,39155.0,2036050.0,0.0,2036050.0,2036050.0
8468,119,5,3,39155.0,2036050.0,0.0,2036050.0,2036050.0
12587,109,5,3,38285.0,1990805.0,0.0,1990805.0,1990805.0
992,112,5,3,37197.0,1934248.0,0.0,1934248.0,1934248.0
10229,114,5,3,58732.0,3054075.0,0.0,3054075.0,3054075.0
13966,114,5,3,58732.0,3054075.0,0.0,3054075.0,3054075.0
9720,119,5,3,36980.0,1922936.0,0.0,1922936.0,1922936.0
4624,114,5,3,57645.0,2997518.0,0.0,2997518.0,2997518.0
14124,115,5,3,35892.0,1866379.0,0.0,1866379.0,1866379.0
14540,117,5,3,35892.0,1866379.0,1866379.0,3732759.0,3732759.0
10529,112,5,3,35892.0,1866379.0,0.0,1866379.0,1866379.0
8775,114,5,3,56557.0,2940961.0,0.0,2940961.0,2940961.0
7893,114,5,3,56557.0,2940961.0,0.0,2940961.0,2940961.0
281,108,5,3,34804.0,1809822.0,0.0,1809822.0,1809822.0
9887,117,5,3,34804.0,1809822.0,0.0,1809822.0,1809822.0
13295,111,5,3,34804.0,1809822.0,0.0,1809822.0,1809822.0
13038,117,5,3,34804.0,1809822.0,0.0,1809822.0,1809822.0
7944,121,5,3,34804.0,1809822.0,0.0,1809822.0,1809822.0
2208,114,5,3,54382.0,2827847.0,0.0,2827847.0,2827847.0
8739,108,5,3,32629.0,1696708.0,0.0,1696708.0,1696708.0
13932,112,5,3,32629.0,1696708.0,0.0,1696708.0,1696708.0
2127,105,5,3,32629.0,1696708.0,0.0,1696708.0,1696708.0
9954,112,5,3,32629.0,1696708.0,0.0,1696708.0,1696708.0
10724,111,5,3,32629.0,1696708.0,1131139.0,2827847.0,2827847.0
10315,116,5,3,32629.0,1696708.0,0.0,1696708.0,1696708.0
6871,108,5,3,32629.0,1696708.0,0.0,1696708.0,1696708.0
14533,117,5,3,30454.0,1583595.0,0.0,1583595.0,1583595.0
12256,105,5,3,30454.0,1583595.0,0.0,1583595.0,1583595.0
13340,117,5,3,30454.0,1583595.0,0.0,1583595.0,1583595.0
1210,115,5,3,30454.0,1583595.0,0.0,1583595.0,1583595.0
4956,112,5,3,30454.0,1583595.0,0.0,1583595.0,1583595.0
8816,111,5,3,29366.0,1527038.0,0.0,1527038.0,1527038.0
10311,116,5,3,28714.0,1493103.0,0.0,1493103.0,1493103.0
120,111,5,3,28278.0,1470481.0,0.0,1470481.0,1470481.0
8833,105,5,3,28278.0,1470481.0,0.0,1470481.0,1470481.0
3656,111,5,3,28278.0,1470481.0,0.0,1470481.0,1470481.0
12332,108,5,3,28278.0,1470481.0,0.0,1470481.0,1470481.0
13187,121,5,3,27191.0,1413924.0,0.0,1413924.0,1413924.0
12339,112,5,3,26103.0,1357367.0,0.0,1357367.0,1357367.0
11642,105,5,3,26103.0,1357367.0,0.0,1357367.0,1357367.0
12262,105,5,3,26103.0,1357367.0,0.0,1357367.0,1357367.0
8806,108,5,3,26103.0,1357367.0,0.0,1357367.0,1357367.0
817,117,5,3,26103.0,1357367.0,0.0,1357367.0,1357367.0
3546,124,5,3,26103.0,1357367.0,0.0,1357367.0,1357367.0
11869,124,5,3,26103.0,1357367.0,0.0,1357367.0,1357367.0
7141,124,5,3,26103.0,1357367.0,0.0,1357367.0,1357367.0
5315,103,5,3,26103.0,1357367.0,0.0,1357367.0,1357367.0
10325,121,5,3,26103.0,1357367.0,0.0,1357367.0,1357367.0
1876,109,5,3,25886.0,1346055.0,0.0,1346055.0,1346055.0
8563,105,5,3,25886.0,1346055.0,0.0,1346055.0,1346055.0
332,109,5,3,23928.0,1244253.0,0.0,1244253.0,1244253.0
782,109,5,3,23928.0,1244253.0,0.0,1244253.0,1244253.0
1753,117,5,3,23928.0,1244253.0,0.0,1244253.0,1244253.0
14184,108,5,3,23928.0,1244253.0,0.0,1244253.0,1244253.0
3725,105,5,3,23710.0,1232942.0,0.0,1232942.0,1232942.0
6866,109,5,3,23275.0,1210319.0,0.0,1210319.0,1210319.0
6949,114,5,3,36980.0,1922936.0,0.0,1922936.0,1922936.0
14203,114,5,3,34804.0,1809822.0,0.0,1809822.0,1809822.0
3285,108,5,3,21753.0,1131139.0,0.0,1131139.0,1131139.0
2692,111,5,3,21753.0,1131139.0,0.0,1131139.0,1131139.0
2278,103,5,3,21753.0,1131139.0,0.0,1131139.0,1131139.0
7598,105,5,3,21753.0,1131139.0,0.0,1131139.0,1131139.0
1257,108,5,3,21753.0,1131139.0,0.0,1131139.0,1131139.0
2834,107,5,3,21753.0,1131139.0,0.0,1131139.0,1131139.0
8238,121,5,3,21753.0,1131139.0,0.0,1131139.0,1131139.0
1900,115,5,3,21753.0,1131139.0,0.0,1131139.0,1131139.0
10395,109,5,3,21753.0,1131139.0,0.0,1131139.0,1131139.0
6927,103,5,3,21753.0,1131139.0,0.0,1131139.0,1131139.0
1062,107,5,3,21753.0,1131139.0,0.0,1131139.0,1131139.0
10037,124,5,3,21753.0,1131139.0,0.0,1131139.0,1131139.0
4601,108,5,3,21753.0,1131139.0,0.0,1131139.0,1131139.0
952,112,5,3,21753.0,1131139.0,0.0,1131139.0,1131139.0
13850,112,5,3,21753.0,1131139.0,0.0,1131139.0,1131139.0
5277,104,5,3,21753.0,1131139.0,0.0,1131139.0,1131139.0
5818,109,5,3,21535.0,1119828.0,0.0,1119828.0,1119828.0
7095,120,5,3,19577.0,1018025.0,0.0,1018025.0,1018025.0
4280,108,5,3,19577.0,1018025.0,0.0,1018025.0,1018025.0
4553,116,5,3,19577.0,1018025.0,0.0,1018025.0,1018025.0
5485,105,5,3,19577.0,1018025.0,0.0,1018025.0,1018025.0
13492,109,5,3,19577.0,1018025.0,0.0,1018025.0,1018025.0
1331,121,5,3,19577.0,1018025.0,0.0,1018025.0,1018025.0
7567,120,5,3,19577.0,1018025.0,0.0,1018025.0,1018025.0
9224,124,5,3,19577.0,1018025.0,0.0,1018025.0,1018025.0
6541,103,5,3,19577.0,1018025.0,0.0,1018025.0,1018025.0
11978,111,5,3,19577.0,1018025.0,0.0,1018025.0,1018025.0
1732,109,5,3,18707.0,972780.0,0.0,972780.0,972780.0
5023,104,5,3,18490.0,961468.0,0.0,961468.0,961468.0
2654,109,5,3,18490.0,961468.0,0.0,961468.0,961468.0
3555,123,5,3,18490.0,961468.0,0.0,961468.0,961468.0
12772,123,5,3,18490.0,961468.0,0.0,961468.0,961468.0
5423,117,5,3,18490.0,961468.0,0.0,961468.0,961468.0
1181,123,5,3,18055.0,938845.0,0.0,938845.0,938845.0
7732,104,5,3,18055.0,938845.0,0.0,938845.0,938845.0
387,116,5,3,18055.0,938845.0,0.0,938845.0,938845.0
10189,120,5,3,18055.0,938845.0,0.0,938845.0,938845.0
1521,121,5,3,18055.0,938845.0,0.0,938845.0,938845.0
5310,121,5,3,17402.0,904911.0,0.0,904911.0,904911.0
6946,120,5,3,17402.0,904911.0,0.0,904911.0,904911.0
1542,124,5,3,17402.0,904911.0,0.0,904911.0,904911.0
11685,112,5,3,17402.0,904911.0,0.0,904911.0,904911.0
10239,117,5,3,17402.0,904911.0,0.0,904911.0,904911.0
95,107,5,3,17402.0,904911.0,0.0,904911.0,904911.0
4232,116,5,3,17402.0,904911.0,0.0,904911.0,904911.0
4882,107,5,3,17402.0,904911.0,0.0,904911.0,904911.0
11585,114,5,3,27191.0,1413924.0,0.0,1413924.0,1413924.0
363,114,5,3,27191.0,1413924.0,0.0,1413924.0,1413924.0
11976,109,5,3,17185.0,893600.0,0.0,893600.0,893600.0
6922,115,5,3,17185.0,893600.0,0.0,893600.0,893600.0
5803,121,5,3,16315.0,848354.0,0.0,848354.0,848354.0
1017,108,5,3,16315.0,848354.0,0.0,848354.0,848354.0
8292,103,5,3,16315.0,848354.0,0.0,848354.0,848354.0
14619,103,5,3,15879.0,825731.0,0.0,825731.0,825731.0
13331,115,5,3,15879.0,825731.0,0.0,825731.0,825731.0
11747,114,5,3,25016.0,1300810.0,0.0,1300810.0,1300810.0
10708,116,5,3,15879.0,825731.0,0.0,825731.0,825731.0
10444,108,5,3,15662.0,814420.0,0.0,814420.0,814420.0
1715,121,5,3,15662.0,814420.0,0.0,814420.0,814420.0
42,105,5,3,15662.0,814420.0,0.0,814420.0,814420.0
5244,123,5,3,15227.0,791797.0,0.0,791797.0,791797.0
8302,121,5,3,15227.0,791797.0,0.0,791797.0,791797.0
10058,121,5,3,15227.0,791797.0,0.0,791797.0,791797.0
8594,112,5,3,15227.0,791797.0,0.0,791797.0,791797.0
4618,107,5,3,15227.0,791797.0,0.0,791797.0,791797.0
3630,104,5,3,15227.0,791797.0,0.0,791797.0,791797.0
10800,124,5,3,15227.0,791797.0,0.0,791797.0,791797.0
3841,104,5,3,15227.0,791797.0,0.0,791797.0,791797.0
831,121,5,3,15227.0,791797.0,0.0,791797.0,791797.0
10167,117,5,3,15227.0,791797.0,0.0,791797.0,791797.0
3887,123,5,3,15227.0,791797.0,0.0,791797.0,791797.0
10452,121,5,3,15009.0,780486.0,0.0,780486.0,780486.0
3753,109,5,3,14357.0,746552.0,0.0,746552.0,746552.0
11724,112,5,3,14357.0,746552.0,0.0,746552.0,746552.0
7384,120,5,3,14357.0,746552.0,0.0,746552.0,746552.0
1515,119,5,3,14357.0,746552.0,0.0,746552.0,746552.0
11122,109,5,3,14139.0,735240.0,0.0,735240.0,735240.0
5256,109,5,3,14139.0,735240.0,0.0,735240.0,735240.0
4735,124,5,3,14139.0,735240.0,0.0,735240.0,735240.0
8002,104,5,3,14139.0,735240.0,0.0,735240.0,735240.0
7958,114,5,3,21753.0,1131139.0,0.0,1131139.0,1131139.0
10676,116,5,3,13704.0,712618.0,0.0,712618.0,712618.0
10047,114,5,3,21753.0,1131139.0,0.0,1131139.0,1131139.0
8483,109,5,3,13704.0,712618.0,0.0,712618.0,712618.0
4318,112,5,3,13269.0,689995.0,0.0,689995.0,689995.0
6908,105,5,3,13052.0,678683.0,0.0,678683.0,678683.0
14548,122,5,3,13052.0,678683.0,0.0,678683.0,678683.0
39,123,5,3,13052.0,678683.0,0.0,678683.0,678683.0
12732,123,5,3,13052.0,678683.0,0.0,678683.0,678683.0
3456,123,5,3,13052.0,678683.0,0.0,678683.0,678683.0
2392,120,5,3,13052.0,678683.0,0.0,678683.0,678683.0
7577,116,5,3,13052.0,678683.0,0.0,678683.0,678683.0
5536,105,5,3,12834.0,667372.0,0.0,667372.0,667372.0
13076,105,5,3,12399.0,644749.0,0.0,644749.0,644749.0
2589,114,5,3,19577.0,1018025.0,0.0,1018025.0,1018025.0
9668,116,5,3,11964.0,622126.0,0.0,622126.0,622126.0
13014,104,5,3,11964.0,622126.0,0.0,622126.0,622126.0
287,121,5,3,11964.0,622126.0,0.0,622126.0,622126.0
3762,123,5,3,11964.0,622126.0,0.0,622126.0,622126.0
9528,109,5,3,11964.0,622126.0,0.0,622126.0,622126.0
268,103,5,3,11529.0,599504.0,0.0,599504.0,599504.0
5297,104,5,3,11311.0,588192.0,0.0,588192.0,588192.0
4918,114,5,3,17402.0,904911.0,0.0,904911.0,904911.0
2770,124,5,3,10876.0,565570.0,0.0,565570.0,565570.0
13594,116,5,3,10876.0,565570.0,0.0,565570.0,565570.0
1710,109,5,3,10876.0,565570.0,0.0,565570.0,565570.0
9031,105,5,3,10876.0,565570.0,0.0,565570.0,565570.0
6392,112,5,3,10876.0,565570.0,0.0,565570.0,565570.0
9403,105,5,3,10876.0,565570.0,0.0,565570.0,565570.0
4548,103,5,3,10876.0,565570.0,0.0,565570.0,565570.0
6328,116,5,3,10876.0,565570.0,0.0,565570.0,565570.0
9796,117,5,3,10876.0,565570.0,0.0,565570.0,565570.0
3642,116,5,3,10876.0,565570.0,0.0,565570.0,565570.0
6341,103,5,3,10876.0,565570.0,0.0,565570.0,565570.0
10181,109,5,3,10876.0,565570.0,0.0,565570.0,565570.0
1194,123,5,3,10876.0,565570.0,0.0,565570.0,565570.0
4184,117,5,3,10876.0,565570.0,0.0,565570.0,565570.0
4810,120,5,3,10876.0,565570.0,0.0,565570.0,565570.0
14631,122,5,3,10876.0,565570.0,0.0,565570.0,565570.0
8530,111,5,3,10876.0,565570.0,0.0,565570.0,565570.0
4399,123,5,3,10876.0,565570.0,0.0,565570.0,565570.0
305,107,5,3,10876.0,565570.0,0.0,565570.0,565570.0
13059,116,5,3,10876.0,565570.0,0.0,565570.0,565570.0
2625,115,5,3,10876.0,565570.0,0.0,565570.0,565570.0
12836,120,5,3,10876.0,565570.0,0.0,565570.0,565570.0
13927,123,5,3,10876.0,565570.0,0.0,565570.0,565570.0
10220,117,5,3,10876.0,565570.0,0.0,565570.0,565570.0
1215,108,5,3,10876.0,565570.0,0.0,565570.0,565570.0
10822,115,5,3,10876.0,565570.0,0.0,565570.0,565570.0
9472,108,5,3,10876.0,565570.0,0.0,565570.0,565570.0
6882,112,5,3,10876.0,565570.0,0.0,565570.0,565570.0
2302,121,5,3,10876.0,565570.0,0.0,565570.0,565570.0
1738,103,5,3,10876.0,565570.0,0.0,565570.0,565570.0
5196,123,5,3,10876.0,565570.0,0.0,565570.0,565570.0
13327,120,5,3,10224.0,531635.0,0.0,531635.0,531635.0
1293,122,5,3,10006.0,520324.0,0.0,520324.0,520324.0
218,104,5,3,10006.0,520324.0,0.0,520324.0,520324.0
9921,116,5,3,10006.0,520324.0,0.0,520324.0,520324.0
81,103,5,3,9789.0,509013.0,0.0,509013.0,509013.0
3970,103,5,3,9789.0,509013.0,0.0,509013.0,509013.0
1547,107,5,3,9789.0,509013.0,0.0,509013.0,509013.0
4159,107,5,3,9789.0,509013.0,0.0,509013.0,509013.0
10577,109,5,3,9789.0,509013.0,0.0,509013.0,509013.0
10308,120,5,3,9789.0,509013.0,0.0,509013.0,509013.0
4876,121,5,3,9789.0,509013.0,0.0,509013.0,509013.0
7520,123,5,3,9789.0,509013.0,0.0,509013.0,509013.0
8862,123,5,3,9789.0,509013.0,0.0,509013.0,509013.0
2453,124,5,3,9789.0,509013.0,0.0,509013.0,509013.0
5212,124,5,3,9789.0,509013.0,0.0,509013.0,509013.0
6829,105,5,3,9571.0,497701.0,0.0,497701.0,497701.0
4559,104,5,3,9354.0,486390.0,0.0,486390.0,486390.0
4603,122,5,3,9354.0,486390.0,0.0,486390.0,486390.0
11422,111,5,3,8919.0,463767.0,0.0,463767.0,463767.0
1881,122,5,3,8919.0,463767.0,0.0,463767.0,463767.0
14362,124,5,3,8701.0,452456.0,0.0,452456.0,452456.0
1988,112,5,3,8701.0,452456.0,0.0,452456.0,452456.0
14417,107,5,3,8701.0,452456.0,0.0,452456.0,452456.0
7334,105,5,3,8701.0,452456.0,0.0,452456.0,452456.0
11142,123,5,3,8701.0,452456.0,0.0,452456.0,452456.0
9116,116,5,3,8701.0,452456.0,0.0,452456.0,452456.0
3673,122,5,3,8701.0,452456.0,0.0,452456.0,452456.0
10004,122,5,3,8701.0,452456.0,0.0,452456.0,452456.0
5414,108,5,3,8701.0,452456.0,0.0,452456.0,452456.0
8539,122,5,3,8701.0,452456.0,0.0,452456.0,452456.0
11434,104,5,3,8701.0,452456.0,0.0,452456.0,452456.0
3362,112,5,3,8701.0,452456.0,0.0,452456.0,452456.0
4813,104,5,3,8701.0,452456.0,0.0,452456.0,452456.0
12790,119,5,3,8701.0,452456.0,0.0,452456.0,452456.0
321,122,5,3,8701.0,452456.0,0.0,452456.0,452456.0
1637,122,5,3,8701.0,452456.0,0.0,452456.0,452456.0
6737,116,5,3,8701.0,452456.0,0.0,452456.0,452456.0
11491,116,5,3,8701.0,452456.0,0.0,452456.0,452456.0
1243,109,5,3,8484.0,441144.0,0.0,441144.0,441144.0
11937,120,5,3,8484.0,441144.0,0.0,441144.0,441144.0
7267,104,5,3,8484.0,441144.0,0.0,441144.0,441144.0
3476,123,5,3,8484.0,441144.0,0.0,441144.0,441144.0
7541,114,5,3,13052.0,678683.0,0.0,678683.0,678683.0
13081,114,5,3,13052.0,678683.0,0.0,678683.0,678683.0
7373,107,5,3,8048.0,418521.0,0.0,418521.0,418521.0
3343,122,5,3,7831.0,407210.0,0.0,407210.0,407210.0
12459,116,5,3,7831.0,407210.0,0.0,407210.0,407210.0
14141,111,5,3,7613.0,395899.0,0.0,395899.0,395899.0
7475,105,5,3,7613.0,395899.0,0.0,395899.0,395899.0
14410,103,5,3,7613.0,395899.0,0.0,395899.0,395899.0
1622,104,5,3,7613.0,395899.0,0.0,395899.0,395899.0
366,123,5,3,7613.0,395899.0,0.0,395899.0,395899.0
2679,104,5,3,7613.0,395899.0,0.0,395899.0,395899.0
7771,115,5,3,7613.0,395899.0,0.0,395899.0,395899.0
13645,117,5,3,7613.0,395899.0,0.0,395899.0,395899.0
9325,108,5,3,7613.0,395899.0,0.0,395899.0,395899.0
6526,108,5,3,7613.0,395899.0,0.0,395899.0,395899.0
5609,122,5,3,7613.0,395899.0,0.0,395899.0,395899.0
6925,121,5,3,7613.0,395899.0,0.0,395899.0,395899.0
6457,121,5,3,7613.0,395899.0,0.0,395899.0,395899.0
2391,103,5,3,7613.0,395899.0,0.0,395899.0,395899.0
5562,103,5,3,7178.0,373276.0,0.0,373276.0,373276.0
14437,120,5,3,7178.0,373276.0,0.0,373276.0,373276.0
3823,114,5,3,11311.0,588192.0,0.0,588192.0,588192.0
5568,122,5,3,7178.0,373276.0,0.0,373276.0,373276.0
4828,124,5,3,7178.0,373276.0,0.0,373276.0,373276.0
3693,114,5,3,10876.0,565570.0,0.0,565570.0,565570.0
5735,122,5,3,6743.0,350653.0,0.0,350653.0,350653.0
8360,116,5,3,6526.0,339342.0,0.0,339342.0,339342.0
1347,117,5,3,6526.0,339342.0,0.0,339342.0,339342.0
2077,105,5,3,6526.0,339342.0,0.0,339342.0,339342.0
5426,103,5,3,6526.0,339342.0,0.0,339342.0,339342.0
1789,115,5,3,6526.0,339342.0,0.0,339342.0,339342.0
11655,103,5,3,6526.0,339342.0,0.0,339342.0,339342.0
14581,122,5,3,6526.0,339342.0,0.0,339342.0,339342.0
11386,116,5,3,6526.0,339342.0,0.0,339342.0,339342.0
9790,122,5,3,6526.0,339342.0,0.0,339342.0,339342.0
4134,109,5,3,6526.0,339342.0,0.0,339342.0,339342.0
14491,119,5,3,6526.0,339342.0,0.0,339342.0,339342.0
5121,108,5,3,6526.0,339342.0,0.0,339342.0,339342.0
13426,123,5,3,6308.0,328030.0,0.0,328030.0,328030.0
9498,105,5,3,6091.0,316719.0,0.0,316719.0,316719.0
11170,120,5,3,6091.0,316719.0,0.0,316719.0,316719.0
10164,115,5,3,6091.0,316719.0,0.0,316719.0,316719.0
4858,104,5,3,5656.0,294096.0,0.0,294096.0,294096.0
12452,111,5,3,5656.0,294096.0,0.0,294096.0,294096.0
1654,120,5,3,5656.0,294096.0,0.0,294096.0,294096.0
4880,122,5,3,5656.0,294096.0,0.0,294096.0,294096.0
14422,120,5,3,5438.0,282785.0,0.0,282785.0,282785.0
13571,107,5,3,5438.0,282785.0,0.0,282785.0,282785.0
13920,120,5,3,5438.0,282785.0,0.0,282785.0,282785.0
5409,116,5,3,5438.0,282785.0,0.0,282785.0,282785.0
5834,107,5,3,5438.0,282785.0,0.0,282785.0,282785.0
14352,107,5,3,5438.0,282785.0,0.0,282785.0,282785.0
10502,116,5,3,5438.0,282785.0,0.0,282785.0,282785.0
11985,108,5,3,5438.0,282785.0,0.0,282785.0,282785.0
11626,122,5,3,5438.0,282785.0,0.0,282785.0,282785.0
7961,122,5,3,5438.0,282785.0,0.0,282785.0,282785.0
11872,107,5,3,5438.0,282785.0,0.0,282785.0,282785.0
7552,121,5,3,5438.0,282785.0,0.0,282785.0,282785.0
10767,108,5,3,5438.0,282785.0,0.0,282785.0,282785.0
4311,103,5,3,5003.0,260162.0,0.0,260162.0,260162.0
4123,103,5,3,5003.0,260162.0,0.0,260162.0,260162.0
5542,122,5,3,5003.0,260162.0,0.0,260162.0,260162.0
8103,122,5,3,5003.0,260162.0,0.0,260162.0,260162.0
5795,123,5,3,4786.0,248851.0,0.0,248851.0,248851.0
8288,107,5,3,4786.0,248851.0,0.0,248851.0,248851.0
4795,109,5,3,4786.0,248851.0,0.0,248851.0,248851.0
5841,115,5,3,4786.0,248851.0,0.0,248851.0,248851.0
8779,107,5,3,4786.0,248851.0,0.0,248851.0,248851.0
92,105,5,3,4568.0,237539.0,0.0,237539.0,237539.0
11260,117,5,3,4568.0,237539.0,0.0,237539.0,237539.0
11181,103,5,3,4351.0,226228.0,0.0,226228.0,226228.0
9017,117,5,3,4351.0,226228.0,0.0,226228.0,226228.0
7391,111,5,3,4351.0,226228.0,0.0,226228.0,226228.0
8984,109,5,3,4351.0,226228.0,0.0,226228.0,226228.0
5688,107,5,3,4351.0,226228.0,0.0,226228.0,226228.0
3529,121,5,3,4351.0,226228.0,0.0,226228.0,226228.0
14056,124,5,3,4351.0,226228.0,0.0,226228.0,226228.0
12431,104,5,3,4351.0,226228.0,0.0,226228.0,226228.0
8004,104,5,3,4351.0,226228.0,0.0,226228.0,226228.0
2147,122,5,3,4351.0,226228.0,0.0,226228.0,226228.0
13374,115,5,3,4351.0,226228.0,0.0,226228.0,226228.0
5986,103,5,3,4351.0,226228.0,0.0,226228.0,226228.0
9506,107,5,3,4133.0,214916.0,0.0,214916.0,214916.0
8571,120,5,3,4133.0,214916.0,0.0,214916.0,214916.0
13352,104,5,3,3915.0,203605.0,0.0,203605.0,203605.0
743,120,5,3,3915.0,203605.0,0.0,203605.0,203605.0
11168,107,5,3,3915.0,203605.0,0.0,203605.0,203605.0
5175,105,5,3,3915.0,203605.0,0.0,203605.0,203605.0
11299,123,5,3,3915.0,203605.0,0.0,203605.0,203605.0
13284,115,5,3,3915.0,203605.0,0.0,203605.0,203605.0
8812,120,5,3,3915.0,203605.0,0.0,203605.0,203605.0
14601,124,5,3,3698.0,192294.0,0.0,192294.0,192294.0
7719,115,5,3,3698.0,192294.0,0.0,192294.0,192294.0
7169,107,5,3,3698.0,192294.0,0.0,192294.0,192294.0
1577,107,5,3,3698.0,192294.0,0.0,192294.0,192294.0
1750,115,5,3,3698.0,192294.0,0.0,192294.0,192294.0
7816,124,5,3,3698.0,192294.0,0.0,192294.0,192294.0
8790,105,5,3,3698.0,192294.0,0.0,192294.0,192294.0
7351,108,5,3,3263.0,169671.0,0.0,169671.0,169671.0
5432,120,5,3,3263.0,169671.0,0.0,169671.0,169671.0
1683,121,5,3,3263.0,169671.0,0.0,169671.0,169671.0
5293,108,5,3,3263.0,169671.0,0.0,169671.0,169671.0
13359,104,5,3,3263.0,169671.0,0.0,169671.0,169671.0
78,123,5,3,3263.0,169671.0,0.0,169671.0,169671.0
10246,123,5,3,3263.0,169671.0,0.0,169671.0,169671.0
12922,103,5,3,3263.0,169671.0,0.0,169671.0,169671.0
3984,107,5,3,3045.0,158359.0,0.0,158359.0,158359.0
4778,104,5,3,3045.0,158359.0,0.0,158359.0,158359.0
2046,122,5,3,3045.0,158359.0,0.0,158359.0,158359.0
14101,109,5,3,3045.0,158359.0,0.0,158359.0,158359.0
14329,103,5,3,2828.0,147048.0,0.0,147048.0,147048.0
14152,124,5,3,2828.0,147048.0,0.0,147048.0,147048.0
1833,122,5,3,2828.0,147048.0,0.0,147048.0,147048.0
3319,108,5,3,2828.0,147048.0,0.0,147048.0,147048.0
2644,121,5,3,2828.0,147048.0,0.0,147048.0,147048.0
8365,122,5,3,2828.0,147048.0,0.0,147048.0,147048.0
12900,124,5,3,2828.0,147048.0,0.0,147048.0,147048.0
4119,104,5,3,2828.0,147048.0,0.0,147048.0,147048.0
9890,103,5,3,2610.0,135737.0,0.0,135737.0,135737.0
7407,103,5,3,2610.0,135737.0,0.0,135737.0,135737.0
3882,107,5,3,2610.0,135737.0,0.0,135737.0,135737.0
6448,108,5,3,2610.0,135737.0,0.0,135737.0,135737.0
3568,121,5,3,2610.0,135737.0,0.0,135737.0,135737.0
14368,107,5,3,2610.0,135737.0,0.0,135737.0,135737.0
11627,122,5,3,2393.0,124425.0,0.0,124425.0,124425.0
8514,115,5,3,2175.0,113114.0,0.0,113114.0,113114.0
5266,103,5,3,2175.0,113114.0,0.0,113114.0,113114.0
14371,114,5,3,3263.0,169671.0,0.0,169671.0,169671.0
1342,107,5,3,1958.0,101803.0,0.0,101803.0,101803.0
972,117,5,3,1958.0,101803.0,0.0,101803.0,101803.0
6403,112,5,3,1958.0,101803.0,0.0,101803.0,101803.0
1791,115,5,3,1958.0,101803.0,0.0,101803.0,101803.0
7393,105,5,3,1958.0,101803.0,0.0,101803.0,101803.0
13860,124,5,3,1958.0,101803.0,0.0,101803.0,101803.0
14621,103,5,3,1740.0,90491.0,0.0,90491.0,90491.0
4907,121,5,3,1740.0,90491.0,0.0,90491.0,90491.0
8243,103,5,3,1740.0,90491.0,0.0,90491.0,90491.0
10546,108,5,3,1740.0,90491.0,0.0,90491.0,90491.0
3117,112,5,3,1740.0,90491.0,0.0,90491.0,90491.0
944,120,5,3,1740.0,90491.0,0.0,90491.0,90491.0
5457,116,5,3,1740.0,90491.0,0.0,90491.0,90491.0
7713,112,5,3,1740.0,90491.0,0.0,90491.0,90491.0
11837,104,5,3,1740.0,90491.0,0.0,90491.0,90491.0
4851,112,5,3,1740.0,90491.0,0.0,90491.0,90491.0
7414,124,5,3,1740.0,90491.0,0.0,90491.0,90491.0
6760,120,5,3,1740.0,90491.0,0.0,90491.0,90491.0
7640,104,5,3,1740.0,90491.0,0.0,90491.0,90491.0
8849,120,5,3,1740.0,90491.0,0.0,90491.0,90491.0
4291,115,5,3,1740.0,90491.0,0.0,90491.0,90491.0
1226,104,5,3,1523.0,79180.0,0.0,79180.0,79180.0
865,107,5,3,1523.0,79180.0,0.0,79180.0,79180.0
10709,115,5,3,1523.0,79180.0,0.0,79180.0,79180.0
10465,104,5,3,1523.0,79180.0,0.0,79180.0,79180.0
8783,121,5,3,1523.0,79180.0,0.0,79180.0,79180.0
11164,115,5,3,1523.0,79180.0,0.0,79180.0,79180.0
77,120,5,3,1523.0,79180.0,0.0,79180.0,79180.0
14268,121,5,3,1523.0,79180.0,0.0,79180.0,79180.0
11731,115,5,3,1523.0,79180.0,0.0,79180.0,79180.0
5532,119,5,3,1523.0,79180.0,0.0,79180.0,79180.0
14020,117,5,3,1523.0,79180.0,0.0,79180.0,79180.0
13322,117,5,3,1523.0,79180.0,0.0,79180.0,79180.0
13653,108,5,3,1523.0,79180.0,0.0,79180.0,79180.0
1728,117,5,3,1523.0,79180.0,0.0,79180.0,79180.0
12544,123,5,3,1523.0,79180.0,0.0,79180.0,79180.0
3499,115,5,3,1523.0,79180.0,0.0,79180.0,79180.0
13501,123,5,3,1523.0,79180.0,0.0,79180.0,79180.0
14489,123,5,3,1523.0,79180.0,0.0,79180.0,79180.0
14467,124,5,3,1523.0,79180.0,0.0,79180.0,79180.0
4047,115,5,3,1523.0,79180.0,0.0,79180.0,79180.0
5118,115,5,3,1523.0,79180.0,0.0,79180.0,79180.0
3281,116,5,3,1523.0,79180.0,0.0,79180.0,79180.0
6999,115,5,3,1523.0,79180.0,0.0,79180.0,79180.0
10580,120,5,3,1523.0,79180.0,0.0,79180.0,79180.0
13651,104,5,3,1305.0,67868.0,0.0,67868.0,67868.0
8559,105,5,3,1305.0,67868.0,0.0,67868.0,67868.0
1838,104,5,3,1305.0,67868.0,0.0,67868.0,67868.0
10874,105,5,3,1305.0,67868.0,0.0,67868.0,67868.0
1469,104,5,3,1088.0,56557.0,0.0,56557.0,56557.0
11174,103,5,3,870.0,45246.0,0.0,45246.0,45246.0
5807,107,5,3,870.0,45246.0,0.0,45246.0,45246.0
12361,107,5,3,870.0,45246.0,0.0,45246.0,45246.0
5344,54,3,4,297751.0,15483072.0,3870768.0,19353840.0,19353840.0
8928,54,3,4,250111.0,13005780.0,3251445.0,16257226.0,16257226.0
6069,54,3,4,247190.0,12853871.0,7011202.0,19865073.0,19865073.0
7138,54,3,4,238201.0,12386458.0,3096614.0,15483072.0,15483072.0
879,54,3,4,178651.0,9289843.0,3096614.0,12386458.0,12386458.0
8586,54,3,4,166741.0,8670520.0,2167630.0,10838150.0,10838150.0
9965,54,3,4,160898.0,8366702.0,2091675.0,10458377.0,10458377.0
12803,54,3,4,154831.0,8051197.0,1238646.0,9289843.0,9289843.0
8129,54,3,4,154831.0,8051197.0,2477292.0,10528489.0,10528489.0
6888,54,3,4,142921.0,7431875.0,1857969.0,9289843.0,9289843.0
10137,54,3,4,142921.0,7431875.0,1857969.0,9289843.0,9289843.0
10809,56,3,4,119101.0,6193229.0,1548307.0,7741536.0,7741536.0
3266,54,3,4,119101.0,6193229.0,1548307.0,7741536.0,7741536.0
12884,56,3,4,112359.0,5842669.0,1460667.0,7303336.0,7303336.0
5183,56,3,4,107865.0,5608962.0,1402240.0,7011202.0,7011202.0
7858,54,3,4,107191.0,5573906.0,1393476.0,6967382.0,6967382.0
4405,56,3,4,95505.0,4966268.0,1241567.0,6207835.0,6207835.0
716,54,3,4,95280.0,4954583.0,1238646.0,6193229.0,6193229.0
11842,54,3,4,95280.0,4954583.0,1238646.0,6193229.0,6193229.0
11391,53,3,4,89887.0,4674135.0,1168534.0,5842669.0,5842669.0
4188,53,3,4,89887.0,4674135.0,1168534.0,5842669.0,5842669.0
3199,68,3,4,89887.0,4674135.0,1168534.0,5842669.0,5842669.0
1895,68,3,4,89887.0,4674135.0,1168534.0,5842669.0,5842669.0
10704,54,3,4,89887.0,4674135.0,1168534.0,5842669.0,5842669.0
9003,56,3,4,89438.0,4650764.0,1162691.0,5813455.0,5813455.0
474,53,3,4,85393.0,4440428.0,1168534.0,5608962.0,5608962.0
7294,56,3,4,83370.0,4335260.0,1083815.0,5419075.0,5419075.0
8551,53,3,4,78651.0,4089868.0,1022467.0,5112335.0,5112335.0
7162,54,3,4,78651.0,4089868.0,1022467.0,5112335.0,5112335.0
3989,56,3,4,76404.0,3973015.0,1869654.0,5842669.0,5842669.0
2363,56,3,4,71460.0,3715937.0,928984.0,4644922.0,4644922.0
11564,68,3,4,67415.0,3505601.0,876400.0,4382001.0,4382001.0
14223,68,3,4,67415.0,3505601.0,876400.0,4382001.0,4382001.0
9655,59,3,4,67415.0,3505601.0,876400.0,4382001.0,4382001.0
8374,74,3,4,67415.0,3505601.0,876400.0,4382001.0,4382001.0
8669,68,3,4,67415.0,3505601.0,876400.0,4382001.0,4382001.0
12084,58,3,4,67415.0,3505601.0,876400.0,4382001.0,4382001.0
3731,53,3,4,67415.0,3505601.0,876400.0,4382001.0,4382001.0
12171,58,3,4,67415.0,3505601.0,817974.0,4323575.0,4323575.0
501,54,3,4,67415.0,3505601.0,876400.0,4382001.0,4382001.0
453,53,3,4,62921.0,3271894.0,817974.0,4089868.0,4089868.0
2372,68,3,4,62921.0,3271894.0,817974.0,4089868.0,4089868.0
11590,59,3,4,62921.0,3271894.0,817974.0,4089868.0,4089868.0
14130,56,3,4,62921.0,3271894.0,817974.0,4089868.0,4089868.0
7494,56,3,4,59550.0,3096614.0,774154.0,3870768.0,3870768.0
7318,56,3,4,59550.0,3096614.0,774154.0,3870768.0,3870768.0
9837,71,3,4,58427.0,3038188.0,759547.0,3797735.0,3797735.0
6855,58,3,4,58427.0,3038188.0,759547.0,3797735.0,3797735.0
9218,53,3,4,56180.0,2921334.0,730334.0,3651668.0,3651668.0
10639,56,3,4,56180.0,2921334.0,730334.0,3651668.0,3651668.0
6629,56,3,4,56180.0,2921334.0,730334.0,3651668.0,3651668.0
4704,67,3,4,56180.0,2921334.0,730334.0,3651668.0,3651668.0
14333,56,3,4,56180.0,2921334.0,730334.0,3651668.0,3651668.0
8283,53,3,4,56180.0,2921334.0,730334.0,3651668.0,3651668.0
8827,53,3,4,56180.0,2921334.0,730334.0,3651668.0,3651668.0
9334,53,3,4,56180.0,2921334.0,730334.0,3651668.0,3651668.0
9815,74,3,4,56180.0,2921334.0,730334.0,3651668.0,3651668.0
9830,59,3,4,56180.0,2921334.0,730334.0,3651668.0,3651668.0
10175,74,3,4,56180.0,2921334.0,730334.0,3651668.0,3651668.0
14070,74,3,4,56180.0,2921334.0,730334.0,3651668.0,3651668.0
4112,71,3,4,56180.0,2921334.0,730334.0,3651668.0,3651668.0
11865,58,3,4,56180.0,2921334.0,730334.0,3651668.0,3651668.0
1265,71,3,4,53932.0,2804481.0,701120.0,3505601.0,3505601.0
3340,71,3,4,53932.0,2804481.0,701120.0,3505601.0,3505601.0
14063,59,3,4,53932.0,2804481.0,701120.0,3505601.0,3505601.0
11813,56,3,4,53708.0,2792796.0,698199.0,3490995.0,3490995.0
6825,53,3,4,51685.0,2687628.0,671907.0,3359534.0,3359534.0
2612,68,3,4,51685.0,2687628.0,671907.0,3359534.0,3359534.0
6489,74,3,4,51685.0,2687628.0,671907.0,3359534.0,3359534.0
1584,58,3,4,49438.0,2570774.0,642694.0,3213468.0,3213468.0
719,71,3,4,49438.0,2570774.0,642694.0,3213468.0,3213468.0
9820,56,3,4,49438.0,2570774.0,642694.0,3213468.0,3213468.0
4263,56,3,4,49438.0,2570774.0,642694.0,3213468.0,3213468.0
6565,74,3,4,49438.0,2570774.0,642694.0,3213468.0,3213468.0
14303,68,3,4,47640.0,2477292.0,619323.0,3096614.0,3096614.0
1165,63,3,4,47191.0,2453921.0,613480.0,3067401.0,3067401.0
4589,67,3,4,47191.0,2453921.0,613480.0,3067401.0,3067401.0
13524,67,3,4,44944.0,2337067.0,584267.0,2921334.0,2921334.0
6206,53,3,4,44944.0,2337067.0,584267.0,2921334.0,2921334.0
12077,68,3,4,44944.0,2337067.0,584267.0,2921334.0,2921334.0
7846,63,3,4,44944.0,2337067.0,584267.0,2921334.0,2921334.0
9967,58,3,4,44944.0,2337067.0,584267.0,2921334.0,2921334.0
1952,63,3,4,44944.0,2337067.0,584267.0,2921334.0,2921334.0
12161,67,3,4,44944.0,2337067.0,584267.0,2921334.0,2921334.0
12471,56,3,4,44944.0,2337067.0,584267.0,2921334.0,2921334.0
12102,53,3,4,44944.0,2337067.0,584267.0,2921334.0,2921334.0
5429,54,3,4,44944.0,2337067.0,584267.0,2921334.0,2921334.0
2264,73,3,4,44944.0,2337067.0,584267.0,2921334.0,2921334.0
14116,63,3,4,44944.0,2337067.0,584267.0,2921334.0,2921334.0
11010,63,3,4,42696.0,2220214.0,555054.0,2775268.0,2775268.0
14387,74,3,4,42696.0,2220214.0,555054.0,2775268.0,2775268.0
10617,67,3,4,42696.0,2220214.0,555054.0,2775268.0,2775268.0
9171,58,3,4,41798.0,2173473.0,934827.0,3108300.0,3108300.0
2564,74,3,4,41573.0,2161787.0,540447.0,2702234.0,2702234.0
3331,74,3,4,40449.0,2103361.0,525840.0,2629201.0,2629201.0
6182,59,3,4,40449.0,2103361.0,525840.0,2629201.0,2629201.0
9995,58,3,4,40449.0,2103361.0,525840.0,2629201.0,2629201.0
10497,53,3,4,40449.0,2103361.0,525840.0,2629201.0,2629201.0
2526,71,3,4,40449.0,2103361.0,525840.0,2629201.0,2629201.0
3860,58,3,4,40449.0,2103361.0,525840.0,2629201.0,2629201.0
10720,68,3,4,40449.0,2103361.0,525840.0,2629201.0,2629201.0
8795,58,3,4,38202.0,1986507.0,496627.0,2483134.0,2483134.0
6422,73,3,4,38202.0,1986507.0,496627.0,2483134.0,2483134.0
3820,53,3,4,38202.0,1986507.0,496627.0,2483134.0,2483134.0
6718,68,3,4,38202.0,1986507.0,496627.0,2483134.0,2483134.0
7471,74,3,4,38202.0,1986507.0,496627.0,2483134.0,2483134.0
14542,59,3,4,38202.0,1986507.0,496627.0,2483134.0,2483134.0
6137,71,3,4,38202.0,1986507.0,496627.0,2483134.0,2483134.0
8456,65,3,4,35955.0,1869654.0,467413.0,2337067.0,2337067.0
3000,56,3,4,35955.0,1869654.0,467413.0,2337067.0,2337067.0
6969,59,3,4,35955.0,1869654.0,467413.0,2337067.0,2337067.0
9050,73,3,4,35955.0,1869654.0,467413.0,2337067.0,2337067.0
7298,71,3,4,33708.0,1752801.0,438200.0,2191001.0,2191001.0
11792,65,3,4,33708.0,1752801.0,438200.0,2191001.0,2191001.0
7651,67,3,4,33708.0,1752801.0,438200.0,2191001.0,2191001.0
2572,59,3,4,33708.0,1752801.0,438200.0,2191001.0,2191001.0
7689,67,3,4,33708.0,1752801.0,438200.0,2191001.0,2191001.0
3785,68,3,4,33708.0,1752801.0,438200.0,2191001.0,2191001.0
10160,73,3,4,33708.0,1752801.0,438200.0,2191001.0,2191001.0
9711,74,3,4,33708.0,1752801.0,438200.0,2191001.0,2191001.0
13620,54,3,4,33708.0,1752801.0,438200.0,2191001.0,2191001.0
3030,72,3,4,33708.0,1752801.0,438200.0,2191001.0,2191001.0
7126,71,3,4,33708.0,1752801.0,438200.0,2191001.0,2191001.0
11209,63,3,4,33708.0,1752801.0,438200.0,2191001.0,2191001.0
5481,58,3,4,33708.0,1752801.0,438200.0,2191001.0,2191001.0
1986,71,3,4,33708.0,1752801.0,438200.0,2191001.0,2191001.0
1633,71,3,4,33708.0,1752801.0,438200.0,2191001.0,2191001.0
10420,66,3,4,33708.0,1752801.0,438200.0,2191001.0,2191001.0
14000,53,3,4,33708.0,1752801.0,438200.0,2191001.0,2191001.0
161,63,3,4,33708.0,1752801.0,438200.0,2191001.0,2191001.0
10287,67,3,4,33708.0,1752801.0,438200.0,2191001.0,2191001.0
14001,73,3,4,33708.0,1752801.0,438200.0,2191001.0,2191001.0
4267,60,3,4,33708.0,1752801.0,438200.0,2191001.0,2191001.0
14563,60,3,4,31461.0,1635947.0,408987.0,2044934.0,2044934.0
584,65,3,4,31461.0,1635947.0,408987.0,2044934.0,2044934.0
6011,66,3,4,31461.0,1635947.0,408987.0,2044934.0,2044934.0
10805,73,3,4,31461.0,1635947.0,408987.0,2044934.0,2044934.0
13559,65,3,4,31461.0,1635947.0,408987.0,2044934.0,2044934.0
8143,73,3,4,31461.0,1635947.0,408987.0,2044934.0,2044934.0
12788,73,3,4,31461.0,1635947.0,408987.0,2044934.0,2044934.0
4194,53,3,4,29213.0,1519094.0,379773.0,1898867.0,1898867.0
12186,66,3,4,29213.0,1519094.0,379773.0,1898867.0,1898867.0
1139,66,3,4,29213.0,1519094.0,379773.0,1898867.0,1898867.0
13938,63,3,4,29213.0,1519094.0,379773.0,1898867.0,1898867.0
11602,59,3,4,29213.0,1519094.0,379773.0,1898867.0,1898867.0
14545,73,3,4,28090.0,1460667.0,365167.0,1825834.0,1825834.0
10509,58,3,4,26966.0,1402240.0,350560.0,1752801.0,1752801.0
2546,52,3,4,26966.0,1402240.0,350560.0,1752801.0,1752801.0
4528,52,3,4,26966.0,1402240.0,350560.0,1752801.0,1752801.0
6397,52,3,4,26966.0,1402240.0,350560.0,1752801.0,1752801.0
7906,52,3,4,26966.0,1402240.0,350560.0,1752801.0,1752801.0
9213,52,3,4,26966.0,1402240.0,350560.0,1752801.0,1752801.0
7158,72,3,4,26966.0,1402240.0,350560.0,1752801.0,1752801.0
643,72,3,4,26966.0,1402240.0,350560.0,1752801.0,1752801.0
8299,71,3,4,26966.0,1402240.0,350560.0,1752801.0,1752801.0
2869,71,3,4,26966.0,1402240.0,350560.0,1752801.0,1752801.0
9840,59,3,4,26966.0,1402240.0,350560.0,1752801.0,1752801.0
12920,67,3,4,26966.0,1402240.0,350560.0,1752801.0,1752801.0
10670,60,3,4,26966.0,1402240.0,350560.0,1752801.0,1752801.0
12103,60,3,4,26966.0,1402240.0,350560.0,1752801.0,1752801.0
3613,66,3,4,26966.0,1402240.0,350560.0,1752801.0,1752801.0
1856,66,3,4,26966.0,1402240.0,350560.0,1752801.0,1752801.0
5623,63,3,4,26966.0,1402240.0,350560.0,1752801.0,1752801.0
2739,68,3,4,26966.0,1402240.0,350560.0,1752801.0,1752801.0
1398,68,3,4,26966.0,1402240.0,350560.0,1752801.0,1752801.0
9377,65,3,4,26966.0,1402240.0,350560.0,1752801.0,1752801.0
12944,66,3,4,24719.0,1285387.0,321347.0,1606734.0,1606734.0
12124,72,3,4,24719.0,1285387.0,321347.0,1606734.0,1606734.0
2397,52,3,4,24719.0,1285387.0,321347.0,1606734.0,1606734.0
9359,67,3,4,24719.0,1285387.0,321347.0,1606734.0,1606734.0
6951,60,3,4,24719.0,1285387.0,321347.0,1606734.0,1606734.0
7617,52,3,4,24719.0,1285387.0,321347.0,1606734.0,1606734.0
12578,73,3,4,24719.0,1285387.0,321347.0,1606734.0,1606734.0
6849,74,3,4,24719.0,1285387.0,321347.0,1606734.0,1606734.0
9848,73,3,4,24719.0,1285387.0,321347.0,1606734.0,1606734.0
722,63,3,4,24719.0,1285387.0,321347.0,1606734.0,1606734.0
5940,70,3,4,24719.0,1285387.0,321347.0,1606734.0,1606734.0
8084,54,3,4,23820.0,1238646.0,309661.0,1548307.0,1548307.0
11830,72,3,4,22472.0,1168534.0,292133.0,1460667.0,1460667.0
13495,71,3,4,22472.0,1168534.0,292133.0,1460667.0,1460667.0
4772,72,3,4,22472.0,1168534.0,292133.0,1460667.0,1460667.0
4539,63,3,4,22472.0,1168534.0,292133.0,1460667.0,1460667.0
11385,74,3,4,22472.0,1168534.0,292133.0,1460667.0,1460667.0
6349,60,3,4,22472.0,1168534.0,292133.0,1460667.0,1460667.0
8743,68,3,4,22472.0,1168534.0,292133.0,1460667.0,1460667.0
10148,60,3,4,22472.0,1168534.0,292133.0,1460667.0,1460667.0
4306,58,3,4,22472.0,1168534.0,292133.0,1460667.0,1460667.0
1149,74,3,4,22472.0,1168534.0,292133.0,1460667.0,1460667.0
1297,66,3,4,22472.0,1168534.0,292133.0,1460667.0,1460667.0
11372,61,3,4,22472.0,1168534.0,292133.0,1460667.0,1460667.0
12245,74,3,4,22472.0,1168534.0,292133.0,1460667.0,1460667.0
11611,66,3,4,22472.0,1168534.0,292133.0,1460667.0,1460667.0
13238,54,3,4,22472.0,1168534.0,292133.0,1460667.0,1460667.0
5320,67,3,4,22472.0,1168534.0,292133.0,1460667.0,1460667.0
2196,61,3,4,22472.0,1168534.0,292133.0,1460667.0,1460667.0
8673,59,3,4,22472.0,1168534.0,292133.0,1460667.0,1460667.0
2640,72,3,4,22472.0,1168534.0,292133.0,1460667.0,1460667.0
3873,58,3,4,22472.0,1168534.0,292133.0,1460667.0,1460667.0
4098,70,3,4,22472.0,1168534.0,292133.0,1460667.0,1460667.0
1518,58,3,4,21348.0,1110107.0,277527.0,1387634.0,1387634.0
4394,73,3,4,20225.0,1051680.0,262920.0,1314600.0,1314600.0
10839,70,3,4,20225.0,1051680.0,262920.0,1314600.0,1314600.0
11378,59,3,4,20225.0,1051680.0,262920.0,1314600.0,1314600.0
3367,72,3,4,20225.0,1051680.0,262920.0,1314600.0,1314600.0
8871,70,3,4,20225.0,1051680.0,262920.0,1314600.0,1314600.0
5379,70,3,4,20225.0,1051680.0,262920.0,1314600.0,1314600.0
2942,60,3,4,20225.0,1051680.0,262920.0,1314600.0,1314600.0
14121,67,3,4,20225.0,1051680.0,262920.0,1314600.0,1314600.0
12193,67,3,4,20225.0,1051680.0,262920.0,1314600.0,1314600.0
6187,72,3,4,20225.0,1051680.0,262920.0,1314600.0,1314600.0
10482,67,3,4,20225.0,1051680.0,262920.0,1314600.0,1314600.0
755,52,3,4,20225.0,1051680.0,262920.0,1314600.0,1314600.0
1861,61,3,4,20225.0,1051680.0,262920.0,1314600.0,1314600.0
14285,72,3,4,20225.0,1051680.0,262920.0,1314600.0,1314600.0
13113,66,3,4,20225.0,1051680.0,262920.0,1314600.0,1314600.0
10786,61,3,4,20225.0,1051680.0,262920.0,1314600.0,1314600.0
10284,74,3,4,20225.0,1051680.0,262920.0,1314600.0,1314600.0
1052,72,3,4,20225.0,1051680.0,262920.0,1314600.0,1314600.0
9495,70,3,4,19101.0,993254.0,248313.0,1241567.0,1241567.0
9286,70,3,4,19101.0,993254.0,248313.0,1241567.0,1241567.0
4189,68,3,4,17977.0,934827.0,233707.0,1168534.0,1168534.0
970,71,3,4,17977.0,934827.0,233707.0,1168534.0,1168534.0
7627,63,3,4,17977.0,934827.0,233707.0,1168534.0,1168534.0
242,61,3,4,17977.0,934827.0,233707.0,1168534.0,1168534.0
6661,67,3,4,17977.0,934827.0,233707.0,1168534.0,1168534.0
6167,61,3,4,17977.0,934827.0,233707.0,1168534.0,1168534.0
6837,67,3,4,17977.0,934827.0,233707.0,1168534.0,1168534.0
3010,59,3,4,17977.0,934827.0,233707.0,1168534.0,1168534.0
1724,71,3,4,17977.0,934827.0,233707.0,1168534.0,1168534.0
3871,52,3,4,17977.0,934827.0,233707.0,1168534.0,1168534.0
8684,67,3,4,17977.0,934827.0,233707.0,1168534.0,1168534.0
1160,72,3,4,17977.0,934827.0,233707.0,1168534.0,1168534.0
3059,66,3,4,17977.0,934827.0,233707.0,1168534.0,1168534.0
4209,52,3,4,17977.0,934827.0,233707.0,1168534.0,1168534.0
8250,65,3,4,17977.0,934827.0,233707.0,1168534.0,1168534.0
11918,60,3,4,17977.0,934827.0,233707.0,1168534.0,1168534.0
11011,72,3,4,17977.0,934827.0,233707.0,1168534.0,1168534.0
9761,59,3,4,17977.0,934827.0,233707.0,1168534.0,1168534.0
12297,68,3,4,17977.0,934827.0,233707.0,1168534.0,1168534.0
7418,73,3,4,17977.0,934827.0,233707.0,1168534.0,1168534.0
445,63,3,4,17977.0,934827.0,233707.0,1168534.0,1168534.0
3398,61,3,4,17977.0,934827.0,233707.0,1168534.0,1168534.0
9052,73,3,4,17977.0,934827.0,233707.0,1168534.0,1168534.0
6833,53,3,4,17977.0,934827.0,233707.0,1168534.0,1168534.0
2094,68,3,4,17977.0,934827.0,233707.0,1168534.0,1168534.0
5295,52,3,4,17977.0,934827.0,233707.0,1168534.0,1168534.0
3512,72,3,4,17977.0,934827.0,233707.0,1168534.0,1168534.0
11597,67,3,4,17977.0,934827.0,233707.0,1168534.0,1168534.0
402,60,3,4,17977.0,934827.0,233707.0,1168534.0,1168534.0
4574,65,3,4,17977.0,934827.0,233707.0,1168534.0,1168534.0
12559,52,3,4,17977.0,934827.0,233707.0,1168534.0,1168534.0
3179,70,3,4,16854.0,876400.0,219100.0,1095500.0,1095500.0
11436,66,3,4,16854.0,876400.0,219100.0,1095500.0,1095500.0
12441,54,3,4,16854.0,876400.0,219100.0,1095500.0,1095500.0
10878,60,3,4,16854.0,876400.0,219100.0,1095500.0,1095500.0
13640,65,3,4,16854.0,876400.0,219100.0,1095500.0,1095500.0
8120,63,3,4,16854.0,876400.0,219100.0,1095500.0,1095500.0
7861,74,3,4,16854.0,876400.0,219100.0,1095500.0,1095500.0
13551,72,3,4,16854.0,876400.0,219100.0,1095500.0,1095500.0
9203,65,3,4,15730.0,817974.0,204493.0,1022467.0,1022467.0
5193,63,3,4,15730.0,817974.0,204493.0,1022467.0,1022467.0
12153,52,3,4,15730.0,817974.0,204493.0,1022467.0,1022467.0
12284,73,3,4,15730.0,817974.0,204493.0,1022467.0,1022467.0
5530,53,3,4,15730.0,817974.0,204493.0,1022467.0,1022467.0
713,56,3,4,15730.0,817974.0,204493.0,1022467.0,1022467.0
2266,58,3,4,15730.0,817974.0,204493.0,1022467.0,1022467.0
8063,61,3,4,15730.0,817974.0,204493.0,1022467.0,1022467.0
2719,70,3,4,15730.0,817974.0,204493.0,1022467.0,1022467.0
11608,66,3,4,15730.0,817974.0,204493.0,1022467.0,1022467.0
7878,68,3,4,15730.0,817974.0,204493.0,1022467.0,1022467.0
12165,63,3,4,15730.0,817974.0,204493.0,1022467.0,1022467.0
10667,60,3,4,15730.0,817974.0,204493.0,1022467.0,1022467.0
6844,54,3,4,15730.0,817974.0,204493.0,1022467.0,1022467.0
3486,52,3,4,15730.0,817974.0,204493.0,1022467.0,1022467.0
1617,68,3,4,15730.0,817974.0,204493.0,1022467.0,1022467.0
9478,61,3,4,15730.0,817974.0,204493.0,1022467.0,1022467.0
5608,59,3,4,15730.0,817974.0,204493.0,1022467.0,1022467.0
8079,66,3,4,15730.0,817974.0,204493.0,1022467.0,1022467.0
6189,53,3,4,14607.0,759547.0,189887.0,949434.0,949434.0
7885,67,3,4,14607.0,759547.0,189887.0,949434.0,949434.0
1013,73,3,4,14607.0,759547.0,189887.0,949434.0,949434.0
1785,63,3,4,14607.0,759547.0,189887.0,949434.0,949434.0
6173,65,3,4,14607.0,759547.0,189887.0,949434.0,949434.0
13103,72,3,4,14382.0,747862.0,186965.0,934827.0,934827.0
7675,74,3,4,13483.0,701120.0,175280.0,876400.0,876400.0
2814,59,3,4,13483.0,701120.0,175280.0,876400.0,876400.0
7781,74,3,4,13483.0,701120.0,175280.0,876400.0,876400.0
10554,66,3,4,13483.0,701120.0,175280.0,876400.0,876400.0
11906,65,3,4,13483.0,701120.0,175280.0,876400.0,876400.0
5764,65,3,4,13483.0,701120.0,175280.0,876400.0,876400.0
4205,71,3,4,13483.0,701120.0,175280.0,876400.0,876400.0
2875,70,3,4,13483.0,701120.0,175280.0,876400.0,876400.0
6409,67,3,4,13483.0,701120.0,175280.0,876400.0,876400.0
5091,67,3,4,13483.0,701120.0,175280.0,876400.0,876400.0
1465,61,3,4,13483.0,701120.0,175280.0,876400.0,876400.0
14390,67,3,4,13483.0,701120.0,175280.0,876400.0,876400.0
6353,58,3,4,13483.0,701120.0,175280.0,876400.0,876400.0
10863,59,3,4,13483.0,701120.0,175280.0,876400.0,876400.0
1736,60,3,4,13483.0,701120.0,175280.0,876400.0,876400.0
8759,52,3,4,13483.0,701120.0,175280.0,876400.0,876400.0
389,60,3,4,13483.0,701120.0,175280.0,876400.0,876400.0
12933,66,3,4,13483.0,701120.0,175280.0,876400.0,876400.0
6046,65,3,4,13483.0,701120.0,175280.0,876400.0,876400.0
3620,65,3,4,13483.0,701120.0,175280.0,876400.0,876400.0
9369,61,3,4,13483.0,701120.0,175280.0,876400.0,876400.0
13657,72,3,4,13483.0,701120.0,175280.0,876400.0,876400.0
1201,68,3,4,13483.0,701120.0,175280.0,876400.0,876400.0
9789,66,3,4,13483.0,701120.0,175280.0,876400.0,876400.0
2950,60,3,4,13483.0,701120.0,175280.0,876400.0,876400.0
6106,70,3,4,12360.0,642694.0,160673.0,803367.0,803367.0
14292,63,3,4,12360.0,642694.0,160673.0,803367.0,803367.0
3349,63,3,4,12360.0,642694.0,160673.0,803367.0,803367.0
12741,65,3,4,12360.0,642694.0,160673.0,803367.0,803367.0
14225,66,3,4,12360.0,642694.0,160673.0,803367.0,803367.0
6699,65,3,4,12360.0,642694.0,160673.0,803367.0,803367.0
3369,59,3,4,11236.0,584267.0,146067.0,730334.0,730334.0
1274,58,3,4,11236.0,584267.0,146067.0,730334.0,730334.0
8170,72,3,4,11236.0,584267.0,146067.0,730334.0,730334.0
3316,65,3,4,11236.0,584267.0,146067.0,730334.0,730334.0
1307,59,3,4,11236.0,584267.0,146067.0,730334.0,730334.0
13581,58,3,4,11236.0,584267.0,146067.0,730334.0,730334.0
10700,59,3,4,11236.0,584267.0,146067.0,730334.0,730334.0
13529,63,3,4,11236.0,584267.0,146067.0,730334.0,730334.0
10356,63,3,4,11236.0,584267.0,146067.0,730334.0,730334.0
4531,71,3,4,11236.0,584267.0,146067.0,730334.0,730334.0
10536,52,3,4,11236.0,584267.0,146067.0,730334.0,730334.0
10858,58,3,4,11236.0,584267.0,146067.0,730334.0,730334.0
6814,74,3,4,11236.0,584267.0,146067.0,730334.0,730334.0
12449,74,3,4,11236.0,584267.0,146067.0,730334.0,730334.0
11327,71,3,4,11236.0,584267.0,146067.0,730334.0,730334.0
854,72,3,4,11236.0,584267.0,146067.0,730334.0,730334.0
1562,53,3,4,11236.0,584267.0,146067.0,730334.0,730334.0
13544,61,3,4,11236.0,584267.0,146067.0,730334.0,730334.0
11831,60,3,4,11236.0,584267.0,146067.0,730334.0,730334.0
11041,73,3,4,11236.0,584267.0,146067.0,730334.0,730334.0
6722,59,3,4,11236.0,584267.0,146067.0,730334.0,730334.0
4117,53,3,4,11236.0,584267.0,146067.0,730334.0,730334.0
3817,52,3,4,11236.0,584267.0,146067.0,730334.0,730334.0
8264,72,3,4,10112.0,525840.0,131460.0,657300.0,657300.0
1523,66,3,4,10112.0,525840.0,131460.0,657300.0,657300.0
7918,65,3,4,10112.0,525840.0,131460.0,657300.0,657300.0
36,74,3,4,10112.0,525840.0,131460.0,657300.0,657300.0
4584,59,3,4,10112.0,525840.0,131460.0,657300.0,657300.0
7454,66,3,4,10112.0,525840.0,131460.0,657300.0,657300.0
8399,71,3,4,10112.0,525840.0,131460.0,657300.0,657300.0
1645,58,3,4,10112.0,525840.0,131460.0,657300.0,657300.0
152,74,3,4,10112.0,525840.0,131460.0,657300.0,657300.0
9499,70,3,4,10112.0,525840.0,131460.0,657300.0,657300.0
5043,60,3,4,9438.0,490784.0,122696.0,613480.0,613480.0
2988,60,3,4,8989.0,467413.0,116853.0,584267.0,584267.0
2497,71,3,4,8989.0,467413.0,116853.0,584267.0,584267.0
9211,74,3,4,8989.0,467413.0,116853.0,584267.0,584267.0
7605,74,3,4,8989.0,467413.0,116853.0,584267.0,584267.0
6375,74,3,4,8989.0,467413.0,116853.0,584267.0,584267.0
9746,68,3,4,8989.0,467413.0,116853.0,584267.0,584267.0
14335,68,3,4,8989.0,467413.0,116853.0,584267.0,584267.0
13025,61,3,4,8989.0,467413.0,116853.0,584267.0,584267.0
1502,66,3,4,8989.0,467413.0,116853.0,584267.0,584267.0
6374,53,3,4,8989.0,467413.0,116853.0,584267.0,584267.0
10796,53,3,4,8989.0,467413.0,116853.0,584267.0,584267.0
10099,61,3,4,8989.0,467413.0,116853.0,584267.0,584267.0
1464,54,3,4,8989.0,467413.0,116853.0,584267.0,584267.0
9261,61,3,4,8989.0,467413.0,116853.0,584267.0,584267.0
10813,66,3,4,8989.0,467413.0,116853.0,584267.0,584267.0
1353,52,3,4,8989.0,467413.0,116853.0,584267.0,584267.0
863,56,3,4,8989.0,467413.0,116853.0,584267.0,584267.0
12906,66,3,4,8989.0,467413.0,116853.0,584267.0,584267.0
13062,66,3,4,8989.0,467413.0,116853.0,584267.0,584267.0
13142,66,3,4,8989.0,467413.0,116853.0,584267.0,584267.0
5684,72,3,4,8989.0,467413.0,116853.0,584267.0,584267.0
8405,65,3,4,8989.0,467413.0,116853.0,584267.0,584267.0
11802,71,3,4,8989.0,467413.0,116853.0,584267.0,584267.0
11464,74,3,4,8989.0,467413.0,116853.0,584267.0,584267.0
2848,60,3,4,8989.0,467413.0,116853.0,584267.0,584267.0
6449,71,3,4,8989.0,467413.0,116853.0,584267.0,584267.0
6682,70,3,4,8989.0,467413.0,116853.0,584267.0,584267.0
14502,58,3,4,8989.0,467413.0,116853.0,584267.0,584267.0
12457,65,3,4,8539.0,444043.0,111011.0,555054.0,555054.0
1140,70,3,4,7865.0,408987.0,102247.0,511234.0,511234.0
1480,70,3,4,7865.0,408987.0,102247.0,511234.0,511234.0
8366,70,3,4,7865.0,408987.0,102247.0,511234.0,511234.0
14140,60,3,4,7865.0,408987.0,102247.0,511234.0,511234.0
3813,58,3,4,7865.0,408987.0,102247.0,511234.0,511234.0
2581,53,3,4,7865.0,408987.0,102247.0,511234.0,511234.0
9917,52,3,4,7865.0,408987.0,102247.0,511234.0,511234.0
2405,65,3,4,7865.0,408987.0,102247.0,511234.0,511234.0
7309,73,3,4,7865.0,408987.0,102247.0,511234.0,511234.0
10906,52,3,4,7865.0,408987.0,102247.0,511234.0,511234.0
8173,68,3,4,7865.0,408987.0,102247.0,511234.0,511234.0
4053,59,3,4,7865.0,408987.0,102247.0,511234.0,511234.0
12298,65,3,4,7865.0,408987.0,102247.0,511234.0,511234.0
8502,59,3,4,7865.0,408987.0,102247.0,511234.0,511234.0
13733,70,3,4,7865.0,408987.0,102247.0,511234.0,511234.0
7530,70,3,4,7865.0,408987.0,102247.0,511234.0,511234.0
1855,74,3,4,7865.0,408987.0,102247.0,511234.0,511234.0
4244,67,3,4,7865.0,408987.0,102247.0,511234.0,511234.0
6817,61,3,4,7865.0,408987.0,102247.0,511234.0,511234.0
4055,61,3,4,7865.0,408987.0,102247.0,511234.0,511234.0
10849,71,3,4,7865.0,408987.0,102247.0,511234.0,511234.0
3679,74,3,4,7865.0,408987.0,102247.0,511234.0,511234.0
2557,61,3,4,7865.0,408987.0,102247.0,511234.0,511234.0
7512,73,3,4,7416.0,385616.0,96404.0,482020.0,482020.0
5749,73,3,4,7191.0,373931.0,93483.0,467413.0,467413.0
8444,63,3,4,6742.0,350560.0,87640.0,438200.0,438200.0
11085,61,3,4,6742.0,350560.0,87640.0,438200.0,438200.0
7570,73,3,4,6742.0,350560.0,87640.0,438200.0,438200.0
11578,60,3,4,6742.0,350560.0,87640.0,438200.0,438200.0
11166,60,3,4,6742.0,350560.0,87640.0,438200.0,438200.0
13499,68,3,4,6742.0,350560.0,87640.0,438200.0,438200.0
7547,58,3,4,6742.0,350560.0,87640.0,438200.0,438200.0
8658,60,3,4,6742.0,350560.0,87640.0,438200.0,438200.0
14396,71,3,4,6742.0,350560.0,87640.0,438200.0,438200.0
6195,59,3,4,6742.0,350560.0,87640.0,438200.0,438200.0
14392,52,3,4,6742.0,350560.0,87640.0,438200.0,438200.0
1573,52,3,4,6742.0,350560.0,87640.0,438200.0,438200.0
1575,63,3,4,6742.0,350560.0,87640.0,438200.0,438200.0
7355,59,3,4,6742.0,350560.0,87640.0,438200.0,438200.0
8030,71,3,4,6742.0,350560.0,87640.0,438200.0,438200.0
4088,65,3,4,6742.0,350560.0,87640.0,438200.0,438200.0
5458,67,3,4,6742.0,350560.0,87640.0,438200.0,438200.0
9938,52,3,4,6742.0,350560.0,87640.0,438200.0,438200.0
7400,71,3,4,6742.0,350560.0,87640.0,438200.0,438200.0
13250,70,3,4,6742.0,350560.0,87640.0,438200.0,438200.0
11363,56,3,4,6742.0,350560.0,87640.0,438200.0,438200.0
9152,72,3,4,6742.0,350560.0,87640.0,438200.0,438200.0
7668,61,3,4,6742.0,350560.0,87640.0,438200.0,438200.0
8166,61,3,4,6742.0,350560.0,87640.0,438200.0,438200.0
12613,60,3,4,5618.0,292133.0,73033.0,365167.0,365167.0
7422,65,3,4,5618.0,292133.0,73033.0,365167.0,365167.0
9758,63,3,4,5618.0,292133.0,73033.0,365167.0,365167.0
2707,63,3,4,5618.0,292133.0,73033.0,365167.0,365167.0
4256,66,3,4,5618.0,292133.0,73033.0,365167.0,365167.0
10851,66,3,4,5618.0,292133.0,73033.0,365167.0,365167.0
8401,61,3,4,5618.0,292133.0,73033.0,365167.0,365167.0
14231,60,3,4,5618.0,292133.0,73033.0,365167.0,365167.0
13488,67,3,4,5618.0,292133.0,73033.0,365167.0,365167.0
13607,67,3,4,5618.0,292133.0,73033.0,365167.0,365167.0
156,70,3,4,5618.0,292133.0,73033.0,365167.0,365167.0
4236,60,3,4,5618.0,292133.0,73033.0,365167.0,365167.0
7983,70,3,4,5618.0,292133.0,73033.0,365167.0,365167.0
723,60,3,4,5618.0,292133.0,73033.0,365167.0,365167.0
11136,58,3,4,5618.0,292133.0,73033.0,365167.0,365167.0
10866,71,3,4,5618.0,292133.0,73033.0,365167.0,365167.0
7565,58,3,4,5618.0,292133.0,73033.0,365167.0,365167.0
6495,58,3,4,5618.0,292133.0,73033.0,365167.0,365167.0
6413,58,3,4,5618.0,292133.0,73033.0,365167.0,365167.0
9454,72,3,4,5618.0,292133.0,73033.0,365167.0,365167.0
7330,56,3,4,5618.0,292133.0,73033.0,365167.0,365167.0
7177,73,3,4,5618.0,292133.0,73033.0,365167.0,365167.0
13534,53,3,4,5618.0,292133.0,73033.0,365167.0,365167.0
11350,73,3,4,5618.0,292133.0,73033.0,365167.0,365167.0
2673,53,3,4,5618.0,292133.0,73033.0,365167.0,365167.0
13030,73,3,4,5618.0,292133.0,73033.0,365167.0,365167.0
13839,52,3,4,5618.0,292133.0,73033.0,365167.0,365167.0
6425,74,3,4,5618.0,292133.0,73033.0,365167.0,365167.0
12226,52,3,4,5618.0,292133.0,73033.0,365167.0,365167.0
5797,52,3,4,5618.0,292133.0,73033.0,365167.0,365167.0
10142,73,3,4,4944.0,257077.0,64269.0,321347.0,321347.0
7311,61,3,4,4944.0,257077.0,64269.0,321347.0,321347.0
8130,54,3,4,4494.0,233707.0,58427.0,292133.0,292133.0
4517,70,3,4,4494.0,233707.0,58427.0,292133.0,292133.0
13153,61,3,4,4494.0,233707.0,58427.0,292133.0,292133.0
1840,70,3,4,4494.0,233707.0,58427.0,292133.0,292133.0
1794,66,3,4,4494.0,233707.0,58427.0,292133.0,292133.0
8370,58,3,4,4494.0,233707.0,58427.0,292133.0,292133.0
7497,73,3,4,4494.0,233707.0,58427.0,292133.0,292133.0
13864,63,3,4,4494.0,233707.0,58427.0,292133.0,292133.0
6013,65,3,4,4494.0,233707.0,58427.0,292133.0,292133.0
12064,70,3,4,4494.0,233707.0,58427.0,292133.0,292133.0
2926,66,3,4,4494.0,233707.0,58427.0,292133.0,292133.0
1702,58,3,4,4494.0,233707.0,58427.0,292133.0,292133.0
165,61,3,4,4494.0,233707.0,58427.0,292133.0,292133.0
8587,63,3,4,4494.0,233707.0,58427.0,292133.0,292133.0
5695,60,3,4,4494.0,233707.0,58427.0,292133.0,292133.0
6157,67,3,4,4494.0,233707.0,58427.0,292133.0,292133.0
1672,53,3,4,4494.0,233707.0,58427.0,292133.0,292133.0
4496,56,3,4,4494.0,233707.0,58427.0,292133.0,292133.0
13224,68,3,4,4494.0,233707.0,58427.0,292133.0,292133.0
12937,56,3,4,4494.0,233707.0,58427.0,292133.0,292133.0
7996,66,3,4,4494.0,233707.0,58427.0,292133.0,292133.0
11033,52,3,4,4494.0,233707.0,58427.0,292133.0,292133.0
490,67,3,4,4494.0,233707.0,58427.0,292133.0,292133.0
9254,73,3,4,4494.0,233707.0,58427.0,292133.0,292133.0
13119,71,3,4,4270.0,222021.0,55505.0,277527.0,277527.0
6197,70,3,4,4045.0,210336.0,52584.0,262920.0,262920.0
10259,53,3,4,4045.0,210336.0,52584.0,262920.0,262920.0
2172,59,3,4,4045.0,210336.0,52584.0,262920.0,262920.0
6059,74,3,4,4045.0,210336.0,52584.0,262920.0,262920.0
7532,66,3,4,4045.0,210336.0,52584.0,262920.0,262920.0
2273,72,3,4,3595.0,186965.0,46741.0,233707.0,233707.0
3341,63,3,4,3595.0,186965.0,46741.0,233707.0,233707.0
2676,74,3,4,3371.0,175280.0,43820.0,219100.0,219100.0
1700,68,3,4,3371.0,175280.0,43820.0,219100.0,219100.0
5170,67,3,4,3371.0,175280.0,43820.0,219100.0,219100.0
14271,54,3,4,3371.0,175280.0,43820.0,219100.0,219100.0
14382,63,3,4,3371.0,175280.0,43820.0,219100.0,219100.0
7425,66,3,4,3371.0,175280.0,43820.0,219100.0,219100.0
13443,61,3,4,3371.0,175280.0,43820.0,219100.0,219100.0
98,70,3,4,3146.0,163595.0,40899.0,204493.0,204493.0
4784,65,3,4,3146.0,163595.0,40899.0,204493.0,204493.0
9658,65,3,4,2921.0,151909.0,37977.0,189887.0,189887.0
1757,54,3,4,2697.0,140224.0,35056.0,175280.0,175280.0
14541,65,3,4,2697.0,140224.0,35056.0,175280.0,175280.0
6176,67,3,4,2697.0,140224.0,35056.0,175280.0,175280.0
974,58,3,4,2697.0,140224.0,35056.0,175280.0,175280.0
5393,61,3,4,2697.0,140224.0,35056.0,175280.0,175280.0
9784,66,3,4,2697.0,140224.0,35056.0,175280.0,175280.0
2946,66,3,4,2697.0,140224.0,35056.0,175280.0,175280.0
11445,61,3,4,2697.0,140224.0,35056.0,175280.0,175280.0
5836,53,3,4,2697.0,140224.0,35056.0,175280.0,175280.0
11567,74,3,4,2697.0,140224.0,35056.0,175280.0,175280.0
14033,68,3,4,2697.0,140224.0,35056.0,175280.0,175280.0
14398,61,3,4,2697.0,140224.0,35056.0,175280.0,175280.0
2962,52,3,4,2697.0,140224.0,35056.0,175280.0,175280.0
4387,65,3,4,2697.0,140224.0,35056.0,175280.0,175280.0
8633,63,3,4,2697.0,140224.0,35056.0,175280.0,175280.0
12979,70,3,4,2697.0,140224.0,35056.0,175280.0,175280.0
10601,61,3,4,2247.0,116853.0,29213.0,146067.0,146067.0
8799,52,3,4,2247.0,116853.0,29213.0,146067.0,146067.0
6148,74,3,4,2247.0,116853.0,29213.0,146067.0,146067.0
7574,63,3,4,2247.0,116853.0,29213.0,146067.0,146067.0
8814,65,3,4,2247.0,116853.0,29213.0,146067.0,146067.0
5300,60,3,4,2247.0,116853.0,29213.0,146067.0,146067.0
4732,61,3,4,2247.0,116853.0,29213.0,146067.0,146067.0
12518,68,3,4,2247.0,116853.0,29213.0,146067.0,146067.0
10811,67,3,4,2247.0,116853.0,29213.0,146067.0,146067.0
12477,73,3,4,2247.0,116853.0,29213.0,146067.0,146067.0
10149,71,3,4,2247.0,116853.0,29213.0,146067.0,146067.0
3195,72,3,4,2247.0,116853.0,29213.0,146067.0,146067.0
8679,63,3,4,2022.0,105168.0,26292.0,131460.0,131460.0
12894,60,3,4,2022.0,105168.0,26292.0,131460.0,131460.0
4571,71,3,4,2022.0,105168.0,26292.0,131460.0,131460.0
13156,73,3,4,2022.0,105168.0,26292.0,131460.0,131460.0
4323,65,3,4,2022.0,105168.0,26292.0,131460.0,131460.0
4438,60,3,4,2022.0,105168.0,26292.0,131460.0,131460.0
4402,52,3,4,2022.0,105168.0,26292.0,131460.0,131460.0
9997,73,3,4,2022.0,105168.0,26292.0,131460.0,131460.0
9388,70,3,4,2022.0,105168.0,26292.0,131460.0,131460.0
11078,60,3,4,2022.0,105168.0,26292.0,131460.0,131460.0
1202,72,3,4,2022.0,105168.0,26292.0,131460.0,131460.0
14174,73,3,4,2022.0,105168.0,26292.0,131460.0,131460.0
3926,70,3,4,1798.0,93483.0,23371.0,116853.0,116853.0
8359,60,3,4,1798.0,93483.0,23371.0,116853.0,116853.0
3559,72,3,4,1798.0,93483.0,23371.0,116853.0,116853.0
10602,70,3,4,1573.0,81797.0,20449.0,102247.0,102247.0
7938,20,1,4,337077.0,17528006.0,22669554.0,40197560.0,40197560.0
14067,20,1,4,269662.0,14022405.0,7011202.0,21033607.0,21033607.0
3130,20,1,4,242695.0,12620164.0,3155041.0,15775205.0,15775205.0
12111,5,1,4,224718.0,11685337.0,2921334.0,14606672.0,14606672.0
7270,20,1,4,224718.0,11685337.0,2337067.0,14022405.0,14022405.0
6152,4,1,4,224718.0,11685337.0,2921334.0,14606672.0,14606672.0
4783,5,1,4,204943.0,10657028.0,3482231.0,14139258.0,14139258.0
4379,20,1,4,179774.0,9348270.0,2337067.0,11685337.0,11685337.0
7967,5,1,4,179774.0,9348270.0,5842669.0,15190938.0,15190938.0
11850,5,1,4,179774.0,9348270.0,2337067.0,11685337.0,11685337.0
10646,3,1,4,179774.0,9348270.0,2337067.0,11685337.0,11685337.0
13774,20,1,4,179774.0,9348270.0,8413443.0,17761713.0,17761713.0
12235,20,1,4,179774.0,9348270.0,2337067.0,11685337.0,11685337.0
7280,5,1,4,168539.0,8764003.0,2196843.0,10960846.0,10960846.0
8982,5,1,4,168539.0,8764003.0,2337067.0,11101070.0,11101070.0
13401,20,1,4,161797.0,8413443.0,2103361.0,10516804.0,10516804.0
1410,20,1,4,157303.0,8179736.0,2337067.0,10516804.0,10516804.0
3710,20,1,4,157303.0,8179736.0,2044934.0,10224670.0,10224670.0
9126,5,1,4,151011.0,7852547.0,1963137.0,9815683.0,9815683.0
3766,20,1,4,134831.0,7011202.0,1752801.0,8764003.0,8764003.0
7283,4,1,4,134831.0,7011202.0,1752801.0,8764003.0,8764003.0
2899,5,1,4,134831.0,7011202.0,841344.0,7852547.0,7852547.0
11481,5,1,4,134831.0,7011202.0,1963137.0,8974339.0,8974339.0
12305,5,1,4,134831.0,7011202.0,1963137.0,8974339.0,8974339.0
1651,20,1,4,134831.0,7011202.0,1752801.0,8764003.0,8764003.0
206,4,1,4,134831.0,7011202.0,1752801.0,8764003.0,8764003.0
5708,3,1,4,122921.0,6391880.0,1600891.0,7992771.0,7992771.0
1697,3,1,4,112359.0,5842669.0,1460667.0,7303336.0,7303336.0
4425,20,1,4,112359.0,5842669.0,1460667.0,7303336.0,7303336.0
2938,20,1,4,112359.0,5842669.0,1460667.0,7303336.0,7303336.0
2891,20,1,4,112359.0,5842669.0,1460667.0,7303336.0,7303336.0
4451,5,1,4,107865.0,5608962.0,1682689.0,7291650.0,7291650.0
4887,5,1,4,101123.0,5258402.0,1320443.0,6578845.0,6578845.0
1339,4,1,4,101123.0,5258402.0,1320443.0,6578845.0,6578845.0
1135,5,1,4,97078.0,5048066.0,2243585.0,7291650.0,7291650.0
3272,20,1,4,96629.0,5024695.0,1262016.0,6286711.0,6286711.0
892,20,1,4,96629.0,5024695.0,1262016.0,6286711.0,6286711.0
13895,3,1,4,89887.0,4674135.0,1168534.0,5842669.0,5842669.0
6582,5,1,4,89887.0,4674135.0,1168534.0,5842669.0,5842669.0
9102,4,1,4,89887.0,4674135.0,1168534.0,5842669.0,5842669.0
605,4,1,4,89887.0,4674135.0,1168534.0,5842669.0,5842669.0
4084,5,1,4,86292.0,4487170.0,1121792.0,5608962.0,5608962.0
10688,4,1,4,80898.0,4206721.0,1051680.0,5258402.0,5258402.0
4719,20,1,4,78651.0,4089868.0,1016624.0,5106492.0,5106492.0
728,4,1,4,78651.0,4089868.0,1028310.0,5118178.0,5118178.0
2082,20,1,4,78651.0,4089868.0,1016624.0,5106492.0,5106492.0
2683,4,1,4,78651.0,4089868.0,1028310.0,5118178.0,5118178.0
4428,5,1,4,78651.0,4089868.0,817974.0,4907842.0,4907842.0
7845,4,1,4,71910.0,3739308.0,934827.0,4674135.0,4674135.0
3163,4,1,4,71910.0,3739308.0,934827.0,4674135.0,4674135.0
11214,4,1,4,67415.0,3505601.0,876400.0,4382001.0,4382001.0
13041,19,1,4,67415.0,3505601.0,876400.0,4382001.0,4382001.0
6570,5,1,4,67415.0,3505601.0,876400.0,4382001.0,4382001.0
5769,19,1,4,67415.0,3505601.0,876400.0,4382001.0,4382001.0
11881,20,1,4,67415.0,3505601.0,876400.0,4382001.0,4382001.0
10084,22,1,4,67415.0,3505601.0,876400.0,4382001.0,4382001.0
7032,4,1,4,67415.0,3505601.0,876400.0,4382001.0,4382001.0
1431,19,1,4,67415.0,3505601.0,876400.0,4382001.0,4382001.0
12173,4,1,4,67415.0,3505601.0,876400.0,4382001.0,4382001.0
4641,20,1,4,56180.0,2921334.0,736176.0,3657511.0,3657511.0
2089,22,1,4,56180.0,2921334.0,724491.0,3645825.0,3645825.0
13385,4,1,4,56180.0,2921334.0,724491.0,3645825.0,3645825.0
5067,19,1,4,56180.0,2921334.0,724491.0,3645825.0,3645825.0
13263,22,1,4,56180.0,2921334.0,724491.0,3645825.0,3645825.0
1449,20,1,4,56180.0,2921334.0,724491.0,3645825.0,3645825.0
2038,10,1,4,51685.0,2687628.0,666064.0,3353692.0,3353692.0
1278,5,1,4,50562.0,2629201.0,654379.0,3283580.0,3283580.0
1206,20,1,4,49438.0,2570774.0,642694.0,3213468.0,3213468.0
4922,26,1,4,49438.0,2570774.0,642694.0,3213468.0,3213468.0
7028,25,1,4,49438.0,2570774.0,701120.0,3271894.0,3271894.0
14562,3,1,4,46067.0,2395494.0,595952.0,2991446.0,2991446.0
675,22,1,4,44944.0,2337067.0,584267.0,2921334.0,2921334.0
5124,22,1,4,44944.0,2337067.0,584267.0,2921334.0,2921334.0
13980,16,1,4,44944.0,2337067.0,584267.0,2921334.0,2921334.0
7220,26,1,4,44944.0,2337067.0,584267.0,2921334.0,2921334.0
14343,22,1,4,44944.0,2337067.0,584267.0,2921334.0,2921334.0
2802,19,1,4,44944.0,2337067.0,584267.0,2921334.0,2921334.0
13291,24,1,4,44944.0,2337067.0,584267.0,2921334.0,2921334.0
13464,26,1,4,44944.0,2337067.0,584267.0,2921334.0,2921334.0
2344,22,1,4,44944.0,2337067.0,584267.0,2921334.0,2921334.0
1076,8,1,4,44944.0,2337067.0,584267.0,2921334.0,2921334.0
10987,3,1,4,44944.0,2337067.0,584267.0,2921334.0,2921334.0
5469,25,1,4,44944.0,2337067.0,584267.0,2921334.0,2921334.0
2408,24,1,4,44944.0,2337067.0,584267.0,2921334.0,2921334.0
6771,4,1,4,44944.0,2337067.0,584267.0,2921334.0,2921334.0
9092,7,1,4,44944.0,2337067.0,584267.0,2921334.0,2921334.0
11401,5,1,4,43146.0,2243585.0,560896.0,2804481.0,2804481.0
4825,24,1,4,43146.0,2243585.0,560896.0,2804481.0,2804481.0
10558,24,1,4,42696.0,2220214.0,560896.0,2781110.0,2781110.0
10320,25,1,4,42696.0,2220214.0,560896.0,2781110.0,2781110.0
9341,16,1,4,40449.0,2103361.0,525840.0,2629201.0,2629201.0
3653,22,1,4,40449.0,2103361.0,525840.0,2629201.0,2629201.0
2905,26,1,4,40449.0,2103361.0,525840.0,2629201.0,2629201.0
9732,10,1,4,40449.0,2103361.0,525840.0,2629201.0,2629201.0
4946,26,1,4,40449.0,2103361.0,525840.0,2629201.0,2629201.0
3171,11,1,4,40449.0,2103361.0,525840.0,2629201.0,2629201.0
12001,26,1,4,40449.0,2103361.0,525840.0,2629201.0,2629201.0
7364,19,1,4,40449.0,2103361.0,525840.0,2629201.0,2629201.0
5099,4,1,4,40449.0,2103361.0,525840.0,2629201.0,2629201.0
8464,25,1,4,40449.0,2103361.0,525840.0,2629201.0,2629201.0
10433,4,1,4,40449.0,2103361.0,525840.0,2629201.0,2629201.0
8937,16,1,4,40449.0,2103361.0,525840.0,2629201.0,2629201.0
2917,3,1,4,39326.0,2044934.0,514155.0,2559089.0,2559089.0
6579,24,1,4,38202.0,1986507.0,490784.0,2477292.0,2477292.0
10715,26,1,4,38202.0,1986507.0,490784.0,2477292.0,2477292.0
2837,11,1,4,35955.0,1869654.0,467413.0,2337067.0,2337067.0
812,26,1,4,35955.0,1869654.0,467413.0,2337067.0,2337067.0
7239,4,1,4,35955.0,1869654.0,467413.0,2337067.0,2337067.0
773,24,1,4,33708.0,1752801.0,444043.0,2196843.0,2196843.0
3438,19,1,4,33708.0,1752801.0,432357.0,2185158.0,2185158.0
13257,26,1,4,33708.0,1752801.0,432357.0,2185158.0,2185158.0
5383,19,1,4,33708.0,1752801.0,432357.0,2185158.0,2185158.0
10456,19,1,4,33708.0,1752801.0,432357.0,2185158.0,2185158.0
11224,19,1,4,33708.0,1752801.0,432357.0,2185158.0,2185158.0
12230,19,1,4,33708.0,1752801.0,432357.0,2185158.0,2185158.0
14171,22,1,4,33708.0,1752801.0,444043.0,2196843.0,2196843.0
612,3,1,4,33708.0,1752801.0,432357.0,2185158.0,2185158.0
11302,26,1,4,33708.0,1752801.0,432357.0,2185158.0,2185158.0
6237,17,1,4,33708.0,1752801.0,444043.0,2196843.0,2196843.0
1028,22,1,4,33708.0,1752801.0,432357.0,2185158.0,2185158.0
5619,22,1,4,33708.0,1752801.0,432357.0,2185158.0,2185158.0
8037,21,1,4,33708.0,1752801.0,432357.0,2185158.0,2185158.0
217,24,1,4,33708.0,1752801.0,444043.0,2196843.0,2196843.0
1286,17,1,4,33708.0,1752801.0,432357.0,2185158.0,2185158.0
3550,24,1,4,33708.0,1752801.0,584267.0,2337067.0,2337067.0
8992,24,1,4,33708.0,1752801.0,444043.0,2196843.0,2196843.0
12374,24,1,4,33708.0,1752801.0,444043.0,2196843.0,2196843.0
1706,26,1,4,33708.0,1752801.0,432357.0,2185158.0,2185158.0
3625,11,1,4,33708.0,1752801.0,444043.0,2196843.0,2196843.0
431,26,1,4,33708.0,1752801.0,432357.0,2185158.0,2185158.0
3541,10,1,4,33708.0,1752801.0,432357.0,2185158.0,2185158.0
1782,24,1,4,32584.0,1694374.0,420672.0,2115046.0,2115046.0
10973,24,1,4,32584.0,1694374.0,420672.0,2115046.0,2115046.0
14279,5,1,4,32359.0,1682689.0,420672.0,2103361.0,2103361.0
654,11,1,4,31461.0,1635947.0,408987.0,2044934.0,2044934.0
2031,7,1,4,31461.0,1635947.0,408987.0,2044934.0,2044934.0
2179,11,1,4,31461.0,1635947.0,408987.0,2044934.0,2044934.0
9538,7,1,4,31461.0,1635947.0,408987.0,2044934.0,2044934.0
5511,7,1,4,31461.0,1635947.0,408987.0,2044934.0,2044934.0
1752,25,1,4,29213.0,1519094.0,373931.0,1893025.0,1893025.0
922,22,1,4,29213.0,1519094.0,373931.0,1893025.0,1893025.0
7275,25,1,4,29213.0,1519094.0,373931.0,1893025.0,1893025.0
13294,26,1,4,29213.0,1519094.0,373931.0,1893025.0,1893025.0
14044,11,1,4,29213.0,1519094.0,373931.0,1893025.0,1893025.0
14120,11,1,4,29213.0,1519094.0,373931.0,1893025.0,1893025.0
12818,16,1,4,29213.0,1519094.0,373931.0,1893025.0,1893025.0
899,19,1,4,29213.0,1519094.0,385616.0,1904710.0,1904710.0
2387,19,1,4,29213.0,1519094.0,373931.0,1893025.0,1893025.0
5206,25,1,4,28090.0,1460667.0,362245.0,1822913.0,1822913.0
4636,11,1,4,26966.0,1402240.0,350560.0,1752801.0,1752801.0
7251,24,1,4,26966.0,1402240.0,350560.0,1752801.0,1752801.0
8272,26,1,4,26966.0,1402240.0,350560.0,1752801.0,1752801.0
8975,19,1,4,26966.0,1402240.0,350560.0,1752801.0,1752801.0
3208,10,1,4,26966.0,1402240.0,350560.0,1752801.0,1752801.0
1680,11,1,4,26966.0,1402240.0,350560.0,1752801.0,1752801.0
7256,10,1,4,26966.0,1402240.0,350560.0,1752801.0,1752801.0
3138,21,1,4,26966.0,1402240.0,350560.0,1752801.0,1752801.0
7008,24,1,4,26966.0,1402240.0,350560.0,1752801.0,1752801.0
11758,26,1,4,26966.0,1402240.0,350560.0,1752801.0,1752801.0
8944,19,1,4,26966.0,1402240.0,350560.0,1752801.0,1752801.0
5702,8,1,4,26966.0,1402240.0,350560.0,1752801.0,1752801.0
12029,19,1,4,26966.0,1402240.0,350560.0,1752801.0,1752801.0
55,10,1,4,26966.0,1402240.0,350560.0,1752801.0,1752801.0
11404,19,1,4,26966.0,1402240.0,350560.0,1752801.0,1752801.0
12855,22,1,4,26966.0,1402240.0,350560.0,1752801.0,1752801.0
1716,11,1,4,26966.0,1402240.0,350560.0,1752801.0,1752801.0
14444,3,1,4,25843.0,1343814.0,338875.0,1682689.0,1682689.0
14104,11,1,4,25843.0,1343814.0,338875.0,1682689.0,1682689.0
8554,24,1,4,24719.0,1285387.0,327189.0,1612577.0,1612577.0
12634,26,1,4,24719.0,1285387.0,327189.0,1612577.0,1612577.0
5869,11,1,4,24719.0,1285387.0,327189.0,1612577.0,1612577.0
10547,19,1,4,24719.0,1285387.0,327189.0,1612577.0,1612577.0
4446,7,1,4,24719.0,1285387.0,327189.0,1612577.0,1612577.0
5748,24,1,4,24719.0,1285387.0,327189.0,1612577.0,1612577.0
13859,25,1,4,24719.0,1285387.0,327189.0,1612577.0,1612577.0
4237,24,1,4,22472.0,1168534.0,292133.0,1460667.0,1460667.0
11760,8,1,4,22472.0,1168534.0,292133.0,1460667.0,1460667.0
1474,22,1,4,22472.0,1168534.0,292133.0,1460667.0,1460667.0
8475,1,1,4,22472.0,1168534.0,292133.0,1460667.0,1460667.0
12814,26,1,4,22472.0,1168534.0,292133.0,1460667.0,1460667.0
6264,9,1,4,22472.0,1168534.0,292133.0,1460667.0,1460667.0
3993,20,1,4,22472.0,1168534.0,292133.0,1460667.0,1460667.0
347,3,1,4,22472.0,1168534.0,292133.0,1460667.0,1460667.0
8631,26,1,4,22472.0,1168534.0,292133.0,1460667.0,1460667.0
5156,3,1,4,22472.0,1168534.0,292133.0,1460667.0,1460667.0
6505,3,1,4,22472.0,1168534.0,292133.0,1460667.0,1460667.0
12808,19,1,4,22472.0,1168534.0,292133.0,1460667.0,1460667.0
10076,3,1,4,22472.0,1168534.0,292133.0,1460667.0,1460667.0
10088,3,1,4,22472.0,1168534.0,292133.0,1460667.0,1460667.0
6242,25,1,4,22472.0,1168534.0,292133.0,1460667.0,1460667.0
3466,10,1,4,22472.0,1168534.0,292133.0,1460667.0,1460667.0
9636,4,1,4,22472.0,1168534.0,292133.0,1460667.0,1460667.0
2515,19,1,4,22472.0,1168534.0,292133.0,1460667.0,1460667.0
8606,10,1,4,22472.0,1168534.0,292133.0,1460667.0,1460667.0
931,19,1,4,22472.0,1168534.0,292133.0,1460667.0,1460667.0
116,11,1,4,22472.0,1168534.0,292133.0,1460667.0,1460667.0
8624,18,1,4,22472.0,1168534.0,292133.0,1460667.0,1460667.0
5778,18,1,4,22472.0,1168534.0,292133.0,1460667.0,1460667.0
4580,18,1,4,22472.0,1168534.0,292133.0,1460667.0,1460667.0
1640,18,1,4,22472.0,1168534.0,292133.0,1460667.0,1460667.0
904,18,1,4,22472.0,1168534.0,292133.0,1460667.0,1460667.0
12862,17,1,4,22472.0,1168534.0,292133.0,1460667.0,1460667.0
12348,17,1,4,22472.0,1168534.0,292133.0,1460667.0,1460667.0
8543,17,1,4,22472.0,1168534.0,292133.0,1460667.0,1460667.0
7768,24,1,4,22472.0,1168534.0,292133.0,1460667.0,1460667.0
6783,22,1,4,22472.0,1168534.0,292133.0,1460667.0,1460667.0
5701,5,1,4,21573.0,1121792.0,280448.0,1402240.0,1402240.0
2503,24,1,4,20225.0,1051680.0,268763.0,1320443.0,1320443.0
5724,7,1,4,20225.0,1051680.0,268763.0,1320443.0,1320443.0
11699,11,1,4,20225.0,1051680.0,268763.0,1320443.0,1320443.0
3322,1,1,4,20225.0,1051680.0,257077.0,1308758.0,1308758.0
8615,25,1,4,20225.0,1051680.0,268763.0,1320443.0,1320443.0
11158,18,1,4,20225.0,1051680.0,268763.0,1320443.0,1320443.0
13950,17,1,4,20225.0,1051680.0,268763.0,1320443.0,1320443.0
6725,16,1,4,20225.0,1051680.0,268763.0,1320443.0,1320443.0
1158,18,1,4,20225.0,1051680.0,233707.0,1285387.0,1285387.0
1404,16,1,4,20225.0,1051680.0,268763.0,1320443.0,1320443.0
6978,18,1,4,20225.0,1051680.0,268763.0,1320443.0,1320443.0
3411,26,1,4,20225.0,1051680.0,268763.0,1320443.0,1320443.0
13744,1,1,4,20225.0,1051680.0,257077.0,1308758.0,1308758.0
1530,25,1,4,20225.0,1051680.0,268763.0,1320443.0,1320443.0
359,24,1,4,20225.0,1051680.0,268763.0,1320443.0,1320443.0
4063,21,1,4,20225.0,1051680.0,268763.0,1320443.0,1320443.0
3759,9,1,4,20225.0,1051680.0,268763.0,1320443.0,1320443.0
4487,25,1,4,20225.0,1051680.0,268763.0,1320443.0,1320443.0
10523,24,1,4,19101.0,993254.0,245392.0,1238646.0,1238646.0
461,5,1,4,17977.0,934827.0,233707.0,1168534.0,1168534.0
319,17,1,4,17977.0,934827.0,233707.0,1168534.0,1168534.0
9470,15,1,4,17977.0,934827.0,233707.0,1168534.0,1168534.0
351,19,1,4,17977.0,934827.0,233707.0,1168534.0,1168534.0
13881,18,1,4,17977.0,934827.0,233707.0,1168534.0,1168534.0
5139,20,1,4,17977.0,934827.0,233707.0,1168534.0,1168534.0
11522,18,1,4,17977.0,934827.0,233707.0,1168534.0,1168534.0
1057,25,1,4,17977.0,934827.0,233707.0,1168534.0,1168534.0
11528,25,1,4,17977.0,934827.0,233707.0,1168534.0,1168534.0
6904,1,1,4,17977.0,934827.0,233707.0,1168534.0,1168534.0
1853,22,1,4,17977.0,934827.0,233707.0,1168534.0,1168534.0
2419,25,1,4,17977.0,934827.0,233707.0,1168534.0,1168534.0
313,22,1,4,17977.0,934827.0,233707.0,1168534.0,1168534.0
6786,22,1,4,17977.0,934827.0,233707.0,1168534.0,1168534.0
14260,26,1,4,17977.0,934827.0,233707.0,1168534.0,1168534.0
12236,15,1,4,17977.0,934827.0,233707.0,1168534.0,1168534.0
6469,15,1,4,17977.0,934827.0,233707.0,1168534.0,1168534.0
6258,10,1,4,17977.0,934827.0,233707.0,1168534.0,1168534.0
3480,25,1,4,17977.0,934827.0,233707.0,1168534.0,1168534.0
464,17,1,4,17977.0,934827.0,233707.0,1168534.0,1168534.0
3447,25,1,4,17977.0,934827.0,233707.0,1168534.0,1168534.0
12219,4,1,4,17977.0,934827.0,233707.0,1168534.0,1168534.0
8655,22,1,4,17977.0,934827.0,233707.0,1168534.0,1168534.0
13452,4,1,4,17528.0,911456.0,233707.0,1145163.0,1145163.0
13453,11,1,4,17528.0,911456.0,233707.0,1145163.0,1145163.0
230,8,1,4,16854.0,876400.0,222021.0,1098422.0,1098422.0
4942,5,1,4,16854.0,876400.0,222021.0,1098422.0,1098422.0
11493,18,1,4,16854.0,876400.0,222021.0,1098422.0,1098422.0
9146,1,1,4,16854.0,876400.0,222021.0,1098422.0,1098422.0
1421,1,1,4,16854.0,876400.0,222021.0,1098422.0,1098422.0
11459,11,1,4,16854.0,876400.0,222021.0,1098422.0,1098422.0
1046,3,1,4,16854.0,876400.0,222021.0,1098422.0,1098422.0
7083,7,1,4,16854.0,876400.0,222021.0,1098422.0,1098422.0
13897,15,1,4,16854.0,876400.0,222021.0,1098422.0,1098422.0
2277,7,1,4,16854.0,876400.0,222021.0,1098422.0,1098422.0
13904,9,1,4,15730.0,817974.0,210336.0,1028310.0,1028310.0
2448,9,1,4,15730.0,817974.0,210336.0,1028310.0,1028310.0
13824,9,1,4,15730.0,817974.0,210336.0,1028310.0,1028310.0
1513,26,1,4,15730.0,817974.0,210336.0,1028310.0,1028310.0
1418,16,1,4,15730.0,817974.0,210336.0,1028310.0,1028310.0
1032,1,1,4,15730.0,817974.0,210336.0,1028310.0,1028310.0
11241,16,1,4,15730.0,817974.0,210336.0,1028310.0,1028310.0
13268,16,1,4,15730.0,817974.0,210336.0,1028310.0,1028310.0
13741,16,1,4,15730.0,817974.0,210336.0,1028310.0,1028310.0
917,7,1,4,15730.0,817974.0,210336.0,1028310.0,1028310.0
6803,17,1,4,15730.0,817974.0,210336.0,1028310.0,1028310.0
10237,17,1,4,15730.0,817974.0,210336.0,1028310.0,1028310.0
11900,17,1,4,15730.0,817974.0,210336.0,1028310.0,1028310.0
735,18,1,4,15730.0,817974.0,210336.0,1028310.0,1028310.0
48,19,1,4,15730.0,817974.0,210336.0,1028310.0,1028310.0
235,19,1,4,15730.0,817974.0,210336.0,1028310.0,1028310.0
8972,4,1,4,15730.0,817974.0,210336.0,1028310.0,1028310.0
5722,3,1,4,15730.0,817974.0,210336.0,1028310.0,1028310.0
1849,3,1,4,15730.0,817974.0,210336.0,1028310.0,1028310.0
10438,1,1,4,15730.0,817974.0,350560.0,1168534.0,1168534.0
5443,21,1,4,15730.0,817974.0,210336.0,1028310.0,1028310.0
5162,8,1,4,15730.0,817974.0,210336.0,1028310.0,1028310.0
5650,7,1,4,14607.0,759547.0,186965.0,946512.0,946512.0
12848,7,1,4,14607.0,759547.0,186965.0,946512.0,946512.0
12537,16,1,4,13483.0,701120.0,175280.0,876400.0,876400.0
11109,15,1,4,13483.0,701120.0,175280.0,876400.0,876400.0
8897,15,1,4,13483.0,701120.0,175280.0,876400.0,876400.0
4020,17,1,4,13483.0,701120.0,175280.0,876400.0,876400.0
8952,5,1,4,13483.0,701120.0,175280.0,876400.0,876400.0
8946,5,1,4,13483.0,701120.0,175280.0,876400.0,876400.0
7203,17,1,4,13483.0,701120.0,175280.0,876400.0,876400.0
7041,15,1,4,13483.0,701120.0,175280.0,876400.0,876400.0
13211,25,1,4,13483.0,701120.0,175280.0,876400.0,876400.0
11892,17,1,4,13483.0,701120.0,175280.0,876400.0,876400.0
6778,15,1,4,13483.0,701120.0,175280.0,876400.0,876400.0
5884,15,1,4,13483.0,701120.0,175280.0,876400.0,876400.0
2281,1,1,4,13483.0,701120.0,175280.0,876400.0,876400.0
12092,24,1,4,13483.0,701120.0,175280.0,876400.0,876400.0
11120,22,1,4,13483.0,701120.0,175280.0,876400.0,876400.0
2763,11,1,4,13483.0,701120.0,175280.0,876400.0,876400.0
11826,18,1,4,13483.0,701120.0,175280.0,876400.0,876400.0
1507,11,1,4,13483.0,701120.0,175280.0,876400.0,876400.0
12646,21,1,4,13483.0,701120.0,175280.0,876400.0,876400.0
2992,25,1,4,13483.0,701120.0,175280.0,876400.0,876400.0
7774,10,1,4,13483.0,701120.0,175280.0,876400.0,876400.0
3586,10,1,4,13483.0,701120.0,175280.0,876400.0,876400.0
449,8,1,4,13483.0,701120.0,175280.0,876400.0,876400.0
12129,9,1,4,13483.0,701120.0,175280.0,876400.0,876400.0
13942,19,1,4,13483.0,701120.0,175280.0,876400.0,876400.0
11539,9,1,4,13483.0,701120.0,175280.0,876400.0,876400.0
9240,9,1,4,13483.0,701120.0,175280.0,876400.0,876400.0
12654,26,1,4,13483.0,701120.0,175280.0,876400.0,876400.0
7759,9,1,4,13483.0,701120.0,175280.0,876400.0,876400.0
4437,9,1,4,13483.0,701120.0,175280.0,876400.0,876400.0
2816,9,1,4,13483.0,701120.0,175280.0,876400.0,876400.0
1551,22,1,4,13483.0,701120.0,175280.0,876400.0,876400.0
13408,25,1,4,13483.0,701120.0,175280.0,876400.0,876400.0
6789,1,1,4,13483.0,701120.0,175280.0,876400.0,876400.0
13346,8,1,4,13483.0,701120.0,175280.0,876400.0,876400.0
4717,7,1,4,13483.0,701120.0,175280.0,876400.0,876400.0
8106,16,1,4,13483.0,701120.0,175280.0,876400.0,876400.0
8893,16,1,4,13483.0,701120.0,175280.0,876400.0,876400.0
11688,9,1,4,12360.0,642694.0,163595.0,806288.0,806288.0
1379,1,1,4,12360.0,642694.0,163595.0,806288.0,806288.0
11141,7,1,4,12360.0,642694.0,163595.0,806288.0,806288.0
14252,7,1,4,12360.0,642694.0,163595.0,806288.0,806288.0
5386,8,1,4,11236.0,584267.0,140224.0,724491.0,724491.0
11249,22,1,4,11236.0,584267.0,140224.0,724491.0,724491.0
11153,18,1,4,11236.0,584267.0,140224.0,724491.0,724491.0
11221,7,1,4,11236.0,584267.0,151909.0,736176.0,736176.0
10414,21,1,4,11236.0,584267.0,140224.0,724491.0,724491.0
8634,21,1,4,11236.0,584267.0,140224.0,724491.0,724491.0
371,15,1,4,11236.0,584267.0,140224.0,724491.0,724491.0
10,21,1,4,11236.0,584267.0,140224.0,724491.0,724491.0
6251,21,1,4,11236.0,584267.0,140224.0,724491.0,724491.0
5896,7,1,4,11236.0,584267.0,140224.0,724491.0,724491.0
5640,15,1,4,11236.0,584267.0,140224.0,724491.0,724491.0
6808,1,1,4,11236.0,584267.0,140224.0,724491.0,724491.0
441,21,1,4,11236.0,584267.0,140224.0,724491.0,724491.0
11269,16,1,4,11236.0,584267.0,140224.0,724491.0,724491.0
8983,11,1,4,11236.0,584267.0,151909.0,736176.0,736176.0
11234,1,1,4,11236.0,584267.0,140224.0,724491.0,724491.0
12313,5,1,4,11236.0,584267.0,140224.0,724491.0,724491.0
6717,9,1,4,11236.0,584267.0,140224.0,724491.0,724491.0
7508,15,1,4,11236.0,584267.0,140224.0,724491.0,724491.0
4380,21,1,4,11236.0,584267.0,140224.0,724491.0,724491.0
7981,25,1,4,11236.0,584267.0,140224.0,724491.0,724491.0
4050,25,1,4,11236.0,584267.0,140224.0,724491.0,724491.0
3144,21,1,4,11236.0,584267.0,140224.0,724491.0,724491.0
12112,3,1,4,11236.0,584267.0,140224.0,724491.0,724491.0
7615,15,1,4,11236.0,584267.0,140224.0,724491.0,724491.0
114,17,1,4,11236.0,584267.0,140224.0,724491.0,724491.0
8050,9,1,4,11236.0,584267.0,140224.0,724491.0,724491.0
681,10,1,4,11236.0,584267.0,140224.0,724491.0,724491.0
10031,9,1,4,11236.0,584267.0,140224.0,724491.0,724491.0
11250,15,1,4,11236.0,584267.0,140224.0,724491.0,724491.0
7022,25,1,4,11236.0,584267.0,140224.0,724491.0,724491.0
8102,8,1,4,11236.0,584267.0,140224.0,724491.0,724491.0
2881,21,1,4,11236.0,584267.0,140224.0,724491.0,724491.0
6524,25,1,4,11236.0,584267.0,140224.0,724491.0,724491.0
13868,15,1,4,11236.0,584267.0,140224.0,724491.0,724491.0
10042,7,1,4,11236.0,584267.0,151909.0,736176.0,736176.0
4372,8,1,4,11236.0,584267.0,140224.0,724491.0,724491.0
5716,3,1,4,10786.0,560896.0,140224.0,701120.0,701120.0
2319,7,1,4,10112.0,525840.0,128539.0,654379.0,654379.0
5850,18,1,4,10112.0,525840.0,128539.0,654379.0,654379.0
9287,8,1,4,10112.0,525840.0,128539.0,654379.0,654379.0
9322,10,1,4,10112.0,525840.0,128539.0,654379.0,654379.0
5148,8,1,4,10112.0,525840.0,128539.0,654379.0,654379.0
5456,7,1,4,10112.0,525840.0,128539.0,654379.0,654379.0
11065,9,1,4,10112.0,525840.0,128539.0,654379.0,654379.0
11488,8,1,4,10112.0,525840.0,128539.0,654379.0,654379.0
4277,1,1,4,10112.0,525840.0,128539.0,654379.0,654379.0
3124,8,1,4,10112.0,525840.0,128539.0,654379.0,654379.0
5685,21,1,4,10112.0,525840.0,128539.0,654379.0,654379.0
2341,9,1,4,10112.0,525840.0,128539.0,654379.0,654379.0
807,18,1,4,10112.0,525840.0,128539.0,654379.0,654379.0
9420,16,1,4,9663.0,502470.0,128539.0,631008.0,631008.0
13889,25,1,4,9213.0,479099.0,116853.0,595952.0,595952.0
7067,9,1,4,8989.0,467413.0,116853.0,584267.0,584267.0
337,17,1,4,8989.0,467413.0,116853.0,584267.0,584267.0
14007,15,1,4,8989.0,467413.0,116853.0,584267.0,584267.0
7224,10,1,4,8989.0,467413.0,116853.0,584267.0,584267.0
10956,4,1,4,8989.0,467413.0,116853.0,584267.0,584267.0
9435,16,1,4,8989.0,467413.0,116853.0,584267.0,584267.0
11196,21,1,4,8989.0,467413.0,116853.0,584267.0,584267.0
11217,15,1,4,8989.0,467413.0,116853.0,584267.0,584267.0
802,24,1,4,8989.0,467413.0,116853.0,584267.0,584267.0
5248,21,1,4,8989.0,467413.0,116853.0,584267.0,584267.0
6983,17,1,4,8989.0,467413.0,116853.0,584267.0,584267.0
2334,18,1,4,8989.0,467413.0,116853.0,584267.0,584267.0
7756,17,1,4,8989.0,467413.0,116853.0,584267.0,584267.0
803,26,1,4,8989.0,467413.0,116853.0,584267.0,584267.0
6793,22,1,4,8989.0,467413.0,116853.0,584267.0,584267.0
2677,9,1,4,8989.0,467413.0,116853.0,584267.0,584267.0
6267,7,1,4,8989.0,467413.0,116853.0,584267.0,584267.0
6269,7,1,4,8989.0,467413.0,116853.0,584267.0,584267.0
8462,21,1,4,8989.0,467413.0,116853.0,584267.0,584267.0
12903,17,1,4,8989.0,467413.0,116853.0,584267.0,584267.0
4953,8,1,4,8989.0,467413.0,116853.0,584267.0,584267.0
14016,17,1,4,8989.0,467413.0,116853.0,584267.0,584267.0
7926,21,1,4,8989.0,467413.0,116853.0,584267.0,584267.0
12845,18,1,4,8989.0,467413.0,116853.0,584267.0,584267.0
5661,18,1,4,8989.0,467413.0,116853.0,584267.0,584267.0
14004,8,1,4,8989.0,467413.0,116853.0,584267.0,584267.0
9265,3,1,4,8989.0,467413.0,116853.0,584267.0,584267.0
6799,22,1,4,8989.0,467413.0,116853.0,584267.0,584267.0
13387,21,1,4,8989.0,467413.0,116853.0,584267.0,584267.0
924,8,1,4,8989.0,467413.0,116853.0,584267.0,584267.0
11077,16,1,4,8989.0,467413.0,116853.0,584267.0,584267.0
9530,15,1,4,8989.0,467413.0,116853.0,584267.0,584267.0
4940,18,1,4,8989.0,467413.0,116853.0,584267.0,584267.0
4416,7,1,4,8090.0,420672.0,105168.0,525840.0,525840.0
67,16,1,4,7865.0,408987.0,105168.0,514155.0,514155.0
2314,1,1,4,7865.0,408987.0,105168.0,514155.0,514155.0
5499,7,1,4,7865.0,408987.0,105168.0,514155.0,514155.0
8940,8,1,4,7865.0,408987.0,105168.0,514155.0,514155.0
1429,9,1,4,7865.0,408987.0,105168.0,514155.0,514155.0
12370,9,1,4,7865.0,408987.0,105168.0,514155.0,514155.0
467,11,1,4,7865.0,408987.0,105168.0,514155.0,514155.0
250,15,1,4,7865.0,408987.0,105168.0,514155.0,514155.0
3460,15,1,4,7865.0,408987.0,105168.0,514155.0,514155.0
52,1,1,4,7865.0,408987.0,105168.0,514155.0,514155.0
5647,17,1,4,7865.0,408987.0,140224.0,549211.0,549211.0
4646,18,1,4,7865.0,408987.0,105168.0,514155.0,514155.0
625,21,1,4,7865.0,408987.0,105168.0,514155.0,514155.0
626,26,1,4,7865.0,408987.0,105168.0,514155.0,514155.0
2884,18,1,4,6742.0,350560.0,81797.0,432357.0,432357.0
858,10,1,4,6742.0,350560.0,93483.0,444043.0,444043.0
11805,9,1,4,6742.0,350560.0,81797.0,432357.0,432357.0
8409,9,1,4,6742.0,350560.0,93483.0,444043.0,444043.0
9527,8,1,4,6742.0,350560.0,81797.0,432357.0,432357.0
8480,8,1,4,6742.0,350560.0,93483.0,444043.0,444043.0
478,8,1,4,6742.0,350560.0,81797.0,432357.0,432357.0
14624,16,1,4,6742.0,350560.0,93483.0,444043.0,444043.0
11886,1,1,4,6742.0,350560.0,81797.0,432357.0,432357.0
11232,19,1,4,6742.0,350560.0,93483.0,444043.0,444043.0
6177,16,1,4,6742.0,350560.0,81797.0,432357.0,432357.0
1246,19,1,4,6742.0,350560.0,81797.0,432357.0,432357.0
11409,26,1,4,6742.0,350560.0,81797.0,432357.0,432357.0
11342,18,1,4,6742.0,350560.0,81797.0,432357.0,432357.0
10909,18,1,4,6742.0,350560.0,81797.0,432357.0,432357.0
10686,21,1,4,6742.0,350560.0,93483.0,444043.0,444043.0
11533,24,1,4,6742.0,350560.0,81797.0,432357.0,432357.0
13985,10,1,4,6742.0,350560.0,93483.0,444043.0,444043.0
2780,25,1,4,6742.0,350560.0,93483.0,444043.0,444043.0
6553,10,1,4,6742.0,350560.0,81797.0,432357.0,432357.0
2226,1,1,4,5618.0,292133.0,70112.0,362245.0,362245.0
12729,10,1,4,5618.0,292133.0,70112.0,362245.0,362245.0
8623,10,1,4,5618.0,292133.0,70112.0,362245.0,362245.0
2300,15,1,4,5618.0,292133.0,70112.0,362245.0,362245.0
13885,22,1,4,5618.0,292133.0,70112.0,362245.0,362245.0
134,10,1,4,5618.0,292133.0,70112.0,362245.0,362245.0
667,3,1,4,5618.0,292133.0,70112.0,362245.0,362245.0
9184,10,1,4,5618.0,292133.0,70112.0,362245.0,362245.0
6892,7,1,4,5618.0,292133.0,70112.0,362245.0,362245.0
110,18,1,4,5618.0,292133.0,70112.0,362245.0,362245.0
2671,11,1,4,5618.0,292133.0,70112.0,362245.0,362245.0
6747,8,1,4,5618.0,292133.0,70112.0,362245.0,362245.0
5492,11,1,4,5618.0,292133.0,70112.0,362245.0,362245.0
4645,20,1,4,4494.0,233707.0,58427.0,292133.0,292133.0
14025,1,1,4,4494.0,233707.0,58427.0,292133.0,292133.0
14513,1,1,4,4494.0,233707.0,58427.0,292133.0,292133.0
14595,10,1,4,4494.0,233707.0,58427.0,292133.0,292133.0
4362,24,1,4,4494.0,233707.0,58427.0,292133.0,292133.0
13907,3,1,4,4494.0,233707.0,58427.0,292133.0,292133.0
11398,26,1,4,4494.0,233707.0,58427.0,292133.0,292133.0
195,3,1,4,4494.0,233707.0,58427.0,292133.0,292133.0
7490,15,1,4,4494.0,233707.0,58427.0,292133.0,292133.0
2322,15,1,4,4494.0,233707.0,58427.0,292133.0,292133.0
2697,10,1,4,4494.0,233707.0,58427.0,292133.0,292133.0
5781,10,1,4,4494.0,233707.0,58427.0,292133.0,292133.0
7002,8,1,4,4494.0,233707.0,58427.0,292133.0,292133.0
10824,1,1,4,4494.0,233707.0,58427.0,292133.0,292133.0
1744,8,1,4,4494.0,233707.0,58427.0,292133.0,292133.0
10979,21,1,4,4494.0,233707.0,58427.0,292133.0,292133.0
6697,11,1,4,4494.0,233707.0,58427.0,292133.0,292133.0
7198,11,1,4,4045.0,210336.0,46741.0,257077.0,257077.0
13311,15,1,4,4045.0,210336.0,58427.0,268763.0,268763.0
1609,17,1,4,4045.0,210336.0,93483.0,303819.0,303819.0
13875,3,1,4,4045.0,210336.0,58427.0,268763.0,268763.0
14484,7,1,4,3371.0,175280.0,46741.0,222021.0,222021.0
11797,21,1,4,3371.0,175280.0,46741.0,222021.0,222021.0
2105,21,1,4,3371.0,175280.0,46741.0,222021.0,222021.0
7179,18,1,4,3371.0,175280.0,46741.0,222021.0,222021.0
5635,17,1,4,3371.0,175280.0,93483.0,268763.0,268763.0
8470,16,1,4,3371.0,175280.0,46741.0,222021.0,222021.0
7405,16,1,4,3371.0,175280.0,46741.0,222021.0,222021.0
5855,16,1,4,3371.0,175280.0,46741.0,222021.0,222021.0
13840,15,1,4,3371.0,175280.0,46741.0,222021.0,222021.0
8880,24,1,4,3371.0,175280.0,46741.0,222021.0,222021.0
7988,11,1,4,3371.0,175280.0,46741.0,222021.0,222021.0
11161,24,1,4,3371.0,175280.0,46741.0,222021.0,222021.0
3253,10,1,4,3371.0,175280.0,46741.0,222021.0,222021.0
257,10,1,4,3371.0,175280.0,46741.0,222021.0,222021.0
14325,8,1,4,3371.0,175280.0,46741.0,222021.0,222021.0
2193,8,1,4,3371.0,175280.0,46741.0,222021.0,222021.0
8978,7,1,4,3371.0,175280.0,46741.0,222021.0,222021.0
2331,26,1,4,3371.0,175280.0,46741.0,222021.0,222021.0
13865,3,1,4,3371.0,175280.0,46741.0,222021.0,222021.0
10642,3,1,4,3371.0,175280.0,46741.0,222021.0,222021.0
486,3,1,4,3371.0,175280.0,46741.0,222021.0,222021.0
1247,1,1,4,3371.0,175280.0,46741.0,222021.0,222021.0
6249,16,1,4,2921.0,151909.0,35056.0,186965.0,186965.0
5527,1,1,4,2809.0,146067.0,35056.0,181123.0,181123.0
14046,1,1,4,2809.0,146067.0,35056.0,181123.0,181123.0
5711,17,1,4,2697.0,140224.0,93483.0,233707.0,233707.0
14119,11,1,4,2697.0,140224.0,35056.0,175280.0,175280.0
12776,3,1,4,2697.0,140224.0,35056.0,175280.0,175280.0
13388,21,1,4,2697.0,140224.0,35056.0,175280.0,175280.0
3174,16,1,4,2697.0,140224.0,35056.0,175280.0,175280.0
10030,7,1,4,2697.0,140224.0,35056.0,175280.0,175280.0
1166,24,1,4,2697.0,140224.0,35056.0,175280.0,175280.0
8882,7,1,4,2697.0,140224.0,35056.0,175280.0,175280.0
6164,16,1,4,2247.0,116853.0,35056.0,151909.0,151909.0
343,1,1,4,2247.0,116853.0,35056.0,151909.0,151909.0
11276,15,1,4,2247.0,116853.0,35056.0,151909.0,151909.0
1239,9,1,4,2247.0,116853.0,35056.0,151909.0,151909.0
149,8,1,4,2247.0,116853.0,23371.0,140224.0,140224.0
12630,21,1,4,2022.0,105168.0,23371.0,128539.0,128539.0
12530,18,1,4,2022.0,105168.0,23371.0,128539.0,128539.0
11187,119,5,4,224718.0,11685337.0,5842669.0,17528006.0,17528006.0
7729,119,5,4,202246.0,10516804.0,3505601.0,14022405.0,14022405.0
140,119,5,4,168539.0,8764003.0,4089868.0,12853871.0,12853871.0
9272,119,5,4,166291.0,8647150.0,3973015.0,12620164.0,12620164.0
8497,119,5,4,164044.0,8530296.0,3739308.0,12269604.0,12269604.0
14098,119,5,4,146067.0,7595469.0,2921334.0,10516804.0,10516804.0
14159,119,5,4,141572.0,7361762.0,1986507.0,9348270.0,9348270.0
10949,119,5,4,134831.0,7011202.0,2921334.0,9932537.0,9932537.0
14248,119,5,4,112359.0,5842669.0,1460667.0,7303336.0,7303336.0
6604,119,5,4,112359.0,5842669.0,1168534.0,7011202.0,7011202.0
1912,112,5,4,89887.0,4674135.0,1168534.0,5842669.0,5842669.0
2073,119,5,4,89887.0,4674135.0,1752801.0,6426936.0,6426936.0
3372,119,5,4,85393.0,4440428.0,1752801.0,6193229.0,6193229.0
5133,119,5,4,78651.0,4089868.0,1402240.0,5492109.0,5492109.0
8484,119,5,4,78651.0,4089868.0,1752801.0,5842669.0,5842669.0
4216,119,5,4,78651.0,4089868.0,1752801.0,5842669.0,5842669.0
2747,111,5,4,78651.0,4089868.0,1022467.0,5112335.0,5112335.0
11651,112,5,4,78651.0,4089868.0,1022467.0,5112335.0,5112335.0
13287,117,5,4,67415.0,3505601.0,876400.0,4382001.0,4382001.0
9395,112,5,4,67415.0,3505601.0,876400.0,4382001.0,4382001.0
4905,112,5,4,67415.0,3505601.0,876400.0,4382001.0,4382001.0
5683,119,5,4,67415.0,3505601.0,1752801.0,5258402.0,5258402.0
10344,111,5,4,67415.0,3505601.0,876400.0,4382001.0,4382001.0
5610,112,5,4,62921.0,3271894.0,817974.0,4089868.0,4089868.0
2152,121,5,4,62921.0,3271894.0,817974.0,4089868.0,4089868.0
2120,121,5,4,62921.0,3271894.0,817974.0,4089868.0,4089868.0
10276,117,5,4,62921.0,3271894.0,817974.0,4089868.0,4089868.0
11108,111,5,4,60674.0,3155041.0,788760.0,3943801.0,3943801.0
10521,112,5,4,60674.0,3155041.0,788760.0,3943801.0,3943801.0
3336,114,5,4,89887.0,4674135.0,1168534.0,5842669.0,5842669.0
8569,121,5,4,56180.0,2921334.0,730334.0,3651668.0,3651668.0
985,112,5,4,56180.0,2921334.0,730334.0,3651668.0,3651668.0
11647,112,5,4,56180.0,2921334.0,730334.0,3651668.0,3651668.0
11730,112,5,4,56180.0,2921334.0,730334.0,3651668.0,3651668.0
13587,112,5,4,56180.0,2921334.0,730334.0,3651668.0,3651668.0
6862,117,5,4,56180.0,2921334.0,730334.0,3651668.0,3651668.0
3076,117,5,4,56180.0,2921334.0,730334.0,3651668.0,3651668.0
12742,121,5,4,56180.0,2921334.0,730334.0,3651668.0,3651668.0
7483,119,5,4,56180.0,2921334.0,1168534.0,4089868.0,4089868.0
1877,109,5,4,56180.0,2921334.0,730334.0,3651668.0,3651668.0
1070,109,5,4,56180.0,2921334.0,730334.0,3651668.0,3651668.0
13459,109,5,4,56180.0,2921334.0,730334.0,3651668.0,3651668.0
510,114,5,4,85393.0,4440428.0,1110107.0,5550535.0,5550535.0
13274,114,5,4,85393.0,4440428.0,1110107.0,5550535.0,5550535.0
8138,112,5,4,53932.0,2804481.0,701120.0,3505601.0,3505601.0
13039,117,5,4,53932.0,2804481.0,701120.0,3505601.0,3505601.0
8469,119,5,4,51685.0,2687628.0,1051680.0,3739308.0,3739308.0
4281,112,5,4,51685.0,2687628.0,671907.0,3359534.0,3359534.0
13948,121,5,4,49438.0,2570774.0,642694.0,3213468.0,3213468.0
5278,112,5,4,49438.0,2570774.0,642694.0,3213468.0,3213468.0
4076,114,5,4,76404.0,3973015.0,993254.0,4966268.0,4966268.0
4116,111,5,4,47191.0,2453921.0,613480.0,3067401.0,3067401.0
13417,114,5,4,71910.0,3739308.0,934827.0,4674135.0,4674135.0
5117,121,5,4,44944.0,2337067.0,584267.0,2921334.0,2921334.0
327,111,5,4,44944.0,2337067.0,584267.0,2921334.0,2921334.0
3903,112,5,4,44944.0,2337067.0,584267.0,2921334.0,2921334.0
2666,118,5,4,44944.0,2337067.0,584267.0,2921334.0,2921334.0
1316,116,5,4,44944.0,2337067.0,584267.0,2921334.0,2921334.0
9721,119,5,4,44944.0,2337067.0,934827.0,3271894.0,3271894.0
1803,123,5,4,44944.0,2337067.0,584267.0,2921334.0,2921334.0
4608,108,5,4,40449.0,2103361.0,525840.0,2629201.0,2629201.0
10725,111,5,4,40449.0,2103361.0,525840.0,2629201.0,2629201.0
9888,117,5,4,40449.0,2103361.0,525840.0,2629201.0,2629201.0
4688,116,5,4,40449.0,2103361.0,525840.0,2629201.0,2629201.0
4625,114,5,4,62921.0,3271894.0,817974.0,4089868.0,4089868.0
10230,114,5,4,62921.0,3271894.0,817974.0,4089868.0,4089868.0
8776,114,5,4,62921.0,3271894.0,817974.0,4089868.0,4089868.0
13967,114,5,4,62921.0,3271894.0,817974.0,4089868.0,4089868.0
2452,117,5,4,38202.0,1986507.0,496627.0,2483134.0,2483134.0
11715,121,5,4,38202.0,1986507.0,496627.0,2483134.0,2483134.0
10972,108,5,4,38202.0,1986507.0,496627.0,2483134.0,2483134.0
2209,114,5,4,58427.0,3038188.0,759547.0,3797735.0,3797735.0
7894,114,5,4,58427.0,3038188.0,759547.0,3797735.0,3797735.0
13296,111,5,4,35955.0,1869654.0,467413.0,2337067.0,2337067.0
9955,112,5,4,35955.0,1869654.0,467413.0,2337067.0,2337067.0
942,108,5,4,35955.0,1869654.0,817974.0,2687628.0,2687628.0
282,108,5,4,35955.0,1869654.0,467413.0,2337067.0,2337067.0
14434,117,5,4,35955.0,1869654.0,467413.0,2337067.0,2337067.0
8791,121,5,4,35955.0,1869654.0,467413.0,2337067.0,2337067.0
10048,114,5,4,56180.0,2921334.0,730334.0,3651668.0,3651668.0
11044,109,5,4,33708.0,1752801.0,438200.0,2191001.0,2191001.0
1590,112,5,4,33708.0,1752801.0,438200.0,2191001.0,2191001.0
6872,108,5,4,33708.0,1752801.0,438200.0,2191001.0,2191001.0
12764,121,5,4,33708.0,1752801.0,438200.0,2191001.0,2191001.0
2432,109,5,4,33708.0,1752801.0,438200.0,2191001.0,2191001.0
14534,117,5,4,33708.0,1752801.0,438200.0,2191001.0,2191001.0
4957,112,5,4,33708.0,1752801.0,438200.0,2191001.0,2191001.0
11468,111,5,4,33708.0,1752801.0,438200.0,2191001.0,2191001.0
8817,111,5,4,33708.0,1752801.0,438200.0,2191001.0,2191001.0
4124,121,5,4,33708.0,1752801.0,438200.0,2191001.0,2191001.0
8239,121,5,4,33708.0,1752801.0,438200.0,2191001.0,2191001.0
7695,118,5,4,33708.0,1752801.0,438200.0,2191001.0,2191001.0
2128,105,5,4,33708.0,1752801.0,438200.0,2191001.0,2191001.0
10312,118,5,4,33708.0,1752801.0,438200.0,2191001.0,2191001.0
12257,105,5,4,33708.0,1752801.0,438200.0,2191001.0,2191001.0
11727,121,5,4,33708.0,1752801.0,438200.0,2191001.0,2191001.0
10316,116,5,4,33708.0,1752801.0,438200.0,2191001.0,2191001.0
1280,114,5,4,51685.0,2687628.0,671907.0,3359534.0,3359534.0
8564,105,5,4,31461.0,1635947.0,408987.0,2044934.0,2044934.0
121,111,5,4,31461.0,1635947.0,408987.0,2044934.0,2044934.0
4141,112,5,4,30337.0,1577521.0,394380.0,1971901.0,1971901.0
11441,114,5,4,47191.0,2453921.0,613480.0,3067401.0,3067401.0
12270,109,5,4,29213.0,1519094.0,379773.0,1898867.0,1898867.0
8834,105,5,4,29213.0,1519094.0,379773.0,1898867.0,1898867.0
11643,118,5,4,29213.0,1519094.0,379773.0,1898867.0,1898867.0
4859,109,5,4,29213.0,1519094.0,379773.0,1898867.0,1898867.0
12333,108,5,4,29213.0,1519094.0,379773.0,1898867.0,1898867.0
4879,113,5,4,26966.0,1402240.0,350560.0,1752801.0,1752801.0
2693,111,5,4,26966.0,1402240.0,350560.0,1752801.0,1752801.0
3547,124,5,4,26966.0,1402240.0,350560.0,1752801.0,1752801.0
7345,123,5,4,26966.0,1402240.0,350560.0,1752801.0,1752801.0
5316,103,5,4,26966.0,1402240.0,350560.0,1752801.0,1752801.0
6928,103,5,4,26966.0,1402240.0,350560.0,1752801.0,1752801.0
10326,121,5,4,26966.0,1402240.0,350560.0,1752801.0,1752801.0
12791,119,5,4,26966.0,1402240.0,350560.0,1752801.0,1752801.0
11162,118,5,4,26966.0,1402240.0,350560.0,1752801.0,1752801.0
11745,105,5,4,26966.0,1402240.0,350560.0,1752801.0,1752801.0
818,117,5,4,26966.0,1402240.0,350560.0,1752801.0,1752801.0
10677,116,5,4,26966.0,1402240.0,350560.0,1752801.0,1752801.0
5564,116,5,4,26966.0,1402240.0,350560.0,1752801.0,1752801.0
43,108,5,4,26966.0,1402240.0,350560.0,1752801.0,1752801.0
6950,114,5,4,42696.0,2220214.0,555054.0,2775268.0,2775268.0
8807,108,5,4,26966.0,1402240.0,350560.0,1752801.0,1752801.0
783,109,5,4,26966.0,1402240.0,350560.0,1752801.0,1752801.0
5239,113,5,4,26966.0,1402240.0,350560.0,1752801.0,1752801.0
11870,124,5,4,26966.0,1402240.0,350560.0,1752801.0,1752801.0
8010,110,5,4,26966.0,1402240.0,350560.0,1752801.0,1752801.0
9275,118,5,4,25843.0,1343814.0,335953.0,1679767.0,1679767.0
1244,112,5,4,24719.0,1285387.0,321347.0,1606734.0,1606734.0
5270,118,5,4,24719.0,1285387.0,321347.0,1606734.0,1606734.0
9660,108,5,4,24719.0,1285387.0,321347.0,1606734.0,1606734.0
14185,108,5,4,24719.0,1285387.0,321347.0,1606734.0,1606734.0
3286,116,5,4,24719.0,1285387.0,321347.0,1606734.0,1606734.0
333,109,5,4,24719.0,1285387.0,321347.0,1606734.0,1606734.0
8858,108,5,4,24719.0,1285387.0,321347.0,1606734.0,1606734.0
6443,117,5,4,24719.0,1285387.0,321347.0,1606734.0,1606734.0
8547,105,5,4,24719.0,1285387.0,321347.0,1606734.0,1606734.0
3878,117,5,4,22472.0,1168534.0,292133.0,1460667.0,1460667.0
5424,117,5,4,22472.0,1168534.0,292133.0,1460667.0,1460667.0
3994,111,5,4,22472.0,1168534.0,292133.0,1460667.0,1460667.0
12261,104,5,4,22472.0,1168534.0,292133.0,1460667.0,1460667.0
1918,113,5,4,22472.0,1168534.0,292133.0,1460667.0,1460667.0
2668,112,5,4,22472.0,1168534.0,292133.0,1460667.0,1460667.0
3650,119,5,4,22472.0,1168534.0,292133.0,1460667.0,1460667.0
10396,109,5,4,22472.0,1168534.0,292133.0,1460667.0,1460667.0
5486,105,5,4,22472.0,1168534.0,292133.0,1460667.0,1460667.0
7599,105,5,4,22472.0,1168534.0,292133.0,1460667.0,1460667.0
13493,109,5,4,22472.0,1168534.0,292133.0,1460667.0,1460667.0
9225,124,5,4,22472.0,1168534.0,292133.0,1460667.0,1460667.0
2279,103,5,4,22472.0,1168534.0,292133.0,1460667.0,1460667.0
860,108,5,4,22472.0,1168534.0,292133.0,1460667.0,1460667.0
12527,108,5,4,22472.0,1168534.0,292133.0,1460667.0,1460667.0
12680,108,5,4,22472.0,1168534.0,292133.0,1460667.0,1460667.0
14588,110,5,4,22472.0,1168534.0,292133.0,1460667.0,1460667.0
6498,113,5,4,22472.0,1168534.0,292133.0,1460667.0,1460667.0
5796,123,5,4,22472.0,1168534.0,292133.0,1460667.0,1460667.0
1332,121,5,4,22472.0,1168534.0,292133.0,1460667.0,1460667.0
3608,111,5,4,22472.0,1168534.0,292133.0,1460667.0,1460667.0
5655,118,5,4,22472.0,1168534.0,292133.0,1460667.0,1460667.0
11586,114,5,4,33708.0,1752801.0,438200.0,2191001.0,2191001.0
1579,108,5,4,20449.0,1063366.0,265841.0,1329207.0,1329207.0
9810,118,5,4,20225.0,1051680.0,262920.0,1314600.0,1314600.0
6877,118,5,4,20225.0,1051680.0,262920.0,1314600.0,1314600.0
2055,113,5,4,20225.0,1051680.0,262920.0,1314600.0,1314600.0
5024,104,5,4,20225.0,1051680.0,262920.0,1314600.0,1314600.0
1543,124,5,4,20225.0,1051680.0,262920.0,1314600.0,1314600.0
6372,110,5,4,20225.0,1051680.0,262920.0,1314600.0,1314600.0
4233,116,5,4,20225.0,1051680.0,262920.0,1314600.0,1314600.0
11979,111,5,4,20225.0,1051680.0,262920.0,1314600.0,1314600.0
1948,109,5,4,20225.0,1051680.0,262920.0,1314600.0,1314600.0
10240,117,5,4,20225.0,1051680.0,262920.0,1314600.0,1314600.0
6357,113,5,4,20225.0,1051680.0,262920.0,1314600.0,1314600.0
6626,123,5,4,20225.0,1051680.0,262920.0,1314600.0,1314600.0
10530,112,5,4,19101.0,993254.0,248313.0,1241567.0,1241567.0
12771,104,5,4,19101.0,993254.0,248313.0,1241567.0,1241567.0
993,112,5,4,18652.0,969883.0,242471.0,1212354.0,1212354.0
8665,114,5,4,29213.0,1519094.0,379773.0,1898867.0,1898867.0
14288,114,5,4,29213.0,1519094.0,379773.0,1898867.0,1898867.0
2254,109,5,4,17977.0,934827.0,233707.0,1168534.0,1168534.0
6359,118,5,4,17977.0,934827.0,233707.0,1168534.0,1168534.0
10168,117,5,4,17977.0,934827.0,233707.0,1168534.0,1168534.0
7638,117,5,4,17977.0,934827.0,233707.0,1168534.0,1168534.0
14219,118,5,4,17977.0,934827.0,233707.0,1168534.0,1168534.0
10182,109,5,4,17977.0,934827.0,233707.0,1168534.0,1168534.0
4883,107,5,4,17977.0,934827.0,233707.0,1168534.0,1168534.0
96,107,5,4,17977.0,934827.0,233707.0,1168534.0,1168534.0
4701,104,5,4,17977.0,934827.0,233707.0,1168534.0,1168534.0
3842,104,5,4,17977.0,934827.0,233707.0,1168534.0,1168534.0
11728,119,5,4,17977.0,934827.0,233707.0,1168534.0,1168534.0
3888,123,5,4,17977.0,934827.0,233707.0,1168534.0,1168534.0
5309,111,5,4,17977.0,934827.0,233707.0,1168534.0,1168534.0
2507,116,5,4,17977.0,934827.0,233707.0,1168534.0,1168534.0
7959,114,5,4,26966.0,1402240.0,350560.0,1752801.0,1752801.0
6996,105,5,4,16854.0,876400.0,219100.0,1095500.0,1095500.0
5257,109,5,4,16854.0,876400.0,219100.0,1095500.0,1095500.0
11123,109,5,4,16854.0,876400.0,219100.0,1095500.0,1095500.0
5763,117,5,4,16854.0,876400.0,219100.0,1095500.0,1095500.0
832,121,5,4,16854.0,876400.0,219100.0,1095500.0,1095500.0
12959,114,5,4,25843.0,1343814.0,335953.0,1679767.0,1679767.0
7578,116,5,4,15730.0,817974.0,204493.0,1022467.0,1022467.0
1182,123,5,4,15730.0,817974.0,204493.0,1022467.0,1022467.0
3631,104,5,4,15730.0,817974.0,204493.0,1022467.0,1022467.0
1747,110,5,4,15730.0,817974.0,204493.0,1022467.0,1022467.0
12733,123,5,4,15730.0,817974.0,204493.0,1022467.0,1022467.0
4395,109,5,4,15730.0,817974.0,204493.0,1022467.0,1022467.0
11653,118,5,4,15730.0,817974.0,204493.0,1022467.0,1022467.0
5289,109,5,4,15730.0,817974.0,204493.0,1022467.0,1022467.0
1516,109,5,4,15730.0,817974.0,204493.0,1022467.0,1022467.0
13812,111,5,4,15730.0,817974.0,204493.0,1022467.0,1022467.0
3457,123,5,4,15730.0,817974.0,204493.0,1022467.0,1022467.0
9501,118,5,4,15730.0,817974.0,204493.0,1022467.0,1022467.0
5197,123,5,4,15730.0,817974.0,204493.0,1022467.0,1022467.0
4736,124,5,4,15730.0,817974.0,204493.0,1022467.0,1022467.0
5413,103,5,4,15730.0,817974.0,204493.0,1022467.0,1022467.0
2590,114,5,4,24719.0,1285387.0,321347.0,1606734.0,1606734.0
3066,104,5,4,14607.0,759547.0,189887.0,949434.0,949434.0
9529,109,5,4,14607.0,759547.0,189887.0,949434.0,949434.0
13070,110,5,4,14607.0,759547.0,189887.0,949434.0,949434.0
12482,117,5,4,14607.0,759547.0,189887.0,949434.0,949434.0
9669,116,5,4,14607.0,759547.0,189887.0,949434.0,949434.0
8003,104,5,4,14607.0,759547.0,189887.0,949434.0,949434.0
12278,111,5,4,14045.0,730334.0,182583.0,912917.0,912917.0
10938,118,5,4,13483.0,701120.0,175280.0,876400.0,876400.0
4619,113,5,4,13483.0,701120.0,175280.0,876400.0,876400.0
8498,123,5,4,13483.0,701120.0,175280.0,876400.0,876400.0
11734,111,5,4,13483.0,701120.0,175280.0,876400.0,876400.0
2097,103,5,4,13483.0,701120.0,175280.0,876400.0,876400.0
13015,104,5,4,13483.0,701120.0,175280.0,876400.0,876400.0
13928,123,5,4,13483.0,701120.0,175280.0,876400.0,876400.0
1711,109,5,4,13483.0,701120.0,175280.0,876400.0,876400.0
9510,123,5,4,13483.0,701120.0,175280.0,876400.0,876400.0
13486,117,5,4,13483.0,701120.0,175280.0,876400.0,876400.0
5596,116,5,4,13483.0,701120.0,175280.0,876400.0,876400.0
7167,104,5,4,13483.0,701120.0,175280.0,876400.0,876400.0
10221,117,5,4,13483.0,701120.0,175280.0,876400.0,876400.0
2489,113,5,4,13483.0,701120.0,175280.0,876400.0,876400.0
353,110,5,4,13483.0,701120.0,175280.0,876400.0,876400.0
10451,104,5,4,13483.0,701120.0,175280.0,876400.0,876400.0
2,123,5,4,13483.0,701120.0,175280.0,876400.0,876400.0
9794,113,5,4,13483.0,701120.0,175280.0,876400.0,876400.0
12351,111,5,4,13483.0,701120.0,175280.0,876400.0,876400.0
10258,110,5,4,13483.0,701120.0,175280.0,876400.0,876400.0
2454,124,5,4,12360.0,642694.0,160673.0,803367.0,803367.0
3530,121,5,4,12360.0,642694.0,160673.0,803367.0,803367.0
13342,113,5,4,12360.0,642694.0,160673.0,803367.0,803367.0
5213,124,5,4,12360.0,642694.0,160673.0,803367.0,803367.0
13077,105,5,4,12360.0,642694.0,160673.0,803367.0,803367.0
2771,124,5,4,12360.0,642694.0,160673.0,803367.0,803367.0
10069,123,5,4,12360.0,642694.0,160673.0,803367.0,803367.0
7641,104,5,4,12360.0,642694.0,160673.0,803367.0,803367.0
10578,109,5,4,12360.0,642694.0,160673.0,803367.0,803367.0
13851,112,5,4,12360.0,642694.0,160673.0,803367.0,803367.0
7542,114,5,4,17977.0,934827.0,233707.0,1168534.0,1168534.0
838,118,5,4,11236.0,584267.0,146067.0,730334.0,730334.0
1548,107,5,4,11236.0,584267.0,146067.0,730334.0,730334.0
9797,117,5,4,11236.0,584267.0,146067.0,730334.0,730334.0
4160,107,5,4,11236.0,584267.0,146067.0,730334.0,730334.0
10864,110,5,4,11236.0,584267.0,146067.0,730334.0,730334.0
10507,110,5,4,11236.0,584267.0,146067.0,730334.0,730334.0
10177,110,5,4,11236.0,584267.0,146067.0,730334.0,730334.0
5613,110,5,4,11236.0,584267.0,146067.0,730334.0,730334.0
1741,110,5,4,11236.0,584267.0,146067.0,730334.0,730334.0
5427,112,5,4,11236.0,584267.0,146067.0,730334.0,730334.0
7720,111,5,4,11236.0,584267.0,146067.0,730334.0,730334.0
6393,112,5,4,11236.0,584267.0,146067.0,730334.0,730334.0
12521,123,5,4,11236.0,584267.0,146067.0,730334.0,730334.0
10488,109,5,4,11236.0,584267.0,146067.0,730334.0,730334.0
9200,109,5,4,11236.0,584267.0,146067.0,730334.0,730334.0
9285,123,5,4,11236.0,584267.0,146067.0,730334.0,730334.0
2068,113,5,4,11236.0,584267.0,146067.0,730334.0,730334.0
7376,123,5,4,11236.0,584267.0,146067.0,730334.0,730334.0
4549,103,5,4,11236.0,584267.0,146067.0,730334.0,730334.0
7836,113,5,4,11236.0,584267.0,146067.0,730334.0,730334.0
3153,123,5,4,11236.0,584267.0,146067.0,730334.0,730334.0
6458,121,5,4,11236.0,584267.0,146067.0,730334.0,730334.0
164,111,5,4,11236.0,584267.0,146067.0,730334.0,730334.0
2680,104,5,4,11236.0,584267.0,146067.0,730334.0,730334.0
4602,108,5,4,11236.0,584267.0,146067.0,730334.0,730334.0
5533,119,5,4,11236.0,584267.0,175280.0,759547.0,759547.0
13572,107,5,4,11236.0,584267.0,146067.0,730334.0,730334.0
14052,118,5,4,11236.0,584267.0,146067.0,730334.0,730334.0
13570,118,5,4,11236.0,584267.0,146067.0,730334.0,730334.0
13393,118,5,4,11236.0,584267.0,146067.0,730334.0,730334.0
11935,107,5,4,11236.0,584267.0,146067.0,730334.0,730334.0
11873,107,5,4,11236.0,584267.0,146067.0,730334.0,730334.0
4080,105,5,4,11236.0,584267.0,146067.0,730334.0,730334.0
10307,107,5,4,11236.0,584267.0,146067.0,730334.0,730334.0
8361,116,5,4,11236.0,584267.0,146067.0,730334.0,730334.0
9867,107,5,4,11236.0,584267.0,146067.0,730334.0,730334.0
11977,116,5,4,11236.0,584267.0,146067.0,730334.0,730334.0
14510,116,5,4,11236.0,584267.0,146067.0,730334.0,730334.0
8289,107,5,4,11236.0,584267.0,146067.0,730334.0,730334.0
7337,118,5,4,11236.0,584267.0,146067.0,730334.0,730334.0
13646,117,5,4,10112.0,525840.0,131460.0,657300.0,657300.0
9380,104,5,4,10112.0,525840.0,131460.0,657300.0,657300.0
9326,111,5,4,10112.0,525840.0,131460.0,657300.0,657300.0
11193,104,5,4,10112.0,525840.0,131460.0,657300.0,657300.0
14418,107,5,4,10112.0,525840.0,131460.0,657300.0,657300.0
12383,118,5,4,10112.0,525840.0,131460.0,657300.0,657300.0
1989,112,5,4,10112.0,525840.0,131460.0,657300.0,657300.0
133,124,5,4,10112.0,525840.0,131460.0,657300.0,657300.0
13911,116,5,4,10112.0,525840.0,131460.0,657300.0,657300.0
10955,118,5,4,10112.0,525840.0,131460.0,657300.0,657300.0
82,103,5,4,10112.0,525840.0,131460.0,657300.0,657300.0
3971,103,5,4,10112.0,525840.0,131460.0,657300.0,657300.0
10579,118,5,4,10112.0,525840.0,131460.0,657300.0,657300.0
6738,116,5,4,10112.0,525840.0,131460.0,657300.0,657300.0
11280,110,5,4,10112.0,525840.0,131460.0,657300.0,657300.0
14419,121,5,4,10112.0,525840.0,131460.0,657300.0,657300.0
6867,113,5,4,10112.0,525840.0,131460.0,657300.0,657300.0
6542,103,5,4,10112.0,525840.0,131460.0,657300.0,657300.0
1527,121,5,4,10112.0,525840.0,131460.0,657300.0,657300.0
14363,124,5,4,10112.0,525840.0,131460.0,657300.0,657300.0
10884,111,5,4,10112.0,525840.0,131460.0,657300.0,657300.0
12519,110,5,4,10112.0,525840.0,131460.0,657300.0,657300.0
7521,123,5,4,10112.0,525840.0,131460.0,657300.0,657300.0
13090,114,5,4,15730.0,817974.0,204493.0,1022467.0,1022467.0
5120,103,5,4,8989.0,467413.0,116853.0,584267.0,584267.0
4135,109,5,4,8989.0,467413.0,116853.0,584267.0,584267.0
999,103,5,4,8989.0,467413.0,116853.0,584267.0,584267.0
7476,105,5,4,8989.0,467413.0,116853.0,584267.0,584267.0
3416,118,5,4,8989.0,467413.0,116853.0,584267.0,584267.0
11777,123,5,4,8989.0,467413.0,116853.0,584267.0,584267.0
11254,110,5,4,8989.0,467413.0,116853.0,584267.0,584267.0
87,110,5,4,8989.0,467413.0,116853.0,584267.0,584267.0
5051,113,5,4,8989.0,467413.0,116853.0,584267.0,584267.0
5045,113,5,4,8989.0,467413.0,116853.0,584267.0,584267.0
10867,109,5,4,8989.0,467413.0,116853.0,584267.0,584267.0
12545,123,5,4,8989.0,467413.0,116853.0,584267.0,584267.0
2002,110,5,4,8989.0,467413.0,116853.0,584267.0,584267.0
1708,107,5,4,8989.0,467413.0,116853.0,584267.0,584267.0
7352,117,5,4,8989.0,467413.0,116853.0,584267.0,584267.0
13034,107,5,4,8989.0,467413.0,116853.0,584267.0,584267.0
7962,118,5,4,8989.0,467413.0,116853.0,584267.0,584267.0
10801,124,5,4,8989.0,467413.0,116853.0,584267.0,584267.0
13800,116,5,4,8989.0,467413.0,116853.0,584267.0,584267.0
12520,118,5,4,8989.0,467413.0,116853.0,584267.0,584267.0
6527,108,5,4,8989.0,467413.0,116853.0,584267.0,584267.0
11989,118,5,4,8989.0,467413.0,116853.0,584267.0,584267.0
9781,123,5,4,8989.0,467413.0,116853.0,584267.0,584267.0
8364,103,5,4,8989.0,467413.0,116853.0,584267.0,584267.0
12179,108,5,4,8989.0,467413.0,116853.0,584267.0,584267.0
11656,103,5,4,8989.0,467413.0,116853.0,584267.0,584267.0
1348,117,5,4,8989.0,467413.0,116853.0,584267.0,584267.0
56,121,5,4,7865.0,408987.0,102247.0,511234.0,511234.0
13369,110,5,4,7865.0,408987.0,102247.0,511234.0,511234.0
3112,110,5,4,7865.0,408987.0,102247.0,511234.0,511234.0
1552,110,5,4,7865.0,408987.0,102247.0,511234.0,511234.0
37,116,5,4,7865.0,408987.0,102247.0,511234.0,511234.0
12962,107,5,4,7865.0,408987.0,102247.0,511234.0,511234.0
4763,116,5,4,7865.0,408987.0,102247.0,511234.0,511234.0
8493,107,5,4,7865.0,408987.0,102247.0,511234.0,511234.0
11387,116,5,4,7865.0,408987.0,102247.0,511234.0,511234.0
8255,107,5,4,7865.0,408987.0,102247.0,511234.0,511234.0
7840,117,5,4,7865.0,408987.0,102247.0,511234.0,511234.0
11343,105,5,4,7865.0,408987.0,102247.0,511234.0,511234.0
8560,105,5,4,7865.0,408987.0,102247.0,511234.0,511234.0
2078,105,5,4,7865.0,408987.0,102247.0,511234.0,511234.0
5535,104,5,4,7865.0,408987.0,102247.0,511234.0,511234.0
1623,104,5,4,7865.0,408987.0,102247.0,511234.0,511234.0
14411,103,5,4,7865.0,408987.0,102247.0,511234.0,511234.0
8244,103,5,4,7865.0,408987.0,102247.0,511234.0,511234.0
40,123,5,4,7865.0,408987.0,102247.0,511234.0,511234.0
4965,123,5,4,7865.0,408987.0,102247.0,511234.0,511234.0
3910,124,5,4,7865.0,408987.0,102247.0,511234.0,511234.0
12652,124,5,4,7865.0,408987.0,102247.0,511234.0,511234.0
294,111,5,4,7865.0,408987.0,102247.0,511234.0,511234.0
8846,114,5,4,11236.0,584267.0,146067.0,730334.0,730334.0
7360,105,5,4,6742.0,350560.0,87640.0,438200.0,438200.0
8411,118,5,4,6742.0,350560.0,87640.0,438200.0,438200.0
5119,107,5,4,6742.0,350560.0,87640.0,438200.0,438200.0
8855,118,5,4,6742.0,350560.0,87640.0,438200.0,438200.0
5907,124,5,4,6742.0,350560.0,87640.0,438200.0,438200.0
5410,116,5,4,6742.0,350560.0,87640.0,438200.0,438200.0
3262,124,5,4,6742.0,350560.0,87640.0,438200.0,438200.0
3364,110,5,4,6742.0,350560.0,87640.0,438200.0,438200.0
3083,105,5,4,6742.0,350560.0,87640.0,438200.0,438200.0
9195,124,5,4,6742.0,350560.0,87640.0,438200.0,438200.0
1903,110,5,4,6742.0,350560.0,87640.0,438200.0,438200.0
950,116,5,4,6742.0,350560.0,87640.0,438200.0,438200.0
5835,107,5,4,6742.0,350560.0,87640.0,438200.0,438200.0
13032,118,5,4,6742.0,350560.0,87640.0,438200.0,438200.0
1570,110,5,4,6742.0,350560.0,87640.0,438200.0,438200.0
13795,118,5,4,6742.0,350560.0,87640.0,438200.0,438200.0
11769,109,5,4,6742.0,350560.0,87640.0,438200.0,438200.0
13615,112,5,4,6742.0,350560.0,87640.0,438200.0,438200.0
14353,107,5,4,6742.0,350560.0,87640.0,438200.0,438200.0
10768,108,5,4,6742.0,350560.0,87640.0,438200.0,438200.0
11298,124,5,4,6742.0,350560.0,87640.0,438200.0,438200.0
8005,104,5,4,6742.0,350560.0,87640.0,438200.0,438200.0
14153,124,5,4,6742.0,350560.0,87640.0,438200.0,438200.0
11317,114,5,4,10112.0,525840.0,131460.0,657300.0,657300.0
5806,108,5,4,5618.0,292133.0,73033.0,365167.0,365167.0
11995,119,5,4,5618.0,292133.0,81797.0,373931.0,373931.0
5987,103,5,4,5618.0,292133.0,73033.0,365167.0,365167.0
11790,124,5,4,5618.0,292133.0,73033.0,365167.0,365167.0
4621,107,5,4,5618.0,292133.0,73033.0,365167.0,365167.0
4400,107,5,4,5618.0,292133.0,73033.0,365167.0,365167.0
4622,108,5,4,5618.0,292133.0,73033.0,365167.0,365167.0
13109,123,5,4,5618.0,292133.0,73033.0,365167.0,365167.0
11983,105,5,4,5618.0,292133.0,73033.0,365167.0,365167.0
10200,116,5,4,5618.0,292133.0,73033.0,365167.0,365167.0
9515,111,5,4,5618.0,292133.0,73033.0,365167.0,365167.0
197,118,5,4,5618.0,292133.0,73033.0,365167.0,365167.0
11182,103,5,4,5618.0,292133.0,73033.0,365167.0,365167.0
12462,123,5,4,5618.0,292133.0,73033.0,365167.0,365167.0
11917,108,5,4,5618.0,292133.0,73033.0,365167.0,365167.0
6681,113,5,4,5618.0,292133.0,73033.0,365167.0,365167.0
2187,104,5,4,5618.0,292133.0,73033.0,365167.0,365167.0
1292,108,5,4,5618.0,292133.0,73033.0,365167.0,365167.0
6689,110,5,4,5169.0,268763.0,67191.0,335953.0,335953.0
141,111,5,4,4494.0,233707.0,58427.0,292133.0,292133.0
7817,124,5,4,4494.0,233707.0,58427.0,292133.0,292133.0
5176,105,5,4,4494.0,233707.0,58427.0,292133.0,292133.0
827,116,5,4,4494.0,233707.0,58427.0,292133.0,292133.0
1200,108,5,4,4494.0,233707.0,58427.0,292133.0,292133.0
7963,104,5,4,4494.0,233707.0,58427.0,292133.0,292133.0
11948,108,5,4,4494.0,233707.0,58427.0,292133.0,292133.0
8784,121,5,4,4494.0,233707.0,58427.0,292133.0,292133.0
9516,121,5,4,4494.0,233707.0,58427.0,292133.0,292133.0
11312,113,5,4,4494.0,233707.0,58427.0,292133.0,292133.0
7320,124,5,4,4494.0,233707.0,58427.0,292133.0,292133.0
79,123,5,4,4494.0,233707.0,58427.0,292133.0,292133.0
9981,113,5,4,4494.0,233707.0,58427.0,292133.0,292133.0
5042,113,5,4,4494.0,233707.0,58427.0,292133.0,292133.0
8985,109,5,4,4494.0,233707.0,58427.0,292133.0,292133.0
13376,112,5,4,4494.0,233707.0,58427.0,292133.0,292133.0
1751,110,5,4,4494.0,233707.0,58427.0,292133.0,292133.0
620,124,5,4,4494.0,233707.0,58427.0,292133.0,292133.0
10917,111,5,4,4494.0,233707.0,58427.0,292133.0,292133.0
3694,114,5,4,6742.0,350560.0,87640.0,438200.0,438200.0
367,114,5,4,6742.0,350560.0,87640.0,438200.0,438200.0
9507,108,5,4,4045.0,210336.0,52584.0,262920.0,262920.0
13778,110,5,4,4045.0,210336.0,52584.0,262920.0,262920.0
4779,104,5,4,4045.0,210336.0,52584.0,262920.0,262920.0
7281,114,5,4,5618.0,292133.0,73033.0,365167.0,365167.0
11962,111,5,4,3371.0,175280.0,43820.0,219100.0,219100.0
9522,118,5,4,3371.0,175280.0,87640.0,262920.0,262920.0
8000,111,5,4,3371.0,175280.0,43820.0,219100.0,219100.0
12446,113,5,4,3371.0,175280.0,43820.0,219100.0,219100.0
14413,116,5,4,3371.0,175280.0,43820.0,219100.0,219100.0
13360,104,5,4,3371.0,175280.0,43820.0,219100.0,219100.0
8509,113,5,4,3371.0,175280.0,43820.0,219100.0,219100.0
5321,103,5,4,3371.0,175280.0,43820.0,219100.0,219100.0
4785,117,5,4,3371.0,175280.0,43820.0,219100.0,219100.0
11189,109,5,4,3371.0,175280.0,43820.0,219100.0,219100.0
6404,112,5,4,3371.0,175280.0,43820.0,219100.0,219100.0
3282,116,5,4,3371.0,175280.0,43820.0,219100.0,219100.0
9891,103,5,4,3371.0,175280.0,43820.0,219100.0,219100.0
13333,104,5,4,2697.0,140224.0,35056.0,175280.0,175280.0
11179,113,5,4,2697.0,140224.0,35056.0,175280.0,175280.0
9206,103,5,4,2697.0,140224.0,35056.0,175280.0,175280.0
11706,103,5,4,2697.0,140224.0,35056.0,175280.0,175280.0
7972,103,5,4,2697.0,140224.0,35056.0,175280.0,175280.0
14399,113,5,4,2697.0,140224.0,35056.0,175280.0,175280.0
868,113,5,4,2697.0,140224.0,35056.0,175280.0,175280.0
5285,105,5,4,2247.0,116853.0,29213.0,146067.0,146067.0
8278,118,5,4,2247.0,116853.0,29213.0,146067.0,146067.0
3545,117,5,4,2247.0,116853.0,29213.0,146067.0,146067.0
10875,105,5,4,2247.0,116853.0,29213.0,146067.0,146067.0
205,116,5,4,2247.0,116853.0,29213.0,146067.0,146067.0
10262,113,5,4,2247.0,116853.0,29213.0,146067.0,146067.0
2865,103,5,4,2247.0,116853.0,29213.0,146067.0,146067.0
764,116,5,4,2247.0,116853.0,29213.0,146067.0,146067.0
10927,121,5,4,2247.0,116853.0,29213.0,146067.0,146067.0
14372,114,5,4,3371.0,175280.0,43820.0,219100.0,219100.0
8512,114,5,4,3371.0,175280.0,43820.0,219100.0,219100.0
7600,107,5,4,2022.0,105168.0,26292.0,131460.0,131460.0
3089,107,5,4,2022.0,105168.0,26292.0,131460.0,131460.0
1734,116,5,4,2022.0,105168.0,26292.0,131460.0,131460.0
3815,121,5,4,2022.0,105168.0,26292.0,131460.0,131460.0
4028,124,5,4,2022.0,105168.0,26292.0,131460.0,131460.0
12419,104,5,4,2022.0,105168.0,26292.0,131460.0,131460.0
10466,104,5,4,2022.0,105168.0,26292.0,131460.0,131460.0
5799,113,5,4,2022.0,105168.0,26292.0,131460.0,131460.0
10908,107,5,4,2022.0,105168.0,26292.0,131460.0,131460.0
12792,124,5,4,2022.0,105168.0,26292.0,131460.0,131460.0
867,108,5,4,2022.0,105168.0,26292.0,131460.0,131460.0
11844,105,5,4,2022.0,105168.0,26292.0,131460.0,131460.0
1772,117,5,4,2022.0,105168.0,26292.0,131460.0,131460.0
11175,103,5,4,2022.0,105168.0,26292.0,131460.0,131460.0
933,104,5,4,1798.0,93483.0,23371.0,116853.0,116853.0
9208,103,5,4,1798.0,93483.0,23371.0,116853.0,116853.0
12767,116,5,4,1798.0,93483.0,23371.0,116853.0,116853.0
12479,105,5,4,1798.0,93483.0,23371.0,116853.0,116853.0
7091,113,5,4,1798.0,93483.0,23371.0,116853.0,116853.0
5232,107,5,4,1798.0,93483.0,23371.0,116853.0,116853.0
2690,113,5,4,1798.0,93483.0,23371.0,116853.0,116853.0
13652,104,5,4,1798.0,93483.0,23371.0,116853.0,116853.0
779,124,5,4,1798.0,93483.0,23371.0,116853.0,116853.0
11423,107,5,4,1798.0,93483.0,23371.0,116853.0,116853.0
7943,108,5,4,1798.0,93483.0,23371.0,116853.0,116853.0
8363,104,5,4,1798.0,93483.0,23371.0,116853.0,116853.0
13178,107,5,4,1573.0,81797.0,20449.0,102247.0,102247.0
13500,104,5,4,1573.0,81797.0,20449.0,102247.0,102247.0
5654,108,5,4,1573.0,81797.0,20449.0,102247.0,102247.0
3834,104,5,4,1348.0,70112.0,17528.0,87640.0,87640.0
4108,42,2,4,387162.0,20132412.0,13417140.0,33549551.0,33549551.0
10208,40,2,4,294882.0,15333874.0,3833469.0,19167343.0,19167343.0
14075,40,2,4,258022.0,13417140.0,1916734.0,15333874.0,15333874.0
2368,43,2,4,258022.0,13417140.0,3833469.0,17250608.0,17250608.0
1958,42,2,4,221162.0,11500406.0,2881803.0,14382209.0,14382209.0
2163,43,2,4,221162.0,11500406.0,2881803.0,14382209.0,14382209.0
11070,42,2,4,217553.0,11312753.0,2828188.0,14140942.0,14140942.0
7443,27,2,4,206469.0,10736393.0,1916734.0,12653127.0,12653127.0
706,40,2,4,206469.0,10736393.0,764013.0,11500406.0,11500406.0
4799,27,2,4,195385.0,10160032.0,2533306.0,12693338.0,12693338.0
12343,42,2,4,184301.0,9583671.0,2399269.0,11982940.0,11982940.0
5018,42,2,4,184301.0,9583671.0,2399269.0,11982940.0,11982940.0
6766,42,2,4,184301.0,9583671.0,2399269.0,11982940.0,11982940.0
8961,42,2,4,184301.0,9583671.0,1916734.0,11500406.0,11500406.0
14238,27,2,4,184301.0,9583671.0,1434200.0,11017871.0,11017871.0
2703,40,2,4,184301.0,9583671.0,2399269.0,11982940.0,11982940.0
3278,27,2,4,176826.0,9194963.0,2305443.0,11500406.0,11500406.0
9299,27,2,4,176826.0,9194963.0,2305443.0,11500406.0,11500406.0
13508,42,2,4,169609.0,8819658.0,2198213.0,11017871.0,11017871.0
11571,42,2,4,166000.0,8632006.0,2158002.0,10790008.0,10790008.0
5914,35,2,4,166000.0,8632006.0,2158002.0,10790008.0,10790008.0
12204,42,2,4,162134.0,8430950.0,2104387.0,10535337.0,10535337.0
14034,27,2,4,147441.0,7666937.0,1916734.0,9583671.0,9583671.0
14178,33,2,4,147441.0,7666937.0,1916734.0,9583671.0,9583671.0
11942,33,2,4,147441.0,7666937.0,3833469.0,11500406.0,11500406.0
7165,42,2,4,147441.0,7666937.0,1916734.0,9583671.0,9583671.0
6001,28,2,4,147441.0,7666937.0,1916734.0,9583671.0,9583671.0
4609,40,2,4,147441.0,7666937.0,1916734.0,9583671.0,9583671.0
5470,40,2,4,147441.0,7666937.0,1916734.0,9583671.0,9583671.0
9663,43,2,4,143832.0,7479285.0,1863119.0,9342404.0,9342404.0
2201,27,2,4,143832.0,7479285.0,3833469.0,11312753.0,11312753.0
2784,49,2,4,143832.0,7479285.0,1863119.0,9342404.0,9342404.0
14307,49,2,4,143832.0,7479285.0,1863119.0,9342404.0,9342404.0
5348,43,2,4,139966.0,7278229.0,1822908.0,9101137.0,9101137.0
11912,42,2,4,132749.0,6902924.0,1729082.0,8632006.0,8632006.0
4807,27,2,4,132749.0,6902924.0,1729082.0,8632006.0,8632006.0
4032,33,2,4,132749.0,6902924.0,1729082.0,8632006.0,8632006.0
8060,27,2,4,132749.0,6902924.0,1729082.0,8632006.0,8632006.0
9456,43,2,4,132749.0,6902924.0,764013.0,7666937.0,7666937.0
3684,27,2,4,132749.0,6902924.0,1729082.0,8632006.0,8632006.0
8956,33,2,4,129140.0,6715272.0,1675467.0,8390739.0,8390739.0
6092,49,2,4,125273.0,6514216.0,1635256.0,8149472.0,8149472.0
10462,42,2,4,118056.0,6138911.0,1528026.0,7666937.0,7666937.0
1186,40,2,4,118056.0,6138911.0,1528026.0,7666937.0,7666937.0
2167,44,2,4,118056.0,6138911.0,1528026.0,7666937.0,7666937.0
2736,49,2,4,118056.0,6138911.0,1528026.0,7666937.0,7666937.0
11499,33,2,4,118056.0,6138911.0,1528026.0,7666937.0,7666937.0
1913,43,2,4,118056.0,6138911.0,1528026.0,7666937.0,7666937.0
1844,27,2,4,110581.0,5750203.0,1434200.0,7184403.0,7184403.0
10272,28,2,4,110581.0,5750203.0,1434200.0,7184403.0,7184403.0
9426,42,2,4,110581.0,5750203.0,1434200.0,7184403.0,7184403.0
4803,27,2,4,110581.0,5750203.0,1916734.0,7666937.0,7666937.0
1306,44,2,4,110581.0,5750203.0,764013.0,6514216.0,6514216.0
3955,28,2,4,110581.0,5750203.0,1434200.0,7184403.0,7184403.0
846,40,2,4,110581.0,5750203.0,1434200.0,7184403.0,7184403.0
14506,28,2,4,110581.0,5750203.0,1434200.0,7184403.0,7184403.0
9402,43,2,4,110581.0,5750203.0,1916734.0,7666937.0,7666937.0
6214,50,2,4,110581.0,5750203.0,1434200.0,7184403.0,7184403.0
6941,35,2,4,110581.0,5750203.0,1434200.0,7184403.0,7184403.0
5556,40,2,4,110581.0,5750203.0,1434200.0,7184403.0,7184403.0
12413,40,2,4,110581.0,5750203.0,1434200.0,7184403.0,7184403.0
2050,28,2,4,110581.0,5750203.0,1434200.0,7184403.0,7184403.0
2186,43,2,4,110581.0,5750203.0,1916734.0,7666937.0,7666937.0
8717,43,2,4,110581.0,5750203.0,1916734.0,7666937.0,7666937.0
1352,42,2,4,110581.0,5750203.0,1434200.0,7184403.0,7184403.0
11816,49,2,4,110581.0,5750203.0,2305443.0,8055645.0,8055645.0
763,40,2,4,110581.0,5750203.0,1152721.0,6902924.0,6902924.0
12624,44,2,4,110581.0,5750203.0,1528026.0,7278229.0,7278229.0
10224,49,2,4,110581.0,5750203.0,1434200.0,7184403.0,7184403.0
10250,33,2,4,110581.0,5750203.0,965069.0,6715272.0,6715272.0
6713,44,2,4,110581.0,5750203.0,1434200.0,7184403.0,7184403.0
4344,40,2,4,110581.0,5750203.0,1152721.0,6902924.0,6902924.0
10921,27,2,4,110581.0,5750203.0,1434200.0,7184403.0,7184403.0
3602,49,2,4,103106.0,5361494.0,1340374.0,6701868.0,6701868.0
14473,44,2,4,103106.0,5361494.0,1340374.0,6701868.0,6701868.0
13276,28,2,4,103106.0,5361494.0,1340374.0,6701868.0,6701868.0
946,28,2,4,103106.0,5361494.0,1340374.0,6701868.0,6701868.0
13231,44,2,4,103106.0,5361494.0,857839.0,6219334.0,6219334.0
6607,49,2,4,99497.0,5173842.0,1219740.0,6393582.0,6393582.0
10940,43,2,4,99497.0,5173842.0,1300162.0,6474005.0,6474005.0
8490,28,2,4,99497.0,5173842.0,1300162.0,6474005.0,6474005.0
10603,44,2,4,97693.0,5080016.0,1273355.0,6353371.0,6353371.0
10080,27,2,4,95888.0,4986190.0,1246547.0,6232737.0,6232737.0
6758,28,2,4,95888.0,4986190.0,1246547.0,6232737.0,6232737.0
11055,28,2,4,95888.0,4986190.0,1246547.0,6232737.0,6232737.0
2710,33,2,4,95888.0,4986190.0,1246547.0,6232737.0,6232737.0
9467,42,2,4,95888.0,4986190.0,1246547.0,6232737.0,6232737.0
1962,36,2,4,95888.0,4986190.0,1246547.0,6232737.0,6232737.0
6611,33,2,4,92280.0,4798538.0,1192933.0,5991470.0,5991470.0
8124,28,2,4,88413.0,4597481.0,1152721.0,5750203.0,5750203.0
6210,35,2,4,88413.0,4597481.0,1152721.0,5750203.0,5750203.0
6113,35,2,4,88413.0,4597481.0,1152721.0,5750203.0,5750203.0
12549,36,2,4,88413.0,4597481.0,1152721.0,5750203.0,5750203.0
5964,44,2,4,88413.0,4597481.0,1152721.0,5750203.0,5750203.0
875,50,2,4,88413.0,4597481.0,1152721.0,5750203.0,5750203.0
25,44,2,4,88413.0,4597481.0,1152721.0,5750203.0,5750203.0
5579,35,2,4,88413.0,4597481.0,1152721.0,5750203.0,5750203.0
11908,42,2,4,88413.0,4597481.0,1152721.0,5750203.0,5750203.0
13762,33,2,4,88413.0,4597481.0,1152721.0,5750203.0,5750203.0
937,43,2,4,88413.0,4597481.0,1152721.0,5750203.0,5750203.0
7000,33,2,4,88413.0,4597481.0,1152721.0,5750203.0,5750203.0
7182,34,2,4,88413.0,4597481.0,1152721.0,5750203.0,5750203.0
7745,44,2,4,88413.0,4597481.0,1152721.0,5750203.0,5750203.0
8263,43,2,4,88413.0,4597481.0,1152721.0,5750203.0,5750203.0
14011,28,2,4,88413.0,4597481.0,1152721.0,5750203.0,5750203.0
3616,40,2,4,88413.0,4597481.0,1152721.0,5750203.0,5750203.0
8934,43,2,4,88413.0,4597481.0,1152721.0,5750203.0,5750203.0
12036,27,2,4,88413.0,4597481.0,1152721.0,5750203.0,5750203.0
8088,43,2,4,84804.0,4409829.0,1152721.0,5562550.0,5562550.0
5164,48,2,4,81196.0,4222177.0,1058895.0,5281072.0,5281072.0
468,33,2,4,81196.0,4222177.0,1058895.0,5281072.0,5281072.0
3292,49,2,4,81196.0,4222177.0,1058895.0,5281072.0,5281072.0
13835,28,2,4,81196.0,4222177.0,1058895.0,5281072.0,5281072.0
2132,34,2,4,81196.0,4222177.0,1058895.0,5281072.0,5281072.0
10266,45,2,4,81196.0,4222177.0,1058895.0,5281072.0,5281072.0
6126,33,2,4,79649.0,4141754.0,1032088.0,5173842.0,5173842.0
7147,43,2,4,77329.0,4021121.0,1005280.0,5026401.0,5026401.0
2825,34,2,4,77329.0,4021121.0,1729082.0,5750203.0,5750203.0
10826,45,2,4,77329.0,4021121.0,1005280.0,5026401.0,5026401.0
6598,51,2,4,77329.0,4021121.0,1005280.0,5026401.0,5026401.0
7460,42,2,4,77329.0,4021121.0,1005280.0,5026401.0,5026401.0
10928,48,2,4,73721.0,3833469.0,965069.0,4798538.0,4798538.0
5517,28,2,4,73721.0,3833469.0,965069.0,4798538.0,4798538.0
9750,50,2,4,73721.0,3833469.0,965069.0,4798538.0,4798538.0
6444,40,2,4,73721.0,3833469.0,965069.0,4798538.0,4798538.0
9716,28,2,4,73721.0,3833469.0,965069.0,4798538.0,4798538.0
11415,28,2,4,73721.0,3833469.0,965069.0,4798538.0,4798538.0
3202,27,2,4,73721.0,3833469.0,965069.0,4798538.0,4798538.0
8184,33,2,4,73721.0,3833469.0,965069.0,4798538.0,4798538.0
8225,33,2,4,73721.0,3833469.0,965069.0,4798538.0,4798538.0
11897,36,2,4,73721.0,3833469.0,764013.0,4597481.0,4597481.0
10372,33,2,4,73721.0,3833469.0,1152721.0,4986190.0,4986190.0
3593,38,2,4,73721.0,3833469.0,965069.0,4798538.0,4798538.0
3269,34,2,4,73721.0,3833469.0,965069.0,4798538.0,4798538.0
1299,44,2,4,73721.0,3833469.0,965069.0,4798538.0,4798538.0
11321,31,2,4,66245.0,3444760.0,857839.0,4302599.0,4302599.0
10007,49,2,4,66245.0,3444760.0,857839.0,4302599.0,4302599.0
6560,36,2,4,66245.0,3444760.0,857839.0,4302599.0,4302599.0
7389,27,2,4,66245.0,3444760.0,1152721.0,4597481.0,4597481.0
13681,50,2,4,66245.0,3444760.0,857839.0,4302599.0,4302599.0
2234,45,2,4,66245.0,3444760.0,857839.0,4302599.0,4302599.0
7747,35,2,4,66245.0,3444760.0,857839.0,4302599.0,4302599.0
1933,33,2,4,66245.0,3444760.0,857839.0,4302599.0,4302599.0
12060,49,2,4,66245.0,3444760.0,1528026.0,4972786.0,4972786.0
2544,45,2,4,66245.0,3444760.0,857839.0,4302599.0,4302599.0
3700,34,2,4,66245.0,3444760.0,857839.0,4302599.0,4302599.0
34,50,2,4,66245.0,3444760.0,857839.0,4302599.0,4302599.0
4421,31,2,4,64441.0,3350934.0,844435.0,4195369.0,4195369.0
4179,29,2,4,62637.0,3257108.0,817628.0,4074736.0,4074736.0
8200,31,2,4,62637.0,3257108.0,817628.0,4074736.0,4074736.0
2860,45,2,4,62637.0,3257108.0,817628.0,4074736.0,4074736.0
3505,43,2,4,62637.0,3257108.0,576361.0,3833469.0,3833469.0
3965,51,2,4,62637.0,3257108.0,817628.0,4074736.0,4074736.0
11751,49,2,4,62637.0,3257108.0,817628.0,4074736.0,4074736.0
11511,49,2,4,62637.0,3257108.0,817628.0,4074736.0,4074736.0
6643,40,2,4,62637.0,3257108.0,817628.0,4074736.0,4074736.0
8726,48,2,4,62637.0,3257108.0,817628.0,4074736.0,4074736.0
5050,40,2,4,62637.0,3257108.0,817628.0,4074736.0,4074736.0
6675,44,2,4,59028.0,3069456.0,764013.0,3833469.0,3833469.0
634,36,2,4,59028.0,3069456.0,764013.0,3833469.0,3833469.0
9950,35,2,4,59028.0,3069456.0,764013.0,3833469.0,3833469.0
6330,50,2,4,59028.0,3069456.0,764013.0,3833469.0,3833469.0
12716,38,2,4,59028.0,3069456.0,764013.0,3833469.0,3833469.0
6080,35,2,4,59028.0,3069456.0,764013.0,3833469.0,3833469.0
7411,29,2,4,59028.0,3069456.0,764013.0,3833469.0,3833469.0
1807,49,2,4,59028.0,3069456.0,764013.0,3833469.0,3833469.0
12695,42,2,4,59028.0,3069456.0,764013.0,3833469.0,3833469.0
7487,31,2,4,59028.0,3069456.0,764013.0,3833469.0,3833469.0
13769,51,2,4,59028.0,3069456.0,764013.0,3833469.0,3833469.0
5363,44,2,4,59028.0,3069456.0,764013.0,3833469.0,3833469.0
13934,50,2,4,55419.0,2881803.0,723802.0,3605605.0,3605605.0
4926,31,2,4,55419.0,2881803.0,723802.0,3605605.0,3605605.0
2726,40,2,4,55419.0,2881803.0,723802.0,3605605.0,3605605.0
5541,45,2,4,55419.0,2881803.0,723802.0,3605605.0,3605605.0
10364,45,2,4,55419.0,2881803.0,723802.0,3605605.0,3605605.0
10095,30,2,4,55419.0,2881803.0,723802.0,3605605.0,3605605.0
8819,44,2,4,55419.0,2881803.0,723802.0,3605605.0,3605605.0
1445,49,2,4,55419.0,2881803.0,723802.0,3605605.0,3605605.0
6923,30,2,4,55419.0,2881803.0,723802.0,3605605.0,3605605.0
5615,30,2,4,55419.0,2881803.0,723802.0,3605605.0,3605605.0
3377,49,2,4,55419.0,2881803.0,723802.0,3605605.0,3605605.0
5200,49,2,4,55419.0,2881803.0,723802.0,3605605.0,3605605.0
2955,38,2,4,55419.0,2881803.0,723802.0,3605605.0,3605605.0
6117,42,2,4,55419.0,2881803.0,723802.0,3605605.0,3605605.0
5918,42,2,4,55419.0,2881803.0,723802.0,3605605.0,3605605.0
13618,51,2,4,55419.0,2881803.0,723802.0,3605605.0,3605605.0
12212,49,2,4,55419.0,2881803.0,723802.0,3605605.0,3605605.0
7928,32,2,4,55419.0,2881803.0,723802.0,3605605.0,3605605.0
10125,40,2,4,55419.0,2881803.0,723802.0,3605605.0,3605605.0
9346,27,2,4,55419.0,2881803.0,723802.0,3605605.0,3605605.0
4201,28,2,4,55419.0,2881803.0,723802.0,3605605.0,3605605.0
6366,51,2,4,55419.0,2881803.0,723802.0,3605605.0,3605605.0
3948,28,2,4,55419.0,2881803.0,723802.0,3605605.0,3605605.0
13819,43,2,4,55419.0,2881803.0,723802.0,3605605.0,3605605.0
10623,42,2,4,55419.0,2881803.0,723802.0,3605605.0,3605605.0
4033,48,2,4,55419.0,2881803.0,723802.0,3605605.0,3605605.0
10885,38,2,4,53357.0,2774573.0,696994.0,3471568.0,3471568.0
5814,34,2,4,51553.0,2680747.0,670187.0,3350934.0,3350934.0
6389,34,2,4,51553.0,2680747.0,670187.0,3350934.0,3350934.0
12404,29,2,4,51553.0,2680747.0,670187.0,3350934.0,3350934.0
5390,51,2,4,51553.0,2680747.0,670187.0,3350934.0,3350934.0
11959,30,2,4,51553.0,2680747.0,670187.0,3350934.0,3350934.0
4223,44,2,4,51553.0,2680747.0,670187.0,3350934.0,3350934.0
11311,49,2,4,51553.0,2680747.0,670187.0,3350934.0,3350934.0
5826,36,2,4,51553.0,2680747.0,670187.0,3350934.0,3350934.0
3474,45,2,4,51553.0,2680747.0,670187.0,3350934.0,3350934.0
202,50,2,4,51553.0,2680747.0,670187.0,3350934.0,3350934.0
2858,44,2,4,51553.0,2680747.0,670187.0,3350934.0,3350934.0
3633,28,2,4,51553.0,2680747.0,670187.0,3350934.0,3350934.0
1729,29,2,4,51553.0,2680747.0,670187.0,3350934.0,3350934.0
2477,34,2,4,51553.0,2680747.0,670187.0,3350934.0,3350934.0
14,30,2,4,51553.0,2680747.0,670187.0,3350934.0,3350934.0
3944,36,2,4,51553.0,2680747.0,670187.0,3350934.0,3350934.0
3645,28,2,4,49748.0,2586921.0,281478.0,2868400.0,2868400.0
3646,45,2,4,49748.0,2586921.0,281478.0,2868400.0,2868400.0
5943,51,2,4,47944.0,2493095.0,616572.0,3109667.0,3109667.0
13576,36,2,4,47944.0,2493095.0,616572.0,3109667.0,3109667.0
11621,27,2,4,47944.0,2493095.0,616572.0,3109667.0,3109667.0
6528,51,2,4,47944.0,2493095.0,616572.0,3109667.0,3109667.0
5367,28,2,4,47944.0,2493095.0,616572.0,3109667.0,3109667.0
11124,36,2,4,47944.0,2493095.0,616572.0,3109667.0,3109667.0
144,51,2,4,47944.0,2493095.0,616572.0,3109667.0,3109667.0
2595,27,2,4,47944.0,2493095.0,616572.0,3109667.0,3109667.0
9134,29,2,4,47944.0,2493095.0,616572.0,3109667.0,3109667.0
7643,49,2,4,47944.0,2493095.0,616572.0,3109667.0,3109667.0
2879,30,2,4,47944.0,2493095.0,616572.0,3109667.0,3109667.0
11061,48,2,4,47944.0,2493095.0,616572.0,3109667.0,3109667.0
1966,48,2,4,47944.0,2493095.0,616572.0,3109667.0,3109667.0
10534,45,2,4,47944.0,2493095.0,616572.0,3109667.0,3109667.0
9574,31,2,4,47944.0,2493095.0,616572.0,3109667.0,3109667.0
7604,36,2,4,47944.0,2493095.0,616572.0,3109667.0,3109667.0
12675,36,2,4,46398.0,2412672.0,603168.0,3015841.0,3015841.0
12785,43,2,4,44335.0,2305443.0,576361.0,2881803.0,2881803.0
1362,36,2,4,44335.0,2305443.0,576361.0,2881803.0,2881803.0
2141,48,2,4,44335.0,2305443.0,576361.0,2881803.0,2881803.0
14215,34,2,4,44335.0,2305443.0,576361.0,2881803.0,2881803.0
14448,34,2,4,44335.0,2305443.0,576361.0,2881803.0,2881803.0
13803,29,2,4,44335.0,2305443.0,576361.0,2881803.0,2881803.0
1973,35,2,4,44335.0,2305443.0,576361.0,2881803.0,2881803.0
10600,44,2,4,44335.0,2305443.0,576361.0,2881803.0,2881803.0
8193,29,2,4,44335.0,2305443.0,576361.0,2881803.0,2881803.0
12224,36,2,4,44335.0,2305443.0,576361.0,2881803.0,2881803.0
980,29,2,4,44335.0,2305443.0,576361.0,2881803.0,2881803.0
3552,29,2,4,44335.0,2305443.0,576361.0,2881803.0,2881803.0
7607,27,2,4,44335.0,2305443.0,576361.0,2881803.0,2881803.0
11038,31,2,4,44335.0,2305443.0,576361.0,2881803.0,2881803.0
9563,31,2,4,44335.0,2305443.0,576361.0,2881803.0,2881803.0
4126,33,2,4,44335.0,2305443.0,576361.0,2881803.0,2881803.0
6102,31,2,4,44335.0,2305443.0,576361.0,2881803.0,2881803.0
2980,34,2,4,44335.0,2305443.0,576361.0,2881803.0,2881803.0
3072,31,2,4,44335.0,2305443.0,576361.0,2881803.0,2881803.0
9439,50,2,4,44335.0,2305443.0,576361.0,2881803.0,2881803.0
10990,45,2,4,44335.0,2305443.0,576361.0,2881803.0,2881803.0
12318,28,2,4,44335.0,2305443.0,576361.0,2881803.0,2881803.0
6363,34,2,4,44335.0,2305443.0,576361.0,2881803.0,2881803.0
7066,51,2,4,44335.0,2305443.0,576361.0,2881803.0,2881803.0
1082,51,2,4,44335.0,2305443.0,576361.0,2881803.0,2881803.0
12120,33,2,4,44335.0,2305443.0,576361.0,2881803.0,2881803.0
8474,49,2,4,44335.0,2305443.0,576361.0,2881803.0,2881803.0
14082,35,2,4,42789.0,2225020.0,549553.0,2774573.0,2774573.0
1074,43,2,4,42273.0,2198213.0,0.0,2198213.0,2198213.0
6118,32,2,4,42273.0,2198213.0,549553.0,2747766.0,2747766.0
6123,50,2,4,42273.0,2198213.0,549553.0,2747766.0,2747766.0
2267,30,2,4,40469.0,2104387.0,522746.0,2627132.0,2627132.0
9785,31,2,4,40469.0,2104387.0,522746.0,2627132.0,2627132.0
9518,49,2,4,40469.0,2104387.0,522746.0,2627132.0,2627132.0
3938,44,2,4,40469.0,2104387.0,522746.0,2627132.0,2627132.0
11090,45,2,4,40469.0,2104387.0,522746.0,2627132.0,2627132.0
12612,36,2,4,40469.0,2104387.0,522746.0,2627132.0,2627132.0
8177,32,2,4,40469.0,2104387.0,522746.0,2627132.0,2627132.0
2759,27,2,4,40469.0,2104387.0,522746.0,2627132.0,2627132.0
5357,36,2,4,40469.0,2104387.0,522746.0,2627132.0,2627132.0
2535,34,2,4,40469.0,2104387.0,522746.0,2627132.0,2627132.0
12715,35,2,4,40469.0,2104387.0,522746.0,2627132.0,2627132.0
14585,49,2,4,40469.0,2104387.0,522746.0,2627132.0,2627132.0
7104,32,2,4,40469.0,2104387.0,522746.0,2627132.0,2627132.0
190,31,2,4,40469.0,2104387.0,522746.0,2627132.0,2627132.0
7935,50,2,4,40469.0,2104387.0,522746.0,2627132.0,2627132.0
5085,40,2,4,40469.0,2104387.0,522746.0,2627132.0,2627132.0
6452,42,2,4,36860.0,1916734.0,482534.0,2399269.0,2399269.0
4474,33,2,4,36860.0,1916734.0,482534.0,2399269.0,2399269.0
9800,32,2,4,36860.0,1916734.0,482534.0,2399269.0,2399269.0
9117,32,2,4,36860.0,1916734.0,482534.0,2399269.0,2399269.0
8965,33,2,4,36860.0,1916734.0,482534.0,2399269.0,2399269.0
13052,31,2,4,36860.0,1916734.0,482534.0,2399269.0,2399269.0
13783,33,2,4,36860.0,1916734.0,482534.0,2399269.0,2399269.0
13597,44,2,4,36860.0,1916734.0,482534.0,2399269.0,2399269.0
6703,31,2,4,36860.0,1916734.0,482534.0,2399269.0,2399269.0
6162,31,2,4,36860.0,1916734.0,482534.0,2399269.0,2399269.0
5603,45,2,4,36860.0,1916734.0,482534.0,2399269.0,2399269.0
12430,45,2,4,36860.0,1916734.0,482534.0,2399269.0,2399269.0
13255,45,2,4,36860.0,1916734.0,482534.0,2399269.0,2399269.0
14086,30,2,4,36860.0,1916734.0,482534.0,2399269.0,2399269.0
5241,48,2,4,36860.0,1916734.0,482534.0,2399269.0,2399269.0
11954,48,2,4,36860.0,1916734.0,482534.0,2399269.0,2399269.0
9483,30,2,4,36860.0,1916734.0,482534.0,2399269.0,2399269.0
9776,34,2,4,36860.0,1916734.0,482534.0,2399269.0,2399269.0
10514,34,2,4,36860.0,1916734.0,482534.0,2399269.0,2399269.0
7915,30,2,4,36860.0,1916734.0,482534.0,2399269.0,2399269.0
7556,30,2,4,36860.0,1916734.0,482534.0,2399269.0,2399269.0
6006,43,2,4,36860.0,1916734.0,3833469.0,5750203.0,5750203.0
9109,29,2,4,36860.0,1916734.0,482534.0,2399269.0,2399269.0
102,42,2,4,36860.0,1916734.0,482534.0,2399269.0,2399269.0
14162,40,2,4,36860.0,1916734.0,482534.0,2399269.0,2399269.0
3137,29,2,4,36860.0,1916734.0,482534.0,2399269.0,2399269.0
2242,50,2,4,36860.0,1916734.0,482534.0,2399269.0,2399269.0
7865,50,2,4,36860.0,1916734.0,482534.0,2399269.0,2399269.0
8691,50,2,4,36860.0,1916734.0,482534.0,2399269.0,2399269.0
9571,51,2,4,36860.0,1916734.0,482534.0,2399269.0,2399269.0
2810,40,2,4,36860.0,1916734.0,482534.0,2399269.0,2399269.0
12508,51,2,4,36860.0,1916734.0,482534.0,2399269.0,2399269.0
5333,36,2,4,36860.0,1916734.0,482534.0,2399269.0,2399269.0
8528,38,2,4,36860.0,1916734.0,482534.0,2399269.0,2399269.0
11329,38,2,4,36860.0,1916734.0,482534.0,2399269.0,2399269.0
7622,36,2,4,36860.0,1916734.0,482534.0,2399269.0,2399269.0
8754,50,2,4,33252.0,1729082.0,428920.0,2158002.0,2158002.0
10760,45,2,4,33252.0,1729082.0,576361.0,2305443.0,2305443.0
5599,31,2,4,33252.0,1729082.0,428920.0,2158002.0,2158002.0
13404,35,2,4,33252.0,1729082.0,428920.0,2158002.0,2158002.0
10608,50,2,4,33252.0,1729082.0,428920.0,2158002.0,2158002.0
12293,33,2,4,33252.0,1729082.0,428920.0,2158002.0,2158002.0
1487,32,2,4,33252.0,1729082.0,428920.0,2158002.0,2158002.0
8208,44,2,4,33252.0,1729082.0,428920.0,2158002.0,2158002.0
7946,51,2,4,33252.0,1729082.0,428920.0,2158002.0,2158002.0
1674,32,2,4,33252.0,1729082.0,428920.0,2158002.0,2158002.0
8830,33,2,4,33252.0,1729082.0,428920.0,2158002.0,2158002.0
10375,27,2,4,33252.0,1729082.0,428920.0,2158002.0,2158002.0
5922,38,2,4,33252.0,1729082.0,428920.0,2158002.0,2158002.0
5948,32,2,4,33252.0,1729082.0,428920.0,2158002.0,2158002.0
8367,32,2,4,33252.0,1729082.0,428920.0,2158002.0,2158002.0
12421,36,2,4,33252.0,1729082.0,428920.0,2158002.0,2158002.0
2249,36,2,4,33252.0,1729082.0,428920.0,2158002.0,2158002.0
6031,38,2,4,33252.0,1729082.0,428920.0,2158002.0,2158002.0
2130,38,2,4,33252.0,1729082.0,428920.0,2158002.0,2158002.0
12724,38,2,4,33252.0,1729082.0,428920.0,2158002.0,2158002.0
6017,32,2,4,33252.0,1729082.0,428920.0,2158002.0,2158002.0
11729,32,2,4,33252.0,1729082.0,428920.0,2158002.0,2158002.0
2799,50,2,4,33252.0,1729082.0,428920.0,2158002.0,2158002.0
5669,35,2,4,33252.0,1729082.0,428920.0,2158002.0,2158002.0
11907,29,2,4,33252.0,1729082.0,428920.0,2158002.0,2158002.0
13770,48,2,4,33252.0,1729082.0,428920.0,2158002.0,2158002.0
1354,38,2,4,33252.0,1729082.0,428920.0,2158002.0,2158002.0
2921,48,2,4,33252.0,1729082.0,428920.0,2158002.0,2158002.0
13634,43,2,4,33252.0,1729082.0,428920.0,2158002.0,2158002.0
13139,45,2,4,33252.0,1729082.0,428920.0,2158002.0,2158002.0
9028,28,2,4,33252.0,1729082.0,428920.0,2158002.0,2158002.0
4792,38,2,4,29385.0,1528026.0,388708.0,1916734.0,1916734.0
4140,27,2,4,29385.0,1528026.0,388708.0,1916734.0,1916734.0
186,29,2,4,29385.0,1528026.0,388708.0,1916734.0,1916734.0
686,29,2,4,29385.0,1528026.0,388708.0,1916734.0,1916734.0
696,29,2,4,29385.0,1528026.0,388708.0,1916734.0,1916734.0
4750,29,2,4,29385.0,1528026.0,388708.0,1916734.0,1916734.0
4239,30,2,4,29385.0,1528026.0,388708.0,1916734.0,1916734.0
9943,30,2,4,29385.0,1528026.0,388708.0,1916734.0,1916734.0
2436,31,2,4,29385.0,1528026.0,388708.0,1916734.0,1916734.0
14355,31,2,4,29385.0,1528026.0,388708.0,1916734.0,1916734.0
1774,32,2,4,29385.0,1528026.0,388708.0,1916734.0,1916734.0
4558,32,2,4,29385.0,1528026.0,388708.0,1916734.0,1916734.0
6677,32,2,4,29385.0,1528026.0,388708.0,1916734.0,1916734.0
9300,32,2,4,29385.0,1528026.0,388708.0,1916734.0,1916734.0
1663,33,2,4,29385.0,1528026.0,388708.0,1916734.0,1916734.0
3093,33,2,4,29385.0,1528026.0,388708.0,1916734.0,1916734.0
4820,33,2,4,29385.0,1528026.0,388708.0,1916734.0,1916734.0
13828,34,2,4,29385.0,1528026.0,388708.0,1916734.0,1916734.0
13806,35,2,4,29385.0,1528026.0,388708.0,1916734.0,1916734.0
4128,38,2,4,29385.0,1528026.0,388708.0,1916734.0,1916734.0
6691,38,2,4,29385.0,1528026.0,388708.0,1916734.0,1916734.0
6653,38,2,4,29385.0,1528026.0,388708.0,1916734.0,1916734.0
14194,38,2,4,29385.0,1528026.0,388708.0,1916734.0,1916734.0
13108,40,2,4,29385.0,1528026.0,388708.0,1916734.0,1916734.0
11359,43,2,4,29385.0,1528026.0,388708.0,1916734.0,1916734.0
9580,44,2,4,29385.0,1528026.0,388708.0,1916734.0,1916734.0
3855,45,2,4,29385.0,1528026.0,388708.0,1916734.0,1916734.0
6096,45,2,4,29385.0,1528026.0,388708.0,1916734.0,1916734.0
6741,45,2,4,29385.0,1528026.0,388708.0,1916734.0,1916734.0
9724,45,2,4,29385.0,1528026.0,388708.0,1916734.0,1916734.0
14256,45,2,4,29385.0,1528026.0,388708.0,1916734.0,1916734.0
2498,48,2,4,29385.0,1528026.0,388708.0,1916734.0,1916734.0
10895,48,2,4,29385.0,1528026.0,388708.0,1916734.0,1916734.0
3535,49,2,4,29385.0,1528026.0,388708.0,1916734.0,1916734.0
14266,49,2,4,29385.0,1528026.0,388708.0,1916734.0,1916734.0
1664,50,2,4,29385.0,1528026.0,388708.0,1916734.0,1916734.0
12642,51,2,4,29385.0,1528026.0,388708.0,1916734.0,1916734.0
4180,28,2,4,27581.0,1434200.0,361901.0,1796101.0,1796101.0
4181,34,2,4,27581.0,1434200.0,361901.0,1796101.0,1796101.0
9113,42,2,4,25776.0,1340374.0,335093.0,1675467.0,1675467.0
14137,34,2,4,25776.0,1340374.0,335093.0,1675467.0,1675467.0
2536,48,2,4,25776.0,1340374.0,335093.0,1675467.0,1675467.0
1761,31,2,4,25776.0,1340374.0,335093.0,1675467.0,1675467.0
10680,45,2,4,25776.0,1340374.0,335093.0,1675467.0,1675467.0
8618,29,2,4,25776.0,1340374.0,335093.0,1675467.0,1675467.0
10261,45,2,4,25776.0,1340374.0,335093.0,1675467.0,1675467.0
8426,45,2,4,25776.0,1340374.0,335093.0,1675467.0,1675467.0
9744,27,2,4,25776.0,1340374.0,335093.0,1675467.0,1675467.0
6028,45,2,4,25776.0,1340374.0,335093.0,1675467.0,1675467.0
13078,50,2,4,25776.0,1340374.0,335093.0,1675467.0,1675467.0
2722,32,2,4,25776.0,1340374.0,335093.0,1675467.0,1675467.0
5958,44,2,4,25776.0,1340374.0,335093.0,1675467.0,1675467.0
1240,51,2,4,25776.0,1340374.0,335093.0,1675467.0,1675467.0
3787,50,2,4,25776.0,1340374.0,335093.0,1675467.0,1675467.0
8674,38,2,4,25776.0,1340374.0,335093.0,1675467.0,1675467.0
14609,32,2,4,25776.0,1340374.0,335093.0,1675467.0,1675467.0
1191,33,2,4,25776.0,1340374.0,335093.0,1675467.0,1675467.0
12958,48,2,4,25776.0,1340374.0,335093.0,1675467.0,1675467.0
13627,36,2,4,25776.0,1340374.0,335093.0,1675467.0,1675467.0
9274,51,2,4,25776.0,1340374.0,335093.0,1675467.0,1675467.0
8859,33,2,4,25776.0,1340374.0,335093.0,1675467.0,1675467.0
284,29,2,4,25776.0,1340374.0,335093.0,1675467.0,1675467.0
193,34,2,4,25776.0,1340374.0,335093.0,1675467.0,1675467.0
6086,38,2,4,25776.0,1340374.0,335093.0,1675467.0,1675467.0
883,43,2,4,25776.0,1340374.0,335093.0,1675467.0,1675467.0
2041,34,2,4,25776.0,1340374.0,335093.0,1675467.0,1675467.0
6037,35,2,4,25776.0,1340374.0,335093.0,1675467.0,1675467.0
12068,30,2,4,25776.0,1340374.0,335093.0,1675467.0,1675467.0
8320,45,2,4,22425.0,1166125.0,294882.0,1461007.0,1461007.0
1363,30,2,4,22168.0,1152721.0,281478.0,1434200.0,1434200.0
11958,27,2,4,22168.0,1152721.0,281478.0,1434200.0,1434200.0
7504,38,2,4,22168.0,1152721.0,281478.0,1434200.0,1434200.0
6302,38,2,4,22168.0,1152721.0,281478.0,1434200.0,1434200.0
5676,38,2,4,22168.0,1152721.0,281478.0,1434200.0,1434200.0
10629,42,2,4,22168.0,1152721.0,281478.0,1434200.0,1434200.0
2553,34,2,4,22168.0,1152721.0,281478.0,1434200.0,1434200.0
2427,34,2,4,22168.0,1152721.0,281478.0,1434200.0,1434200.0
1897,36,2,4,22168.0,1152721.0,281478.0,1434200.0,1434200.0
3176,51,2,4,22168.0,1152721.0,281478.0,1434200.0,1434200.0
10071,32,2,4,22168.0,1152721.0,281478.0,1434200.0,1434200.0
8214,44,2,4,22168.0,1152721.0,281478.0,1434200.0,1434200.0
1266,45,2,4,22168.0,1152721.0,281478.0,1434200.0,1434200.0
1517,45,2,4,22168.0,1152721.0,281478.0,1434200.0,1434200.0
5929,31,2,4,22168.0,1152721.0,281478.0,1434200.0,1434200.0
7952,28,2,4,22168.0,1152721.0,281478.0,1434200.0,1434200.0
14461,51,2,4,22168.0,1152721.0,281478.0,1434200.0,1434200.0
3824,48,2,4,22168.0,1152721.0,281478.0,1434200.0,1434200.0
10471,30,2,4,22168.0,1152721.0,281478.0,1434200.0,1434200.0
12181,48,2,4,22168.0,1152721.0,281478.0,1434200.0,1434200.0
1372,49,2,4,22168.0,1152721.0,281478.0,1434200.0,1434200.0
7133,30,2,4,22168.0,1152721.0,281478.0,1434200.0,1434200.0
1808,29,2,4,22168.0,1152721.0,281478.0,1434200.0,1434200.0
4145,30,2,4,22168.0,1152721.0,281478.0,1434200.0,1434200.0
10492,35,2,4,20621.0,1072299.0,268075.0,1340374.0,1340374.0
2054,51,2,4,20363.0,1058895.0,268075.0,1326970.0,1326970.0
1578,48,2,4,20363.0,1058895.0,268075.0,1326970.0,1326970.0
4761,40,2,4,18559.0,965069.0,241267.0,1206336.0,1206336.0
6299,34,2,4,18559.0,965069.0,241267.0,1206336.0,1206336.0
13787,40,2,4,18559.0,965069.0,241267.0,1206336.0,1206336.0
6975,36,2,4,18559.0,965069.0,241267.0,1206336.0,1206336.0
12072,42,2,4,18559.0,965069.0,241267.0,1206336.0,1206336.0
146,35,2,4,18559.0,965069.0,241267.0,1206336.0,1206336.0
12083,40,2,4,18559.0,965069.0,241267.0,1206336.0,1206336.0
9232,35,2,4,18559.0,965069.0,241267.0,1206336.0,1206336.0
1686,43,2,4,18559.0,965069.0,241267.0,1206336.0,1206336.0
3671,35,2,4,18559.0,965069.0,241267.0,1206336.0,1206336.0
3436,43,2,4,18559.0,965069.0,241267.0,1206336.0,1206336.0
12501,38,2,4,18559.0,965069.0,241267.0,1206336.0,1206336.0
6812,36,2,4,18559.0,965069.0,241267.0,1206336.0,1206336.0
5463,51,2,4,18559.0,965069.0,241267.0,1206336.0,1206336.0
7829,43,2,4,18559.0,965069.0,241267.0,1206336.0,1206336.0
14262,48,2,4,18559.0,965069.0,241267.0,1206336.0,1206336.0
13810,43,2,4,18559.0,965069.0,241267.0,1206336.0,1206336.0
9766,32,2,4,18559.0,965069.0,241267.0,1206336.0,1206336.0
6916,32,2,4,18559.0,965069.0,241267.0,1206336.0,1206336.0
13987,29,2,4,18559.0,965069.0,241267.0,1206336.0,1206336.0
10854,48,2,4,18559.0,965069.0,241267.0,1206336.0,1206336.0
5436,32,2,4,18559.0,965069.0,241267.0,1206336.0,1206336.0
6085,29,2,4,18559.0,965069.0,241267.0,1206336.0,1206336.0
1599,32,2,4,18559.0,965069.0,241267.0,1206336.0,1206336.0
14233,44,2,4,18559.0,965069.0,241267.0,1206336.0,1206336.0
1441,38,2,4,18559.0,965069.0,241267.0,1206336.0,1206336.0
11210,50,2,4,18559.0,965069.0,241267.0,1206336.0,1206336.0
12218,51,2,4,18559.0,965069.0,241267.0,1206336.0,1206336.0
13082,49,2,4,18559.0,965069.0,241267.0,1206336.0,1206336.0
3424,31,2,4,18559.0,965069.0,241267.0,1206336.0,1206336.0
14430,30,2,4,18559.0,965069.0,241267.0,1206336.0,1206336.0
2091,31,2,4,18559.0,965069.0,241267.0,1206336.0,1206336.0
7731,51,2,4,14693.0,764013.0,187652.0,951665.0,951665.0
7347,29,2,4,14693.0,764013.0,187652.0,951665.0,951665.0
7115,36,2,4,14693.0,764013.0,187652.0,951665.0,951665.0
7396,34,2,4,14693.0,764013.0,187652.0,951665.0,951665.0
7548,30,2,4,14693.0,764013.0,187652.0,951665.0,951665.0
11029,50,2,4,14693.0,764013.0,187652.0,951665.0,951665.0
12794,30,2,4,14693.0,764013.0,187652.0,951665.0,951665.0
14615,32,2,4,14693.0,764013.0,187652.0,951665.0,951665.0
5520,48,2,4,14693.0,764013.0,187652.0,951665.0,951665.0
2296,35,2,4,14693.0,764013.0,187652.0,951665.0,951665.0
934,28,2,4,14693.0,764013.0,187652.0,951665.0,951665.0
2803,45,2,4,14693.0,764013.0,187652.0,951665.0,951665.0
6221,31,2,4,14693.0,764013.0,187652.0,951665.0,951665.0
2930,51,2,4,14693.0,764013.0,187652.0,951665.0,951665.0
12669,51,2,4,14693.0,764013.0,187652.0,951665.0,951665.0
3800,29,2,4,14693.0,764013.0,187652.0,951665.0,951665.0
8710,48,2,4,14693.0,764013.0,187652.0,951665.0,951665.0
4740,30,2,4,14693.0,764013.0,187652.0,951665.0,951665.0
8534,32,2,4,14693.0,764013.0,187652.0,951665.0,951665.0
7116,32,2,4,14693.0,764013.0,187652.0,951665.0,951665.0
13521,35,2,4,14693.0,764013.0,187652.0,951665.0,951665.0
13169,31,2,4,14693.0,764013.0,187652.0,951665.0,951665.0
3344,48,2,4,14693.0,764013.0,187652.0,951665.0,951665.0
635,29,2,4,13146.0,683591.0,227864.0,911454.0,911454.0
9909,35,2,4,11342.0,589764.0,147441.0,737205.0,737205.0
1939,32,2,4,11084.0,576361.0,147441.0,723802.0,723802.0
4758,50,2,4,11084.0,576361.0,147441.0,723802.0,723802.0
4002,29,2,4,11084.0,576361.0,147441.0,723802.0,723802.0
12285,30,2,4,11084.0,576361.0,147441.0,723802.0,723802.0
12970,48,2,4,11084.0,576361.0,147441.0,723802.0,723802.0
11081,45,2,4,11084.0,576361.0,147441.0,723802.0,723802.0
14614,28,2,4,11084.0,576361.0,147441.0,723802.0,723802.0
11496,51,2,4,11084.0,576361.0,147441.0,723802.0,723802.0
13650,31,2,4,11084.0,576361.0,147441.0,723802.0,723802.0
4014,51,2,4,11084.0,576361.0,147441.0,723802.0,723802.0
2506,43,2,4,11084.0,576361.0,147441.0,723802.0,723802.0
2224,33,2,4,11084.0,576361.0,147441.0,723802.0,723802.0
5658,38,2,4,11084.0,576361.0,147441.0,723802.0,723802.0
1169,28,2,4,11084.0,576361.0,147441.0,723802.0,723802.0
13636,35,2,4,11084.0,576361.0,147441.0,723802.0,723802.0
6762,44,2,4,11084.0,576361.0,147441.0,723802.0,723802.0
12568,28,2,4,11084.0,576361.0,147441.0,723802.0,723802.0
9223,44,2,4,11084.0,576361.0,147441.0,723802.0,723802.0
2103,49,2,4,11084.0,576361.0,147441.0,723802.0,723802.0
5773,33,2,4,10311.0,536149.0,134037.0,670187.0,670187.0
11965,34,2,4,9280.0,482534.0,120634.0,603168.0,603168.0
4417,51,2,4,9280.0,482534.0,120634.0,603168.0,603168.0
4272,33,2,4,9280.0,482534.0,120634.0,603168.0,603168.0
7289,29,2,4,9280.0,482534.0,120634.0,603168.0,603168.0
5229,30,2,4,9280.0,482534.0,120634.0,603168.0,603168.0
14591,45,2,4,9280.0,482534.0,120634.0,603168.0,603168.0
4273,38,2,4,9280.0,482534.0,120634.0,603168.0,603168.0
2309,31,2,4,9280.0,482534.0,120634.0,603168.0,603168.0
2218,34,2,4,9280.0,482534.0,120634.0,603168.0,603168.0
2647,29,2,4,9280.0,482534.0,120634.0,603168.0,603168.0
3412,31,2,4,9280.0,482534.0,120634.0,603168.0,603168.0
7884,49,2,4,9280.0,482534.0,120634.0,603168.0,603168.0
13913,32,2,4,8764.0,455727.0,120634.0,576361.0,576361.0
355,48,2,4,7733.0,402112.0,107230.0,509342.0,509342.0
5830,42,2,4,7475.0,388708.0,93826.0,482534.0,482534.0
7680,30,2,4,7475.0,388708.0,93826.0,482534.0,482534.0
9961,30,2,4,7475.0,388708.0,93826.0,482534.0,482534.0
9741,29,2,4,7475.0,388708.0,93826.0,482534.0,482534.0
13659,31,2,4,7475.0,388708.0,93826.0,482534.0,482534.0
7557,50,2,4,7475.0,388708.0,93826.0,482534.0,482534.0
12273,48,2,4,7475.0,388708.0,93826.0,482534.0,482534.0
5262,30,2,4,7475.0,388708.0,93826.0,482534.0,482534.0
613,38,2,4,7475.0,388708.0,93826.0,482534.0,482534.0
99,48,2,4,7475.0,388708.0,93826.0,482534.0,482534.0
9884,48,2,4,7475.0,388708.0,93826.0,482534.0,482534.0
1327,48,2,4,7475.0,388708.0,93826.0,482534.0,482534.0
12018,40,2,4,7475.0,388708.0,93826.0,482534.0,482534.0
10478,51,2,4,7475.0,388708.0,93826.0,482534.0,482534.0
13239,42,2,4,7475.0,388708.0,53615.0,442323.0,442323.0
3851,30,2,4,7475.0,388708.0,93826.0,482534.0,482534.0
5327,44,2,4,6702.0,348497.0,80422.0,428920.0,428920.0
9462,34,2,4,5929.0,308286.0,80422.0,388708.0,388708.0
662,44,2,4,5929.0,308286.0,80422.0,388708.0,388708.0
304,48,2,4,5929.0,308286.0,80422.0,388708.0,388708.0
3390,51,2,4,5929.0,308286.0,80422.0,388708.0,388708.0
6630,48,2,4,5929.0,308286.0,80422.0,388708.0,388708.0
4071,45,2,4,5929.0,308286.0,80422.0,388708.0,388708.0
10102,48,2,4,5929.0,308286.0,80422.0,388708.0,388708.0
10773,51,2,4,5929.0,308286.0,80422.0,388708.0,388708.0
14406,31,2,4,5929.0,308286.0,80422.0,388708.0,388708.0
14551,30,2,4,5413.0,281478.0,67019.0,348497.0,348497.0
8195,28,2,4,5413.0,281478.0,67019.0,348497.0,348497.0
4914,50,2,4,5413.0,281478.0,67019.0,348497.0,348497.0
2863,48,2,4,5413.0,281478.0,67019.0,348497.0,348497.0
9743,42,2,4,5413.0,281478.0,67019.0,348497.0,348497.0
13728,28,2,4,5413.0,281478.0,67019.0,348497.0,348497.0
13831,35,2,4,5413.0,281478.0,67019.0,348497.0,348497.0
2872,49,2,4,5413.0,281478.0,67019.0,348497.0,348497.0
4197,50,2,4,5155.0,268075.0,67019.0,335093.0,335093.0
9442,51,2,4,5155.0,268075.0,67019.0,335093.0,335093.0
8247,28,2,4,4382.0,227864.0,53615.0,281478.0,281478.0
14567,49,2,4,3609.0,187652.0,53615.0,241267.0,241267.0
6671,34,2,4,3609.0,187652.0,53615.0,241267.0,241267.0
6309,30,2,4,3609.0,187652.0,53615.0,241267.0,241267.0
7100,33,2,4,3609.0,187652.0,53615.0,241267.0,241267.0
4149,43,2,4,3609.0,187652.0,53615.0,241267.0,241267.0
6638,28,2,4,3609.0,187652.0,53615.0,241267.0,241267.0
6648,43,2,4,3609.0,187652.0,53615.0,241267.0,241267.0
7479,28,2,4,3609.0,187652.0,53615.0,241267.0,241267.0
2957,29,2,4,3609.0,187652.0,53615.0,241267.0,241267.0
14209,29,2,4,3609.0,187652.0,80422.0,268075.0,268075.0
13805,45,2,4,3609.0,187652.0,53615.0,241267.0,241267.0
13310,51,2,4,3609.0,187652.0,53615.0,241267.0,241267.0
12260,29,2,4,3609.0,187652.0,53615.0,241267.0,241267.0
11019,49,2,4,3609.0,187652.0,53615.0,241267.0,241267.0
5329,48,2,4,3609.0,187652.0,53615.0,241267.0,241267.0
8096,48,2,4,3609.0,187652.0,53615.0,241267.0,241267.0
9645,30,2,4,3609.0,187652.0,53615.0,241267.0,241267.0
1602,49,2,4,3609.0,187652.0,53615.0,241267.0,241267.0
8707,36,2,4,3609.0,187652.0,93826.0,281478.0,281478.0
13317,34,2,4,3609.0,187652.0,67019.0,254671.0,254671.0
12082,34,2,4,3609.0,187652.0,53615.0,241267.0,241267.0
10522,48,2,4,3351.0,174249.0,40211.0,214460.0,214460.0
369,48,2,4,2835.0,147441.0,40211.0,187652.0,187652.0
7433,28,2,4,2835.0,147441.0,40211.0,187652.0,187652.0
12310,33,2,4,2835.0,147441.0,40211.0,187652.0,187652.0
9413,29,2,4,2835.0,147441.0,40211.0,187652.0,187652.0
7614,28,2,4,2835.0,147441.0,40211.0,187652.0,187652.0
8787,42,2,4,2578.0,134037.0,40211.0,174249.0,174249.0
13325,33,2,4,2320.0,120634.0,28148.0,148781.0,148781.0
1880,30,2,4,2320.0,120634.0,28148.0,148781.0,148781.0
5366,40,2,4,2320.0,120634.0,28148.0,148781.0,148781.0
3623,45,2,4,2320.0,120634.0,28148.0,148781.0,148781.0
2859,43,2,4,2320.0,120634.0,28148.0,148781.0,148781.0
2153,33,2,4,2320.0,120634.0,28148.0,148781.0,148781.0
5741,40,2,4,2320.0,120634.0,28148.0,148781.0,148781.0
959,31,2,4,2320.0,120634.0,28148.0,148781.0,148781.0
8355,28,2,4,2320.0,120634.0,28148.0,148781.0,148781.0
8701,40,2,4,1804.0,93826.0,24127.0,117953.0,117953.0
14217,49,2,4,1804.0,93826.0,24127.0,117953.0,117953.0
10581,48,2,4,1804.0,93826.0,24127.0,117953.0,117953.0
6311,32,2,4,1804.0,93826.0,24127.0,117953.0,117953.0
10378,30,2,4,1804.0,93826.0,24127.0,117953.0,117953.0
6405,34,2,4,1804.0,93826.0,24127.0,117953.0,117953.0
10134,49,2,4,1804.0,93826.0,24127.0,117953.0,117953.0
6551,33,2,4,1804.0,93826.0,24127.0,117953.0,117953.0
4519,42,2,4,1804.0,93826.0,24127.0,117953.0,117953.0
7113,28,2,4,1547.0,80422.0,18765.0,99188.0,99188.0
9566,36,2,4,1547.0,80422.0,18765.0,99188.0,99188.0
11092,33,2,4,1547.0,80422.0,18765.0,99188.0,99188.0
2246,40,2,4,1547.0,80422.0,18765.0,99188.0,99188.0
3524,42,2,4,1547.0,80422.0,18765.0,99188.0,99188.0
3521,42,2,4,1547.0,80422.0,18765.0,99188.0,99188.0
3957,42,2,4,1547.0,80422.0,18765.0,99188.0,99188.0
1846,29,2,4,1547.0,80422.0,18765.0,99188.0,99188.0
13180,42,2,4,1547.0,80422.0,18765.0,99188.0,99188.0
2382,31,2,4,1547.0,80422.0,18765.0,99188.0,99188.0
5903,30,2,4,1547.0,80422.0,18765.0,99188.0,99188.0
7948,42,2,4,1547.0,80422.0,18765.0,99188.0,99188.0
14211,42,2,4,1289.0,67019.0,17425.0,84444.0,84444.0
13588,48,2,4,1031.0,53615.0,14744.0,68359.0,68359.0
11742,43,2,4,1031.0,53615.0,14744.0,68359.0,68359.0
9952,32,2,4,1031.0,53615.0,14744.0,68359.0,68359.0
6107,43,2,4,1031.0,53615.0,14744.0,68359.0,68359.0
307,28,2,4,1031.0,53615.0,14744.0,68359.0,68359.0
8276,32,2,4,1031.0,53615.0,14744.0,68359.0,68359.0
796,51,2,4,1031.0,53615.0,14744.0,68359.0,68359.0
12929,28,2,4,1031.0,53615.0,14744.0,68359.0,68359.0
1827,30,2,4,1031.0,53615.0,14744.0,68359.0,68359.0
7467,31,2,4,1031.0,53615.0,14744.0,68359.0,68359.0
6667,44,2,4,1031.0,53615.0,14744.0,68359.0,68359.0
4835,43,2,4,1031.0,53615.0,12063.0,65678.0,65678.0
1798,28,2,4,773.0,40211.0,12063.0,52275.0,52275.0
5324,35,2,4,773.0,40211.0,12063.0,52275.0,52275.0
9935,50,2,4,773.0,40211.0,9383.0,49594.0,49594.0
12276,35,2,4,773.0,40211.0,9383.0,49594.0,49594.0
4690,35,2,4,773.0,40211.0,9383.0,49594.0,49594.0
3832,35,2,4,773.0,40211.0,9383.0,49594.0,49594.0
5990,42,2,4,773.0,40211.0,9383.0,49594.0,49594.0
6690,42,2,4,773.0,40211.0,9383.0,49594.0,49594.0
11202,34,2,4,773.0,40211.0,9383.0,49594.0,49594.0
3880,43,2,4,773.0,40211.0,9383.0,49594.0,49594.0
4132,43,2,4,773.0,40211.0,9383.0,49594.0,49594.0
4150,43,2,4,773.0,40211.0,9383.0,49594.0,49594.0
5238,43,2,4,773.0,40211.0,9383.0,49594.0,49594.0
13731,32,2,4,773.0,40211.0,9383.0,49594.0,49594.0
11199,32,2,4,773.0,40211.0,9383.0,49594.0,49594.0
1820,45,2,4,773.0,40211.0,9383.0,49594.0,49594.0
3379,45,2,4,773.0,40211.0,9383.0,49594.0,49594.0
5966,31,2,4,773.0,40211.0,9383.0,49594.0,49594.0
4131,30,2,4,773.0,40211.0,9383.0,49594.0,49594.0
5820,27,2,4,773.0,40211.0,9383.0,49594.0,49594.0
2455,38,2,4,773.0,40211.0,9383.0,49594.0,49594.0
8730,32,2,4,516.0,26807.0,8042.0,34850.0,34850.0
13758,30,2,4,541.0,28148.0,6702.0,34850.0,34850.0
15,36,2,4,541.0,28148.0,6702.0,34850.0,34850.0
9228,31,2,4,541.0,28148.0,6702.0,34850.0,34850.0
7119,45,2,4,541.0,28148.0,6702.0,34850.0,34850.0
3382,36,2,4,541.0,28148.0,6702.0,34850.0,34850.0
13057,43,2,4,541.0,28148.0,6702.0,34850.0,34850.0
13335,51,2,4,541.0,28148.0,6702.0,34850.0,34850.0
8220,50,2,4,438.0,22786.0,5361.0,28148.0,28148.0
9328,35,2,4,438.0,22786.0,5361.0,28148.0,28148.0
5304,32,2,4,438.0,22786.0,5361.0,28148.0,28148.0
5339,38,2,4,361.0,18765.0,5361.0,24127.0,24127.0
13788,48,2,4,361.0,18765.0,5361.0,24127.0,24127.0
4911,49,2,4,361.0,18765.0,5361.0,24127.0,24127.0
13823,49,2,4,361.0,18765.0,5361.0,24127.0,24127.0
3060,34,2,4,284.0,14744.0,4021.0,18765.0,18765.0
8453,40,2,4,284.0,14744.0,4021.0,18765.0,18765.0
3151,33,2,4,0.0,0.0,147441.0,147441.0,147441.0
6504,34,2,4,0.0,0.0,93826.0,93826.0,93826.0
3662,87,4,4,269662.0,14022405.0,3505601.0,17528006.0,17528006.0
8023,86,4,4,202246.0,10516804.0,2337067.0,12853871.0,12853871.0
11455,94,4,4,157303.0,8179736.0,1168534.0,9348270.0,9348270.0
10735,86,4,4,146067.0,7595469.0,584267.0,8179736.0,8179736.0
5253,86,4,4,134831.0,7011202.0,584267.0,7595469.0,7595469.0
6863,87,4,4,134831.0,7011202.0,2337067.0,9348270.0,9348270.0
7650,91,4,4,134831.0,7011202.0,1752801.0,8764003.0,8764003.0
521,86,4,4,123595.0,6426936.0,1168534.0,7595469.0,7595469.0
271,75,4,4,112359.0,5842669.0,1460667.0,7303336.0,7303336.0
2634,75,4,4,112359.0,5842669.0,1460667.0,7303336.0,7303336.0
11862,91,4,4,112359.0,5842669.0,1460667.0,7303336.0,7303336.0
2124,87,4,4,112359.0,5842669.0,1168534.0,7011202.0,7011202.0
11678,86,4,4,101123.0,5258402.0,1168534.0,6426936.0,6426936.0
913,79,4,4,101123.0,5258402.0,1314600.0,6573002.0,6573002.0
12288,91,4,4,134831.0,7011202.0,2337067.0,9348270.0,9348270.0
9138,86,4,4,134831.0,7011202.0,584267.0,7595469.0,7595469.0
4353,86,4,4,89887.0,4674135.0,817974.0,5492109.0,5492109.0
8295,87,4,4,89887.0,4674135.0,1168534.0,5842669.0,5842669.0
13117,86,4,4,85393.0,4440428.0,1110107.0,5550535.0,5550535.0
4694,87,4,4,85393.0,4440428.0,1110107.0,5550535.0,5550535.0
9771,79,4,4,80898.0,4206721.0,1051680.0,5258402.0,5258402.0
8648,75,4,4,78651.0,4089868.0,584267.0,4674135.0,4674135.0
8907,86,4,4,78651.0,4089868.0,800446.0,4890314.0,4890314.0
5010,94,4,4,78651.0,4089868.0,584267.0,4674135.0,4674135.0
4975,76,4,4,78651.0,4089868.0,1022467.0,5112335.0,5112335.0
9176,94,4,4,78651.0,4089868.0,1022467.0,5112335.0,5112335.0
9632,91,4,4,78651.0,4089868.0,1022467.0,5112335.0,5112335.0
8334,94,4,4,78651.0,4089868.0,584267.0,4674135.0,4674135.0
10065,75,4,4,112359.0,5842669.0,2337067.0,8179736.0,8179736.0
11773,75,4,4,112359.0,5842669.0,2337067.0,8179736.0,8179736.0
8923,87,4,4,74157.0,3856161.0,964040.0,4820202.0,4820202.0
5017,76,4,4,71910.0,3739308.0,934827.0,4674135.0,4674135.0
10242,82,4,4,101123.0,5258402.0,350560.0,5608962.0,5608962.0
13351,87,4,4,101123.0,5258402.0,1314600.0,6573002.0,6573002.0
4360,87,4,4,69663.0,3622455.0,467413.0,4089868.0,4089868.0
3579,97,4,4,67415.0,3505601.0,876400.0,4382001.0,4382001.0
14524,75,4,4,67415.0,3505601.0,876400.0,4382001.0,4382001.0
3156,82,4,4,67415.0,3505601.0,876400.0,4382001.0,4382001.0
5077,91,4,4,67415.0,3505601.0,584267.0,4089868.0,4089868.0
12707,91,4,4,67415.0,3505601.0,876400.0,4382001.0,4382001.0
1555,94,4,4,67415.0,3505601.0,1168534.0,4674135.0,4674135.0
597,88,4,4,67415.0,3505601.0,467413.0,3973015.0,3973015.0
3181,91,4,4,67415.0,3505601.0,584267.0,4089868.0,4089868.0
3847,91,4,4,67415.0,3505601.0,876400.0,4382001.0,4382001.0
9705,88,4,4,67415.0,3505601.0,584267.0,4089868.0,4089868.0
7889,94,4,4,62921.0,3271894.0,817974.0,4089868.0,4089868.0
3867,88,4,4,62921.0,3271894.0,817974.0,4089868.0,4089868.0
3238,86,4,4,62921.0,3271894.0,817974.0,4089868.0,4089868.0
2176,94,4,4,62921.0,3271894.0,817974.0,4089868.0,4089868.0
4174,94,4,4,89887.0,4674135.0,1168534.0,5842669.0,5842669.0
12358,75,4,4,89887.0,4674135.0,1168534.0,5842669.0,5842669.0
3361,86,4,4,89887.0,4674135.0,584267.0,5258402.0,5258402.0
2604,75,4,4,89887.0,4674135.0,1168534.0,5842669.0,5842669.0
3667,99,4,4,60674.0,3155041.0,788760.0,3943801.0,3943801.0
5403,86,4,4,85393.0,4440428.0,1110107.0,5550535.0,5550535.0
531,91,4,4,56180.0,2921334.0,730334.0,3651668.0,3651668.0
7871,94,4,4,56180.0,2921334.0,730334.0,3651668.0,3651668.0
12650,75,4,4,56180.0,2921334.0,730334.0,3651668.0,3651668.0
12599,75,4,4,56180.0,2921334.0,730334.0,3651668.0,3651668.0
11550,75,4,4,56180.0,2921334.0,730334.0,3651668.0,3651668.0
13177,94,4,4,56180.0,2921334.0,1752801.0,4674135.0,4674135.0
652,91,4,4,56180.0,2921334.0,730334.0,3651668.0,3651668.0
1454,75,4,4,56180.0,2921334.0,730334.0,3651668.0,3651668.0
3750,87,4,4,56180.0,2921334.0,730334.0,3651668.0,3651668.0
4460,75,4,4,78651.0,4089868.0,1022467.0,5112335.0,5112335.0
1101,87,4,4,53932.0,2804481.0,701120.0,3505601.0,3505601.0
1125,97,4,4,53932.0,2804481.0,701120.0,3505601.0,3505601.0
8270,87,4,4,53932.0,2804481.0,701120.0,3505601.0,3505601.0
10122,94,4,4,76404.0,3973015.0,701120.0,4674135.0,4674135.0
3637,94,4,4,51685.0,2687628.0,671907.0,3359534.0,3359534.0
10025,91,4,4,51685.0,2687628.0,671907.0,3359534.0,3359534.0
5785,75,4,4,51236.0,2664257.0,140224.0,2804481.0,2804481.0
10952,88,4,4,49438.0,2570774.0,642694.0,3213468.0,3213468.0
12561,88,4,4,49438.0,2570774.0,642694.0,3213468.0,3213468.0
8592,86,4,4,47416.0,2465606.0,701120.0,3166726.0,3166726.0
1213,86,4,4,44944.0,2337067.0,584267.0,2921334.0,2921334.0
1252,94,4,4,44944.0,2337067.0,584267.0,2921334.0,2921334.0
1230,86,4,4,44944.0,2337067.0,584267.0,2921334.0,2921334.0
7722,87,4,4,44944.0,2337067.0,584267.0,2921334.0,2921334.0
9991,87,4,4,44944.0,2337067.0,584267.0,2921334.0,2921334.0
9191,76,4,4,44944.0,2337067.0,584267.0,2921334.0,2921334.0
172,88,4,4,44944.0,2337067.0,584267.0,2921334.0,2921334.0
5879,88,4,4,44944.0,2337067.0,584267.0,2921334.0,2921334.0
10758,88,4,4,44944.0,2337067.0,584267.0,2921334.0,2921334.0
10562,97,4,4,44944.0,2337067.0,584267.0,2921334.0,2921334.0
12157,82,4,4,44944.0,2337067.0,584267.0,2921334.0,2921334.0
12044,77,4,4,44944.0,2337067.0,584267.0,2921334.0,2921334.0
1628,97,4,4,44944.0,2337067.0,584267.0,2921334.0,2921334.0
14172,94,4,4,44944.0,2337067.0,584267.0,2921334.0,2921334.0
9537,94,4,4,44944.0,2337067.0,584267.0,2921334.0,2921334.0
3407,79,4,4,44944.0,2337067.0,584267.0,2921334.0,2921334.0
13094,91,4,4,62921.0,3271894.0,584267.0,3856161.0,3856161.0
1086,91,4,4,60674.0,3155041.0,350560.0,3505601.0,3505601.0
4170,94,4,4,40449.0,2103361.0,525840.0,2629201.0,2629201.0
14092,84,4,4,40449.0,2103361.0,525840.0,2629201.0,2629201.0
11833,76,4,4,40449.0,2103361.0,525840.0,2629201.0,2629201.0
2471,99,4,4,40449.0,2103361.0,525840.0,2629201.0,2629201.0
4332,77,4,4,40449.0,2103361.0,525840.0,2629201.0,2629201.0
10750,82,4,4,40449.0,2103361.0,525840.0,2629201.0,2629201.0
9608,75,4,4,40449.0,2103361.0,467413.0,2570774.0,2570774.0
10593,94,4,4,40449.0,2103361.0,525840.0,2629201.0,2629201.0
2001,91,4,4,40449.0,2103361.0,525840.0,2629201.0,2629201.0
8163,91,4,4,40449.0,2103361.0,525840.0,2629201.0,2629201.0
10766,100,4,4,40449.0,2103361.0,233707.0,2337067.0,2337067.0
14190,87,4,4,56180.0,2921334.0,350560.0,3271894.0,3271894.0
2445,76,4,4,56180.0,2921334.0,730334.0,3651668.0,3651668.0
4478,87,4,4,56180.0,2921334.0,730334.0,3651668.0,3651668.0
14377,86,4,4,56180.0,2921334.0,730334.0,3651668.0,3651668.0
9600,86,4,4,56180.0,2921334.0,730334.0,3651668.0,3651668.0
12500,91,4,4,56180.0,2921334.0,730334.0,3651668.0,3651668.0
1008,91,4,4,56180.0,2921334.0,730334.0,3651668.0,3651668.0
2792,99,4,4,38202.0,1986507.0,496627.0,2483134.0,2483134.0
4228,82,4,4,38202.0,1986507.0,350560.0,2337067.0,2337067.0
5095,99,4,4,38202.0,1986507.0,496627.0,2483134.0,2483134.0
2586,82,4,4,38202.0,1986507.0,496627.0,2483134.0,2483134.0
5218,99,4,4,38202.0,1986507.0,496627.0,2483134.0,2483134.0
8919,88,4,4,38202.0,1986507.0,496627.0,2483134.0,2483134.0
7595,88,4,4,38202.0,1986507.0,496627.0,2483134.0,2483134.0
13968,91,4,4,38202.0,1986507.0,496627.0,2483134.0,2483134.0
13213,75,4,4,38202.0,1986507.0,496627.0,2483134.0,2483134.0
7852,75,4,4,38202.0,1986507.0,496627.0,2483134.0,2483134.0
11635,87,4,4,53932.0,2804481.0,701120.0,3505601.0,3505601.0
7464,76,4,4,35955.0,1869654.0,467413.0,2337067.0,2337067.0
10660,76,4,4,35955.0,1869654.0,467413.0,2337067.0,2337067.0
1411,80,4,4,35955.0,1869654.0,467413.0,2337067.0,2337067.0
13410,77,4,4,35955.0,1869654.0,467413.0,2337067.0,2337067.0
7588,87,4,4,35955.0,1869654.0,467413.0,2337067.0,2337067.0
12253,82,4,4,35955.0,1869654.0,467413.0,2337067.0,2337067.0
12147,82,4,4,35955.0,1869654.0,467413.0,2337067.0,2337067.0
10154,76,4,4,49438.0,2570774.0,642694.0,3213468.0,3213468.0
394,82,4,4,49438.0,2570774.0,642694.0,3213468.0,3213468.0
11485,88,4,4,49438.0,2570774.0,642694.0,3213468.0,3213468.0
2305,86,4,4,49438.0,2570774.0,642694.0,3213468.0,3213468.0
6881,77,4,4,33708.0,1752801.0,438200.0,2191001.0,2191001.0
11555,86,4,4,33708.0,1752801.0,788760.0,2541561.0,2541561.0
5059,76,4,4,33708.0,1752801.0,438200.0,2191001.0,2191001.0
2423,99,4,4,33708.0,1752801.0,438200.0,2191001.0,2191001.0
1092,78,4,4,33708.0,1752801.0,438200.0,2191001.0,2191001.0
12187,94,4,4,33708.0,1752801.0,584267.0,2337067.0,2337067.0
10544,94,4,4,33708.0,1752801.0,438200.0,2191001.0,2191001.0
2192,94,4,4,33708.0,1752801.0,438200.0,2191001.0,2191001.0
6323,84,4,4,33708.0,1752801.0,438200.0,2191001.0,2191001.0
7392,84,4,4,33708.0,1752801.0,438200.0,2191001.0,2191001.0
3041,88,4,4,33708.0,1752801.0,584267.0,2337067.0,2337067.0
9695,87,4,4,33708.0,1752801.0,438200.0,2191001.0,2191001.0
4656,86,4,4,33708.0,1752801.0,438200.0,2191001.0,2191001.0
7079,86,4,4,33708.0,1752801.0,438200.0,2191001.0,2191001.0
9154,82,4,4,47191.0,2453921.0,613480.0,3067401.0,3067401.0
5923,82,4,4,32584.0,1694374.0,423593.0,2117967.0,2117967.0
8421,78,4,4,31461.0,1635947.0,408987.0,2044934.0,2044934.0
10844,99,4,4,44944.0,2337067.0,584267.0,2921334.0,2921334.0
2063,88,4,4,44944.0,2337067.0,584267.0,2921334.0,2921334.0
9494,91,4,4,44944.0,2337067.0,584267.0,2921334.0,2921334.0
3717,76,4,4,44944.0,2337067.0,584267.0,2921334.0,2921334.0
14613,94,4,4,44944.0,2337067.0,584267.0,2921334.0,2921334.0
14556,76,4,4,44944.0,2337067.0,584267.0,2921334.0,2921334.0
12710,76,4,4,44944.0,2337067.0,584267.0,2921334.0,2921334.0
10612,75,4,4,29213.0,1519094.0,379773.0,1898867.0,1898867.0
8438,88,4,4,29213.0,1519094.0,379773.0,1898867.0,1898867.0
4537,88,4,4,29213.0,1519094.0,379773.0,1898867.0,1898867.0
13507,88,4,4,29213.0,1519094.0,467413.0,1986507.0,1986507.0
6440,87,4,4,28090.0,1460667.0,365167.0,1825834.0,1825834.0
13303,82,4,4,28090.0,1460667.0,365167.0,1825834.0,1825834.0
362,85,4,4,28090.0,1460667.0,365167.0,1825834.0,1825834.0
2252,93,4,4,28090.0,1460667.0,365167.0,1825834.0,1825834.0
1478,87,4,4,39326.0,2044934.0,511234.0,2556168.0,2556168.0
1453,99,4,4,26966.0,1402240.0,350560.0,1752801.0,1752801.0
8115,84,4,4,26966.0,1402240.0,350560.0,1752801.0,1752801.0
7237,77,4,4,26966.0,1402240.0,467413.0,1869654.0,1869654.0
12829,79,4,4,26966.0,1402240.0,350560.0,1752801.0,1752801.0
8696,77,4,4,26966.0,1402240.0,350560.0,1752801.0,1752801.0
3387,94,4,4,26966.0,1402240.0,350560.0,1752801.0,1752801.0
7193,87,4,4,26966.0,1402240.0,350560.0,1752801.0,1752801.0
9931,78,4,4,26966.0,1402240.0,350560.0,1752801.0,1752801.0
8450,82,4,4,26966.0,1402240.0,350560.0,1752801.0,1752801.0
11347,88,4,4,26966.0,1402240.0,350560.0,1752801.0,1752801.0
5980,82,4,4,26966.0,1402240.0,350560.0,1752801.0,1752801.0
10819,76,4,4,38202.0,1986507.0,350560.0,2337067.0,2337067.0
1461,97,4,4,25843.0,1343814.0,335953.0,1679767.0,1679767.0
13663,88,4,4,35955.0,1869654.0,467413.0,2337067.0,2337067.0
13222,85,4,4,35955.0,1869654.0,467413.0,2337067.0,2337067.0
5026,85,4,4,24719.0,1285387.0,321347.0,1606734.0,1606734.0
14018,85,4,4,24719.0,1285387.0,321347.0,1606734.0,1606734.0
14598,99,4,4,24719.0,1285387.0,321347.0,1606734.0,1606734.0
10705,79,4,4,24719.0,1285387.0,321347.0,1606734.0,1606734.0
13955,99,4,4,33708.0,1752801.0,438200.0,2191001.0,2191001.0
14358,86,4,4,33708.0,1752801.0,350560.0,2103361.0,2103361.0
8032,76,4,4,33708.0,1752801.0,438200.0,2191001.0,2191001.0
3566,82,4,4,33708.0,1752801.0,438200.0,2191001.0,2191001.0
14455,78,4,4,33708.0,1752801.0,438200.0,2191001.0,2191001.0
14145,80,4,4,33708.0,1752801.0,438200.0,2191001.0,2191001.0
5226,88,4,4,33708.0,1752801.0,438200.0,2191001.0,2191001.0
7634,77,4,4,22472.0,1168534.0,292133.0,1460667.0,1460667.0
9856,79,4,4,22472.0,1168534.0,292133.0,1460667.0,1460667.0
4328,80,4,4,22472.0,1168534.0,292133.0,1460667.0,1460667.0
4333,80,4,4,22472.0,1168534.0,292133.0,1460667.0,1460667.0
6142,80,4,4,22472.0,1168534.0,292133.0,1460667.0,1460667.0
3013,94,4,4,22472.0,1168534.0,292133.0,1460667.0,1460667.0
11336,91,4,4,22472.0,1168534.0,292133.0,1460667.0,1460667.0
12753,80,4,4,22472.0,1168534.0,292133.0,1460667.0,1460667.0
8321,91,4,4,22472.0,1168534.0,292133.0,1460667.0,1460667.0
7229,91,4,4,22472.0,1168534.0,233707.0,1402240.0,1402240.0
13719,77,4,4,22472.0,1168534.0,292133.0,1460667.0,1460667.0
12645,77,4,4,22472.0,1168534.0,350560.0,1519094.0,1519094.0
11973,77,4,4,22472.0,1168534.0,292133.0,1460667.0,1460667.0
11665,82,4,4,22472.0,1168534.0,350560.0,1519094.0,1519094.0
10744,77,4,4,22472.0,1168534.0,292133.0,1460667.0,1460667.0
6599,77,4,4,22472.0,1168534.0,292133.0,1460667.0,1460667.0
10967,76,4,4,22472.0,1168534.0,292133.0,1460667.0,1460667.0
3572,85,4,4,22472.0,1168534.0,292133.0,1460667.0,1460667.0
9282,76,4,4,22472.0,1168534.0,292133.0,1460667.0,1460667.0
9083,76,4,4,22472.0,1168534.0,292133.0,1460667.0,1460667.0
10729,85,4,4,22472.0,1168534.0,292133.0,1460667.0,1460667.0
12619,99,4,4,22472.0,1168534.0,292133.0,1460667.0,1460667.0
12131,85,4,4,22472.0,1168534.0,292133.0,1460667.0,1460667.0
12686,99,4,4,22472.0,1168534.0,292133.0,1460667.0,1460667.0
6600,87,4,4,22472.0,1168534.0,292133.0,1460667.0,1460667.0
14593,75,4,4,22472.0,1168534.0,292133.0,1460667.0,1460667.0
4255,87,4,4,22472.0,1168534.0,292133.0,1460667.0,1460667.0
4676,86,4,4,22472.0,1168534.0,292133.0,1460667.0,1460667.0
7213,93,4,4,22472.0,1168534.0,292133.0,1460667.0,1460667.0
11543,99,4,4,31461.0,1635947.0,408987.0,2044934.0,2044934.0
4009,92,4,4,20225.0,1051680.0,262920.0,1314600.0,1314600.0
977,85,4,4,20225.0,1051680.0,262920.0,1314600.0,1314600.0
3022,87,4,4,20225.0,1051680.0,262920.0,1314600.0,1314600.0
850,91,4,4,20225.0,1051680.0,262920.0,1314600.0,1314600.0
3247,76,4,4,29213.0,1519094.0,379773.0,1898867.0,1898867.0
8876,82,4,4,20225.0,1051680.0,262920.0,1314600.0,1314600.0
5760,76,4,4,29213.0,1519094.0,379773.0,1898867.0,1898867.0
13158,93,4,4,20225.0,1051680.0,262920.0,1314600.0,1314600.0
3915,80,4,4,20225.0,1051680.0,262920.0,1314600.0,1314600.0
3019,82,4,4,20225.0,1051680.0,262920.0,1314600.0,1314600.0
150,100,4,4,20225.0,1051680.0,262920.0,1314600.0,1314600.0
2580,100,4,4,20225.0,1051680.0,262920.0,1314600.0,1314600.0
11931,88,4,4,20225.0,1051680.0,262920.0,1314600.0,1314600.0
9319,80,4,4,26966.0,1402240.0,350560.0,1752801.0,1752801.0
5862,99,4,4,26966.0,1402240.0,350560.0,1752801.0,1752801.0
7110,97,4,4,26966.0,1402240.0,350560.0,1752801.0,1752801.0
9040,76,4,4,17977.0,934827.0,233707.0,1168534.0,1168534.0
11672,75,4,4,17977.0,934827.0,233707.0,1168534.0,1168534.0
4661,89,4,4,17977.0,934827.0,233707.0,1168534.0,1168534.0
6417,77,4,4,17977.0,934827.0,467413.0,1402240.0,1402240.0
4718,99,4,4,17977.0,934827.0,233707.0,1168534.0,1168534.0
9592,88,4,4,17977.0,934827.0,233707.0,1168534.0,1168534.0
10423,77,4,4,17977.0,934827.0,233707.0,1168534.0,1168534.0
5236,99,4,4,17977.0,934827.0,233707.0,1168534.0,1168534.0
11620,94,4,4,17977.0,934827.0,233707.0,1168534.0,1168534.0
1945,76,4,4,17977.0,934827.0,233707.0,1168534.0,1168534.0
58,82,4,4,17977.0,934827.0,233707.0,1168534.0,1168534.0
5080,82,4,4,17977.0,934827.0,233707.0,1168534.0,1168534.0
4508,80,4,4,17977.0,934827.0,233707.0,1168534.0,1168534.0
14607,78,4,4,17977.0,934827.0,233707.0,1168534.0,1168534.0
1021,79,4,4,17977.0,934827.0,233707.0,1168534.0,1168534.0
3804,78,4,4,24719.0,1285387.0,321347.0,1606734.0,1606734.0
8868,92,4,4,16854.0,876400.0,219100.0,1095500.0,1095500.0
9862,84,4,4,16854.0,876400.0,219100.0,1095500.0,1095500.0
13929,84,4,4,16854.0,876400.0,219100.0,1095500.0,1095500.0
1335,85,4,4,16854.0,876400.0,219100.0,1095500.0,1095500.0
9904,79,4,4,16854.0,876400.0,219100.0,1095500.0,1095500.0
10859,91,4,4,16854.0,876400.0,350560.0,1226960.0,1226960.0
3896,92,4,4,16854.0,876400.0,292133.0,1168534.0,1168534.0
5801,97,4,4,16854.0,876400.0,219100.0,1095500.0,1095500.0
8735,82,4,4,16854.0,876400.0,219100.0,1095500.0,1095500.0
6178,94,4,4,15730.0,817974.0,204493.0,1022467.0,1022467.0
9121,99,4,4,15730.0,817974.0,204493.0,1022467.0,1022467.0
7386,100,4,4,15730.0,817974.0,204493.0,1022467.0,1022467.0
10057,80,4,4,15730.0,817974.0,204493.0,1022467.0,1022467.0
1499,85,4,4,15730.0,817974.0,204493.0,1022467.0,1022467.0
11177,100,4,4,15730.0,817974.0,204493.0,1022467.0,1022467.0
8158,78,4,4,15730.0,817974.0,204493.0,1022467.0,1022467.0
417,80,4,4,15730.0,817974.0,204493.0,1022467.0,1022467.0
436,79,4,4,15730.0,817974.0,204493.0,1022467.0,1022467.0
2787,97,4,4,15730.0,817974.0,204493.0,1022467.0,1022467.0
6731,84,4,4,22472.0,1168534.0,292133.0,1460667.0,1460667.0
12398,84,4,4,22472.0,1168534.0,292133.0,1460667.0,1460667.0
278,99,4,4,22472.0,1168534.0,292133.0,1460667.0,1460667.0
8204,77,4,4,22472.0,1168534.0,292133.0,1460667.0,1460667.0
768,75,4,4,22472.0,1168534.0,350560.0,1519094.0,1519094.0
9166,88,4,4,22472.0,1168534.0,292133.0,1460667.0,1460667.0
21,84,4,4,22472.0,1168534.0,292133.0,1460667.0,1460667.0
10832,77,4,4,21798.0,1133478.0,283369.0,1416847.0,1416847.0
11034,92,4,4,14607.0,759547.0,189887.0,949434.0,949434.0
9545,92,4,4,14607.0,759547.0,189887.0,949434.0,949434.0
9874,93,4,4,14607.0,759547.0,189887.0,949434.0,949434.0
1816,76,4,4,14045.0,730334.0,182583.0,912917.0,912917.0
5377,100,4,4,20225.0,1051680.0,262920.0,1314600.0,1314600.0
1485,97,4,4,20225.0,1051680.0,262920.0,1314600.0,1314600.0
12053,89,4,4,13483.0,701120.0,175280.0,876400.0,876400.0
3217,75,4,4,13483.0,701120.0,175280.0,876400.0,876400.0
9342,77,4,4,13483.0,701120.0,175280.0,876400.0,876400.0
10740,77,4,4,13483.0,701120.0,175280.0,876400.0,876400.0
4847,78,4,4,13483.0,701120.0,175280.0,876400.0,876400.0
9984,78,4,4,13483.0,701120.0,175280.0,876400.0,876400.0
12750,78,4,4,13483.0,701120.0,175280.0,876400.0,876400.0
6517,79,4,4,13483.0,701120.0,175280.0,876400.0,876400.0
8970,79,4,4,13483.0,701120.0,175280.0,876400.0,876400.0
4316,80,4,4,13483.0,701120.0,175280.0,876400.0,876400.0
5109,80,4,4,13483.0,701120.0,175280.0,876400.0,876400.0
6207,80,4,4,13483.0,701120.0,175280.0,876400.0,876400.0
10302,80,4,4,13483.0,701120.0,175280.0,876400.0,876400.0
1003,82,4,4,13483.0,701120.0,175280.0,876400.0,876400.0
2500,82,4,4,13483.0,701120.0,175280.0,876400.0,876400.0
10053,84,4,4,13483.0,701120.0,175280.0,876400.0,876400.0
11551,88,4,4,13483.0,701120.0,175280.0,876400.0,876400.0
10837,89,4,4,13483.0,701120.0,175280.0,876400.0,876400.0
11095,89,4,4,13483.0,701120.0,175280.0,876400.0,876400.0
14277,89,4,4,13483.0,701120.0,175280.0,876400.0,876400.0
5065,91,4,4,13483.0,701120.0,175280.0,876400.0,876400.0
10776,91,4,4,13483.0,701120.0,175280.0,876400.0,876400.0
10429,92,4,4,13483.0,701120.0,175280.0,876400.0,876400.0
11693,92,4,4,13483.0,701120.0,175280.0,876400.0,876400.0
266,93,4,4,13483.0,701120.0,175280.0,876400.0,876400.0
2932,97,4,4,13483.0,701120.0,175280.0,876400.0,876400.0
6291,97,4,4,13483.0,701120.0,175280.0,876400.0,876400.0
12748,97,4,4,13483.0,701120.0,175280.0,876400.0,876400.0
6057,100,4,4,13483.0,701120.0,175280.0,876400.0,876400.0
6485,100,4,4,13483.0,701120.0,175280.0,876400.0,876400.0
247,92,4,4,17977.0,934827.0,233707.0,1168534.0,1168534.0
10299,84,4,4,17977.0,934827.0,233707.0,1168534.0,1168534.0
9980,93,4,4,17977.0,934827.0,233707.0,1168534.0,1168534.0
1376,89,4,4,12360.0,642694.0,160673.0,803367.0,803367.0
13760,77,4,4,12360.0,642694.0,160673.0,803367.0,803367.0
11791,93,4,4,12360.0,642694.0,160673.0,803367.0,803367.0
2970,88,4,4,12360.0,642694.0,233707.0,876400.0,876400.0
2968,76,4,4,12360.0,642694.0,233707.0,876400.0,876400.0
13848,97,4,4,12360.0,642694.0,160673.0,803367.0,803367.0
4341,80,4,4,12360.0,642694.0,160673.0,803367.0,803367.0
13694,94,4,4,12135.0,631008.0,157752.0,788760.0,788760.0
13691,84,4,4,12135.0,631008.0,157752.0,788760.0,788760.0
6535,77,4,4,16854.0,876400.0,219100.0,1095500.0,1095500.0
9034,76,4,4,11236.0,584267.0,146067.0,730334.0,730334.0
537,92,4,4,11236.0,584267.0,146067.0,730334.0,730334.0
8329,85,4,4,11236.0,584267.0,146067.0,730334.0,730334.0
5437,76,4,4,11236.0,584267.0,146067.0,730334.0,730334.0
2599,92,4,4,11236.0,584267.0,146067.0,730334.0,730334.0
8419,99,4,4,11236.0,584267.0,146067.0,730334.0,730334.0
2440,77,4,4,11236.0,584267.0,146067.0,730334.0,730334.0
2487,85,4,4,11236.0,584267.0,146067.0,730334.0,730334.0
14295,97,4,4,11236.0,584267.0,175280.0,759547.0,759547.0
13161,84,4,4,11236.0,584267.0,146067.0,730334.0,730334.0
11026,88,4,4,11236.0,584267.0,146067.0,730334.0,730334.0
8312,84,4,4,11236.0,584267.0,146067.0,730334.0,730334.0
7371,84,4,4,11236.0,584267.0,233707.0,817974.0,817974.0
179,78,4,4,11236.0,584267.0,146067.0,730334.0,730334.0
414,78,4,4,11236.0,584267.0,116853.0,701120.0,701120.0
2155,84,4,4,11236.0,584267.0,146067.0,730334.0,730334.0
13914,100,4,4,11236.0,584267.0,146067.0,730334.0,730334.0
6143,89,4,4,11236.0,584267.0,146067.0,730334.0,730334.0
5001,78,4,4,11236.0,584267.0,146067.0,730334.0,730334.0
416,79,4,4,11236.0,584267.0,116853.0,701120.0,701120.0
1621,79,4,4,11236.0,584267.0,146067.0,730334.0,730334.0
3741,79,4,4,11236.0,584267.0,146067.0,730334.0,730334.0
6315,79,4,4,11236.0,584267.0,146067.0,730334.0,730334.0
9290,79,4,4,11236.0,584267.0,146067.0,730334.0,730334.0
12572,93,4,4,11236.0,584267.0,146067.0,730334.0,730334.0
11879,93,4,4,11236.0,584267.0,146067.0,730334.0,730334.0
10634,79,4,4,11236.0,584267.0,116853.0,701120.0,701120.0
14623,92,4,4,11236.0,584267.0,146067.0,730334.0,730334.0
9699,82,4,4,11236.0,584267.0,146067.0,730334.0,730334.0
9035,82,4,4,11236.0,584267.0,146067.0,730334.0,730334.0
3184,75,4,4,11236.0,584267.0,146067.0,730334.0,730334.0
9429,92,4,4,11236.0,584267.0,146067.0,730334.0,730334.0
5960,92,4,4,11236.0,584267.0,146067.0,730334.0,730334.0
8418,91,4,4,11236.0,584267.0,146067.0,730334.0,730334.0
4824,92,4,4,11236.0,584267.0,146067.0,730334.0,730334.0
3738,92,4,4,11236.0,584267.0,146067.0,730334.0,730334.0
9074,80,4,4,11236.0,584267.0,146067.0,730334.0,730334.0
10105,80,4,4,15730.0,817974.0,204493.0,1022467.0,1022467.0
8770,100,4,4,15730.0,817974.0,204493.0,1022467.0,1022467.0
7803,100,4,4,15730.0,817974.0,204493.0,1022467.0,1022467.0
7563,100,4,4,15730.0,817974.0,204493.0,1022467.0,1022467.0
13167,97,4,4,10337.0,537526.0,134381.0,671907.0,671907.0
9149,92,4,4,10112.0,525840.0,131460.0,657300.0,657300.0
5312,92,4,4,10112.0,525840.0,131460.0,657300.0,657300.0
6301,79,4,4,10112.0,525840.0,131460.0,657300.0,657300.0
91,92,4,4,10112.0,525840.0,131460.0,657300.0,657300.0
12976,77,4,4,14607.0,759547.0,189887.0,949434.0,949434.0
5398,93,4,4,10112.0,525840.0,131460.0,657300.0,657300.0
834,97,4,4,10112.0,525840.0,131460.0,657300.0,657300.0
12977,82,4,4,14607.0,759547.0,189887.0,949434.0,949434.0
3742,97,4,4,10112.0,525840.0,131460.0,657300.0,657300.0
71,85,4,4,13483.0,701120.0,175280.0,876400.0,876400.0
7902,97,4,4,13483.0,701120.0,175280.0,876400.0,876400.0
8486,79,4,4,13483.0,701120.0,175280.0,876400.0,876400.0
8026,92,4,4,13483.0,701120.0,175280.0,876400.0,876400.0
3186,80,4,4,13483.0,701120.0,175280.0,876400.0,876400.0
2216,84,4,4,13483.0,701120.0,175280.0,876400.0,876400.0
2821,99,4,4,13483.0,701120.0,175280.0,876400.0,876400.0
7990,89,4,4,13483.0,701120.0,175280.0,876400.0,876400.0
13890,85,4,4,9213.0,479099.0,119775.0,598874.0,598874.0
3683,93,4,4,8989.0,467413.0,116853.0,584267.0,584267.0
4899,78,4,4,8989.0,467413.0,116853.0,584267.0,584267.0
9588,80,4,4,8989.0,467413.0,116853.0,584267.0,584267.0
6335,85,4,4,8989.0,467413.0,116853.0,584267.0,584267.0
11684,85,4,4,8989.0,467413.0,116853.0,584267.0,584267.0
8086,100,4,4,8989.0,467413.0,116853.0,584267.0,584267.0
1917,84,4,4,8989.0,467413.0,116853.0,584267.0,584267.0
13008,93,4,4,8989.0,467413.0,116853.0,584267.0,584267.0
438,99,4,4,8989.0,467413.0,116853.0,584267.0,584267.0
12315,93,4,4,8989.0,467413.0,116853.0,584267.0,584267.0
4371,77,4,4,8989.0,467413.0,116853.0,584267.0,584267.0
3778,77,4,4,8989.0,467413.0,116853.0,584267.0,584267.0
13299,97,4,4,8989.0,467413.0,116853.0,584267.0,584267.0
1887,77,4,4,8989.0,467413.0,116853.0,584267.0,584267.0
582,100,4,4,8989.0,467413.0,116853.0,584267.0,584267.0
2110,100,4,4,8989.0,467413.0,116853.0,584267.0,584267.0
4505,97,4,4,8989.0,467413.0,116853.0,584267.0,584267.0
13974,87,4,4,8989.0,467413.0,116853.0,584267.0,584267.0
3116,97,4,4,8989.0,467413.0,116853.0,584267.0,584267.0
4865,92,4,4,8989.0,467413.0,116853.0,584267.0,584267.0
542,78,4,4,8989.0,467413.0,116853.0,584267.0,584267.0
10737,100,4,4,8989.0,467413.0,116853.0,584267.0,584267.0
10771,99,4,4,8315.0,432357.0,108089.0,540447.0,540447.0
8736,93,4,4,8427.0,438200.0,109550.0,547750.0,547750.0
8737,97,4,4,8427.0,438200.0,109550.0,547750.0,547750.0
558,84,4,4,7865.0,408987.0,102247.0,511234.0,511234.0
4480,89,4,4,7865.0,408987.0,102247.0,511234.0,511234.0
4849,89,4,4,7865.0,408987.0,102247.0,511234.0,511234.0
13695,80,4,4,7865.0,408987.0,102247.0,511234.0,511234.0
4486,93,4,4,7865.0,408987.0,102247.0,511234.0,511234.0
11927,100,4,4,7865.0,408987.0,102247.0,511234.0,511234.0
4296,97,4,4,7865.0,408987.0,102247.0,511234.0,511234.0
10595,97,4,4,7865.0,408987.0,102247.0,511234.0,511234.0
8309,76,4,4,7865.0,408987.0,102247.0,511234.0,511234.0
7956,89,4,4,11236.0,584267.0,146067.0,730334.0,730334.0
11017,82,4,4,11236.0,584267.0,146067.0,730334.0,730334.0
12438,99,4,4,11236.0,584267.0,146067.0,730334.0,730334.0
3798,94,4,4,11236.0,584267.0,146067.0,730334.0,730334.0
8353,93,4,4,7416.0,385616.0,96404.0,482020.0,482020.0
6466,80,4,4,7303.0,379773.0,94943.0,474717.0,474717.0
7735,89,4,4,7191.0,373931.0,93483.0,467413.0,467413.0
14464,89,4,4,10112.0,525840.0,131460.0,657300.0,657300.0
4671,80,4,4,6742.0,350560.0,87640.0,438200.0,438200.0
14515,80,4,4,6742.0,350560.0,87640.0,438200.0,438200.0
837,99,4,4,6742.0,350560.0,87640.0,438200.0,438200.0
3748,97,4,4,6742.0,350560.0,87640.0,438200.0,438200.0
2566,89,4,4,6742.0,350560.0,87640.0,438200.0,438200.0
7851,89,4,4,6742.0,350560.0,87640.0,438200.0,438200.0
262,88,4,4,6742.0,350560.0,87640.0,438200.0,438200.0
2977,85,4,4,6742.0,350560.0,87640.0,438200.0,438200.0
13590,99,4,4,6742.0,350560.0,87640.0,438200.0,438200.0
5889,79,4,4,6742.0,350560.0,87640.0,438200.0,438200.0
12657,89,4,4,6742.0,350560.0,87640.0,438200.0,438200.0
11787,85,4,4,6742.0,350560.0,87640.0,438200.0,438200.0
14521,89,4,4,6742.0,350560.0,116853.0,467413.0,467413.0
9989,80,4,4,6742.0,350560.0,87640.0,438200.0,438200.0
1423,91,4,4,6742.0,350560.0,87640.0,438200.0,438200.0
1568,100,4,4,6742.0,350560.0,87640.0,438200.0,438200.0
7246,78,4,4,6742.0,350560.0,87640.0,438200.0,438200.0
12780,78,4,4,6742.0,350560.0,87640.0,438200.0,438200.0
14627,78,4,4,6742.0,350560.0,87640.0,438200.0,438200.0
13675,86,4,4,6742.0,350560.0,116853.0,467413.0,467413.0
2294,87,4,4,6742.0,350560.0,87640.0,438200.0,438200.0
699,79,4,4,6742.0,350560.0,87640.0,438200.0,438200.0
3385,94,4,4,6742.0,350560.0,87640.0,438200.0,438200.0
9309,85,4,4,6292.0,327189.0,81797.0,408987.0,408987.0
13684,85,4,4,8989.0,467413.0,116853.0,584267.0,584267.0
2650,88,4,4,8989.0,467413.0,116853.0,584267.0,584267.0
3930,87,4,4,8989.0,467413.0,116853.0,584267.0,584267.0
6958,100,4,4,8989.0,467413.0,116853.0,584267.0,584267.0
3929,77,4,4,8989.0,467413.0,116853.0,584267.0,584267.0
13147,79,4,4,8539.0,444043.0,111011.0,555054.0,555054.0
10569,92,4,4,5618.0,292133.0,73033.0,365167.0,365167.0
9688,78,4,4,5618.0,292133.0,73033.0,365167.0,365167.0
5766,93,4,4,5618.0,292133.0,73033.0,365167.0,365167.0
1196,85,4,4,5618.0,292133.0,73033.0,365167.0,365167.0
5544,77,4,4,5618.0,292133.0,73033.0,365167.0,365167.0
13712,82,4,4,5618.0,292133.0,73033.0,365167.0,365167.0
5588,79,4,4,5618.0,292133.0,73033.0,365167.0,365167.0
13000,85,4,4,5618.0,292133.0,73033.0,365167.0,365167.0
10652,84,4,4,5618.0,292133.0,73033.0,365167.0,365167.0
6383,84,4,4,5618.0,292133.0,73033.0,365167.0,365167.0
1009,84,4,4,5618.0,292133.0,73033.0,365167.0,365167.0
256,79,4,4,5618.0,292133.0,73033.0,365167.0,365167.0
3053,89,4,4,5618.0,292133.0,73033.0,365167.0,365167.0
4388,93,4,4,5618.0,292133.0,73033.0,365167.0,365167.0
5104,91,4,4,5618.0,292133.0,73033.0,365167.0,365167.0
7749,85,4,4,5618.0,292133.0,73033.0,365167.0,365167.0
5546,78,4,4,5618.0,292133.0,73033.0,365167.0,365167.0
12614,85,4,4,7865.0,408987.0,102247.0,511234.0,511234.0
12618,100,4,4,7865.0,408987.0,102247.0,511234.0,511234.0
10983,100,4,4,7865.0,408987.0,102247.0,511234.0,511234.0
1592,93,4,4,5393.0,280448.0,70112.0,350560.0,350560.0
9635,99,4,4,5393.0,280448.0,70112.0,350560.0,350560.0
8343,75,4,4,4494.0,233707.0,58427.0,292133.0,292133.0
9641,93,4,4,4494.0,233707.0,58427.0,292133.0,292133.0
10816,79,4,4,4494.0,233707.0,58427.0,292133.0,292133.0
9871,89,4,4,4494.0,233707.0,58427.0,292133.0,292133.0
7184,100,4,4,4494.0,233707.0,58427.0,292133.0,292133.0
3018,100,4,4,4494.0,233707.0,58427.0,292133.0,292133.0
680,89,4,4,4494.0,233707.0,58427.0,292133.0,292133.0
4980,97,4,4,4494.0,233707.0,58427.0,292133.0,292133.0
5041,97,4,4,4494.0,233707.0,58427.0,292133.0,292133.0
12385,100,4,4,4494.0,233707.0,58427.0,292133.0,292133.0
10853,84,4,4,4494.0,233707.0,58427.0,292133.0,292133.0
8014,97,4,4,4494.0,233707.0,58427.0,292133.0,292133.0
8161,80,4,4,4494.0,233707.0,58427.0,292133.0,292133.0
8909,80,4,4,4494.0,233707.0,58427.0,292133.0,292133.0
8318,77,4,4,4494.0,233707.0,58427.0,292133.0,292133.0
3703,82,4,4,4494.0,233707.0,58427.0,292133.0,292133.0
13611,85,4,4,4494.0,233707.0,58427.0,292133.0,292133.0
3963,99,4,4,6067.0,315504.0,78876.0,394380.0,394380.0
12990,93,4,4,4270.0,222021.0,55505.0,277527.0,277527.0
598,80,4,4,4045.0,210336.0,52584.0,262920.0,262920.0
12447,89,4,4,4045.0,210336.0,52584.0,262920.0,262920.0
13485,89,4,4,4045.0,210336.0,52584.0,262920.0,262920.0
11173,89,4,4,4045.0,210336.0,52584.0,262920.0,262920.0
2748,89,4,4,4045.0,210336.0,52584.0,262920.0,262920.0
11393,84,4,4,4045.0,210336.0,52584.0,262920.0,262920.0
10045,77,4,4,4045.0,210336.0,52584.0,262920.0,262920.0
11357,92,4,4,5618.0,292133.0,73033.0,365167.0,365167.0
13448,100,4,4,5618.0,292133.0,73033.0,365167.0,365167.0
297,78,4,4,3820.0,198651.0,49663.0,248313.0,248313.0
5971,79,4,4,3595.0,186965.0,46741.0,233707.0,233707.0
14135,89,4,4,3371.0,175280.0,43820.0,219100.0,219100.0
10915,79,4,4,3371.0,175280.0,43820.0,219100.0,219100.0
7090,78,4,4,3371.0,175280.0,43820.0,219100.0,219100.0
9062,78,4,4,3371.0,175280.0,43820.0,219100.0,219100.0
11764,99,4,4,3371.0,175280.0,43820.0,219100.0,219100.0
11786,86,4,4,3371.0,175280.0,43820.0,219100.0,219100.0
561,100,4,4,3371.0,175280.0,43820.0,219100.0,219100.0
12590,93,4,4,3371.0,175280.0,43820.0,219100.0,219100.0
8832,93,4,4,3371.0,175280.0,43820.0,219100.0,219100.0
3025,84,4,4,3371.0,175280.0,43820.0,219100.0,219100.0
14606,99,4,4,3371.0,175280.0,43820.0,219100.0,219100.0
4668,93,4,4,3371.0,175280.0,43820.0,219100.0,219100.0
10669,93,4,4,3371.0,175280.0,43820.0,219100.0,219100.0
9411,77,4,4,3371.0,175280.0,43820.0,219100.0,219100.0
12735,84,4,4,3371.0,175280.0,43820.0,219100.0,219100.0
3743,88,4,4,3371.0,175280.0,43820.0,219100.0,219100.0
824,99,4,4,3371.0,175280.0,43820.0,219100.0,219100.0
5736,85,4,4,3371.0,175280.0,43820.0,219100.0,219100.0
1385,93,4,4,3371.0,175280.0,43820.0,219100.0,219100.0
14324,78,4,4,3371.0,175280.0,43820.0,219100.0,219100.0
12882,99,4,4,3371.0,175280.0,43820.0,219100.0,219100.0
12088,78,4,4,3371.0,175280.0,43820.0,219100.0,219100.0
4023,85,4,4,4494.0,233707.0,58427.0,292133.0,292133.0
2982,85,4,4,3146.0,163595.0,40899.0,204493.0,204493.0
4024,99,4,4,4494.0,233707.0,58427.0,292133.0,292133.0
11748,94,4,4,2921.0,151909.0,37977.0,189887.0,189887.0
517,78,4,4,2697.0,140224.0,35056.0,175280.0,175280.0
11494,97,4,4,2697.0,140224.0,35056.0,175280.0,175280.0
5581,93,4,4,2697.0,140224.0,35056.0,175280.0,175280.0
11165,78,4,4,2697.0,140224.0,35056.0,175280.0,175280.0
7978,99,4,4,2697.0,140224.0,35056.0,175280.0,175280.0
8424,97,4,4,2697.0,140224.0,35056.0,175280.0,175280.0
9624,100,4,4,2247.0,116853.0,29213.0,146067.0,146067.0
9209,93,4,4,2247.0,116853.0,29213.0,146067.0,146067.0
12892,84,4,4,2247.0,116853.0,29213.0,146067.0,146067.0
4712,92,4,4,2247.0,116853.0,29213.0,146067.0,146067.0
4503,92,4,4,2247.0,116853.0,29213.0,146067.0,146067.0
4682,76,4,4,2247.0,116853.0,29213.0,146067.0,146067.0
9532,89,4,4,2247.0,116853.0,29213.0,146067.0,146067.0
12280,80,4,4,2247.0,116853.0,29213.0,146067.0,146067.0
5637,100,4,4,2247.0,116853.0,29213.0,146067.0,146067.0
5580,100,4,4,2247.0,116853.0,29213.0,146067.0,146067.0
83,100,4,4,2247.0,116853.0,29213.0,146067.0,146067.0
7358,85,4,4,2247.0,116853.0,29213.0,146067.0,146067.0
8412,82,4,4,2247.0,116853.0,29213.0,146067.0,146067.0
10586,82,4,4,2247.0,116853.0,29213.0,146067.0,146067.0
8346,94,4,4,2247.0,116853.0,29213.0,146067.0,146067.0
9737,79,4,4,2022.0,105168.0,26292.0,131460.0,131460.0
3883,82,4,4,2022.0,105168.0,26292.0,131460.0,131460.0
4843,93,4,4,2022.0,105168.0,26292.0,131460.0,131460.0
8414,97,4,4,2022.0,105168.0,26292.0,131460.0,131460.0
9474,91,4,4,1798.0,93483.0,23371.0,116853.0,116853.0
8582,82,4,4,1798.0,93483.0,23371.0,116853.0,116853.0
4118,84,4,4,1798.0,93483.0,23371.0,116853.0,116853.0
5407,79,4,4,1573.0,81797.0,20449.0,102247.0,102247.0
12677,92,4,4,1573.0,81797.0,20449.0,102247.0,102247.0
1872,92,4,4,1573.0,81797.0,20449.0,102247.0,102247.0
4299,85,4,4,1573.0,81797.0,20449.0,102247.0,102247.0
4984,85,4,4,1573.0,81797.0,20449.0,102247.0,102247.0
4992,92,4,4,1573.0,81797.0,20449.0,102247.0,102247.0
1571,85,4,4,1573.0,81797.0,20449.0,102247.0,102247.0
3808,92,4,4,1573.0,81797.0,20449.0,102247.0,102247.0
2940,93,4,4,1573.0,81797.0,20449.0,102247.0,102247.0
6226,89,4,4,2022.0,105168.0,26292.0,131460.0,131460.0
590,88,4,4,1348.0,70112.0,17528.0,87640.0,87640.0
7976,80,4,4,1348.0,70112.0,17528.0,87640.0,87640.0
5107,78,4,4,1348.0,70112.0,17528.0,87640.0,87640.0
13477,89,4,4,1124.0,58427.0,14607.0,73033.0,73033.0
