PlayerID,ClubID,LigaID,TemporadaID,MP,Mins,Starts,Nineties,Goals,Assists,GoalsAssists,GoalsNoPK,PK,PKAtt,YellowCards,RedCards,PointsPerMatch,OnGoals,OnGoalsAgainst,PlusMinus,PlusMinus90,OnOff
118,19,1,1,13,607.0,7,6.7,,,,,,,,,1.08,7.0,10.0,-3.0,-0.44,-0.7
885,23,1,1,1,13.0,0,0.1,,,,,,,,,0.0,0.0,0.0,0.0,0.0,0.79
9087,24,1,1,30,1912.0,21,21.2,,,,,,,,,1.33,28.0,34.0,-6.0,-0.28,-0.22
7272,3,1,1,8,675.0,7,7.5,,,,,,,,,0.75,5.0,6.0,-1.0,-0.13,-0.3
888,23,1,1,34,1888.0,18,21.0,,,,,,,,,1.15,19.0,36.0,-17.0,-0.81,-0.05
7080,7,1,1,35,3119.0,35,34.7,,,,,,,,,1.14,40.0,48.0,-8.0,-0.23,0.37
12833,2,1,1,29,2297.0,27,25.5,,,,,,,,,0.93,31.0,45.0,-14.0,-0.55,-0.39
1720,23,1,1,1,11.0,0,0.1,,,,,,,,,0.0,0.0,1.0,-1.0,-8.18,-7.42
11419,19,1,1,12,447.0,3,5.0,,,,,,,,,1.67,2.0,6.0,-4.0,-0.81,-1.08
3127,20,1,1,23,1838.0,21,20.4,,,,,,,,,2.3,49.0,18.0,31.0,1.52,1.06
1232,5,1,1,4,25.0,0,0.3,,,,,,,,,2.25,0.0,0.0,0.0,0.0,-1.33
13665,6,1,1,4,223.0,2,2.5,,,,,,,,,0.0,0.0,7.0,-7.0,-2.83,-2.37
6960,5,1,1,24,1419.0,14,15.8,,,,,,,,,2.17,27.0,8.0,19.0,1.21,-0.19
11876,26,1,1,25,2119.0,24,23.5,,,,,,,,,1.52,29.0,23.0,6.0,0.25,-0.64
12335,6,1,1,31,2043.0,22,22.7,,,,,,,,,1.29,18.0,26.0,-8.0,-0.35,0.63
11058,10,1,1,25,2047.0,23,22.7,,,,,,,,,1.04,19.0,24.0,-5.0,-0.22,0.17
5844,6,1,1,31,1311.0,13,14.6,,,,,,,,,1.06,8.0,26.0,-18.0,-1.24,-1.02
2282,10,1,1,35,2119.0,26,23.5,,,,,,,,,1.0,17.0,27.0,-10.0,-0.42,-0.36
457,8,1,1,1,15.0,0,0.2,,,,,,,,,0.0,0.0,0.0,0.0,0.0,0.98
1233,10,1,1,26,1138.0,11,12.6,,,,,,,,,1.19,17.0,15.0,2.0,0.16,0.67
10170,22,1,1,19,587.0,5,6.5,,,,,,,,,1.89,11.0,9.0,2.0,0.31,-0.14
3580,25,1,1,34,2539.0,29,28.2,,,,,,,,,1.15,30.0,32.0,-2.0,-0.07,0.03
10445,6,1,1,0,,0,,,,,,,,,,,,,,,
7003,19,1,1,0,,0,,,,,,,,,,,,,,,
9089,5,1,1,24,1172.0,11,13.0,,,,,,,,,2.29,22.0,11.0,11.0,0.84,-0.72
2301,24,1,1,1,10.0,0,0.1,,,,,,,,,3.0,0.0,1.0,-1.0,-9.0,-8.84
4870,10,1,1,22,1501.0,16,16.7,,,,,,,,,1.41,17.0,15.0,2.0,0.12,0.73
5453,7,1,1,0,,0,,,,,,,,,,,,,,,
5629,26,1,1,0,,0,,,,,,,,,,,,,,,
14441,3,1,1,28,2332.0,27,25.9,,,,,,,,,1.5,33.0,30.0,3.0,0.12,0.03
3402,7,1,1,0,,0,,,,,,,,,,,,,,,
12773,23,1,1,7,267.0,3,3.0,,,,,,,,,1.14,6.0,4.0,2.0,0.67,1.59
3969,10,1,1,0,,0,,,,,,,,,,,,,,,
960,16,1,1,28,1227.0,12,13.6,,,,,,,,,1.25,13.0,14.0,-1.0,-0.07,0.13
6906,10,1,1,5,200.0,1,2.2,,,,,,,,,0.8,2.0,2.0,0.0,0.0,0.31
9094,25,1,1,17,447.0,3,5.0,,,,,,,,,0.76,9.0,7.0,2.0,0.4,0.55
4268,10,1,1,15,585.0,7,6.5,,,,,,,,,1.13,7.0,15.0,-8.0,-1.23,-1.14
7075,16,1,1,2,98.0,1,1.1,,,,,,,,,1.5,0.0,3.0,-3.0,-2.76,-2.67
7009,6,1,1,2,46.0,0,0.5,,,,,,,,,0.0,0.0,1.0,-1.0,-1.96,-1.37
1436,23,1,1,3,210.0,3,2.3,,,,,,,,,0.33,2.0,5.0,-3.0,-1.29,-0.53
1595,2,1,1,0,,0,,,,,,,,,,,,,,,
9729,10,1,1,13,992.0,13,11.0,,,,,,,,,1.08,11.0,18.0,-7.0,-0.64,-0.49
3772,22,1,1,0,,0,,,,,,,,,,,,,,,
12302,5,1,1,22,1800.0,21,20.0,,,,,,,,,2.45,42.0,5.0,37.0,1.85,1.13
9523,24,1,1,0,,0,,,,,,,,,,,,,,,
291,3,1,1,8,84.0,0,0.9,,,,,,,,,0.63,1.0,3.0,-2.0,-2.14,-2.3
12839,20,1,1,2,19.0,0,0.2,,,,,,,,,1.5,0.0,1.0,-1.0,-4.74,-5.8
12127,23,1,1,1,15.0,0,0.2,,,,,,,,,0.0,0.0,1.0,-1.0,-6.0,-5.23
12021,11,1,1,7,133.0,0,1.5,,,,,,,,,2.0,2.0,2.0,0.0,0.0,-0.08
12636,6,1,1,12,483.0,5,5.4,,,,,,,,,0.92,1.0,15.0,-14.0,-2.61,-2.33
12840,23,1,1,10,900.0,10,10.0,,,,,,,,,0.8,7.0,21.0,-14.0,-1.4,-0.83
9021,20,1,1,31,1442.0,15,16.0,,,,,,,,,1.9,34.0,16.0,18.0,1.12,0.17
5508,7,1,1,37,2868.0,31,31.9,,,,,,,,,1.16,36.0,46.0,-10.0,-0.31,-0.31
1022,5,1,1,0,,0,,,,,,,,,,,,,,,
11644,5,1,1,1,9.0,0,0.1,,,,,,,,,1.0,0.0,0.0,0.0,0.0,-1.32
8572,16,1,1,4,132.0,1,1.5,,,,,,,,,0.0,1.0,4.0,-3.0,-2.05,-1.96
4190,17,1,1,29,1709.0,23,19.0,,,,,,,,,1.31,18.0,17.0,1.0,0.05,0.37
5571,16,1,1,29,1705.0,20,18.9,,,,,,,,,1.45,14.0,23.0,-9.0,-0.48,-0.63
13084,2,1,1,34,2998.0,33,33.3,,,,,,,,,1.15,42.0,56.0,-14.0,-0.42,0.01
8279,24,1,1,19,1449.0,16,16.1,,,,,,,,,1.84,24.0,16.0,8.0,0.5,1.18
3718,8,1,1,36,3240.0,36,36.0,,,,,,,,,0.69,29.0,63.0,-34.0,-0.94,0.56
606,26,1,1,35,1947.0,19,21.6,,,,,,,,,1.71,32.0,23.0,9.0,0.42,-0.19
10017,7,1,1,0,,0,,,,,,,,,,,,,,,
458,5,1,1,33,2471.0,30,27.5,,,,,,,,,2.45,48.0,15.0,33.0,1.2,-0.41
10072,3,1,1,3,115.0,1,1.3,,,,,,,,,1.0,1.0,3.0,-2.0,-1.57,-1.73
5847,18,1,1,37,3232.0,37,35.9,,,,,,,,,1.3,43.0,47.0,-4.0,-0.11,1.8
8091,2,1,1,28,1726.0,24,19.2,,,,,,,,,1.29,28.0,30.0,-2.0,-0.1,0.64
1758,7,1,1,0,,0,,,,,,,,,,,,,,,
7558,9,1,1,18,503.0,4,5.6,,,,,,,,,0.89,5.0,12.0,-7.0,-1.25,-0.94
7753,17,1,1,27,1312.0,15,14.6,,,,,,,,,1.3,19.0,18.0,1.0,0.07,0.32
1025,22,1,1,23,878.0,9,9.8,,,,,,,,,2.0,14.0,5.0,9.0,0.92,0.67
11211,4,1,1,21,724.0,6,8.0,,,,,,,,,2.05,13.0,9.0,4.0,0.5,-0.6
889,6,1,1,0,,0,,,,,,,,,,,,,,,
12207,16,1,1,15,686.0,8,7.6,,,,,,,,,1.47,5.0,6.0,-1.0,-0.13,0.03
1786,18,1,1,4,60.0,0,0.7,,,,,,,,,0.25,1.0,1.0,0.0,0.0,0.21
5380,5,1,1,3,143.0,1,1.6,,,,,,,,,3.0,4.0,0.0,4.0,2.52,1.25
13991,10,1,1,0,,0,,,,,,,,,,,,,,,
4633,7,1,1,36,2855.0,33,31.7,,,,,,,,,1.17,35.0,44.0,-9.0,-0.28,-0.12
5633,17,1,1,4,176.0,2,2.0,,,,,,,,,2.25,2.0,0.0,2.0,1.02,1.22
7496,20,1,1,24,2038.0,24,22.6,,,,,,,,,2.08,46.0,17.0,29.0,1.28,0.63
14559,3,1,1,29,2406.0,27,26.7,,,,,,,,,1.1,23.0,32.0,-9.0,-0.34,-1.49
609,3,1,1,37,2297.0,26,25.5,,,,,,,,,1.3,30.0,33.0,-3.0,-0.12,-0.68
3956,25,1,1,0,,0,,,,,,,,,,,,,,,
11487,8,1,1,28,2020.0,25,22.4,,,,,,,,,0.57,12.0,42.0,-30.0,-1.34,-0.89
3779,2,1,1,21,1264.0,15,14.0,,,,,,,,,1.1,23.0,23.0,0.0,0.0,0.67
7359,3,1,1,0,,0,,,,,,,,,,,,,,,
1380,6,1,1,3,158.0,2,1.8,,,,,,,,,0.0,1.0,6.0,-5.0,-2.85,-2.35
8015,8,1,1,17,872.0,9,9.7,,,,,,,,,1.0,9.0,16.0,-7.0,-0.72,0.34
13353,6,1,1,31,1938.0,24,21.5,,,,,,,,,1.19,19.0,25.0,-6.0,-0.28,0.75
14414,24,1,1,25,2151.0,25,23.9,,,,,,,,,1.04,27.0,42.0,-15.0,-0.63,-1.19
8476,8,1,1,35,2462.0,29,27.4,,,,,,,,,0.69,24.0,47.0,-23.0,-0.84,0.47
9292,9,1,1,31,2456.0,29,27.3,,,,,,,,,0.94,35.0,46.0,-11.0,-0.4,0.16
3101,17,1,1,25,1041.0,9,11.6,,,,,,,,,1.36,11.0,14.0,-3.0,-0.26,-0.18
2669,19,1,1,12,1080.0,12,12.0,,,,,,,,,1.67,13.0,9.0,4.0,0.33,0.29
3403,4,1,1,0,,0,,,,,,,,,,,,,,,
1283,17,1,1,31,1798.0,22,20.0,,,,,,,,,1.48,22.0,19.0,3.0,0.15,0.59
8877,24,1,1,2,149.0,2,1.7,,,,,,,,,0.0,1.0,3.0,-2.0,-1.21,-1.07
12638,11,1,1,34,3010.0,34,33.4,,,,,,,,,1.44,55.0,48.0,7.0,0.21,1.09
12841,5,1,1,30,2339.0,28,26.0,,,,,,,,,2.43,41.0,11.0,30.0,1.15,-0.51
8048,9,1,1,32,2669.0,31,29.7,,,,,,,,,1.03,40.0,54.0,-14.0,-0.47,-0.11
2213,6,1,1,3,137.0,1,1.5,,,,,,,,,0.67,0.0,3.0,-3.0,-1.97,-1.42
4435,9,1,1,27,1611.0,20,17.9,,,,,,,,,1.07,21.0,30.0,-9.0,-0.5,-0.1
702,11,1,1,6,120.0,0,1.3,,,,,,,,,1.83,1.0,0.0,1.0,0.75,0.7
3258,11,1,1,0,,0,,,,,,,,,,,,,,,
3763,20,1,1,37,2010.0,21,22.3,,,,,,,,,2.11,51.0,16.0,35.0,1.57,1.31
12842,18,1,1,38,2401.0,27,26.7,,,,,,,,,1.29,36.0,38.0,-2.0,-0.07,0.45
12846,19,1,1,31,2402.0,28,26.7,,,,,,,,,1.52,31.0,28.0,3.0,0.11,-0.06
8478,20,1,1,0,,0,,,,,,,,,,,,,,,
1029,3,1,1,7,109.0,1,1.2,,,,,,,,,1.43,2.0,0.0,2.0,1.65,1.6
4152,26,1,1,28,1955.0,22,21.7,,,,,,,,,1.5,33.0,26.0,7.0,0.32,-0.41
5737,6,1,1,27,2199.0,25,24.4,,,,,,,,,1.26,20.0,22.0,-2.0,-0.08,1.47
2289,26,1,1,0,,0,,,,,,,,,,,,,,,
7195,11,1,1,10,900.0,10,10.0,,,,,,,,,0.8,14.0,18.0,-4.0,-0.4,-0.65
7017,2,1,1,1,20.0,0,0.2,,,,,,,,,0.0,0.0,1.0,-1.0,-4.5,-4.1
7018,9,1,1,10,159.0,0,1.8,,,,,,,,,0.9,7.0,2.0,5.0,2.83,3.44
2357,24,1,1,10,527.0,5,5.9,,,,,,,,,1.0,6.0,11.0,-5.0,-0.85,-0.79
2355,8,1,1,9,589.0,8,6.5,,,,,,,,,1.0,5.0,10.0,-5.0,-0.76,0.25
14380,4,1,1,35,2317.0,26,25.7,,,,,,,,,2.06,43.0,25.0,18.0,0.7,-0.85
12849,26,1,1,0,,0,,,,,,,,,,,,,,,
2704,7,1,1,0,,0,,,,,,,,,,,,,,,
2885,20,1,1,27,1784.0,20,19.8,,,,,,,,,1.96,38.0,22.0,16.0,0.81,-0.46
14226,19,1,1,33,2438.0,31,27.1,,,,,,,,,1.7,35.0,26.0,9.0,0.33,0.7
8949,5,1,1,0,,0,,,,,,,,,,,,,,,
2364,20,1,1,1,8.0,0,0.1,,,,,,,,,3.0,0.0,0.0,0.0,0.0,-1.03
7773,10,1,1,0,,0,,,,,,,,,,,,,,,
13933,11,1,1,35,2597.0,33,28.9,,,,,,,,,1.29,43.0,41.0,2.0,0.07,-0.04
12531,25,1,1,25,1362.0,17,15.1,,,,,,,,,0.88,14.0,15.0,-1.0,-0.07,0.02
2378,18,1,1,35,3103.0,35,34.5,,,,,,,,,1.34,41.0,48.0,-7.0,-0.2,0.08
3727,25,1,1,25,1449.0,20,16.1,,,,,,,,,0.88,18.0,15.0,3.0,0.19,0.46
2888,20,1,1,30,1564.0,19,17.4,,,,,,,,,2.17,26.0,14.0,12.0,0.69,-0.62
5852,23,1,1,0,,0,,,,,,,,,,,,,,,
614,2,1,1,15,1123.0,11,12.5,,,,,,,,,1.06,19.0,21.0,-2.0,-0.16,0.39
4714,7,1,1,36,1894.0,21,21.0,,,,,,,,,1.11,19.0,37.0,-18.0,-0.86,-1.33
11519,18,1,1,16,366.0,2,4.1,,,,,,,,,1.75,7.0,7.0,0.0,0.0,0.24
11296,8,1,1,2,37.0,0,0.4,,,,,,,,,0.33,2.0,1.0,1.0,2.43,3.44
1132,5,1,1,23,1760.0,22,19.6,,,,,,,,,2.3,33.0,13.0,20.0,1.02,-0.6
12548,26,1,1,37,2339.0,27,26.0,,,,,,,,,1.73,42.0,33.0,9.0,0.35,-0.49
2658,2,1,1,21,1489.0,15,16.5,,,,,,,,,1.1,20.0,30.0,-10.0,-0.6,-0.32
14002,6,1,1,14,965.0,10,10.7,,,,,,,,,0.86,7.0,20.0,-13.0,-1.21,-0.85
11339,18,1,1,32,1282.0,12,14.2,,,,,,,,,1.47,9.0,27.0,-18.0,-1.26,-1.68
2315,8,1,1,32,2639.0,31,29.3,,,,,,,,,0.72,24.0,50.0,-26.0,-0.89,0.38
8881,8,1,1,0,,0,,,,,,,,,,,,,,,
616,8,1,1,15,722.0,8,8.0,,,,,,,,,,6.0,18.0,-12.0,-1.5,-0.66
3408,26,1,1,2,6.0,0,0.1,,,,,,,,,1.5,1.0,0.0,1.0,15.0,14.53
4049,25,1,1,23,1672.0,19,18.6,,,,,,,,,1.22,22.0,22.0,0.0,0.0,0.15
12631,18,1,1,35,2451.0,29,27.2,,,,,,,,,1.2,36.0,33.0,3.0,0.11,1.13
3409,10,1,1,0,,0,,,,,,,,,,,,,,,
9293,7,1,1,0,,0,,,,,,,,,,,,,,,
2740,16,1,1,28,2206.0,27,24.5,,,,,,,,,1.39,22.0,26.0,-4.0,-0.16,-0.01
4685,26,1,1,16,748.0,9,8.3,,,,,,,,,1.38,10.0,6.0,4.0,0.48,-0.02
6508,24,1,1,4,111.0,1,1.2,,,,,,,,,0.75,3.0,2.0,1.0,0.81,1.03
249,4,1,1,0,,0,,,,,,,,,,,,,,,
1234,4,1,1,35,1455.0,13,16.2,,,,,,,,,1.94,29.0,15.0,14.0,0.87,-0.19
13405,25,1,1,27,2009.0,24,22.3,,,,,,,,,1.19,27.0,26.0,1.0,0.04,0.3
6229,16,1,1,32,2599.0,30,28.9,,,,,,,,,1.44,31.0,32.0,-1.0,-0.03,0.51
12534,2,1,1,32,1989.0,22,22.1,,,,,,,,,1.16,23.0,47.0,-24.0,-1.09,-1.59
13398,20,1,1,31,2790.0,31,31.0,,,,,,,,,2.1,61.0,29.0,32.0,1.03,0.03
14330,11,1,1,25,1158.0,12,12.9,,,,,,,,,1.12,20.0,15.0,5.0,0.39,0.47
2764,25,1,1,0,,0,,,,,,,,,,,,,,,
7207,17,1,1,27,2062.0,21,22.9,,,,,,,,,1.33,21.0,27.0,-6.0,-0.26,-0.33
7204,19,1,1,6,178.0,1,2.0,,,,,,,,,1.33,5.0,2.0,3.0,1.52,1.46
6972,26,1,1,10,506.0,5,5.6,,,,,,,,,1.4,5.0,7.0,-2.0,-0.36,-1.0
2085,16,1,1,5,220.0,2,2.4,,,,,,,,,0.8,2.0,2.0,0.0,0.0,0.17
9455,4,1,1,11,377.0,2,4.2,,,,,,,,,1.82,10.0,6.0,4.0,0.95,-0.02
2804,2,1,1,2,43.0,0,0.5,,,,,,,,,1.5,0.0,2.0,-2.0,-4.19,-3.81
1531,26,1,1,10,479.0,6,5.3,,,,,,,,,1.4,4.0,7.0,-3.0,-0.56,-1.24
12815,9,1,1,38,3320.0,38,36.9,,,,,,,,,0.97,51.0,64.0,-13.0,-0.35,3.25
8723,24,1,1,0,,0,,,,,,,,,,,,,,,
12213,4,1,1,30,1923.0,24,21.4,,,,,,,,,2.07,40.0,20.0,20.0,0.94,-0.09
412,26,1,1,1,5.0,0,0.1,,,,,,,,,0.0,0.0,0.0,0.0,0.0,-0.5
13427,24,1,1,8,309.0,2,3.4,,,,,,,,,0.25,2.0,7.0,-5.0,-1.46,-1.4
4637,19,1,1,1,12.0,0,0.1,,,,,,,,,3.0,0.0,0.0,0.0,0.0,-0.13
11184,5,1,1,25,1410.0,16,15.7,,,,,,,,,2.36,32.0,11.0,21.0,1.34,0.04
10317,25,1,1,29,2446.0,28,27.2,,,,,,,,,1.14,34.0,29.0,5.0,0.18,0.92
8866,6,1,1,2,66.0,1,0.7,,,,,,,,,0.0,0.0,1.0,-1.0,-1.36,-0.77
14495,6,1,1,5,98.0,1,1.1,,,,,,,,,1.0,0.0,5.0,-5.0,-4.59,-4.1
12851,4,1,1,0,,0,,,,,,,,,,,,,,,
13208,18,1,1,37,3324.0,37,36.9,,,,,,,,,1.32,44.0,49.0,-5.0,-0.14,2.68
3538,10,1,1,33,2840.0,33,31.6,,,,,,,,,1.03,27.0,39.0,-12.0,-0.38,-0.54
9242,24,1,1,15,1269.0,13,14.1,,,,,,,,,1.73,20.0,13.0,7.0,0.5,1.08
9567,4,1,1,2,18.0,0,0.2,,,,,,,,,3.0,1.0,0.0,1.0,5.0,4.05
7537,24,1,1,4,197.0,2,2.2,,,,,,,,,0.5,2.0,2.0,0.0,0.0,0.2
6231,25,1,1,0,,0,,,,,,,,,,,,,,,
2316,7,1,1,3,108.0,1,1.2,,,,,,,,,3.0,2.0,1.0,1.0,0.83,1.13
6272,7,1,1,0,,0,,,,,,,,,,,,,,,
9161,25,1,1,0,,0,,,,,,,,,,,,,,,
6746,8,1,1,14,1092.0,13,12.1,,,,,,,,,0.86,11.0,14.0,-3.0,-0.25,1.07
2321,20,1,1,0,,0,,,,,,,,,,,,,,,
3583,10,1,1,31,2657.0,30,29.5,,,,,,,,,0.94,26.0,40.0,-14.0,-0.47,-0.83
11219,7,1,1,4,36.0,0,0.4,,,,,,,,,0.5,0.0,1.0,-1.0,-2.5,-2.26
5466,25,1,1,30,1385.0,12,15.4,,,,,,,,,1.13,16.0,20.0,-4.0,-0.26,-0.3
5712,2,1,1,25,967.0,10,10.7,,,,,,,,,1.4,11.0,19.0,-8.0,-0.74,-0.45
1471,22,1,1,25,1449.0,16,16.1,,,,,,,,,2.2,26.0,14.0,12.0,0.75,0.56
12216,2,1,1,36,3155.0,36,35.1,,,,,,,,,1.03,45.0,61.0,-16.0,-0.46,-0.46
222,2,1,1,29,1472.0,18,16.4,,,,,,,,,1.14,23.0,27.0,-4.0,-0.24,0.31
224,9,1,1,1,35.0,0,0.4,,,,,,,,,1.0,2.0,1.0,1.0,2.57,3.05
14511,24,1,1,31,1661.0,17,18.5,,,,,,,,,1.42,26.0,22.0,4.0,0.22,0.78
5134,6,1,1,14,1121.0,13,12.5,,,,,,,,,1.57,13.0,13.0,0.0,0.0,0.9
12852,23,1,1,23,1439.0,17,16.0,,,,,,,,,1.13,16.0,21.0,-5.0,-0.31,0.82
804,6,1,1,36,3122.0,35,34.7,,,,,,,,,1.17,29.0,43.0,-14.0,-0.4,2.31
1953,11,1,1,20,1225.0,14,13.6,,,,,,,,,1.05,14.0,26.0,-12.0,-0.88,-1.5
4120,5,1,1,0,,0,,,,,,,,,,,,,,,
11546,26,1,1,0,,0,,,,,,,,,,,,,,,
7506,6,1,1,0,,0,,,,,,,,,,,,,,,
3757,9,1,1,28,1160.0,13,12.9,,,,,,,,,0.89,21.0,25.0,-4.0,-0.31,0.21
10683,8,1,1,18,514.0,3,5.7,,,,,,,,,0.44,5.0,10.0,-5.0,-0.88,0.12
45,17,1,1,28,1504.0,19,16.7,,,,,,,,,1.43,20.0,15.0,5.0,0.3,0.77
11735,18,1,1,27,616.0,3,6.8,,,,,,,,,1.11,6.0,9.0,-3.0,-0.44,-0.28
4294,6,1,1,25,1714.0,22,19.0,,,,,,,,,1.16,17.0,25.0,-8.0,-0.42,0.37
8852,26,1,1,1,30.0,0,0.3,,,,,,,,,3.0,1.0,0.0,1.0,3.0,2.52
1978,11,1,1,0,,0,,,,,,,,,,,,,,,
1275,5,1,1,36,1393.0,12,15.5,,,,,,,,,2.36,36.0,5.0,31.0,2.0,1.16
14630,23,1,1,8,375.0,4,4.2,,,,,,,,,1.25,5.0,7.0,-2.0,-0.48,0.35
10397,19,1,1,15,961.0,12,10.7,,,,,,,,,1.73,19.0,10.0,9.0,0.84,0.99
4382,4,1,1,3,194.0,2,2.2,,,,,,,,,0.33,1.0,3.0,-2.0,-0.93,-2.02
8625,19,1,1,23,1763.0,22,19.6,,,,,,,,,1.35,23.0,23.0,0.0,0.0,-0.27
6587,4,1,1,14,650.0,7,7.2,,,,,,,,,1.86,11.0,8.0,3.0,0.42,-0.69
7775,26,1,1,20,1133.0,13,12.6,,,,,,,,,1.45,12.0,14.0,-2.0,-0.16,-0.99
334,17,1,1,21,1890.0,21,21.0,,,,,,,,,1.67,23.0,19.0,4.0,0.19,0.72
621,6,1,1,28,1576.0,17,17.5,,,,,,,,,1.11,12.0,26.0,-14.0,-0.8,-0.36
897,9,1,1,11,990.0,11,11.0,,,,,,,,,1.33,17.0,18.0,-1.0,-0.09,0.5
2323,22,1,1,24,631.0,8,7.0,,,,,,,,,1.79,6.0,8.0,-2.0,-0.29,-0.87
9097,16,1,1,0,,0,,,,,,,,,,,,,,,
4356,8,1,1,1,90.0,1,1.0,,,,,,,,,0.0,1.0,2.0,-1.0,-1.0,-0.03
6622,23,1,1,27,2156.0,24,24.0,,,,,,,,,1.26,26.0,42.0,-16.0,-0.67,0.33
13961,11,1,1,25,967.0,7,10.7,,,,,,,,,1.24,14.0,14.0,0.0,0.0,-0.11
4431,2,1,1,37,3285.0,37,36.5,,,,,,,,,1.11,48.0,61.0,-13.0,-0.36,1.64
4433,24,1,1,22,1577.0,19,17.5,,,,,,,,,1.5,30.0,24.0,6.0,0.34,0.98
4455,8,1,1,27,1714.0,21,19.0,,,,,,,,,0.81,14.0,29.0,-15.0,-0.79,0.37
4628,9,1,1,0,,0,,,,,,,,,,,,,,,
3477,25,1,1,30,1738.0,17,19.3,,,,,,,,,1.17,17.0,24.0,-7.0,-0.36,-0.58
7217,26,1,1,24,1958.0,22,21.8,,,,,,,,,1.92,41.0,24.0,17.0,0.78,0.66
5856,23,1,1,22,1743.0,18,19.4,,,,,,,,,0.86,19.0,33.0,-14.0,-0.72,0.14
13735,11,1,1,0,,0,,,,,,,,,,,,,,,
3421,2,1,1,0,,0,,,,,,,,,,,,,,,
6236,7,1,1,37,3160.0,36,35.1,,,,,,,,,1.16,42.0,49.0,-7.0,-0.2,0.84
5723,16,1,1,30,2449.0,28,27.2,,,,,,,,,1.53,29.0,25.0,4.0,0.15,1.07
1890,16,1,1,0,,0,,,,,,,,,,,,,,,
450,11,1,1,30,2337.0,26,26.0,,,,,,,,,1.13,39.0,37.0,2.0,0.08,-0.01
901,18,1,1,35,2870.0,34,31.9,,,,,,,,,1.31,34.0,41.0,-7.0,-0.22,-0.06
2028,11,1,1,11,679.0,10,7.5,,,,,,,,,1.55,16.0,12.0,4.0,0.53,0.56
2326,6,1,1,1,25.0,0,0.3,,,,,,,,,1.0,1.0,0.0,1.0,3.6,4.24
2893,3,1,1,25,1485.0,18,16.5,,,,,,,,,1.44,24.0,19.0,5.0,0.3,0.35
3159,17,1,1,32,2680.0,31,29.8,,,,,,,,,1.56,32.0,35.0,-3.0,-0.1,0.14
4081,5,1,1,24,1417.0,15,15.7,,,,,,,,,2.0,30.0,10.0,20.0,1.27,-0.08
4638,18,1,1,38,3407.0,38,37.9,,,,,,,,,1.29,45.0,53.0,-8.0,-0.21,-0.21
6571,9,1,1,1,90.0,1,1.0,,,,,,,,,1.0,3.0,3.0,0.0,0.0,0.46
11888,3,1,1,35,967.0,6,10.7,,,,,,,,,1.29,11.0,13.0,-2.0,-0.19,-0.41
12345,17,1,1,29,1159.0,11,12.9,,,,,,,,,1.31,9.0,13.0,-4.0,-0.31,-0.27
12647,10,1,1,0,,0,,,,,,,,,,,,,,,
13869,17,1,1,21,1713.0,20,19.0,,,,,,,,,1.62,19.0,19.0,0.0,0.0,0.26
4396,19,1,1,1,90.0,1,1.0,,,,,,,,,1.0,0.0,0.0,0.0,0.0,-0.14
454,5,1,1,1,7.0,0,0.1,,,,,,,,,3.0,0.0,0.0,0.0,0.0,-1.32
12768,23,1,1,1,36.0,0,0.4,,,,,,,,,0.0,0.0,2.0,-2.0,-5.0,-4.26
4884,5,1,1,36,2531.0,30,28.1,,,,,,,,,2.36,52.0,11.0,41.0,1.46,0.55
11456,11,1,1,28,2520.0,28,28.0,,,,,,,,,1.46,44.0,37.0,7.0,0.25,0.65
2180,24,1,1,17,918.0,10,10.2,,,,,,,,,1.47,13.0,13.0,0.0,0.0,0.25
3161,6,1,1,4,360.0,4,4.0,,,,,,,,,1.0,3.0,5.0,-2.0,-0.5,0.12
11134,9,1,1,33,2559.0,31,28.4,,,,,,,,,1.06,34.0,48.0,-14.0,-0.49,-0.18
906,6,1,1,1,17.0,0,0.2,,,,,,,,,0.0,0.0,1.0,-1.0,-5.29,-4.71
340,4,1,1,0,,0,,,,,,,,,,,,,,,
2895,9,1,1,8,88.0,0,1.0,,,,,,,,,0.38,2.0,1.0,1.0,1.02,1.51
6868,22,1,1,0,,0,,,,,,,,,,,,,,,
9780,25,1,1,3,108.0,0,1.2,,,,,,,,,1.0,0.0,1.0,-1.0,-0.83,-0.78
10234,17,1,1,33,2453.0,28,27.3,,,,,,,,,1.42,21.0,27.0,-6.0,-0.22,-0.31
11313,24,1,1,19,1065.0,11,11.8,,,,,,,,,0.95,10.0,15.0,-5.0,-0.42,-0.35
12820,9,1,1,29,2339.0,26,26.0,,,,,,,,,0.79,35.0,46.0,-11.0,-0.42,0.08
13872,3,1,1,0,,0,,,,,,,,,,,,,,,
1388,4,1,1,1,6.0,0,0.1,,,,,,,,,1.0,0.0,1.0,-1.0,-15.0,-16.0
3425,8,1,1,16,958.0,8,10.6,,,,,,,,,0.5,7.0,22.0,-15.0,-1.41,-0.6
3720,19,1,1,25,1772.0,18,19.7,,,,,,,,,1.72,28.0,20.0,8.0,0.41,0.57
4642,20,1,1,0,,0,,,,,,,,,,,,,,,
5083,16,1,1,15,926.0,9,10.3,,,,,,,,,1.56,13.0,8.0,5.0,0.49,0.88
10689,25,1,1,26,1405.0,18,15.6,,,,,,,,,1.35,22.0,21.0,1.0,0.06,0.24
12135,19,1,1,2,54.0,0,0.6,,,,,,,,,3.0,1.0,0.0,1.0,1.67,1.56
13900,22,1,1,0,,0,,,,,,,,,,,,,,,
1047,22,1,1,27,1708.0,19,19.0,,,,,,,,,1.78,23.0,19.0,4.0,0.21,-0.42
7033,9,1,1,9,460.0,5,5.1,,,,,,,,,0.89,3.0,6.0,-3.0,-0.59,-0.16
5899,4,1,1,12,922.0,10,10.2,,,,,,,,,1.92,28.0,13.0,15.0,1.46,0.67
3605,16,1,1,1,90.0,1,1.0,,,,,,,,,0.0,0.0,3.0,-3.0,-3.0,-2.92
2681,16,1,1,21,718.0,6,8.0,,,,,,,,,1.48,9.0,11.0,-2.0,-0.25,-0.12
1336,4,1,1,38,2859.0,31,31.8,,,,,,,,,2.03,61.0,29.0,32.0,1.01,0.21
1171,19,1,1,26,1373.0,16,15.3,,,,,,,,,1.65,22.0,23.0,-1.0,-0.07,-0.33
12822,6,1,1,17,1165.0,14,12.9,,,,,,,,,1.35,14.0,10.0,4.0,0.31,1.39
12825,23,1,1,14,502.0,8,5.6,,,,,,,,,0.79,1.0,6.0,-5.0,-0.9,-0.13
10555,24,1,1,34,2779.0,31,30.9,,,,,,,,,1.29,36.0,46.0,-10.0,-0.32,-0.75
5202,2,1,1,0,,0,,,,,,,,,,,,,,,
6275,25,1,1,10,605.0,6,6.7,,,,,,,,,1.5,7.0,6.0,1.0,0.15,0.28
1033,22,1,1,8,221.0,2,2.5,,,,,,,,,2.75,5.0,1.0,4.0,1.63,1.29
11300,24,1,1,16,1171.0,15,13.0,,,,,,,,,1.38,16.0,21.0,-5.0,-0.38,-0.3
5476,25,1,1,25,1632.0,19,18.1,,,,,,,,,1.04,20.0,23.0,-3.0,-0.17,-0.17
8962,5,1,1,0,,0,,,,,,,,,,,,,,,
4937,8,1,1,35,2737.0,31,30.4,,,,,,,,,0.69,24.0,54.0,-30.0,-0.99,-0.06
5153,3,1,1,30,1421.0,17,15.8,,,,,,,,,1.23,16.0,16.0,0.0,0.0,-0.18
11893,8,1,1,28,1117.0,12,12.4,,,,,,,,,0.68,11.0,27.0,-16.0,-1.29,-0.47
10022,11,1,1,34,2390.0,27,26.6,,,,,,,,,1.24,35.0,36.0,-1.0,-0.04,-0.39
10361,24,1,1,0,,0,,,,,,,,,,,,,,,
10358,10,1,1,28,1150.0,10,12.8,,,,,,,,,1.14,15.0,14.0,1.0,0.08,0.55
3350,16,1,1,8,614.0,7,6.8,,,,,,,,,1.38,9.0,12.0,-3.0,-0.44,-0.34
5249,26,1,1,2,52.0,0,0.6,,,,,,,,,1.5,1.0,0.0,1.0,1.73,1.25
3704,20,1,1,6,196.0,2,2.2,,,,,,,,,3.0,5.0,1.0,4.0,1.84,0.86
8628,19,1,1,33,1807.0,21,20.1,,,,,,,,,1.42,13.0,25.0,-12.0,-0.6,-1.55
9172,4,1,1,26,2110.0,24,23.4,,,,,,,,,2.19,52.0,19.0,33.0,1.41,1.13
1456,17,1,1,23,1793.0,20,19.9,,,,,,,,,1.17,17.0,25.0,-8.0,-0.4,-0.57
6244,11,1,1,25,1116.0,13,12.4,,,,,,,,,1.6,24.0,19.0,5.0,0.4,0.48
8595,6,1,1,35,3149.0,35,35.0,,,,,,,,,1.17,28.0,46.0,-18.0,-0.51,1.15
9177,18,1,1,3,103.0,1,1.1,,,,,,,,,1.67,2.0,3.0,-1.0,-0.87,-0.68
13876,5,1,1,0,,0,,,,,,,,,,,,,,,
6980,17,1,1,1,25.0,1,0.3,,,,,,,,,0.0,0.0,0.0,0.0,0.0,0.13
1034,3,1,1,17,697.0,9,7.7,,,,,,,,,1.47,10.0,10.0,0.0,0.0,-0.13
12859,17,1,1,17,1530.0,17,17.0,,,,,,,,,1.06,14.0,23.0,-9.0,-0.53,-0.72
14340,11,1,1,20,963.0,12,10.7,,,,,,,,,1.0,12.0,19.0,-7.0,-0.65,-1.02
5514,25,1,1,0,,0,,,,,,,,,,,,,,,
9207,24,1,1,0,,0,,,,,,,,,,,,,,,
11063,9,1,1,5,92.0,1,1.0,,,,,,,,,0.8,2.0,2.0,0.0,0.0,0.46
9311,23,1,1,16,1306.0,15,14.5,,,,,,,,,1.0,15.0,24.0,-9.0,-0.62,0.27
11235,17,1,1,25,1064.0,12,11.8,,,,,,,,,1.48,12.0,14.0,-2.0,-0.17,-0.05
5584,10,1,1,32,2146.0,21,23.8,,,,,,,,,1.06,18.0,32.0,-14.0,-0.59,-0.8
2032,19,1,1,35,2365.0,29,26.3,,,,,,,,,1.63,36.0,24.0,12.0,0.46,1.05
1606,22,1,1,24,1076.0,13,12.0,,,,,,,,,2.04,15.0,5.0,10.0,0.84,0.61
5730,3,1,1,0,,0,,,,,,,,,,,,,,,
705,22,1,1,2,152.0,2,1.7,,,,,,,,,1.5,2.0,3.0,-1.0,-0.59,-1.06
5770,24,1,1,12,799.0,10,8.9,,,,,,,,,0.83,9.0,14.0,-5.0,-0.56,-0.49
476,4,1,1,0,,0,,,,,,,,,,,,,,,
3431,24,1,1,1,45.0,1,0.5,,,,,,,,,0.0,0.0,1.0,-1.0,-2.0,-1.84
10701,26,1,1,26,1598.0,16,17.8,,,,,,,,,1.62,34.0,18.0,16.0,0.9,0.75
214,24,1,1,2,47.0,1,0.5,,,,,,,,,0.0,0.0,0.0,0.0,0.0,0.19
8597,2,1,1,21,1490.0,18,16.6,,,,,,,,,1.05,22.0,28.0,-6.0,-0.36,0.1
12475,4,1,1,0,,0,,,,,,,,,,,,,,,
11534,16,1,1,0,,0,,,,,,,,,,,,,,,
6616,19,1,1,22,496.0,2,5.5,,,,,,,,,1.18,10.0,4.0,6.0,1.09,1.12
6750,10,1,1,0,,0,,,,,,,,,,,,,,,
2577,7,1,1,0,,0,,,,,,,,,,,,,,,
4780,5,1,1,33,2534.0,29,28.2,,,,,,,,,2.33,56.0,20.0,36.0,1.28,-0.14
6577,24,1,1,23,1592.0,19,17.7,,,,,,,,,1.26,18.0,28.0,-10.0,-0.57,-0.71
7001,8,1,1,26,1078.0,9,12.0,,,,,,,,,0.62,13.0,17.0,-4.0,-0.33,0.93
14244,19,1,1,28,731.0,6,8.1,,,,,,,,,1.61,8.0,11.0,-3.0,-0.37,-0.64
7073,9,1,1,34,2990.0,33,33.2,,,,,,,,,0.94,43.0,61.0,-18.0,-0.54,-0.75
7257,19,1,1,22,925.0,9,10.3,,,,,,,,,1.68,18.0,18.0,0.0,0.0,-0.18
7262,11,1,1,19,1426.0,17,15.8,,,,,,,,,1.21,29.0,25.0,4.0,0.25,0.3
7947,16,1,1,5,52.0,0,0.6,,,,,,,,,0.2,0.0,2.0,-2.0,-3.46,-3.35
14064,20,1,1,33,2823.0,32,31.4,,,,,,,,,2.0,58.0,32.0,26.0,0.83,-1.13
4471,26,1,1,2,180.0,2,2.0,,,,,,,,,0.5,2.0,3.0,-1.0,-0.5,-1.06
13591,16,1,1,15,542.0,5,6.0,,,,,,,,,1.2,8.0,7.0,1.0,0.17,0.38
7447,2,1,1,13,581.0,7,6.5,,,,,,,,,1.31,6.0,13.0,-7.0,-1.08,-0.8
8071,16,1,1,36,2823.0,33,31.4,,,,,,,,,1.31,32.0,32.0,0.0,0.0,0.9
6791,22,1,1,6,93.0,0,1.0,,,,,,,,,1.0,0.0,3.0,-3.0,-2.9,-3.42
7589,23,1,1,12,275.0,2,3.1,,,,,,,,,0.5,2.0,9.0,-7.0,-2.29,-1.63
4708,5,1,1,28,990.0,7,11.0,,,,,,,,,2.14,15.0,7.0,8.0,0.73,-0.83
7752,17,1,1,35,1021.0,7,11.3,,,,,,,,,1.26,8.0,18.0,-10.0,-0.88,-1.07
7772,6,1,1,0,,0,,,,,,,,,,,,,,,
7408,25,1,1,26,1447.0,15,16.1,,,,,,,,,1.0,22.0,21.0,1.0,0.06,0.24
7825,25,1,1,0,,0,,,,,,,,,,,,,,,
7842,4,1,1,33,2545.0,30,28.3,,,,,,,,,2.18,53.0,24.0,29.0,1.03,0.2
8408,9,1,1,4,59.0,0,0.7,,,,,,,,,0.5,3.0,1.0,2.0,3.05,3.56
4902,4,1,1,20,1006.0,10,11.2,,,,,,,,,2.1,15.0,11.0,4.0,0.36,-0.87
5664,4,1,1,0,,0,,,,,,,,,,,,,,,
7277,5,1,1,29,2426.0,28,27.0,,,,,,,,,2.38,51.0,12.0,39.0,1.45,0.45
13737,20,1,1,30,2155.0,25,23.9,,,,,,,,,2.0,48.0,23.0,25.0,1.04,0.05
13260,22,1,1,35,2439.0,29,27.1,,,,,,,,,1.91,38.0,21.0,17.0,0.63,0.72
2410,2,1,1,25,1673.0,18,18.6,,,,,,,,,1.48,25.0,30.0,-5.0,-0.27,0.3
8392,7,1,1,28,1481.0,16,16.5,,,,,,,,,1.32,22.0,17.0,5.0,0.3,1.0
4102,24,1,1,32,1844.0,20,20.5,,,,,,,,,1.22,22.0,29.0,-7.0,-0.34,-0.34
2813,23,1,1,19,1469.0,16,16.3,,,,,,,,,1.21,20.0,26.0,-6.0,-0.37,0.74
7259,10,1,1,18,448.0,2,5.0,,,,,,,,,0.89,5.0,1.0,4.0,0.8,1.26
13742,25,1,1,24,914.0,9,10.2,,,,,,,,,1.29,12.0,11.0,1.0,0.1,0.24
8035,2,1,1,19,716.0,7,8.0,,,,,,,,,0.53,13.0,13.0,0.0,0.0,0.53
12174,22,1,1,33,2796.0,31,31.1,,,,,,,,,1.79,37.0,25.0,12.0,0.39,-0.19
1896,9,1,1,10,899.0,10,10.0,,,,,,,,,0.8,10.0,14.0,-4.0,-0.4,0.06
6435,6,1,1,34,3060.0,34,34.0,,,,,,,,,1.12,27.0,48.0,-21.0,-0.62,-0.12
4577,18,1,1,31,2565.0,31,28.5,,,,,,,,,1.26,32.0,37.0,-5.0,-0.18,0.14
5713,3,1,1,20,1321.0,14,14.7,,,,,,,,,1.35,26.0,15.0,11.0,0.75,1.05
13449,4,1,1,27,1252.0,17,13.9,,,,,,,,,2.0,27.0,11.0,16.0,1.15,0.28
12352,25,1,1,0,,0,,,,,,,,,,,,,,,
12864,23,1,1,29,1334.0,14,14.8,,,,,,,,,1.07,14.0,28.0,-14.0,-0.94,-0.25
12108,5,1,1,34,2847.0,33,31.6,,,,,,,,,2.24,62.0,20.0,42.0,1.33,0.07
12577,25,1,1,38,2887.0,33,32.1,,,,,,,,,1.11,38.0,38.0,0.0,0.0,0.51
11682,8,1,1,12,628.0,7,7.0,,,,,,,,,0.25,5.0,17.0,-12.0,-1.72,-0.91
6278,16,1,1,1,17.0,0,0.2,,,,,,,,,3.0,0.0,0.0,0.0,0.0,0.16
10026,16,1,1,0,,0,,,,,,,,,,,,,,,
9099,4,1,1,22,1703.0,21,18.9,,,,,,,,,2.0,28.0,11.0,17.0,0.9,-0.15
5068,26,1,1,22,1126.0,14,12.5,,,,,,,,,1.73,20.0,12.0,8.0,0.64,0.21
11990,4,1,1,0,,0,,,,,,,,,,,,,,,
421,24,1,1,0,,0,,,,,,,,,,,,,,,
3168,11,1,1,20,1652.0,19,18.4,,,,,,,,,1.15,25.0,24.0,1.0,0.05,-0.05
3443,18,1,1,2,96.0,1,1.1,,,,,,,,,0.0,1.0,4.0,-3.0,-2.81,-2.68
3444,25,1,1,10,447.0,5,5.0,,,,,,,,,1.5,6.0,6.0,0.0,0.0,0.09
4695,7,1,1,0,,0,,,,,,,,,,,,,,,
6510,8,1,1,0,,0,,,,,,,,,,,,,,,
8600,20,1,1,0,,0,,,,,,,,,,,,,,,
13878,18,1,1,34,1254.0,12,13.9,,,,,,,,,1.35,14.0,20.0,-6.0,-0.43,-0.35
1321,6,1,1,28,1443.0,14,16.0,,,,,,,,,1.14,14.0,19.0,-5.0,-0.31,0.51
11686,9,1,1,4,17.0,0,0.2,,,,,,,,,0.75,0.0,1.0,-1.0,-5.29,-4.87
7038,25,1,1,31,2709.0,31,30.1,,,,,,,,,1.06,32.0,37.0,-5.0,-0.17,-0.42
9159,20,1,1,0,,0,,,,,,,,,,,,,,,
7042,26,1,1,29,1211.0,11,13.5,,,,,,,,,1.52,20.0,11.0,9.0,0.67,0.26
1203,20,1,1,7,630.0,7,7.0,,,,,,,,,1.86,14.0,7.0,7.0,1.0,-0.03
1656,6,1,1,5,165.0,1,1.8,,,,,,,,,0.0,1.0,6.0,-5.0,-2.73,-2.23
3119,23,1,1,11,599.0,7,6.7,,,,,,,,,1.73,5.0,4.0,1.0,0.15,1.14
11238,16,1,1,35,2975.0,34,33.1,,,,,,,,,1.26,32.0,41.0,-9.0,-0.27,-0.88
8259,8,1,1,14,902.0,11,10.0,,,,,,,,,1.14,14.0,11.0,3.0,0.3,1.73
6794,22,1,1,2,65.0,0,0.7,,,,,,,,,0.5,0.0,2.0,-2.0,-2.77,-3.25
10559,10,1,1,29,2053.0,26,22.8,,,,,,,,,1.28,19.0,26.0,-7.0,-0.31,-0.04
5487,7,1,1,26,2163.0,26,24.0,,,,,,,,,1.12,27.0,34.0,-7.0,-0.29,-0.08
10003,23,1,1,5,69.0,0,0.8,,,,,,,,,1.8,0.0,2.0,-2.0,-2.61,-1.86
5046,25,1,1,38,3420.0,38,38.0,,,,,,,,,1.11,42.0,45.0,-3.0,-0.08,
11951,4,1,1,22,1857.0,22,20.6,,,,,,,,,1.77,29.0,17.0,12.0,0.58,-0.86
330,26,1,1,21,1461.0,16,16.2,,,,,,,,,1.95,34.0,17.0,17.0,1.05,0.96
8989,24,1,1,5,375.0,4,4.2,,,,,,,,,1.4,3.0,5.0,-2.0,-0.48,-0.33
300,7,1,1,19,1710.0,19,19.0,,,,,,,,,1.05,18.0,29.0,-11.0,-0.58,-0.63
11128,3,1,1,37,2819.0,32,31.3,,,,,,,,,1.3,41.0,34.0,7.0,0.22,0.67
426,25,1,1,5,86.0,0,1.0,,,,,,,,,1.6,2.0,0.0,2.0,2.09,2.23
7051,6,1,1,18,397.0,2,4.4,,,,,,,,,1.1,8.0,9.0,-1.0,-0.23,0.43
7055,4,1,1,28,2423.0,26,26.9,,,,,,,,,2.21,52.0,21.0,31.0,1.15,0.61
9144,20,1,1,9,157.0,1,1.7,,,,,,,,,1.22,3.0,1.0,2.0,1.15,0.13
11246,22,1,1,10,360.0,3,4.0,,,,,,,,,1.7,2.0,4.0,-2.0,-0.5,-1.03
3448,2,1,1,1,45.0,0,0.5,,,,,,,,,0.0,0.0,2.0,-2.0,-4.0,-3.63
9182,23,1,1,0,,0,,,,,,,,,,,,,,,
13882,22,1,1,0,,0,,,,,,,,,,,,,,,
12241,8,1,1,12,655.0,8,7.3,,,,,,,,,0.42,3.0,12.0,-9.0,-1.24,-0.33
12239,6,1,1,14,639.0,8,7.1,,,,,,,,,1.43,5.0,9.0,-4.0,-0.56,0.05
1039,22,1,1,3,41.0,0,0.5,,,,,,,,,3.0,0.0,0.0,0.0,0.0,-0.43
1173,18,1,1,9,205.0,3,2.3,,,,,,,,,0.67,3.0,1.0,2.0,0.88,1.16
2333,4,1,1,4,28.0,0,0.3,,,,,,,,,1.75,1.0,1.0,0.0,0.0,-0.98
2974,19,1,1,0,,0,,,,,,,,,,,,,,,
5866,11,1,1,24,1586.0,18,17.6,,,,,,,,,1.63,27.0,25.0,2.0,0.11,0.06
9185,20,1,1,0,,0,,,,,,,,,,,,,,,
1504,11,1,1,33,2732.0,32,30.4,,,,,,,,,1.18,46.0,49.0,-3.0,-0.1,-0.88
5717,3,1,1,15,1338.0,15,14.9,,,,,,,,,1.8,25.0,16.0,9.0,0.61,0.82
6253,17,1,1,0,,0,,,,,,,,,,,,,,,
12242,9,1,1,1,7.0,0,0.1,,,,,,,,,1.0,0.0,1.0,-1.0,-12.86,-12.44
11074,8,1,1,28,2447.0,28,27.2,,,,,,,,,0.46,18.0,52.0,-34.0,-1.25,-0.97
6962,23,1,1,28,2507.0,28,27.9,,,,,,,,,1.14,26.0,42.0,-16.0,-0.57,0.81
6024,10,1,1,18,437.0,5,4.9,,,,,,,,,1.42,8.0,5.0,3.0,0.62,1.04
9414,11,1,1,0,,0,,,,,,,,,,,,,,,
2035,10,1,1,35,2759.0,33,30.7,,,,,,,,,1.0,26.0,40.0,-14.0,-0.46,-0.87
8853,6,1,1,14,760.0,7,8.4,,,,,,,,,1.36,5.0,17.0,-12.0,-1.42,-1.05
4441,7,1,1,1,13.0,0,0.1,,,,,,,,,0.0,0.0,0.0,0.0,0.0,0.26
5140,2,1,1,27,1855.0,24,20.6,,,,,,,,,1.26,34.0,28.0,6.0,0.29,1.56
9892,4,1,1,8,270.0,3,3.0,,,,,,,,,2.75,9.0,1.0,8.0,2.67,1.84
9894,5,1,1,2,114.0,2,1.3,,,,,,,,,3.0,4.0,0.0,4.0,3.16,1.91
5444,2,1,1,14,886.0,11,9.8,,,,,,,,,1.0,12.0,28.0,-16.0,-1.63,-1.63
2086,22,1,1,34,2407.0,28,26.7,,,,,,,,,1.79,40.0,25.0,15.0,0.56,0.47
3451,18,1,1,1,1.0,0,0.0,,,,,,,,,1.0,0.0,0.0,0.0,0.0,0.21
12220,8,1,1,0,,0,,,,,,,,,,,,,,,
4422,20,1,1,18,1351.0,17,15.0,,,,,,,,,2.11,26.0,17.0,9.0,0.6,-0.71
6984,6,1,1,10,601.0,6,6.7,,,,,,,,,1.5,6.0,10.0,-4.0,-0.6,0.01
10077,22,1,1,33,2494.0,28,27.7,,,,,,,,,1.85,37.0,31.0,6.0,0.22,-0.76
12314,23,1,1,29,1617.0,20,18.0,,,,,,,,,1.13,15.0,24.0,-9.0,-0.5,0.55
12866,4,1,1,0,,0,,,,,,,,,,,,,,,
10034,16,1,1,0,,0,,,,,,,,,,,,,,,
3707,20,1,1,33,2703.0,30,30.0,,,,,,,,,2.0,60.0,29.0,31.0,1.03,0.03
8603,10,1,1,27,1856.0,22,20.6,,,,,,,,,1.15,15.0,21.0,-6.0,-0.29,0.0
11537,8,1,1,31,1843.0,21,20.5,,,,,,,,,0.69,18.0,43.0,-25.0,-1.22,-0.54
9248,2,1,1,2,15.0,0,0.2,,,,,,,,,0.0,0.0,1.0,-1.0,-6.0,-5.6
11138,7,1,1,21,1284.0,13,14.3,,,,,,,,,1.14,15.0,20.0,-5.0,-0.35,-0.14
11761,24,1,1,26,1298.0,16,14.4,,,,,,,,,1.15,18.0,25.0,-7.0,-0.49,-0.49
7234,19,1,1,21,1472.0,16,16.4,,,,,,,,,1.57,20.0,18.0,2.0,0.12,-0.02
13129,10,1,1,22,1680.0,18,18.7,,,,,,,,,1.36,16.0,17.0,-1.0,-0.05,0.46
8645,20,1,1,33,1744.0,19,19.4,,,,,,,,,2.12,41.0,20.0,21.0,1.08,0.12
6727,26,1,1,17,642.0,5,7.1,,,,,,,,,1.41,9.0,12.0,-3.0,-0.42,-1.13
6723,8,1,1,3,270.0,3,3.0,,,,,,,,,0.33,1.0,5.0,-4.0,-1.33,-0.39
10430,4,1,1,33,2867.0,33,31.9,,,,,,,,,2.03,58.0,28.0,30.0,0.94,-0.2
6800,17,1,1,37,2448.0,25,27.2,,,,,,,,,1.43,24.0,36.0,-12.0,-0.44,-1.09
10255,23,1,1,33,2031.0,23,22.6,,,,,,,,,0.97,17.0,41.0,-24.0,-1.06,-0.67
4093,11,1,1,0,,0,,,,,,,,,,,,,,,
2416,9,1,1,20,1590.0,18,17.7,,,,,,,,,0.9,26.0,40.0,-14.0,-0.79,-0.64
2796,16,1,1,0,,0,,,,,,,,,,,,,,,
5142,24,1,1,28,1524.0,17,16.9,,,,,,,,,1.25,18.0,28.0,-10.0,-0.59,-0.73
8607,16,1,1,0,,0,,,,,,,,,,,,,,,
9316,19,1,1,6,453.0,6,5.0,,,,,,,,,1.17,6.0,10.0,-4.0,-0.79,-1.07
910,4,1,1,36,1900.0,23,21.1,,,,,,,,,2.03,40.0,10.0,30.0,1.42,1.01
6804,3,1,1,10,76.0,0,0.8,,,,,,,,,2.2,2.0,1.0,1.0,1.18,1.1
433,26,1,1,24,1296.0,14,14.4,,,,,,,,,1.96,24.0,15.0,9.0,0.62,0.2
432,4,1,1,0,,0,,,,,,,,,,,,,,,
655,19,1,1,15,1350.0,15,15.0,,,,,,,,,1.8,19.0,13.0,6.0,0.4,0.44
3458,17,1,1,11,638.0,7,7.1,,,,,,,,,1.45,6.0,9.0,-3.0,-0.42,-0.36
3459,23,1,1,0,,0,,,,,,,,,,,,,,,
4943,26,1,1,21,1230.0,14,13.7,,,,,,,,,2.05,21.0,9.0,12.0,0.88,0.59
9057,4,1,1,0,,0,,,,,,,,,,,,,,,
13345,8,1,1,32,2068.0,23,23.0,,,,,,,,,0.66,20.0,33.0,-13.0,-0.57,1.03
5652,25,1,1,24,1011.0,10,11.2,,,,,,,,,1.13,10.0,16.0,-6.0,-0.53,-0.65
8894,26,1,1,4,158.0,2,1.8,,,,,,,,,2.0,3.0,4.0,-1.0,-0.57,-1.12
8890,16,1,1,12,706.0,9,7.8,,,,,,,,,1.42,10.0,10.0,0.0,0.0,0.2
8297,19,1,1,2,15.0,0,0.2,,,,,,,,,3.0,0.0,0.0,0.0,0.0,-0.13
10293,18,1,1,0,,0,,,,,,,,,,,,,,,
2756,25,1,1,3,145.0,1,1.6,,,,,,,,,2.0,0.0,2.0,-2.0,-1.24,-1.21
107,18,1,1,16,922.0,9,10.2,,,,,,,,,1.25,13.0,17.0,-4.0,-0.39,-0.25
5642,3,1,1,30,1689.0,19,18.8,,,,,,,,,1.43,29.0,18.0,11.0,0.59,0.95
310,22,1,1,23,1756.0,20,19.5,,,,,,,,,1.74,26.0,21.0,5.0,0.26,-0.34
2805,6,1,1,0,,0,,,,,,,,,,,,,,,
5644,17,1,1,8,254.0,2,2.8,,,,,,,,,1.25,1.0,4.0,-3.0,-1.06,-1.01
11251,18,1,1,2,12.0,0,0.1,,,,,,,,,2.0,1.0,0.0,1.0,7.5,7.74
13977,16,1,1,35,2937.0,34,32.6,,,,,,,,,1.4,31.0,35.0,-4.0,-0.12,0.25
14553,25,1,1,33,2110.0,26,23.4,,,,,,,,,1.12,26.0,26.0,0.0,0.0,0.21
4696,6,1,1,1,21.0,0,0.2,,,,,,,,,0.0,0.0,0.0,0.0,0.0,0.61
10403,20,1,1,27,1637.0,18,18.2,,,,,,,,,2.04,29.0,14.0,15.0,0.82,-0.39
7248,23,1,1,5,148.0,1,1.6,,,,,,,,,0.8,1.0,4.0,-3.0,-1.82,-1.08
9548,16,1,1,14,906.0,10,10.1,,,,,,,,,1.21,9.0,13.0,-4.0,-0.4,-0.33
7243,8,1,1,0,,0,,,,,,,,,,,,,,,
12140,22,1,1,17,351.0,1,3.9,,,,,,,,,1.88,0.0,6.0,-6.0,-1.54,-2.18
6511,24,1,1,32,1981.0,21,22.0,,,,,,,,,1.47,32.0,26.0,6.0,0.27,1.09
915,6,1,1,21,757.0,9,8.4,,,,,,,,,0.67,6.0,17.0,-11.0,-1.31,-0.9
13288,24,1,1,19,1366.0,16,15.2,,,,,,,,,1.21,17.0,27.0,-10.0,-0.66,-0.79
12687,4,1,1,31,1100.0,11,12.2,,,,,,,,,2.26,28.0,14.0,14.0,1.15,0.25
4442,26,1,1,3,22.0,0,0.2,,,,,,,,,0.0,0.0,0.0,0.0,0.0,-0.5
11544,3,1,1,0,,0,,,,,,,,,,,,,,,
11822,8,1,1,14,726.0,10,8.1,,,,,,,,,1.14,5.0,9.0,-4.0,-0.5,0.61
11823,18,1,1,10,116.0,0,1.3,,,,,,,,,1.4,2.0,2.0,0.0,0.0,0.22
13887,7,1,1,36,3151.0,35,35.0,,,,,,,,,1.19,41.0,48.0,-7.0,-0.2,0.8
6149,4,1,1,28,2492.0,28,27.7,,,,,,,,,2.0,42.0,20.0,22.0,0.79,-0.66
2142,6,1,1,18,1119.0,15,12.4,,,,,,,,,1.17,10.0,17.0,-7.0,-0.56,0.06
8517,24,1,1,19,1165.0,11,12.9,,,,,,,,,1.58,20.0,20.0,0.0,0.0,0.28
918,20,1,1,3,39.0,0,0.4,,,,,,,,,3.0,2.0,0.0,2.0,4.62,3.63
10997,22,1,1,3,65.0,0,0.7,,,,,,,,,1.33,0.0,0.0,0.0,0.0,-0.43
8520,23,1,1,23,1494.0,16,16.6,,,,,,,,,1.0,12.0,27.0,-15.0,-0.9,-0.2
2145,9,1,1,30,2403.0,29,26.7,,,,,,,,,1.1,37.0,44.0,-7.0,-0.26,0.62
8521,23,1,1,17,931.0,11,10.3,,,,,,,,,1.24,9.0,17.0,-8.0,-0.77,0.02
316,17,1,1,31,2013.0,23,22.4,,,,,,,,,1.45,29.0,24.0,5.0,0.22,0.86
11504,24,1,1,1,1.0,0,0.0,,,,,,,,,1.0,0.0,0.0,0.0,0.0,0.18
10081,22,1,1,23,1214.0,14,13.5,,,,,,,,,1.83,17.0,12.0,5.0,0.37,-0.08
2402,25,1,1,17,1365.0,14,15.2,,,,,,,,,1.24,13.0,18.0,-5.0,-0.33,-0.42
4443,2,1,1,1,90.0,1,1.0,,,,,,,,,0.0,1.0,2.0,-1.0,-1.0,-0.59
4444,9,1,1,16,1440.0,16,16.0,,,,,,,,,0.94,23.0,33.0,-10.0,-0.62,-0.31
6809,22,1,1,17,1193.0,12,13.3,,,,,,,,,2.29,21.0,13.0,8.0,0.6,0.28
5128,7,1,1,25,662.0,5,7.4,,,,,,,,,0.92,7.0,7.0,0.0,0.0,0.33
5391,8,1,1,24,1915.0,23,21.3,,,,,,,,,0.63,15.0,41.0,-26.0,-1.22,-0.56
5742,18,1,1,37,2965.0,36,32.9,,,,,,,,,1.32,40.0,45.0,-5.0,-0.15,0.44
6261,8,1,1,0,,0,,,,,,,,,,,,,,,
344,3,1,1,16,859.0,9,9.5,,,,,,,,,1.25,9.0,18.0,-9.0,-0.94,-1.4
2983,26,1,1,37,3285.0,37,36.5,,,,,,,,,1.65,57.0,39.0,18.0,0.49,-0.17
10251,10,1,1,1,10.0,0,0.1,,,,,,,,,0.0,0.0,0.0,0.0,0.0,0.29
11903,6,1,1,6,310.0,4,3.4,,,,,,,,,1.67,3.0,3.0,0.0,0.0,0.67
11330,26,1,1,2,10.0,0,0.1,,,,,,,,,2.0,1.0,0.0,1.0,9.0,8.52
6287,8,1,1,1,5.0,0,0.1,,,,,,,,,1.0,0.0,0.0,0.0,0.0,0.98
4816,25,1,1,21,1504.0,18,16.7,,,,,,,,,1.24,20.0,24.0,-4.0,-0.24,-0.29
10710,20,1,1,0,,0,,,,,,,,,,,,,,,
809,26,1,1,26,1633.0,20,18.1,,,,,,,,,1.92,28.0,15.0,13.0,0.72,0.41
11478,5,1,1,26,1976.0,22,22.0,,,,,,,,,2.62,48.0,9.0,39.0,1.78,1.09
231,9,1,1,7,229.0,2,2.5,,,,,,,,,0.86,4.0,3.0,1.0,0.39,0.9
5698,5,1,1,2,73.0,0,0.8,,,,,,,,,0.0,2.0,2.0,0.0,0.0,-1.34
9104,2,1,1,0,,0,,,,,,,,,,,,,,,
12364,17,1,1,20,1277.0,14,14.2,,,,,,,,,1.45,21.0,17.0,4.0,0.28,0.66
439,6,1,1,1,45.0,1,0.5,,,,,,,,,0.0,0.0,1.0,-1.0,-2.0,-1.41
1703,19,1,1,19,1386.0,17,15.4,,,,,,,,,1.53,18.0,17.0,1.0,0.06,-0.11
2286,7,1,1,35,2144.0,23,23.8,,,,,,,,,1.14,26.0,26.0,0.0,0.0,0.71
2459,25,1,1,0,,0,,,,,,,,,,,,,,,
4697,25,1,1,7,141.0,0,1.6,,,,,,,,,0.14,1.0,3.0,-2.0,-1.28,-1.25
7245,17,1,1,0,,0,,,,,,,,,,,,,,,
7762,23,1,1,36,2307.0,28,25.6,,,,,,,,,0.94,17.0,44.0,-27.0,-1.05,-0.81
8527,6,1,1,14,628.0,5,7.0,,,,,,,,,0.79,7.0,14.0,-7.0,-1.0,-0.49
8610,23,1,1,18,1213.0,15,13.5,,,,,,,,,1.0,9.0,29.0,-20.0,-1.48,-1.08
4951,19,1,1,31,2511.0,29,27.9,,,,,,,,,1.52,33.0,28.0,5.0,0.18,0.18
12299,9,1,1,8,236.0,2,2.6,,,,,,,,,1.0,3.0,5.0,-2.0,-0.76,-0.34
3461,20,1,1,0,,0,,,,,,,,,,,,,,,
14445,26,1,1,36,2447.0,31,27.2,,,,,,,,,1.75,42.0,31.0,11.0,0.4,-0.34
4947,5,1,1,6,384.0,4,4.3,,,,,,,,,3.0,9.0,1.0,8.0,1.87,0.63
10143,5,1,1,0,,0,,,,,,,,,,,,,,,
11143,23,1,1,33,2038.0,22,22.6,,,,,,,,,1.0,18.0,33.0,-15.0,-0.66,0.31
5146,23,1,1,34,2302.0,26,25.6,,,,,,,,,1.12,26.0,37.0,-11.0,-0.43,1.1
4195,8,1,1,34,1129.0,8,12.5,,,,,,,,,,14.0,17.0,-3.0,-0.24,1.1
4700,2,1,1,27,722.0,4,8.0,,,,,,,,,0.85,10.0,16.0,-6.0,-0.75,-0.41
11695,10,1,1,34,1770.0,17,19.7,,,,,,,,,1.12,18.0,24.0,-6.0,-0.31,-0.03
7061,18,1,1,8,88.0,1,1.0,,,,,,,,,1.13,1.0,3.0,-2.0,-2.05,-1.88
8929,23,1,1,1,19.0,0,0.2,,,,,,,,,0.0,1.0,1.0,0.0,0.0,0.79
483,2,1,1,30,1880.0,20,20.9,,,,,,,,,1.33,27.0,26.0,1.0,0.05,1.04
64,16,1,1,26,416.0,2,4.6,,,,,,,,,1.31,6.0,7.0,-1.0,-0.22,-0.07
11410,5,1,1,0,,0,,,,,,,,,,,,,,,
6262,9,1,1,37,2340.0,25,26.0,,,,,,,,,0.97,37.0,44.0,-7.0,-0.27,0.56
6580,9,1,1,0,,0,,,,,,,,,,,,,,,
1508,2,1,1,22,763.0,7,8.5,,,,,,,,,0.64,11.0,18.0,-7.0,-0.83,-0.52
3587,8,1,1,10,275.0,2,3.1,,,,,,,,,0.3,2.0,8.0,-6.0,-1.96,-1.08
10409,24,1,1,0,,0,,,,,,,,,,,,,,,
12367,16,1,1,1,4.0,0,0.0,,,,,,,,,0.0,0.0,0.0,0.0,0.0,0.16
13909,25,1,1,0,,0,,,,,,,,,,,,,,,
61,4,1,1,0,,0,,,,,,,,,,,,,,,
1401,16,1,1,31,2766.0,31,30.7,,,,,,,,,1.32,32.0,31.0,1.0,0.03,1.0
11700,16,1,1,36,3240.0,36,36.0,,,,,,,,,1.31,34.0,40.0,-6.0,-0.17,-0.17
5882,24,1,1,31,1788.0,21,19.9,,,,,,,,,1.42,23.0,25.0,-2.0,-0.1,0.18
7979,2,1,1,33,1403.0,13,15.6,,,,,,,,,1.03,14.0,31.0,-17.0,-1.09,-1.14
11255,10,1,1,0,,0,,,,,,,,,,,,,,,
14485,17,1,1,0,,0,,,,,,,,,,,,,,,
2530,6,1,1,15,710.0,7,7.9,,,,,,,,,1.07,6.0,10.0,-4.0,-0.51,0.12
3098,17,1,1,0,,0,,,,,,,,,,,,,,,
11847,5,1,1,36,2072.0,25,23.0,,,,,,,,,2.28,34.0,9.0,25.0,1.09,-0.58
12871,4,1,1,11,309.0,2,3.4,,,,,,,,,1.36,5.0,1.0,4.0,1.17,0.21
11523,26,1,1,22,1980.0,22,22.0,,,,,,,,,1.91,42.0,27.0,15.0,0.68,0.43
11949,11,1,1,18,647.0,5,7.2,,,,,,,,,1.37,8.0,9.0,-1.0,-0.14,-0.27
7501,24,1,1,16,1181.0,15,13.1,,,,,,,,,1.38,18.0,16.0,2.0,0.15,0.51
672,22,1,1,38,3420.0,38,38.0,,,,,,,,,1.87,51.0,35.0,16.0,0.42,
487,10,1,1,1,1.0,0,0.0,,,,,,,,,3.0,0.0,0.0,0.0,0.0,0.29
2424,5,1,1,1,2.0,0,0.0,,,,,,,,,3.0,0.0,0.0,0.0,0.0,-1.32
10635,9,1,1,32,1248.0,16,13.9,,,,,,,,,0.91,23.0,28.0,-5.0,-0.36,0.14
13490,25,1,1,0,,0,,,,,,,,,,,,,,,
3467,22,1,1,20,1646.0,18,18.3,,,,,,,,,1.9,25.0,14.0,11.0,0.6,0.35
12229,11,1,1,34,2179.0,25,24.2,,,,,,,,,1.32,37.0,41.0,-4.0,-0.17,-0.67
5159,10,1,1,0,,0,,,,,,,,,,,,,,,
12826,5,1,1,23,1308.0,15,14.5,,,,,,,,,2.13,24.0,10.0,14.0,0.96,-0.57
8535,2,1,1,37,2843.0,34,31.6,,,,,,,,,1.11,44.0,47.0,-3.0,-0.09,1.93
6695,11,1,1,5,84.0,0,0.9,,,,,,,,,0.2,0.0,0.0,0.0,0.0,-0.08
4043,8,1,1,22,1652.0,19,18.4,,,,,,,,,0.59,16.0,36.0,-20.0,-1.09,-0.22
12198,19,1,1,30,1601.0,19,17.8,,,,,,,,,1.63,20.0,15.0,5.0,0.28,0.28
678,10,1,1,0,,0,,,,,,,,,,,,,,,
926,20,1,1,6,79.0,0,0.9,,,,,,,,,1.83,4.0,2.0,2.0,2.28,1.28
1248,16,1,1,17,394.0,2,4.4,,,,,,,,,0.78,5.0,5.0,0.0,0.0,0.18
11147,7,1,1,33,1775.0,19,19.7,,,,,,,,,1.18,25.0,31.0,-6.0,-0.3,-0.09
2909,16,1,1,35,2100.0,26,23.3,,,,,,,,,1.23,23.0,26.0,-3.0,-0.13,0.08
2994,5,1,1,0,,0,,,,,,,,,,,,,,,
5204,19,1,1,34,2872.0,33,31.9,,,,,,,,,1.56,38.0,32.0,6.0,0.19,0.35
10027,7,1,1,7,252.0,3,2.8,,,,,,,,,0.71,5.0,4.0,1.0,0.36,0.67
12232,20,1,1,34,2379.0,25,26.4,,,,,,,,,2.0,54.0,27.0,27.0,1.02,-0.02
14027,23,1,1,0,,0,,,,,,,,,,,,,,,
2339,2,1,1,0,,0,,,,,,,,,,,,,,,
8104,16,1,1,1,90.0,1,1.0,,,,,,,,,3.0,3.0,0.0,3.0,3.0,3.24
2342,26,1,1,0,,0,,,,,,,,,,,,,,,
5885,24,1,1,1,11.0,0,0.1,,,,,,,,,0.0,0.0,0.0,0.0,0.0,0.18
11111,11,1,1,33,2950.0,33,32.8,,,,,,,,,1.36,52.0,47.0,5.0,0.15,0.54
12330,9,1,1,18,888.0,9,9.9,,,,,,,,,0.56,10.0,25.0,-15.0,-1.52,-1.45
1407,20,1,1,33,2415.0,26,26.8,,,,,,,,,2.0,44.0,25.0,19.0,0.71,-1.08
348,19,1,1,26,1454.0,15,16.2,,,,,,,,,1.35,15.0,13.0,2.0,0.12,-0.01
14028,19,1,1,10,560.0,5,6.2,,,,,,,,,2.0,8.0,8.0,0.0,0.0,-0.16
4955,26,1,1,14,1260.0,14,14.0,,,,,,,,,1.5,15.0,10.0,5.0,0.36,-0.23
12392,7,1,1,0,,0,,,,,,,,,,,,,,,
4720,16,1,1,3,145.0,2,1.6,,,,,,,,,1.0,0.0,2.0,-2.0,-1.24,-1.13
14535,19,1,1,23,1680.0,19,18.7,,,,,,,,,1.65,26.0,18.0,8.0,0.43,0.58
13855,22,1,1,2,82.0,1,0.9,,,,,,,,,0.5,1.0,0.0,1.0,1.1,0.69
13854,2,1,1,3,240.0,3,2.7,,,,,,,,,1.33,4.0,3.0,1.0,0.37,0.86
12584,11,1,1,8,240.0,1,2.7,,,,,,,,,1.13,5.0,5.0,0.0,0.0,-0.08
679,11,1,1,0,,0,,,,,,,,,,,,,,,
7765,24,1,1,6,368.0,4,4.1,,,,,,,,,1.0,6.0,5.0,1.0,0.24,0.48
12491,18,1,1,24,490.0,4,5.4,,,,,,,,,1.46,4.0,15.0,-11.0,-2.02,-2.11
4324,6,1,1,33,1844.0,24,20.5,,,,,,,,,1.18,16.0,23.0,-7.0,-0.34,0.57
10984,3,1,1,36,2532.0,32,28.1,,,,,,,,,1.39,39.0,29.0,10.0,0.36,0.96
1415,16,1,1,32,1076.0,11,12.0,,,,,,,,,1.28,7.0,19.0,-12.0,-1.0,-1.23
5886,23,1,1,25,1154.0,13,12.8,,,,,,,,,0.92,12.0,20.0,-8.0,-0.62,0.25
6270,23,1,1,32,2392.0,28,26.6,,,,,,,,,1.16,21.0,43.0,-22.0,-0.83,-0.13
8898,17,1,1,31,2124.0,22,23.6,,,,,,,,,1.35,22.0,26.0,-4.0,-0.17,-0.1
14440,25,1,1,0,,0,,,,,,,,,,,,,,,
4125,18,1,1,1,1.0,0,0.0,,,,,,,,,1.5,0.0,4.0,-4.0,-360.0,-359.89
13149,4,1,1,22,1943.0,22,21.6,,,,,,,,,1.86,33.0,17.0,16.0,0.74,-0.54
5318,7,1,1,18,887.0,10,9.9,,,,,,,,,1.11,14.0,11.0,3.0,0.3,0.77
6027,10,1,1,16,326.0,2,3.6,,,,,,,,,1.13,2.0,8.0,-6.0,-1.66,-1.51
3204,22,1,1,28,1937.0,25,21.5,,,,,,,,,2.11,37.0,21.0,16.0,0.74,0.74
12389,19,1,1,26,2340.0,26,26.0,,,,,,,,,1.54,33.0,32.0,1.0,0.04,-0.29
12954,9,1,1,7,148.0,0,1.6,,,,,,,,,1.43,5.0,6.0,-1.0,-0.61,-0.17
13892,3,1,1,31,2745.0,31,30.5,,,,,,,,,1.45,42.0,37.0,5.0,0.16,0.3
14310,24,1,1,0,,0,,,,,,,,,,,,,,,
12371,6,1,1,33,2465.0,28,27.4,,,,,,,,,1.18,22.0,27.0,-5.0,-0.18,1.51
690,22,1,1,10,349.0,3,3.9,,,,,,,,,1.5,7.0,5.0,2.0,0.52,0.11
1642,7,1,1,12,262.0,3,2.9,,,,,,,,,1.92,5.0,3.0,2.0,0.69,1.03
2345,25,1,1,3,242.0,3,2.7,,,,,,,,,1.0,1.0,2.0,-1.0,-0.37,-0.32
9079,8,1,1,0,,0,,,,,,,,,,,,,,,
3205,10,1,1,38,3420.0,38,38.0,,,,,,,,,1.11,34.0,45.0,-11.0,-0.29,
5496,7,1,1,1,17.0,0,0.2,,,,,,,,,3.0,0.0,0.0,0.0,0.0,0.26
3672,2,1,1,20,527.0,3,5.9,,,,,,,,,0.7,4.0,6.0,-2.0,-0.34,0.09
14068,9,1,1,34,2428.0,27,27.0,,,,,,,,,1.0,34.0,46.0,-12.0,-0.44,0.01
8024,6,1,1,0,,0,,,,,,,,,,,,,,,
7180,7,1,1,32,1705.0,20,18.9,,,,,,,,,1.09,25.0,32.0,-7.0,-0.37,-0.21
2760,11,1,1,32,1090.0,8,12.1,,,,,,,,,1.31,21.0,16.0,5.0,0.41,0.49
2845,10,1,1,28,1946.0,26,21.6,,,,,,,,,1.36,21.0,20.0,1.0,0.05,0.78
3323,9,1,1,18,945.0,11,10.5,,,,,,,,,0.94,16.0,23.0,-7.0,-0.67,-0.3
9196,18,1,1,2,12.0,0,0.1,,,,,,,,,1.0,1.0,3.0,-2.0,-15.0,-14.84
13225,24,1,1,25,1065.0,10,11.8,,,,,,,,,1.52,18.0,15.0,3.0,0.25,0.64
9329,2,1,1,0,,0,,,,,,,,,,,,,,,
14249,7,1,1,4,55.0,0,0.6,,,,,,,,,0.25,0.0,0.0,0.0,0.0,0.27
732,22,1,1,34,2386.0,28,26.5,,,,,,,,,1.91,39.0,20.0,19.0,0.72,0.98
11998,7,1,1,28,1451.0,16,16.1,,,,,,,,,1.14,10.0,28.0,-18.0,-1.12,-1.48
9010,2,1,1,0,,0,,,,,,,,,,,,,,,
1648,20,1,1,33,2119.0,24,23.5,,,,,,,,,2.03,51.0,27.0,24.0,1.02,-0.02
694,24,1,1,27,1427.0,15,15.9,,,,,,,,,1.22,17.0,24.0,-7.0,-0.44,-0.44
1512,5,1,1,0,,0,0.0,,,,,,,,,1.0,1.0,1.0,0.0,,
8979,5,1,1,38,3347.0,38,37.2,,,,,,,,,2.32,68.0,18.0,50.0,1.34,1.34
11807,11,1,1,8,212.0,2,2.4,,,,,,,,,1.63,1.0,3.0,-2.0,-0.85,-0.99
11808,26,1,1,16,816.0,11,9.1,,,,,,,,,2.0,10.0,9.0,1.0,0.11,-0.51
11883,18,1,1,19,805.0,9,8.9,,,,,,,,,0.89,7.0,13.0,-6.0,-0.67,-0.6
11266,5,1,1,8,144.0,1,1.6,,,,,,,,,0.88,3.0,2.0,1.0,0.62,-0.72
3210,23,1,1,7,385.0,2,4.3,,,,,,,,,1.14,3.0,8.0,-5.0,-1.17,-0.43
4448,5,1,1,33,1392.0,14,15.5,,,,,,,,,2.27,25.0,11.0,14.0,0.91,-0.69
11035,24,1,1,32,2137.0,27,23.7,,,,,,,,,1.31,32.0,31.0,1.0,0.04,0.6
11412,26,1,1,34,3054.0,34,33.9,,,,,,,,,1.71,55.0,35.0,20.0,0.59,0.84
12152,17,1,1,2,11.0,0,0.1,,,,,,,,,3.0,0.0,0.0,0.0,0.0,0.13
8540,17,1,1,33,2477.0,31,27.5,,,,,,,,,1.3,24.0,25.0,-1.0,-0.04,0.35
10400,9,1,1,1,3.0,0,0.0,,,,,,,,,1.0,1.0,0.0,1.0,30.0,30.47
11150,18,1,1,34,2145.0,28,23.8,,,,,,,,,1.24,35.0,32.0,3.0,0.13,0.9
8899,26,1,1,23,828.0,8,9.2,,,,,,,,,1.87,17.0,8.0,9.0,0.98,0.63
14041,11,1,1,19,1489.0,17,16.5,,,,,,,,,1.47,29.0,19.0,10.0,0.6,0.93
1850,22,1,1,6,106.0,1,1.2,,,,,,,,,1.5,1.0,2.0,-1.0,-0.85,-1.31
3998,10,1,1,35,2970.0,35,33.0,,,,,,,,,1.09,29.0,42.0,-13.0,-0.39,-0.79
11154,11,1,1,3,100.0,1,1.1,,,,,,,,,0.0,0.0,2.0,-2.0,-1.8,-1.94
11270,17,1,1,0,,0,,,,,,,,,,,,,,,
11155,18,1,1,34,2555.0,29,28.4,,,,,,,,,1.32,34.0,33.0,1.0,0.04,0.97
9338,16,1,1,30,2656.0,30,29.5,,,,,,,,,1.4,29.0,33.0,-4.0,-0.14,0.1
6519,20,1,1,1,22.0,0,0.2,,,,,,,,,3.0,2.0,0.0,2.0,8.18,7.2
8901,11,1,1,7,206.0,2,2.3,,,,,,,,,0.86,8.0,5.0,3.0,1.31,1.31
8903,25,1,1,0,,0,,,,,,,,,,,,,,,
4376,20,1,1,34,2502.0,29,27.8,,,,,,,,,2.09,51.0,25.0,26.0,0.94,-0.34
6521,25,1,1,10,310.0,3,3.4,,,,,,,,,0.8,1.0,5.0,-4.0,-1.16,-1.19
7697,7,1,1,10,441.0,6,4.9,,,,,,,,,1.4,4.0,8.0,-4.0,-0.82,-0.64
8548,20,1,1,23,1144.0,12,12.7,,,,,,,,,1.96,28.0,12.0,16.0,1.26,0.35
4829,7,1,1,36,2294.0,28,25.5,,,,,,,,,1.17,29.0,30.0,-1.0,-0.04,0.68
13898,3,1,1,10,193.0,0,2.1,,,,,,,,,1.4,2.0,7.0,-5.0,-2.33,-2.58
5147,8,1,1,16,703.0,9,7.8,,,,,,,,,0.88,4.0,12.0,-8.0,-1.02,-0.06
10085,3,1,1,36,2575.0,28,28.6,,,,,,,,,1.33,32.0,30.0,2.0,0.07,-0.14
11418,11,1,1,0,,0,,,,,,,,,,,,,,,
456,9,1,1,25,1025.0,10,11.4,,,,,,,,,1.16,18.0,19.0,-1.0,-0.09,0.51
10411,17,1,1,20,1247.0,15,13.9,,,,,,,,,1.5,10.0,15.0,-5.0,-0.36,-0.36
4650,19,1,1,0,,0,,,,,,,,,,,,,,,
13745,11,1,1,24,895.0,12,9.9,,,,,,,,,1.33,16.0,10.0,6.0,0.6,0.71
13748,23,1,1,2,91.0,1,1.0,,,,,,,,,0.0,0.0,3.0,-3.0,-2.97,-2.24
3002,9,1,1,0,,0,,,,,,,,,,,,,,,
1611,3,1,1,5,97.0,1,1.1,,,,,,,,,1.6,1.0,0.0,1.0,0.93,0.85
5149,10,1,1,16,457.0,3,5.1,,,,,,,,,0.88,4.0,5.0,-1.0,-0.2,0.11
5893,7,1,1,19,1710.0,19,19.0,,,,,,,,,1.21,25.0,24.0,1.0,0.05,0.63
12032,19,1,1,0,,0,,,,,,,,,,,,,,,
3003,3,1,1,29,2376.0,26,26.4,,,,,,,,,1.31,28.0,24.0,4.0,0.15,0.15
14030,6,1,1,0,,0,,,,,,,,,,,,,,,
12916,23,1,1,15,747.0,6,8.3,,,,,,,,,1.07,5.0,13.0,-8.0,-0.96,-0.22
1676,8,1,1,2,180.0,2,2.0,,,,,,,,,0.0,1.0,4.0,-3.0,-1.5,-0.56
5705,3,1,1,36,2836.0,34,31.5,,,,,,,,,1.33,38.0,35.0,3.0,0.1,-0.06
10643,3,1,1,36,2656.0,32,29.5,,,,,,,,,1.42,43.0,31.0,12.0,0.41,1.35
1677,4,1,1,33,2258.0,25,25.1,,,,,,,,,2.03,59.0,27.0,32.0,1.28,0.89
7964,5,1,1,1,8.0,0,0.1,,,,,,,,,3.0,0.0,0.0,0.0,0.0,-1.32
6290,23,1,1,25,1608.0,19,17.9,,,,,,,,,1.08,15.0,34.0,-19.0,-1.06,-0.52
7068,6,1,1,10,639.0,7,7.1,,,,,,,,,0.7,3.0,17.0,-14.0,-1.97,-1.68
10980,3,1,1,26,852.0,6,9.5,,,,,,,,,1.23,3.0,12.0,-9.0,-0.95,-1.41
5616,22,1,1,31,2542.0,29,28.2,,,,,,,,,1.77,35.0,26.0,9.0,0.32,-0.4
1048,22,1,1,0,,0,,,,,,,,,,,,,,,
9343,22,1,1,36,3101.0,35,34.5,,,,,,,,,1.81,45.0,34.0,11.0,0.32,-1.09
10390,10,1,2,2,180.0,2,2.0,,,,,,,,,0.0,1.0,3.0,-2.0,-1.0,-0.72
119,19,1,2,23,1400.0,15,15.6,,,,,,,,,1.61,20.0,20.0,0.0,0.0,-0.13
53,1,1,2,27,2312.0,27,25.7,,,,,,,,,1.07,21.0,30.0,-9.0,-0.35,-0.27
13989,25,1,2,0,,0,,,,,,,,,,,,,,,
9088,24,1,2,21,1292.0,18,14.4,,,,,,,,,1.14,20.0,21.0,-1.0,-0.07,0.14
7273,3,1,2,4,238.0,2,2.6,,,,,,,,,1.5,3.0,4.0,-1.0,-0.38,-1.09
8552,24,1,2,12,777.0,9,8.6,,,,,,,,,1.42,11.0,12.0,-1.0,-0.12,0.05
7081,7,1,2,6,407.0,4,4.5,,,,,,,,,0.83,3.0,6.0,-3.0,-0.66,-0.42
5662,26,1,2,31,1511.0,17,16.8,,,,,,,,,1.45,26.0,33.0,-7.0,-0.42,-0.75
12834,2,1,2,19,1675.0,19,18.6,,,,,,,,,0.32,17.0,36.0,-19.0,-1.02,-0.35
11420,19,1,2,2,27.0,0,0.3,,,,,,,,,1.5,1.0,1.0,0.0,0.0,-0.08
3128,20,1,2,14,1154.0,14,12.8,,,,,,,,,2.36,23.0,10.0,13.0,1.01,-0.89
11877,26,1,2,26,2031.0,24,22.6,,,,,,,,,1.15,34.0,36.0,-2.0,-0.09,-0.22
12336,6,1,2,36,3134.0,36,34.8,,,,,,,,,0.89,26.0,49.0,-23.0,-0.66,1.23
11059,10,1,2,31,2195.0,24,24.4,,,,,,,,,1.06,26.0,34.0,-8.0,-0.33,-0.03
5845,6,1,2,30,1692.0,21,18.8,,,,,,,,,1.0,14.0,26.0,-12.0,-0.64,0.25
2283,10,1,2,29,1020.0,10,11.3,,,,,,,,,1.1,12.0,22.0,-10.0,-0.88,-0.81
10171,22,1,2,11,249.0,1,2.8,,,,,,,,,1.73,5.0,7.0,-2.0,-0.72,-1.12
13246,7,1,2,10,336.0,2,3.7,,,,,,,,,0.8,7.0,8.0,-1.0,-0.27,0.02
3581,25,1,2,18,965.0,12,10.7,,,,,,,,,1.0,15.0,11.0,4.0,0.37,0.7
5627,11,1,2,0,,0,,,,,,,,,,,,,,,
10446,6,1,2,0,,0,,,,,,,,,,,,,,,
9090,5,1,2,5,252.0,3,2.8,,,,,,,,,3.0,7.0,4.0,3.0,1.07,0.16
229,26,1,2,11,775.0,10,8.6,,,,,,,,,1.0,11.0,22.0,-11.0,-1.28,-1.65
12806,19,1,2,14,568.0,6,6.3,,,,,,,,,1.43,6.0,11.0,-5.0,-0.79,-1.04
4871,10,1,2,34,2537.0,29,28.2,,,,,,,,,1.15,23.0,40.0,-17.0,-0.6,-1.11
5454,7,1,2,12,762.0,8,8.5,,,,,,,,,1.83,12.0,10.0,2.0,0.24,0.68
5630,26,1,2,0,,0,,,,,,,,,,,,,,,
14442,3,1,2,19,1152.0,14,12.8,,,,,,,,,1.84,18.0,12.0,6.0,0.47,-0.25
12775,25,1,2,20,604.0,7,6.7,,,,,,,,,1.45,4.0,6.0,-2.0,-0.3,-0.2
961,16,1,2,15,394.0,3,4.4,,,,,,,,,0.87,3.0,4.0,-1.0,-0.23,0.07
10016,12,1,2,19,1560.0,17,17.3,,,,,,,,,0.89,21.0,35.0,-14.0,-0.81,0.5
4269,10,1,2,11,164.0,2,1.8,,,,,,,,,1.42,4.0,6.0,-2.0,-1.1,-0.82
7010,6,1,2,0,,0,,,,,,,,,,,,,,,
1596,2,1,2,0,,0,,,,,,,,,,,,,,,
9730,10,1,2,7,339.0,3,3.8,,,,,,,,,1.0,4.0,6.0,-2.0,-0.53,-0.24
6781,22,1,2,11,543.0,5,6.0,,,,,,,,,1.27,4.0,8.0,-4.0,-0.66,-1.16
7287,13,1,2,25,1462.0,15,16.2,,,,,,,,,1.08,11.0,17.0,-6.0,-0.37,0.0
12303,5,1,2,25,1997.0,21,22.2,,,,,,,,,2.0,50.0,31.0,19.0,0.86,-0.16
4632,12,1,2,0,,0,,,,,,,,,,,,,,,
9524,24,1,2,0,,0,,,,,,,,,,,,,,,
292,3,1,2,12,265.0,2,2.9,,,,,,,,,1.17,3.0,3.0,0.0,0.0,-0.68
6506,17,1,2,37,2660.0,29,29.6,,,,,,,,,1.22,35.0,44.0,-9.0,-0.3,-0.07
9526,12,1,2,14,369.0,3,4.1,,,,,,,,,0.86,3.0,8.0,-5.0,-1.22,-0.16
5709,17,1,2,1,17.0,0,0.2,,,,,,,,,1.0,0.0,0.0,0.0,0.0,0.29
7011,17,1,2,26,929.0,9,10.3,,,,,,,,,1.04,11.0,16.0,-5.0,-0.48,-0.27
12837,2,1,2,34,2047.0,22,22.7,,,,,,,,,0.5,28.0,41.0,-13.0,-0.57,0.67
7606,20,1,2,14,1198.0,13,13.3,,,,,,,,,2.36,23.0,9.0,14.0,1.05,-0.85
12022,11,1,2,0,,0,,,,,,,,,,,,,,,
5509,7,1,2,35,2707.0,31,30.1,,,,,,,,,1.0,38.0,44.0,-6.0,-0.2,0.43
1023,5,1,2,0,,0,,,,,,,,,,,,,,,
4191,17,1,2,17,864.0,10,9.6,,,,,,,,,0.94,11.0,12.0,-1.0,-0.1,0.25
4192,19,1,2,6,298.0,4,3.3,,,,,,,,,1.17,6.0,7.0,-1.0,-0.3,-0.42
4867,22,1,2,0,,0,,,,,,,,,,,,,,,
2406,4,1,2,25,1423.0,14,15.8,,,,,,,,,2.12,24.0,16.0,8.0,0.51,-0.35
5570,2,1,2,25,1430.0,14,15.9,,,,,,,,,0.56,17.0,38.0,-21.0,-1.32,-0.82
13085,2,1,2,1,90.0,1,1.0,,,,,,,,,0.0,0.0,2.0,-2.0,-2.0,-1.19
8280,24,1,2,28,2277.0,27,25.3,,,,,,,,,1.29,32.0,29.0,3.0,0.12,0.83
607,26,1,2,34,2579.0,33,28.7,,,,,,,,,1.5,50.0,46.0,4.0,0.14,0.57
4064,26,1,2,10,839.0,9,9.3,,,,,,,,,2.0,24.0,18.0,6.0,0.64,0.85
2385,19,1,2,4,194.0,2,2.2,,,,,,,,,2.0,4.0,2.0,2.0,0.93,0.9
459,5,1,2,18,1378.0,15,15.3,,,,,,,,,2.11,29.0,17.0,12.0,0.78,-0.23
5848,18,1,2,33,2873.0,32,31.9,,,,,,,,,1.12,27.0,39.0,-12.0,-0.38,0.78
6852,7,1,2,27,1981.0,24,22.0,,,,,,,,,1.07,23.0,28.0,-5.0,-0.23,0.15
8092,2,1,2,32,1837.0,22,20.4,,,,,,,,,0.59,23.0,41.0,-18.0,-0.88,-0.09
7754,17,1,2,16,303.0,3,3.4,,,,,,,,,0.94,8.0,8.0,0.0,0.0,0.32
1026,22,1,2,29,1427.0,20,15.9,,,,,,,,,1.45,24.0,18.0,6.0,0.38,0.11
11212,4,1,2,24,1555.0,17,17.3,,,,,,,,,2.13,32.0,17.0,15.0,0.87,0.29
8942,19,1,2,3,225.0,3,2.5,,,,,,,,,1.33,2.0,6.0,-4.0,-1.6,-1.8
890,6,1,2,0,,0,,,,,,,,,,,,,,,
1638,12,1,2,17,1530.0,17,17.0,,,,,,,,,0.76,16.0,28.0,-12.0,-0.71,0.68
1787,18,1,2,19,212.0,0,2.4,,,,,,,,,1.16,4.0,2.0,2.0,0.85,1.44
12904,22,1,2,15,771.0,8,8.6,,,,,,,,,1.47,14.0,5.0,9.0,1.05,0.95
11921,4,1,2,0,,0,,,,,,,,,,,,,,,
5381,19,1,2,23,1711.0,20,19.0,,,,,,,,,1.61,22.0,18.0,4.0,0.21,0.26
7268,20,1,2,28,2315.0,27,25.7,,,,,,,,,2.46,57.0,16.0,41.0,1.59,-0.04
3770,12,1,2,0,,0,,,,,,,,,,,,,,,
4634,7,1,2,33,2428.0,28,27.0,,,,,,,,,1.18,38.0,41.0,-3.0,-0.11,0.61
2312,1,1,2,29,1136.0,10,12.6,,,,,,,,,1.34,19.0,13.0,6.0,0.48,1.11
6970,10,1,2,0,,0,,,,,,,,,,,,,,,
14560,3,1,2,27,1930.0,22,21.4,,,,,,,,,1.85,33.0,16.0,17.0,0.79,0.37
610,3,1,2,35,1592.0,15,17.7,,,,,,,,,1.74,19.0,19.0,0.0,0.0,-1.18
1377,1,1,2,33,2426.0,29,27.0,,,,,,,,,1.3,22.0,30.0,-8.0,-0.3,-0.12
2835,11,1,2,34,2972.0,33,33.0,,,,,,,,,2.29,78.0,37.0,41.0,1.24,1.64
221,12,1,2,1,26.0,0,0.3,,,,,,,,,0.0,2.0,2.0,0.0,0.0,1.09
14415,24,1,2,1,90.0,1,1.0,,,,,,,,,0.0,1.0,2.0,-1.0,-1.0,-0.86
8477,12,1,2,31,2541.0,30,28.2,,,,,,,,,0.52,26.0,57.0,-31.0,-1.1,-0.07
3102,17,1,2,2,48.0,0,0.5,,,,,,,,,1.5,1.0,1.0,0.0,0.0,0.29
2111,12,1,2,1,31.0,0,0.3,,,,,,,,,0.0,0.0,3.0,-3.0,-8.71,-7.7
2670,19,1,2,7,630.0,7,7.0,,,,,,,,,1.86,11.0,5.0,6.0,0.86,0.95
1795,26,1,2,14,270.0,2,3.0,,,,,,,,,0.86,3.0,3.0,0.0,0.0,0.0
2933,26,1,2,0,,0,,,,,,,,,,,,,,,
1284,17,1,2,33,2435.0,29,27.1,,,,,,,,,1.3,34.0,40.0,-6.0,-0.22,0.24
8878,24,1,2,4,117.0,1,1.3,,,,,,,,,1.5,0.0,2.0,-2.0,-1.54,-1.43
12639,11,1,2,0,,0,,,,,,,,,,,,,,,
11215,19,1,2,2,44.0,0,0.5,,,,,,,,,1.5,1.0,0.0,1.0,2.05,1.99
7013,12,1,2,25,803.0,7,8.9,,,,,,,,,0.72,8.0,21.0,-13.0,-1.46,-0.49
3764,20,1,2,31,1817.0,21,20.2,,,,,,,,,2.45,47.0,14.0,33.0,1.63,0.06
12843,18,1,2,31,1661.0,20,18.5,,,,,,,,,0.94,12.0,27.0,-15.0,-0.81,-0.61
7014,13,1,2,8,171.0,1,1.9,,,,,,,,,0.5,0.0,2.0,-2.0,-1.05,-0.72
9037,25,1,2,0,,0,,,,,,,,,,,,,,,
6581,5,1,2,32,2503.0,29,27.8,,,,,,,,,2.16,53.0,35.0,18.0,0.65,-1.02
8479,20,1,2,0,,0,,,,,,,,,,,,,,,
12809,25,1,2,27,1229.0,15,13.7,,,,,,,,,1.15,21.0,20.0,1.0,0.07,0.32
10018,24,1,2,0,,0,,,,,,,,,,,,,,,
4153,26,1,2,32,1455.0,15,16.2,,,,,,,,,1.31,29.0,33.0,-4.0,-0.25,-0.43
5738,6,1,2,35,2611.0,29,29.0,,,,,,,,,0.86,20.0,38.0,-18.0,-0.62,0.6
2882,18,1,2,1,90.0,1,1.0,,,,,,,,,0.0,0.0,1.0,-1.0,-1.0,-0.51
8947,13,1,2,26,737.0,6,8.2,,,,,,,,,,11.0,7.0,4.0,0.49,1.09
12812,13,1,2,35,2814.0,30,31.3,,,,,,,,,1.09,30.0,38.0,-8.0,-0.26,0.64
6774,19,1,2,17,1328.0,15,14.8,,,,,,,,,1.53,21.0,15.0,6.0,0.41,0.54
7196,11,1,2,0,,0,0.0,,,,,,,,,0.0,2.0,3.0,-1.0,,
2356,10,1,2,30,1313.0,15,14.6,,,,,,,,,1.03,18.0,26.0,-8.0,-0.55,-0.38
14381,4,1,2,3,221.0,3,2.5,,,,,,,,,2.33,6.0,1.0,5.0,2.04,1.42
891,12,1,2,13,475.0,5,5.3,,,,,,,,,0.46,10.0,11.0,-1.0,-0.19,1.03
894,20,1,2,0,,0,,,,,,,,,,,,,,,
2705,7,1,2,0,,0,,,,,,,,,,,,,,,
2886,20,1,2,28,2171.0,25,24.1,,,,,,,,,2.57,55.0,13.0,42.0,1.74,0.37
14227,19,1,2,22,680.0,4,7.6,,,,,,,,,1.55,11.0,10.0,1.0,0.13,0.07
8950,5,1,2,2,15.0,0,0.2,,,,,,,,,3.0,0.0,0.0,0.0,0.0,-0.93
2376,17,1,2,30,2534.0,28,28.2,,,,,,,,,1.17,34.0,45.0,-11.0,-0.39,-0.39
2889,20,1,2,20,598.0,5,6.6,,,,,,,,,2.6,16.0,6.0,10.0,1.51,-0.12
615,2,1,2,14,980.0,11,10.9,,,,,,,,,0.64,12.0,24.0,-12.0,-1.1,-0.36
4715,7,1,2,17,546.0,5,6.1,,,,,,,,,1.35,8.0,12.0,-4.0,-0.66,-0.44
11520,18,1,2,22,1167.0,12,13.0,,,,,,,,,0.83,7.0,15.0,-8.0,-0.62,-0.18
1133,5,1,2,30,1979.0,27,22.0,,,,,,,,,2.17,37.0,26.0,11.0,0.5,-1.0
2659,2,1,2,31,2434.0,26,27.0,,,,,,,,,0.58,34.0,55.0,-21.0,-0.78,0.23
14003,6,1,2,22,1864.0,22,20.7,,,,,,,,,0.95,12.0,23.0,-11.0,-0.53,0.51
11340,18,1,2,31,1664.0,16,18.5,,,,,,,,,1.16,12.0,30.0,-18.0,-0.97,-0.92
12950,11,1,2,1,1.0,0,0.0,,,,,,,,,3.0,0.0,0.0,0.0,0.0,-1.03
12684,13,1,2,30,2295.0,26,25.5,,,,,,,,,1.03,23.0,33.0,-10.0,-0.39,-0.07
12632,26,1,2,27,1653.0,20,18.4,,,,,,,,,1.59,33.0,25.0,8.0,0.44,0.84
2741,16,1,2,19,1333.0,17,14.8,,,,,,,,,1.05,10.0,20.0,-10.0,-0.68,-0.63
4686,26,1,2,17,910.0,10,10.1,,,,,,,,,1.59,20.0,10.0,10.0,0.99,1.35
13357,12,1,2,9,182.0,2,2.0,,,,,,,,,0.22,1.0,3.0,-2.0,-0.99,0.09
6509,24,1,2,2,17.0,0,0.2,,,,,,,,,0.0,1.0,0.0,1.0,5.29,5.48
1235,4,1,2,32,1528.0,14,17.0,,,,,,,,,1.94,35.0,19.0,16.0,0.94,0.42
13406,25,1,2,31,2154.0,25,23.9,,,,,,,,,1.32,27.0,30.0,-3.0,-0.13,0.02
6230,16,1,2,30,1682.0,19,18.7,,,,,,,,,1.13,19.0,26.0,-7.0,-0.37,-0.17
12535,16,1,2,34,2303.0,26,25.6,,,,,,,,,1.0,21.0,30.0,-9.0,-0.35,-0.19
13399,20,1,2,4,332.0,4,3.7,,,,,,,,,2.5,12.0,0.0,12.0,3.25,1.82
14331,11,1,2,34,2245.0,24,24.9,,,,,,,,,2.21,56.0,31.0,25.0,1.0,-0.07
2755,18,1,2,15,527.0,4,5.9,,,,,,,,,0.73,2.0,8.0,-6.0,-1.02,-0.62
2765,25,1,2,1,57.0,0,0.6,,,,,,,,,0.0,0.0,1.0,-1.0,-1.58,-1.47
7208,17,1,2,26,1667.0,18,18.5,,,,,,,,,1.27,23.0,28.0,-5.0,-0.27,0.04
7205,19,1,2,5,76.0,0,0.8,,,,,,,,,1.6,0.0,1.0,-1.0,-1.18,-1.29
11399,5,1,2,19,1558.0,18,17.3,,,,,,,,,2.32,36.0,21.0,15.0,0.87,-0.1
5853,16,1,2,1,90.0,1,1.0,,,,,,,,,3.0,2.0,1.0,1.0,1.0,1.32
6973,26,1,2,29,1963.0,21,21.8,,,,,,,,,1.41,31.0,42.0,-11.0,-0.5,-1.18
4069,13,1,2,2,102.0,1,1.1,,,,,,,,,0.5,0.0,2.0,-2.0,-1.76,-1.44
411,22,1,2,1,28.0,0,0.3,,,,,,,,,0.0,1.0,0.0,1.0,3.21,2.92
12816,16,1,2,36,2157.0,21,24.0,,,,,,,,,1.08,19.0,29.0,-10.0,-0.42,-0.35
8724,24,1,2,0,,0,,,,,,,,,,,,,,,
12214,4,1,2,34,2075.0,25,23.1,,,,,,,,,1.97,41.0,26.0,15.0,0.65,-0.15
10318,25,1,2,14,1073.0,12,11.9,,,,,,,,,1.14,11.0,15.0,-4.0,-0.34,-0.3
10334,6,1,2,1,1.0,0,0.0,,,,,,,,,1.0,0.0,0.0,0.0,0.0,0.76
12777,1,1,2,0,,0,,,,,,,,,,,,,,,
1618,19,1,2,18,1048.0,13,11.6,,,,,,,,,1.5,14.0,9.0,5.0,0.43,0.51
2080,20,1,2,31,1545.0,18,17.2,,,,,,,,,2.52,44.0,9.0,35.0,2.04,0.79
14005,12,1,2,4,162.0,2,1.8,,,,,,,,,0.75,1.0,8.0,-7.0,-3.89,-2.95
4302,12,1,2,8,89.0,0,1.0,,,,,,,,,0.5,2.0,3.0,-1.0,-1.01,0.07
13209,18,1,2,37,3330.0,37,37.0,,,,,,,,,1.03,29.0,47.0,-18.0,-0.49,0.51
3539,10,1,2,33,2484.0,30,27.6,,,,,,,,,1.18,28.0,33.0,-5.0,-0.18,0.49
9243,24,1,2,13,1170.0,13,13.0,,,,,,,,,0.62,14.0,25.0,-11.0,-0.85,-1.05
6232,25,1,2,2,79.0,1,0.9,,,,,,,,,0.0,0.0,3.0,-3.0,-3.42,-3.36
2317,7,1,2,22,1584.0,18,17.6,,,,,,,,,1.27,24.0,29.0,-5.0,-0.28,0.01
6273,7,1,2,0,,0,,,,,,,,,,,,,,,
9162,25,1,2,3,25.0,0,0.3,,,,,,,,,0.33,0.0,1.0,-1.0,-3.6,-3.49
2320,7,1,2,17,708.0,7,7.9,,,,,,,,,0.65,9.0,12.0,-3.0,-0.38,-0.12
1018,7,1,2,32,905.0,7,10.1,,,,,,,,,1.16,12.0,23.0,-11.0,-1.09,-1.09
1553,11,1,2,36,2587.0,32,28.7,,,,,,,,,2.19,66.0,36.0,30.0,1.04,0.07
3584,10,1,2,15,907.0,11,10.1,,,,,,,,,1.27,14.0,18.0,-4.0,-0.4,-0.11
12344,1,1,2,28,1878.0,21,20.9,,,,,,,,,1.07,20.0,30.0,-10.0,-0.48,-0.48
5467,25,1,2,37,2976.0,35,33.1,,,,,,,,,1.32,35.0,33.0,2.0,0.06,1.48
13866,3,1,2,0,,0,,,,,,,,,,,,,,,
1472,22,1,2,15,812.0,7,9.0,,,,,,,,,1.73,10.0,8.0,2.0,0.22,-0.12
223,2,1,2,36,2476.0,29,27.5,,,,,,,,,0.58,25.0,52.0,-27.0,-0.98,-0.5
14512,24,1,2,33,2570.0,28,28.6,,,,,,,,,1.21,40.0,33.0,7.0,0.25,1.62
4011,19,1,2,0,,0,,,,,,,,,,,,,,,
5135,6,1,2,25,1697.0,18,18.9,,,,,,,,,0.84,11.0,29.0,-18.0,-0.95,-0.38
9,13,1,2,2,153.0,1,1.7,,,,,,,,,0.33,1.0,4.0,-3.0,-1.76,-1.46
4275,10,1,2,0,,0,,,,,,,,,,,,,,,
805,18,1,2,31,2507.0,29,27.9,,,,,,,,,1.06,22.0,37.0,-15.0,-0.54,-0.14
1954,11,1,2,2,2.0,0,0.0,,,,,,,,,2.0,0.0,0.0,0.0,0.0,-1.03
7507,6,1,2,1,21.0,0,0.2,,,,,,,,,0.0,0.0,0.0,0.0,0.0,0.77
46,19,1,2,26,865.0,6,9.6,,,,,,,,,1.35,11.0,9.0,2.0,0.21,0.17
44,5,1,2,2,68.0,0,0.8,,,,,,,,,2.0,2.0,0.0,2.0,2.65,1.76
11736,18,1,2,22,407.0,2,4.5,,,,,,,,,0.87,7.0,7.0,0.0,0.0,0.57
4295,6,1,2,30,2547.0,30,28.3,,,,,,,,,0.9,20.0,39.0,-19.0,-0.67,0.36
1276,5,1,2,3,50.0,0,0.6,,,,,,,,,2.33,2.0,0.0,2.0,3.6,2.72
10398,19,1,2,19,1049.0,10,11.7,,,,,,,,,1.79,19.0,15.0,4.0,0.34,0.38
8626,19,1,2,4,360.0,4,4.0,,,,,,,,,1.75,5.0,5.0,0.0,0.0,-0.09
6588,4,1,2,0,,0,,,,,,,,,,,,,,,
6589,5,1,2,30,1540.0,18,17.1,,,,,,,,,2.17,34.0,16.0,18.0,1.05,0.24
7776,26,1,2,23,1583.0,16,17.6,,,,,,,,,1.52,31.0,19.0,12.0,0.68,1.27
5208,19,1,2,0,,0,,,,,,,,,,,,,,,
335,17,1,2,7,551.0,6,6.1,,,,,,,,,0.63,6.0,13.0,-7.0,-1.14,-1.02
622,6,1,2,26,1285.0,14,14.3,,,,,,,,,0.85,6.0,20.0,-14.0,-0.98,-0.35
2324,22,1,2,10,408.0,5,4.5,,,,,,,,,1.55,7.0,4.0,3.0,0.66,0.39
2412,7,1,2,0,,0,,,,,,,,,,,,,,,
9098,16,1,2,0,,0,,,,,,,,,,,,,,,
11887,12,1,2,4,280.0,4,3.1,,,,,,,,,0.75,8.0,11.0,-3.0,-0.96,0.12
13962,11,1,2,27,506.0,2,5.6,,,,,,,,,2.0,11.0,10.0,1.0,0.18,-1.0
4434,24,1,2,8,459.0,5,5.1,,,,,,,,,1.0,9.0,10.0,-1.0,-0.2,-0.04
4432,2,1,2,4,360.0,4,4.0,,,,,,,,,1.0,11.0,10.0,1.0,0.25,1.22
1064,12,1,2,15,1340.0,14,14.9,,,,,,,,,0.33,12.0,29.0,-17.0,-1.14,-0.1
11402,13,1,2,0,,0,,,,,,,,,,,,,,,
11733,2,1,2,1,17.0,0,0.2,,,,,,,,,1.0,0.0,0.0,0.0,0.0,0.85
2177,22,1,2,0,,0,,,,,,,,,,,,,,,
11222,19,1,2,15,1148.0,14,12.8,,,,,,,,,1.47,22.0,20.0,2.0,0.16,0.12
5384,5,1,2,7,318.0,4,3.5,,,,,,,,,2.57,9.0,2.0,7.0,1.98,1.17
3478,25,1,2,33,1842.0,19,20.5,,,,,,,,,1.36,20.0,22.0,-2.0,-0.1,0.07
7218,26,1,2,12,1062.0,12,11.8,,,,,,,,,1.0,15.0,20.0,-5.0,-0.42,-0.61
338,22,1,2,0,,0,,,,,,,,,,,,,,,
4630,20,1,2,0,,0,,,,,,,,,,,,,,,
6976,18,1,2,36,1549.0,14,17.2,,,,,,,,,0.97,13.0,21.0,-8.0,-0.46,0.06
3094,24,1,2,0,,0,,,,,,,,,,,,,,,
13736,11,1,2,0,,0,,,,,,,,,,,,,,,
2944,10,1,2,1,7.0,0,0.1,,,,,,,,,0.0,0.0,2.0,-2.0,-25.71,-25.45
9604,26,1,2,7,477.0,6,5.3,,,,,,,,,1.43,8.0,10.0,-2.0,-0.38,-0.44
4916,1,1,2,0,,0,,,,,,,,,,,,,,,
6234,4,1,2,5,88.0,0,1.0,,,,,,,,,1.8,2.0,1.0,1.0,1.02,0.32
6238,22,1,2,14,1075.0,13,11.9,,,,,,,,,1.57,14.0,11.0,3.0,0.25,-0.09
5720,3,1,2,29,2091.0,25,23.2,,,,,,,,,1.79,44.0,19.0,25.0,1.08,1.14
451,11,1,2,37,3199.0,36,35.5,,,,,,,,,2.11,78.0,44.0,34.0,0.96,-1.08
900,1,1,2,0,,0,,,,,,,,,,,,,,,
902,18,1,2,32,2475.0,30,27.5,,,,,,,,,0.91,22.0,38.0,-16.0,-0.58,-0.3
2029,11,1,2,0,,0,,,,,,,,,,,,,,,
2894,3,1,2,17,745.0,7,8.3,,,,,,,,,1.71,7.0,11.0,-4.0,-0.48,-1.43
3160,17,1,2,27,2334.0,27,25.9,,,,,,,,,1.3,28.0,35.0,-7.0,-0.27,0.06
4082,5,1,2,2,57.0,0,0.6,,,,,,,,,3.0,4.0,1.0,3.0,4.74,3.88
4085,11,1,2,30,2637.0,30,29.3,,,,,,,,,2.03,70.0,40.0,30.0,1.02,-0.01
4639,20,1,2,25,1398.0,15,15.5,,,,,,,,,2.48,34.0,15.0,19.0,1.22,-0.65
4868,1,1,2,0,,0,,,,,,,,,,,,,,,
5137,20,1,2,2,19.0,0,0.2,,,,,,,,,3.0,0.0,0.0,0.0,0.0,-1.61
6227,11,1,2,3,32.0,0,0.4,,,,,,,,,2.0,0.0,1.0,-1.0,-2.81,-3.88
11889,3,1,2,20,420.0,1,4.7,,,,,,,,,1.8,8.0,3.0,5.0,1.07,0.5
12346,17,1,2,30,1547.0,19,17.2,,,,,,,,,1.0,18.0,26.0,-8.0,-0.47,-0.32
12648,10,1,2,1,25.0,0,0.3,,,,,,,,,0.0,0.0,0.0,0.0,0.0,0.32
13870,17,1,2,9,560.0,6,6.2,,,,,,,,,0.9,6.0,12.0,-6.0,-0.96,-0.81
455,5,1,2,0,,0,,,,,,,,,,,,,,,
2285,11,1,2,0,,0,,,,,,,,,,,,,,,
14401,25,1,2,14,735.0,7,8.2,,,,,,,,,1.0,9.0,14.0,-5.0,-0.61,-0.61
4361,24,1,2,2,10.0,0,0.1,,,,,,,,,0.0,0.0,1.0,-1.0,-9.0,-8.87
4885,5,1,2,12,944.0,10,10.5,,,,,,,,,2.25,22.0,11.0,11.0,1.05,0.18
11457,11,1,2,38,3420.0,38,38.0,,,,,,,,,2.13,85.0,46.0,39.0,1.03,
3162,6,1,2,5,372.0,4,4.1,,,,,,,,,0.6,3.0,8.0,-5.0,-1.21,-0.5
12853,10,1,2,0,,0,,,,,,,,,,,,,,,
341,4,1,2,0,,0,,,,,,,,,,,,,,,
9779,6,1,2,31,1163.0,12,12.9,,,,,,,,,0.81,6.0,21.0,-15.0,-1.16,-0.6
10235,17,1,2,28,2006.0,23,22.3,,,,,,,,,1.14,26.0,30.0,-4.0,-0.18,0.27
11314,24,1,2,0,,0,,,,,,,,,,,,,,,
13873,3,1,2,25,875.0,9,9.7,,,,,,,,,1.92,17.0,11.0,6.0,0.62,-0.02
1389,4,1,2,0,,0,,,,,,,,,,,,,,,
3719,2,1,2,31,2522.0,30,28.0,,,,,,,,,0.58,25.0,52.0,-27.0,-0.96,-0.46
4250,13,1,2,6,123.0,1,1.4,,,,,,,,,0.83,2.0,1.0,1.0,0.73,1.14
4643,20,1,2,0,,0,,,,,,,,,,,,,,,
5084,16,1,2,34,2464.0,27,27.4,,,,,,,,,1.06,21.0,29.0,-8.0,-0.29,-0.01
5475,25,1,2,9,87.0,0,1.0,,,,,,,,,1.22,1.0,1.0,0.0,0.0,0.14
5697,13,1,2,1,5.0,0,0.1,,,,,,,,,3.0,0.0,0.0,0.0,0.0,0.37
9167,12,1,2,0,,0,,,,,,,,,,,,,,,
11560,25,1,2,15,649.0,5,7.2,,,,,,,,,0.93,5.0,11.0,-6.0,-0.83,-0.86
13901,22,1,2,5,156.0,2,1.7,,,,,,,,,1.4,3.0,3.0,0.0,0.0,-0.33
1044,1,1,2,36,2854.0,33,31.7,,,,,,,,,1.25,28.0,35.0,-7.0,-0.22,0.26
448,13,1,2,0,,0,,,,,,,,,,,,,,,
11233,25,1,2,5,103.0,1,1.1,,,,,,,,,2.0,2.0,2.0,0.0,0.0,0.14
5900,4,1,2,0,,0,,,,,,,,,,,,,,,
9391,10,1,2,33,2662.0,30,29.6,,,,,,,,,1.18,36.0,42.0,-6.0,-0.2,0.51
3606,16,1,2,1,90.0,1,1.0,,,,,,,,,1.0,0.0,0.0,0.0,0.0,0.3
1337,4,1,2,33,2644.0,31,29.4,,,,,,,,,2.0,52.0,33.0,19.0,0.65,-0.28
13992,7,1,2,27,2403.0,26,26.7,,,,,,,,,1.15,32.0,39.0,-7.0,-0.26,0.09
1172,19,1,2,12,447.0,4,5.0,,,,,,,,,1.58,5.0,4.0,1.0,0.2,0.14
12823,6,1,2,22,495.0,1,5.5,,,,,,,,,0.73,5.0,7.0,-2.0,-0.36,0.47
10556,24,1,2,22,1742.0,20,19.4,,,,,,,,,1.05,29.0,24.0,5.0,0.26,0.85
5125,26,1,2,17,951.0,9,10.6,,,,,,,,,1.82,24.0,16.0,8.0,0.76,1.05
5203,2,1,2,0,,0,,,,,,,,,,,,,,,
6276,25,1,2,36,2498.0,28,27.8,,,,,,,,,1.25,28.0,34.0,-6.0,-0.22,-0.31
2948,19,1,2,0,,0,,,,,,,,,,,,,,,
1030,1,1,2,37,2932.0,33,32.6,,,,,,,,,1.24,31.0,41.0,-10.0,-0.31,-0.31
5477,25,1,2,26,1315.0,12,14.6,,,,,,,,,1.5,15.0,19.0,-4.0,-0.27,-0.23
8963,5,1,2,3,74.0,1,0.8,,,,,,,,,2.33,1.0,0.0,1.0,1.22,0.3
1447,20,1,2,10,377.0,4,4.2,,,,,,,,,2.6,14.0,5.0,9.0,2.15,0.61
4938,12,1,2,35,2674.0,31,29.7,,,,,,,,,0.51,30.0,65.0,-35.0,-1.18,-0.45
5671,5,1,2,36,2994.0,33,33.3,,,,,,,,,2.19,69.0,42.0,27.0,0.81,-0.88
6787,1,1,2,36,2678.0,34,29.8,,,,,,,,,1.28,30.0,32.0,-2.0,-0.07,0.9
5154,3,1,2,32,2217.0,30,24.6,,,,,,,,,1.78,44.0,20.0,24.0,0.97,0.97
10023,11,1,2,35,3032.0,35,33.7,,,,,,,,,2.14,73.0,39.0,34.0,1.01,-0.15
10359,13,1,2,38,2449.0,32,27.2,,,,,,,,,1.05,24.0,31.0,-7.0,-0.26,0.39
5521,1,1,2,22,804.0,8,8.9,,,,,,,,,0.82,4.0,13.0,-9.0,-1.01,-0.97
8629,19,1,2,14,616.0,6,6.8,,,,,,,,,1.64,8.0,10.0,-2.0,-0.29,-0.45
9173,4,1,2,31,2557.0,29,28.4,,,,,,,,,1.94,55.0,34.0,21.0,0.74,0.11
1457,18,1,2,19,1690.0,19,18.8,,,,,,,,,1.11,17.0,26.0,-9.0,-0.48,0.04
6243,6,1,2,30,2514.0,28,27.9,,,,,,,,,1.0,23.0,42.0,-19.0,-0.68,0.31
8596,6,1,2,9,723.0,8,8.0,,,,,,,,,1.0,6.0,13.0,-7.0,-0.87,-0.14
13877,5,1,2,0,,0,,,,,,,,,,,,,,,
6981,17,1,2,19,1644.0,18,18.3,,,,,,,,,1.05,21.0,26.0,-5.0,-0.27,0.03
475,10,1,2,0,,0,,,,,,,,,,,,,,,
1035,3,1,2,23,1030.0,10,11.4,,,,,,,,,1.78,17.0,10.0,7.0,0.61,-0.03
2777,13,1,2,8,166.0,1,1.8,,,,,,,,,1.88,3.0,4.0,-1.0,-0.54,-0.18
12860,17,1,2,32,2869.0,32,31.9,,,,,,,,,1.34,41.0,47.0,-6.0,-0.19,0.63
14341,11,1,2,29,2107.0,27,23.4,,,,,,,,,2.31,53.0,26.0,27.0,1.15,0.33
7252,13,1,2,4,292.0,3,3.2,,,,,,,,,1.5,6.0,5.0,1.0,0.31,0.74
9310,12,1,2,13,562.0,6,6.2,,,,,,,,,0.69,5.0,16.0,-11.0,-1.76,-0.82
14299,17,1,2,1,9.0,0,0.1,,,,,,,,,0.0,0.0,0.0,0.0,0.0,0.29
11236,17,1,2,33,1152.0,12,12.8,,,,,,,,,1.18,19.0,20.0,-1.0,-0.08,0.32
13088,24,1,2,0,,0,,,,,,,,,,,,,,,
5585,10,1,2,23,1412.0,16,15.7,,,,,,,,,1.29,13.0,19.0,-6.0,-0.38,-0.11
2033,19,1,2,11,408.0,4,4.5,,,,,,,,,1.45,7.0,6.0,1.0,0.22,0.16
5690,3,1,2,9,525.0,5,5.8,,,,,,,,,1.56,10.0,7.0,3.0,0.51,-0.14
2168,2,1,2,0,,0,,,,,,,,,,,,,,,
5767,19,1,2,29,2326.0,28,25.8,,,,,,,,,1.55,33.0,30.0,3.0,0.12,0.12
3432,24,1,2,1,37.0,0,0.4,,,,,,,,,3.0,0.0,0.0,0.0,0.0,0.16
215,24,1,2,8,193.0,0,2.1,,,,,,,,,0.75,1.0,3.0,-2.0,-0.93,-0.82
10074,3,1,2,7,151.0,1,1.7,,,,,,,,,2.71,2.0,0.0,2.0,1.19,0.59
8598,2,1,2,15,917.0,10,10.2,,,,,,,,,0.73,16.0,23.0,-7.0,-0.69,0.21
12476,4,1,2,1,13.0,0,0.1,,,,,,,,,0.0,0.0,0.0,0.0,0.0,-0.71
11535,16,1,2,0,,0,,,,,,,,,,,,,,,
6751,10,1,2,0,,0,,,,,,,,,,,,,,,
4781,5,1,2,20,1634.0,20,18.2,,,,,,,,,2.05,41.0,25.0,16.0,0.88,-0.08
6578,24,1,2,8,380.0,4,4.2,,,,,,,,,0.89,5.0,15.0,-10.0,-2.37,-2.49
6959,10,1,2,13,573.0,5,6.4,,,,,,,,,1.23,11.0,7.0,4.0,0.63,1.13
6459,10,1,2,1,2.0,0,0.0,,,,,,,,,0.0,0.0,0.0,0.0,0.0,0.32
14245,19,1,2,33,1971.0,25,21.9,,,,,,,,,1.52,25.0,28.0,-3.0,-0.14,-0.51
7070,1,1,2,0,,0,,,,,,,,,,,,,,,
7074,20,1,2,34,1687.0,15,18.7,,,,,,,,,2.5,51.0,9.0,42.0,2.24,1.25
7472,12,1,2,11,571.0,7,6.3,,,,,,,,,0.82,8.0,9.0,-1.0,-0.16,1.11
7254,6,1,2,16,873.0,9,9.7,,,,,,,,,1.06,7.0,14.0,-7.0,-0.72,0.06
7263,11,1,2,17,746.0,6,8.3,,,,,,,,,1.94,10.0,15.0,-5.0,-0.6,-2.08
14065,20,1,2,26,1864.0,22,20.7,,,,,,,,,2.62,47.0,12.0,35.0,1.69,0.19
4472,26,1,2,36,3240.0,36,36.0,,,,,,,,,1.36,59.0,63.0,-4.0,-0.11,-2.11
13061,13,1,2,17,720.0,9,8.0,,,,,,,,,1.06,3.0,11.0,-8.0,-1.0,-0.8
7448,2,1,2,8,523.0,5,5.8,,,,,,,,,0.38,11.0,19.0,-8.0,-1.38,-0.63
6792,22,1,2,0,,0,,,,,,,,,,,,,,,
6790,1,1,2,2,16.0,0,0.2,,,,,,,,,0.0,0.0,1.0,-1.0,-5.63,-5.39
5552,11,1,2,2,9.0,0,0.1,,,,,,,,,2.0,0.0,0.0,0.0,0.0,-1.03
7750,1,1,2,33,1423.0,15,15.8,,,,,,,,,1.24,19.0,15.0,4.0,0.25,0.88
907,13,1,2,0,,0,,,,,,,,,,,,,,,
3434,5,1,2,0,,0,,,,,,,,,,,,,,,
7843,4,1,2,35,2493.0,32,27.7,,,,,,,,,2.06,52.0,33.0,19.0,0.69,-0.09
5557,2,1,2,9,277.0,2,3.1,,,,,,,,,0.67,5.0,11.0,-6.0,-1.95,-1.2
5665,4,1,2,0,,0,,,,,,,,,,,,,,,
12295,6,1,2,16,821.0,9,9.1,,,,,,,,,0.81,10.0,13.0,-3.0,-0.33,0.57
7278,5,1,2,35,2899.0,32,32.2,,,,,,,,,2.31,69.0,38.0,31.0,0.96,0.27
13738,20,1,2,33,2124.0,24,23.6,,,,,,,,,2.48,53.0,19.0,34.0,1.44,-0.43
13261,22,1,2,30,2150.0,24,23.9,,,,,,,,,1.53,32.0,24.0,8.0,0.33,0.05
8393,7,1,2,31,1956.0,22,21.7,,,,,,,,,1.03,19.0,32.0,-13.0,-0.6,-0.72
14482,7,1,2,1,90.0,1,1.0,,,,,,,,,1.0,2.0,2.0,0.0,0.0,0.3
4103,24,1,2,13,463.0,5,5.1,,,,,,,,,1.31,10.0,7.0,3.0,0.58,0.86
2169,2,1,2,11,820.0,9,9.1,,,,,,,,,1.0,15.0,15.0,0.0,0.0,1.11
2811,16,1,2,35,1823.0,20,20.3,,,,,,,,,1.0,20.0,21.0,-1.0,-0.05,0.51
7260,10,1,2,32,1555.0,15,17.3,,,,,,,,,1.06,17.0,20.0,-3.0,-0.17,0.26
13739,16,1,2,28,1544.0,16,17.2,,,,,,,,,1.0,12.0,16.0,-4.0,-0.23,0.1
8036,2,1,2,14,285.0,2,3.2,,,,,,,,,0.21,1.0,10.0,-9.0,-2.84,-2.18
12175,22,1,2,29,2469.0,28,27.4,,,,,,,,,1.59,37.0,30.0,7.0,0.26,-0.22
6436,6,1,2,34,3048.0,34,33.9,,,,,,,,,0.88,23.0,47.0,-24.0,-0.71,0.5
4578,18,1,2,37,3327.0,37,37.0,,,,,,,,,1.0,29.0,48.0,-19.0,-0.51,-0.51
13127,26,1,2,1,29.0,0,0.3,,,,,,,,,3.0,1.0,1.0,0.0,0.0,0.0
5714,3,1,2,27,2002.0,22,22.2,,,,,,,,,1.89,34.0,23.0,11.0,0.49,-0.33
13450,4,1,2,3,164.0,3,1.8,,,,,,,,,1.33,1.0,2.0,-1.0,-0.55,-1.32
909,13,1,2,4,251.0,3,2.8,,,,,,,,,1.25,3.0,3.0,0.0,0.0,0.4
12353,25,1,2,1,11.0,0,0.1,,,,,,,,,1.0,0.0,0.0,0.0,0.0,0.13
12109,5,1,2,35,2750.0,32,30.6,,,,,,,,,2.23,67.0,35.0,32.0,1.05,0.64
14574,16,1,2,0,,0,,,,,,,,,,,,,,,
12575,4,1,2,34,2080.0,25,23.1,,,,,,,,,2.06,46.0,21.0,25.0,1.08,0.95
6279,16,1,2,16,247.0,1,2.7,,,,,,,,,0.81,3.0,3.0,0.0,0.0,0.31
9100,4,1,2,37,2565.0,29,28.5,,,,,,,,,2.05,49.0,33.0,16.0,0.56,-0.6
4037,13,1,2,34,1790.0,19,19.9,,,,,,,,,1.18,16.0,19.0,-3.0,-0.15,0.46
258,12,1,2,0,,0,,,,,,,,,,,,,,,
422,24,1,2,0,,0,,,,,,,,,,,,,,,
3169,11,1,2,25,1965.0,25,21.8,,,,,,,,,2.48,51.0,25.0,26.0,1.19,0.39
3172,16,1,2,0,,0,,,,,,,,,,,,,,,
3442,10,1,2,0,,0,,,,,,,,,,,,,,,
3445,25,1,2,36,2656.0,30,29.5,,,,,,,,,1.33,28.0,34.0,-6.0,-0.2,-0.32
4426,5,1,2,31,1446.0,14,16.1,,,,,,,,,2.29,31.0,14.0,17.0,1.06,0.24
6250,1,1,2,32,2386.0,25,26.5,,,,,,,,,1.31,29.0,28.0,1.0,0.04,1.0
13879,18,1,2,35,2108.0,28,23.4,,,,,,,,,1.06,20.0,28.0,-8.0,-0.34,0.41
3518,2,1,2,30,1916.0,23,21.3,,,,,,,,,0.37,20.0,43.0,-23.0,-1.08,-0.54
1322,10,1,2,6,92.0,0,1.0,,,,,,,,,0.33,1.0,4.0,-3.0,-2.93,-2.69
1320,2,1,2,13,772.0,10,8.6,,,,,,,,,0.69,10.0,11.0,-1.0,-0.12,0.94
8461,6,1,2,28,1539.0,15,17.1,,,,,,,,,0.75,7.0,33.0,-26.0,-1.52,-1.38
7039,25,1,2,24,1791.0,22,19.9,,,,,,,,,1.46,24.0,23.0,1.0,0.05,0.38
9160,20,1,2,0,,0,,,,,,,,,,,,,,,
7043,26,1,2,29,1048.0,8,11.6,,,,,,,,,1.38,15.0,25.0,-10.0,-0.86,-1.24
3560,24,1,2,23,1125.0,12,12.5,,,,,,,,,1.17,18.0,20.0,-2.0,-0.16,0.0
2964,16,1,2,0,,0,,,,,,,,,,,,,,,
1204,20,1,2,21,1890.0,21,21.0,,,,,,,,,2.52,52.0,17.0,35.0,1.67,0.14
3118,6,1,2,21,785.0,10,8.7,,,,,,,,,0.76,12.0,13.0,-1.0,-0.11,0.84
11239,16,1,2,22,1454.0,17,16.2,,,,,,,,,0.95,20.0,23.0,-3.0,-0.19,0.18
6795,22,1,2,5,121.0,1,1.3,,,,,,,,,1.4,3.0,0.0,3.0,2.23,1.99
10560,10,1,2,37,3265.0,37,36.3,,,,,,,,,1.14,38.0,52.0,-14.0,-0.39,-1.55
5047,25,1,2,37,3284.0,37,36.5,,,,,,,,,1.32,40.0,41.0,-1.0,-0.03,2.62
14263,12,1,2,4,240.0,3,2.7,,,,,,,,,0.25,1.0,6.0,-5.0,-1.87,-0.86
11952,4,1,2,16,731.0,7,8.1,,,,,,,,,2.13,17.0,11.0,6.0,0.74,0.04
331,26,1,2,16,1113.0,12,12.4,,,,,,,,,1.38,21.0,20.0,1.0,0.08,0.12
6281,7,1,2,12,744.0,10,8.3,,,,,,,,,1.83,13.0,12.0,1.0,0.12,0.52
4286,12,1,2,6,229.0,2,2.5,,,,,,,,,0.67,4.0,7.0,-3.0,-1.18,-0.11
10823,1,1,2,0,,0,,,,,,,,,,,,,,,
8990,24,1,2,7,355.0,3,3.9,,,,,,,,,1.0,5.0,8.0,-3.0,-0.76,-0.67
301,7,1,2,0,,0,,,,,,,,,,,,,,,
11129,3,1,2,28,2258.0,26,25.1,,,,,,,,,1.75,46.0,27.0,19.0,0.76,0.37
427,25,1,2,16,276.0,2,3.1,,,,,,,,,1.25,4.0,8.0,-4.0,-1.3,-1.28
7052,6,1,2,3,14.0,0,0.2,,,,,,,,,1.25,2.0,3.0,-1.0,-6.43,-5.69
7056,4,1,2,22,1326.0,14,14.7,,,,,,,,,2.18,31.0,15.0,16.0,1.09,0.61
9145,24,1,2,9,244.0,2,2.7,,,,,,,,,0.33,4.0,7.0,-3.0,-1.11,-1.02
11247,22,1,2,0,,0,,,,,,,,,,,,,,,
11757,1,1,2,33,2443.0,27,27.1,,,,,,,,,1.18,23.0,36.0,-13.0,-0.48,-0.76
3449,2,1,2,1,90.0,1,1.0,,,,,,,,,0.0,0.0,2.0,-2.0,-2.0,-1.19
10049,13,1,2,36,3178.0,36,35.3,,,,,,,,,1.08,31.0,44.0,-13.0,-0.37,0.0
13883,22,1,2,2,142.0,1,1.6,,,,,,,,,0.5,2.0,3.0,-1.0,-0.63,-0.99
12240,6,1,2,23,1359.0,18,15.1,,,,,,,,,0.96,15.0,20.0,-5.0,-0.33,0.72
5867,11,1,2,36,2729.0,33,30.3,,,,,,,,,2.25,71.0,35.0,36.0,1.19,0.8
6797,22,1,2,1,24.0,0,0.3,,,,,,,,,3.0,0.0,0.0,0.0,0.0,-0.32
9186,20,1,2,2,18.0,0,0.2,,,,,,,,,2.0,0.0,0.0,0.0,0.0,-1.61
1505,11,1,2,21,1241.0,14,13.8,,,,,,,,,2.33,26.0,14.0,12.0,0.87,-0.24
5718,5,1,2,20,1296.0,13,14.4,,,,,,,,,2.45,27.0,11.0,16.0,1.11,0.31
6254,17,1,2,0,,0,,,,,,,,,,,,,,,
8967,12,1,2,3,270.0,3,3.0,,,,,,,,,0.0,2.0,11.0,-9.0,-3.0,-2.09
6256,3,1,2,0,,0,,,,,,,,,,,,,,,
9350,13,1,2,31,1855.0,17,20.6,,,,,,,,,1.19,15.0,26.0,-11.0,-0.53,-0.36
11075,16,1,2,29,1571.0,18,17.5,,,,,,,,,1.07,10.0,21.0,-11.0,-0.63,-0.63
11407,16,1,2,0,,0,,,,,,,,,,,,,,,
6025,10,1,2,35,1787.0,22,19.9,,,,,,,,,1.23,25.0,30.0,-5.0,-0.25,0.13
8601,2,1,2,33,2970.0,33,33.0,,,,,,,,,0.52,32.0,63.0,-31.0,-0.94,-0.74
2036,10,1,2,27,2153.0,25,23.9,,,,,,,,,1.3,34.0,34.0,0.0,0.0,0.85
8854,6,1,2,4,288.0,2,3.2,,,,,,,,,0.75,2.0,5.0,-3.0,-0.94,-0.19
3556,10,1,2,0,,0,,,,,,,,,,,,,,,
5305,24,1,2,6,104.0,1,1.2,,,,,,,,,1.67,2.0,2.0,0.0,0.0,0.16
11137,12,1,2,26,1122.0,15,12.5,,,,,,,,,0.31,12.0,23.0,-11.0,-0.88,0.29
5141,2,1,2,28,1103.0,10,12.3,,,,,,,,,0.64,17.0,27.0,-10.0,-0.82,0.04
9893,4,1,2,23,893.0,9,9.9,,,,,,,,,1.74,16.0,14.0,2.0,0.2,-0.69
5445,2,1,2,7,396.0,4,4.4,,,,,,,,,0.0,4.0,11.0,-7.0,-1.59,-0.85
13673,1,1,2,1,6.0,0,0.1,,,,,,,,,0.0,0.0,0.0,0.0,0.0,0.26
2087,22,1,2,32,2413.0,27,26.8,,,,,,,,,1.59,34.0,29.0,5.0,0.19,-0.44
2170,12,1,2,17,1333.0,15,14.8,,,,,,,,,0.65,13.0,23.0,-10.0,-0.68,0.66
3452,18,1,2,1,5.0,0,0.1,,,,,,,,,3.0,0.0,0.0,0.0,0.0,0.5
4423,20,1,2,23,1720.0,21,19.1,,,,,,,,,2.43,44.0,9.0,35.0,1.83,0.45
10910,19,1,2,0,,0,,,,,,,,,,,,,,,
6985,6,1,2,10,673.0,8,7.5,,,,,,,,,0.8,6.0,12.0,-6.0,-0.8,-0.05
10078,22,1,2,32,2482.0,27,27.6,,,,,,,,,1.75,42.0,24.0,18.0,0.65,1.23
12867,4,1,2,0,,0,,,,,,,,,,,,,,,
11093,13,1,2,5,82.0,1,0.9,,,,,,,,,0.83,1.0,3.0,-2.0,-2.2,-1.87
10009,1,1,2,3,65.0,1,0.7,,,,,,,,,1.0,0.0,2.0,-2.0,-2.77,-2.55
10035,16,1,2,0,,0,,,,,,,,,,,,,,,
3708,20,1,2,10,496.0,6,5.5,,,,,,,,,2.6,19.0,4.0,15.0,2.72,1.31
8604,10,1,2,27,2115.0,25,23.5,,,,,,,,,1.07,26.0,36.0,-10.0,-0.43,-0.29
9249,2,1,2,11,308.0,2,3.4,,,,,,,,,0.55,3.0,7.0,-4.0,-1.17,-0.36
11139,7,1,2,38,2998.0,33,33.3,,,,,,,,,1.08,41.0,48.0,-7.0,-0.21,0.64
5591,12,1,2,34,2992.0,33,33.2,,,,,,,,,0.59,32.0,67.0,-35.0,-1.05,0.21
11762,24,1,2,15,391.0,3,4.3,,,,,,,,,0.93,5.0,4.0,1.0,0.23,0.44
7235,19,1,2,25,1858.0,21,20.6,,,,,,,,,1.52,24.0,22.0,2.0,0.1,0.04
13130,10,1,2,11,699.0,9,7.8,,,,,,,,,1.18,9.0,11.0,-2.0,-0.26,0.07
8646,20,1,2,32,1688.0,18,18.8,,,,,,,,,2.41,43.0,17.0,26.0,1.39,-0.43
6726,17,1,2,30,2041.0,22,22.7,,,,,,,,,1.17,26.0,35.0,-9.0,-0.4,-0.27
5441,4,1,2,0,,0,,,,,,,,,,,,,,,
429,13,1,2,28,1803.0,21,20.0,,,,,,,,,1.04,22.0,28.0,-6.0,-0.3,0.15
10431,4,1,2,30,1852.0,19,20.6,,,,,,,,,1.9,40.0,21.0,19.0,0.92,0.46
6801,17,1,2,33,1800.0,21,20.0,,,,,,,,,1.21,24.0,29.0,-5.0,-0.25,0.08
4094,11,1,2,0,,0,,,,,,,,,,,,,,,
12362,1,1,2,0,,0,,,,,,,,,,,,,,,
2415,2,1,2,21,1788.0,21,19.9,,,,,,,,,0.57,17.0,40.0,-23.0,-1.16,-0.66
5143,24,1,2,0,,0,,,,,,,,,,,,,,,
480,6,1,2,0,,0,,,,,,,,,,,,,,,
911,4,1,2,32,1904.0,21,21.2,,,,,,,,,1.91,40.0,25.0,15.0,0.71,0.0
434,26,1,2,27,1484.0,17,16.5,,,,,,,,,1.48,37.0,27.0,10.0,0.61,1.07
4944,26,1,2,30,2215.0,28,24.6,,,,,,,,,1.3,39.0,45.0,-6.0,-0.24,-0.69
6986,17,1,2,1,15.0,0,0.2,,,,,,,,,1.0,0.0,1.0,-1.0,-6.0,-5.74
6987,18,1,2,0,,0,,,,,,,,,,,,,,,
9058,4,1,2,0,,0,,,,,,,,,,,,,,,
5651,10,1,2,14,605.0,8,6.7,,,,,,,,,0.93,8.0,13.0,-5.0,-0.74,-0.52
8891,16,1,2,35,1615.0,16,17.9,,,,,,,,,1.11,15.0,23.0,-8.0,-0.45,-0.3
10294,18,1,2,0,,0,,,,,,,,,,,,,,,
2757,25,1,2,36,3075.0,33,34.2,,,,,,,,,1.19,37.0,41.0,-4.0,-0.12,0.14
14457,26,1,2,16,1229.0,14,13.7,,,,,,,,,2.0,31.0,17.0,14.0,1.03,1.6
108,18,1,2,20,1694.0,19,18.8,,,,,,,,,1.0,11.0,21.0,-10.0,-0.53,-0.06
5643,3,1,2,20,594.0,5,6.6,,,,,,,,,1.8,12.0,13.0,-1.0,-0.15,-0.95
311,22,1,2,21,1127.0,11,12.5,,,,,,,,,1.67,22.0,14.0,8.0,0.64,0.48
3774,1,1,2,0,,0,,,,,,,,,,,,,,,
5645,17,1,2,28,1854.0,20,20.6,,,,,,,,,1.32,28.0,26.0,2.0,0.1,0.84
6285,13,1,2,37,2640.0,30,29.3,,,,,,,,,1.05,26.0,36.0,-10.0,-0.34,0.12
11252,18,1,2,0,,0,,,,,,,,,,,,,,,
13978,16,1,2,29,2327.0,25,25.9,,,,,,,,,1.0,23.0,32.0,-9.0,-0.35,-0.18
10404,20,1,2,29,1746.0,18,19.4,,,,,,,,,2.41,41.0,8.0,33.0,1.7,0.2
9549,16,1,2,26,2258.0,25,25.1,,,,,,,,,1.0,21.0,28.0,-7.0,-0.28,0.03
12141,22,1,2,0,,0,,,,,,,,,,,,,,,
12138,6,1,2,28,1888.0,24,21.0,,,,,,,,,0.79,11.0,32.0,-21.0,-1.0,-0.53
6512,24,1,2,29,2003.0,25,22.3,,,,,,,,,1.14,31.0,32.0,-1.0,-0.04,0.27
916,6,1,2,7,54.0,0,0.6,,,,,,,,,0.43,0.0,2.0,-2.0,-3.33,-2.61
2336,12,1,2,36,3146.0,36,35.0,,,,,,,,,0.56,34.0,66.0,-32.0,-0.92,2.04
10059,5,1,2,0,,0,,,,,,,,,,,,,,,
13289,24,1,2,8,318.0,3,3.5,,,,,,,,,0.88,4.0,10.0,-6.0,-1.7,-1.7
12688,4,1,2,34,1374.0,14,15.3,,,,,,,,,2.06,31.0,16.0,15.0,0.98,0.45
259,4,1,2,0,,0,,,,,,,,,,,,,,,
1468,6,1,2,0,,0,,,,,,,,,,,,,,,
11545,3,1,2,2,10.0,0,0.1,,,,,,,,,2.0,0.0,0.0,0.0,0.0,-0.63
11824,18,1,2,16,572.0,3,6.4,,,,,,,,,0.94,3.0,11.0,-8.0,-1.26,-0.91
13888,7,1,2,34,2801.0,31,31.1,,,,,,,,,0.97,36.0,49.0,-13.0,-0.42,-0.71
12090,24,1,2,24,2160.0,24,24.0,,,,,,,,,1.38,33.0,27.0,6.0,0.25,1.11
6150,4,1,2,38,3420.0,38,38.0,,,,,,,,,2.0,70.0,43.0,27.0,0.71,
2143,6,1,2,13,248.0,1,2.8,,,,,,,,,0.69,2.0,6.0,-4.0,-1.45,-0.74
8518,24,1,2,35,2871.0,34,31.9,,,,,,,,,0.97,37.0,42.0,-5.0,-0.16,0.01
920,22,1,2,9,393.0,6,4.4,,,,,,,,,1.33,3.0,2.0,1.0,0.23,-0.1
919,20,1,2,0,,0,,,,,,,,,,,,,,,
322,3,1,2,1,9.0,0,0.1,,,,,,,,,3.0,0.0,0.0,0.0,0.0,-0.63
10998,22,1,2,14,360.0,2,4.0,,,,,,,,,1.21,6.0,8.0,-2.0,-0.5,-0.91
12538,1,1,2,34,1918.0,21,21.3,,,,,,,,,1.15,15.0,28.0,-13.0,-0.61,-0.79
12539,12,1,2,1,80.0,1,0.9,,,,,,,,,0.0,1.0,2.0,-1.0,-1.13,-0.05
317,17,1,2,33,2339.0,26,26.0,,,,,,,,,1.36,29.0,34.0,-5.0,-0.19,0.31
3996,1,1,2,1,14.0,0,0.2,,,,,,,,,1.0,0.0,0.0,0.0,0.0,0.26
1607,17,1,2,1,9.0,0,0.1,,,,,,,,,0.0,0.0,1.0,-1.0,-10.0,-9.74
10132,6,1,2,1,5.0,0,0.1,,,,,,,,,0.0,0.0,1.0,-1.0,-18.0,-17.26
3188,25,1,2,0,,0,,,,,,,,,,,,,,,
309,6,1,2,6,430.0,5,4.8,,,,,,,,,1.17,3.0,8.0,-5.0,-1.05,-0.32
6514,1,1,2,4,360.0,4,4.0,,,,,,,,,1.25,4.0,8.0,-4.0,-1.0,-0.82
10082,22,1,2,33,2156.0,23,24.0,,,,,,,,,1.64,29.0,20.0,9.0,0.38,0.16
2403,25,1,2,23,1598.0,18,17.8,,,,,,,,,1.09,11.0,21.0,-10.0,-0.56,-0.81
6810,22,1,2,23,1526.0,16,17.0,,,,,,,,,1.7,19.0,16.0,3.0,0.18,-0.25
5129,7,1,2,0,,0,,,,,,,,,,,,,,,
665,3,1,2,0,,0,,,,,,,,,,,,,,,
5743,18,1,2,37,2791.0,34,31.0,,,,,,,,,1.03,27.0,32.0,-5.0,-0.16,1.84
6624,1,1,2,8,226.0,2,2.5,,,,,,,,,1.0,3.0,4.0,-1.0,-0.4,-0.14
13048,19,1,2,15,1136.0,12,12.6,,,,,,,,,1.33,16.0,18.0,-2.0,-0.16,-0.36
14024,1,1,2,2,3.0,0,0.0,,,,,,,,,3.0,0.0,0.0,0.0,0.0,0.26
345,3,1,2,34,2704.0,31,30.0,,,,,,,,,1.76,48.0,27.0,21.0,0.7,0.32
2984,26,1,2,33,2580.0,29,28.7,,,,,,,,,1.42,47.0,54.0,-7.0,-0.24,-0.99
11331,26,1,2,1,14.0,0,0.2,,,,,,,,,0.0,2.0,0.0,2.0,12.86,12.91
9318,18,1,2,0,,0,,,,,,,,,,,,,,,
4815,4,1,2,5,405.0,5,4.5,,,,,,,,,0.8,4.0,7.0,-3.0,-0.67,-1.56
4817,25,1,2,18,1398.0,16,15.5,,,,,,,,,1.5,17.0,19.0,-2.0,-0.13,0.0
10711,20,1,2,4,23.0,0,0.3,,,,,,,,,2.5,1.0,1.0,0.0,0.0,-1.62
810,26,1,2,19,1116.0,14,12.4,,,,,,,,,1.0,17.0,27.0,-10.0,-0.81,-1.2
11479,5,1,2,24,1476.0,16,16.4,,,,,,,,,2.08,32.0,21.0,11.0,0.67,-0.44
232,24,1,2,31,1753.0,15,19.5,,,,,,,,,1.03,25.0,31.0,-6.0,-0.31,-0.31
11513,13,1,2,17,504.0,6,5.6,,,,,,,,,0.76,4.0,5.0,-1.0,-0.18,0.22
4282,12,1,2,15,1232.0,14,13.7,,,,,,,,,0.6,13.0,31.0,-18.0,-1.31,-0.37
5699,5,1,2,10,900.0,10,10.0,,,,,,,,,2.0,21.0,17.0,4.0,0.4,-0.71
9105,2,1,2,7,441.0,4,4.9,,,,,,,,,0.86,4.0,7.0,-3.0,-0.61,0.26
12365,17,1,2,29,2088.0,26,23.2,,,,,,,,,1.34,26.0,33.0,-7.0,-0.3,-0.03
440,12,1,2,2,2.0,0,0.0,,,,,,,,,1.5,0.0,0.0,0.0,0.0,1.08
1704,19,1,2,31,2294.0,29,25.5,,,,,,,,,1.45,28.0,28.0,0.0,0.0,-0.24
2287,7,1,2,16,772.0,7,8.6,,,,,,,,,1.38,13.0,12.0,1.0,0.12,0.52
4698,25,1,2,32,2049.0,27,22.8,,,,,,,,,1.47,24.0,16.0,8.0,0.35,1.2
7761,18,1,2,24,835.0,9,9.3,,,,,,,,,0.92,6.0,14.0,-8.0,-0.86,-0.48
9852,13,1,2,29,1623.0,20,18.0,,,,,,,,,1.21,17.0,27.0,-10.0,-0.55,-0.35
10855,12,1,2,10,157.0,0,1.7,,,,,,,,,0.6,0.0,3.0,-3.0,-1.72,-0.67
4952,19,1,2,32,2767.0,32,30.7,,,,,,,,,1.63,41.0,31.0,10.0,0.33,1.29
7473,12,1,2,9,505.0,6,5.6,,,,,,,,,0.56,3.0,15.0,-12.0,-2.14,-1.24
3462,20,1,2,0,,0,,,,,,,,,,,,,,,
14446,26,1,2,7,475.0,7,5.3,,,,,,,,,0.71,6.0,8.0,-2.0,-0.38,-0.44
14305,19,1,2,0,,0,,,,,,,,,,,,,,,
11696,10,1,2,3,97.0,0,1.1,,,,,,,,,1.33,1.0,1.0,0.0,0.0,0.33
11697,11,1,2,33,1188.0,11,13.2,,,,,,,,,2.12,33.0,15.0,18.0,1.36,0.52
7062,18,1,2,2,19.0,0,0.2,,,,,,,,,1.0,0.0,0.0,0.0,0.0,0.5
484,2,1,2,21,976.0,9,10.8,,,,,,,,,0.43,8.0,24.0,-16.0,-1.48,-0.89
1847,3,1,2,26,1449.0,16,16.1,,,,,,,,,1.65,26.0,15.0,11.0,0.68,0.09
65,16,1,2,34,1270.0,11,14.1,,,,,,,,,1.03,16.0,15.0,1.0,0.07,0.57
11411,5,1,2,0,,0,,,,,,,,,,,,,,,
8971,2,1,2,23,1883.0,22,20.9,,,,,,,,,0.7,26.0,36.0,-10.0,-0.48,0.81
1400,12,1,2,27,730.0,6,8.1,,,,,,,,,0.39,14.0,23.0,-9.0,-1.11,-0.04
1509,2,1,2,11,255.0,3,2.8,,,,,,,,,0.27,4.0,4.0,0.0,0.0,0.91
3721,20,1,2,0,,0,,,,,,,,,,,,,,,
671,16,1,2,0,,0,,,,,,,,,,,,,,,
12368,16,1,2,0,,0,,,,,,,,,,,,,,,
10566,16,1,2,11,353.0,4,3.9,,,,,,,,,1.18,4.0,1.0,3.0,0.76,1.18
502,2,1,2,9,569.0,8,6.3,,,,,,,,,1.22,10.0,10.0,0.0,0.0,1.01
11753,24,1,2,0,,0,,,,,,,,,,,,,,,
62,4,1,2,1,10.0,0,0.1,,,,,,,,,0.0,0.0,1.0,-1.0,-9.0,-9.74
1402,16,1,2,26,2195.0,25,24.4,,,,,,,,,1.15,21.0,25.0,-4.0,-0.16,0.35
11701,16,1,2,36,3240.0,36,36.0,,,,,,,,,1.0,31.0,43.0,-12.0,-0.33,-0.83
5883,24,1,2,18,1425.0,16,15.8,,,,,,,,,0.56,14.0,23.0,-9.0,-0.57,-0.7
7980,2,1,2,29,1555.0,16,17.3,,,,,,,,,0.41,21.0,34.0,-13.0,-0.75,0.16
1870,13,1,2,20,384.0,2,4.3,,,,,,,,,1.0,3.0,7.0,-4.0,-0.94,-0.64
12620,13,1,2,27,1808.0,21,20.1,,,,,,,,,0.74,15.0,25.0,-10.0,-0.5,-0.27
5969,20,1,2,0,,0,,,,,,,,,,,,,,,
2531,6,1,2,37,2612.0,30,29.0,,,,,,,,,0.89,22.0,36.0,-14.0,-0.48,1.19
12869,24,1,2,28,2517.0,28,28.0,,,,,,,,,1.07,31.0,39.0,-8.0,-0.29,-0.49
132,26,1,2,0,,0,,,,,,,,,,,,,,,
11848,5,1,2,28,1368.0,17,15.2,,,,,,,,,2.14,30.0,14.0,16.0,1.05,0.22
1156,18,1,2,12,630.0,6,7.0,,,,,,,,,0.58,2.0,12.0,-10.0,-1.43,-1.14
11874,17,1,2,35,1355.0,13,15.1,,,,,,,,,1.09,18.0,24.0,-6.0,-0.4,-0.18
50,1,1,2,23,722.0,6,8.0,,,,,,,,,0.7,5.0,6.0,-1.0,-0.12,0.18
11524,26,1,2,2,180.0,2,2.0,,,,,,,,,1.8,11.0,5.0,6.0,3.0,3.17
673,22,1,2,37,3275.0,37,36.4,,,,,,,,,1.62,49.0,36.0,13.0,0.36,0.98
2425,19,1,2,26,2164.0,24,24.0,,,,,,,,,1.46,32.0,30.0,2.0,0.08,0.01
3468,22,1,2,0,,0,,,,,,,,,,,,,,,
3464,10,1,2,32,2535.0,28,28.2,,,,,,,,,1.13,36.0,42.0,-6.0,-0.21,0.4
5491,3,1,2,0,,0,,,,,,,,,,,,,,,
8612,1,1,2,37,2498.0,31,27.8,,,,,,,,,1.22,25.0,36.0,-11.0,-0.4,-0.49
12227,4,1,2,34,1528.0,17,17.0,,,,,,,,,1.97,28.0,26.0,2.0,0.12,-1.07
442,10,1,2,4,137.0,1,1.5,,,,,,,,,0.75,1.0,0.0,1.0,0.66,1.01
10040,7,1,2,12,808.0,9,9.0,,,,,,,,,1.0,13.0,14.0,-1.0,-0.11,0.23
5160,10,1,2,1,3.0,0,0.0,,,,,,,,,0.0,0.0,0.0,0.0,0.0,0.32
12827,5,1,2,14,860.0,10,9.6,,,,,,,,,2.64,26.0,10.0,16.0,1.67,1.01
8536,2,1,2,33,2381.0,29,26.5,,,,,,,,,0.52,32.0,47.0,-15.0,-0.57,0.91
8973,19,1,2,26,1980.0,24,22.0,,,,,,,,,1.31,24.0,25.0,-1.0,-0.05,-0.3
12877,12,1,2,3,122.0,2,1.4,,,,,,,,,0.0,1.0,4.0,-3.0,-2.21,-1.18
12199,19,1,2,29,1051.0,9,11.7,,,,,,,,,1.45,10.0,13.0,-3.0,-0.26,-0.48
263,1,1,2,0,,0,,,,,,,,,,,,,,,
927,20,1,2,1,1.0,0,0.0,,,,,,,,,3.0,0.0,0.0,0.0,0.0,-1.61
11148,10,1,2,24,967.0,9,10.7,,,,,,,,,1.13,13.0,11.0,2.0,0.19,0.7
2843,7,1,2,5,258.0,3,2.9,,,,,,,,,1.8,6.0,4.0,2.0,0.7,1.07
2910,16,1,2,36,2615.0,31,29.1,,,,,,,,,1.06,29.0,34.0,-5.0,-0.17,0.5
5205,19,1,2,24,1846.0,22,20.5,,,,,,,,,1.58,30.0,23.0,7.0,0.34,0.57
6265,7,1,2,0,,0,,,,,,,,,,,,,,,
7809,13,1,2,37,3211.0,36,35.7,,,,,,,,,1.08,32.0,44.0,-12.0,-0.34,0.52
10028,7,1,2,15,300.0,2,3.3,,,,,,,,,0.47,3.0,5.0,-2.0,-0.6,-0.34
12233,20,1,2,34,2380.0,28,26.4,,,,,,,,,2.44,52.0,20.0,32.0,1.21,-1.3
2343,26,1,2,7,262.0,2,2.9,,,,,,,,,1.86,3.0,8.0,-5.0,-1.72,-1.86
5746,24,1,2,14,1039.0,14,11.5,,,,,,,,,1.57,15.0,13.0,2.0,0.17,0.48
8650,2,1,2,13,438.0,5,4.9,,,,,,,,,0.54,7.0,7.0,0.0,0.0,0.97
11110,5,1,2,28,936.0,11,10.4,,,,,,,,,2.32,12.0,11.0,1.0,0.1,-1.14
13891,1,1,2,1,5.0,0,0.1,,,,,,,,,0.0,0.0,0.0,0.0,0.0,0.26
14106,5,1,2,14,328.0,2,3.6,,,,,,,,,2.79,9.0,4.0,5.0,1.37,0.5
1408,20,1,2,33,2709.0,30,30.1,,,,,,,,,2.55,65.0,23.0,42.0,1.4,-1.01
6268,7,1,2,1,20.0,0,0.2,,,,,,,,,1.0,0.0,0.0,0.0,0.0,0.29
349,19,1,2,18,1017.0,11,11.3,,,,,,,,,1.33,14.0,16.0,-2.0,-0.18,-0.36
12878,12,1,2,35,2494.0,30,27.7,,,,,,,,,0.58,28.0,57.0,-29.0,-1.05,0.12
12393,7,1,2,0,,0,,,,,,,,,,,,,,,
5703,22,1,2,0,,0,,,,,,,,,,,,,,,
14536,19,1,2,12,1046.0,12,11.6,,,,,,,,,1.5,18.0,17.0,1.0,0.09,0.01
13856,22,1,2,26,1077.0,12,12.0,,,,,,,,,1.58,16.0,15.0,1.0,0.08,-0.34
11261,12,1,2,1,19.0,0,0.2,,,,,,,,,0.0,0.0,3.0,-3.0,-14.21,-13.2
7766,24,1,2,23,1605.0,19,17.8,,,,,,,,,0.96,24.0,28.0,-4.0,-0.22,-0.13
12492,18,1,2,1,28.0,0,0.3,,,,,,,,,3.0,0.0,0.0,0.0,0.0,0.5
3393,6,1,2,4,92.0,0,1.0,,,,,,,,,0.75,0.0,4.0,-4.0,-3.91,-3.24
4325,6,1,2,4,152.0,3,1.7,,,,,,,,,1.0,1.0,1.0,0.0,0.0,0.8
10985,3,1,2,30,1975.0,25,21.9,,,,,,,,,1.73,36.0,18.0,18.0,0.82,0.45
1040,1,1,2,0,,0,,,,,,,,,,,,,,,
1416,16,1,2,29,1452.0,21,16.1,,,,,,,,,1.21,16.0,18.0,-2.0,-0.12,0.29
7249,24,1,2,26,1181.0,11,13.1,,,,,,,,,1.12,12.0,20.0,-8.0,-0.61,-0.69
8896,7,1,2,26,1775.0,20,19.7,,,,,,,,,0.92,18.0,28.0,-10.0,-0.51,-0.45
12024,12,1,2,33,2295.0,25,25.5,,,,,,,,,0.42,28.0,55.0,-27.0,-1.06,0.06
7999,12,1,2,0,,0,,,,,,,,,,,,,,,
14438,10,1,2,14,656.0,8,7.3,,,,,,,,,0.86,5.0,8.0,-3.0,-0.41,-0.12
11277,2,1,2,1,24.0,0,0.3,,,,,,,,,3.0,2.0,0.0,2.0,7.5,8.4
13150,4,1,2,23,1630.0,19,18.1,,,,,,,,,2.0,35.0,21.0,14.0,0.77,0.12
12693,11,1,2,37,2976.0,35,33.1,,,,,,,,,2.11,74.0,39.0,35.0,1.06,0.25
503,1,1,2,11,946.0,11,10.5,,,,,,,,,1.09,10.0,14.0,-4.0,-0.38,-0.16
1077,22,1,2,19,729.0,9,8.1,,,,,,,,,1.42,8.0,8.0,0.0,0.0,-0.4
12390,19,1,2,28,2475.0,28,27.5,,,,,,,,,1.39,35.0,36.0,-1.0,-0.04,-0.42
5097,1,1,2,14,630.0,6,7.0,,,,,,,,,1.5,9.0,5.0,4.0,0.57,1.02
13893,3,1,2,36,3182.0,36,35.4,,,,,,,,,1.81,58.0,33.0,25.0,0.71,1.09
2839,13,1,2,10,374.0,6,4.2,,,,,,,,,,4.0,7.0,-3.0,-0.72,-0.4
14311,24,1,2,0,,0,,,,,,,,,,,,,,,
6020,7,1,2,14,897.0,9,10.0,,,,,,,,,1.29,17.0,15.0,2.0,0.2,0.66
1419,1,1,2,34,3060.0,34,34.0,,,,,,,,,1.21,32.0,38.0,-6.0,-0.18,0.82
12372,6,1,2,32,1646.0,18,18.3,,,,,,,,,1.0,8.0,24.0,-16.0,-0.87,-0.22
691,22,1,2,2,30.0,0,0.3,,,,,,,,,1.0,0.0,1.0,-1.0,-3.0,-3.35
688,1,1,2,29,1262.0,14,14.0,,,,,,,,,1.24,9.0,20.0,-11.0,-0.78,-0.83
6536,11,1,2,18,384.0,2,4.3,,,,,,,,,1.67,9.0,7.0,2.0,0.47,-0.63
3206,10,1,2,38,3413.0,38,37.9,,,,,,,,,1.13,42.0,52.0,-10.0,-0.26,25.45
444,12,1,2,1,8.0,0,0.1,,,,,,,,,3.0,0.0,1.0,-1.0,-11.25,-10.19
5497,7,1,2,17,721.0,8,8.0,,,,,,,,,0.88,7.0,16.0,-9.0,-1.12,-1.06
2059,24,1,2,28,2286.0,26,25.4,,,,,,,,,1.36,31.0,32.0,-1.0,-0.04,0.36
3548,24,1,2,24,1460.0,18,16.2,,,,,,,,,1.0,17.0,21.0,-4.0,-0.25,-0.15
5567,24,1,2,0,,0,,,,,,,,,,,,,,,
2204,4,1,2,6,114.0,1,1.3,,,,,,,,,2.5,5.0,1.0,4.0,3.16,2.53
3491,17,1,2,0,,0,,,,,,,,,,,,,,,
2275,7,1,2,27,2216.0,26,24.6,,,,,,,,,1.0,27.0,38.0,-11.0,-0.45,-0.45
7181,7,1,2,37,2863.0,36,31.8,,,,,,,,,1.11,36.0,35.0,1.0,0.03,1.97
2761,11,1,2,31,804.0,5,8.9,,,,,,,,,2.1,24.0,10.0,14.0,1.57,0.71
692,13,1,2,32,2562.0,30,28.5,,,,,,,,,1.0,25.0,35.0,-10.0,-0.35,0.07
2846,10,1,2,16,1299.0,15,14.4,,,,,,,,,1.12,20.0,26.0,-6.0,-0.42,-0.16
3324,26,1,2,4,133.0,1,1.5,,,,,,,,,0.75,1.0,5.0,-4.0,-2.71,-2.82
13226,24,1,2,29,1517.0,15,16.9,,,,,,,,,1.03,30.0,35.0,-5.0,-0.3,-0.25
9764,17,1,2,1,3.0,0,0.0,,,,,,,,,1.0,0.0,0.0,0.0,0.0,0.29
9330,2,1,2,0,,0,,,,,,,,,,,,,,,
14250,7,1,2,15,439.0,4,4.9,,,,,,,,,1.27,11.0,13.0,-2.0,-0.41,-0.14
8863,1,1,2,2,18.0,0,0.2,,,,,,,,,1.5,0.0,1.0,-1.0,-5.0,-4.76
733,26,1,2,34,2489.0,30,27.7,,,,,,,,,1.41,56.0,46.0,10.0,0.36,1.33
14412,10,1,2,1,3.0,0,0.0,,,,,,,,,1.0,0.0,0.0,0.0,0.0,0.32
11999,7,1,2,21,1337.0,15,14.9,,,,,,,,,1.1,14.0,15.0,-1.0,-0.07,0.36
2417,25,1,2,1,8.0,0,0.1,,,,,,,,,3.0,0.0,0.0,0.0,0.0,0.13
9011,2,1,2,6,43.0,0,0.5,,,,,,,,,0.0,0.0,3.0,-3.0,-6.28,-5.51
1649,20,1,2,27,1987.0,22,22.1,,,,,,,,,2.67,48.0,13.0,35.0,1.59,-0.05
9331,25,1,2,0,,0,,,,,,,,,,,,,,,
10436,1,1,2,25,1141.0,11,12.7,,,,,,,,,1.48,15.0,19.0,-4.0,-0.32,-0.08
8980,5,1,2,28,2520.0,28,28.0,,,,,,,,,2.32,58.0,27.0,31.0,1.11,0.71
11809,26,1,2,19,785.0,6,8.7,,,,,,,,,1.16,13.0,18.0,-5.0,-0.57,-0.74
7739,22,1,2,20,1238.0,14,13.8,,,,,,,,,1.75,17.0,12.0,5.0,0.36,0.07
14071,20,1,2,0,,0,,,,,,,,,,,,,,,
11884,18,1,2,25,1272.0,15,14.1,,,,,,,,,0.96,13.0,14.0,-1.0,-0.07,0.68
11268,11,1,2,26,701.0,4,7.8,,,,,,,,,2.08,14.0,10.0,4.0,0.51,-0.64
11905,12,1,2,17,1250.0,14,13.9,,,,,,,,,0.35,11.0,28.0,-17.0,-1.22,-0.23
4449,5,1,2,29,1211.0,12,13.5,,,,,,,,,2.21,33.0,18.0,15.0,1.11,0.3
11036,24,1,2,27,1616.0,18,18.0,,,,,,,,,1.22,20.0,16.0,4.0,0.22,0.72
8541,17,1,2,28,1788.0,21,19.9,,,,,,,,,1.11,22.0,31.0,-9.0,-0.45,-0.34
1963,26,1,2,11,568.0,6,6.3,,,,,,,,,2.0,17.0,5.0,12.0,1.9,2.28
5268,22,1,2,31,2292.0,27,25.5,,,,,,,,,1.68,43.0,27.0,16.0,0.63,0.95
11151,18,1,2,31,1380.0,19,15.3,,,,,,,,,1.1,12.0,18.0,-6.0,-0.39,0.18
8900,26,1,2,14,309.0,2,3.4,,,,,,,,,1.36,3.0,5.0,-2.0,-0.58,-0.64
11690,12,1,2,0,,0,,,,,,,,,,,,,,,
14042,11,1,2,30,2052.0,26,22.8,,,,,,,,,2.17,49.0,26.0,23.0,1.01,-0.04
1851,22,1,2,29,1687.0,19,18.7,,,,,,,,,1.86,23.0,18.0,5.0,0.27,-0.1
3999,10,1,2,3,140.0,1,1.6,,,,,,,,,1.0,2.0,3.0,-1.0,-0.64,-0.34
10382,12,1,2,34,2448.0,28,27.2,,,,,,,,,0.62,30.0,53.0,-23.0,-0.85,0.82
11271,17,1,2,0,,0,,,,,,,,,,,,,,,
11156,18,1,2,34,2692.0,32,29.9,,,,,,,,,1.09,21.0,29.0,-8.0,-0.27,1.09
9339,16,1,2,28,2349.0,28,26.1,,,,,,,,,0.96,24.0,34.0,-10.0,-0.38,-0.3
6518,12,1,2,3,108.0,1,1.2,,,,,,,,,1.33,1.0,4.0,-3.0,-2.5,-1.47
8902,11,1,2,0,,0,,,,,,,,,,,,,,,
929,13,1,2,37,3263.0,37,36.3,,,,,,,,,1.08,33.0,44.0,-11.0,-0.3,1.42
4377,20,1,2,37,2904.0,33,32.3,,,,,,,,,2.49,76.0,22.0,54.0,1.67,0.45
12924,16,1,2,6,286.0,4,3.2,,,,,,,,,0.86,3.0,5.0,-2.0,-0.63,-0.37
7036,25,1,2,37,3302.0,37,36.7,,,,,,,,,1.32,39.0,43.0,-4.0,-0.11,0.65
2039,6,1,2,1,4.0,0,0.0,,,,,,,,,0.0,0.0,0.0,0.0,0.0,0.76
6522,25,1,2,20,716.0,6,8.0,,,,,,,,,1.5,11.0,10.0,1.0,0.13,0.33
7698,7,1,2,12,700.0,10,7.8,,,,,,,,,0.67,9.0,13.0,-4.0,-0.51,-0.28
8549,20,1,2,29,1419.0,14,15.8,,,,,,,,,2.55,37.0,15.0,22.0,1.4,-0.36
4830,7,1,2,1,18.0,0,0.2,,,,,,,,,0.0,0.0,1.0,-1.0,-5.0,-4.74
492,24,1,2,6,35.0,0,0.4,,,,,,,,,1.17,0.0,2.0,-2.0,-5.14,-5.04
1587,4,1,2,5,162.0,2,1.8,,,,,,,,,1.8,3.0,2.0,1.0,0.56,-0.16
10086,3,1,2,27,1534.0,18,17.0,,,,,,,,,1.78,26.0,18.0,8.0,0.47,-0.29
2349,1,1,2,18,1114.0,12,12.4,,,,,,,,,1.67,17.0,13.0,4.0,0.32,0.87
11416,5,1,2,0,,0,,,,,,,,,,,,,,,
10412,17,1,2,7,96.0,0,1.1,,,,,,,,,2.0,2.0,2.0,0.0,0.0,0.3
10410,16,1,2,8,416.0,5,4.6,,,,,,,,,1.88,3.0,4.0,-1.0,-0.22,0.08
4651,19,1,2,4,315.0,3,3.5,,,,,,,,,1.25,2.0,4.0,-2.0,-0.57,-0.72
6890,13,1,2,9,617.0,7,6.9,,,,,,,,,1.22,3.0,7.0,-4.0,-0.58,-0.26
6889,2,1,2,12,912.0,12,10.1,,,,,,,,,0.83,16.0,18.0,-2.0,-0.2,0.88
13746,11,1,2,2,13.0,0,0.1,,,,,,,,,1.5,0.0,0.0,0.0,0.0,-1.03
1612,3,1,2,18,513.0,4,5.7,,,,,,,,,1.72,8.0,6.0,2.0,0.35,-0.33
5150,12,1,2,35,1803.0,21,20.0,,,,,,,,,0.49,21.0,42.0,-21.0,-1.05,0.06
5894,7,1,2,12,1014.0,12,11.3,,,,,,,,,1.0,15.0,19.0,-4.0,-0.36,-0.09
12033,19,1,2,3,166.0,1,1.8,,,,,,,,,1.67,0.0,0.0,0.0,0.0,-0.08
3004,3,1,2,33,2878.0,31,32.0,,,,,,,,,1.82,54.0,34.0,20.0,0.63,-0.04
14031,6,1,2,0,,0,,,,,,,,,,,,,,,
12915,12,1,2,5,82.0,0,0.9,,,,,,,,,0.4,1.0,0.0,1.0,1.1,2.23
5706,3,1,2,34,2844.0,32,31.6,,,,,,,,,1.74,52.0,32.0,20.0,0.63,0.01
10644,3,1,2,31,2263.0,29,25.1,,,,,,,,,1.9,44.0,23.0,21.0,0.84,0.6
1678,4,1,2,35,2783.0,30,30.9,,,,,,,,,2.09,51.0,31.0,20.0,0.65,-0.34
14314,1,1,2,10,302.0,3,3.4,,,,,,,,,1.0,6.0,6.0,0.0,0.0,0.29
1281,11,1,2,1,61.0,0,0.7,,,,,,,,,3.0,2.0,0.0,2.0,2.95,1.96
1544,5,1,2,0,,0,,,,,,,,,,,,,,,
7965,5,1,2,37,2201.0,22,24.5,,,,,,,,,2.22,56.0,33.0,23.0,0.94,0.05
12277,25,1,2,25,928.0,11,10.3,,,,,,,,,1.16,12.0,12.0,0.0,0.0,0.18
1549,22,1,2,29,1228.0,15,13.6,,,,,,,,,1.52,15.0,17.0,-2.0,-0.15,-0.72
7069,6,1,2,13,704.0,9,7.8,,,,,,,,,0.85,5.0,13.0,-8.0,-1.02,-0.33
2188,12,1,2,21,1638.0,18,18.2,,,,,,,,,0.52,19.0,37.0,-18.0,-0.99,0.17
13378,20,1,2,0,,0,,,,,,,,,,,,,,,
5617,22,1,2,30,2518.0,29,28.0,,,,,,,,,1.57,38.0,28.0,10.0,0.36,0.16
9344,22,1,2,31,2654.0,29,29.5,,,,,,,,,1.52,41.0,32.0,9.0,0.31,-0.05
9738,25,1,3,4,120.0,1,1.3,,,,,,,,,0.75,1.0,3.0,-2.0,-1.5,-1.28
884,14,1,3,0,,0,,,,,,,,,,,,,,,
12206,25,1,3,1,65.0,1,0.7,,,,,,,,,0.0,1.0,2.0,-1.0,-1.38,-1.14
6891,7,1,3,0,,0,,,,,,,,,,,,,,,
10391,10,1,3,7,263.0,4,2.9,,,,,,,,,1.14,1.0,2.0,-1.0,-0.34,-0.23
54,1,1,3,29,2463.0,29,27.4,,,,,,,,,1.03,30.0,41.0,-11.0,-0.4,-0.5
13990,25,1,3,0,,0,,,,,,,,,,,,,,,
886,23,1,3,0,,0,,,,,,,,,,,,,,,
358,24,1,3,4,134.0,1,1.5,,,,,,,,,0.25,1.0,3.0,-2.0,-1.34,-1.04
234,19,1,3,19,1710.0,19,19.0,,,,,,,,,1.95,39.0,27.0,12.0,0.63,0.89
7274,3,1,3,14,1206.0,14,13.4,,,,,,,,,2.21,22.0,9.0,13.0,0.97,0.48
8553,24,1,3,35,2114.0,24,23.5,,,,,,,,,1.09,26.0,39.0,-13.0,-0.55,-0.55
887,9,1,3,16,443.0,4,4.9,,,,,,,,,0.94,6.0,7.0,-1.0,-0.2,0.1
3401,20,1,3,0,,0,,,,,,,,,,,,,,,
8303,20,1,3,2,5.0,0,0.1,,,,,,,,,3.0,0.0,0.0,0.0,0.0,-1.05
10517,22,1,3,21,1760.0,21,19.6,,,,,,,,,1.48,18.0,15.0,3.0,0.15,0.91
7949,14,1,3,0,,0,,,,,,,,,,,,,,,
7084,23,1,3,8,583.0,6,6.5,,,,,,,,,0.0,6.0,25.0,-19.0,-2.93,-1.51
7082,7,1,3,1,2.0,0,0.0,,,,,,,,,3.0,1.0,0.0,1.0,45.0,44.97
5663,26,1,3,11,584.0,7,6.5,,,,,,,,,1.91,8.0,7.0,1.0,0.15,-0.45
3129,20,1,3,7,317.0,4,3.5,,,,,,,,,2.14,6.0,4.0,2.0,0.57,-0.53
5524,23,1,3,3,160.0,1,1.8,,,,,,,,,0.0,0.0,4.0,-4.0,-2.25,-0.59
11878,26,1,3,15,1188.0,14,13.2,,,,,,,,,1.73,26.0,20.0,6.0,0.45,-0.11
447,19,1,3,0,,0,,,,,,,,,,,,,,,
11060,10,1,3,34,2971.0,34,33.0,,,,,,,,,1.21,32.0,35.0,-3.0,-0.09,0.31
11486,25,1,3,0,,0,,,,,,,,,,,,,,,
2284,10,1,3,10,452.0,5,5.0,,,,,,,,,0.8,2.0,4.0,-2.0,-0.4,-0.31
2280,1,1,3,14,1090.0,13,12.1,,,,,,,,,1.29,11.0,12.0,-1.0,-0.08,0.27
800,7,1,3,26,1371.0,14,15.2,,,,,,,,,1.19,24.0,26.0,-2.0,-0.13,-0.31
13247,7,1,3,1,2.0,0,0.0,,,,,,,,,1.5,0.0,1.0,-1.0,-45.0,-45.08
604,9,1,3,0,,0,,,,,,,,,,,,,,,
3582,25,1,3,34,1977.0,24,22.0,,,,,,,,,1.32,27.0,29.0,-2.0,-0.09,0.41
5628,11,1,3,2,48.0,0,0.5,,,,,,,,,0.5,1.0,1.0,0.0,0.0,0.43
9091,7,1,3,31,2647.0,29,29.4,,,,,,,,,1.48,41.0,39.0,2.0,0.07,0.07
228,14,1,3,22,1630.0,19,18.1,,,,,,,,,1.18,18.0,26.0,-8.0,-0.44,0.01
12807,19,1,3,32,1972.0,22,21.9,,,,,,,,,1.63,32.0,33.0,-1.0,-0.05,-0.54
5455,7,1,3,26,1572.0,16,17.5,,,,,,,,,1.31,30.0,27.0,3.0,0.17,0.22
5631,26,1,3,0,,0,,,,,,,,,,,,,,,
7282,4,1,3,37,2509.0,30,27.9,,,,,,,,,1.97,47.0,17.0,30.0,1.08,0.29
14443,3,1,3,21,1781.0,20,19.8,,,,,,,,,1.9,20.0,11.0,9.0,0.45,-0.42
12774,23,1,3,24,1376.0,18,15.3,,,,,,,,,0.38,10.0,34.0,-24.0,-1.57,0.19
962,23,1,3,13,375.0,5,4.2,,,,,,,,,0.54,2.0,6.0,-4.0,-0.96,0.81
9093,23,1,3,22,1188.0,14,13.2,,,,,,,,,0.41,11.0,32.0,-21.0,-1.59,0.14
495,11,1,3,0,,0,,,,,,,,,,,,,,,
8043,24,1,3,2,28.0,0,0.3,,,,,,,,,2.0,0.0,0.0,0.0,0.0,0.34
1427,9,1,3,26,1022.0,13,11.4,,,,,,,,,1.08,14.0,10.0,4.0,0.35,0.92
1430,19,1,3,17,1362.0,15,15.1,,,,,,,,,1.88,34.0,20.0,14.0,0.93,1.23
1437,23,1,3,26,1720.0,21,19.1,,,,,,,,,0.42,12.0,39.0,-27.0,-1.41,0.55
1470,14,1,3,2,177.0,2,2.0,,,,,,,,,2.0,3.0,2.0,1.0,0.51,1.01
9731,10,1,3,35,2661.0,31,29.6,,,,,,,,,1.11,29.0,32.0,-3.0,-0.1,0.14
6782,22,1,3,35,2460.0,28,27.3,,,,,,,,,1.31,26.0,35.0,-9.0,-0.33,-0.14
3773,22,1,3,0,,0,,,,,,,,,,,,,,,
12304,5,1,3,12,754.0,11,8.4,,,,,,,,,2.69,22.0,8.0,14.0,1.67,0.02
9525,24,1,3,0,,0,,,,,,,,,,,,,,,
293,3,1,3,1,19.0,0,0.2,,,,,,,,,0.0,0.0,1.0,-1.0,-4.74,-5.42
6507,17,1,3,36,3079.0,35,34.2,,,,,,,,,1.44,47.0,43.0,4.0,0.12,2.23
3133,10,1,3,1,7.0,0,0.1,,,,,,,,,1.0,1.0,0.0,1.0,12.86,13.02
5710,17,1,3,0,,0,,,,,,,,,,,,,,,
7012,17,1,3,15,133.0,1,1.5,,,,,,,,,0.6,2.0,3.0,-1.0,-0.68,-0.59
12838,19,1,3,1,90.0,1,1.0,,,,,,,,,3.0,1.0,0.0,1.0,1.0,0.84
12023,11,1,3,0,,0,,,,,,,,,,,,,,,
13267,16,1,3,21,1054.0,13,11.7,,,,,,,,,1.14,14.0,13.0,1.0,0.09,0.47
11880,20,1,3,23,1670.0,18,18.6,,,,,,,,,2.43,37.0,16.0,21.0,1.13,0.15
5510,7,1,3,30,1745.0,19,19.4,,,,,,,,,1.5,30.0,27.0,3.0,0.15,0.21
14403,11,1,3,27,1405.0,15,15.6,,,,,,,,,1.0,17.0,28.0,-11.0,-0.7,-0.48
1024,5,1,3,0,,0,,,,,,,,,,,,,,,
4193,19,1,3,19,677.0,6,7.5,,,,,,,,,1.63,9.0,7.0,2.0,0.27,0.1
145,23,1,3,13,876.0,10,9.7,,,,,,,,,0.08,7.0,23.0,-16.0,-1.64,0.05
2407,4,1,3,14,875.0,10,9.7,,,,,,,,,1.8,18.0,8.0,10.0,1.03,0.04
11290,11,1,3,1,48.0,0,0.5,,,,,,,,,0.0,0.0,0.0,0.0,0.0,0.43
5632,14,1,3,0,,0,,,,,,,,,,,,,,,
8281,24,1,3,32,2686.0,31,29.8,,,,,,,,,1.06,31.0,40.0,-9.0,-0.3,0.19
608,26,1,3,32,2595.0,30,28.8,,,,,,,,,1.91,59.0,36.0,23.0,0.8,1.12
4065,26,1,3,12,617.0,8,6.9,,,,,,,,,1.67,11.0,14.0,-3.0,-0.44,-1.18
13104,13,1,3,14,969.0,12,10.8,,,,,,,,,0.64,7.0,17.0,-10.0,-0.93,-0.52
2386,19,1,3,25,710.0,6,7.9,,,,,,,,,1.46,15.0,8.0,7.0,0.89,0.89
6784,22,1,3,0,,0,,,,,,,,,,,,,,,
460,5,1,3,32,2284.0,26,25.4,,,,,,,,,2.25,66.0,22.0,44.0,1.73,0.23
5849,18,1,3,25,1200.0,12,13.3,,,,,,,,,1.72,12.0,12.0,0.0,0.0,0.16
6853,7,1,3,12,811.0,10,9.0,,,,,,,,,0.92,10.0,20.0,-10.0,-1.11,-1.52
239,23,1,3,5,49.0,0,0.5,,,,,,,,,0.0,1.0,0.0,1.0,1.84,3.57
13924,24,1,3,7,288.0,3,3.2,,,,,,,,,1.86,3.0,4.0,-1.0,-0.31,0.03
2040,14,1,3,1,9.0,1,0.1,,,,,,,,,0.0,0.0,0.0,0.0,0.0,0.45
7755,17,1,3,15,315.0,3,3.5,,,,,,,,,1.47,6.0,3.0,3.0,0.86,1.06
4015,25,1,3,30,2191.0,26,24.3,,,,,,,,,1.37,28.0,29.0,-1.0,-0.04,0.62
1027,22,1,3,30,1263.0,14,14.0,,,,,,,,,1.17,15.0,23.0,-8.0,-0.57,-0.44
11213,4,1,3,31,2330.0,28,25.9,,,,,,,,,2.0,51.0,24.0,27.0,1.04,0.13
13403,26,1,3,35,2323.0,25,25.8,,,,,,,,,1.8,54.0,32.0,22.0,0.85,1.02
8943,19,1,3,25,2099.0,23,23.3,,,,,,,,,1.72,41.0,29.0,12.0,0.51,0.86
128,13,1,3,1,4.0,0,0.0,,,,,,,,,1.0,0.0,0.0,0.0,0.0,0.55
1639,18,1,3,32,2880.0,32,32.0,,,,,,,,,1.31,34.0,39.0,-5.0,-0.16,-0.32
11765,9,1,3,5,183.0,2,2.0,,,,,,,,,0.8,2.0,9.0,-7.0,-3.44,-3.33
12905,22,1,3,22,995.0,11,11.1,,,,,,,,,1.0,7.0,11.0,-4.0,-0.36,-0.1
3624,11,1,3,26,1421.0,16,15.8,,,,,,,,,1.12,25.0,23.0,2.0,0.13,0.94
8722,22,1,3,1,8.0,0,0.1,,,,,,,,,3.0,0.0,0.0,0.0,0.0,0.29
5780,10,1,3,5,69.0,0,0.8,,,,,,,,,0.2,0.0,2.0,-2.0,-2.61,-2.53
11922,4,1,3,0,,0,,,,,,,,,,,,,,,
5286,25,1,3,0,,0,,,,,,,,,,,,,,,
5382,19,1,3,9,580.0,6,6.4,,,,,,,,,2.11,10.0,6.0,4.0,0.62,0.53
7269,20,1,3,31,2488.0,29,27.6,,,,,,,,,2.19,60.0,33.0,27.0,0.98,-0.28
4635,7,1,3,34,2421.0,29,26.9,,,,,,,,,1.59,37.0,39.0,-2.0,-0.07,-0.43
2313,1,1,3,18,487.0,6,5.4,,,,,,,,,1.32,7.0,11.0,-4.0,-0.74,-0.56
5634,17,1,3,2,37.0,0,0.4,,,,,,,,,1.5,0.0,2.0,-2.0,-4.86,-4.81
6971,10,1,3,0,,0,,,,,,,,,,,,,,,
14561,3,1,3,30,2044.0,22,22.7,,,,,,,,,1.9,33.0,18.0,15.0,0.66,0.01
611,3,1,3,36,2339.0,28,26.0,,,,,,,,,1.78,36.0,18.0,18.0,0.69,0.11
8945,5,1,3,3,242.0,3,2.7,,,,,,,,,3.0,6.0,3.0,3.0,1.12,-0.58
7186,26,1,3,10,212.0,1,2.4,,,,,,,,,1.5,5.0,3.0,2.0,0.85,0.34
7185,10,1,3,14,699.0,9,7.8,,,,,,,,,1.29,8.0,12.0,-4.0,-0.52,-0.48
7189,10,1,3,19,1063.0,11,11.8,,,,,,,,,0.95,7.0,12.0,-5.0,-0.42,-0.42
13205,23,1,3,0,,0,,,,,,,,,,,,,,,
1378,1,1,3,35,2727.0,32,30.3,,,,,,,,,1.14,24.0,39.0,-15.0,-0.5,-1.14
2836,11,1,3,34,2780.0,31,30.9,,,,,,,,,1.03,38.0,46.0,-8.0,-0.26,0.87
194,3,1,3,18,1101.0,13,12.2,,,,,,,,,1.89,18.0,8.0,10.0,0.82,0.24
4019,17,1,3,34,2987.0,33,33.2,,,,,,,,,1.38,45.0,44.0,1.0,0.03,1.07
4021,23,1,3,3,270.0,3,3.0,,,,,,,,,1.33,1.0,3.0,-2.0,-0.67,1.1
3100,14,1,3,30,1617.0,15,18.0,,,,,,,,,1.17,18.0,29.0,-11.0,-0.61,-0.31
113,17,1,3,35,2074.0,20,23.0,,,,,,,,,1.46,30.0,35.0,-5.0,-0.22,-0.28
13256,26,1,3,13,416.0,4,4.6,,,,,,,,,2.0,8.0,8.0,0.0,0.0,-0.6
1285,17,1,3,38,2952.0,34,32.8,,,,,,,,,1.37,44.0,41.0,3.0,0.09,1.44
8879,24,1,3,9,140.0,1,1.6,,,,,,,,,1.0,3.0,3.0,0.0,0.0,0.36
3990,3,1,3,1,7.0,0,0.1,,,,,,,,,3.0,0.0,0.0,0.0,0.0,-0.66
11216,19,1,3,0,,0,,,,,,,,,,,,,,,
11397,26,1,3,10,163.0,0,1.8,,,,,,,,,1.3,5.0,1.0,4.0,2.21,1.77
11396,1,1,3,6,188.0,2,2.1,,,,,,,,,0.5,1.0,2.0,-1.0,-0.48,-0.23
8049,9,1,3,33,2869.0,32,31.9,,,,,,,,,1.06,36.0,41.0,-5.0,-0.16,0.82
4436,9,1,3,21,715.0,6,7.9,,,,,,,,,1.57,8.0,12.0,-4.0,-0.5,-0.27
3259,11,1,3,0,,0,,,,,,,,,,,,,,,
3765,20,1,3,19,1102.0,11,12.2,,,,,,,,,2.21,24.0,11.0,13.0,1.06,0.01
12844,18,1,3,23,1134.0,14,12.6,,,,,,,,,1.52,14.0,14.0,0.0,0.0,0.16
7015,13,1,3,25,1189.0,15,13.2,,,,,,,,,1.0,12.0,18.0,-6.0,-0.45,0.15
11512,3,1,3,8,259.0,2,2.9,,,,,,,,,2.0,2.0,1.0,1.0,0.35,-0.34
1381,23,1,3,12,906.0,12,10.1,,,,,,,,,0.08,6.0,30.0,-24.0,-2.38,-0.95
12810,25,1,3,17,370.0,2,4.1,,,,,,,,,0.94,4.0,9.0,-5.0,-1.22,-1.07
2883,18,1,3,6,540.0,6,6.0,,,,,,,,,1.67,7.0,6.0,1.0,0.17,0.32
5731,9,1,3,16,606.0,5,6.7,,,,,,,,,0.94,7.0,5.0,2.0,0.3,0.71
8948,13,1,3,11,132.0,0,1.5,,,,,,,,,0.64,2.0,4.0,-2.0,-1.36,-0.84
12813,26,1,3,35,2945.0,34,32.7,,,,,,,,,1.91,60.0,44.0,16.0,0.49,-0.27
6775,19,1,3,28,2144.0,24,23.8,,,,,,,,,1.61,39.0,32.0,7.0,0.29,0.29
7016,13,1,3,1,11.0,0,0.1,,,,,,,,,0.0,0.0,1.0,-1.0,-8.18,-7.65
7197,11,1,3,0,,0,0.0,,,,,,,,,0.0,0.0,1.0,-1.0,,
2358,24,1,3,35,2942.0,35,32.7,,,,,,,,,1.09,33.0,47.0,-14.0,-0.43,-0.62
12847,7,1,3,23,1656.0,19,18.4,,,,,,,,,1.52,26.0,24.0,2.0,0.11,0.11
2887,20,1,3,8,609.0,7,6.8,,,,,,,,,2.25,12.0,3.0,9.0,1.33,0.34
14228,19,1,3,14,484.0,6,5.4,,,,,,,,,1.5,3.0,5.0,-2.0,-0.37,-0.65
8951,5,1,3,23,1611.0,20,17.9,,,,,,,,,2.22,49.0,14.0,35.0,1.96,0.56
2374,24,1,3,0,,0,,,,,,,,,,,,,,,
2375,9,1,3,0,,0,,,,,,,,,,,,,,,
2377,17,1,3,35,3074.0,35,34.2,,,,,,,,,1.46,44.0,45.0,-1.0,-0.03,0.75
9849,25,1,3,1,90.0,1,1.0,,,,,,,,,1.0,1.0,1.0,0.0,0.0,0.27
2890,20,1,3,23,1215.0,15,13.5,,,,,,,,,2.43,30.0,11.0,19.0,1.41,0.55
4716,7,1,3,7,273.0,4,3.0,,,,,,,,,1.43,3.0,6.0,-3.0,-0.99,-1.13
11882,23,1,3,2,130.0,1,1.4,,,,,,,,,1.5,4.0,4.0,0.0,0.0,1.75
11521,18,1,3,34,2585.0,28,28.7,,,,,,,,,1.38,31.0,35.0,-4.0,-0.14,-0.14
14133,9,1,3,22,640.0,5,7.1,,,,,,,,,1.0,8.0,9.0,-1.0,-0.14,0.18
2495,20,1,3,2,12.0,0,0.1,,,,,,,,,3.0,0.0,0.0,0.0,0.0,-1.06
7299,14,1,3,14,302.0,2,3.4,,,,,,,,,1.14,4.0,8.0,-4.0,-1.19,-0.82
2516,16,1,3,8,146.0,1,1.6,,,,,,,,,1.13,4.0,2.0,2.0,1.23,1.54
1134,5,1,3,5,254.0,2,2.8,,,,,,,,,3.0,4.0,2.0,2.0,0.71,-1.03
6222,13,1,3,27,2335.0,27,25.9,,,,,,,,,0.96,31.0,42.0,-11.0,-0.42,0.41
11341,18,1,3,33,2140.0,25,23.8,,,,,,,,,1.33,24.0,32.0,-8.0,-0.34,-0.62
12893,14,1,3,34,2435.0,31,27.1,,,,,,,,,1.12,28.0,37.0,-9.0,-0.33,0.4
12951,11,1,3,4,163.0,2,1.8,,,,,,,,,2.25,3.0,3.0,0.0,0.0,0.44
4048,23,1,3,25,1779.0,21,19.8,,,,,,,,,0.48,13.0,53.0,-40.0,-2.02,-0.71
12633,26,1,3,35,2560.0,30,28.4,,,,,,,,,1.83,48.0,42.0,6.0,0.21,-1.25
3410,26,1,3,22,1962.0,22,21.8,,,,,,,,,1.77,41.0,33.0,8.0,0.37,-0.37
9294,7,1,3,0,,0,,,,,,,,,,,,,,,
13666,1,1,3,22,847.0,9,9.4,,,,,,,,,1.09,11.0,16.0,-5.0,-0.53,-0.36
2742,16,1,3,25,1528.0,16,17.0,,,,,,,,,1.2,14.0,21.0,-7.0,-0.41,-0.32
5638,25,1,3,2,15.0,0,0.2,,,,,,,,,0.5,0.0,0.0,0.0,0.0,0.26
1236,4,1,3,31,805.0,3,8.9,,,,,,,,,2.0,21.0,6.0,15.0,1.68,0.89
13407,25,1,3,11,768.0,9,8.5,,,,,,,,,0.64,7.0,13.0,-6.0,-0.7,-0.57
895,5,1,3,0,,0,,,,,,,,,,,,,,,
5215,10,1,3,0,,0,,,,,,,,,,,,,,,
2696,10,1,3,19,1006.0,12,11.2,,,,,,,,,1.05,10.0,10.0,0.0,0.0,0.19
8271,26,1,3,32,2587.0,28,28.7,,,,,,,,,1.94,52.0,40.0,12.0,0.42,-0.45
12536,16,1,3,32,2649.0,31,29.4,,,,,,,,,1.19,25.0,37.0,-12.0,-0.41,-0.76
13400,20,1,3,30,2700.0,30,30.0,,,,,,,,,2.2,62.0,29.0,33.0,1.1,0.23
7209,17,1,3,25,1492.0,19,16.6,,,,,,,,,1.56,19.0,20.0,-1.0,-0.06,0.08
7199,14,1,3,34,2257.0,26,25.1,,,,,,,,,0.97,27.0,36.0,-9.0,-0.36,0.26
11218,24,1,3,0,,0,,,,,,,,,,,,,,,
11400,5,1,3,35,2618.0,29,29.1,,,,,,,,,2.26,81.0,32.0,49.0,1.68,0.11
2800,19,1,3,15,1139.0,14,12.7,,,,,,,,,2.07,28.0,15.0,13.0,1.03,1.26
5854,16,1,3,0,,0,,,,,,,,,,,,,,,
9295,10,1,3,0,,0,,,,,,,,,,,,,,,
1167,5,1,3,0,,0,,,,,,,,,,,,,,,
1529,11,1,3,25,1335.0,15,14.8,,,,,,,,,0.96,11.0,27.0,-16.0,-1.08,-1.08
1532,26,1,3,3,200.0,3,2.2,,,,,,,,,2.33,4.0,5.0,-1.0,-0.45,-1.04
12817,16,1,3,38,2744.0,34,30.5,,,,,,,,,1.26,26.0,33.0,-7.0,-0.23,0.04
10865,5,1,3,0,,0,,,,,,,,,,,,,,,
8725,24,1,3,0,,0,,,,,,,,,,,,,,,
12215,4,1,3,34,2106.0,23,23.4,,,,,,,,,1.94,41.0,17.0,24.0,1.03,0.07
10319,25,1,3,13,653.0,7,7.3,,,,,,,,,2.0,9.0,7.0,2.0,0.28,0.67
1619,19,1,3,10,277.0,2,3.1,,,,,,,,,1.6,3.0,4.0,-1.0,-0.32,-0.55
10335,1,1,3,26,1866.0,20,20.7,,,,,,,,,0.81,21.0,31.0,-10.0,-0.48,-0.48
377,26,1,3,0,,0,,,,,,,,,,,,,,,
2081,20,1,3,31,1385.0,16,15.4,,,,,,,,,2.1,43.0,15.0,28.0,1.82,1.29
2941,22,1,3,1,10.0,0,0.1,,,,,,,,,3.0,0.0,1.0,-1.0,-9.0,-8.74
11492,18,1,3,26,1211.0,12,13.5,,,,,,,,,1.27,15.0,17.0,-2.0,-0.15,-0.07
3400,14,1,3,28,1195.0,13,13.3,,,,,,,,,1.14,15.0,23.0,-8.0,-0.6,-0.24
13210,25,1,3,4,360.0,4,4.0,,,,,,,,,0.5,4.0,6.0,-2.0,-0.5,-0.26
14334,14,1,3,10,545.0,6,6.1,,,,,,,,,1.3,8.0,7.0,1.0,0.17,0.73
896,3,1,3,17,659.0,7,7.3,,,,,,,,,1.76,7.0,6.0,1.0,0.14,-0.65
3540,10,1,3,31,2548.0,31,28.3,,,,,,,,,1.16,24.0,24.0,0.0,0.0,0.52
9241,14,1,3,32,2880.0,32,32.0,,,,,,,,,1.09,36.0,49.0,-13.0,-0.41,0.26
6233,25,1,3,0,,0,,,,,,,,,,,,,,,
8957,16,1,3,10,303.0,3,3.4,,,,,,,,,0.6,2.0,2.0,0.0,0.0,0.26
2318,7,1,3,19,1181.0,13,13.1,,,,,,,,,1.68,22.0,19.0,3.0,0.23,0.27
5821,24,1,3,1,18.0,0,0.2,,,,,,,,,0.0,0.0,0.0,0.0,0.0,0.34
12819,5,1,3,3,172.0,2,1.9,,,,,,,,,2.0,8.0,5.0,3.0,1.57,-0.09
3082,1,1,3,0,,0,,,,,,,,,,,,,,,
1019,7,1,3,20,700.0,6,7.8,,,,,,,,,1.25,14.0,13.0,1.0,0.13,0.1
3585,10,1,3,22,1859.0,21,20.7,,,,,,,,,1.32,22.0,25.0,-3.0,-0.15,-0.03
3658,14,1,3,10,179.0,1,2.0,,,,,,,,,1.2,3.0,2.0,1.0,0.5,1.0
11220,7,1,3,27,1394.0,15,15.5,,,,,,,,,1.56,24.0,23.0,1.0,0.06,0.02
5468,25,1,3,31,2166.0,25,24.1,,,,,,,,,1.1,28.0,37.0,-9.0,-0.37,-0.3
13867,3,1,3,0,,0,,,,,,,,,,,,,,,
2502,24,1,3,25,966.0,9,10.7,,,,,,,,,1.04,11.0,12.0,-1.0,-0.09,0.35
1473,22,1,3,22,1457.0,16,16.2,,,,,,,,,1.32,22.0,23.0,-1.0,-0.06,0.4
225,18,1,3,35,1607.0,18,17.9,,,,,,,,,1.43,20.0,22.0,-2.0,-0.11,-0.01
3992,20,1,3,22,363.0,3,4.0,,,,,,,,,2.18,6.0,5.0,1.0,0.25,-0.9
1387,26,1,3,0,,0,,,,,,,,,,,,,,,
806,18,1,3,16,833.0,9,9.3,,,,,,,,,1.25,10.0,15.0,-5.0,-0.54,-0.58
3092,13,1,3,27,1938.0,25,21.5,,,,,,,,,0.96,17.0,28.0,-11.0,-0.51,0.1
4154,18,1,3,2,40.0,0,0.4,,,,,,,,,0.5,2.0,1.0,1.0,2.25,2.38
7509,26,1,3,4,37.0,0,0.4,,,,,,,,,2.5,1.0,1.0,0.0,0.0,-0.53
3758,9,1,3,19,1045.0,12,11.6,,,,,,,,,1.11,13.0,11.0,2.0,0.17,0.66
47,19,1,3,32,1984.0,23,22.0,,,,,,,,,1.47,31.0,31.0,0.0,0.0,-0.44
7970,5,1,3,0,,0,,,,,,,,,,,,,,,
1277,5,1,3,6,233.0,3,2.6,,,,,,,,,2.5,4.0,1.0,3.0,1.16,-0.54
10399,19,1,3,2,180.0,2,2.0,,,,,,,,,1.0,1.0,1.0,0.0,0.0,-0.19
7777,26,1,3,28,2227.0,27,24.7,,,,,,,,,1.86,40.0,34.0,6.0,0.24,-0.81
5209,19,1,3,0,,0,,,,,,,,,,,,,,,
336,17,1,3,1,90.0,1,1.0,,,,,,,,,1.0,0.0,0.0,0.0,0.0,0.11
898,24,1,3,9,747.0,8,8.3,,,,,,,,,1.11,10.0,16.0,-6.0,-0.72,-0.49
2413,7,1,3,0,,0,,,,,,,,,,,,,,,
5216,5,1,3,0,,0,,,,,,,,,,,,,,,
9096,19,1,3,0,,0,,,,,,,,,,,,,,,
11515,18,1,3,2,98.0,1,1.1,,,,,,,,,3.0,2.0,0.0,2.0,1.84,2.0
11755,17,1,3,0,,0,,,,,,,,,,,,,,,
12128,9,1,3,19,1497.0,18,16.6,,,,,,,,,1.37,17.0,16.0,1.0,0.06,0.62
13734,5,1,3,0,,0,,,,,,,,,,,,,,,
13963,16,1,3,18,309.0,1,3.4,,,,,,,,,1.56,11.0,5.0,6.0,1.75,2.18
1065,23,1,3,6,540.0,6,6.0,,,,,,,,,0.0,7.0,20.0,-13.0,-2.17,-0.57
3420,10,1,3,0,,0,,,,,,,,,,,,,,,
9419,19,1,3,6,153.0,1,1.7,,,,,,,,,1.17,2.0,3.0,-1.0,-0.59,-0.81
11223,19,1,3,26,1827.0,22,20.3,,,,,,,,,1.54,26.0,24.0,2.0,0.1,-0.18
5385,5,1,3,17,585.0,5,6.5,,,,,,,,,2.24,17.0,8.0,9.0,1.38,-0.33
4629,9,1,3,0,,0,,,,,,,,,,,,,,,
3479,25,1,3,32,2299.0,25,25.5,,,,,,,,,1.22,32.0,40.0,-8.0,-0.31,-0.15
7219,26,1,3,19,1517.0,17,16.9,,,,,,,,,2.11,34.0,14.0,20.0,1.19,1.19
339,22,1,3,0,,0,,,,,,,,,,,,,,,
4631,20,1,3,1,90.0,1,1.0,,,,,,,,,0.0,1.0,2.0,-1.0,-1.0,-2.11
466,11,1,3,18,1173.0,13,13.0,,,,,,,,,0.89,13.0,26.0,-13.0,-1.0,-0.88
4006,14,1,3,12,616.0,7,6.8,,,,,,,,,1.08,9.0,10.0,-1.0,-0.15,0.37
6977,18,1,3,36,2495.0,30,27.7,,,,,,,,,1.42,35.0,30.0,5.0,0.18,1.06
3095,24,1,3,1,5.0,0,0.1,,,,,,,,,3.0,0.0,0.0,0.0,0.0,0.34
6785,17,1,3,0,,0,,,,,,,,,,,,,,,
8911,13,1,3,28,1003.0,8,11.1,,,,,,,,,0.61,13.0,20.0,-7.0,-0.63,-0.11
6235,4,1,3,25,1784.0,21,19.8,,,,,,,,,2.0,38.0,14.0,24.0,1.21,0.44
5721,3,1,3,26,1477.0,18,16.4,,,,,,,,,2.19,28.0,11.0,17.0,1.04,0.67
2733,4,1,3,32,1633.0,19,18.1,,,,,,,,,2.0,34.0,19.0,15.0,0.83,-0.33
4276,1,1,3,10,678.0,7,7.5,,,,,,,,,1.7,5.0,5.0,0.0,0.0,0.33
903,18,1,3,36,2559.0,28,28.4,,,,,,,,,1.33,28.0,33.0,-5.0,-0.18,-0.28
4007,11,1,3,0,,0,,,,,,,,,,,,,,,
4083,5,1,3,29,1566.0,14,17.4,,,,,,,,,2.52,53.0,16.0,37.0,2.13,0.86
4640,20,1,3,31,2171.0,24,24.1,,,,,,,,,2.1,54.0,23.0,31.0,1.29,0.64
4950,19,1,3,0,,0,,,,,,,,,,,,,,,
5138,20,1,3,3,56.0,0,0.6,,,,,,,,,3.0,4.0,0.0,4.0,6.43,5.47
6228,11,1,3,0,,0,,,,,,,,,,,,,,,
6572,9,1,3,38,3420.0,38,38.0,,,,,,,,,1.11,40.0,51.0,-11.0,-0.29,
8491,11,1,3,0,,0,,,,,,,,,,,,,,,
10440,14,1,3,0,,0,,,,,,,,,,,,,,,
11231,19,1,3,3,38.0,0,0.4,,,,,,,,,1.67,1.0,0.0,1.0,2.37,2.21
12347,17,1,3,36,2413.0,30,26.8,,,,,,,,,1.28,34.0,32.0,2.0,0.07,0.61
13871,17,1,3,3,65.0,1,0.7,,,,,,,,,1.33,0.0,4.0,-4.0,-5.54,-5.54
14402,25,1,3,15,947.0,9,10.5,,,,,,,,,0.93,11.0,22.0,-11.0,-1.05,-1.08
10978,3,1,3,0,,0,,,,,,,,,,,,,,,
4886,5,1,3,26,1085.0,14,12.1,,,,,,,,,2.12,27.0,12.0,15.0,1.24,-0.61
11458,11,1,3,36,3195.0,36,35.5,,,,,,,,,1.14,41.0,51.0,-10.0,-0.28,2.12
627,14,1,3,0,,0,,,,,,,,,,,,,,,
2178,11,1,3,25,1721.0,21,19.1,,,,,,,,,1.32,29.0,31.0,-2.0,-0.1,0.64
5857,13,1,3,0,,0,,,,,,,,,,,,,,,
342,4,1,3,0,,0,,,,,,,,,,,,,,,
2896,25,1,3,14,532.0,5,5.9,,,,,,,,,0.71,5.0,9.0,-4.0,-0.68,-0.49
10236,17,1,3,26,796.0,6,8.8,,,,,,,,,1.27,2.0,19.0,-17.0,-1.92,-2.37
12349,26,1,3,0,,0,,,,,,,,,,,,,,,
12821,9,1,3,12,664.0,6,7.4,,,,,,,,,1.08,7.0,13.0,-6.0,-0.81,-0.65
12854,22,1,3,37,2738.0,31,30.4,,,,,,,,,1.24,26.0,33.0,-7.0,-0.23,0.3
13874,3,1,3,32,1284.0,14,14.3,,,,,,,,,1.75,13.0,12.0,1.0,0.07,-0.94
1390,4,1,3,0,,0,,,,,,,,,,,,,,,
4251,13,1,3,2,53.0,0,0.6,,,,,,,,,1.5,2.0,1.0,1.0,1.7,2.29
6979,23,1,3,0,,0,,,,,,,,,,,,,,,
8884,19,1,3,0,,0,,,,,,,,,,,,,,,
11559,10,1,3,17,477.0,2,5.3,,,,,,,,,0.47,5.0,6.0,-1.0,-0.19,-0.07
13902,22,1,3,1,45.0,1,0.5,,,,,,,,,0.0,0.0,0.0,0.0,0.0,0.29
13899,9,1,3,17,1374.0,16,15.3,,,,,,,,,1.35,17.0,12.0,5.0,0.33,1.03
1045,3,1,3,20,1485.0,17,16.5,,,,,,,,,1.7,16.0,12.0,4.0,0.24,-0.73
10073,22,1,3,0,,0,,,,,,,,,,,,,,,
7034,9,1,3,10,569.0,7,6.3,,,,,,,,,1.0,4.0,12.0,-8.0,-1.27,-1.17
3607,16,1,3,31,2790.0,31,31.0,,,,,,,,,1.32,30.0,34.0,-4.0,-0.13,0.59
1338,4,1,3,38,2469.0,29,27.4,,,,,,,,,2.0,40.0,21.0,19.0,0.69,-1.11
4568,23,1,3,13,623.0,7,6.9,,,,,,,,,0.08,5.0,15.0,-10.0,-1.44,0.29
13993,7,1,3,34,3060.0,34,34.0,,,,,,,,,1.44,49.0,48.0,1.0,0.03,-0.22
12824,18,1,3,16,362.0,1,4.0,,,,,,,,,1.25,6.0,4.0,2.0,0.5,0.67
10557,24,1,3,31,2493.0,27,27.7,,,,,,,,,1.16,35.0,42.0,-7.0,-0.25,0.33
6277,25,1,3,36,2581.0,31,28.7,,,,,,,,,1.25,37.0,41.0,-4.0,-0.14,0.5
1031,1,1,3,33,1947.0,20,21.6,,,,,,,,,1.12,24.0,24.0,0.0,0.0,0.61
11301,26,1,3,34,2224.0,26,24.7,,,,,,,,,1.76,41.0,29.0,12.0,0.49,-0.12
5478,25,1,3,12,364.0,4,4.0,,,,,,,,,1.25,2.0,7.0,-5.0,-1.24,-1.09
2328,14,1,3,0,,0,,,,,,,,,,,,,,,
2329,19,1,3,2,110.0,2,1.2,,,,,,,,,0.0,1.0,6.0,-5.0,-4.09,-4.42
1448,20,1,3,28,1250.0,14,13.9,,,,,,,,,2.36,28.0,17.0,11.0,0.79,-0.41
4939,18,1,3,22,849.0,7,9.4,,,,,,,,,1.18,8.0,13.0,-5.0,-0.53,-0.57
6788,1,1,3,33,2080.0,27,23.1,,,,,,,,,1.15,24.0,27.0,-3.0,-0.13,0.34
5155,3,1,3,36,1840.0,21,20.4,,,,,,,,,1.92,28.0,13.0,15.0,0.73,0.16
10024,11,1,3,29,2458.0,29,27.3,,,,,,,,,1.21,35.0,41.0,-6.0,-0.22,0.72
10360,14,1,3,25,862.0,10,9.6,,,,,,,,,1.0,16.0,9.0,7.0,0.73,1.58
12757,14,1,3,8,404.0,5,4.5,,,,,,,,,0.75,2.0,9.0,-7.0,-1.56,-1.26
5404,23,1,3,5,352.0,4,3.9,,,,,,,,,0.0,3.0,11.0,-8.0,-2.05,-0.4
1458,18,1,3,14,1025.0,11,11.4,,,,,,,,,1.21,13.0,17.0,-4.0,-0.35,-0.35
6245,14,1,3,31,2389.0,27,26.5,,,,,,,,,1.03,25.0,38.0,-13.0,-0.49,-0.14
6982,17,1,3,18,1366.0,15,15.2,,,,,,,,,1.22,14.0,23.0,-9.0,-0.59,-0.81
1036,3,1,3,8,273.0,2,3.0,,,,,,,,,1.13,3.0,2.0,1.0,0.33,-0.36
12861,17,1,3,37,3330.0,37,37.0,,,,,,,,,1.38,48.0,52.0,-4.0,-0.11,-0.11
14342,11,1,3,29,2257.0,27,25.1,,,,,,,,,1.17,26.0,35.0,-9.0,-0.36,0.18
7253,13,1,3,19,1315.0,15,14.6,,,,,,,,,0.42,9.0,23.0,-14.0,-0.96,-0.66
11064,9,1,3,36,3153.0,36,35.0,,,,,,,,,1.14,38.0,45.0,-7.0,-0.2,1.15
12237,9,1,3,1,9.0,0,0.1,,,,,,,,,0.0,0.0,0.0,0.0,0.0,0.29
3501,13,1,3,13,1085.0,11,12.1,,,,,,,,,0.54,9.0,19.0,-10.0,-0.83,-0.41
11237,17,1,3,28,1294.0,13,14.4,,,,,,,,,1.54,15.0,23.0,-8.0,-0.56,-0.73
13089,24,1,3,14,284.0,3,3.2,,,,,,,,,1.0,7.0,7.0,0.0,0.0,0.37
5586,10,1,3,37,2888.0,32,32.1,,,,,,,,,1.05,28.0,35.0,-7.0,-0.22,-0.56
2030,7,1,3,37,1952.0,24,21.7,,,,,,,,,1.49,30.0,31.0,-1.0,-0.05,-0.23
7571,24,1,3,9,400.0,5,4.4,,,,,,,,,0.89,2.0,6.0,-4.0,-0.9,-0.63
5768,19,1,3,22,1547.0,17,17.2,,,,,,,,,1.77,35.0,24.0,11.0,0.64,0.83
477,4,1,3,0,,0,,,,,,,,,,,,,,,
3433,24,1,3,1,37.0,1,0.4,,,,,,,,,0.0,0.0,1.0,-1.0,-2.43,-2.11
1038,3,1,3,0,,0,,,,,,,,,,,,,,,
5864,25,1,3,9,297.0,2,3.3,,,,,,,,,1.33,4.0,7.0,-3.0,-0.91,-0.71
7513,23,1,3,31,2790.0,31,31.0,,,,,,,,,0.52,18.0,68.0,-50.0,-1.61,0.39
11068,4,1,3,0,,0,,,,,,,,,,,,,,,
213,13,1,3,18,598.0,5,6.6,,,,,,,,,0.56,9.0,8.0,1.0,0.15,0.85
10075,3,1,3,34,2244.0,25,24.9,,,,,,,,,1.91,34.0,21.0,13.0,0.52,-0.4
479,1,1,3,0,,0,,,,,,,,,,,,,,,
3164,20,1,3,0,,0,,,,,,,,,,,,,,,
11894,25,1,3,0,,0,,,,,,,,,,,,,,,
11536,16,1,3,0,,0,,,,,,,,,,,,,,,
6752,10,1,3,4,48.0,0,0.5,,,,,,,,,1.0,0.0,0.0,0.0,0.0,0.13
6715,9,1,3,37,2165.0,26,24.1,,,,,,,,,1.11,23.0,38.0,-15.0,-0.62,-0.91
4782,5,1,3,26,1143.0,9,12.7,,,,,,,,,2.35,42.0,18.0,24.0,1.89,0.35
6576,1,1,3,25,1414.0,15,15.7,,,,,,,,,1.08,19.0,20.0,-1.0,-0.06,0.34
7258,19,1,3,11,244.0,2,2.7,,,,,,,,,0.91,3.0,3.0,0.0,0.0,-0.2
7255,10,1,3,13,696.0,8,7.7,,,,,,,,,1.23,12.0,8.0,4.0,0.52,0.81
7264,11,1,3,12,727.0,8,8.1,,,,,,,,,1.42,11.0,18.0,-7.0,-0.87,-0.57
7265,18,1,3,0,,0,,,,,,,,,,,,,,,
111,23,1,3,12,864.0,10,9.6,,,,,,,,,0.92,6.0,18.0,-12.0,-1.25,0.58
8632,26,1,3,17,1458.0,16,16.2,,,,,,,,,1.82,30.0,18.0,12.0,0.74,0.37
14066,20,1,3,30,2253.0,24,25.0,,,,,,,,,2.1,44.0,24.0,20.0,0.8,-0.74
13095,23,1,3,26,1729.0,19,19.2,,,,,,,,,0.58,15.0,46.0,-31.0,-1.61,0.14
14259,26,1,3,19,1117.0,12,12.4,,,,,,,,,2.05,20.0,15.0,5.0,0.4,-0.18
90,10,1,3,3,95.0,1,1.1,,,,,,,,,1.0,0.0,0.0,0.0,0.0,0.14
7590,23,1,3,2,9.0,0,0.1,,,,,,,,,0.0,0.0,1.0,-1.0,-10.0,-8.34
7751,1,1,3,35,2542.0,29,28.2,,,,,,,,,1.17,29.0,25.0,4.0,0.14,1.58
908,13,1,3,0,,0,,,,,,,,,,,,,,,
3435,5,1,3,0,,0,,,,,,,,,,,,,,,
12380,19,1,3,0,,0,,,,,,,,,,,,,,,
7844,4,1,3,32,1926.0,20,21.4,,,,,,,,,2.06,32.0,14.0,18.0,0.84,-0.36
5666,4,1,3,0,,0,,,,,,,,,,,,,,,
7279,5,1,3,32,2605.0,29,28.9,,,,,,,,,2.28,77.0,30.0,47.0,1.62,-0.14
640,9,1,3,37,2714.0,29,30.2,,,,,,,,,1.14,31.0,45.0,-14.0,-0.46,-0.85
14118,11,1,3,2,180.0,2,2.0,,,,,,,,,0.0,2.0,7.0,-5.0,-2.5,-2.19
7945,11,1,3,28,2440.0,27,27.1,,,,,,,,,0.89,28.0,45.0,-17.0,-0.63,-0.72
13262,22,1,3,36,2372.0,27,26.4,,,,,,,,,1.28,26.0,28.0,-2.0,-0.08,0.7
8936,9,1,3,35,2972.0,34,33.0,,,,,,,,,1.11,35.0,44.0,-9.0,-0.27,0.13
2411,23,1,3,0,,0,,,,,,,,,,,,,,,
8394,7,1,3,1,4.0,0,0.0,,,,,,,,,3.0,0.0,0.0,0.0,0.0,-0.05
14483,7,1,3,8,583.0,7,6.5,,,,,,,,,1.25,12.0,14.0,-2.0,-0.31,-0.44
2812,16,1,3,32,1764.0,21,19.6,,,,,,,,,1.19,13.0,20.0,-7.0,-0.36,-0.25
7276,1,1,3,0,,0,,,,,,,,,,,,,,,
9046,18,1,3,0,,0,,,,,,,,,,,,,,,
7261,23,1,3,28,1398.0,14,15.5,,,,,,,,,0.32,10.0,41.0,-31.0,-2.0,-0.53
13740,16,1,3,14,621.0,7,6.9,,,,,,,,,1.29,6.0,5.0,1.0,0.14,0.47
12172,4,1,3,27,2151.0,24,23.9,,,,,,,,,1.93,39.0,17.0,22.0,0.92,-0.21
4579,18,1,3,37,3325.0,37,36.9,,,,,,,,,1.32,39.0,45.0,-6.0,-0.16,-2.06
14514,20,1,3,0,,0,,,,,,,,,,,,,,,
5715,3,1,3,16,773.0,8,8.6,,,,,,,,,1.63,8.0,9.0,-1.0,-0.12,-1.0
13451,4,1,3,5,85.0,0,0.9,,,,,,,,,1.8,3.0,2.0,1.0,1.06,0.06
12354,25,1,3,0,,0,,,,,,,,,,,,,,,
2682,4,1,3,23,1972.0,23,21.9,,,,,,,,,2.39,43.0,18.0,25.0,1.14,0.33
6552,10,1,3,0,,0,,,,,,,,,,,,,,,
12110,5,1,3,34,2667.0,32,29.6,,,,,,,,,2.24,73.0,27.0,46.0,1.55,-0.48
12576,4,1,3,31,1552.0,21,17.2,,,,,,,,,1.94,30.0,10.0,20.0,1.16,0.29
6280,16,1,3,1,57.0,1,0.6,,,,,,,,,0.0,0.0,1.0,-1.0,-1.58,-1.36
3437,19,1,3,30,2519.0,29,28.0,,,,,,,,,1.6,36.0,32.0,4.0,0.14,-0.16
9101,4,1,3,33,2513.0,28,27.9,,,,,,,,,2.0,52.0,25.0,27.0,0.97,-0.12
5066,19,1,3,25,1457.0,15,16.2,,,,,,,,,1.4,22.0,20.0,2.0,0.12,-0.11
8415,10,1,3,0,,0,,,,,,,,,,,,,,,
4038,13,1,3,17,684.0,7,7.6,,,,,,,,,0.76,5.0,18.0,-13.0,-1.71,-1.45
423,24,1,3,0,,0,,,,,,,,,,,,,,,
423,24,1,3,0,,0,,,,,,,,,,,,,,,
3170,11,1,3,29,2429.0,27,27.0,,,,,,,,,1.24,34.0,37.0,-3.0,-0.11,1.07
3173,16,1,3,2,169.0,2,1.9,,,,,,,,,0.5,0.0,1.0,-1.0,-0.53,-0.31
3446,25,1,3,38,2737.0,35,30.4,,,,,,,,,1.21,40.0,40.0,0.0,0.0,1.32
4415,7,1,3,17,671.0,7,7.5,,,,,,,,,1.65,12.0,8.0,4.0,0.54,0.6
4427,5,1,3,28,1252.0,12,13.9,,,,,,,,,2.32,30.0,15.0,15.0,1.08,-0.91
6252,22,1,3,29,1936.0,21,21.5,,,,,,,,,1.31,22.0,31.0,-9.0,-0.42,-0.3
7035,9,1,3,0,,0,,,,,,,,,,,,,,,
11403,11,1,3,1,45.0,0,0.5,,,,,,,,,0.0,1.0,2.0,-1.0,-2.0,-1.6
12136,14,1,3,13,396.0,3,4.4,,,,,,,,,1.0,2.0,8.0,-6.0,-1.36,-1.04
13880,18,1,3,32,1707.0,23,19.0,,,,,,,,,1.56,21.0,22.0,-1.0,-0.05,0.1
5639,7,1,3,12,358.0,4,4.0,,,,,,,,,2.0,7.0,7.0,0.0,0.0,-0.06
5641,19,1,3,10,336.0,3,3.7,,,,,,,,,1.5,4.0,8.0,-4.0,-1.07,-1.39
11687,9,1,3,30,1943.0,27,21.6,,,,,,,,,1.17,19.0,23.0,-4.0,-0.19,0.24
12865,18,1,3,0,,0,,,,,,,,,,,,,,,
7040,25,1,3,23,1803.0,22,20.0,,,,,,,,,1.48,28.0,26.0,2.0,0.1,0.77
3561,24,1,3,38,3092.0,36,34.4,,,,,,,,,1.08,40.0,47.0,-7.0,-0.2,1.44
2330,17,1,3,0,,0,,,,,,,,,,,,,,,
2965,16,1,3,2,20.0,0,0.2,,,,,,,,,0.0,0.0,0.0,0.0,0.0,0.24
1205,20,1,3,7,630.0,7,7.0,,,,,,,,,2.57,15.0,7.0,8.0,1.14,0.11
3120,23,1,3,18,639.0,7,7.1,,,,,,,,,0.22,5.0,17.0,-12.0,-1.69,-0.01
14154,25,1,3,0,,0,,,,,,,,,,,,,,,
11240,16,1,3,30,2368.0,28,26.3,,,,,,,,,1.27,23.0,28.0,-5.0,-0.19,0.15
6796,22,1,3,2,7.0,0,0.1,,,,,,,,,3.0,1.0,0.0,1.0,12.86,13.17
5048,25,1,3,34,3060.0,34,34.0,,,,,,,,,1.29,40.0,48.0,-8.0,-0.24,0.26
11953,4,1,3,19,941.0,10,10.5,,,,,,,,,1.74,15.0,12.0,3.0,0.29,-0.98
6282,7,1,3,10,515.0,7,5.7,,,,,,,,,1.0,8.0,11.0,-3.0,-0.52,-0.68
8991,24,1,3,12,552.0,6,6.1,,,,,,,,,1.08,6.0,17.0,-11.0,-1.79,-1.73
644,22,1,3,0,,0,,,,,,,,,,,,,,,
11130,3,1,3,26,1564.0,17,17.4,,,,,,,,,2.04,35.0,11.0,24.0,1.38,1.33
428,25,1,3,1,7.0,0,0.1,,,,,,,,,0.0,0.0,0.0,0.0,0.0,0.26
7057,4,1,3,27,1999.0,20,22.2,,,,,,,,,1.89,41.0,20.0,21.0,0.95,-0.13
1482,22,1,3,9,241.0,1,2.7,,,,,,,,,0.78,2.0,4.0,-2.0,-0.75,-0.49
11248,22,1,3,23,1239.0,14,13.8,,,,,,,,,1.17,12.0,22.0,-10.0,-0.73,-0.69
10050,13,1,3,30,2399.0,27,26.7,,,,,,,,,0.83,29.0,44.0,-15.0,-0.56,-0.03
9183,23,1,3,2,64.0,0,0.7,,,,,,,,,0.0,1.0,1.0,0.0,0.0,1.72
13884,22,1,3,2,180.0,2,2.0,,,,,,,,,0.0,0.0,3.0,-3.0,-1.5,-1.28
2332,1,1,3,26,1333.0,16,14.8,,,,,,,,,1.08,11.0,14.0,-3.0,-0.2,0.1
3450,13,1,3,2,40.0,0,0.4,,,,,,,,,0.0,0.0,2.0,-2.0,-4.5,-3.99
4941,5,1,3,28,1038.0,11,11.5,,,,,,,,,2.54,36.0,15.0,21.0,1.82,0.23
5868,11,1,3,32,2039.0,24,22.7,,,,,,,,,1.09,22.0,36.0,-14.0,-0.62,-0.49
6798,22,1,3,13,904.0,6,10.0,,,,,,,,,0.69,6.0,19.0,-13.0,-1.29,-1.37
9187,23,1,3,30,1748.0,20,19.4,,,,,,,,,0.37,13.0,48.0,-35.0,-1.8,-0.24
1506,11,1,3,32,2624.0,30,29.2,,,,,,,,,1.16,31.0,45.0,-14.0,-0.48,-0.25
6623,24,1,3,0,,0,,,,,,,,,,,,,,,
5719,5,1,3,28,2490.0,28,27.7,,,,,,,,,2.32,75.0,31.0,44.0,1.59,-0.25
6255,17,1,3,1,6.0,0,0.1,,,,,,,,,0.0,0.0,1.0,-1.0,-15.0,-14.92
11803,24,1,3,5,261.0,2,2.9,,,,,,,,,1.4,5.0,4.0,1.0,0.34,0.74
11899,11,1,3,0,,0,,,,,,,,,,,,,,,
13743,1,1,3,28,1012.0,9,11.2,,,,,,,,,1.0,12.0,17.0,-5.0,-0.44,-0.26
6257,3,1,3,3,53.0,0,0.6,,,,,,,,,1.67,1.0,0.0,1.0,1.7,1.06
9351,13,1,3,23,1038.0,9,11.5,,,,,,,,,0.87,15.0,17.0,-2.0,-0.17,0.54
11076,16,1,3,32,1992.0,21,22.1,,,,,,,,,1.47,22.0,29.0,-7.0,-0.32,-0.19
6026,13,1,3,30,656.0,4,7.3,,,,,,,,,0.84,9.0,11.0,-2.0,-0.27,0.34
2037,10,1,3,24,1114.0,7,12.4,,,,,,,,,1.25,17.0,16.0,1.0,0.08,0.31
7937,20,1,3,34,2907.0,34,32.3,,,,,,,,,2.24,67.0,32.0,35.0,1.08,0.21
11021,13,1,3,34,1837.0,20,20.4,,,,,,,,,0.68,20.0,37.0,-17.0,-0.83,-0.61
12700,13,1,3,29,2466.0,28,27.4,,,,,,,,,1.07,33.0,43.0,-10.0,-0.36,0.67
3557,10,1,3,0,,0,,,,,,,,,,,,,,,
9427,24,1,3,1,11.0,0,0.1,,,,,,,,,1.0,1.0,0.0,1.0,8.18,8.55
1580,11,1,3,15,941.0,10,10.5,,,,,,,,,0.67,8.0,13.0,-5.0,-0.48,-0.08
2088,22,1,3,27,1531.0,19,17.0,,,,,,,,,1.3,19.0,16.0,3.0,0.18,0.84
3453,18,1,3,0,,0,,,,,,,,,,,,,,,
4424,20,1,3,14,1005.0,12,11.2,,,,,,,,,1.93,16.0,13.0,3.0,0.27,-1.11
10911,19,1,3,2,108.0,1,1.2,,,,,,,,,0.5,1.0,5.0,-4.0,-3.33,-3.63
14015,23,1,3,14,418.0,2,4.6,,,,,,,,,0.86,2.0,8.0,-6.0,-1.29,0.45
12868,20,1,3,0,,0,,,,,,,,,,,,,,,
10010,14,1,3,34,1724.0,17,19.2,,,,,,,,,1.12,18.0,25.0,-7.0,-0.37,0.17
3709,20,1,3,12,938.0,11,10.4,,,,,,,,,2.25,20.0,9.0,11.0,1.06,0.0
8605,10,1,3,33,2875.0,32,31.9,,,,,,,,,1.06,25.0,34.0,-9.0,-0.28,-0.94
11538,9,1,3,20,456.0,1,5.1,,,,,,,,,1.1,6.0,7.0,-1.0,-0.2,0.11
11140,7,1,3,34,2729.0,31,30.3,,,,,,,,,1.56,50.0,47.0,3.0,0.1,0.23
7794,11,1,3,3,22.0,0,0.2,,,,,,,,,1.0,0.0,0.0,0.0,0.0,0.42
2021,11,1,3,17,869.0,12,9.7,,,,,,,,,1.12,13.0,18.0,-5.0,-0.52,-0.13
11763,25,1,3,20,753.0,5,8.4,,,,,,,,,1.1,10.0,9.0,1.0,0.12,0.49
8647,20,1,3,35,1827.0,17,20.3,,,,,,,,,2.14,42.0,21.0,21.0,1.03,-0.04
6724,16,1,3,36,2755.0,30,30.6,,,,,,,,,1.31,30.0,38.0,-8.0,-0.26,-0.13
5442,4,1,3,0,,0,,,,,,,,,,,,,,,
430,13,1,3,35,2714.0,32,30.2,,,,,,,,,0.83,35.0,48.0,-13.0,-0.43,0.59
10432,4,1,3,30,1590.0,17,17.7,,,,,,,,,1.9,19.0,11.0,8.0,0.45,-1.02
6802,17,1,3,32,2099.0,26,23.3,,,,,,,,,1.34,32.0,29.0,3.0,0.13,0.61
5144,24,1,3,6,113.0,1,1.3,,,,,,,,,1.5,2.0,3.0,-1.0,-0.8,-0.47
6893,18,1,3,0,,0,,,,,,,,,,,,,,,
5822,13,1,3,0,,0,,,,,,,,,,,,,,,
4945,26,1,3,17,721.0,6,8.0,,,,,,,,,1.76,17.0,10.0,7.0,0.87,0.44
14313,23,1,3,1,45.0,1,0.5,,,,,,,,,0.0,0.0,1.0,-1.0,-2.0,-0.32
9432,16,1,3,16,741.0,8,8.2,,,,,,,,,1.18,6.0,14.0,-8.0,-0.97,-0.94
5649,7,1,3,33,2132.0,22,23.7,,,,,,,,,1.3,37.0,34.0,3.0,0.13,0.2
8892,16,1,3,23,1338.0,15,14.9,,,,,,,,,1.3,15.0,15.0,0.0,0.0,0.39
11901,23,1,3,33,2341.0,26,26.0,,,,,,,,,0.48,20.0,53.0,-33.0,-1.27,1.32
10295,18,1,3,0,,0,,,,,,,,,,,,,,,
2758,25,1,3,37,3319.0,37,36.9,,,,,,,,,1.24,43.0,47.0,-4.0,-0.11,5.24
12653,1,1,3,25,1849.0,20,20.5,,,,,,,,,1.12,18.0,22.0,-4.0,-0.19,0.15
109,18,1,3,24,2017.0,24,22.4,,,,,,,,,1.46,24.0,21.0,3.0,0.13,0.58
312,22,1,3,21,1098.0,13,12.2,,,,,,,,,1.1,10.0,13.0,-3.0,-0.25,0.06
659,13,1,3,21,1415.0,18,15.7,,,,,,,,,0.9,15.0,29.0,-14.0,-0.89,-0.58
3775,1,1,3,0,,0,,,,,,,,,,,,,,,
5646,17,1,3,23,610.0,4,6.8,,,,,,,,,1.43,10.0,12.0,-2.0,-0.3,-0.23
6286,13,1,3,35,2588.0,28,28.8,,,,,,,,,0.91,32.0,49.0,-17.0,-0.59,-0.16
14017,20,1,3,2,36.0,0,0.4,,,,,,,,,1.5,2.0,0.0,2.0,5.0,3.99
13979,16,1,3,29,2058.0,24,22.9,,,,,,,,,1.1,20.0,30.0,-10.0,-0.44,-0.5
7238,4,1,3,2,180.0,2,2.0,,,,,,,,,3.0,5.0,0.0,5.0,2.5,1.58
9547,14,1,3,26,2110.0,24,23.4,,,,,,,,,0.96,25.0,41.0,-16.0,-0.68,-0.61
10455,19,1,3,31,2175.0,23,24.2,,,,,,,,,1.55,36.0,36.0,0.0,0.0,-0.51
11408,26,1,3,17,916.0,8,10.2,,,,,,,,,2.24,28.0,16.0,12.0,1.18,0.89
12139,16,1,3,23,1278.0,15,14.2,,,,,,,,,1.48,13.0,13.0,0.0,0.0,0.38
6513,24,1,3,15,424.0,3,4.7,,,,,,,,,1.47,5.0,6.0,-1.0,-0.21,0.15
14575,14,1,3,30,2312.0,27,25.7,,,,,,,,,0.9,24.0,36.0,-12.0,-0.47,-0.06
13290,24,1,3,6,518.0,6,5.8,,,,,,,,,1.83,7.0,5.0,2.0,0.35,0.81
12690,24,1,3,24,1553.0,17,17.3,,,,,,,,,1.0,14.0,20.0,-6.0,-0.35,-0.01
13275,23,1,3,13,858.0,9,9.5,,,,,,,,,0.08,3.0,25.0,-22.0,-2.31,-0.83
260,4,1,3,1,12.0,0,0.1,,,,,,,,,0.0,0.0,0.0,0.0,0.0,-1.0
5488,1,1,3,5,237.0,2,2.6,,,,,,,,,1.2,4.0,6.0,-2.0,-0.76,-0.53
11825,18,1,3,24,1129.0,16,12.5,,,,,,,,,1.17,10.0,16.0,-6.0,-0.48,-0.56
8516,25,1,3,0,,0,,,,,,,,,,,,,,,
13886,3,1,3,10,645.0,7,7.2,,,,,,,,,1.6,9.0,5.0,4.0,0.56,-0.12
12091,24,1,3,30,2673.0,30,29.7,,,,,,,,,1.13,32.0,39.0,-7.0,-0.24,0.49
857,10,1,3,20,887.0,10,9.9,,,,,,,,,0.95,8.0,12.0,-4.0,-0.41,-0.37
6151,4,1,3,36,3240.0,36,36.0,,,,,,,,,1.94,63.0,30.0,33.0,0.92,-1.58
8519,24,1,3,2,175.0,2,1.9,,,,,,,,,0.5,3.0,3.0,0.0,0.0,0.36
921,22,1,3,2,43.0,0,0.5,,,,,,,,,0.0,0.0,0.0,0.0,0.0,0.29
13027,17,1,3,0,,0,,,,,,,,,,,,,,,
13390,26,1,3,1,8.0,0,0.1,,,,,,,,,1.0,0.0,0.0,0.0,0.0,-0.53
323,3,1,3,1,54.0,1,0.6,,,,,,,,,3.0,0.0,0.0,0.0,0.0,-0.67
10999,22,1,3,22,857.0,7,9.5,,,,,,,,,1.41,12.0,8.0,4.0,0.42,0.95
2146,9,1,3,17,1017.0,12,11.3,,,,,,,,,1.0,12.0,16.0,-4.0,-0.35,-0.09
8522,23,1,3,21,1890.0,21,21.0,,,,,,,,,0.57,12.0,45.0,-33.0,-1.57,0.25
765,5,1,3,0,,0,,,,,,,,,,,,,,,
2898,5,1,3,25,1212.0,13,13.5,,,,,,,,,2.28,40.0,10.0,30.0,2.23,0.88
318,17,1,3,37,2966.0,35,33.0,,,,,,,,,1.41,47.0,41.0,6.0,0.18,2.16
1245,19,1,3,5,353.0,4,3.9,,,,,,,,,1.4,8.0,6.0,2.0,0.51,0.36
3997,1,1,3,0,,0,,,,,,,,,,,,,,,
11505,24,1,3,0,,0,,,,,,,,,,,,,,,
1608,17,1,3,0,,0,,,,,,,,,,,,,,,
4811,11,1,3,9,257.0,1,2.9,,,,,,,,,0.56,2.0,3.0,-1.0,-0.35,0.08
3189,25,1,3,1,14.0,0,0.2,,,,,,,,,0.0,0.0,0.0,0.0,0.0,0.26
6515,1,1,3,6,487.0,5,5.4,,,,,,,,,0.83,5.0,7.0,-2.0,-0.37,-0.12
10083,22,1,3,35,2250.0,28,25.0,,,,,,,,,1.29,24.0,26.0,-2.0,-0.08,0.61
2404,25,1,3,0,,0,,,,,,,,,,,,,,,
2401,23,1,3,11,757.0,8,8.4,,,,,,,,,0.09,4.0,16.0,-12.0,-1.43,0.33
4445,9,1,3,0,,0,,,,,,,,,,,,,,,
6811,22,1,3,14,854.0,9,9.5,,,,,,,,,0.86,4.0,13.0,-9.0,-0.95,-0.88
666,3,1,3,5,321.0,3,3.6,,,,,,,,,1.0,4.0,6.0,-2.0,-0.56,-1.34
5744,18,1,3,35,2162.0,25,24.0,,,,,,,,,1.43,26.0,27.0,-1.0,-0.04,0.17
6625,1,1,3,0,,0,,,,,,,,,,,,,,,
346,3,1,3,23,1812.0,21,20.1,,,,,,,,,1.57,32.0,20.0,12.0,0.6,-0.13
2985,26,1,3,36,2273.0,26,25.3,,,,,,,,,1.89,54.0,36.0,18.0,0.71,0.56
5515,23,1,3,1,71.0,1,0.8,,,,,,,,,0.0,0.0,0.0,0.0,0.0,1.72
923,24,1,3,8,408.0,4,4.5,,,,,,,,,0.88,7.0,7.0,0.0,0.0,0.39
811,26,1,3,12,460.0,4,5.1,,,,,,,,,1.92,10.0,6.0,4.0,0.78,0.3
11480,5,1,3,37,2879.0,35,32.0,,,,,,,,,2.3,76.0,30.0,46.0,1.44,-1.39
233,24,1,3,31,2298.0,27,25.5,,,,,,,,,1.0,27.0,33.0,-6.0,-0.23,0.33
11514,13,1,3,1,16.0,0,0.2,,,,,,,,,1.0,0.0,0.0,0.0,0.0,0.56
1219,13,1,3,4,205.0,2,2.3,,,,,,,,,0.25,3.0,3.0,0.0,0.0,0.59
5700,5,1,3,16,1396.0,15,15.5,,,,,,,,,1.69,36.0,18.0,18.0,1.16,-0.84
12366,17,1,3,25,775.0,7,8.6,,,,,,,,,1.28,9.0,12.0,-3.0,-0.35,-0.31
10714,26,1,3,28,1500.0,15,16.7,,,,,,,,,2.11,30.0,23.0,7.0,0.42,-0.19
11531,24,1,3,26,1134.0,14,12.6,,,,,,,,,0.96,16.0,17.0,-1.0,-0.08,0.39
1705,26,1,3,30,1970.0,22,21.9,,,,,,,,,1.93,37.0,25.0,12.0,0.55,0.05
2288,10,1,3,27,1431.0,15,15.9,,,,,,,,,0.89,15.0,17.0,-2.0,-0.13,0.01
4699,25,1,3,26,570.0,4,6.3,,,,,,,,,1.54,5.0,9.0,-4.0,-0.63,-0.44
7763,23,1,3,19,1191.0,14,13.2,,,,,,,,,0.79,7.0,25.0,-18.0,-1.36,0.5
8611,23,1,3,30,2558.0,28,28.4,,,,,,,,,0.53,20.0,65.0,-45.0,-1.58,0.4
12268,19,1,3,28,2002.0,22,22.2,,,,,,,,,1.25,34.0,31.0,3.0,0.13,-0.12
13944,13,1,3,1,6.0,0,0.1,,,,,,,,,0.0,0.0,1.0,-1.0,-15.0,-14.47
11612,1,1,3,9,499.0,5,5.5,,,,,,,,,1.0,6.0,8.0,-2.0,-0.36,-0.11
7969,1,1,3,0,,0,,,,,,,,,,,,,,,
14447,26,1,3,34,1934.0,25,21.5,,,,,,,,,1.79,43.0,28.0,15.0,0.7,0.4
14306,19,1,3,0,,0,,,,,,,,,,,,,,,
5941,14,1,3,0,,0,,,,,,,,,,,,,,,
11698,11,1,3,27,779.0,6,8.7,,,,,,,,,0.93,10.0,10.0,0.0,0.0,0.55
1848,3,1,3,30,1715.0,21,19.1,,,,,,,,,1.8,22.0,14.0,8.0,0.42,-0.48
66,16,1,3,24,456.0,3,5.1,,,,,,,,,1.38,7.0,6.0,1.0,0.2,0.5
6263,9,1,3,35,2974.0,35,33.0,,,,,,,,,1.03,30.0,42.0,-12.0,-0.36,-0.56
14026,13,1,3,0,,0,,,,,,,,,,,,,,,
2906,14,1,3,29,1879.0,24,20.9,,,,,,,,,1.14,25.0,27.0,-2.0,-0.1,0.78
11754,24,1,3,0,,0,,,,,,,,,,,,,,,
1510,23,1,3,1,90.0,1,1.0,,,,,,,,,0.0,1.0,2.0,-1.0,-1.0,0.7
1403,16,1,3,36,3207.0,36,35.6,,,,,,,,,1.25,31.0,38.0,-7.0,-0.2,0.65
1871,13,1,3,19,478.0,2,5.3,,,,,,,,,0.84,7.0,8.0,-1.0,-0.19,0.42
12621,13,1,3,31,2034.0,25,22.6,,,,,,,,,0.94,26.0,34.0,-8.0,-0.35,0.49
5970,20,1,3,3,204.0,2,2.3,,,,,,,,,3.0,4.0,3.0,1.0,0.44,-0.65
11256,9,1,3,0,,0,,,,,,,,,,,,,,,
11849,5,1,3,36,2839.0,32,31.5,,,,,,,,,2.28,84.0,31.0,53.0,1.68,0.13
1157,18,1,3,35,3065.0,34,34.1,,,,,,,,,1.37,37.0,41.0,-4.0,-0.12,-0.12
11875,17,1,3,32,750.0,5,8.3,,,,,,,,,1.25,9.0,14.0,-5.0,-0.6,-0.63
51,1,1,3,8,385.0,4,4.3,,,,,,,,,1.25,6.0,7.0,-1.0,-0.23,0.03
485,3,1,3,0,,0,,,,,,,,,,,,,,,
674,22,1,3,36,3240.0,36,36.0,,,,,,,,,1.28,35.0,43.0,-8.0,-0.22,1.28
2993,26,1,3,1,10.0,0,0.1,,,,,,,,,3.0,0.0,1.0,-1.0,-9.0,-9.55
3465,10,1,3,33,2819.0,32,31.3,,,,,,,,,1.18,32.0,30.0,2.0,0.06,1.11
8613,1,1,3,1,23.0,0,0.3,,,,,,,,,0.0,0.0,1.0,-1.0,-3.91,-3.67
8614,25,1,3,36,2831.0,33,31.5,,,,,,,,,1.19,37.0,41.0,-4.0,-0.13,0.79
12228,4,1,3,16,516.0,4,5.7,,,,,,,,,2.13,13.0,5.0,8.0,1.4,0.47
443,10,1,3,5,69.0,0,0.8,,,,,,,,,0.6,2.0,0.0,2.0,2.61,2.8
10041,7,1,3,10,429.0,6,4.8,,,,,,,,,1.8,7.0,5.0,2.0,0.42,0.42
9192,20,1,3,0,,0,,,,,,,,,,,,,,,
5161,10,1,3,1,20.0,0,0.2,,,,,,,,,0.0,0.0,0.0,0.0,0.0,0.13
6696,11,1,3,0,,0,,,,,,,,,,,,,,,
8974,19,1,3,14,906.0,11,10.1,,,,,,,,,1.36,12.0,10.0,2.0,0.2,0.02
12200,19,1,3,3,118.0,1,1.3,,,,,,,,,0.67,0.0,2.0,-2.0,-1.53,-1.77
265,23,1,3,0,,0,,,,,,,,,,,,,,,
264,1,1,3,2,122.0,1,1.4,,,,,,,,,2.0,2.0,2.0,0.0,0.0,0.27
925,10,1,3,22,852.0,7,9.5,,,,,,,,,1.05,5.0,9.0,-4.0,-0.42,-0.39
11149,14,1,3,29,1330.0,12,14.8,,,,,,,,,0.97,15.0,21.0,-6.0,-0.41,0.07
1593,13,1,3,1,21.0,0,0.2,,,,,,,,,0.0,0.0,1.0,-1.0,-4.29,-3.76
2844,7,1,3,17,927.0,10,10.3,,,,,,,,,1.35,20.0,20.0,0.0,0.0,-0.07
2911,16,1,3,37,2162.0,26,24.0,,,,,,,,,1.3,21.0,31.0,-10.0,-0.42,-0.49
2995,5,1,3,1,37.0,1,0.4,,,,,,,,,3.0,0.0,1.0,-1.0,-2.43,-4.14
6104,18,1,3,6,140.0,1,1.6,,,,,,,,,1.33,4.0,2.0,2.0,1.29,1.45
6266,7,1,3,36,2514.0,26,27.9,,,,,,,,,1.53,44.0,40.0,4.0,0.14,0.34
6516,19,1,3,21,1111.0,15,12.3,,,,,,,,,1.71,20.0,14.0,6.0,0.49,0.45
7810,13,1,3,21,1758.0,21,19.5,,,,,,,,,1.1,22.0,29.0,-7.0,-0.36,0.4
12028,19,1,3,18,1274.0,15,14.2,,,,,,,,,1.83,21.0,16.0,5.0,0.35,0.27
12234,20,1,3,30,1928.0,22,21.4,,,,,,,,,2.2,42.0,17.0,25.0,1.17,0.26
8105,16,1,3,7,630.0,7,7.0,,,,,,,,,1.0,5.0,10.0,-5.0,-0.71,-0.59
10029,7,1,3,0,,0,,,,,,,,,,,,,,,
2340,9,1,3,34,2554.0,28,28.4,,,,,,,,,1.12,29.0,39.0,-10.0,-0.35,-0.25
3816,13,1,3,0,,0,,,,,,,,,,,,,,,
5747,24,1,3,31,2156.0,26,24.0,,,,,,,,,0.97,27.0,37.0,-10.0,-0.42,-0.2
8649,1,1,3,6,199.0,2,2.2,,,,,,,,,0.83,3.0,5.0,-2.0,-0.9,-0.68
11112,11,1,3,25,1356.0,17,15.1,,,,,,,,,1.2,18.0,27.0,-9.0,-0.6,-0.29
14107,19,1,3,22,1235.0,14,13.7,,,,,,,,,1.45,18.0,23.0,-5.0,-0.36,-0.86
13949,14,1,3,32,2595.0,28,28.8,,,,,,,,,0.75,23.0,45.0,-22.0,-0.76,-1.31
1409,20,1,3,29,2291.0,26,25.5,,,,,,,,,2.21,54.0,25.0,29.0,1.14,0.26
350,19,1,3,29,1313.0,13,14.6,,,,,,,,,1.66,24.0,20.0,4.0,0.27,0.15
115,11,1,3,23,1346.0,17,15.0,,,,,,,,,1.09,15.0,20.0,-5.0,-0.33,0.14
4447,11,1,3,1,18.0,0,0.2,,,,,,,,,3.0,0.0,0.0,0.0,0.0,0.42
5223,14,1,3,0,,0,,,,,,,,,,,,,,,
12879,13,1,3,0,,0,,,,,,,,,,,,,,,
5704,22,1,3,0,,0,,,,,,,,,,,,,,,
14537,19,1,3,22,1581.0,20,17.6,,,,,,,,,1.68,20.0,24.0,-4.0,-0.23,-0.77
11082,9,1,3,0,,0,,,,,,,,,,,,,,,
13858,25,1,3,16,825.0,9,9.2,,,,,,,,,1.69,13.0,13.0,0.0,0.0,0.35
13857,22,1,3,7,227.0,2,2.5,,,,,,,,,1.14,1.0,2.0,-1.0,-0.4,-0.11
6990,14,1,3,23,1690.0,19,18.8,,,,,,,,,1.22,14.0,19.0,-5.0,-0.27,0.36
6163,16,1,3,4,43.0,0,0.5,,,,,,,,,0.5,0.0,2.0,-2.0,-4.19,-4.0
7767,24,1,3,31,2238.0,25,24.9,,,,,,,,,1.1,27.0,40.0,-13.0,-0.52,-0.52
12490,9,1,3,0,,0,,,,,,,,,,,,,,,
398,24,1,3,22,1471.0,16,16.3,,,,,,,,,1.18,14.0,21.0,-7.0,-0.43,-0.15
2657,23,1,3,18,728.0,9,8.1,,,,,,,,,0.22,6.0,30.0,-24.0,-2.97,-1.63
10986,3,1,3,29,1620.0,19,18.0,,,,,,,,,1.93,37.0,15.0,22.0,1.22,1.07
1417,16,1,3,33,1395.0,12,15.5,,,,,,,,,1.39,16.0,14.0,2.0,0.13,0.62
5887,23,1,3,32,1404.0,11,15.6,,,,,,,,,0.41,12.0,39.0,-27.0,-1.73,-0.08
6271,23,1,3,25,2026.0,25,22.5,,,,,,,,,0.6,18.0,52.0,-34.0,-1.51,0.43
7250,24,1,3,32,1722.0,18,19.1,,,,,,,,,1.0,24.0,33.0,-9.0,-0.47,-0.26
8895,1,1,3,33,2634.0,30,29.3,,,,,,,,,1.15,27.0,37.0,-10.0,-0.34,-0.34
9264,3,1,3,16,754.0,7,8.4,,,,,,,,,1.81,13.0,7.0,6.0,0.72,0.07
14439,10,1,3,19,372.0,4,4.1,,,,,,,,,1.3,4.0,5.0,-1.0,-0.24,-0.12
504,1,1,3,9,594.0,7,6.6,,,,,,,,,1.11,9.0,8.0,1.0,0.15,0.5
12805,14,1,3,36,2957.0,33,32.9,,,,,,,,,1.03,34.0,48.0,-14.0,-0.43,0.16
6288,4,1,3,0,,0,,,,,,,,,,,,,,,
10721,3,1,3,4,112.0,1,1.2,,,,,,,,,2.0,0.0,2.0,-2.0,-1.61,-2.34
8265,9,1,3,0,,0,,,,,,,,,,,,,,,
5804,17,1,3,0,,0,,,,,,,,,,,,,,,
4260,13,1,3,24,1866.0,22,20.7,,,,,,,,,1.21,27.0,33.0,-6.0,-0.29,0.58
12391,19,1,3,15,1350.0,15,15.0,,,,,,,,,1.33,16.0,18.0,-2.0,-0.13,-0.52
5098,4,1,3,33,1926.0,26,21.4,,,,,,,,,2.09,44.0,18.0,26.0,1.21,0.49
13894,3,1,3,21,1890.0,21,21.0,,,,,,,,,1.81,28.0,14.0,14.0,0.67,0.02
2840,13,1,3,2,91.0,1,1.0,,,,,,,,,0.5,1.0,2.0,-1.0,-0.99,-0.45
6021,7,1,3,13,614.0,6,6.8,,,,,,,,,1.77,15.0,14.0,1.0,0.15,0.11
1420,1,1,3,32,2810.0,32,31.2,,,,,,,,,1.16,31.0,39.0,-8.0,-0.26,0.04
7419,9,1,3,5,209.0,3,2.3,,,,,,,,,1.0,4.0,2.0,2.0,0.86,1.23
689,10,1,3,19,1029.0,13,11.4,,,,,,,,,1.05,5.0,10.0,-5.0,-0.44,-0.44
1511,26,1,3,1,13.0,0,0.1,,,,,,,,,3.0,0.0,0.0,0.0,0.0,-0.53
6537,11,1,3,19,535.0,3,5.9,,,,,,,,,0.95,9.0,18.0,-9.0,-1.51,-1.3
5495,14,1,3,0,,0,,,,,,,,,,,,,,,
3207,10,1,3,38,3420.0,38,38.0,,,,,,,,,1.11,34.0,39.0,-5.0,-0.13,
7247,14,1,3,6,540.0,6,6.0,,,,,,,,,0.86,4.0,8.0,-4.0,-0.67,-0.26
5498,7,1,3,24,1254.0,15,13.9,,,,,,,,,1.17,21.0,20.0,1.0,0.07,0.03
3549,24,1,3,30,2062.0,24,22.9,,,,,,,,,1.0,22.0,28.0,-6.0,-0.26,0.2
4958,4,1,3,0,,0,,,,,,,,,,,,,,,
3492,17,1,3,0,,0,,,,,,,,,,,,,,,
2276,7,1,3,28,2270.0,26,25.2,,,,,,,,,1.39,33.0,35.0,-2.0,-0.08,-0.39
11121,22,1,3,23,944.0,9,10.5,,,,,,,,,1.22,9.0,15.0,-6.0,-0.57,-0.39
13207,1,1,3,16,699.0,6,7.8,,,,,,,,,1.19,10.0,13.0,-3.0,-0.39,-0.15
2762,11,1,3,32,1078.0,6,12.0,,,,,,,,,1.16,19.0,15.0,4.0,0.33,1.1
693,13,1,3,30,2460.0,30,27.3,,,,,,,,,0.93,28.0,45.0,-17.0,-0.62,-0.25
3325,26,1,3,21,608.0,7,6.8,,,,,,,,,1.57,12.0,13.0,-1.0,-0.15,-0.82
8654,22,1,3,29,1792.0,21,19.9,,,,,,,,,1.21,16.0,27.0,-11.0,-0.55,-0.55
13227,24,1,3,16,606.0,4,6.7,,,,,,,,,1.25,10.0,11.0,-1.0,-0.15,0.24
14251,7,1,3,32,1348.0,15,15.0,,,,,,,,,1.28,29.0,19.0,10.0,0.67,1.02
5179,1,1,3,0,,0,,,,,,,,,,,,,,,
8864,23,1,3,29,1583.0,17,17.6,,,,,,,,,0.45,14.0,47.0,-33.0,-1.88,-0.36
14278,5,1,3,15,1350.0,15,15.0,,,,,,,,,2.87,43.0,12.0,31.0,2.07,0.68
731,4,1,3,35,1566.0,15,17.4,,,,,,,,,2.06,40.0,13.0,27.0,1.55,1.02
12000,14,1,3,34,2424.0,28,26.9,,,,,,,,,1.03,32.0,47.0,-15.0,-0.56,-0.38
2418,25,1,3,34,3026.0,34,33.6,,,,,,,,,1.24,37.0,45.0,-8.0,-0.24,0.22
1650,20,1,3,32,2689.0,31,29.9,,,,,,,,,2.06,56.0,31.0,25.0,0.84,-1.01
928,9,1,3,28,1238.0,13,13.8,,,,,,,,,0.96,16.0,26.0,-10.0,-0.73,-0.69
9332,25,1,3,4,49.0,0,0.5,,,,,,,,,0.0,0.0,1.0,-1.0,-1.84,-1.6
10437,1,1,3,34,2922.0,33,32.5,,,,,,,,,1.03,30.0,40.0,-10.0,-0.31,-0.31
8981,5,1,3,8,674.0,8,7.5,,,,,,,,,2.63,23.0,9.0,14.0,1.87,0.26
11810,26,1,3,11,131.0,1,1.5,,,,,,,,,1.73,2.0,4.0,-2.0,-1.37,-1.98
11806,10,1,3,15,1219.0,15,13.5,,,,,,,,,1.2,15.0,15.0,0.0,0.0,0.2
11885,18,1,3,2,22.0,0,0.2,,,,,,,,,0.0,0.0,2.0,-2.0,-8.18,-8.13
11267,5,1,3,10,310.0,4,3.4,,,,,,,,,2.2,9.0,4.0,5.0,1.45,-0.23
3211,23,1,3,18,1387.0,15,15.4,,,,,,,,,0.61,11.0,37.0,-26.0,-1.69,0.0
4450,5,1,3,27,1106.0,12,12.3,,,,,,,,,2.33,35.0,21.0,14.0,1.14,-0.77
8542,17,1,3,35,2957.0,35,32.9,,,,,,,,,1.43,41.0,42.0,-1.0,-0.03,0.55
5269,22,1,3,11,700.0,9,7.8,,,,,,,,,1.09,8.0,7.0,1.0,0.13,0.53
11152,18,1,3,19,496.0,6,5.5,,,,,,,,,1.11,6.0,5.0,1.0,0.18,0.34
11689,9,1,3,0,,0,,,,,,,,,,,,,,,
14043,11,1,3,27,1913.0,23,21.3,,,,,,,,,1.0,20.0,34.0,-14.0,-0.66,-0.54
1852,22,1,3,21,942.0,11,10.5,,,,,,,,,1.05,8.0,13.0,-5.0,-0.48,-0.26
2552,10,1,3,33,2486.0,30,27.6,,,,,,,,,1.27,29.0,23.0,6.0,0.22,1.28
10415,9,1,3,2,31.0,0,0.3,,,,,,,,,0.0,0.0,0.0,0.0,0.0,0.29
6612,14,1,3,0,,0,,,,,,,,,,,,,,,
14029,20,1,3,0,,0,,,,,,,,,,,,,,,
11272,17,1,3,0,,0,,,,,,,,,,,,,,,
11157,18,1,3,34,1835.0,18,20.4,,,,,,,,,1.46,24.0,23.0,1.0,0.05,0.33
4954,25,1,3,8,148.0,1,1.6,,,,,,,,,1.0,0.0,4.0,-4.0,-2.43,-2.27
9340,16,1,3,31,2763.0,31,30.7,,,,,,,,,1.32,30.0,38.0,-8.0,-0.26,-0.12
697,5,1,3,0,,0,,,,,,,,,,,,,,,
6520,20,1,3,4,138.0,1,1.5,,,,,,,,,3.0,3.0,2.0,1.0,0.65,-0.42
4378,20,1,3,36,3032.0,34,33.7,,,,,,,,,2.25,69.0,31.0,38.0,1.13,0.66
12925,16,1,3,2,97.0,1,1.1,,,,,,,,,1.5,0.0,2.0,-2.0,-1.86,-1.67
5648,3,1,3,0,,0,,,,,,,,,,,,,,,
12373,24,1,3,11,671.0,9,7.5,,,,,,,,,1.0,11.0,9.0,2.0,0.27,0.76
7037,25,1,3,34,1742.0,18,19.4,,,,,,,,,1.24,19.0,31.0,-12.0,-0.62,-0.73
6523,25,1,3,19,919.0,10,10.2,,,,,,,,,1.05,10.0,16.0,-6.0,-0.59,-0.44
8550,20,1,3,32,2189.0,25,24.3,,,,,,,,,2.13,52.0,33.0,19.0,0.78,-0.75
491,9,1,3,27,1127.0,10,12.5,,,,,,,,,0.89,18.0,22.0,-4.0,-0.32,-0.04
1588,4,1,3,0,,0,,,,,,,,,,,,,,,
10087,3,1,3,25,988.0,10,11.0,,,,,,,,,1.88,19.0,8.0,11.0,1.0,0.48
2350,1,1,3,37,3092.0,35,34.4,,,,,,,,,1.14,34.0,39.0,-5.0,-0.15,1.23
11417,5,1,3,21,319.0,2,3.5,,,,,,,,,2.1,14.0,7.0,7.0,1.97,0.35
8977,7,1,3,0,,0,,,,,,,,,,,,,,,
10413,17,1,3,5,124.0,1,1.4,,,,,,,,,2.0,1.0,5.0,-4.0,-2.9,-2.9
4652,19,1,3,4,360.0,4,4.0,,,,,,,,,1.25,5.0,5.0,0.0,0.0,-0.21
12880,13,1,3,2,96.0,1,1.1,,,,,,,,,0.0,0.0,0.0,0.0,0.0,0.57
13747,11,1,3,0,,0,,,,,,,,,,,,,,,
1610,1,1,3,16,333.0,2,3.7,,,,,,,,,0.5,3.0,10.0,-7.0,-1.89,-1.8
5895,7,1,3,4,360.0,4,4.0,,,,,,,,,1.5,10.0,9.0,1.0,0.25,0.22
14088,13,1,3,29,1982.0,23,22.0,,,,,,,,,0.9,21.0,36.0,-15.0,-0.68,-0.31
3005,3,1,3,32,2608.0,28,29.0,,,,,,,,,1.88,47.0,22.0,25.0,0.86,0.86
12743,16,1,3,0,,0,,,,,,,,,,,,,,,
5707,3,1,3,35,2652.0,29,29.5,,,,,,,,,1.8,47.0,23.0,24.0,0.81,0.7
10645,3,1,3,29,1996.0,22,22.2,,,,,,,,,1.83,31.0,16.0,15.0,0.68,0.04
1679,4,1,3,14,852.0,9,9.5,,,,,,,,,2.07,17.0,8.0,9.0,0.95,-0.07
1282,11,1,3,0,,0,,,,,,,,,,,,,,,
1545,5,1,3,0,,0,,,,,,,,,,,,,,,
7966,5,1,3,35,2856.0,31,31.7,,,,,,,,,2.49,93.0,28.0,65.0,2.05,2.37
3006,20,1,3,1,2.0,0,0.0,,,,,,,,,3.0,0.0,0.0,0.0,0.0,-1.05
1969,10,1,3,22,1083.0,14,12.0,,,,,,,,,1.05,5.0,10.0,-5.0,-0.42,-0.42
1550,22,1,3,3,73.0,1,0.8,,,,,,,,,1.0,2.0,0.0,2.0,2.47,2.82
2189,17,1,3,27,1836.0,22,20.4,,,,,,,,,1.48,29.0,27.0,2.0,0.1,0.44
5618,22,1,3,28,2269.0,27,25.2,,,,,,,,,1.14,22.0,28.0,-6.0,-0.24,0.15
9345,22,1,3,36,2962.0,33,32.9,,,,,,,,,1.25,31.0,38.0,-7.0,-0.21,0.57
2129,38,2,1,36,2.372,28,26.4,,,,,,,,,0.86,35.0,59.0,-24.0,-0.91,-0.4
4909,49,2,1,1,1.0,0,0.0,,,,,,,,,3.0,1.0,0.0,1.0,90.0,89.84
13341,36,2,1,0,,0,,,,,,,,,,,,,,,
2469,47,2,1,28,1.992,23,22.1,,,,,,,,,0.71,18.0,41.0,-23.0,-1.04,-0.16
13804,38,2,1,24,2.156,24,24.0,,,,,,,,,0.96,28.0,36.0,-8.0,-0.33,1.23
13763,36,2,1,25,2.085,23,23.2,,,,,,,,,1.44,36.0,39.0,-3.0,-0.13,-0.47
13314,34,2,1,0,,0,,,,,,,,,,,,,,,
236,40,2,1,0,,0,,,,,,,,,,,,,,,
2918,29,2,1,0,,0,,,,,,,,,,,,,,,
10518,50,2,1,18,1.595,17,17.7,,,,,,,,,1.06,23.0,28.0,-5.0,-0.28,0.11
10447,34,2,1,8,94.0,0,1.0,,,,,,,,,0.38,0.0,2.0,-2.0,-1.91,-1.73
11909,51,2,1,21,1.076,9,12.0,,,,,,,,,1.0,8.0,18.0,-10.0,-0.84,-0.18
7912,30,2,1,9,763.0,9,8.5,,,,,,,,,1.11,7.0,14.0,-7.0,-0.83,-1.47
8904,42,2,1,29,2.287,24,25.4,,,,,,,,,2.52,63.0,23.0,40.0,1.57,-0.09
10459,42,2,1,26,1.873,22,20.8,,,,,,,,,2.23,53.0,15.0,38.0,1.83,0.49
8941,39,2,1,6,237.0,1,2.6,,,,,,,,,1.67,3.0,3.0,0.0,0.0,0.48
13383,40,2,1,18,1.254,14,13.9,,,,,,,,,1.72,22.0,23.0,-1.0,-0.07,-1.28
2297,47,2,1,18,1.029,13,11.4,,,,,,,,,0.72,15.0,25.0,-10.0,-0.87,0.14
7927,35,2,1,0,,0,,,,,,,,,,,,,,,
13775,40,2,1,37,2.923,34,32.5,,,,,,,,,1.78,70.0,44.0,26.0,0.8,0.44
843,40,2,1,37,3.33,37,37.0,,,,,,,,,1.78,71.0,43.0,28.0,0.76,0.76
855,35,2,1,0,,0,,,,,,,,,,,,,,,
3300,35,2,1,2,40.0,0,0.4,,,,,,,,,0.0,1.0,1.0,0.0,0.0,0.61
10011,44,2,1,34,2.491,29,27.7,,,,,,,,,1.74,42.0,22.0,20.0,0.72,-0.73
7284,42,2,1,31,1.465,13,16.3,,,,,,,,,2.42,37.0,16.0,21.0,1.29,-0.55
13193,31,2,1,0,,0,,,,,,,,,,,,,,,
2920,39,2,1,20,1.61,18,17.9,,,,,,,,,0.8,20.0,26.0,-6.0,-0.34,0.21
12542,47,2,1,1,4.0,0,0.0,,,,,,,,,1.0,0.0,0.0,0.0,0.0,0.97
4127,33,2,1,0,,0,,,,,,,,,,,,,,,
7085,50,2,1,0,,0,,,,,,,,,,,,,,,
6556,34,2,1,32,2.782,32,30.9,,,,,,,,,1.31,35.0,37.0,-2.0,-0.06,0.92
3852,44,2,1,22,410.0,3,4.6,,,,,,,,,1.82,8.0,7.0,1.0,0.22,-0.8
6014,29,2,1,30,1.257,11,14.0,,,,,,,,,0.97,9.0,29.0,-20.0,-1.43,-0.85
9971,50,2,1,33,1.829,21,20.3,,,,,,,,,1.09,23.0,30.0,-7.0,-0.34,-0.01
1432,43,2,1,25,1.802,23,20.0,,,,,,,,,1.88,29.0,21.0,8.0,0.4,0.01
2255,28,2,1,6,49.0,0,0.5,,,,,,,,,1.17,0.0,1.0,-1.0,-1.84,-2.0
872,50,2,1,5,309.0,2,3.4,,,,,,,,,0.8,5.0,7.0,-2.0,-0.58,-0.26
6632,47,2,1,21,1.224,13,13.6,,,,,,,,,0.57,13.0,24.0,-11.0,-0.81,0.26
142,47,2,1,30,1.335,14,14.8,,,,,,,,,0.8,17.0,24.0,-7.0,-0.47,0.82
13217,47,2,1,32,1.408,14,15.6,,,,,,,,,0.56,11.0,34.0,-23.0,-1.47,-0.84
7609,33,2,1,29,2.565,29,28.5,,,,,,,,,1.14,27.0,33.0,-6.0,-0.21,0.11
5325,44,2,1,0,,0,,,,,,,,,,,,,,,
5328,50,2,1,0,,0,,,,,,,,,,,,,,,
11645,33,2,1,15,554.0,5,6.2,,,,,,,,,1.07,3.0,8.0,-5.0,-0.81,-0.69
8573,28,2,1,3,77.0,1,0.9,,,,,,,,,1.67,1.0,0.0,1.0,1.17,1.06
12798,45,2,1,24,1.943,22,21.6,,,,,,,,,1.38,24.0,31.0,-7.0,-0.32,1.08
2100,49,2,1,0,,0,,,,,,,,,,,,,,,
13252,45,2,1,27,1.404,17,15.6,,,,,,,,,0.93,19.0,29.0,-10.0,-0.64,0.25
14404,31,2,1,3,67.0,1,0.7,,,,,,,,,2.0,2.0,2.0,0.0,0.0,-0.51
1060,45,2,1,13,316.0,1,3.5,,,,,,,,,0.69,5.0,10.0,-5.0,-1.42,-0.7
6911,34,2,1,38,2.714,31,30.2,,,,,,,,,1.18,32.0,41.0,-9.0,-0.3,-0.3
8697,38,2,1,29,2.054,22,22.8,,,,,,,,,0.79,27.0,48.0,-21.0,-0.92,-0.33
2409,33,2,1,25,1.527,16,17.0,,,,,,,,,1.12,17.0,21.0,-4.0,-0.24,0.0
8282,45,2,1,0,,0,,,,,,,,,,,,,,,
1930,33,2,1,11,905.0,10,10.1,,,,,,,,,1.55,11.0,9.0,2.0,0.2,0.59
8121,28,2,1,33,1.967,26,21.9,,,,,,,,,1.61,27.0,32.0,-5.0,-0.23,-0.85
13105,40,2,1,11,526.0,6,5.8,,,,,,,,,2.09,11.0,4.0,7.0,1.2,0.54
3589,47,2,1,2,26.0,0,0.3,,,,,,,,,0.5,0.0,0.0,0.0,0.0,0.98
7838,34,2,1,0,,0,,,,,,,,,,,,,,,
11351,38,2,1,28,1.515,18,16.8,,,,,,,,,0.82,23.0,31.0,-8.0,-0.48,0.56
9733,27,2,1,0,,0,,,,,,,,,,,,,,,
12896,30,2,1,23,618.0,4,6.9,,,,,,,,,1.35,12.0,6.0,6.0,0.87,0.68
5360,39,2,1,34,2.711,32,30.1,,,,,,,,,0.88,42.0,51.0,-9.0,-0.3,0.72
4888,47,2,1,32,2.88,32,32.0,,,,,,,,,0.75,27.0,56.0,-29.0,-0.91,0.43
8752,30,2,1,4,21.0,0,0.2,,,,,,,,,2.0,1.0,0.0,1.0,4.29,3.99
6144,28,2,1,3,100.0,1,1.1,,,,,,,,,1.33,0.0,1.0,-1.0,-0.9,-1.06
6145,47,2,1,20,1.672,20,18.6,,,,,,,,,0.55,16.0,39.0,-23.0,-1.24,-0.52
3626,43,2,1,7,167.0,2,1.9,,,,,,,,,1.71,3.0,3.0,0.0,0.0,-0.42
1613,35,2,1,1,90.0,1,1.0,,,,,,,,,3.0,1.0,0.0,1.0,1.0,1.65
1495,47,2,1,24,1.879,24,20.9,,,,,,,,,0.71,18.0,39.0,-21.0,-1.01,-0.07
12010,43,2,1,0,,0,,,,,,,,,,,,,,,
12453,50,2,1,35,2.069,22,23.0,,,,,,,,,0.89,25.0,31.0,-6.0,-0.26,0.21
12209,49,2,1,18,1.5,17,16.7,,,,,,,,,1.89,33.0,24.0,9.0,0.54,0.63
2927,51,2,1,2,180.0,2,2.0,,,,,,,,,0.5,1.0,3.0,-2.0,-1.0,-0.31
13995,39,2,1,12,892.0,11,9.9,,,,,,,,,0.92,14.0,21.0,-7.0,-0.71,-0.35
9110,33,2,1,0,,0,,,,,,,,,,,,,,,
11198,29,2,1,1,9.0,0,0.1,,,,,,,,,0.0,0.0,1.0,-1.0,-10.0,-9.13
5096,45,2,1,2,17.0,0,0.2,,,,,,,,,0.5,0.0,1.0,-1.0,-5.29,-4.53
11574,29,2,1,36,2.764,34,30.7,,,,,,,,,1.06,32.0,53.0,-21.0,-0.68,1.1
10463,43,2,1,0,,0,,,,,,,,,,,,,,,
14582,49,2,1,23,1.01,10,11.2,,,,,,,,,1.57,20.0,20.0,0.0,0.0,-0.26
7950,28,2,1,0,,0,,,,,,,,,,,,,,,
14257,51,2,1,0,,0,,,,,,,,,,,,,,,
14253,45,2,1,11,685.0,9,7.6,,,,,,,,,1.64,6.0,10.0,-4.0,-0.53,0.33
13228,44,2,1,36,3.127,35,34.7,,,,,,,,,1.94,64.0,30.0,34.0,0.98,0.67
6211,50,2,1,38,3.233,36,35.9,,,,,,,,,1.05,40.0,50.0,-10.0,-0.28,1.17
12525,39,2,1,0,,0,,,,,,,,,,,,,,,
6074,47,2,1,5,367.0,4,4.1,,,,,,,,,0.2,6.0,12.0,-6.0,-1.47,-0.56
1488,33,2,1,12,294.0,2,3.3,,,,,,,,,1.5,5.0,5.0,0.0,0.0,0.26
3134,29,2,1,6,173.0,2,1.9,,,,,,,,,0.0,0.0,4.0,-4.0,-2.08,-1.25
8189,39,2,1,1,23.0,0,0.3,,,,,,,,,0.0,0.0,1.0,-1.0,-3.91,-3.49
3911,28,2,1,38,2.412,27,26.8,,,,,,,,,1.61,40.0,34.0,6.0,0.22,0.31
5460,51,2,1,21,1.31,16,14.6,,,,,,,,,1.05,12.0,29.0,-17.0,-1.17,-0.74
4270,31,2,1,13,565.0,6,6.3,,,,,,,,,1.54,11.0,12.0,-1.0,-0.16,-0.79
2855,44,2,1,38,3.111,35,34.6,,,,,,,,,1.87,64.0,30.0,34.0,0.98,0.69
5909,43,2,1,0,,0,,,,,,,,,,,,,,,
5908,34,2,1,0,,0,,,,,,,,,,,,,,,
10467,27,2,1,0,,0,,,,,,,,,,,,,,,
14258,47,2,1,0,,0,,,,,,,,,,,,,,,
2203,45,2,1,1,7.0,0,0.1,,,,,,,,,3.0,0.0,0.0,0.0,0.0,0.79
10247,31,2,1,37,3.139,34,34.9,,,,,,,,,1.68,62.0,47.0,15.0,0.43,-0.85
13624,36,2,1,33,988.0,6,11.0,,,,,,,,,1.36,18.0,13.0,5.0,0.46,0.57
3654,47,2,1,13,946.0,9,10.5,,,,,,,,,0.69,8.0,15.0,-7.0,-0.67,0.43
3590,35,2,1,17,1.165,15,12.9,,,,,,,,,0.82,12.0,22.0,-10.0,-0.77,-0.25
2493,51,2,1,5,74.0,0,0.8,,,,,,,,,0.0,0.0,2.0,-2.0,-2.43,-1.76
6583,42,2,1,17,1.274,16,14.2,,,,,,,,,2.24,36.0,15.0,21.0,1.48,-0.19
13420,35,2,1,2,25.0,0,0.3,,,,,,,,,0.0,0.0,1.0,-1.0,-3.6,-3.02
12811,30,2,1,5,77.0,0,0.9,,,,,,,,,1.6,0.0,2.0,-2.0,-2.34,-2.71
3404,28,2,1,3,205.0,2,2.3,,,,,,,,,1.0,2.0,3.0,-1.0,-0.44,-0.61
12697,42,2,1,0,,0,,,,,,,,,,,,,,,
4240,40,2,1,13,347.0,4,3.9,,,,,,,,,1.69,9.0,3.0,6.0,1.56,0.91
2365,43,2,1,28,2.124,24,23.6,,,,,,,,,2.11,37.0,21.0,16.0,0.68,0.75
7438,50,2,1,0,,0,,,,,,,,,,,,,,,
9713,28,2,1,26,1.82,20,20.2,,,,,,,,,1.46,28.0,29.0,-1.0,-0.05,-0.39
13577,39,2,1,37,3.254,36,36.2,,,,,,,,,0.92,49.0,64.0,-15.0,-0.41,0.67
6899,51,2,1,18,1.261,14,14.0,,,,,,,,,1.0,8.0,20.0,-12.0,-0.86,-0.23
10510,36,2,1,4,12.0,1,0.1,,,,,,,,,1.5,0.0,0.0,0.0,0.0,-0.05
13780,33,2,1,25,1.608,18,17.9,,,,,,,,,1.2,20.0,24.0,-4.0,-0.22,0.02
2243,28,2,1,14,353.0,2,3.9,,,,,,,,,2.07,4.0,4.0,0.0,0.0,-0.15
8699,40,2,1,0,,0,,,,,,,,,,,,,,,
12901,42,2,1,1,28.0,0,0.3,,,,,,,,,0.0,0.0,1.0,-1.0,-3.21,-4.86
6434,38,2,1,0,,0,,,,,,,,,,,,,,,
1799,33,2,1,23,1.408,15,15.6,,,,,,,,,1.26,16.0,19.0,-3.0,-0.19,0.08
12401,29,2,1,32,1.834,22,20.4,,,,,,,,,1.09,19.0,36.0,-17.0,-0.83,0.13
2359,33,2,1,14,354.0,2,3.9,,,,,,,,,1.29,2.0,7.0,-5.0,-1.27,-1.15
2012,40,2,1,1,8.0,0,0.1,,,,,,,,,3.0,1.0,0.0,1.0,11.25,10.54
10511,34,2,1,22,1.64,19,18.2,,,,,,,,,0.77,13.0,23.0,-10.0,-0.55,-0.6
2730,51,2,1,0,,0,,,,,,,,,,,,,,,
2728,35,2,1,24,2.096,23,23.3,,,,,,,,,1.0,16.0,28.0,-12.0,-0.52,0.23
5911,45,2,1,11,497.0,4,5.5,,,,,,,,,1.36,3.0,11.0,-8.0,-1.45,-0.77
12712,35,2,1,23,1.656,20,18.4,,,,,,,,,0.91,15.0,25.0,-10.0,-0.54,0.12
10472,51,2,1,26,1.814,19,20.2,,,,,,,,,1.04,16.0,36.0,-20.0,-0.99,-0.6
8181,31,2,1,17,1.22,13,13.6,,,,,,,,,1.71,29.0,21.0,8.0,0.59,0.14
8190,29,2,1,28,1.72,18,19.1,,,,,,,,,0.89,18.0,39.0,-21.0,-1.1,-0.41
13184,45,2,1,12,957.0,11,10.6,,,,,,,,,0.83,7.0,21.0,-14.0,-1.32,-0.73
8224,38,2,1,18,1.426,16,15.8,,,,,,,,,0.56,20.0,32.0,-12.0,-0.76,0.06
9858,50,2,1,14,245.0,2,2.7,,,,,,,,,0.79,2.0,5.0,-3.0,-1.1,-0.82
3417,51,2,1,23,1.241,16,13.8,,,,,,,,,1.26,15.0,17.0,-2.0,-0.15,0.89
14113,50,2,1,27,2.136,24,23.7,,,,,,,,,1.0,27.0,35.0,-8.0,-0.34,0.01
11604,28,2,1,20,788.0,7,8.8,,,,,,,,,1.1,9.0,9.0,0.0,0.0,-0.17
2731,50,2,1,1,1.0,0,0.0,,,,,,,,,0.0,0.0,0.0,0.0,0.0,0.34
9643,30,2,1,0,,0,,,,,,,,,,,,,,,
957,27,2,1,0,,0,,,,,,,,,,,,,,,
9646,49,2,1,1,14.0,0,0.2,,,,,,,,,3.0,1.0,0.0,1.0,6.43,6.27
13791,30,2,1,0,,0,,,,,,,,,,,,,,,
6,50,2,1,28,2.235,24,24.8,,,,,,,,,1.11,26.0,32.0,-6.0,-0.24,0.29
8953,33,2,1,24,1.671,21,18.6,,,,,,,,,1.21,17.0,20.0,-3.0,-0.16,0.15
8702,51,2,1,0,,0,,,,,,,,,,,,,,,
9457,51,2,1,17,965.0,12,10.7,,,,,,,,,1.65,13.0,12.0,1.0,0.09,1.12
9927,29,2,1,0,,0,,,,,,,,,,,,,,,
11394,39,2,1,30,1.187,13,13.2,,,,,,,,,0.83,20.0,25.0,-5.0,-0.38,0.1
3502,43,2,1,26,2.154,24,23.9,,,,,,,,,1.77,32.0,34.0,-2.0,-0.08,-1.29
10092,30,2,1,26,988.0,9,11.0,,,,,,,,,1.5,19.0,14.0,5.0,0.46,0.2
1534,49,2,1,9,169.0,1,1.9,,,,,,,,,0.78,6.0,5.0,1.0,0.53,0.37
7505,44,2,1,0,,0,,,,,,,,,,,,,,,
7105,30,2,1,36,1.389,14,15.4,,,,,,,,,1.47,28.0,17.0,11.0,0.71,0.67
3149,33,2,1,3,70.0,1,0.8,,,,,,,,,0.33,1.0,1.0,0.0,0.0,0.24
1804,49,2,1,31,2.288,26,25.4,,,,,,,,,1.61,44.0,33.0,11.0,0.43,0.75
5364,40,2,1,0,,0,,,,,,,,,,,,,,,
13628,35,2,1,19,538.0,4,6.0,,,,,,,,,1.0,3.0,9.0,-6.0,-1.0,-0.47
2752,51,2,1,17,1.414,17,15.7,,,,,,,,,1.41,16.0,18.0,-2.0,-0.13,0.99
2751,50,2,1,8,720.0,8,8.0,,,,,,,,,0.88,9.0,13.0,-4.0,-0.5,-0.2
7647,42,2,1,32,2.417,28,26.9,,,,,,,,,2.31,69.0,23.0,46.0,1.71,0.37
2014,36,2,1,36,2.475,29,27.5,,,,,,,,,1.44,36.0,40.0,-4.0,-0.15,-0.72
8227,42,2,1,0,,0,,,,,,,,,,,,,,,
13020,29,2,1,6,110.0,0,1.2,,,,,,,,,0.17,0.0,2.0,-2.0,-1.64,-0.77
12795,40,2,1,0,,0,,,,,,,,,,,,,,,
8038,28,2,1,20,697.0,7,7.7,,,,,,,,,1.55,13.0,11.0,2.0,0.26,0.16
8041,51,2,1,4,214.0,2,2.4,,,,,,,,,0.5,1.0,3.0,-2.0,-0.84,-0.14
3972,45,2,1,19,720.0,6,8.0,,,,,,,,,0.26,7.0,17.0,-10.0,-1.25,-0.58
14207,29,2,1,0,,0,,,,,,,,,,,,,,,
5267,30,2,1,1,8.0,0,0.1,,,,,,,,,1.0,1.0,0.0,1.0,11.25,10.96
787,49,2,1,0,,0,,,,,,,,,,,,,,,
7748,39,2,1,31,2.306,28,25.6,,,,,,,,,1.0,38.0,40.0,-2.0,-0.08,1.13
5550,47,2,1,18,819.0,11,9.1,,,,,,,,,0.83,5.0,19.0,-14.0,-1.54,-0.74
12340,42,2,1,26,1.998,22,22.2,,,,,,,,,2.65,65.0,16.0,49.0,2.21,1.45
8583,40,2,1,17,996.0,11,11.1,,,,,,,,,1.94,28.0,11.0,17.0,1.54,1.13
9564,36,2,1,0,,0,,,,,,,,,,,,,,,
4072,49,2,1,33,2.818,31,31.3,,,,,,,,,1.73,62.0,52.0,10.0,0.32,0.77
8487,28,2,1,28,1.502,18,16.7,,,,,,,,,1.46,22.0,25.0,-3.0,-0.18,-0.56
5823,36,2,1,25,2.012,21,22.4,,,,,,,,,1.28,33.0,26.0,7.0,0.31,0.63
10338,47,2,1,16,710.0,7,7.9,,,,,,,,,0.63,7.0,14.0,-7.0,-0.89,0.11
9568,49,2,1,12,667.0,7,7.4,,,,,,,,,1.33,12.0,9.0,3.0,0.4,0.27
84,35,2,1,25,1.533,17,17.0,,,,,,,,,1.2,18.0,26.0,-8.0,-0.47,0.25
2474,34,2,1,34,2.769,34,30.8,,,,,,,,,1.24,36.0,41.0,-5.0,-0.16,0.39
4615,50,2,1,21,762.0,7,8.5,,,,,,,,,1.19,2.0,15.0,-13.0,-1.54,-1.54
7469,47,2,1,1,7.0,0,0.1,,,,,,,,,0.0,0.0,0.0,0.0,0.0,0.98
2699,38,2,1,1,69.0,1,0.8,,,,,,,,,0.0,1.0,3.0,-2.0,-2.61,-1.86
9301,43,2,1,0,,0,,,,,,,,,,,,,,,
9302,44,2,1,2,157.0,1,1.7,,,,,,,,,0.5,1.0,1.0,0.0,0.0,-0.97
12898,36,2,1,5,20.0,0,0.2,,,,,,,,,2.0,0.0,4.0,-4.0,-18.0,-18.16
11425,44,2,1,0,,0,,,,,,,,,,,,,,,
8197,31,2,1,36,3.239,36,36.0,,,,,,,,,1.69,70.0,50.0,20.0,0.56,1.05
5998,28,2,1,12,136.0,0,1.5,,,,,,,,,1.42,3.0,4.0,-1.0,-0.66,-0.83
8809,34,2,1,3,34.0,0,0.4,,,,,,,,,0.0,0.0,1.0,-1.0,-2.65,-2.43
3711,42,2,1,35,3.15,35,35.0,,,,,,,,,2.34,89.0,32.0,57.0,1.63,0.3
10968,34,2,1,35,1.803,20,20.0,,,,,,,,,1.2,23.0,25.0,-2.0,-0.1,0.29
12556,47,2,1,17,567.0,5,6.3,,,,,,,,,0.29,5.0,9.0,-4.0,-0.63,0.41
1298,43,2,1,16,426.0,5,4.7,,,,,,,,,2.13,8.0,2.0,6.0,1.27,1.0
5368,40,2,1,32,1.613,18,17.9,,,,,,,,,1.66,37.0,20.0,17.0,0.95,0.4
10192,27,2,1,5,113.0,1,1.3,,,,,,,,,3.0,2.0,2.0,0.0,0.0,-1.22
10194,47,2,1,33,2.168,27,24.1,,,,,,,,,0.73,23.0,45.0,-22.0,-0.91,0.16
3897,49,2,1,26,1.735,20,19.3,,,,,,,,,1.73,34.0,26.0,8.0,0.41,0.47
7341,31,2,1,20,806.0,7,9.0,,,,,,,,,1.75,21.0,12.0,9.0,1.0,0.66
2561,43,2,1,28,2.048,25,22.8,,,,,,,,,2.14,33.0,25.0,8.0,0.35,-0.11
11547,31,2,1,35,2.675,31,29.7,,,,,,,,,1.63,59.0,43.0,16.0,0.54,0.18
6901,39,2,1,13,1.051,12,11.7,,,,,,,,,0.62,17.0,28.0,-11.0,-0.94,-0.71
3685,34,2,1,38,2.636,30,29.3,,,,,,,,,1.18,38.0,35.0,3.0,0.1,1.48
13841,50,2,1,36,3.111,36,34.6,,,,,,,,,1.08,37.0,48.0,-11.0,-0.32,0.26
4234,40,2,1,36,2.671,31,29.7,,,,,,,,,1.78,59.0,34.0,25.0,0.84,0.48
14286,39,2,1,31,2.786,31,31.0,,,,,,,,,1.03,42.0,51.0,-9.0,-0.29,0.84
4383,45,2,1,16,1.418,15,15.8,,,,,,,,,0.81,20.0,32.0,-12.0,-0.76,0.05
6590,33,2,1,16,941.0,11,10.5,,,,,,,,,0.88,11.0,15.0,-4.0,-0.38,-0.2
4166,31,2,1,19,950.0,10,10.6,,,,,,,,,1.63,21.0,12.0,9.0,0.85,0.49
2160,43,2,1,37,3.316,37,36.8,,,,,,,,,2.03,57.0,39.0,18.0,0.49,3.08
4029,33,2,1,18,1.547,18,17.2,,,,,,,,,0.83,16.0,25.0,-9.0,-0.52,-0.52
12405,47,2,1,0,,0,,,,,,,,,,,,,,,
12130,40,2,1,25,1.213,13,13.5,,,,,,,,,1.64,28.0,17.0,11.0,0.82,0.12
7365,38,2,1,19,1.368,14,15.2,,,,,,,,,0.74,17.0,33.0,-16.0,-1.05,-0.44
11568,42,2,1,32,1.842,22,20.5,,,,,,,,,2.31,49.0,15.0,34.0,1.66,0.12
14179,39,2,1,2,180.0,2,2.0,,,,,,,,,0.5,4.0,6.0,-2.0,-1.0,-0.58
14175,33,2,1,15,1.183,12,13.1,,,,,,,,,1.0,13.0,18.0,-5.0,-0.38,-0.22
11225,50,2,1,32,1.503,17,16.7,,,,,,,,,1.09,17.0,28.0,-11.0,-0.66,-0.56
157,38,2,1,12,479.0,5,5.3,,,,,,,,,0.5,4.0,13.0,-9.0,-1.69,-1.05
4751,49,2,1,14,1.215,13,13.5,,,,,,,,,1.29,26.0,24.0,2.0,0.15,-0.06
13820,36,2,1,1,1.0,0,0.0,,,,,,,,,1.0,0.0,0.0,0.0,0.0,-0.05
10475,51,2,1,0,,0,,,,,,,,,,,,,,,
12406,44,2,1,8,313.0,3,3.5,,,,,,,,,1.63,3.0,3.0,0.0,0.0,-1.01
4755,43,2,1,35,1.249,12,13.9,,,,,,,,,1.97,24.0,22.0,2.0,0.14,-0.39
12408,29,2,1,12,533.0,5,5.9,,,,,,,,,1.0,11.0,11.0,0.0,0.0,1.06
11969,45,2,1,28,2.161,24,24.0,,,,,,,,,0.82,17.0,47.0,-30.0,-1.25,-1.25
8095,38,2,1,0,,0,,,,,,,,,,,,,,,
6076,31,2,1,0,,0,,,,,,,,,,,,,,,
2700,40,2,1,21,1.458,17,16.2,,,,,,,,,1.86,32.0,19.0,13.0,0.8,0.11
2734,33,2,1,35,1.621,18,18.0,,,,,,,,,1.23,15.0,22.0,-7.0,-0.39,-0.29
5573,35,2,1,33,2.577,32,28.6,,,,,,,,,1.0,25.0,45.0,-20.0,-0.7,-0.38
1809,40,2,1,2,26.0,0,0.3,,,,,,,,,1.5,0.0,1.0,-1.0,-3.46,-4.23
469,43,2,1,19,569.0,5,6.3,,,,,,,,,2.05,16.0,13.0,3.0,0.47,0.1
6081,43,2,1,0,,0,,,,,,,,,,,,,,,
6077,35,2,1,16,804.0,7,8.9,,,,,,,,,0.88,12.0,13.0,-1.0,-0.11,0.64
6356,35,2,1,0,,0,,,,,,,,,,,,,,,
3154,43,2,1,38,3.42,38,38.0,,,,,,,,,1.97,58.0,43.0,15.0,0.39,
6639,38,2,1,15,212.0,1,2.4,,,,,,,,,0.8,6.0,3.0,3.0,1.27,2.2
12516,30,2,1,15,139.0,0,1.5,,,,,,,,,1.53,3.0,5.0,-2.0,-1.29,-1.68
10267,51,2,1,2,180.0,2,2.0,,,,,,,,,0.5,1.0,2.0,-1.0,-0.5,0.22
10263,45,2,1,35,2.971,34,33.0,,,,,,,,,1.0,37.0,59.0,-22.0,-0.67,0.94
2181,49,2,1,4,148.0,2,1.6,,,,,,,,,1.5,5.0,1.0,4.0,2.43,2.35
792,33,2,1,0,,0,,,,,,,,,,,,,,,
9220,44,2,1,0,,0,,,,,,,,,,,,,,,
1999,33,2,1,0,,0,,,,,,,,,,,,,,,
1996,31,2,1,14,507.0,7,5.6,,,,,,,,,1.79,14.0,8.0,6.0,1.07,0.66
14193,38,2,1,24,1.354,14,15.0,,,,,,,,,0.75,17.0,28.0,-11.0,-0.73,0.1
1812,35,2,1,13,802.0,10,8.9,,,,,,,,,0.62,10.0,18.0,-8.0,-0.9,-0.38
9283,36,2,1,0,,0,,,,,,,,,,,,,,,
1066,35,2,1,0,,0,,,,,,,,,,,,,,,
2674,42,2,1,0,,0,,,,,,,,,,,,,,,
6595,51,2,1,11,653.0,7,7.3,,,,,,,,,1.18,10.0,18.0,-8.0,-1.1,-0.48
13766,51,2,1,17,984.0,10,10.9,,,,,,,,,1.41,10.0,14.0,-4.0,-0.37,0.48
6640,40,2,1,21,1.466,15,16.3,,,,,,,,,1.67,28.0,16.0,12.0,0.74,0.0
12856,42,2,1,12,349.0,2,3.9,,,,,,,,,2.58,5.0,6.0,-1.0,-0.26,-2.07
2456,30,2,1,0,,0,,,,,,,,,,,,,,,
11200,34,2,1,0,,0,,,,,,,,,,,,,,,
1303,44,2,1,16,487.0,4,5.4,,,,,,,,,1.63,7.0,5.0,2.0,0.37,-0.64
1302,35,2,1,16,1.095,12,12.2,,,,,,,,,0.88,10.0,13.0,-3.0,-0.25,0.53
6769,34,2,1,0,,0,,,,,,,,,,,,,,,
1443,38,2,1,0,,0,,,,,,,,,,,,,,,
3303,35,2,1,33,2.507,27,27.9,,,,,,,,,0.79,20.0,39.0,-19.0,-0.68,-0.29
5915,42,2,1,28,2.055,23,22.8,,,,,,,,,2.64,63.0,17.0,46.0,2.01,1.03
1817,29,2,1,0,,0,,,,,,,,,,,,,,,
12503,38,2,1,18,424.0,3,4.7,,,,,,,,,0.72,10.0,11.0,-1.0,-0.21,0.66
5371,51,2,1,0,,0,,,,,,,,,,,,,,,
11319,31,2,1,37,3.239,37,36.0,,,,,,,,,1.59,70.0,51.0,19.0,0.53,0.53
13994,34,2,1,27,2.43,27,27.0,,,,,,,,,1.11,23.0,34.0,-11.0,-0.41,-0.59
5126,51,2,1,13,707.0,8,7.9,,,,,,,,,0.77,4.0,12.0,-8.0,-1.02,-0.39
8958,34,2,1,37,3.329,37,37.0,,,,,,,,,1.22,40.0,46.0,-6.0,-0.16,2.8
2164,44,2,1,32,2.726,32,30.3,,,,,,,,,2.09,61.0,25.0,36.0,1.19,1.32
5673,42,2,1,31,2.353,27,26.1,,,,,,,,,2.39,70.0,20.0,50.0,1.91,0.98
3104,38,2,1,1,8.0,0,0.1,,,,,,,,,0.0,0.0,0.0,0.0,0.0,0.79
4105,42,2,1,35,2.769,33,30.8,,,,,,,,,2.37,84.0,26.0,58.0,1.89,1.47
8205,33,2,1,9,654.0,8,7.3,,,,,,,,,0.67,6.0,11.0,-5.0,-0.69,-0.56
11018,45,2,1,0,,0,,,,,,,,,,,,,,,
8704,36,2,1,3,13.0,0,0.1,,,,,,,,,2.0,0.0,1.0,-1.0,-6.92,-7.0
5921,38,2,1,36,2.708,34,30.1,,,,,,,,,0.86,35.0,55.0,-20.0,-0.66,0.6
7444,33,2,1,35,2.569,30,28.5,,,,,,,,,1.23,29.0,31.0,-2.0,-0.07,0.67
13631,43,2,1,0,,0,,,,,,,,,,,,,,,
6159,31,2,1,8,295.0,3,3.3,,,,,,,,,1.5,3.0,7.0,-4.0,-1.22,-1.88
5500,51,2,1,27,1.13,12,12.6,,,,,,,,,1.15,12.0,18.0,-6.0,-0.48,0.35
7919,50,2,1,0,,0,,,,,,,,,,,,,,,
3271,45,2,1,18,1.62,18,18.0,,,,,,,,,1.11,15.0,31.0,-16.0,-0.89,-0.19
6924,40,2,1,35,2.074,23,23.0,,,,,,,,,1.8,48.0,30.0,18.0,0.78,0.11
14164,45,2,1,4,271.0,3,3.0,,,,,,,,,1.25,2.0,5.0,-3.0,-1.0,-0.22
12065,30,2,1,37,3.238,37,36.0,,,,,,,,,1.51,53.0,46.0,7.0,0.19,-2.28
13054,49,2,1,36,2.888,33,32.1,,,,,,,,,1.58,57.0,55.0,2.0,0.06,-0.78
11,30,2,1,26,1.916,23,21.3,,,,,,,,,1.46,33.0,30.0,3.0,0.14,-0.4
6082,29,2,1,0,,0,,,,,,,,,,,,,,,
5926,31,2,1,1,2.0,0,0.0,,,,,,,,,0.0,0.0,0.0,0.0,0.0,-0.5
7087,51,2,1,6,175.0,1,1.9,,,,,,,,,1.17,1.0,5.0,-4.0,-2.06,-1.42
12095,27,2,1,14,566.0,6,6.3,,,,,,,,,2.36,17.0,13.0,4.0,0.64,-0.66
9396,35,2,1,8,507.0,5,5.6,,,,,,,,,0.5,4.0,9.0,-5.0,-0.89,-0.33
2231,33,2,1,0,,0,,,,,,,,,,,,,,,
14212,34,2,1,27,842.0,7,9.4,,,,,,,,,1.15,7.0,11.0,-4.0,-0.43,-0.25
1775,33,2,1,0,,0,,,,,,,,,,,,,,,
11088,33,2,1,1,23.0,0,0.3,,,,,,,,,0.0,0.0,0.0,0.0,0.0,0.24
11629,49,2,1,35,3.131,35,34.8,,,,,,,,,1.63,64.0,57.0,7.0,0.2,0.2
7572,39,2,1,28,1.127,11,12.5,,,,,,,,,0.68,17.0,23.0,-6.0,-0.48,-0.05
3061,28,2,1,18,824.0,8,9.2,,,,,,,,,1.33,9.0,13.0,-4.0,-0.44,-0.75
3062,50,2,1,17,775.0,7,8.6,,,,,,,,,1.24,11.0,12.0,-1.0,-0.12,0.29
14617,43,2,1,0,,0,,,,,,,,,,,,,,,
13518,28,2,1,0,,0,,,,,,,,,,,,,,,
707,44,2,1,22,1.522,17,16.9,,,,,,,,,1.68,28.0,20.0,8.0,0.47,-0.81
2951,39,2,1,12,1.08,12,12.0,,,,,,,,,0.83,14.0,22.0,-8.0,-0.67,-0.32
630,35,2,1,38,3.378,38,37.5,,,,,,,,,0.95,34.0,56.0,-22.0,-0.59,1.56
7514,27,2,1,0,,0,,,,,,,,,,,,,,,
3794,35,2,1,0,,0,,,,,,,,,,,,,,,
2953,36,2,1,20,621.0,5,6.9,,,,,,,,,0.95,9.0,16.0,-7.0,-1.01,-1.3
2954,38,2,1,4,198.0,2,2.2,,,,,,,,,1.25,5.0,2.0,3.0,1.36,2.29
11939,33,2,1,16,1.244,14,13.8,,,,,,,,,1.44,15.0,17.0,-2.0,-0.14,0.14
14083,30,2,1,35,2.208,24,24.5,,,,,,,,,1.63,34.0,28.0,6.0,0.24,-0.2
11694,30,2,1,12,724.0,9,8.0,,,,,,,,,1.33,17.0,14.0,3.0,0.37,0.07
9480,30,2,1,37,2.803,37,31.1,,,,,,,,,1.51,45.0,40.0,5.0,0.16,-0.86
4796,27,2,1,26,2.064,24,22.9,,,,,,,,,2.23,53.0,23.0,30.0,1.31,0.31
11898,51,2,1,15,846.0,8,9.4,,,,,,,,,0.8,7.0,18.0,-11.0,-1.17,-0.61
6710,44,2,1,32,2.661,30,29.6,,,,,,,,,1.78,50.0,26.0,24.0,0.81,-0.49
1823,50,2,1,17,866.0,9,9.6,,,,,,,,,1.24,8.0,13.0,-5.0,-0.52,-0.24
2133,45,2,1,38,2.934,33,32.6,,,,,,,,,1.0,30.0,54.0,-24.0,-0.74,0.37
12504,34,2,1,9,810.0,9,9.0,,,,,,,,,1.67,16.0,10.0,6.0,0.67,1.18
2807,40,2,1,18,1.035,12,11.5,,,,,,,,,1.94,23.0,15.0,8.0,0.7,-0.06
6995,33,2,1,18,1.279,15,14.2,,,,,,,,,1.61,15.0,12.0,3.0,0.21,0.72
6992,27,2,1,14,855.0,9,9.5,,,,,,,,,1.79,20.0,11.0,9.0,0.95,-0.32
9421,38,2,1,3,26.0,0,0.3,,,,,,,,,0.33,0.0,0.0,0.0,0.0,0.8
3506,40,2,1,22,1.131,12,12.6,,,,,,,,,1.95,24.0,19.0,5.0,0.4,-0.51
5272,29,2,1,7,427.0,5,4.7,,,,,,,,,1.0,3.0,8.0,-5.0,-1.05,-0.18
8966,43,2,1,0,,0,,,,,,,,,,,,,,,
6087,39,2,1,14,1.252,14,13.9,,,,,,,,,1.0,23.0,25.0,-2.0,-0.14,0.48
9484,30,2,1,18,1.103,11,12.3,,,,,,,,,1.83,17.0,15.0,2.0,0.16,-0.23
12666,51,2,1,1,45.0,1,0.5,,,,,,,,,3.0,1.0,0.0,1.0,2.0,2.75
2047,28,2,1,24,1.777,21,19.7,,,,,,,,,1.63,28.0,30.0,-2.0,-0.1,-0.48
5341,49,2,1,38,3.405,38,37.8,,,,,,,,,1.58,70.0,62.0,8.0,0.21,6.21
10385,33,2,1,7,518.0,6,5.8,,,,,,,,,1.14,5.0,7.0,-2.0,-0.35,-0.13
8350,44,2,1,0,,0,,,,,,,,,,,,,,,
9947,35,2,1,12,985.0,10,10.9,,,,,,,,,0.83,11.0,22.0,-11.0,-1.01,-0.56
10540,36,2,1,17,764.0,9,8.5,,,,,,,,,1.47,13.0,10.0,3.0,0.35,0.39
13413,50,2,1,27,2.23,25,24.8,,,,,,,,,1.15,26.0,34.0,-8.0,-0.32,0.06
10401,40,2,1,8,293.0,3,3.3,,,,,,,,,1.38,2.0,4.0,-2.0,-0.61,-1.48
2268,40,2,1,1,90.0,1,1.0,,,,,,,,,1.0,4.0,4.0,0.0,0.0,-0.76
8266,29,2,1,23,2.04,23,22.7,,,,,,,,,1.13,19.0,38.0,-19.0,-0.84,0.14
9751,51,2,1,37,3.307,37,36.7,,,,,,,,,1.08,30.0,56.0,-26.0,-0.71,0.09
6050,27,2,1,7,427.0,5,4.7,,,,,,,,,1.86,10.0,6.0,4.0,0.84,-0.39
7917,38,2,1,0,,0,,,,,,,,,,,,,,,
9444,38,2,1,14,280.0,0,3.1,,,,,,,,,0.79,5.0,4.0,1.0,0.32,1.21
1825,42,2,1,0,,0,,,,,,,,,,,,,,,
12168,38,2,1,36,3.175,36,35.3,,,,,,,,,0.86,46.0,74.0,-28.0,-0.79,-0.06
5553,40,2,1,18,1.552,17,17.2,,,,,,,,,1.72,34.0,22.0,12.0,0.7,-0.08
4198,28,2,1,38,3.322,37,36.9,,,,,,,,,1.61,49.0,45.0,4.0,0.11,-0.81
7456,33,2,1,23,1.8,20,20.0,,,,,,,,,1.26,20.0,22.0,-2.0,-0.1,0.29
2491,45,2,1,21,882.0,10,9.8,,,,,,,,,1.05,9.0,23.0,-14.0,-1.43,-0.86
9423,33,2,1,27,1.707,17,19.0,,,,,,,,,1.15,15.0,25.0,-10.0,-0.53,-0.58
9415,43,2,1,0,,0,,,,,,,,,,,,,,,
3935,44,2,1,1,1.0,0,0.0,,,,,,,,,1.0,0.0,0.0,0.0,0.0,-0.92
11863,38,2,1,26,1.96,21,21.8,,,,,,,,,0.88,29.0,53.0,-24.0,-1.1,-0.73
3289,49,2,1,30,2.067,23,23.0,,,,,,,,,1.6,42.0,41.0,1.0,0.04,-0.36
8028,36,2,1,3,135.0,2,1.5,,,,,,,,,0.33,0.0,4.0,-4.0,-2.67,-2.83
166,31,2,1,16,722.0,12,8.0,,,,,,,,,1.56,16.0,10.0,6.0,0.75,0.31
13300,31,2,1,20,453.0,3,5.0,,,,,,,,,1.6,6.0,7.0,-1.0,-0.2,-0.81
8915,50,2,1,10,252.0,2,2.8,,,,,,,,,0.7,2.0,5.0,-3.0,-1.07,-0.79
1698,42,2,1,12,993.0,11,11.0,,,,,,,,,2.33,21.0,10.0,11.0,1.0,-0.86
7231,47,2,1,5,152.0,2,1.7,,,,,,,,,0.6,1.0,2.0,-1.0,-0.59,0.4
6060,44,2,1,7,218.0,2,2.4,,,,,,,,,1.89,2.0,5.0,-3.0,-1.24,-2.31
12294,47,2,1,29,2.221,26,24.7,,,,,,,,,0.69,28.0,50.0,-22.0,-0.89,0.23
3388,51,2,1,1,23.0,0,0.3,,,,,,,,,0.0,0.0,1.0,-1.0,-3.91,-3.22
9178,51,2,1,19,1.299,17,14.4,,,,,,,,,1.42,14.0,28.0,-14.0,-0.97,-0.42
2687,49,2,1,26,2.019,24,22.4,,,,,,,,,1.54,45.0,35.0,10.0,0.45,0.64
1959,36,2,1,36,3.24,36,36.0,,,,,,,,,1.39,53.0,51.0,2.0,0.06,0.06
6386,29,2,1,37,3.252,37,36.1,,,,,,,,,1.05,34.0,67.0,-33.0,-0.91,-0.38
6063,44,2,1,2,11.0,0,0.1,,,,,,,,,2.0,0.0,1.0,-1.0,-8.18,-9.13
12069,42,2,1,14,903.0,10,10.0,,,,,,,,,2.29,18.0,8.0,10.0,1.0,-0.83
7553,30,2,1,10,321.0,3,3.6,,,,,,,,,1.5,10.0,4.0,6.0,1.68,1.51
14012,43,2,1,20,1.365,14,15.2,,,,,,,,,1.95,29.0,16.0,13.0,0.86,0.77
6493,45,2,1,17,923.0,12,10.3,,,,,,,,,0.71,8.0,17.0,-9.0,-0.88,-0.12
13958,47,2,1,2,28.0,0,0.3,,,,,,,,,0.5,0.0,0.0,0.0,0.0,0.98
3439,38,2,1,8,649.0,7,7.2,,,,,,,,,1.0,11.0,12.0,-1.0,-0.14,0.8
5482,49,2,1,25,2.205,25,24.5,,,,,,,,,1.68,44.0,39.0,5.0,0.2,0.06
11991,45,2,1,28,2.214,26,24.6,,,,,,,,,1.11,29.0,48.0,-19.0,-0.77,0.05
12355,33,2,1,25,1.536,19,17.1,,,,,,,,,1.36,22.0,23.0,-1.0,-0.06,0.32
1217,35,2,1,0,,0,,,,,,,,,,,,,,,
12717,44,2,1,33,2.518,28,28.0,,,,,,,,,1.91,48.0,18.0,30.0,1.07,0.57
6065,29,2,1,2,12.0,0,0.1,,,,,,,,,0.0,0.0,0.0,0.0,0.0,0.9
3643,28,2,1,37,2.927,33,32.5,,,,,,,,,1.57,46.0,33.0,13.0,0.4,1.86
12672,36,2,1,12,412.0,4,4.6,,,,,,,,,1.33,3.0,10.0,-7.0,-1.53,-1.8
8728,47,2,1,21,1.18,11,13.1,,,,,,,,,0.86,14.0,26.0,-12.0,-0.92,0.09
760,31,2,1,35,2.886,31,32.1,,,,,,,,,1.6,54.0,45.0,9.0,0.28,-1.4
6089,39,2,1,30,2.48,28,27.6,,,,,,,,,0.93,41.0,54.0,-13.0,-0.47,-0.09
10922,33,2,1,12,643.0,7,7.1,,,,,,,,,0.83,6.0,13.0,-7.0,-0.98,-0.91
4800,27,2,1,38,3.409,38,37.9,,,,,,,,,2.21,88.0,43.0,45.0,1.19,1.19
5345,43,2,1,16,767.0,8,8.5,,,,,,,,,2.5,15.0,7.0,8.0,0.94,0.7
12089,42,2,1,30,1.92,22,21.3,,,,,,,,,2.5,51.0,23.0,28.0,1.31,-0.67
7826,43,2,1,1,11.0,0,0.1,,,,,,,,,3.0,0.0,0.0,0.0,0.0,-0.4
324,47,2,1,22,1.407,13,15.6,,,,,,,,,0.64,16.0,31.0,-15.0,-0.96,0.02
13816,43,2,1,22,1.396,14,15.5,,,,,,,,,2.0,22.0,14.0,8.0,0.52,0.2
11104,45,2,1,27,1.55,20,17.2,,,,,,,,,1.19,22.0,24.0,-2.0,-0.12,1.23
6283,44,2,1,4,37.0,0,0.4,,,,,,,,,3.0,2.0,1.0,1.0,2.43,1.53
12770,47,2,1,22,555.0,4,6.2,,,,,,,,,0.73,6.0,10.0,-4.0,-0.65,0.39
14139,39,2,1,0,,0,,,,,,,,,,,,,,,
13049,31,2,1,33,2.715,31,30.2,,,,,,,,,1.67,58.0,40.0,18.0,0.6,0.47
3950,29,2,1,1,9.0,0,0.1,,,,,,,,,0.0,0.0,1.0,-1.0,-10.0,-9.13
9266,27,2,1,1,1.0,0,0.0,,,,,,,,,3.0,0.0,0.0,0.0,0.0,-1.18
4481,28,2,1,0,,0,,,,,,,,,,,,,,,
1323,43,2,1,21,978.0,11,10.9,,,,,,,,,2.19,16.0,8.0,8.0,0.74,0.48
4804,27,2,1,36,2.789,34,31.0,,,,,,,,,2.25,72.0,33.0,39.0,1.26,0.4
3952,28,2,1,36,3.139,36,34.9,,,,,,,,,1.61,47.0,38.0,9.0,0.26,1.54
8260,43,2,1,27,2.114,24,23.5,,,,,,,,,1.85,35.0,33.0,2.0,0.09,-0.81
11305,49,2,1,11,218.0,2,2.4,,,,,,,,,1.45,6.0,10.0,-4.0,-1.65,-1.96
6360,34,2,1,29,770.0,6,8.6,,,,,,,,,1.1,5.0,10.0,-5.0,-0.58,-0.45
6686,40,2,1,14,1.092,12,12.1,,,,,,,,,1.29,21.0,20.0,1.0,0.08,-0.96
10525,31,2,1,0,,0,,,,,,,,,,,,,,,
10526,35,2,1,27,1.118,11,12.4,,,,,,,,,1.0,12.0,19.0,-7.0,-0.56,0.06
7661,36,2,1,6,144.0,1,1.6,,,,,,,,,0.67,2.0,7.0,-5.0,-3.12,-3.32
8285,45,2,1,0,,0,,,,,,,,,,,,,,,
8709,42,2,1,0,,0,,,,,,,,,,,,,,,
2183,30,2,1,38,2.906,36,32.3,,,,,,,,,1.55,50.0,39.0,11.0,0.34,0.17
12720,35,2,1,0,,0,,,,,,,,,,,,,,,
6093,34,2,1,4,54.0,0,0.6,,,,,,,,,1.75,0.0,0.0,0.0,0.0,0.24
7533,39,2,1,0,,0,,,,,,,,,,,,,,,
647,47,2,1,6,540.0,6,6.0,,,,,,,,,0.17,9.0,17.0,-8.0,-1.33,-0.43
13647,31,2,1,0,,0,,,,,,,,,,,,,,,
6755,28,2,1,34,2.693,30,29.9,,,,,,,,,1.59,36.0,31.0,5.0,0.17,0.17
12701,45,2,1,20,1.571,19,17.5,,,,,,,,,0.85,14.0,32.0,-18.0,-1.03,-0.45
14186,38,2,1,19,1.437,16,16.0,,,,,,,,,0.68,20.0,35.0,-15.0,-0.94,-0.26
3668,35,2,1,36,2.498,28,27.8,,,,,,,,,0.97,26.0,46.0,-20.0,-0.72,-0.43
12703,43,2,1,24,1.16,10,12.9,,,,,,,,,2.0,17.0,20.0,-3.0,-0.23,-0.95
1829,30,2,1,37,3.269,37,36.3,,,,,,,,,1.59,56.0,40.0,16.0,0.44,2.82
1581,40,2,1,0,,0,,,,,,,,,,,,,,,
3754,33,2,1,10,855.0,9,9.5,,,,,,,,,1.1,11.0,14.0,-3.0,-0.32,-0.11
10442,39,2,1,19,757.0,7,8.4,,,,,,,,,1.42,12.0,13.0,-1.0,-0.12,0.42
2527,29,2,1,26,2.199,24,24.4,,,,,,,,,1.0,23.0,52.0,-29.0,-1.19,-0.82
5675,38,2,1,34,3.06,34,34.0,,,,,,,,,0.88,43.0,67.0,-24.0,-0.71,0.79
653,45,2,1,1,8.0,0,0.1,,,,,,,,,0.0,0.0,0.0,0.0,0.0,0.79
8211,44,2,1,1,15.0,0,0.2,,,,,,,,,1.0,0.0,0.0,0.0,0.0,-0.93
8644,34,2,1,18,512.0,5,5.7,,,,,,,,,1.44,5.0,7.0,-2.0,-0.35,-0.13
13096,35,2,1,0,,0,,,,,,,,,,,,,,,
6103,40,2,1,31,913.0,7,10.1,,,,,,,,,1.84,17.0,12.0,5.0,0.49,-0.33
14452,35,2,1,7,594.0,7,6.6,,,,,,,,,1.0,8.0,9.0,-1.0,-0.15,0.55
13832,28,2,1,35,3.15,35,35.0,,,,,,,,,1.74,50.0,40.0,10.0,0.29,1.95
13825,34,2,1,36,2.891,34,32.1,,,,,,,,,1.17,36.0,38.0,-2.0,-0.06,1.13
7484,31,2,1,33,2.318,24,25.8,,,,,,,,,1.67,48.0,35.0,13.0,0.5,0.01
496,36,2,1,24,2.008,23,22.3,,,,,,,,,1.5,33.0,29.0,4.0,0.18,0.31
3513,38,2,1,0,,0,,,,,,,,,,,,,,,
7737,29,2,1,27,1.279,12,14.2,,,,,,,,,0.85,11.0,33.0,-22.0,-1.55,-1.04
1178,31,2,1,1,12.0,0,0.1,,,,,,,,,3.0,0.0,1.0,-1.0,-7.5,-8.03
656,28,2,1,19,1.329,14,14.8,,,,,,,,,1.89,23.0,10.0,13.0,0.88,1.22
6549,47,2,1,0,,0,,,,,,,,,,,,,,,
14458,51,2,1,0,,0,,,,,,,,,,,,,,,
9399,33,2,1,24,1.648,20,18.3,,,,,,,,,1.29,18.0,21.0,-3.0,-0.16,0.14
8515,49,2,1,15,153.0,0,1.7,,,,,,,,,1.53,6.0,4.0,2.0,1.18,1.04
6601,51,2,1,31,1.78,20,19.8,,,,,,,,,1.16,12.0,28.0,-16.0,-0.81,-0.21
3522,50,2,1,3,38.0,0,0.4,,,,,,,,,1.0,0.0,0.0,0.0,0.0,0.35
10369,33,2,1,15,657.0,7,7.3,,,,,,,,,0.67,6.0,10.0,-4.0,-0.55,-0.39
12274,49,2,1,0,,0,,,,,,,,,,,,,,,
12221,36,2,1,0,,0,,,,,,,,,,,,,,,
5955,44,2,1,36,1.251,14,13.9,,,,,,,,,1.86,29.0,12.0,17.0,1.22,0.48
4005,31,2,1,6,213.0,2,2.4,,,,,,,,,2.17,5.0,4.0,1.0,0.42,-0.08
14079,35,2,1,34,2.655,30,29.5,,,,,,,,,0.91,28.0,46.0,-18.0,-0.61,-0.02
9348,28,2,1,0,,0,,,,,,,,,,,,,,,
7714,45,2,1,17,1.529,17,17.0,,,,,,,,,0.94,21.0,32.0,-11.0,-0.65,0.26
14191,39,2,1,27,1.679,19,18.7,,,,,,,,,0.7,25.0,39.0,-14.0,-0.75,-0.6
11955,27,2,1,11,212.0,0,2.4,,,,,,,,,2.09,10.0,3.0,7.0,2.97,1.91
10571,29,2,1,27,2.385,27,26.5,,,,,,,,,1.22,27.0,39.0,-12.0,-0.45,1.46
11500,51,2,1,18,964.0,13,10.7,,,,,,,,,1.06,7.0,15.0,-8.0,-0.75,-0.05
12363,51,2,1,35,3.019,33,33.5,,,,,,,,,1.0,26.0,48.0,-22.0,-0.66,0.47
10341,45,2,1,14,1.163,14,12.9,,,,,,,,,1.07,15.0,22.0,-7.0,-0.54,0.38
3696,27,2,1,30,1.089,9,12.1,,,,,,,,,2.07,26.0,16.0,10.0,0.83,-0.52
9468,51,2,1,34,2.467,30,27.4,,,,,,,,,1.14,21.0,41.0,-20.0,-0.73,-0.07
3121,40,2,1,29,1.695,19,18.8,,,,,,,,,1.9,35.0,22.0,13.0,0.69,-0.09
4137,27,2,1,1,1.0,0,0.0,,,,,,,,,3.0,0.0,0.0,0.0,0.0,-1.18
2596,30,2,1,22,1.763,21,19.6,,,,,,,,,1.5,31.0,23.0,8.0,0.41,0.19
8215,45,2,1,13,584.0,6,6.5,,,,,,,,,0.92,5.0,14.0,-9.0,-1.39,-0.72
13725,28,2,1,0,,0,,,,,,,,,,,,,,,
10960,31,2,1,2,25.0,0,0.3,,,,,,,,,0.0,0.0,3.0,-3.0,-10.8,-11.38
1259,50,2,1,16,1.237,13,13.7,,,,,,,,,1.13,15.0,20.0,-5.0,-0.36,-0.03
1503,50,2,1,0,,0,,,,,,,,,,,,,,,
9958,30,2,1,0,,0,,,,,,,,,,,,,,,
9962,34,2,1,37,2.749,31,30.5,,,,,,,,,1.22,35.0,38.0,-3.0,-0.1,0.71
12176,28,2,1,4,281.0,2,3.1,,,,,,,,,1.0,4.0,8.0,-4.0,-1.28,-1.54
947,35,2,1,33,2.488,29,27.6,,,,,,,,,1.03,22.0,37.0,-15.0,-0.54,0.23
7118,36,2,1,2,15.0,0,0.2,,,,,,,,,0.0,0.0,2.0,-2.0,-12.0,-12.11
11437,47,2,1,11,407.0,4,4.5,,,,,,,,,0.45,3.0,7.0,-4.0,-0.88,0.1
4737,30,2,1,21,848.0,8,9.4,,,,,,,,,1.71,12.0,11.0,1.0,0.11,-0.28
10150,47,2,1,1,7.0,0,0.1,,,,,,,,,0.0,0.0,0.0,0.0,0.0,0.98
13133,42,2,1,3,270.0,3,3.0,,,,,,,,,2.33,5.0,1.0,4.0,1.33,-0.3
2876,29,2,1,19,1.241,15,13.8,,,,,,,,,1.21,13.0,23.0,-10.0,-0.73,0.27
664,40,2,1,9,335.0,4,3.7,,,,,,,,,1.33,5.0,7.0,-2.0,-0.54,-1.41
3190,34,2,1,1,1.0,0,0.0,,,,,,,,,1.0,0.0,0.0,0.0,0.0,0.24
10630,42,2,1,0,,0,,,,,,,,,,,,,,,
6605,36,2,1,35,3.108,35,34.5,,,,,,,,,1.49,51.0,43.0,8.0,0.23,1.96
2711,42,2,1,14,370.0,2,4.1,,,,,,,,,2.64,3.0,4.0,-1.0,-0.24,-2.07
3904,50,2,1,22,1.32,16,14.7,,,,,,,,,1.18,15.0,28.0,-13.0,-0.89,-0.89
8523,50,2,1,28,2.151,27,23.9,,,,,,,,,1.11,32.0,39.0,-7.0,-0.29,0.13
13140,36,2,1,0,,0,,,,,,,,,,,,,,,
13465,27,2,1,33,2.483,28,27.6,,,,,,,,,2.27,69.0,28.0,41.0,1.49,1.1
10489,35,2,1,19,1.279,14,14.2,,,,,,,,,0.74,13.0,22.0,-9.0,-0.63,-0.04
13772,28,2,1,0,,0,,,,,,,,,,,,,,,
8221,47,2,1,0,,0,,,,,,,,,,,,,,,
1836,29,2,1,7,286.0,3,3.2,,,,,,,,,1.0,1.0,10.0,-9.0,-2.83,-2.11
4283,43,2,1,4,64.0,0,0.7,,,,,,,,,1.25,2.0,1.0,1.0,1.41,1.03
10716,27,2,1,0,,0,,,,,,,,,,,,,,,
1145,36,2,1,33,2.692,33,29.9,,,,,,,,,1.36,43.0,40.0,3.0,0.1,0.22
12026,39,2,1,10,454.0,5,5.0,,,,,,,,,0.7,3.0,11.0,-8.0,-1.59,-1.31
1707,39,2,1,8,382.0,3,4.2,,,,,,,,,0.75,4.0,5.0,-1.0,-0.24,0.24
5874,49,2,1,34,2.108,23,23.4,,,,,,,,,1.41,40.0,44.0,-4.0,-0.17,-0.93
13058,38,2,1,0,,0,,,,,,,,,,,,,,,
12269,47,2,1,29,1.835,22,20.4,,,,,,,,,0.59,15.0,35.0,-20.0,-0.98,-0.02
9853,42,2,1,1,19.0,0,0.2,,,,,,,,,3.0,0.0,1.0,-1.0,-4.74,-6.38
2261,31,2,1,1,6.0,0,0.1,,,,,,,,,0.0,0.0,2.0,-2.0,-30.0,-30.55
7458,42,2,1,12,300.0,2,3.3,,,,,,,,,2.58,1.0,3.0,-2.0,-0.6,-2.42
7786,34,2,1,0,,0,,,,,,,,,,,,,,,
10515,40,2,1,2,66.0,1,0.7,,,,,,,,,2.0,1.0,1.0,0.0,0.0,-0.75
6938,35,2,1,37,3.33,37,37.0,,,,,,,,,0.89,33.0,57.0,-24.0,-0.65,-1.65
4142,30,2,1,30,2.7,30,30.0,,,,,,,,,1.63,43.0,34.0,9.0,0.3,-0.07
2263,29,2,1,0,,0,,,,,,,,,,,,,,,
8711,34,2,1,0,,0,,,,,,,,,,,,,,,
2989,51,2,1,32,1.771,20,19.7,,,,,,,,,0.81,13.0,31.0,-18.0,-0.91,-0.42
4163,29,2,1,0,,0,,,,,,,,,,,,,,,
10597,44,2,1,37,3.261,37,36.2,,,,,,,,,1.89,67.0,32.0,35.0,0.97,0.97
11508,49,2,1,15,1.131,13,12.6,,,,,,,,,1.2,20.0,26.0,-6.0,-0.48,-0.99
3352,39,2,1,22,649.0,6,7.2,,,,,,,,,1.18,9.0,10.0,-1.0,-0.14,0.38
5745,35,2,1,1,33.0,0,0.4,,,,,,,,,0.0,1.0,0.0,1.0,2.73,3.37
2601,33,2,1,24,821.0,8,9.1,,,,,,,,,1.13,12.0,11.0,1.0,0.11,0.46
2250,40,2,1,0,,0,,,,,,,,,,,,,,,
22,27,2,1,38,3.42,38,38.0,,,,,,,,,2.21,88.0,43.0,45.0,1.18,
5961,28,2,1,35,2.636,31,29.3,,,,,,,,,1.63,40.0,33.0,7.0,0.24,0.47
3113,29,2,1,0,,0,,,,,,,,,,,,,,,
3115,50,2,1,0,,0,,,,,,,,,,,,,,,
9128,43,2,1,35,2.879,32,32.0,,,,,,,,,1.89,48.0,39.0,9.0,0.28,-0.72
3203,30,2,1,38,3.42,38,38.0,,,,,,,,,1.55,58.0,46.0,12.0,0.32,
13539,36,2,1,33,2.897,33,32.2,,,,,,,,,1.36,45.0,44.0,1.0,0.03,-0.14
10494,47,2,1,1,1.0,0,0.0,,,,,,,,,0.0,0.0,0.0,0.0,0.0,0.97
5330,36,2,1,37,2.866,35,31.8,,,,,,,,,1.41,48.0,43.0,5.0,0.16,0.64
12723,28,2,1,0,,0,,,,,,,,,,,,,,,
3279,50,2,1,37,3.273,36,36.4,,,,,,,,,1.08,42.0,50.0,-8.0,-0.22,2.84
2532,34,2,1,9,447.0,4,5.0,,,,,,,,,0.78,2.0,11.0,-9.0,-1.81,-1.81
12057,49,2,1,27,1.01,12,11.2,,,,,,,,,1.59,22.0,18.0,4.0,0.36,0.24
6029,34,2,1,6,64.0,0,0.7,,,,,,,,,1.83,0.0,0.0,0.0,0.0,0.24
9575,44,2,1,7,39.0,0,0.4,,,,,,,,,2.29,1.0,0.0,1.0,2.31,1.4
677,42,2,1,0,,0,,,,,,,,,,,,,,,
1183,40,2,1,34,2.583,29,28.7,,,,,,,,,1.82,58.0,34.0,24.0,0.84,0.41
1359,36,2,1,35,3.088,35,34.3,,,,,,,,,1.4,50.0,44.0,6.0,0.17,1.26
2460,36,2,1,0,,0,,,,,,,,,,,,,,,
6694,38,2,1,4,360.0,4,4.0,,,,,,,,,0.25,5.0,11.0,-6.0,-1.5,-0.79
8976,38,2,1,32,2.315,29,25.7,,,,,,,,,0.91,33.0,60.0,-27.0,-1.05,-0.81
9140,36,2,1,2,180.0,2,2.0,,,,,,,,,1.0,2.0,2.0,0.0,0.0,-0.06
7434,34,2,1,0,,0,,,,,,,,,,,,,,,
12201,42,2,1,36,2.911,34,32.3,,,,,,,,,2.39,83.0,26.0,57.0,1.76,1.06
12205,38,2,1,31,1.935,23,21.5,,,,,,,,,0.87,28.0,43.0,-15.0,-0.7,0.21
8760,30,2,1,20,1.108,12,12.3,,,,,,,,,2.1,20.0,12.0,8.0,0.65,0.49
2781,49,2,1,27,2.364,26,26.3,,,,,,,,,1.59,46.0,41.0,5.0,0.19,0.02
11113,47,2,1,1,74.0,1,0.8,,,,,,,,,0.0,1.0,4.0,-3.0,-3.65,-2.73
2794,43,2,1,10,525.0,4,5.8,,,,,,,,,1.9,6.0,8.0,-2.0,-0.34,-0.87
2723,51,2,1,1,1.0,0,0.0,,,,,,,,,0.0,0.0,0.0,0.0,0.0,0.71
12483,35,2,1,7,109.0,1,1.2,,,,,,,,,1.14,1.0,2.0,-1.0,-0.83,-0.23
6655,29,2,1,20,1.016,12,11.3,,,,,,,,,1.1,16.0,15.0,1.0,0.09,1.4
4927,38,2,1,11,273.0,1,3.0,,,,,,,,,0.45,3.0,9.0,-6.0,-1.98,-1.29
7063,51,2,1,36,3.24,36,36.0,,,,,,,,,1.11,30.0,55.0,-25.0,-0.69,0.31
8999,43,2,1,11,627.0,7,7.0,,,,,,,,,1.73,11.0,7.0,4.0,0.57,0.22
3596,29,2,1,0,,0,,,,,,,,,,,,,,,
859,44,2,1,25,1.12,12,12.4,,,,,,,,,1.76,19.0,14.0,5.0,0.4,-0.77
2198,27,2,1,38,3.181,37,35.3,,,,,,,,,2.21,79.0,42.0,37.0,1.05,-1.97
10205,40,2,1,38,3.29,37,36.6,,,,,,,,,1.76,74.0,45.0,29.0,0.79,1.49
14235,27,2,1,27,2.415,27,26.8,,,,,,,,,2.44,61.0,25.0,36.0,1.34,0.54
10227,47,2,1,22,1.973,21,21.9,,,,,,,,,0.73,20.0,41.0,-21.0,-0.96,0.04
399,27,2,1,6,198.0,2,2.2,,,,,,,,,2.5,3.0,3.0,0.0,0.0,-1.26
400,34,2,1,9,536.0,6,6.0,,,,,,,,,0.67,2.0,5.0,-3.0,-0.5,-0.32
5692,31,2,1,0,,0,,,,,,,,,,,,,,,
5774,35,2,1,0,,0,,,,,,,,,,,,,,,
3254,49,2,1,18,858.0,8,9.5,,,,,,,,,1.5,18.0,17.0,1.0,0.1,-0.11
12117,31,2,1,23,2.07,23,23.0,,,,,,,,,1.65,41.0,30.0,11.0,0.48,-0.06
6003,43,2,1,26,1.686,21,18.7,,,,,,,,,1.92,30.0,18.0,12.0,0.64,0.48
10273,28,2,1,2,11.0,0,0.1,,,,,,,,,3.0,0.0,1.0,-1.0,-8.18,-8.34
14326,49,2,1,0,,0,,,,,,,,,,,,,,,
3047,45,2,1,13,976.0,12,10.8,,,,,,,,,1.23,17.0,18.0,-1.0,-0.09,0.98
11262,51,2,1,13,765.0,9,8.5,,,,,,,,,1.38,11.0,9.0,2.0,0.24,1.22
9552,51,2,1,0,,0,,,,,,,,,,,,,,,
6464,31,2,1,9,176.0,1,2.0,,,,,,,,,2.33,9.0,2.0,7.0,3.58,3.25
2607,29,2,1,0,,0,,,,,,,,,,,,,,,
5014,50,2,1,16,926.0,11,10.3,,,,,,,,,0.88,9.0,12.0,-3.0,-0.29,0.07
5231,45,2,1,6,181.0,2,2.0,,,,,,,,,1.17,1.0,1.0,0.0,0.0,0.83
7677,30,2,1,18,732.0,7,8.1,,,,,,,,,1.72,11.0,7.0,4.0,0.49,0.22
4220,44,2,1,36,3.206,36,35.6,,,,,,,,,1.97,67.0,28.0,39.0,1.09,2.78
6398,34,2,1,34,2.531,30,28.1,,,,,,,,,1.18,33.0,38.0,-5.0,-0.18,0.23
7898,36,2,1,0,,0,,,,,,,,,,,,,,,
10548,51,2,1,36,2.632,31,29.2,,,,,,,,,1.06,25.0,42.0,-17.0,-0.58,0.56
1349,29,2,1,11,258.0,2,2.9,,,,,,,,,1.45,3.0,6.0,-3.0,-1.05,-0.16
9106,29,2,1,31,2.491,29,27.7,,,,,,,,,0.9,28.0,55.0,-27.0,-0.98,-0.3
12422,49,2,1,17,813.0,9,9.0,,,,,,,,,1.65,17.0,15.0,2.0,0.22,0.05
8714,43,2,1,31,2.552,30,28.4,,,,,,,,,1.74,43.0,35.0,8.0,0.28,-0.44
4920,45,2,1,0,,0,,,,,,,,,,,,,,,
6895,45,2,1,8,540.0,6,6.0,,,,,,,,,0.25,4.0,9.0,-5.0,-0.83,-0.05
6894,44,2,1,3,37.0,0,0.4,,,,,,,,,3.0,1.0,1.0,0.0,0.0,-0.93
12913,43,2,1,0,,0,,,,,,,,,,,,,,,
1955,42,2,1,34,2.205,24,24.5,,,,,,,,,2.35,61.0,24.0,37.0,1.51,-0.27
13391,33,2,1,27,2.352,26,26.1,,,,,,,,,1.19,27.0,32.0,-5.0,-0.19,0.15
3857,35,2,1,11,228.0,2,2.5,,,,,,,,,0.73,3.0,4.0,-1.0,-0.39,0.23
14045,28,2,1,0,,0,,,,,,,,,,,,,,,
8619,38,2,1,19,867.0,13,9.6,,,,,,,,,0.68,10.0,23.0,-13.0,-1.35,-0.75
11031,49,2,1,23,1.491,18,16.6,,,,,,,,,1.43,27.0,28.0,-1.0,-0.06,-0.43
183,29,2,1,37,2.943,34,32.7,,,,,,,,,1.05,34.0,59.0,-25.0,-0.76,0.93
6948,45,2,1,0,,0,,,,,,,,,,,,,,,
9648,27,2,1,0,,0,,,,,,,,,,,,,,,
3941,27,2,1,12,172.0,0,1.9,,,,,,,,,2.25,3.0,5.0,-2.0,-1.05,-2.35
687,39,2,1,0,,0,,,,,,,,,,,,,,,
2393,27,2,1,2,29.0,0,0.3,,,,,,,,,3.0,1.0,0.0,1.0,3.1,1.94
2395,36,2,1,6,198.0,2,2.2,,,,,,,,,0.5,1.0,3.0,-2.0,-0.91,-1.02
3599,29,2,1,33,2.86,32,31.8,,,,,,,,,1.15,35.0,52.0,-17.0,-0.53,2.2
8873,36,2,1,19,572.0,4,6.4,,,,,,,,,1.16,6.0,11.0,-5.0,-0.79,-1.01
13678,50,2,1,36,2.815,32,31.3,,,,,,,,,1.11,38.0,42.0,-4.0,-0.13,1.21
2060,39,2,1,26,1.629,20,18.1,,,,,,,,,1.0,19.0,30.0,-11.0,-0.61,-0.31
8245,27,2,1,0,,0,,,,,,,,,,,,,,,
5349,39,2,1,12,992.0,11,11.0,,,,,,,,,0.67,13.0,19.0,-6.0,-0.54,-0.14
2205,39,2,1,7,529.0,6,5.9,,,,,,,,,1.14,9.0,13.0,-4.0,-0.68,-0.28
3532,49,2,1,4,7.0,0,0.1,,,,,,,,,1.5,0.0,0.0,0.0,0.0,-0.18
5933,29,2,1,10,299.0,3,3.3,,,,,,,,,1.1,1.0,10.0,-9.0,-2.71,-1.99
7381,29,2,1,4,61.0,0,0.7,,,,,,,,,0.75,0.0,1.0,-1.0,-1.48,-0.59
6295,36,2,1,3,87.0,1,1.0,,,,,,,,,1.33,2.0,2.0,0.0,0.0,-0.05
6218,31,2,1,15,1.35,15,15.0,,,,,,,,,1.6,31.0,23.0,8.0,0.53,0.06
5935,47,2,1,2,46.0,0,0.5,,,,,,,,,0.5,0.0,2.0,-2.0,-3.91,-2.98
5934,29,2,1,15,1.173,13,13.0,,,,,,,,,1.4,16.0,22.0,-6.0,-0.46,0.66
11794,33,2,1,28,1.891,23,21.0,,,,,,,,,1.14,24.0,27.0,-3.0,-0.14,0.21
4521,30,2,1,0,,0,,,,,,,,,,,,,,,
6763,42,2,1,23,1.846,21,20.5,,,,,,,,,2.52,52.0,17.0,35.0,1.71,0.22
13468,30,2,1,0,,0,,,,,,,,,,,,,,,
11328,38,2,1,29,2.2,26,24.4,,,,,,,,,0.9,33.0,52.0,-19.0,-0.78,0.03
7462,47,2,1,18,966.0,10,10.7,,,,,,,,,0.56,11.0,20.0,-9.0,-0.84,0.19
2797,38,2,1,28,1.426,12,15.8,,,,,,,,,0.86,19.0,38.0,-19.0,-1.2,-0.7
12514,45,2,1,20,323.0,1,3.6,,,,,,,,,1.15,5.0,5.0,0.0,0.0,0.87
12927,28,2,1,0,,0,,,,,,,,,,,,,,,
6202,49,2,1,4,146.0,2,1.6,,,,,,,,,1.25,2.0,5.0,-3.0,-1.85,-2.12
9577,44,2,1,17,610.0,6,6.8,,,,,,,,,1.71,9.0,6.0,3.0,0.44,-0.58
6110,35,2,1,38,3.42,38,38.0,,,,,,,,,0.95,34.0,57.0,-23.0,-0.61,
9131,29,2,1,23,1.743,19,19.4,,,,,,,,,1.39,25.0,37.0,-12.0,-0.62,0.56
2831,45,2,1,0,,0,,,,,,,,,,,,,,,
8731,45,2,1,0,,0,,,,,,,,,,,,,,,
13343,39,2,1,13,734.0,9,8.2,,,,,,,,,0.85,13.0,15.0,-2.0,-0.25,0.26
7601,36,2,1,31,2.569,29,28.5,,,,,,,,,1.45,42.0,36.0,6.0,0.21,0.63
8718,39,2,1,17,1.073,11,11.9,,,,,,,,,0.88,14.0,20.0,-6.0,-0.5,-0.08
14507,39,2,1,31,2.344,27,26.0,,,,,,,,,0.97,35.0,49.0,-14.0,-0.54,-0.29
7740,27,2,1,27,795.0,6,8.8,,,,,,,,,2.56,16.0,10.0,6.0,0.68,-0.66
5351,45,2,1,19,940.0,9,10.4,,,,,,,,,1.0,7.0,17.0,-10.0,-0.96,-0.23
13264,27,2,1,21,663.0,6,7.4,,,,,,,,,2.38,16.0,11.0,5.0,0.68,-0.63
6114,34,2,1,6,338.0,3,3.8,,,,,,,,,0.67,2.0,8.0,-6.0,-1.6,-1.51
5891,30,2,1,33,2.951,33,32.8,,,,,,,,,1.39,47.0,42.0,5.0,0.15,-1.19
203,51,2,1,34,1.496,12,16.6,,,,,,,,,1.18,12.0,30.0,-18.0,-1.08,-0.66
1964,28,2,1,8,233.0,1,2.6,,,,,,,,,1.75,6.0,1.0,5.0,1.93,1.93
2051,51,2,1,10,411.0,4,4.6,,,,,,,,,0.5,4.0,9.0,-5.0,-1.09,-0.44
9229,29,2,1,12,1.035,11,11.5,,,,,,,,,0.5,10.0,32.0,-22.0,-1.91,-1.46
12424,30,2,1,0,,0,,,,,,,,,,,,,,,
7742,44,2,1,38,3.341,38,37.1,,,,,,,,,1.87,64.0,31.0,33.0,0.89,-1.39
8057,27,2,1,20,931.0,10,10.3,,,,,,,,,1.85,29.0,15.0,14.0,1.35,0.23
8061,31,2,1,16,1.315,16,14.6,,,,,,,,,1.5,23.0,23.0,0.0,0.0,-0.81
7881,40,2,1,20,771.0,9,8.6,,,,,,,,,1.65,14.0,11.0,3.0,0.35,-0.5
9581,27,2,1,0,,0,,,,,,,,,,,,,,,
3690,31,2,1,0,,0,,,,,,,,,,,,,,,
3337,31,2,1,22,628.0,6,7.0,,,,,,,,,1.41,14.0,9.0,5.0,0.72,0.27
5373,33,2,1,0,,0,,,,,,,,,,,,,,,
14337,47,2,1,1,45.0,1,0.5,,,,,,,,,0.0,1.0,2.0,-1.0,-2.0,-1.04
14072,40,2,1,32,2.835,32,31.5,,,,,,,,,1.91,68.0,36.0,32.0,1.02,1.63
11845,43,2,1,24,1.911,22,21.2,,,,,,,,,1.96,28.0,22.0,6.0,0.28,-0.25
6140,39,2,1,37,1.857,19,20.6,,,,,,,,,0.92,24.0,37.0,-13.0,-0.63,-0.4
6700,31,2,1,31,2.188,25,24.3,,,,,,,,,1.71,47.0,29.0,18.0,0.74,0.67
6198,39,2,1,0,,0,,,,,,,,,,,,,,,
4265,27,2,1,22,514.0,3,5.7,,,,,,,,,2.09,13.0,5.0,8.0,1.4,0.25
9542,29,2,1,12,458.0,5,5.1,,,,,,,,,1.25,5.0,10.0,-5.0,-0.98,-0.1
12378,35,2,1,2,26.0,0,0.3,,,,,,,,,0.5,0.0,0.0,0.0,0.0,0.61
2351,36,2,1,28,1.109,11,12.3,,,,,,,,,1.29,18.0,20.0,-2.0,-0.16,-0.32
10840,50,2,1,0,,0,,,,,,,,,,,,,,,
4146,33,2,1,0,,0,,,,,,,,,,,,,,,
13377,47,2,1,20,1.129,13,12.5,,,,,,,,,0.55,15.0,30.0,-15.0,-1.2,-0.33
7929,42,2,1,27,1.958,22,21.8,,,,,,,,,2.37,54.0,20.0,34.0,1.56,-0.1
7933,47,2,1,31,2.65,30,29.4,,,,,,,,,0.68,31.0,58.0,-27.0,-0.92,0.25
12007,27,2,1,0,,0,,,,,,,,,,,,,,,
31,43,2,1,19,1.435,16,15.9,,,,,,,,,2.21,28.0,10.0,18.0,1.13,1.26
3067,39,2,1,26,2.34,26,26.0,,,,,,,,,0.92,37.0,46.0,-9.0,-0.35,0.32
6707,34,2,1,28,2.256,24,25.1,,,,,,,,,1.36,34.0,35.0,-1.0,-0.04,0.58
6120,47,2,1,38,3.371,38,37.5,,,,,,,,,0.66,36.0,72.0,-36.0,-0.96,0.88
8222,35,2,1,0,,0,,,,,,,,,,,,,,,
11052,28,2,1,37,3.127,36,34.7,,,,,,,,,1.57,47.0,40.0,7.0,0.2,0.82
187,31,2,1,27,1.985,23,22.1,,,,,,,,,1.74,41.0,27.0,14.0,0.63,0.32
14290,43,2,1,17,797.0,10,8.9,,,,,,,,,1.65,11.0,11.0,0.0,0.0,-0.51
3069,31,2,1,31,1.854,21,20.6,,,,,,,,,1.68,36.0,28.0,8.0,0.39,-0.24
11946,35,2,1,0,,0,,,,,,,,,,,,,,,
9863,29,2,1,0,,0,,,,,,,,,,,,,,,
5938,34,2,1,0,,0,,,,,,,,,,,,,,,
1841,27,2,1,38,3.055,36,33.9,,,,,,,,,2.21,81.0,35.0,46.0,1.36,1.6
5374,49,2,1,1,5.0,0,0.1,,,,,,,,,3.0,0.0,0.0,0.0,0.0,-0.18
7096,34,2,1,2,180.0,2,2.0,,,,,,,,,0.0,1.0,5.0,-4.0,-2.0,-1.86
4921,36,2,1,0,,0,,,,,,,,,,,,,,,
2109,43,2,1,0,,0,,,,,,,,,,,,,,,
10531,45,2,1,31,1.882,20,20.9,,,,,,,,,0.94,18.0,41.0,-23.0,-1.1,-0.69
12015,40,2,1,0,,0,,,,,,,,,,,,,,,
14241,36,2,1,27,2.126,25,23.6,,,,,,,,,1.63,39.0,22.0,17.0,0.72,1.76
6672,44,2,1,35,2.558,31,28.4,,,,,,,,,1.97,56.0,26.0,30.0,1.06,0.53
2239,44,2,1,31,1.877,21,20.9,,,,,,,,,1.97,44.0,16.0,28.0,1.34,0.93
5354,36,2,1,29,1.1,13,12.2,,,,,,,,,1.31,21.0,15.0,6.0,0.49,0.65
7120,42,2,1,0,,0,,,,,,,,,,,,,,,
14470,30,2,1,38,1.606,16,17.8,,,,,,,,,1.55,30.0,17.0,13.0,0.73,0.78
9846,38,2,1,16,1.266,14,14.1,,,,,,,,,0.63,15.0,23.0,-8.0,-0.57,0.35
2540,44,2,1,18,446.0,4,5.0,,,,,,,,,1.94,8.0,3.0,5.0,1.01,0.1
2541,45,2,1,7,372.0,5,4.1,,,,,,,,,0.86,3.0,6.0,-3.0,-0.73,0.07
6676,39,2,1,0,,0,,,,,,,,,,,,,,,
6678,45,2,1,30,2.224,21,24.7,,,,,,,,,1.1,26.0,44.0,-18.0,-0.73,0.17
6124,28,2,1,0,,0,,,,,,,,,,,,,,,
5163,27,2,1,37,2.993,36,33.3,,,,,,,,,2.24,75.0,35.0,40.0,1.2,0.15
14431,30,2,1,0,,0,,,,,,,,,,,,,,,
12427,45,2,1,26,1.837,21,20.4,,,,,,,,,1.04,22.0,36.0,-14.0,-0.69,0.22
1603,28,2,1,29,2.036,23,22.6,,,,,,,,,1.69,27.0,28.0,-1.0,-0.04,-0.43
7430,28,2,1,0,,0,,,,,,,,,,,,,,,
5677,29,2,1,5,299.0,3,3.3,,,,,,,,,0.6,0.0,5.0,-5.0,-1.51,-0.67
14204,34,2,1,27,2.288,27,25.4,,,,,,,,,1.22,22.0,34.0,-12.0,-0.47,-0.71
3332,33,2,1,7,411.0,5,4.6,,,,,,,,,1.0,5.0,5.0,0.0,0.0,0.27
6955,29,2,1,19,1.454,17,16.2,,,,,,,,,0.95,14.0,31.0,-17.0,-1.05,-0.27
11001,27,2,1,27,2.118,26,23.5,,,,,,,,,2.26,53.0,28.0,25.0,1.06,-0.32
5254,33,2,1,18,661.0,6,7.3,,,,,,,,,0.78,6.0,7.0,-1.0,-0.14,0.12
7923,50,2,1,25,1.989,24,22.1,,,,,,,,,1.2,26.0,28.0,-2.0,-0.09,0.6
11047,28,2,1,0,,0,,,,,,,,,,,,,,,
9296,27,2,1,37,3.127,37,34.7,,,,,,,,,2.19,81.0,38.0,43.0,1.24,0.62
9739,29,2,2,20,1.237,13,13.7,,,,,,,,,0.8,12.0,35.0,-23.0,-1.67,-2.09
7127,33,2,2,1,6.0,0,0.1,,,,,,,,,3.0,0.0,0.0,0.0,0.0,-0.37
13801,29,2,2,3,121.0,1,1.3,,,,,,,,,2.0,4.0,3.0,1.0,0.74,1.13
13764,36,2,2,20,1.617,18,18.0,,,,,,,,,1.4,28.0,25.0,3.0,0.17,0.62
13315,34,2,2,0,,0,,,,,,,,,,,,,,,
3830,41,2,2,27,1.419,16,15.8,,,,,,,,,0.78,30.0,35.0,-5.0,-0.32,0.94
13915,30,2,2,0,,0,,,,,,,,,,,,,,,
12956,31,2,2,31,2.222,25,24.7,,,,,,,,,1.19,34.0,38.0,-4.0,-0.16,0.06
237,40,2,2,0,,0,,,,,,,,,,,,,,,
10519,50,2,2,21,1.857,21,20.6,,,,,,,,,1.19,26.0,44.0,-18.0,-0.87,-1.1
2099,45,2,2,1,5.0,0,0.1,,,,,,,,,0.0,0.0,0.0,0.0,0.0,0.47
10448,34,2,2,20,349.0,0,3.9,,,,,,,,,0.85,13.0,14.0,-1.0,-0.26,-0.26
1225,46,2,2,31,2.649,29,29.4,,,,,,,,,0.35,28.0,89.0,-61.0,-2.07,-1.14
10988,45,2,2,22,1.692,20,18.8,,,,,,,,,1.0,27.0,39.0,-12.0,-0.64,-0.33
11910,51,2,2,33,2.329,29,25.9,,,,,,,,,1.21,36.0,43.0,-7.0,-0.27,0.39
7913,30,2,2,28,1.832,21,20.4,,,,,,,,,1.14,28.0,33.0,-5.0,-0.25,-0.02
8905,42,2,2,30,2.511,28,27.9,,,,,,,,,2.4,72.0,23.0,49.0,1.76,0.47
10460,42,2,2,29,2.042,24,22.7,,,,,,,,,2.38,55.0,20.0,35.0,1.54,-0.22
13384,40,2,2,1,6.0,0,0.1,,,,,,,,,0.0,0.0,1.0,-1.0,-15.0,-16.21
13776,40,2,2,28,2.155,25,23.9,,,,,,,,,2.0,53.0,28.0,25.0,1.04,-0.38
844,40,2,2,28,2.52,28,28.0,,,,,,,,,2.0,60.0,30.0,30.0,1.07,-0.43
10012,44,2,2,33,1.937,23,21.5,,,,,,,,,1.52,39.0,40.0,-1.0,-0.05,-1.5
3755,50,2,2,31,2.377,28,26.4,,,,,,,,,1.48,39.0,45.0,-6.0,-0.23,0.46
7285,42,2,2,36,2.647,31,29.4,,,,,,,,,2.42,76.0,24.0,52.0,1.77,0.6
13194,31,2,2,0,,0,,,,,,,,,,,,,,,
5334,43,2,2,0,,0,,,,,,,,,,,,,,,
14608,32,2,2,34,1.953,27,21.7,,,,,,,,,0.62,20.0,41.0,-21.0,-0.97,0.01
6910,46,2,2,0,,0,,,,,,,,,,,,,,,
13042,43,2,2,21,938.0,10,10.4,,,,,,,,,1.71,8.0,15.0,-7.0,-0.67,-0.89
7086,50,2,2,0,,0,,,,,,,,,,,,,,,
6557,34,2,2,38,3.415,38,37.9,,,,,,,,,1.29,57.0,58.0,-1.0,-0.03,-0.03
3853,44,2,2,21,1.027,10,11.4,,,,,,,,,1.86,30.0,14.0,16.0,1.4,1.14
14048,30,2,2,0,,0,,,,,,,,,,,,,,,
6015,29,2,2,3,152.0,2,1.7,,,,,,,,,0.33,1.0,5.0,-4.0,-2.37,-2.12
9972,50,2,2,26,1.695,21,18.8,,,,,,,,,1.27,32.0,34.0,-2.0,-0.11,0.52
1433,43,2,2,29,1.324,15,14.7,,,,,,,,,1.41,20.0,26.0,-6.0,-0.41,-0.62
11006,46,2,2,12,943.0,11,10.5,,,,,,,,,0.25,13.0,28.0,-15.0,-1.43,0.53
2257,46,2,2,29,1.832,21,20.4,,,,,,,,,0.48,22.0,50.0,-28.0,-1.38,0.95
2256,28,2,2,1,6.0,0,0.1,,,,,,,,,3.0,0.0,0.0,0.0,0.0,-0.4
873,50,2,2,31,2.699,31,30.0,,,,,,,,,1.35,49.0,53.0,-4.0,-0.13,1.11
1878,30,2,2,0,,0,,,,,,,,,,,,,,,
8298,32,2,2,15,1.234,15,13.7,,,,,,,,,0.73,14.0,30.0,-16.0,-1.17,-0.3
1979,31,2,2,0,,0,,,,,,,,,,,,,,,
12799,45,2,2,12,833.0,10,9.3,,,,,,,,,1.0,9.0,15.0,-6.0,-0.65,-0.23
2101,49,2,2,0,,0,,,,,,,,,,,,,,,
13253,45,2,2,20,1.042,12,11.6,,,,,,,,,1.05,17.0,21.0,-4.0,-0.35,0.18
6912,34,2,2,35,2.543,30,28.3,,,,,,,,,1.29,33.0,37.0,-4.0,-0.14,-0.45
1931,33,2,2,18,1.338,15,14.9,,,,,,,,,1.67,31.0,30.0,1.0,0.07,-0.49
8122,28,2,2,35,2.068,22,23.0,,,,,,,,,1.77,53.0,32.0,21.0,0.91,1.31
13106,40,2,2,1,26.0,0,0.3,,,,,,,,,3.0,0.0,2.0,-2.0,-6.92,-8.17
3849,30,2,2,0,,0,,,,,,,,,,,,,,,
4912,46,2,2,13,969.0,11,10.8,,,,,,,,,0.54,11.0,21.0,-10.0,-0.93,1.24
2307,31,2,2,27,1.325,15,14.7,,,,,,,,,1.07,14.0,28.0,-14.0,-0.95,-1.25
4616,36,2,2,6,71.0,0,0.8,,,,,,,,,2.0,2.0,1.0,1.0,1.27,1.46
9734,27,2,2,0,,0,,,,,,,,,,,,,,,
12897,30,2,2,10,229.0,2,2.5,,,,,,,,,1.0,3.0,5.0,-2.0,-0.79,-0.59
13925,31,2,2,6,307.0,3,3.4,,,,,,,,,0.5,1.0,9.0,-8.0,-2.35,-2.37
12319,41,2,2,32,2.618,30,29.1,,,,,,,,,0.69,43.0,66.0,-23.0,-0.79,0.33
5361,44,2,2,21,802.0,7,8.9,,,,,,,,,1.76,24.0,10.0,14.0,1.57,1.26
13799,51,2,2,0,,0,,,,,,,,,,,,,,,
8382,31,2,2,0,,0,,,,,,,,,,,,,,,
2521,46,2,2,8,321.0,3,3.6,,,,,,,,,0.13,2.0,6.0,-4.0,-1.12,0.77
2247,36,2,2,29,2.303,25,25.6,,,,,,,,,1.31,44.0,42.0,2.0,0.08,0.72
881,43,2,2,0,,0,,,,,,,,,,,,,,,
3695,33,2,2,0,,0,,,,,,,,,,,,,,,
11197,40,2,2,1,8.0,0,0.1,,,,,,,,,3.0,1.0,0.0,1.0,11.25,10.09
3627,43,2,2,1,3.0,0,0.0,,,,,,,,,0.0,0.0,0.0,0.0,0.0,0.03
956,41,2,2,21,1.72,21,19.1,,,,,,,,,0.86,30.0,41.0,-11.0,-0.58,0.59
6364,51,2,2,22,958.0,10,10.6,,,,,,,,,1.23,7.0,23.0,-16.0,-1.5,-1.54
1267,46,2,2,15,419.0,4,4.7,,,,,,,,,0.33,2.0,14.0,-12.0,-2.58,-0.87
12011,43,2,2,0,,0,,,,,,,,,,,,,,,
12454,50,2,2,13,620.0,5,6.9,,,,,,,,,1.62,12.0,8.0,4.0,0.58,1.16
12210,49,2,2,23,1.005,13,11.2,,,,,,,,,1.43,17.0,25.0,-8.0,-0.72,-1.5
2928,51,2,2,5,383.0,3,4.3,,,,,,,,,0.6,3.0,7.0,-4.0,-0.94,-0.61
6733,32,2,2,26,1.192,12,13.2,,,,,,,,,0.5,20.0,25.0,-5.0,-0.38,0.92
12610,32,2,2,37,3.005,34,33.4,,,,,,,,,0.62,36.0,69.0,-33.0,-0.99,-0.12
8471,33,2,2,0,,0,,,,,,,,,,,,,,,
8698,41,2,2,17,323.0,2,3.6,,,,,,,,,0.59,8.0,8.0,0.0,0.0,0.96
1971,35,2,2,30,951.0,9,10.6,,,,,,,,,1.2,16.0,20.0,-4.0,-0.38,-0.12
9111,33,2,2,0,,0,0.0,,,,,,,,,0.0,1.0,2.0,-1.0,,
6915,32,2,2,15,1.234,15,13.7,,,,,,,,,0.73,14.0,23.0,-9.0,-0.66,0.5
11575,29,2,2,29,1.398,13,15.5,,,,,,,,,1.24,18.0,36.0,-18.0,-1.16,-1.38
14583,49,2,2,28,2.068,26,23.0,,,,,,,,,1.75,44.0,35.0,9.0,0.39,0.13
1994,46,2,2,0,,0,,,,,,,,,,,,,,,
1867,31,2,2,5,40.0,0,0.4,,,,,,,,,1.0,1.0,1.0,0.0,0.0,0.19
11125,42,2,2,14,302.0,2,3.4,,,,,,,,,2.57,12.0,4.0,8.0,2.38,0.83
6303,46,2,2,34,2.788,32,31.0,,,,,,,,,0.44,29.0,79.0,-50.0,-1.61,1.09
14254,45,2,2,20,1.438,18,16.0,,,,,,,,,1.0,17.0,23.0,-6.0,-0.38,0.17
13229,44,2,2,17,1.377,15,15.3,,,,,,,,,1.35,37.0,29.0,8.0,0.52,-0.14
6212,50,2,2,34,3.019,34,33.5,,,,,,,,,1.44,53.0,63.0,-10.0,-0.3,0.6
2724,40,2,2,11,753.0,10,8.4,,,,,,,,,2.36,18.0,7.0,11.0,1.31,0.17
6208,35,2,2,35,3.116,35,34.6,,,,,,,,,1.29,38.0,44.0,-6.0,-0.17,1.31
1796,46,2,2,14,1.105,14,12.3,,,,,,,,,0.29,16.0,37.0,-21.0,-1.71,0.16
12009,46,2,2,13,346.0,3,3.8,,,,,,,,,0.54,0.0,8.0,-8.0,-2.08,-0.29
4130,30,2,2,0,,0,,,,,,,,,,,,,,,
1489,33,2,2,13,454.0,6,5.0,,,,,,,,,1.69,8.0,5.0,3.0,0.59,0.26
1491,36,2,2,8,88.0,0,1.0,,,,,,,,,1.38,2.0,4.0,-2.0,-2.05,-1.94
7129,33,2,2,0,,0,,,,,,,,,,,,,,,
1063,46,2,2,20,938.0,12,10.4,,,,,,,,,0.25,5.0,29.0,-24.0,-2.3,-0.67
3135,29,2,2,13,282.0,2,3.1,,,,,,,,,0.92,5.0,7.0,-2.0,-0.64,-0.32
5946,41,2,2,19,1.019,12,11.3,,,,,,,,,0.84,16.0,26.0,-10.0,-0.88,-0.02
7102,32,2,2,33,2.252,23,25.0,,,,,,,,,0.67,27.0,52.0,-25.0,-1.0,-0.07
5947,32,2,2,32,1.249,16,13.9,,,,,,,,,0.69,15.0,24.0,-9.0,-0.65,0.51
5461,51,2,2,22,741.0,7,8.2,,,,,,,,,1.14,7.0,16.0,-9.0,-1.09,-0.89
12640,51,2,2,12,822.0,9,9.1,,,,,,,,,0.92,12.0,18.0,-6.0,-0.66,-0.35
4271,31,2,2,27,1.364,17,15.2,,,,,,,,,1.19,19.0,20.0,-1.0,-0.07,0.2
11938,41,2,2,22,1.66,20,18.4,,,,,,,,,0.68,24.0,37.0,-13.0,-0.7,0.32
2856,44,2,2,33,2.726,32,30.3,,,,,,,,,1.64,74.0,45.0,29.0,0.96,1.74
9390,33,2,2,2,9.0,0,0.1,,,,,,,,,1.5,0.0,1.0,-1.0,-10.0,-10.4
6540,46,2,2,0,,0,,,,,,,,,,,,,,,
10248,33,2,2,35,2.866,33,31.8,,,,,,,,,1.74,67.0,51.0,16.0,0.5,0.83
13625,36,2,2,34,1.488,14,16.5,,,,,,,,,1.18,28.0,27.0,1.0,0.06,0.39
3591,35,2,2,32,2.171,26,24.1,,,,,,,,,1.28,26.0,27.0,-1.0,-0.04,0.68
856,41,2,2,0,,0,,,,,,,,,,,,,,,
3831,35,2,2,0,,0,,,,,,,,,,,,,,,
13421,35,2,2,1,1.0,0,0.0,,,,,,,,,0.0,0.0,0.0,0.0,0.0,0.29
3405,28,2,2,27,1.816,20,20.2,,,,,,,,,1.56,35.0,36.0,-1.0,-0.05,-0.95
893,43,2,2,0,,0,,,,,,,,,,,,,,,
12698,42,2,2,0,,0,,,,,,,,,,,,,,,
2420,33,2,2,11,79.0,0,0.9,,,,,,,,,1.91,2.0,2.0,0.0,0.0,-0.38
2366,43,2,2,25,1.982,24,22.0,,,,,,,,,1.6,36.0,34.0,2.0,0.09,0.28
7439,50,2,2,1,1.0,0,0.0,,,,,,,,,3.0,0.0,0.0,0.0,0.0,0.37
9714,28,2,2,29,2.142,23,23.8,,,,,,,,,1.86,49.0,36.0,13.0,0.55,0.41
13574,36,2,2,34,2.634,29,29.3,,,,,,,,,1.26,41.0,40.0,1.0,0.03,0.84
8093,33,2,2,0,,0,,,,,,,,,,,,,,,
6900,51,2,2,1,5.0,0,0.1,,,,,,,,,3.0,0.0,0.0,0.0,0.0,0.4
13781,33,2,2,13,952.0,10,10.6,,,,,,,,,2.15,31.0,14.0,17.0,1.61,1.72
2244,28,2,2,5,152.0,1,1.7,,,,,,,,,0.8,3.0,6.0,-3.0,-1.78,-2.27
8700,40,2,2,0,,0,,,,,,,,,,,,,,,
5811,46,2,2,0,,0,,,,,,,,,,,,,,,
14508,35,2,2,18,208.0,1,2.3,,,,,,,,,1.33,3.0,4.0,-1.0,-0.43,-0.15
2556,41,2,2,0,,0,,,,,,,,,,,,,,,
1800,33,2,2,13,756.0,9,8.4,,,,,,,,,1.23,13.0,14.0,-1.0,-0.12,-0.63
13308,51,2,2,8,145.0,1,1.6,,,,,,,,,0.25,0.0,2.0,-2.0,-1.24,-0.88
8125,51,2,2,3,174.0,2,1.9,,,,,,,,,0.33,1.0,4.0,-3.0,-1.55,-1.22
13248,41,2,2,33,1.982,20,22.0,,,,,,,,,0.45,26.0,51.0,-25.0,-1.14,-0.63
12606,31,2,2,0,,0,,,,,,,,,,,,,,,
12402,29,2,2,37,2.907,35,32.3,,,,,,,,,1.22,44.0,55.0,-11.0,-0.34,0.01
2360,33,2,2,9,227.0,2,2.5,,,,,,,,,1.56,7.0,5.0,2.0,0.79,0.45
2013,40,2,2,5,89.0,1,1.0,,,,,,,,,3.0,2.0,0.0,2.0,2.02,0.86
6918,41,2,2,23,1.304,14,14.5,,,,,,,,,0.57,22.0,41.0,-19.0,-1.31,-0.72
10512,34,2,2,19,1.338,14,14.9,,,,,,,,,1.53,31.0,16.0,15.0,1.01,1.7
12713,35,2,2,12,665.0,7,7.4,,,,,,,,,1.08,5.0,10.0,-5.0,-0.68,-0.48
10469,30,2,2,32,2.652,29,29.5,,,,,,,,,1.13,47.0,51.0,-4.0,-0.14,0.45
13613,43,2,2,0,,0,,,,,,,,,,,,,,,
8182,33,2,2,23,1.797,20,20.0,,,,,,,,,1.52,29.0,26.0,3.0,0.15,-0.46
8191,29,2,2,33,2.786,32,31.0,,,,,,,,,1.24,43.0,50.0,-7.0,-0.23,0.63
5912,32,2,2,4,27.0,0,0.3,,,,,,,,,0.25,1.0,0.0,1.0,3.33,4.34
9859,50,2,2,7,112.0,1,1.2,,,,,,,,,0.43,2.0,3.0,-1.0,-0.8,-0.45
14114,50,2,2,36,3.132,36,34.8,,,,,,,,,1.39,57.0,69.0,-12.0,-0.34,0.28
11605,28,2,2,2,25.0,0,0.3,,,,,,,,,1.5,1.0,1.0,0.0,0.0,-0.4
2732,50,2,2,0,,0,,,,,,,,,,,,,,,
14229,35,2,2,0,,0,,,,,,,,,,,,,,,
7,50,2,2,11,436.0,4,4.8,,,,,,,,,1.0,6.0,11.0,-5.0,-1.03,-0.76
8954,33,2,2,21,1.782,20,19.8,,,,,,,,,1.81,50.0,33.0,17.0,0.86,1.02
7103,32,2,2,25,2.057,23,22.9,,,,,,,,,0.64,25.0,48.0,-23.0,-1.01,-0.08
9458,51,2,2,32,2.44,29,27.1,,,,,,,,,1.16,40.0,46.0,-6.0,-0.22,0.61
13318,33,2,2,0,,0,,,,,,,,,,,,,,,
12502,46,2,2,1,28.0,0,0.3,,,,,,,,,0.0,0.0,0.0,0.0,0.0,1.83
9928,29,2,2,0,,0,,,,,,,,,,,,,,,
8792,31,2,2,9,452.0,6,5.0,,,,,,,,,2.11,10.0,5.0,5.0,1.0,1.36
968,32,2,2,13,1.056,12,11.7,,,,,,,,,0.38,10.0,26.0,-16.0,-1.36,-0.56
3503,43,2,2,36,3.174,35,35.3,,,,,,,,,1.58,56.0,55.0,1.0,0.03,0.76
10093,30,2,2,23,842.0,7,9.4,,,,,,,,,0.87,17.0,9.0,8.0,0.86,1.45
1533,35,2,2,14,595.0,5,6.6,,,,,,,,,0.43,3.0,10.0,-7.0,-1.06,-0.93
6305,40,2,2,2,9.0,0,0.1,,,,,,,,,3.0,2.0,0.0,2.0,20.0,18.87
7106,30,2,2,3,24.0,0,0.3,,,,,,,,,2.0,0.0,0.0,0.0,0.0,0.24
3148,32,2,2,15,879.0,10,9.8,,,,,,,,,0.73,10.0,18.0,-8.0,-0.82,0.21
153,46,2,2,0,,0,,,,,,,,,,,,,,,
1805,49,2,2,17,1.09,12,12.1,,,,,,,,,1.82,25.0,21.0,4.0,0.33,-0.02
13629,46,2,2,9,221.0,2,2.5,,,,,,,,,0.44,2.0,11.0,-9.0,-3.67,-1.98
2753,51,2,2,25,2.209,25,24.5,,,,,,,,,1.4,33.0,38.0,-5.0,-0.2,0.54
7648,42,2,2,18,1.221,15,13.6,,,,,,,,,2.67,40.0,9.0,31.0,2.29,1.02
2015,36,2,2,33,1.423,17,15.8,,,,,,,,,1.24,22.0,29.0,-7.0,-0.44,-0.49
8381,36,2,2,0,,0,,,,,,,,,,,,,,,
5299,32,2,2,12,589.0,5,6.5,,,,,,,,,0.67,6.0,25.0,-19.0,-2.9,-2.33
8039,28,2,2,8,119.0,1,1.3,,,,,,,,,2.25,3.0,3.0,0.0,0.0,-0.41
10332,28,2,2,38,2.174,25,24.2,,,,,,,,,1.79,41.0,40.0,1.0,0.04,-0.97
935,43,2,2,9,390.0,3,4.3,,,,,,,,,1.22,10.0,6.0,4.0,0.92,1.07
938,44,2,2,1,1.0,0,0.0,,,,,,,,,3.0,0.0,0.0,0.0,0.0,-0.61
12341,42,2,2,30,2.559,28,28.4,,,,,,,,,2.3,65.0,28.0,37.0,1.3,-1.31
8584,40,2,2,37,2.629,32,29.2,,,,,,,,,2.14,67.0,33.0,34.0,1.16,-0.09
9565,36,2,2,0,,0,,,,,,,,,,,,,,,
4073,49,2,2,4,201.0,1,2.2,,,,,,,,,1.5,1.0,8.0,-7.0,-3.13,-3.69
8488,28,2,2,33,2.41,27,26.8,,,,,,,,,1.76,54.0,41.0,13.0,0.49,0.31
5824,36,2,2,18,1.424,16,15.8,,,,,,,,,1.28,12.0,25.0,-13.0,-0.82,-1.14
1661,33,2,2,31,2.579,29,28.7,,,,,,,,,1.52,50.0,50.0,0.0,0.0,-1.5
8196,35,2,2,12,232.0,1,2.6,,,,,,,,,0.92,2.0,3.0,-1.0,-0.39,-0.11
9569,51,2,2,30,1.15,9,12.8,,,,,,,,,1.4,17.0,21.0,-4.0,-0.31,0.12
6450,42,2,2,29,1.595,18,17.7,,,,,,,,,2.38,50.0,19.0,31.0,1.75,0.22
10678,45,2,2,26,1.495,19,16.6,,,,,,,,,0.92,16.0,27.0,-11.0,-0.66,-0.33
6130,49,2,2,3,3.0,0,0.0,,,,,,,,,2.33,0.0,0.0,0.0,0.0,-0.34
789,49,2,2,0,,0,,,,,,,,,,,,,,,
85,35,2,2,32,2.629,32,29.2,,,,,,,,,1.44,33.0,35.0,-2.0,-0.07,0.96
2475,34,2,2,11,919.0,11,10.2,,,,,,,,,1.27,9.0,11.0,-2.0,-0.2,-0.23
791,41,2,2,37,2.925,34,32.5,,,,,,,,,0.7,46.0,74.0,-28.0,-0.86,0.05
13729,51,2,2,26,1.222,11,13.6,,,,,,,,,1.08,18.0,24.0,-6.0,-0.44,-0.07
11749,49,2,2,9,429.0,4,4.8,,,,,,,,,1.89,10.0,7.0,3.0,0.63,0.33
9303,44,2,2,23,1.985,22,22.1,,,,,,,,,1.48,48.0,42.0,6.0,0.27,-0.79
7111,31,2,2,0,,0,,,,,,,,,,,,,,,
11426,44,2,2,5,20.0,0,0.2,,,,,,,,,2.6,0.0,1.0,-1.0,-4.5,-5.14
8198,31,2,2,33,2.869,33,31.9,,,,,,,,,1.3,49.0,52.0,-3.0,-0.09,0.56
5999,28,2,2,23,475.0,3,5.3,,,,,,,,,1.74,15.0,12.0,3.0,0.57,0.2
7736,33,2,2,0,,0,,,,,,,,,,,,,,,
4913,50,2,2,3,34.0,0,0.4,,,,,,,,,1.0,1.0,0.0,1.0,2.65,3.05
8810,34,2,2,0,,0,,,,,,,,,,,,,,,
3712,42,2,2,33,2.785,33,30.9,,,,,,,,,2.36,78.0,27.0,51.0,1.65,0.09
10969,34,2,2,30,1.555,17,17.3,,,,,,,,,1.23,14.0,24.0,-10.0,-0.58,-1.01
6748,46,2,2,6,482.0,6,5.4,,,,,,,,,0.17,4.0,17.0,-13.0,-2.43,-0.71
2667,32,2,2,0,,0,,,,,,,,,,,,,,,
5435,32,2,2,8,437.0,5,4.9,,,,,,,,,0.88,2.0,7.0,-5.0,-1.03,-0.06
1300,45,2,2,36,2.433,25,27.0,,,,,,,,,0.97,40.0,47.0,-7.0,-0.26,0.74
5369,40,2,2,34,1.352,11,15.0,,,,,,,,,2.15,41.0,13.0,28.0,1.86,1.12
10193,27,2,2,3,28.0,0,0.3,,,,,,,,,3.0,1.0,0.0,1.0,3.21,1.6
3898,49,2,2,22,1.161,11,12.9,,,,,,,,,1.64,22.0,31.0,-9.0,-0.7,-1.57
7968,28,2,2,0,,0,,,,,,,,,,,,,,,
14549,30,2,2,0,,0,,,,,,,,,,,,,,,
7342,31,2,2,12,475.0,5,5.3,,,,,,,,,1.25,8.0,11.0,-3.0,-0.57,-0.45
14160,40,2,2,29,1.722,20,19.1,,,,,,,,,2.21,42.0,16.0,26.0,1.36,0.35
2562,43,2,2,22,1.141,12,12.7,,,,,,,,,1.45,20.0,27.0,-7.0,-0.55,-0.79
9799,32,2,2,16,1.309,15,14.5,,,,,,,,,0.75,18.0,28.0,-10.0,-0.69,0.46
11548,31,2,2,19,1.243,15,13.8,,,,,,,,,1.47,23.0,26.0,-3.0,-0.22,-0.05
6902,43,2,2,23,1.392,15,15.5,,,,,,,,,1.65,21.0,24.0,-3.0,-0.19,-0.28
3686,34,2,2,27,2.055,24,22.8,,,,,,,,,1.56,41.0,28.0,13.0,0.57,1.49
13842,50,2,2,10,721.0,7,8.0,,,,,,,,,1.1,11.0,21.0,-10.0,-1.25,-1.11
12259,29,2,2,5,41.0,0,0.5,,,,,,,,,0.4,0.0,1.0,-1.0,-2.2,-1.88
1279,31,2,2,19,521.0,3,5.8,,,,,,,,,1.26,12.0,12.0,0.0,0.0,0.22
4384,45,2,2,7,375.0,4,4.2,,,,,,,,,0.75,4.0,11.0,-7.0,-1.68,-1.35
4167,31,2,2,27,1.367,15,15.2,,,,,,,,,1.48,25.0,28.0,-3.0,-0.2,-0.02
2161,43,2,2,35,3.118,35,34.6,,,,,,,,,1.69,55.0,52.0,3.0,0.09,1.28
4030,33,2,2,28,2.209,26,24.5,,,,,,,,,1.46,41.0,47.0,-6.0,-0.24,-1.73
6749,46,2,2,4,92.0,1,1.0,,,,,,,,,0.0,1.0,5.0,-4.0,-3.91,-2.16
9216,30,2,2,37,3.285,37,36.5,,,,,,,,,1.05,53.0,63.0,-10.0,-0.27,-0.94
11569,42,2,2,35,2.857,33,31.7,,,,,,,,,2.34,74.0,27.0,47.0,1.48,-0.92
14169,46,2,2,30,2.649,29,29.4,,,,,,,,,0.43,24.0,79.0,-55.0,-1.87,-0.23
11226,50,2,2,15,426.0,4,4.7,,,,,,,,,1.67,6.0,9.0,-3.0,-0.63,-0.3
11086,43,2,2,4,70.0,1,0.8,,,,,,,,,0.75,1.0,2.0,-1.0,-1.29,-1.29
4752,49,2,2,0,,0,,,,,,,,,,,,,,,
8729,32,2,2,24,1.899,22,21.1,,,,,,,,,0.79,22.0,43.0,-21.0,-1.0,-0.05
9460,34,2,2,10,232.0,1,2.6,,,,,,,,,0.7,7.0,7.0,0.0,0.0,0.03
308,41,2,2,0,,0,,,,,,,,,,,,,,,
13821,36,2,2,0,,0,,,,,,,,,,,,,,,
10476,51,2,2,7,186.0,1,2.1,,,,,,,,,0.57,4.0,3.0,1.0,0.48,0.93
1888,30,2,2,0,,0,,,,,,,,,,,,,,,
11970,45,2,2,0,,0,,,,,,,,,,,,,,,
2701,40,2,2,35,1.649,17,18.3,,,,,,,,,2.23,52.0,19.0,33.0,1.8,1.19
2735,33,2,2,37,3.128,37,34.8,,,,,,,,,1.7,69.0,54.0,15.0,0.43,0.74
5574,35,2,2,25,1.884,24,20.9,,,,,,,,,1.36,23.0,26.0,-3.0,-0.14,0.33
1810,40,2,2,1,14.0,0,0.2,,,,,,,,,1.0,0.0,0.0,0.0,0.0,-1.19
6635,45,2,2,0,,0,,,,,,,,,,,,,,,
470,43,2,2,36,2.565,30,28.5,,,,,,,,,1.5,43.0,39.0,4.0,0.14,0.67
6078,35,2,2,37,3.004,34,33.4,,,,,,,,,1.22,36.0,47.0,-11.0,-0.33,-0.33
6636,28,2,2,0,,0,,,,,,,,,,,,,,,
13829,33,2,2,0,,0,,,,,,,,,,,,,,,
12517,30,2,2,19,739.0,7,8.2,,,,,,,,,0.74,10.0,20.0,-10.0,-1.22,-1.25
10264,45,2,2,37,3.156,35,35.1,,,,,,,,,0.97,46.0,59.0,-13.0,-0.37,1.33
2182,49,2,2,11,209.0,2,2.3,,,,,,,,,1.09,4.0,11.0,-7.0,-3.01,-3.57
793,33,2,2,11,207.0,2,2.3,,,,,,,,,2.27,8.0,6.0,2.0,0.87,0.53
12410,41,2,2,11,503.0,5,5.6,,,,,,,,,0.64,4.0,14.0,-10.0,-1.79,-1.08
9221,44,2,2,0,,0,,,,,,,,,,,,,,,
1997,31,2,2,30,2.12,24,23.6,,,,,,,,,1.4,40.0,37.0,3.0,0.13,0.82
1813,35,2,2,15,1.12,13,12.4,,,,,,,,,1.07,12.0,13.0,-1.0,-0.08,0.31
1067,35,2,2,12,508.0,3,5.6,,,,,,,,,0.92,6.0,7.0,-1.0,-0.18,0.13
6596,51,2,2,34,2.649,32,29.4,,,,,,,,,1.32,38.0,51.0,-13.0,-0.44,-0.21
13767,51,2,2,35,2.772,31,30.8,,,,,,,,,1.31,42.0,49.0,-7.0,-0.23,0.88
6641,40,2,2,32,1.786,17,19.8,,,,,,,,,2.22,47.0,19.0,28.0,1.41,0.47
12857,42,2,2,6,53.0,0,0.6,,,,,,,,,3.0,3.0,1.0,2.0,3.4,1.79
4012,51,2,2,1,1.0,0,0.0,,,,,,,,,0.0,0.0,0.0,0.0,0.0,0.39
2457,30,2,2,0,,0,,,,,,,,,,,,,,,
1304,44,2,2,35,2.89,34,32.1,,,,,,,,,1.57,70.0,48.0,22.0,0.69,0.52
6770,34,2,2,0,,0,,,,,,,,,,,,,,,
7445,40,2,2,1,1.0,0,0.0,,,,,,,,,3.0,0.0,0.0,0.0,0.0,-1.18
2947,43,2,2,1,1.0,0,0.0,,,,,,,,,3.0,0.0,0.0,0.0,0.0,0.03
12411,40,2,2,26,1.121,12,12.5,,,,,,,,,2.23,28.0,18.0,10.0,0.8,-0.57
5901,46,2,2,9,771.0,9,8.6,,,,,,,,,0.33,11.0,25.0,-14.0,-1.63,0.23
5916,42,2,2,20,1.009,10,11.2,,,,,,,,,2.45,26.0,13.0,13.0,1.16,-0.67
1818,29,2,2,0,,0,,,,,,,,,,,,,,,
5372,51,2,2,0,,0,,,,,,,,,,,,,,,
11320,31,2,2,36,3.114,34,34.6,,,,,,,,,1.25,50.0,50.0,0.0,0.0,2.06
8959,34,2,2,25,2.021,23,22.5,,,,,,,,,1.32,30.0,32.0,-2.0,-0.09,-0.15
2165,44,2,2,37,3.263,37,36.3,,,,,,,,,1.62,81.0,60.0,21.0,0.58,-0.57
8828,33,2,2,27,1.751,19,19.5,,,,,,,,,1.81,38.0,27.0,11.0,0.57,0.4
7163,42,2,2,28,2.328,26,25.9,,,,,,,,,2.5,68.0,23.0,45.0,1.74,0.34
4106,42,2,2,31,2.552,29,28.4,,,,,,,,,2.32,64.0,26.0,38.0,1.34,-1.15
1435,46,2,2,2,13.0,0,0.1,,,,,,,,,0.0,0.0,1.0,-1.0,-6.92,-5.13
8206,44,2,2,18,781.0,8,8.7,,,,,,,,,1.44,23.0,12.0,11.0,1.27,0.86
13822,49,2,2,0,,0,,,,,,,,,,,,,,,
5227,46,2,2,36,2.91,34,32.3,,,,,,,,,0.44,31.0,83.0,-52.0,-1.61,1.39
9923,42,2,2,0,,0,,,,,,,,,,,,,,,
11203,46,2,2,0,,0,,,,,,,,,,,,,,,
8705,36,2,2,1,75.0,0,0.8,,,,,,,,,0.0,1.0,5.0,-4.0,-4.8,-4.75
13312,41,2,2,0,,0,,,,,,,,,,,,,,,
5919,35,2,2,29,2.214,25,24.6,,,,,,,,,1.38,27.0,25.0,2.0,0.08,1.05
11050,33,2,2,0,,0,,,,,,,,,,,,,,,
2828,41,2,2,10,595.0,6,6.6,,,,,,,,,0.4,10.0,21.0,-11.0,-1.66,-0.96
7441,27,2,2,37,2.634,30,29.3,,,,,,,,,2.41,77.0,22.0,55.0,1.88,1.08
13771,44,2,2,0,,0,,,,,,,,,,,,,,,
13632,43,2,2,0,,0,,,,,,,,,,,,,,,
6160,31,2,2,28,2.369,26,26.3,,,,,,,,,1.32,40.0,38.0,2.0,0.08,0.85
5501,51,2,2,29,2.119,25,23.5,,,,,,,,,1.31,35.0,37.0,-2.0,-0.08,0.81
3270,43,2,2,0,,0,,,,,,,,,,,,,,,
3267,34,2,2,18,1.62,18,18.0,,,,,,,,,1.56,36.0,30.0,6.0,0.33,0.68
14165,45,2,2,0,,0,,,,,,,,,,,,,,,
12066,30,2,2,5,401.0,5,4.5,,,,,,,,,1.2,8.0,5.0,3.0,0.67,1.03
11204,51,2,2,0,,0,,,,,,,,,,,,,,,
13055,49,2,2,35,2.934,34,32.6,,,,,,,,,1.74,63.0,51.0,12.0,0.37,0.18
12,30,2,2,9,713.0,9,7.9,,,,,,,,,1.11,10.0,12.0,-2.0,-0.25,-0.02
6083,29,2,2,5,76.0,1,0.8,,,,,,,,,2.0,1.0,1.0,0.0,0.0,0.35
5927,31,2,2,12,869.0,8,9.7,,,,,,,,,1.33,15.0,17.0,-2.0,-0.21,-0.03
7088,51,2,2,0,,0,,,,,,,,,,,,,,,
12096,34,2,2,0,,0,,,,,,,,,,,,,,,
9398,46,2,2,10,710.0,9,7.9,,,,,,,,,0.5,11.0,22.0,-11.0,-1.39,0.53
4546,51,2,2,0,,0,,,,,,,,,,,,,,,
4133,45,2,2,0,,0,,,,,,,,,,,,,,,
7404,51,2,2,0,,0,,,,,,,,,,,,,,,
2232,45,2,2,29,1.854,20,20.6,,,,,,,,,0.86,32.0,41.0,-9.0,-0.44,0.08
14213,34,2,2,30,1.891,23,21.0,,,,,,,,,1.23,29.0,37.0,-8.0,-0.38,-0.79
6646,43,2,2,0,,0,,,,,,,,,,,,,,,
1776,33,2,2,0,,0,,,,,,,,,,,,,,,
8747,35,2,2,0,,0,,,,,,,,,,,,,,,
11630,49,2,2,36,1.311,8,14.6,,,,,,,,,1.81,32.0,28.0,4.0,0.27,-0.11
11859,43,2,2,30,2.158,25,24.0,,,,,,,,,1.6,36.0,35.0,1.0,0.04,0.18
2074,27,2,2,0,,0,,,,,,,,,,,,,,,
5597,31,2,2,24,1.637,17,18.2,,,,,,,,,1.17,22.0,26.0,-4.0,-0.22,-0.07
3063,50,2,2,20,404.0,3,4.5,,,,,,,,,0.95,5.0,10.0,-5.0,-1.11,-0.85
13519,28,2,2,9,164.0,1,1.8,,,,,,,,,1.44,2.0,7.0,-5.0,-2.74,-3.3
708,44,2,2,30,2.255,27,25.1,,,,,,,,,1.5,51.0,41.0,10.0,0.4,-0.61
631,35,2,2,2,140.0,2,1.6,,,,,,,,,0.0,0.0,4.0,-4.0,-2.57,-2.38
632,36,2,2,30,2.192,25,24.4,,,,,,,,,1.27,38.0,38.0,0.0,0.0,0.44
1821,31,2,2,0,,0,,,,,,,,,,,,,,,
8358,43,2,2,0,,0,,,,,,,,,,,,,,,
10702,33,2,2,35,2.799,31,31.1,,,,,,,,,1.63,64.0,47.0,17.0,0.55,0.98
7515,27,2,2,0,,0,,,,,,,,,,,,,,,
11940,33,2,2,10,419.0,5,4.7,,,,,,,,,1.2,8.0,10.0,-2.0,-0.43,-0.91
14084,30,2,2,38,3.054,37,33.9,,,,,,,,,1.03,50.0,52.0,-2.0,-0.06,1.66
2958,46,2,2,1,21.0,0,0.2,,,,,,,,,0.0,0.0,0.0,0.0,0.0,1.83
9481,30,2,2,32,2.204,27,24.5,,,,,,,,,1.09,37.0,45.0,-8.0,-0.33,-0.25
4797,27,2,2,27,1.478,17,16.4,,,,,,,,,2.19,29.0,11.0,18.0,1.1,-0.94
11895,36,2,2,24,1.395,18,15.5,,,,,,,,,1.25,25.0,26.0,-1.0,-0.06,0.16
7788,30,2,2,0,,0,,,,,,,,,,,,,,,
6609,31,2,2,31,2.045,19,22.7,,,,,,,,,1.29,32.0,38.0,-6.0,-0.26,-0.2
6711,44,2,2,20,1.279,15,14.2,,,,,,,,,1.45,26.0,23.0,3.0,0.21,-0.63
1824,50,2,2,14,544.0,4,6.0,,,,,,,,,1.14,5.0,16.0,-11.0,-1.82,-1.73
2135,49,2,2,32,2.085,23,23.2,,,,,,,,,1.56,49.0,37.0,12.0,0.52,0.45
2134,45,2,2,3,237.0,3,2.6,,,,,,,,,1.0,4.0,5.0,-1.0,-0.38,0.1
7089,41,2,2,2,77.0,0,0.9,,,,,,,,,0.0,2.0,5.0,-3.0,-3.51,-2.7
12505,34,2,2,20,1.796,20,20.0,,,,,,,,,1.05,21.0,27.0,-6.0,-0.3,-0.58
2808,40,2,2,23,1.167,14,13.0,,,,,,,,,1.96,31.0,17.0,14.0,1.08,-0.16
6993,27,2,2,24,921.0,10,10.2,,,,,,,,,2.42,25.0,11.0,14.0,1.37,-0.36
3507,40,2,2,21,1.145,14,12.7,,,,,,,,,2.29,33.0,10.0,23.0,1.81,0.94
8755,41,2,2,8,400.0,4,4.4,,,,,,,,,1.13,2.0,6.0,-4.0,-0.9,-0.04
5273,29,2,2,3,47.0,0,0.5,,,,,,,,,0.0,0.0,1.0,-1.0,-1.91,-1.59
9485,30,2,2,14,1.087,12,12.1,,,,,,,,,0.57,16.0,24.0,-8.0,-0.66,-0.62
5828,41,2,2,24,1.729,21,19.2,,,,,,,,,0.58,23.0,39.0,-16.0,-0.83,0.07
12667,51,2,2,11,166.0,1,1.8,,,,,,,,,1.09,6.0,2.0,4.0,2.17,2.69
2048,28,2,2,20,1.652,20,18.4,,,,,,,,,2.05,36.0,22.0,14.0,0.76,0.71
14261,43,2,2,8,330.0,3,3.7,,,,,,,,,1.0,5.0,10.0,-5.0,-1.36,-1.48
13437,41,2,2,38,3.405,38,37.8,,,,,,,,,0.68,52.0,85.0,-33.0,-0.87,-0.87
8351,44,2,2,1,90.0,1,1.0,,,,,,,,,0.0,1.0,4.0,-3.0,-3.0,-3.7
8075,31,2,2,0,,0,,,,,,,,,,,,,,,
9948,35,2,2,9,439.0,4,4.9,,,,,,,,,0.67,2.0,13.0,-11.0,-2.26,-2.26
13414,50,2,2,4,22.0,0,0.2,,,,,,,,,1.75,0.0,1.0,-1.0,-4.09,-3.75
2269,40,2,2,10,900.0,10,10.0,,,,,,,,,2.6,26.0,11.0,15.0,1.5,0.43
8267,29,2,2,23,1.559,17,17.3,,,,,,,,,1.13,22.0,32.0,-10.0,-0.58,-0.43
11091,28,2,2,2,37.0,0,0.4,,,,,,,,,0.0,0.0,1.0,-1.0,-2.43,-2.86
10123,29,2,2,28,1.97,22,21.9,,,,,,,,,1.14,25.0,37.0,-12.0,-0.55,-0.49
7450,28,2,2,3,6.0,0,0.1,,,,,,,,,2.0,0.0,0.0,0.0,0.0,-0.4
4890,29,2,2,0,,0,,,,,,,,,,,,,,,
9752,51,2,2,38,3.42,38,38.0,,,,,,,,,1.21,50.0,65.0,-15.0,-0.39,
7139,36,2,2,0,,0,,,,,,,,,,,,,,,
13637,51,2,2,0,,0,,,,,,,,,,,,,,,
6051,27,2,2,20,946.0,11,10.5,,,,,,,,,2.65,39.0,8.0,31.0,2.95,1.82
7409,29,2,2,32,1.916,26,21.3,,,,,,,,,1.22,29.0,23.0,6.0,0.28,1.42
8410,32,2,2,15,974.0,13,10.8,,,,,,,,,0.47,11.0,23.0,-12.0,-1.11,-0.19
5554,40,2,2,22,1.574,17,17.5,,,,,,,,,2.0,38.0,17.0,21.0,1.2,0.03
4199,28,2,2,35,3.069,35,34.1,,,,,,,,,1.77,68.0,54.0,14.0,0.41,0.15
8210,40,2,2,0,,0,,,,,,,,,,,,,,,
2492,45,2,2,12,212.0,2,2.4,,,,,,,,,1.33,1.0,6.0,-5.0,-2.12,-1.76
9424,42,2,2,30,1.551,16,17.2,,,,,,,,,2.43,45.0,14.0,31.0,1.8,0.31
3936,44,2,2,17,913.0,8,10.1,,,,,,,,,1.71,26.0,15.0,11.0,1.08,0.65
13528,41,2,2,0,,0,,,,,,,,,,,,,,,
10225,50,2,2,33,2.484,27,27.6,,,,,,,,,1.3,40.0,61.0,-21.0,-0.76,-1.43
3290,49,2,2,36,2.762,31,30.7,,,,,,,,,1.72,57.0,46.0,11.0,0.36,0.08
8185,50,2,2,0,,0,,,,,,,,,,,,,,,
167,31,2,2,25,850.0,13,9.4,,,,,,,,,1.24,12.0,13.0,-1.0,-0.11,0.1
13301,31,2,2,19,914.0,10,10.2,,,,,,,,,1.32,12.0,20.0,-8.0,-0.79,-0.82
1699,42,2,2,1,12.0,0,0.1,,,,,,,,,3.0,0.0,0.0,0.0,0.0,-1.64
14407,46,2,2,11,531.0,6,5.9,,,,,,,,,0.18,5.0,11.0,-6.0,-1.02,0.95
6061,44,2,2,16,1.08,13,12.0,,,,,,,,,1.44,23.0,15.0,8.0,0.67,0.09
12291,33,2,2,1,33.0,0,0.4,,,,,,,,,3.0,1.0,0.0,1.0,2.73,2.38
9179,51,2,2,35,2.968,34,33.0,,,,,,,,,1.14,43.0,55.0,-12.0,-0.36,0.23
10916,51,2,2,0,,0,,,,,,,,,,,,,,,
2686,28,2,2,14,1.153,14,12.8,,,,,,,,,1.29,22.0,27.0,-5.0,-0.39,-1.18
1960,36,2,2,38,3.42,38,38.0,,,,,,,,,1.24,55.0,61.0,-6.0,-0.16,
6387,34,2,2,28,2.4,27,26.7,,,,,,,,,1.07,32.0,46.0,-14.0,-0.52,-1.67
12070,42,2,2,16,809.0,8,9.0,,,,,,,,,2.25,26.0,8.0,18.0,2.0,0.49
7554,30,2,2,30,1.441,15,16.0,,,,,,,,,0.93,24.0,29.0,-5.0,-0.31,-0.13
10373,27,2,2,0,,0,,,,,,,,,,,,,,,
14013,43,2,2,19,1.328,14,14.8,,,,,,,,,1.95,18.0,15.0,3.0,0.2,0.38
13956,44,2,2,26,1.314,12,14.6,,,,,,,,,1.73,31.0,27.0,4.0,0.27,-0.54
5069,49,2,2,22,506.0,4,5.6,,,,,,,,,1.32,12.0,12.0,0.0,0.0,-0.4
13643,41,2,2,14,1.169,14,13.0,,,,,,,,,0.64,12.0,23.0,-11.0,-0.85,0.03
1218,35,2,2,0,,0,,,,,,,,,,,,,,,
12718,44,2,2,35,2.747,30,30.5,,,,,,,,,1.54,74.0,50.0,24.0,0.79,0.92
9755,46,2,2,10,503.0,4,5.6,,,,,,,,,0.7,6.0,12.0,-6.0,-1.07,0.87
3644,28,2,2,35,2.993,35,33.3,,,,,,,,,1.69,65.0,57.0,8.0,0.24,-1.23
6307,41,2,2,0,,0,,,,,,,,,,,,,,,
12673,36,2,2,24,1.122,13,12.5,,,,,,,,,1.08,14.0,20.0,-6.0,-0.48,-0.48
5518,33,2,2,12,209.0,1,2.3,,,,,,,,,1.67,2.0,5.0,-3.0,-1.29,-1.77
761,40,2,2,33,2.599,31,28.9,,,,,,,,,2.15,62.0,34.0,28.0,0.97,-0.89
6090,49,2,2,28,2.135,26,23.7,,,,,,,,,1.86,47.0,30.0,17.0,0.72,1.0
10923,33,2,2,23,1.053,13,11.7,,,,,,,,,1.74,28.0,18.0,10.0,0.85,0.7
4801,27,2,2,36,3.044,34,33.8,,,,,,,,,2.36,78.0,26.0,52.0,1.54,-0.86
5346,43,2,2,22,1.653,18,18.4,,,,,,,,,1.68,33.0,29.0,4.0,0.22,0.47
7827,43,2,2,24,1.924,24,21.4,,,,,,,,,1.5,33.0,31.0,2.0,0.09,0.27
11105,45,2,2,20,1.563,19,17.4,,,,,,,,,0.85,16.0,31.0,-15.0,-0.86,-0.72
6284,44,2,2,0,,0,,,,,,,,,,,,,,,
1938,32,2,2,8,116.0,1,1.3,,,,,,,,,0.13,0.0,5.0,-5.0,-3.88,-3.01
13050,31,2,2,7,554.0,7,6.2,,,,,,,,,1.43,13.0,11.0,2.0,0.32,0.61
3951,29,2,2,0,,0,,,,,,,,,,,,,,,
4482,28,2,2,0,,0,,,,,,,,,,,,,,,
8356,46,2,2,0,,0,,,,,,,,,,,,,,,
2236,50,2,2,0,,0,,,,,,,,,,,,,,,
1324,43,2,2,13,448.0,5,5.0,,,,,,,,,1.38,11.0,6.0,5.0,1.0,1.19
4805,27,2,2,35,2.019,24,22.4,,,,,,,,,2.34,52.0,22.0,30.0,1.34,-0.72
3953,28,2,2,34,3.015,34,33.5,,,,,,,,,1.91,72.0,48.0,24.0,0.72,2.72
8261,43,2,2,11,646.0,8,7.2,,,,,,,,,1.82,12.0,12.0,0.0,0.0,0.03
3595,41,2,2,0,,0,,,,,,,,,,,,,,,
5294,32,2,2,3,16.0,0,0.2,,,,,,,,,0.33,2.0,0.0,2.0,11.25,12.28
11306,49,2,2,34,2.069,27,23.0,,,,,,,,,1.79,40.0,27.0,13.0,0.57,0.57
6361,34,2,2,35,2.282,25,25.4,,,,,,,,,1.23,46.0,44.0,2.0,0.08,0.32
12316,34,2,2,0,,0,,,,,,,,,,,,,,,
6687,40,2,2,10,781.0,9,8.7,,,,,,,,,2.3,20.0,9.0,11.0,1.27,0.11
645,33,2,2,1,1.0,0,0.0,,,,,,,,,3.0,0.0,0.0,0.0,0.0,-0.37
11963,34,2,2,1,4.0,0,0.0,,,,,,,,,0.0,0.0,1.0,-1.0,-22.5,-22.5
10524,30,2,2,29,1.321,13,14.7,,,,,,,,,0.97,24.0,35.0,-11.0,-0.75,-0.84
10527,35,2,2,2,111.0,1,1.2,,,,,,,,,0.0,0.0,1.0,-1.0,-0.81,-0.54
7863,50,2,2,19,1.5,16,16.7,,,,,,,,,1.32,27.0,27.0,0.0,0.0,0.66
7662,36,2,2,0,,0,,,,,,,,,,,,,,,
2184,30,2,2,25,1.96,22,21.8,,,,,,,,,1.28,37.0,31.0,6.0,0.28,1.2
6097,46,2,2,30,1.822,20,20.2,,,,,,,,,0.5,19.0,65.0,-46.0,-2.27,-0.98
6094,42,2,2,1,1.0,0,0.0,,,,,,,,,3.0,0.0,0.0,0.0,0.0,-1.63
6754,41,2,2,0,,0,,,,,,,,,,,,,,,
11022,46,2,2,21,1.28,15,14.2,,,,,,,,,0.29,20.0,38.0,-18.0,-1.27,0.88
6098,40,2,2,3,4.0,0,0.0,,,,,,,,,3.0,1.0,0.0,1.0,22.5,21.34
6139,45,2,2,0,,0,,,,,,,,,,,,,,,
6756,28,2,2,35,2.999,35,33.3,,,,,,,,,1.83,68.0,52.0,16.0,0.48,0.69
2227,29,2,2,0,,0,,,,,,,,,,,,,,,
12702,45,2,2,5,416.0,5,4.6,,,,,,,,,1.4,7.0,6.0,1.0,0.22,0.79
3669,35,2,2,35,2.892,33,32.1,,,,,,,,,1.37,37.0,38.0,-1.0,-0.03,1.67
12704,43,2,2,32,1.901,18,21.1,,,,,,,,,1.81,31.0,30.0,1.0,0.05,0.17
1830,30,2,2,16,1.272,15,14.1,,,,,,,,,0.81,16.0,26.0,-10.0,-0.71,-0.75
3365,43,2,2,0,,0,,,,,,,,,,,,,,,
5306,43,2,2,5,133.0,1,1.5,,,,,,,,,2.0,2.0,1.0,1.0,0.68,0.73
13328,41,2,2,30,2.469,28,27.4,,,,,,,,,0.73,38.0,59.0,-21.0,-0.77,0.37
2528,29,2,2,10,617.0,6,6.9,,,,,,,,,1.6,13.0,16.0,-3.0,-0.44,-0.12
6423,35,2,2,0,,0,,,,,,,,,,,,,,,
8212,44,2,2,17,1.202,14,13.4,,,,,,,,,1.18,27.0,29.0,-2.0,-0.15,-1.16
6100,31,2,2,15,773.0,11,8.6,,,,,,,,,1.47,10.0,12.0,-2.0,-0.23,-0.06
13833,28,2,2,1,30.0,1,0.3,,,,,,,,,0.0,1.0,2.0,-1.0,-3.0,-3.42
13826,34,2,2,37,3.204,37,35.6,,,,,,,,,1.32,52.0,55.0,-3.0,-0.08,-0.92
7485,31,2,2,19,1.486,15,16.5,,,,,,,,,1.42,31.0,27.0,4.0,0.24,0.75
497,36,2,2,1,33.0,0,0.4,,,,,,,,,3.0,1.0,0.0,1.0,2.73,2.91
6055,31,2,2,17,618.0,6,6.9,,,,,,,,,1.35,6.0,13.0,-7.0,-1.02,-1.02
5145,45,2,2,14,801.0,8,8.9,,,,,,,,,1.29,13.0,11.0,2.0,0.22,0.91
7738,29,2,2,8,108.0,0,1.2,,,,,,,,,0.88,3.0,2.0,1.0,0.83,1.21
10089,49,2,2,2,4.0,0,0.0,,,,,,,,,1.5,0.0,0.0,0.0,0.0,-0.34
3454,33,2,2,0,,0,,,,,,,,,,,,,,,
657,28,2,2,21,1.031,11,11.5,,,,,,,,,1.67,24.0,20.0,4.0,0.35,-0.07
2354,41,2,2,38,2.862,32,31.8,,,,,,,,,0.68,40.0,73.0,-33.0,-1.04,-1.04
14459,51,2,2,0,,0,,,,,,,,,,,,,,,
9400,43,2,2,14,516.0,5,5.7,,,,,,,,,1.36,3.0,13.0,-10.0,-1.74,-2.02
4207,40,2,2,0,,0,,,,,,,,,,,,,,,
3523,50,2,2,5,80.0,0,0.9,,,,,,,,,1.6,2.0,2.0,0.0,0.0,0.38
10370,33,2,2,31,1.576,18,17.5,,,,,,,,,1.52,40.0,28.0,12.0,0.69,0.59
12222,36,2,2,26,1.593,18,17.7,,,,,,,,,1.04,24.0,27.0,-3.0,-0.17,-0.02
2978,34,2,2,16,1.439,16,16.0,,,,,,,,,1.56,32.0,22.0,10.0,0.63,1.13
4520,28,2,2,1,4.0,0,0.0,,,,,,,,,0.0,0.0,0.0,0.0,0.0,-0.4
1459,32,2,2,10,900.0,10,10.0,,,,,,,,,1.0,14.0,16.0,-2.0,-0.2,1.05
10362,45,2,2,32,2.789,32,31.0,,,,,,,,,0.91,41.0,56.0,-15.0,-0.48,-0.06
660,44,2,2,2,13.0,0,0.1,,,,,,,,,3.0,0.0,0.0,0.0,0.0,-0.61
5956,44,2,2,21,1.189,14,13.2,,,,,,,,,1.95,40.0,21.0,19.0,1.44,1.28
14080,35,2,2,28,2.469,28,27.4,,,,,,,,,1.32,30.0,37.0,-7.0,-0.26,0.12
9349,41,2,2,13,1.13,13,12.6,,,,,,,,,0.46,10.0,24.0,-14.0,-1.12,-0.37
954,40,2,2,0,,0,,,,,,,,,,,,,,,
9956,44,2,2,1,1.0,0,0.0,,,,,,,,,3.0,0.0,0.0,0.0,0.0,-0.61
11956,27,2,2,15,268.0,1,3.0,,,,,,,,,2.27,10.0,1.0,9.0,3.02,1.51
14594,41,2,2,2,7.0,0,0.1,,,,,,,,,0.5,1.0,1.0,0.0,0.0,0.87
10572,29,2,2,32,2.88,32,32.0,,,,,,,,,1.22,46.0,55.0,-9.0,-0.28,0.39
11501,51,2,2,20,1.516,18,16.8,,,,,,,,,1.4,22.0,27.0,-5.0,-0.3,0.18
10342,45,2,2,21,1.46,15,16.2,,,,,,,,,0.95,20.0,35.0,-15.0,-0.92,-0.79
3697,27,2,2,27,1.082,10,12.0,,,,,,,,,2.15,24.0,10.0,14.0,1.16,-0.68
2631,33,2,2,11,443.0,2,4.9,,,,,,,,,2.0,12.0,12.0,0.0,0.0,-0.42
12014,46,2,2,5,110.0,2,1.2,,,,,,,,,0.8,1.0,6.0,-5.0,-4.09,-2.35
11024,46,2,2,27,1.44,16,16.0,,,,,,,,,0.44,12.0,47.0,-35.0,-2.19,-0.64
9465,42,2,2,17,661.0,7,7.3,,,,,,,,,2.47,18.0,8.0,10.0,1.36,-0.33
9469,51,2,2,2,179.0,2,2.0,,,,,,,,,0.0,1.0,5.0,-4.0,-2.01,-1.71
3122,40,2,2,36,2.047,22,22.7,,,,,,,,,2.19,48.0,25.0,23.0,1.01,-0.43
4138,27,2,2,1,14.0,0,0.2,,,,,,,,,3.0,0.0,0.0,0.0,0.0,-1.64
13785,40,2,2,0,,0,,,,,,,,,,,,,,,
2597,30,2,2,31,2.505,30,27.8,,,,,,,,,0.97,36.0,51.0,-15.0,-0.54,-1.13
8216,45,2,2,0,,0,,,,,,,,,,,,,,,
9226,31,2,2,3,63.0,1,0.7,,,,,,,,,0.33,0.0,1.0,-1.0,-1.43,-1.27
13726,28,2,2,0,,0,,,,,,,,,,,,,,,
3087,32,2,2,33,2.892,32,32.1,,,,,,,,,0.58,36.0,71.0,-35.0,-1.09,-0.75
9957,32,2,2,2,20.0,0,0.2,,,,,,,,,1.5,1.0,0.0,1.0,4.5,5.51
14264,32,2,2,29,2.098,25,23.3,,,,,,,,,0.59,25.0,48.0,-23.0,-0.99,-0.03
10961,31,2,2,4,128.0,1,1.4,,,,,,,,,0.25,1.0,3.0,-2.0,-1.41,-1.27
2510,41,2,2,30,1.995,20,22.2,,,,,,,,,0.73,35.0,47.0,-12.0,-0.54,0.78
1260,50,2,2,11,635.0,7,7.1,,,,,,,,,1.82,12.0,14.0,-2.0,-0.28,0.1
5237,43,2,2,0,,0,,,,,,,,,,,,,,,
13334,51,2,2,0,,0,,,,,,,,,,,,,,,
14180,51,2,2,0,,0,,,,,,,,,,,,,,,
210,34,2,2,0,,0,,,,,,,,,,,,,,,
9959,30,2,2,8,59.0,0,0.7,,,,,,,,,0.63,1.0,0.0,1.0,1.53,1.79
9963,34,2,2,19,1.275,14,14.2,,,,,,,,,1.47,34.0,19.0,15.0,1.06,1.73
12177,28,2,2,5,405.0,4,4.5,,,,,,,,,0.8,4.0,13.0,-9.0,-2.0,-2.72
1179,45,2,2,11,783.0,8,8.7,,,,,,,,,0.73,12.0,15.0,-3.0,-0.34,0.17
948,35,2,2,30,2.091,23,23.2,,,,,,,,,1.1,21.0,37.0,-16.0,-0.69,-1.03
1072,43,2,2,38,3.42,38,38.0,,,,,,,,,1.58,57.0,58.0,-1.0,-0.03,
12418,46,2,2,1,8.0,0,0.1,,,,,,,,,0.0,0.0,2.0,-2.0,-22.5,-20.73
13813,35,2,2,1,1.0,0,0.0,,,,,,,,,0.0,0.0,0.0,0.0,0.0,0.29
4756,41,2,2,8,407.0,4,4.5,,,,,,,,,0.5,6.0,14.0,-8.0,-1.77,-1.02
4738,30,2,2,26,1.161,11,12.9,,,,,,,,,0.85,17.0,27.0,-10.0,-0.78,-0.82
8218,50,2,2,0,,0,,,,,,,,,,,,,,,
3525,45,2,2,20,606.0,6,6.7,,,,,,,,,0.6,4.0,6.0,-2.0,-0.3,0.21
13134,42,2,2,9,635.0,5,7.1,,,,,,,,,2.56,18.0,7.0,11.0,1.56,-0.09
1834,46,2,2,24,1.367,14,15.2,,,,,,,,,0.42,19.0,40.0,-21.0,-1.38,0.72
4812,41,2,2,21,1.846,21,20.5,,,,,,,,,0.81,31.0,47.0,-16.0,-0.78,0.19
3380,45,2,2,0,,0,,,,,,,,,,,,,,,
14234,46,2,2,21,786.0,9,8.7,,,,,,,,,0.29,4.0,23.0,-19.0,-2.18,-0.47
2877,29,2,2,30,1.229,12,13.7,,,,,,,,,1.4,20.0,24.0,-4.0,-0.29,0.08
3191,34,2,2,9,156.0,0,1.7,,,,,,,,,1.0,2.0,5.0,-3.0,-1.73,-1.79
6606,36,2,2,33,2.699,31,30.0,,,,,,,,,1.06,43.0,46.0,-3.0,-0.1,0.27
2712,42,2,2,1,11.0,0,0.1,,,,,,,,,3.0,0.0,0.0,0.0,0.0,-1.64
2708,33,2,2,33,2.607,29,29.0,,,,,,,,,1.7,66.0,46.0,20.0,0.69,1.35
3905,50,2,2,36,3.137,35,34.9,,,,,,,,,1.42,56.0,67.0,-11.0,-0.32,0.64
8524,50,2,2,31,2.622,31,29.1,,,,,,,,,1.58,52.0,52.0,0.0,0.0,1.58
1835,44,2,2,1,25.0,0,0.3,,,,,,,,,0.0,0.0,1.0,-1.0,-3.6,-4.24
13466,27,2,2,14,788.0,9,8.8,,,,,,,,,2.71,20.0,5.0,15.0,1.71,0.11
10490,35,2,2,20,1.005,9,11.2,,,,,,,,,1.05,12.0,21.0,-9.0,-0.81,-0.73
10376,30,2,2,3,13.0,0,0.1,,,,,,,,,1.0,0.0,0.0,0.0,0.0,0.24
13240,46,2,2,1,10.0,0,0.1,,,,,,,,,3.0,0.0,0.0,0.0,0.0,1.82
4284,43,2,2,9,172.0,1,1.9,,,,,,,,,1.11,2.0,2.0,0.0,0.0,0.03
1146,36,2,2,37,2.613,34,29.0,,,,,,,,,1.19,39.0,40.0,-1.0,-0.03,0.52
5875,49,2,2,5,103.0,0,1.1,,,,,,,,,2.6,4.0,1.0,3.0,2.62,2.35
9854,42,2,2,0,,0,,,,,,,,,,,,,,,
11101,33,2,2,23,1.987,22,22.1,,,,,,,,,1.91,51.0,38.0,13.0,0.59,0.53
2262,31,2,2,0,,0,,,,,,,,,,,,,,,
1600,49,2,2,0,,0,,,,,,,,,,,,,,,
7461,50,2,2,8,309.0,3,3.4,,,,,,,,,0.63,5.0,10.0,-5.0,-1.46,-1.2
7459,42,2,2,4,93.0,0,1.0,,,,,,,,,2.25,3.0,2.0,1.0,0.97,-0.68
5994,28,2,2,1,4.0,0,0.0,,,,,,,,,0.0,0.0,1.0,-1.0,-22.5,-22.92
6939,35,2,2,38,3.42,38,38.0,,,,,,,,,1.26,40.0,51.0,-11.0,-0.29,
1671,41,2,2,0,,0,,,,,,,,,,,,,,,
4143,30,2,2,29,2.521,28,28.0,,,,,,,,,1.21,44.0,46.0,-2.0,-0.07,0.63
9008,40,2,2,0,,0,,,,,,,,,,,,,,,
8712,34,2,2,0,,0,,,,,,,,,,,,,,,
10598,44,2,2,15,1.345,15,14.9,,,,,,,,,1.93,36.0,16.0,20.0,1.34,1.21
11509,49,2,2,35,3.089,35,34.3,,,,,,,,,1.77,66.0,54.0,12.0,0.35,0.08
2864,41,2,2,0,,0,,,,,,,,,,,,,,,
12513,28,2,2,0,,0,,,,,,,,,,,,,,,
6204,40,2,2,17,1.19,13,13.2,,,,,,,,,2.35,31.0,16.0,15.0,1.13,-0.08
5725,29,2,2,2,180.0,2,2.0,,,,,,,,,1.5,3.0,7.0,-4.0,-2.0,-1.75
6501,34,2,2,6,136.0,0,1.5,,,,,,,,,0.33,1.0,3.0,-2.0,-1.32,-1.35
23,27,2,2,6,540.0,6,6.0,,,,,,,,,2.67,11.0,5.0,6.0,1.0,-0.75
27,32,2,2,14,527.0,5,5.9,,,,,,,,,0.36,4.0,17.0,-13.0,-2.22,-1.47
5962,28,2,2,16,853.0,8,9.5,,,,,,,,,2.19,22.0,12.0,10.0,1.06,0.88
3114,29,2,2,0,,0,,,,,,,,,,,,,,,
9129,43,2,2,33,2.271,26,25.2,,,,,,,,,1.61,36.0,37.0,-1.0,-0.04,-0.04
3200,27,2,2,32,2.88,32,32.0,,,,,,,,,2.28,80.0,24.0,56.0,1.75,0.75
5988,34,2,2,0,,0,,,,,,,,,,,,,,,
13540,36,2,2,18,1.503,17,16.7,,,,,,,,,1.22,24.0,29.0,-5.0,-0.3,-0.25
10493,32,2,2,12,142.0,0,1.6,,,,,,,,,0.58,2.0,5.0,-3.0,-1.9,-0.97
5331,36,2,2,27,1.325,15,14.7,,,,,,,,,1.52,22.0,23.0,-1.0,-0.07,0.15
12872,30,2,2,16,1.118,14,12.4,,,,,,,,,1.19,21.0,21.0,0.0,0.0,0.35
12873,43,2,2,9,412.0,4,4.6,,,,,,,,,1.0,4.0,7.0,-3.0,-0.66,-0.72
5036,45,2,2,9,235.0,2,2.6,,,,,,,,,0.67,3.0,3.0,0.0,0.0,0.51
12225,45,2,2,4,17.0,0,0.2,,,,,,,,,1.25,0.0,0.0,0.0,0.0,0.48
3276,27,2,2,38,3.225,37,35.8,,,,,,,,,2.34,84.0,28.0,56.0,1.56,-1.21
2533,34,2,2,26,2.094,23,23.3,,,,,,,,,1.46,43.0,38.0,5.0,0.21,0.62
12058,49,2,2,28,1.491,18,16.6,,,,,,,,,1.82,36.0,18.0,18.0,1.09,1.32
6030,34,2,2,9,235.0,2,2.6,,,,,,,,,2.33,2.0,3.0,-1.0,-0.38,-0.38
9576,44,2,2,13,128.0,0,1.4,,,,,,,,,1.92,3.0,5.0,-2.0,-1.41,-2.09
2721,32,2,2,14,823.0,8,9.1,,,,,,,,,0.64,7.0,22.0,-15.0,-1.64,-0.88
1184,40,2,2,23,1.693,18,18.8,,,,,,,,,2.04,43.0,22.0,21.0,1.12,-0.13
1360,36,2,2,37,3.265,37,36.3,,,,,,,,,1.19,52.0,60.0,-8.0,-0.22,-1.38
5932,46,2,2,34,2.885,31,32.1,,,,,,,,,0.47,30.0,83.0,-53.0,-1.65,1.04
9141,36,2,2,0,,0,0.0,,,,,,,,,1.0,2.0,2.0,0.0,,
7435,34,2,2,0,,0,,,,,,,,,,,,,,,
12202,42,2,2,34,2.931,34,32.6,,,,,,,,,2.59,87.0,26.0,61.0,1.87,1.69
6294,32,2,2,21,822.0,7,9.1,,,,,,,,,0.62,11.0,18.0,-7.0,-0.77,0.27
8761,30,2,2,34,1.985,22,22.1,,,,,,,,,1.09,32.0,40.0,-8.0,-0.36,-0.3
10270,28,2,2,11,638.0,8,7.1,,,,,,,,,1.91,12.0,13.0,-1.0,-0.14,-0.66
2782,49,2,2,33,2.79,33,31.0,,,,,,,,,1.88,63.0,42.0,21.0,0.68,1.82
6656,29,2,2,11,386.0,3,4.3,,,,,,,,,1.18,4.0,12.0,-8.0,-1.87,-1.72
11517,41,2,2,27,1.101,11,12.2,,,,,,,,,0.7,13.0,29.0,-16.0,-1.31,-0.65
7064,51,2,2,35,3.037,35,33.7,,,,,,,,,1.23,47.0,58.0,-11.0,-0.33,0.61
3597,29,2,2,1,1.0,0,0.0,,,,,,,,,3.0,0.0,0.0,0.0,0.0,0.34
2450,27,2,2,0,,0,,,,,,,,,,,,,,,
2199,27,2,2,35,2.919,35,32.4,,,,,,,,,2.29,78.0,27.0,51.0,1.57,-0.4
10206,40,2,2,32,2.534,28,28.2,,,,,,,,,2.09,58.0,30.0,28.0,0.99,-0.73
14236,27,2,2,38,3.42,38,38.0,,,,,,,,,2.34,91.0,29.0,62.0,1.63,
401,41,2,2,17,1.303,16,14.5,,,,,,,,,0.76,22.0,31.0,-9.0,-0.62,0.4
5693,31,2,2,0,,0,,,,,,,,,,,,,,,
5771,33,2,2,0,,0,,,,,,,,,,,,,,,
3255,49,2,2,1,77.0,0,0.9,,,,,,,,,1.0,1.0,2.0,-1.0,-1.17,-1.55
12118,33,2,2,16,1.433,16,15.9,,,,,,,,,1.19,26.0,25.0,1.0,0.06,-0.53
6004,43,2,2,3,79.0,0,0.9,,,,,,,,,2.0,2.0,1.0,1.0,1.14,1.19
5539,45,2,2,17,1.035,13,11.5,,,,,,,,,0.88,12.0,16.0,-4.0,-0.35,0.18
14327,49,2,2,0,,0,,,,,,,,,,,,,,,
1192,45,2,2,1,8.0,0,0.1,,,,,,,,,0.0,0.0,0.0,0.0,0.0,0.47
1189,33,2,2,0,,0,,,,,,,,,,,,,,,
3048,45,2,2,29,1.792,20,19.9,,,,,,,,,1.03,31.0,42.0,-11.0,-0.55,-0.17
11263,51,2,2,30,1.745,20,19.4,,,,,,,,,1.33,31.0,27.0,4.0,0.21,1.23
3648,46,2,2,0,,0,,,,,,,,,,,,,,,
2245,40,2,2,0,,0,,,,,,,,,,,,,,,
11027,50,2,2,0,,0,,,,,,,,,,,,,,,
2870,49,2,2,4,22.0,0,0.2,,,,,,,,,3.0,1.0,0.0,1.0,4.09,3.77
7678,30,2,2,11,333.0,3,3.7,,,,,,,,,1.45,8.0,5.0,3.0,0.81,1.16
4221,44,2,2,36,3.054,35,33.9,,,,,,,,,1.56,72.0,58.0,14.0,0.41,-1.8
6399,34,2,2,29,1.352,17,15.0,,,,,,,,,1.34,12.0,25.0,-13.0,-0.87,-1.39
684,29,2,2,23,1.014,11,11.3,,,,,,,,,1.22,17.0,25.0,-8.0,-0.71,-0.52
7899,36,2,2,0,,0,,,,,,,,,,,,,,,
9722,45,2,2,16,1.44,16,16.0,,,,,,,,,1.0,22.0,27.0,-5.0,-0.31,0.28
10549,51,2,2,36,3.084,36,34.3,,,,,,,,,1.19,45.0,60.0,-15.0,-0.44,-0.44
1350,29,2,2,33,2.105,25,23.4,,,,,,,,,1.39,41.0,33.0,8.0,0.34,1.78
9107,29,2,2,31,2.242,26,24.9,,,,,,,,,1.13,37.0,44.0,-7.0,-0.28,0.18
4414,46,2,2,0,,0,,,,,,,,,,,,,,,
13323,33,2,2,0,,0,,,,,,,,,,,,,,,
8715,43,2,2,12,959.0,12,10.7,,,,,,,,,1.83,16.0,13.0,3.0,0.28,0.43
6108,41,2,2,1,15.0,0,0.2,,,,,,,,,0.0,0.0,0.0,0.0,0.0,0.87
1956,42,2,2,33,2.578,29,28.6,,,,,,,,,2.39,71.0,26.0,45.0,1.57,-0.25
4261,51,2,2,8,264.0,3,2.9,,,,,,,,,0.88,2.0,8.0,-6.0,-2.05,-1.79
13392,33,2,2,31,2.527,28,28.1,,,,,,,,,1.65,58.0,45.0,13.0,0.46,0.36
8616,29,2,2,20,699.0,7,7.8,,,,,,,,,1.35,12.0,18.0,-6.0,-0.77,-0.54
11032,49,2,2,21,707.0,5,7.9,,,,,,,,,1.9,15.0,17.0,-2.0,-0.25,-0.75
184,29,2,2,28,2.15,25,23.9,,,,,,,,,1.61,39.0,33.0,6.0,0.25,1.6
3942,27,2,2,13,353.0,3,3.9,,,,,,,,,2.23,12.0,3.0,9.0,2.29,0.74
2394,27,2,2,3,62.0,0,0.7,,,,,,,,,3.0,1.0,0.0,1.0,1.45,-0.18
3600,29,2,2,38,3.325,37,36.9,,,,,,,,,1.26,51.0,61.0,-10.0,-0.27,2.57
8874,49,2,2,5,199.0,2,2.2,,,,,,,,,2.6,6.0,2.0,4.0,1.81,1.56
13679,50,2,2,37,2.87,34,31.9,,,,,,,,,1.32,51.0,64.0,-13.0,-0.41,-0.24
14069,46,2,2,36,2.668,29,29.6,,,,,,,,,0.44,27.0,80.0,-53.0,-1.79,0.13
6296,36,2,2,0,,0,,,,,,,,,,,,,,,
6219,31,2,2,17,1.53,17,17.0,,,,,,,,,1.12,24.0,34.0,-10.0,-0.59,-0.73
11795,33,2,2,31,1.978,22,22.0,,,,,,,,,1.48,41.0,39.0,2.0,0.09,-0.66
6764,42,2,2,16,1.064,12,11.8,,,,,,,,,2.38,25.0,9.0,16.0,1.35,-0.4
13469,30,2,2,2,135.0,1,1.5,,,,,,,,,1.5,3.0,2.0,1.0,0.67,0.94
14597,33,2,2,0,,0,,,,,,,,,,,,,,,
12309,33,2,2,0,,0,,,,,,,,,,,,,,,
8785,42,2,2,0,,0,,,,,,,,,,,,,,,
6109,27,2,2,0,,0,,,,,,,,,,,,,,,
3614,40,2,2,33,2.104,25,23.4,,,,,,,,,2.12,42.0,23.0,19.0,0.81,-0.97
3381,36,2,2,0,,0,,,,,,,,,,,,,,,
9578,44,2,2,3,78.0,1,0.9,,,,,,,,,0.33,0.0,4.0,-4.0,-4.62,-5.34
6111,35,2,2,38,3.419,38,38.0,,,,,,,,,1.26,40.0,51.0,-11.0,-0.29,-0.29
6546,33,2,2,1,1.0,0,0.0,,,,,,,,,3.0,0.0,0.0,0.0,0.0,-0.37
10950,45,2,2,8,457.0,5,5.1,,,,,,,,,1.13,8.0,9.0,-1.0,-0.2,0.32
9132,29,2,2,30,2.118,25,23.5,,,,,,,,,1.33,37.0,38.0,-1.0,-0.04,0.79
2462,32,2,2,28,2.331,25,25.9,,,,,,,,,0.75,31.0,46.0,-15.0,-0.58,1.24
7602,36,2,2,14,867.0,10,9.6,,,,,,,,,1.07,14.0,21.0,-7.0,-0.73,-0.76
8720,46,2,2,12,917.0,11,10.2,,,,,,,,,0.42,5.0,29.0,-24.0,-2.36,-0.74
14504,28,2,2,32,1.622,17,18.0,,,,,,,,,1.91,40.0,27.0,13.0,0.72,0.62
7387,27,2,2,2,71.0,1,0.8,,,,,,,,,3.0,3.0,0.0,3.0,3.8,2.22
5352,45,2,2,23,1.459,15,16.2,,,,,,,,,0.91,18.0,29.0,-11.0,-0.68,-0.36
13265,27,2,2,22,1.149,10,12.8,,,,,,,,,2.41,30.0,10.0,20.0,1.57,-0.1
6115,34,2,2,4,10.0,0,0.1,,,,,,,,,2.25,0.0,2.0,-2.0,-18.0,-18.03
12622,44,2,2,8,438.0,5,4.9,,,,,,,,,1.63,10.0,5.0,5.0,1.03,0.48
5892,30,2,2,17,1.45,16,16.1,,,,,,,,,0.82,20.0,30.0,-10.0,-0.62,-0.67
11413,28,2,2,29,2.464,27,27.4,,,,,,,,,2.07,57.0,37.0,20.0,0.73,1.2
1208,41,2,2,27,1.21,14,13.4,,,,,,,,,0.78,16.0,26.0,-10.0,-0.74,0.19
6116,32,2,2,28,2.52,28,28.0,,,,,,,,,0.5,27.0,62.0,-35.0,-1.25,-1.05
200,36,2,2,17,377.0,1,4.2,,,,,,,,,1.06,11.0,13.0,-2.0,-0.48,-0.36
1868,46,2,2,8,387.0,3,4.3,,,,,,,,,0.13,2.0,13.0,-11.0,-2.56,-0.84
1965,28,2,2,2,11.0,0,0.1,,,,,,,,,3.0,0.0,0.0,0.0,0.0,-0.4
2052,51,2,2,24,819.0,7,9.1,,,,,,,,,1.0,9.0,23.0,-14.0,-1.54,-1.5
9230,29,2,2,4,360.0,4,4.0,,,,,,,,,1.5,5.0,5.0,0.0,0.0,0.38
10070,32,2,2,16,420.0,3,4.7,,,,,,,,,0.63,4.0,10.0,-6.0,-1.29,-0.36
12425,30,2,2,0,,0,,,,,,,,,,,,,,,
7743,44,2,2,28,2.236,26,24.8,,,,,,,,,1.46,49.0,43.0,6.0,0.24,-1.05
8058,27,2,2,34,1.649,18,18.3,,,,,,,,,2.32,45.0,11.0,34.0,1.86,0.43
1655,46,2,2,32,2.572,28,28.6,,,,,,,,,0.38,22.0,81.0,-59.0,-2.06,-1.0
7882,40,2,2,13,679.0,8,7.5,,,,,,,,,2.15,16.0,7.0,9.0,1.19,0.01
9583,45,2,2,17,1.53,17,17.0,,,,,,,,,1.11,24.0,29.0,-5.0,-0.29,0.32
3375,49,2,2,28,2.391,28,26.6,,,,,,,,,1.93,56.0,40.0,16.0,0.6,0.86
8178,33,2,2,12,301.0,3,3.3,,,,,,,,,1.5,3.0,6.0,-3.0,-0.9,-1.39
5503,45,2,2,0,,0,,,,,,,,,,,,,,,
4721,34,2,2,0,,0,,,,,,,,,,,,,,,
4000,29,2,2,16,328.0,2,3.6,,,,,,,,,1.31,11.0,9.0,2.0,0.55,0.99
5263,30,2,2,0,,0,,,,,,,,,,,,,,,
14073,40,2,2,36,3.177,36,35.3,,,,,,,,,2.11,78.0,40.0,38.0,1.08,-1.52
11846,43,2,2,22,1.375,16,15.3,,,,,,,,,1.91,25.0,23.0,2.0,0.13,0.26
493,49,2,2,8,50.0,0,0.6,,,,,,,,,1.88,3.0,2.0,1.0,1.8,1.48
6701,31,2,2,27,1.588,17,17.6,,,,,,,,,1.3,28.0,32.0,-4.0,-0.23,-0.08
10005,49,2,2,27,2.339,27,26.0,,,,,,,,,1.85,47.0,38.0,9.0,0.35,0.01
1759,31,2,2,21,1.89,21,21.0,,,,,,,,,1.38,31.0,28.0,3.0,0.14,0.73
5198,49,2,2,38,3.42,38,38.0,,,,,,,,,1.74,74.0,61.0,13.0,0.34,
4266,27,2,2,11,297.0,2,3.3,,,,,,,,,2.36,11.0,2.0,9.0,2.73,1.2
8027,32,2,2,0,,0,,,,,,,,,,,,,,,
2352,36,2,2,13,315.0,2,3.5,,,,,,,,,1.23,6.0,5.0,1.0,0.29,0.49
6614,35,2,2,0,,0,,,,,,,,,,,,,,,
11741,43,2,2,0,,0,,,,,,,,,,,,,,,
14099,32,2,2,32,2.314,26,25.7,,,,,,,,,0.63,31.0,43.0,-12.0,-0.47,1.57
10975,45,2,2,5,450.0,5,5.0,,,,,,,,,0.6,6.0,12.0,-6.0,-1.2,-0.84
7930,42,2,2,32,2.767,30,30.7,,,,,,,,,2.34,78.0,29.0,49.0,1.59,-0.2
12008,27,2,2,0,,0,,,,,,,,,,,,,,,
32,43,2,2,22,1.78,20,19.8,,,,,,,,,1.32,30.0,34.0,-4.0,-0.2,-0.37
6708,34,2,2,26,1.98,23,22.0,,,,,,,,,1.19,23.0,34.0,-11.0,-0.5,-1.12
6121,50,2,2,37,3.001,34,33.3,,,,,,,,,1.38,53.0,65.0,-12.0,-0.36,0.07
8223,35,2,2,1,1.0,0,0.0,,,,,,,,,3.0,0.0,0.0,0.0,0.0,0.29
3287,33,2,2,2,13.0,0,0.1,,,,,,,,,1.5,1.0,1.0,0.0,0.0,-0.37
11053,28,2,2,37,3.217,37,35.7,,,,,,,,,1.84,71.0,56.0,15.0,0.42,0.42
188,31,2,2,15,1.144,13,12.7,,,,,,,,,1.13,16.0,22.0,-6.0,-0.47,-0.43
3070,31,2,2,29,1.693,21,18.8,,,,,,,,,1.21,25.0,28.0,-3.0,-0.16,0.05
9864,29,2,2,0,,0,,,,,,,,,,,,,,,
13564,49,2,2,13,809.0,10,9.0,,,,,,,,,1.62,18.0,16.0,2.0,0.22,-0.16
191,34,2,2,16,1.297,15,14.4,,,,,,,,,1.56,27.0,16.0,11.0,0.76,1.27
4147,43,2,2,3,16.0,0,0.2,,,,,,,,,1.0,0.0,0.0,0.0,0.0,0.03
1842,27,2,2,37,2.988,35,33.2,,,,,,,,,2.32,81.0,26.0,55.0,1.66,0.2
6665,44,2,2,4,13.0,0,0.1,,,,,,,,,1.0,2.0,0.0,2.0,13.85,13.29
798,49,2,2,0,,0,,,,,,,,,,,,,,,
9649,51,2,2,0,,0,,,,,,,,,,,,,,,
7097,34,2,2,0,,0,,,,,,,,,,,,,,,
10532,45,2,2,26,1.637,18,18.2,,,,,,,,,0.92,23.0,33.0,-10.0,-0.55,-0.15
14242,36,2,2,31,2.053,24,22.8,,,,,,,,,1.29,33.0,28.0,5.0,0.22,0.94
6673,44,2,2,9,419.0,5,4.7,,,,,,,,,1.56,6.0,9.0,-3.0,-0.64,-1.42
2240,44,2,2,20,991.0,9,11.0,,,,,,,,,1.65,30.0,15.0,15.0,1.36,1.07
5355,36,2,2,35,1.62,16,18.0,,,,,,,,,1.26,21.0,30.0,-9.0,-0.5,-0.65
14471,30,2,2,34,2.493,29,27.7,,,,,,,,,0.97,40.0,40.0,0.0,0.0,0.87
2542,45,2,2,31,1.812,20,20.1,,,,,,,,,0.94,28.0,34.0,-6.0,-0.3,0.37
2379,41,2,2,24,427.0,2,4.7,,,,,,,,,0.63,10.0,12.0,-2.0,-0.42,0.51
6679,45,2,2,7,439.0,5,4.9,,,,,,,,,1.57,7.0,8.0,-1.0,-0.21,0.31
5967,42,2,2,0,,0,,,,,,,,,,,,,,,
6125,28,2,2,0,,0,,,,,,,,,,,,,,,
14432,30,2,2,27,688.0,6,7.6,,,,,,,,,1.19,13.0,9.0,4.0,0.52,0.95
12428,45,2,2,35,1.992,21,22.1,,,,,,,,,1.0,31.0,38.0,-7.0,-0.32,0.38
1604,35,2,2,31,2.28,27,25.3,,,,,,,,,1.32,28.0,33.0,-5.0,-0.2,0.28
7431,28,2,2,0,,0,,,,,,,,,,,,,,,
5678,29,2,2,37,3.33,37,37.0,,,,,,,,,1.22,51.0,67.0,-16.0,-0.43,-3.43
10762,28,2,2,25,839.0,9,9.3,,,,,,,,,1.6,17.0,13.0,4.0,0.43,0.05
1016,32,2,2,6,152.0,1,1.7,,,,,,,,,0.17,2.0,4.0,-2.0,-1.18,-0.22
11002,27,2,2,27,1.722,20,19.1,,,,,,,,,2.26,38.0,15.0,23.0,1.2,-0.87
7924,50,2,2,33,2.838,32,31.5,,,,,,,,,1.39,53.0,63.0,-10.0,-0.32,0.3
11048,28,2,2,0,,0,,,,,,,,,,,,,,,
9297,27,2,2,35,3.091,35,34.3,,,,,,,,,2.37,80.0,23.0,57.0,1.66,0.29
9740,29,2,3,3,86.0,1,1.0,,,,,,,,,0.67,2.0,0.0,2.0,2.09,1.82
14590,45,2,3,0,,0,,,,,,,,,,,,,,,
7128,33,2,3,4,170.0,2,1.9,,,,,,,,,2.0,2.0,3.0,-1.0,-0.53,-1.14
13802,29,2,3,28,1.965,21,21.8,,,,,,,,,1.46,41.0,30.0,11.0,0.5,0.44
13761,33,2,3,22,1.409,15,15.7,,,,,,,,,1.86,29.0,14.0,15.0,0.96,0.69
12957,31,2,3,29,1.097,12,12.2,,,,,,,,,1.59,18.0,23.0,-5.0,-0.41,-0.88
2919,29,2,3,0,,0,,,,,,,,,,,,,,,
3964,51,2,3,16,1.41,16,15.7,,,,,,,,,1.44,20.0,22.0,-2.0,-0.13,0.45
1598,34,2,3,2,6.0,0,0.1,,,,,,,,,0.0,0.0,0.0,0.0,0.0,0.0
10449,34,2,3,0,,0,,,,,,,,,,,,,,,
10989,45,2,3,35,2.995,35,33.3,,,,,,,,,1.77,55.0,39.0,16.0,0.48,1.33
11911,51,2,3,37,3.109,37,34.5,,,,,,,,,1.05,46.0,66.0,-20.0,-0.58,-2.03
11205,49,2,3,0,,0,,,,,,,,,,,,,,,
7914,30,2,3,24,1.438,17,16.0,,,,,,,,,1.33,20.0,25.0,-5.0,-0.31,-0.95
8906,42,2,3,26,2.014,23,22.4,,,,,,,,,2.04,46.0,28.0,18.0,0.8,0.16
10461,42,2,3,10,678.0,8,7.5,,,,,,,,,1.4,11.0,11.0,0.0,0.0,-0.92
9412,29,2,3,0,,0,,,,,,,,,,,,,,,
2298,47,2,3,1,10.0,0,0.1,,,,,,,,,0.0,0.0,0.0,0.0,0.0,1.58
2295,35,2,3,15,764.0,7,8.5,,,,,,,,,1.47,12.0,9.0,3.0,0.35,0.52
13777,40,2,3,33,2.365,28,26.3,,,,,,,,,2.27,67.0,25.0,42.0,1.6,1.34
845,40,2,3,28,2.508,28,27.9,,,,,,,,,2.18,64.0,29.0,35.0,1.26,0.27
9742,42,2,3,0,,0,,,,,,,,,,,,,,,
10013,44,2,3,9,157.0,1,1.7,,,,,,,,,1.56,1.0,3.0,-2.0,-1.15,-1.78
10995,39,2,3,1,2.0,0,0.0,,,,,,,,,0.0,0.0,0.0,0.0,0.0,1.24
3756,50,2,3,28,1.772,20,19.7,,,,,,,,,1.25,19.0,29.0,-10.0,-0.51,-0.18
14206,39,2,3,1,1.0,0,0.0,,,,,,,,,0.0,0.0,0.0,0.0,0.0,1.24
5335,43,2,3,5,346.0,4,3.8,,,,,,,,,0.6,5.0,9.0,-4.0,-1.04,-0.86
12541,36,2,3,0,,0,,,,,,,,,,,,,,,
12543,47,2,3,2,28.0,0,0.3,,,,,,,,,0.0,0.0,0.0,0.0,0.0,1.59
9508,33,2,3,1,8.0,0,0.1,,,,,,,,,3.0,0.0,0.0,0.0,0.0,-0.55
6558,34,2,3,1,90.0,1,1.0,,,,,,,,,0.0,1.0,2.0,-1.0,-1.0,-1.03
6559,36,2,3,29,2.583,29,28.7,,,,,,,,,1.45,43.0,44.0,-1.0,-0.03,-0.14
3854,45,2,3,37,2.728,33,30.3,,,,,,,,,1.76,49.0,37.0,12.0,0.4,0.4
1053,51,2,3,33,2.472,31,27.5,,,,,,,,,1.15,39.0,46.0,-7.0,-0.25,0.5
1,33,2,3,0,,0,,,,,,,,,,,,,,,
6016,29,2,3,0,,0,,,,,,,,,,,,,,,
9973,50,2,3,14,836.0,11,9.3,,,,,,,,,1.07,13.0,18.0,-5.0,-0.54,-0.16
1434,43,2,3,8,141.0,0,1.6,,,,,,,,,0.88,5.0,2.0,3.0,1.91,2.27
4895,33,2,3,0,,0,,,,,,,,,,,,,,,
7288,29,2,3,12,497.0,7,5.5,,,,,,,,,1.08,2.0,10.0,-8.0,-1.45,-2.06
2258,47,2,3,35,1.441,13,16.0,,,,,,,,,0.26,10.0,34.0,-24.0,-1.5,0.14
874,50,2,3,26,2.26,25,25.1,,,,,,,,,0.96,29.0,41.0,-12.0,-0.48,-0.17
6633,47,2,3,32,2.013,21,22.4,,,,,,,,,0.34,17.0,56.0,-39.0,-1.74,-0.4
143,47,2,3,20,1.248,15,13.9,,,,,,,,,0.3,7.0,35.0,-28.0,-2.02,-0.69
5323,35,2,3,3,48.0,0,0.5,,,,,,,,,1.0,0.0,1.0,-1.0,-1.87,-1.85
7608,29,2,3,31,2.79,31,31.0,,,,,,,,,1.48,50.0,39.0,11.0,0.35,0.21
1879,30,2,3,0,,0,,,,,,,,,,,,,,,
9022,28,2,3,13,743.0,9,8.3,,,,,,,,,2.0,18.0,8.0,10.0,1.21,1.31
2102,49,2,3,1,90.0,1,1.0,,,,,,,,,0.0,1.0,2.0,-1.0,-1.0,-1.0
13254,45,2,3,26,416.0,3,4.6,,,,,,,,,1.92,5.0,10.0,-5.0,-1.08,-1.59
14405,31,2,3,34,1.965,22,21.8,,,,,,,,,1.68,31.0,28.0,3.0,0.14,-0.11
6913,34,2,3,1,21.0,0,0.2,,,,,,,,,0.0,0.0,1.0,-1.0,-4.29,-4.31
6914,39,2,3,30,1.638,19,18.2,,,,,,,,,0.77,17.0,41.0,-24.0,-1.32,-0.16
1932,33,2,3,5,334.0,3,3.7,,,,,,,,,1.8,7.0,5.0,2.0,0.54,-0.02
8123,28,2,3,24,1.139,14,12.7,,,,,,,,,1.54,22.0,19.0,3.0,0.24,0.08
2308,31,2,3,34,2.661,31,29.6,,,,,,,,,1.68,55.0,39.0,16.0,0.54,1.61
13926,31,2,3,0,,0,,,,,,,,,,,,,,,
12317,28,2,3,20,581.0,3,6.5,,,,,,,,,1.75,11.0,10.0,1.0,0.15,-0.04
5362,44,2,3,33,1.755,17,19.5,,,,,,,,,1.82,34.0,23.0,11.0,0.56,0.02
2248,36,2,3,35,3.074,34,34.2,,,,,,,,,1.51,49.0,47.0,2.0,0.06,0.58
2229,35,2,3,0,,0,,,,,,,,,,,,,,,
882,43,2,3,4,360.0,4,4.0,,,,,,,,,0.75,6.0,10.0,-4.0,-1.0,-0.82
6146,47,2,3,30,2.531,30,28.1,,,,,,,,,0.37,19.0,57.0,-38.0,-1.35,0.88
1614,35,2,3,0,,0,,,,,,,,,,,,,,,
1496,47,2,3,4,331.0,2,3.7,,,,,,,,,0.0,2.0,13.0,-11.0,-2.99,-1.56
6365,51,2,3,35,1.677,20,18.6,,,,,,,,,1.09,30.0,31.0,-1.0,-0.05,0.67
13197,36,2,3,0,,0,,,,,,,,,,,,,,,
12211,49,2,3,26,1.645,21,18.3,,,,,,,,,1.04,26.0,26.0,0.0,0.0,0.05
2929,51,2,3,2,180.0,2,2.0,,,,,,,,,1.5,3.0,4.0,-1.0,-0.5,-0.11
12611,36,2,3,31,2.224,26,24.7,,,,,,,,,1.48,33.0,34.0,-1.0,-0.04,-0.12
8473,49,2,3,27,1.212,11,13.5,,,,,,,,,1.11,28.0,25.0,3.0,0.22,0.39
13996,39,2,3,30,2.482,29,27.6,,,,,,,,,0.6,19.0,62.0,-43.0,-1.56,-1.18
1972,35,2,3,30,1.534,15,17.0,,,,,,,,,1.07,23.0,24.0,-1.0,-0.06,-0.01
9112,33,2,3,0,,0,,,,,,,,,,,,,,,
11576,29,2,3,10,184.0,1,2.0,,,,,,,,,1.9,5.0,4.0,1.0,0.49,0.18
14584,49,2,3,28,1.408,16,15.6,,,,,,,,,1.11,28.0,28.0,0.0,0.0,0.04
11126,42,2,3,3,16.0,0,0.2,,,,,,,,,3.0,0.0,1.0,-1.0,-5.63,-6.39
7951,28,2,3,8,476.0,5,5.3,,,,,,,,,1.5,10.0,11.0,-1.0,-0.19,-0.43
14255,45,2,3,6,150.0,1,1.7,,,,,,,,,2.17,3.0,1.0,2.0,1.2,0.92
13053,37,2,3,0,,0,,,,,,,,,,,,,,,
13230,44,2,3,8,412.0,6,4.6,,,,,,,,,1.63,7.0,4.0,3.0,0.66,0.12
6213,50,2,3,34,2.973,34,33.0,,,,,,,,,1.15,41.0,50.0,-9.0,-0.27,1.14
2725,40,2,3,19,754.0,7,8.4,,,,,,,,,1.84,13.0,10.0,3.0,0.36,-1.06
6209,35,2,3,30,2.511,28,27.9,,,,,,,,,1.33,34.0,28.0,6.0,0.22,1.01
12526,39,2,3,0,,0,,,,,,,,,,,,,,,
6075,47,2,3,17,1.075,13,11.9,,,,,,,,,0.29,8.0,31.0,-23.0,-1.93,-0.51
1797,47,2,3,10,449.0,4,5.0,,,,,,,,,0.2,2.0,10.0,-8.0,-1.6,-0.03
13478,42,2,3,0,,0,,,,,,,,,,,,,,,
10464,37,2,3,18,702.0,7,7.8,,,,,,,,,0.44,12.0,12.0,0.0,0.0,1.52
1885,28,2,3,0,,0,,,,,,,,,,,,,,,
1490,35,2,3,10,334.0,4,3.7,,,,,,,,,1.0,1.0,2.0,-1.0,-0.27,-0.24
3136,29,2,3,29,960.0,9,10.7,,,,,,,,,1.41,23.0,12.0,11.0,1.03,0.99
3912,28,2,3,12,98.0,0,1.1,,,,,,,,,2.0,0.0,2.0,-2.0,-1.84,-2.08
12641,51,2,3,29,1.687,18,18.7,,,,,,,,,1.31,26.0,34.0,-8.0,-0.43,-0.06
4274,39,2,3,31,1.523,14,16.9,,,,,,,,,0.52,17.0,33.0,-16.0,-0.95,0.53
2259,37,2,3,18,1.541,16,17.1,,,,,,,,,0.72,19.0,37.0,-18.0,-1.05,0.29
2857,44,2,3,37,3.33,37,37.0,,,,,,,,,1.78,68.0,45.0,23.0,0.62,2.62
14168,37,2,3,18,926.0,12,10.3,,,,,,,,,0.67,7.0,23.0,-16.0,-1.56,-0.47
10468,27,2,3,1,7.0,0,0.1,,,,,,,,,3.0,1.0,0.0,1.0,12.86,11.96
7785,31,2,3,0,,0,,,,,,,,,,,,,,,
10249,33,2,3,38,3.351,38,37.2,,,,,,,,,1.82,62.0,42.0,20.0,0.54,-0.77
13626,36,2,3,25,628.0,3,7.0,,,,,,,,,1.2,14.0,12.0,2.0,0.29,0.35
6406,37,2,3,30,1.959,25,21.8,,,,,,,,,0.67,24.0,46.0,-22.0,-1.01,0.47
12035,27,2,3,19,983.0,11,10.9,,,,,,,,,2.05,27.0,12.0,15.0,1.37,0.63
3592,35,2,3,26,1.609,19,17.9,,,,,,,,,1.27,17.0,18.0,-1.0,-0.06,-0.01
13422,39,2,3,0,,0,,,,,,,,,,,,,,,
3406,28,2,3,10,830.0,8,9.2,,,,,,,,,1.3,14.0,15.0,-1.0,-0.11,-0.39
12699,42,2,3,0,,0,,,,,,,,,,,,,,,
5408,39,2,3,0,,0,,,,,,,,,,,,,,,
4238,30,2,3,19,455.0,3,5.1,,,,,,,,,1.47,9.0,14.0,-5.0,-0.99,-1.41
2421,33,2,3,0,,0,,,,,,,,,,,,,,,
2367,43,2,3,24,1.494,18,16.6,,,,,,,,,1.29,18.0,20.0,-2.0,-0.12,0.25
7440,50,2,3,1,1.0,0,0.0,,,,,,,,,1.0,0.0,0.0,0.0,0.0,0.42
9715,28,2,3,27,2.07,24,23.0,,,,,,,,,1.78,35.0,22.0,13.0,0.57,0.97
3777,31,2,3,2,20.0,0,0.2,,,,,,,,,0.0,0.0,2.0,-2.0,-9.0,-9.24
3077,49,2,3,0,,0,,,,,,,,,,,,,,,
13575,36,2,3,24,1.649,17,18.3,,,,,,,,,1.33,30.0,28.0,2.0,0.11,0.21
13782,33,2,3,13,910.0,11,10.1,,,,,,,,,1.77,13.0,12.0,1.0,0.1,-0.62
13784,34,2,3,12,1.06,12,11.8,,,,,,,,,1.42,13.0,13.0,0.0,0.0,0.0
2727,37,2,3,22,857.0,10,9.5,,,,,,,,,0.41,8.0,20.0,-12.0,-1.26,-0.07
14509,35,2,3,4,45.0,0,0.5,,,,,,,,,0.5,1.0,0.0,1.0,2.0,2.08
4343,40,2,3,6,108.0,1,1.2,,,,,,,,,1.5,5.0,3.0,2.0,1.67,0.5
1802,34,2,3,8,259.0,1,2.9,,,,,,,,,2.0,6.0,4.0,2.0,0.69,0.75
2518,51,2,3,1,7.0,0,0.1,,,,,,,,,0.0,0.0,0.0,0.0,0.0,0.4
13309,51,2,3,0,,0,,,,,,,,,,,,,,,
5287,39,2,3,4,131.0,1,1.5,,,,,,,,,0.25,0.0,5.0,-5.0,-3.44,-2.29
12403,29,2,3,29,2.117,27,23.5,,,,,,,,,1.52,40.0,28.0,12.0,0.51,0.51
2114,27,2,3,0,,0,,,,,,,,,,,,,,,
5338,37,2,3,7,379.0,4,4.2,,,,,,,,,0.43,4.0,9.0,-5.0,-1.19,0.03
5910,37,2,3,32,1.181,12,13.1,,,,,,,,,0.59,14.0,31.0,-17.0,-1.3,-0.13
10513,34,2,3,13,483.0,5,5.4,,,,,,,,,1.31,4.0,11.0,-7.0,-1.3,-1.52
2729,39,2,3,22,1.714,19,19.0,,,,,,,,,0.73,16.0,42.0,-26.0,-1.37,-0.26
12714,35,2,3,5,215.0,3,2.4,,,,,,,,,1.6,4.0,4.0,0.0,0.0,0.06
10470,30,2,3,38,3.42,38,38.0,,,,,,,,,1.47,66.0,57.0,9.0,0.24,
13614,43,2,3,6,179.0,0,2.0,,,,,,,,,1.67,6.0,2.0,4.0,2.01,2.4
8183,33,2,3,35,3.149,35,35.0,,,,,,,,,1.77,56.0,41.0,15.0,0.43,-1.56
8192,29,2,3,36,2.978,32,33.1,,,,,,,,,1.39,47.0,43.0,4.0,0.12,-1.51
9857,47,2,3,2,72.0,1,0.8,,,,,,,,,0.0,0.0,4.0,-4.0,-5.0,-3.49
14115,50,2,3,22,1.067,11,11.9,,,,,,,,,1.0,12.0,21.0,-9.0,-0.76,-0.49
14293,39,2,3,4,109.0,1,1.2,,,,,,,,,0.75,0.0,6.0,-6.0,-4.95,-3.84
8,50,2,3,18,824.0,10,9.2,,,,,,,,,1.78,8.0,8.0,0.0,0.0,0.55
8955,33,2,3,36,2.988,33,33.2,,,,,,,,,1.89,60.0,38.0,22.0,0.66,0.87
6974,36,2,3,8,351.0,4,3.9,,,,,,,,,1.5,5.0,8.0,-3.0,-0.77,-0.86
8703,51,2,3,0,,0,,,,,,,,,,,,,,,
9459,51,2,3,33,2.597,29,28.9,,,,,,,,,0.97,41.0,54.0,-13.0,-0.45,-0.23
11395,39,2,3,23,736.0,6,8.2,,,,,,,,,0.61,7.0,16.0,-9.0,-1.1,0.17
3504,43,2,3,33,2.814,31,31.3,,,,,,,,,1.15,34.0,45.0,-11.0,-0.35,-0.5
10094,30,2,3,38,2.911,34,32.3,,,,,,,,,1.47,58.0,41.0,17.0,0.53,1.94
6306,40,2,3,1,11.0,0,0.1,,,,,,,,,3.0,0.0,1.0,-1.0,-8.18,-9.4
7642,49,2,3,10,842.0,9,9.4,,,,,,,,,0.8,11.0,18.0,-7.0,-0.75,-0.96
1806,49,2,3,17,1.331,14,14.8,,,,,,,,,1.0,22.0,26.0,-4.0,-0.27,-0.4
5365,40,2,3,0,,0,,,,,,,,,,,,,,,
8074,37,2,3,33,2.743,32,30.5,,,,,,,,,0.52,29.0,69.0,-40.0,-1.31,-0.51
2754,51,2,3,15,971.0,10,10.8,,,,,,,,,0.87,16.0,25.0,-9.0,-0.83,-0.61
7649,42,2,3,28,1.702,19,18.9,,,,,,,,,1.82,41.0,19.0,22.0,1.16,0.85
2016,39,2,3,23,744.0,9,8.3,,,,,,,,,0.65,9.0,17.0,-8.0,-0.97,0.34
8226,37,2,3,37,2.593,32,28.8,,,,,,,,,0.59,25.0,58.0,-33.0,-1.15,0.27
12793,30,2,3,31,2.586,29,28.7,,,,,,,,,1.55,54.0,49.0,5.0,0.17,-0.26
14208,29,2,3,0,,0,,,,,,,,,,,,,,,
7395,34,2,3,23,507.0,4,5.6,,,,,,,,,1.65,8.0,8.0,0.0,0.0,0.0
788,49,2,3,0,,0,,,,,,,,,,,,,,,
7746,33,2,3,13,264.0,2,2.9,,,,,,,,,2.15,6.0,3.0,3.0,1.02,0.51
936,43,2,3,26,1.901,20,21.1,,,,,,,,,1.08,28.0,30.0,-2.0,-0.09,0.38
12342,42,2,3,27,2.271,25,25.2,,,,,,,,,2.11,50.0,21.0,29.0,1.15,1.23
8585,40,2,3,36,2.399,28,26.7,,,,,,,,,2.25,67.0,21.0,46.0,1.73,1.81
13807,47,2,3,33,1.874,20,20.8,,,,,,,,,0.27,16.0,50.0,-34.0,-1.63,-0.12
8489,28,2,3,32,2.351,28,26.1,,,,,,,,,1.59,35.0,36.0,-1.0,-0.04,-0.71
5825,36,2,3,21,1.339,15,14.9,,,,,,,,,1.52,19.0,19.0,0.0,0.0,0.0
1660,28,2,3,7,490.0,5,5.4,,,,,,,,,1.57,8.0,9.0,-1.0,-0.18,-0.43
1662,33,2,3,6,364.0,4,4.0,,,,,,,,,2.17,5.0,3.0,2.0,0.49,-0.07
12275,35,2,3,1,90.0,1,1.0,,,,,,,,,0.0,0.0,4.0,-4.0,-4.0,-4.05
10453,51,2,3,5,66.0,1,0.7,,,,,,,,,2.4,1.0,2.0,-1.0,-1.36,-0.99
9570,51,2,3,30,2.109,25,23.4,,,,,,,,,1.33,26.0,38.0,-12.0,-0.51,-0.31
6451,42,2,3,29,1.516,16,16.8,,,,,,,,,1.9,34.0,14.0,20.0,1.19,0.81
10679,45,2,3,34,1.963,23,21.8,,,,,,,,,1.76,31.0,27.0,4.0,0.18,-0.31
11358,43,2,3,12,842.0,10,9.4,,,,,,,,,0.75,7.0,11.0,-4.0,-0.43,-0.22
790,49,2,3,1,14.0,0,0.2,,,,,,,,,3.0,0.0,0.0,0.0,0.0,0.03
86,35,2,3,33,2.564,31,28.5,,,,,,,,,1.3,27.0,33.0,-6.0,-0.21,-0.63
2476,34,2,3,13,452.0,4,5.0,,,,,,,,,1.38,5.0,7.0,-2.0,-0.4,-0.46
4614,47,2,3,27,2.151,25,23.9,,,,,,,,,0.33,14.0,49.0,-35.0,-1.46,0.31
13730,51,2,3,24,488.0,3,5.4,,,,,,,,,0.96,7.0,10.0,-3.0,-0.55,-0.18
11750,49,2,3,16,1.252,14,13.9,,,,,,,,,0.88,25.0,29.0,-4.0,-0.29,-0.41
9304,44,2,3,10,900.0,10,10.0,,,,,,,,,2.1,23.0,12.0,11.0,1.1,0.74
8199,31,2,3,25,2.083,23,23.1,,,,,,,,,1.24,33.0,42.0,-9.0,-0.39,-1.47
6000,28,2,3,20,638.0,4,7.1,,,,,,,,,1.5,12.0,12.0,0.0,0.0,-0.23
2698,35,2,3,0,,0,,,,,,,,,,,,,,,
2672,42,2,3,1,6.0,0,0.1,,,,,,,,,3.0,0.0,0.0,0.0,0.0,-0.74
3713,42,2,3,26,2.32,26,25.8,,,,,,,,,2.0,49.0,26.0,23.0,0.89,0.48
4915,37,2,3,1,2.0,0,0.0,,,,,,,,,0.0,0.0,0.0,0.0,0.0,1.21
10971,39,2,3,4,29.0,0,0.3,,,,,,,,,1.0,0.0,1.0,-1.0,-3.1,-1.88
10970,34,2,3,2,115.0,1,1.3,,,,,,,,,0.0,1.0,2.0,-1.0,-0.78,-0.81
12557,47,2,3,2,65.0,0,0.7,,,,,,,,,0.0,0.0,0.0,0.0,0.0,1.61
13630,51,2,3,0,,0,,,,,,,,,,,,,,,
12308,47,2,3,1,12.0,0,0.1,,,,,,,,,0.0,0.0,1.0,-1.0,-7.5,-5.94
1301,45,2,3,38,2.501,31,27.8,,,,,,,,,1.71,45.0,35.0,10.0,0.36,0.16
5370,40,2,3,18,371.0,2,4.1,,,,,,,,,2.06,11.0,6.0,5.0,1.21,0.03
14550,30,2,3,10,42.0,0,0.5,,,,,,,,,2.2,1.0,2.0,-1.0,-2.14,-2.41
7344,37,2,3,13,869.0,12,9.7,,,,,,,,,0.46,9.0,18.0,-9.0,-0.93,0.37
7343,31,2,3,12,294.0,2,3.3,,,,,,,,,1.5,3.0,4.0,-1.0,-0.31,-0.54
14161,40,2,3,20,273.0,1,3.0,,,,,,,,,2.5,4.0,5.0,-1.0,-0.33,-1.65
2563,43,2,3,23,1.061,11,11.8,,,,,,,,,1.13,17.0,16.0,1.0,0.08,0.5
12258,34,2,3,7,138.0,1,1.5,,,,,,,,,1.57,5.0,3.0,2.0,1.3,1.36
11549,31,2,3,30,2.402,26,26.7,,,,,,,,,1.57,47.0,44.0,3.0,0.11,-0.24
4178,29,2,3,31,2.319,28,25.8,,,,,,,,,1.45,34.0,29.0,5.0,0.19,-0.38
6035,39,2,3,4,24.0,0,0.3,,,,,,,,,1.75,0.0,1.0,-1.0,-3.75,-2.53
6903,43,2,3,7,315.0,3,3.5,,,,,,,,,2.43,8.0,2.0,6.0,1.71,2.18
7302,30,2,3,0,,0,,,,,,,,,,,,,,,
3687,34,2,3,34,2.588,31,28.8,,,,,,,,,1.5,39.0,34.0,5.0,0.17,0.71
13843,50,2,3,14,1.16,13,12.9,,,,,,,,,1.5,17.0,21.0,-4.0,-0.31,0.17
14287,39,2,3,34,2.815,30,31.3,,,,,,,,,0.71,29.0,63.0,-34.0,-1.09,0.85
106,39,2,3,11,579.0,6,6.4,,,,,,,,,0.91,7.0,14.0,-7.0,-1.09,0.18
6591,33,2,3,12,369.0,3,4.1,,,,,,,,,2.25,10.0,4.0,6.0,1.46,1.02
4168,31,2,3,13,246.0,2,2.7,,,,,,,,,0.92,4.0,7.0,-3.0,-1.1,-1.38
4169,50,2,3,8,156.0,1,1.7,,,,,,,,,1.13,0.0,2.0,-2.0,-1.15,-0.77
2162,43,2,3,36,3.018,35,33.5,,,,,,,,,1.17,41.0,43.0,-2.0,-0.06,1.73
9438,47,2,3,36,2.909,34,32.3,,,,,,,,,0.33,25.0,66.0,-41.0,-1.27,2.08
4031,33,2,3,36,2.947,32,32.7,,,,,,,,,1.75,56.0,37.0,19.0,0.58,0.2
6298,43,2,3,0,,0,,,,,,,,,,,,,,,
9217,30,2,3,37,3.275,37,36.4,,,,,,,,,1.51,66.0,55.0,11.0,0.3,1.54
5913,43,2,3,0,,0,,,,,,,,,,,,,,,
11570,42,2,3,28,1.777,20,19.7,,,,,,,,,1.54,30.0,24.0,6.0,0.3,-0.9
14170,50,2,3,0,,0,,,,,,,,,,,,,,,
14177,33,2,3,14,1.172,14,13.0,,,,,,,,,2.0,25.0,13.0,12.0,0.92,0.56
2325,51,2,3,10,239.0,1,2.7,,,,,,,,,0.8,6.0,9.0,-3.0,-1.13,-0.79
4753,49,2,3,7,630.0,7,7.0,,,,,,,,,0.71,14.0,15.0,-1.0,-0.14,-0.14
9461,34,2,3,4,55.0,0,0.6,,,,,,,,,1.25,2.0,0.0,2.0,3.27,3.33
12407,47,2,3,8,306.0,4,3.4,,,,,,,,,0.25,4.0,10.0,-6.0,-1.76,-0.2
1889,30,2,3,0,,0,,,,,,,,,,,,,,,
13809,43,2,3,2,165.0,2,1.8,,,,,,,,,0.0,1.0,5.0,-4.0,-2.18,-2.02
10607,50,2,3,18,790.0,6,8.8,,,,,,,,,0.94,16.0,18.0,-2.0,-0.23,0.25
2702,40,2,3,35,1.935,23,21.5,,,,,,,,,2.2,45.0,25.0,20.0,0.93,-0.58
5575,35,2,3,37,3.063,35,34.0,,,,,,,,,1.27,37.0,39.0,-2.0,-0.06,-0.06
1168,28,2,3,7,318.0,5,3.5,,,,,,,,,1.57,7.0,5.0,2.0,0.57,0.42
471,43,2,3,36,2.199,23,24.4,,,,,,,,,1.0,26.0,36.0,-10.0,-0.41,-0.41
6079,35,2,3,21,1.594,17,17.7,,,,,,,,,1.57,21.0,19.0,2.0,0.11,0.31
6637,28,2,3,0,,0,,,,,,,,,,,,,,,
13830,33,2,3,8,183.0,1,2.0,,,,,,,,,2.25,4.0,0.0,4.0,1.97,1.49
10265,45,2,3,34,2.803,34,31.1,,,,,,,,,1.74,49.0,34.0,15.0,0.48,0.92
1998,31,2,3,2,98.0,1,1.1,,,,,,,,,3.0,2.0,1.0,1.0,0.92,0.76
1814,37,2,3,3,159.0,2,1.8,,,,,,,,,0.0,1.0,10.0,-9.0,-5.09,-4.07
9284,36,2,3,2,24.0,0,0.3,,,,,,,,,0.5,0.0,0.0,0.0,0.0,0.0
9937,39,2,3,1,1.0,0,0.0,,,,,,,,,3.0,0.0,0.0,0.0,0.0,1.24
6597,51,2,3,36,2.974,35,33.0,,,,,,,,,1.08,45.0,58.0,-13.0,-0.39,0.01
12217,51,2,3,25,810.0,7,9.0,,,,,,,,,1.2,18.0,20.0,-2.0,-0.22,0.23
13768,51,2,3,31,2.614,30,29.0,,,,,,,,,1.32,44.0,45.0,-1.0,-0.03,1.53
3423,31,2,3,16,516.0,4,5.7,,,,,,,,,1.88,16.0,13.0,3.0,0.52,0.4
6642,40,2,3,9,519.0,6,5.8,,,,,,,,,2.56,17.0,8.0,9.0,1.56,0.44
10690,42,2,3,11,760.0,9,8.4,,,,,,,,,2.27,17.0,7.0,10.0,1.18,0.58
1305,44,2,3,34,2.434,28,27.0,,,,,,,,,1.68,43.0,33.0,10.0,0.37,-0.63
6545,27,2,3,0,,0,,,,,,,,,,,,,,,
5450,43,2,3,0,,0,,,,,,,,,,,,,,,
12412,40,2,3,37,3.16,37,35.1,,,,,,,,,2.27,79.0,35.0,44.0,1.25,0.91
1444,49,2,3,28,1.751,19,19.5,,,,,,,,,1.11,30.0,41.0,-11.0,-0.57,-1.1
5917,42,2,3,20,721.0,7,8.0,,,,,,,,,2.0,17.0,10.0,7.0,0.87,0.17
5954,37,2,3,25,2.205,25,24.5,,,,,,,,,0.4,19.0,53.0,-34.0,-1.39,-0.5
2090,31,2,3,21,687.0,8,7.6,,,,,,,,,1.38,14.0,15.0,-1.0,-0.13,-0.39
388,47,2,3,4,143.0,2,1.6,,,,,,,,,0.75,2.0,3.0,-1.0,-0.63,0.99
5127,51,2,3,29,995.0,10,11.1,,,,,,,,,0.93,16.0,25.0,-9.0,-0.81,-0.59
8960,34,2,3,34,3.059,34,34.0,,,,,,,,,1.35,42.0,42.0,0.0,0.0,0.0
8588,50,2,3,12,150.0,1,1.7,,,,,,,,,0.5,2.0,5.0,-3.0,-1.8,-1.44
2166,44,2,3,38,3.271,38,36.3,,,,,,,,,1.74,67.0,44.0,23.0,0.63,1.84
8964,33,2,3,3,73.0,0,0.8,,,,,,,,,1.33,2.0,2.0,0.0,0.0,-0.56
5674,42,2,3,33,2.223,25,24.7,,,,,,,,,1.94,53.0,28.0,25.0,1.01,0.79
8829,33,2,3,32,1.862,19,20.7,,,,,,,,,1.66,39.0,26.0,13.0,0.63,0.17
7164,42,2,3,37,3.277,36,36.4,,,,,,,,,1.92,70.0,41.0,29.0,0.8,1.43
4107,42,2,3,31,2.736,31,30.4,,,,,,,,,1.77,58.0,38.0,20.0,0.66,-0.39
8207,44,2,3,27,2.189,24,24.3,,,,,,,,,1.63,44.0,31.0,13.0,0.53,-0.05
819,37,2,3,11,134.0,0,1.5,,,,,,,,,0.82,1.0,5.0,-4.0,-2.69,-1.54
8804,49,2,3,0,,0,,,,,,,,,,,,,,,
9118,37,2,3,2,45.0,0,0.5,,,,,,,,,0.0,0.0,1.0,-1.0,-2.0,-0.8
1446,29,2,3,0,,0,,,,,,,,,,,,,,,
3879,43,2,3,0,,0,,,,,,,,,,,,,,,
5920,35,2,3,34,2.076,24,23.1,,,,,,,,,1.21,20.0,27.0,-7.0,-0.3,-0.64
13313,47,2,3,34,2.825,32,31.4,,,,,,,,,0.35,20.0,65.0,-45.0,-1.43,0.84
7442,27,2,3,23,1.875,21,20.8,,,,,,,,,2.13,40.0,20.0,20.0,0.96,0.09
5740,35,2,3,0,,0,,,,,,,,,,,,,,,
13633,43,2,3,0,,0,,,,,,,,,,,,,,,
1684,27,2,3,0,,0,,,,,,,,,,,,,,,
1685,43,2,3,4,170.0,2,1.9,,,,,,,,,1.75,1.0,1.0,0.0,0.0,0.28
6161,31,2,3,34,2.958,33,32.9,,,,,,,,,1.59,55.0,46.0,9.0,0.27,0.66
5502,51,2,3,21,661.0,5,7.3,,,,,,,,,0.86,8.0,19.0,-11.0,-1.5,-1.37
3268,34,2,3,38,3.42,38,38.0,,,,,,,,,1.39,51.0,51.0,0.0,0.0,
14166,45,2,3,0,,0,,,,,,,,,,,,,,,
12067,30,2,3,5,99.0,0,1.1,,,,,,,,,2.0,4.0,3.0,1.0,0.91,0.69
5925,27,2,3,0,,0,,,,,,,,,,,,,,,
8753,39,2,3,27,2.385,27,26.5,,,,,,,,,0.56,23.0,58.0,-35.0,-1.32,-0.28
13056,49,2,3,30,2.11,24,23.4,,,,,,,,,1.13,44.0,35.0,9.0,0.38,1.07
13,30,2,3,0,,0,,,,,,,,,,,,,,,
6084,29,2,3,10,448.0,6,5.0,,,,,,,,,1.3,7.0,9.0,-2.0,-0.4,-0.83
5928,31,2,3,26,1.842,22,20.5,,,,,,,,,1.73,39.0,30.0,9.0,0.44,0.55
4917,37,2,3,26,661.0,5,7.3,,,,,,,,,0.5,10.0,16.0,-6.0,-0.82,0.49
12097,34,2,3,0,,0,,,,,,,,,,,,,,,
9397,35,2,3,1,6.0,0,0.1,,,,,,,,,0.0,0.0,1.0,-1.0,-15.0,-14.97
5340,31,2,3,1,7.0,0,0.1,,,,,,,,,3.0,1.0,0.0,1.0,12.86,12.7
2233,45,2,3,31,2.194,25,24.4,,,,,,,,,1.74,37.0,23.0,14.0,0.57,0.72
14214,34,2,3,33,2.108,24,23.4,,,,,,,,,1.45,31.0,30.0,1.0,0.04,0.11
3273,29,2,3,32,2.427,26,27.0,,,,,,,,,1.5,42.0,31.0,11.0,0.41,0.32
11089,37,2,3,31,2.583,30,28.7,,,,,,,,,0.55,25.0,61.0,-36.0,-1.25,-0.18
11860,43,2,3,32,2.004,23,22.3,,,,,,,,,1.03,17.0,31.0,-14.0,-0.63,-0.88
5598,31,2,3,13,961.0,10,10.7,,,,,,,,,1.54,17.0,17.0,0.0,0.0,-0.26
3064,50,2,3,15,284.0,1,3.2,,,,,,,,,1.07,4.0,4.0,0.0,0.0,0.46
13520,35,2,3,18,574.0,5,6.4,,,,,,,,,1.0,9.0,16.0,-7.0,-1.1,-1.26
1216,50,2,3,10,166.0,1,1.8,,,,,,,,,1.1,1.0,4.0,-3.0,-1.63,-1.27
709,44,2,3,34,2.756,34,30.6,,,,,,,,,1.88,61.0,41.0,20.0,0.65,0.52
2952,39,2,3,0,,0,,,,,,,,,,,,,,,
633,36,2,3,38,2.981,35,33.1,,,,,,,,,1.42,40.0,45.0,-5.0,-0.15,-1.18
10703,33,2,3,30,2.22,28,24.7,,,,,,,,,1.8,42.0,23.0,19.0,0.77,0.62
11941,33,2,3,19,1.063,12,11.8,,,,,,,,,1.63,13.0,14.0,-1.0,-0.08,-0.92
14085,30,2,3,32,2.254,27,25.0,,,,,,,,,1.34,38.0,37.0,1.0,0.04,-0.58
14087,40,2,3,1,12.0,0,0.1,,,,,,,,,3.0,0.0,0.0,0.0,0.0,-1.19
2956,29,2,3,16,119.0,0,1.3,,,,,,,,,1.25,7.0,2.0,5.0,3.78,3.59
9482,30,2,3,24,862.0,8,9.6,,,,,,,,,1.71,20.0,17.0,3.0,0.31,0.1
4798,27,2,3,17,608.0,6,6.8,,,,,,,,,1.94,15.0,5.0,10.0,1.48,0.68
11896,36,2,3,38,2.494,30,27.7,,,,,,,,,1.42,31.0,37.0,-6.0,-0.22,-0.8
6070,28,2,3,0,,0,,,,,,,,,,,,,,,
7789,30,2,3,3,30.0,0,0.3,,,,,,,,,0.33,0.0,0.0,0.0,0.0,-0.24
6610,31,2,3,27,1.948,23,21.6,,,,,,,,,1.48,33.0,27.0,6.0,0.28,0.22
6712,44,2,3,29,2.393,29,26.6,,,,,,,,,1.83,51.0,32.0,19.0,0.71,0.54
1822,37,2,3,23,1.354,14,15.0,,,,,,,,,0.74,17.0,36.0,-19.0,-1.26,-0.09
2136,49,2,3,33,2.177,24,24.2,,,,,,,,,1.03,40.0,38.0,2.0,0.08,0.3
12506,34,2,3,0,,0,,,,,,,,,,,,,,,
12507,51,2,3,7,630.0,7,7.0,,,,,,,,,0.14,9.0,17.0,-8.0,-1.14,-0.92
2809,40,2,3,33,1.712,19,19.0,,,,,,,,,2.09,38.0,26.0,12.0,0.63,-1.11
6994,27,2,3,15,704.0,9,7.8,,,,,,,,,2.0,14.0,7.0,7.0,0.89,-0.03
3508,40,2,3,26,1.196,14,13.3,,,,,,,,,2.12,28.0,12.0,16.0,1.2,0.03
5274,29,2,3,0,,0,,,,,,,,,,,,,,,
6088,39,2,3,36,2.912,34,32.4,,,,,,,,,0.67,31.0,68.0,-37.0,-1.14,0.63
4473,33,2,3,6,540.0,6,6.0,,,,,,,,,1.5,12.0,9.0,3.0,0.5,-0.06
5819,27,2,3,0,,0,,,,,,,,,,,,,,,
5829,42,2,3,0,,0,,,,,,,,,,,,,,,
8813,27,2,3,0,,0,,,,,,,,,,,,,,,
4419,31,2,3,6,385.0,5,4.3,,,,,,,,,1.33,5.0,8.0,-3.0,-0.7,-1.0
2824,34,2,3,34,1.564,15,17.4,,,,,,,,,1.38,25.0,26.0,-1.0,-0.06,-0.11
2049,28,2,3,26,1.726,20,19.2,,,,,,,,,1.69,28.0,22.0,6.0,0.31,0.26
6561,47,2,3,2,14.0,0,0.2,,,,,,,,,0.0,0.0,1.0,-1.0,-6.43,-4.87
9942,30,2,3,12,528.0,6,5.9,,,,,,,,,1.83,15.0,5.0,10.0,1.7,1.74
9949,35,2,3,14,1.049,11,11.7,,,,,,,,,1.29,12.0,20.0,-8.0,-0.69,-0.91
2270,40,2,3,10,900.0,10,10.0,,,,,,,,,2.3,22.0,12.0,10.0,1.0,-0.25
8268,44,2,3,10,303.0,4,3.4,,,,,,,,,1.6,2.0,6.0,-4.0,-1.19,-1.91
10124,29,2,3,38,3.336,38,37.1,,,,,,,,,1.47,52.0,45.0,7.0,0.19,-5.17
1985,39,2,3,32,2.182,27,24.2,,,,,,,,,0.63,17.0,54.0,-37.0,-1.53,-0.8
101,42,2,3,6,503.0,6,5.6,,,,,,,,,1.67,8.0,6.0,2.0,0.36,-0.44
9749,50,2,3,38,3.348,38,37.2,,,,,,,,,1.13,45.0,62.0,-17.0,-0.46,-1.71
7140,36,2,3,8,130.0,1,1.4,,,,,,,,,1.38,3.0,0.0,3.0,2.08,2.16
8772,49,2,3,0,,0,,,,,,,,,,,,,,,
13638,51,2,3,1,1.0,0,0.0,,,,,,,,,1.0,0.0,0.0,0.0,0.0,0.39
1371,49,2,3,6,540.0,6,6.0,,,,,,,,,0.5,6.0,11.0,-5.0,-0.83,-0.96
6052,27,2,3,17,1.122,10,12.5,,,,,,,,,1.82,19.0,15.0,4.0,0.32,-0.89
7410,29,2,3,34,2.34,29,26.0,,,,,,,,,1.5,36.0,29.0,7.0,0.27,-0.15
6650,31,2,3,0,,0,,,,,,,,,,,,,,,
5555,40,2,3,31,2.56,30,28.4,,,,,,,,,2.26,60.0,28.0,32.0,1.13,-0.24
12769,43,2,3,0,,0,,,,,,,,,,,,,,,
4200,28,2,3,34,2.936,33,32.6,,,,,,,,,1.76,48.0,45.0,3.0,0.09,-0.65
9425,42,2,3,31,2.198,25,24.4,,,,,,,,,1.94,50.0,28.0,22.0,0.9,0.46
2217,34,2,3,2,13.0,0,0.1,,,,,,,,,0.0,0.0,1.0,-1.0,-6.92,-6.95
3937,44,2,3,12,342.0,2,3.8,,,,,,,,,1.92,5.0,2.0,3.0,0.79,0.26
10226,50,2,3,32,2.59,31,28.8,,,,,,,,,1.13,33.0,45.0,-12.0,-0.42,0.02
5122,43,2,3,0,,0,,,,,,,,,,,,,,,
3291,49,2,3,32,2.389,27,26.5,,,,,,,,,1.06,50.0,41.0,9.0,0.34,1.21
9775,34,2,3,35,3.116,35,34.6,,,,,,,,,1.49,49.0,45.0,4.0,0.12,1.3
168,47,2,3,14,361.0,5,4.0,,,,,,,,,0.5,3.0,8.0,-5.0,-1.25,0.37
13302,31,2,3,15,860.0,10,9.6,,,,,,,,,1.4,14.0,21.0,-7.0,-0.73,-1.22
14216,49,2,3,3,11.0,0,0.1,,,,,,,,,1.33,0.0,0.0,0.0,0.0,0.03
6062,44,2,3,0,,0,,,,,,,,,,,,,,,
12292,33,2,3,16,797.0,11,8.9,,,,,,,,,1.88,11.0,11.0,0.0,0.0,-0.72
9180,51,2,3,17,1.364,15,15.2,,,,,,,,,0.53,22.0,39.0,-17.0,-1.12,-1.21
1961,36,2,3,38,3.42,38,38.0,,,,,,,,,1.42,54.0,54.0,0.0,0.0,
6388,34,2,3,33,2.274,26,25.3,,,,,,,,,1.42,35.0,36.0,-1.0,-0.04,-0.12
12071,42,2,3,28,1.893,21,21.0,,,,,,,,,1.82,41.0,27.0,14.0,0.67,-0.16
7555,30,2,3,38,3.093,36,34.4,,,,,,,,,1.47,58.0,49.0,9.0,0.26,0.26
10374,27,2,3,23,1.369,15,15.2,,,,,,,,,1.96,26.0,16.0,10.0,0.66,-0.44
9662,43,2,3,29,2.123,25,23.6,,,,,,,,,1.28,32.0,36.0,-4.0,-0.17,0.25
11495,51,2,3,3,70.0,1,0.8,,,,,,,,,1.0,0.0,2.0,-2.0,-2.57,-2.22
14014,43,2,3,16,704.0,6,7.8,,,,,,,,,1.25,10.0,9.0,1.0,0.13,0.49
6486,35,2,3,25,1.239,15,13.8,,,,,,,,,1.2,15.0,14.0,1.0,0.07,0.2
13957,44,2,3,37,2.84,32,31.6,,,,,,,,,1.7,58.0,40.0,18.0,0.57,0.1
12719,44,2,3,25,798.0,8,8.9,,,,,,,,,1.88,9.0,11.0,-2.0,-0.23,-1.02
12674,36,2,3,30,2.344,28,26.0,,,,,,,,,1.37,37.0,38.0,-1.0,-0.04,-0.12
6651,47,2,3,3,270.0,3,3.0,,,,,,,,,0.33,2.0,7.0,-5.0,-1.67,-0.1
9409,37,2,3,11,201.0,2,2.2,,,,,,,,,0.55,1.0,7.0,-6.0,-2.69,-1.57
5516,28,2,3,29,1.139,10,12.7,,,,,,,,,1.76,23.0,16.0,7.0,0.55,0.55
762,40,2,3,35,2.599,30,28.9,,,,,,,,,2.34,69.0,24.0,45.0,1.56,1.56
6091,49,2,3,31,1.809,21,20.1,,,,,,,,,1.1,38.0,32.0,6.0,0.3,0.69
10924,33,2,3,32,2.033,27,22.6,,,,,,,,,1.97,38.0,28.0,10.0,0.44,-0.27
4802,27,2,3,28,2.363,28,26.3,,,,,,,,,2.04,50.0,22.0,28.0,1.07,0.47
3732,30,2,3,8,119.0,0,1.3,,,,,,,,,1.25,3.0,1.0,2.0,1.51,1.32
5347,43,2,3,27,1.758,19,19.5,,,,,,,,,1.07,20.0,27.0,-7.0,-0.36,-0.2
7828,43,2,3,25,1.651,19,18.3,,,,,,,,,1.0,19.0,27.0,-8.0,-0.44,-0.33
13818,43,2,3,3,100.0,2,1.1,,,,,,,,,1.0,0.0,1.0,-1.0,-0.9,-0.66
3632,28,2,3,14,305.0,2,3.4,,,,,,,,,1.93,7.0,6.0,1.0,0.3,0.12
9441,51,2,3,1,2.0,0,0.0,,,,,,,,,0.0,0.0,0.0,0.0,0.0,0.39
11103,35,2,3,19,1.261,14,14.0,,,,,,,,,1.21,13.0,10.0,3.0,0.21,0.42
12417,47,2,3,24,1.462,18,16.2,,,,,,,,,0.29,12.0,35.0,-23.0,-1.42,0.28
13051,31,2,3,8,168.0,1,1.9,,,,,,,,,1.75,4.0,3.0,1.0,0.54,0.37
11069,42,2,3,16,1.175,14,13.1,,,,,,,,,2.06,26.0,12.0,14.0,1.07,0.51
14592,34,2,3,0,,0,,,,,,,,,,,,,,,
4806,27,2,3,33,2.29,25,25.4,,,,,,,,,1.94,45.0,25.0,20.0,0.79,-0.41
3954,28,2,3,37,3.194,37,35.5,,,,,,,,,1.7,56.0,45.0,11.0,0.31,1.9
8262,43,2,3,20,1.751,20,19.5,,,,,,,,,1.35,25.0,27.0,-2.0,-0.1,0.33
11307,49,2,3,36,1.913,22,21.3,,,,,,,,,0.97,33.0,38.0,-5.0,-0.24,-0.47
6362,34,2,3,37,2.648,33,29.4,,,,,,,,,1.35,43.0,37.0,6.0,0.2,0.9
11964,34,2,3,0,,0,,,,,,,,,,,,,,,
10528,35,2,3,0,,0,,,,,,,,,,,,,,,
13181,39,2,3,30,1.615,16,17.9,,,,,,,,,0.5,18.0,38.0,-20.0,-1.11,0.23
7864,50,2,3,33,2.045,21,22.7,,,,,,,,,1.15,22.0,38.0,-16.0,-0.7,-0.7
4196,50,2,3,0,,0,,,,,,,,,,,,,,,
10939,43,2,3,37,2.838,34,31.5,,,,,,,,,1.14,23.0,43.0,-20.0,-0.63,-2.18
2185,30,2,3,38,3.414,38,37.9,,,,,,,,,1.47,66.0,55.0,11.0,0.29,30.29
6095,42,2,3,15,349.0,3,3.9,,,,,,,,,2.33,9.0,6.0,3.0,0.77,0.04
7534,39,2,3,18,852.0,9,9.5,,,,,,,,,0.78,10.0,16.0,-6.0,-0.63,0.8
648,47,2,3,5,450.0,5,5.0,,,,,,,,,0.0,3.0,13.0,-10.0,-2.0,-0.48
6099,40,2,3,0,,0,,,,,,,,,,,,,,,
12323,31,2,3,0,,0,,,,,,,,,,,,,,,
6757,28,2,3,34,2.223,27,24.7,,,,,,,,,1.76,33.0,34.0,-1.0,-0.04,-0.64
2228,29,2,3,0,,0,,,,,,,,,,,,,,,
3670,35,2,3,21,1.371,15,15.2,,,,,,,,,1.29,20.0,24.0,-4.0,-0.26,-0.35
12705,43,2,3,2,19.0,0,0.2,,,,,,,,,1.5,1.0,1.0,0.0,0.0,0.26
1831,30,2,3,7,183.0,2,2.0,,,,,,,,,1.86,1.0,4.0,-3.0,-1.48,-1.81
3366,43,2,3,0,,0,,,,,,,,,,,,,,,
6308,30,2,3,1,5.0,0,0.1,,,,,,,,,0.0,1.0,0.0,1.0,18.0,17.79
10079,27,2,3,28,1.586,17,17.6,,,,,,,,,1.79,28.0,17.0,11.0,0.62,-0.55
6424,35,2,3,0,,0,,,,,,,,,,,,,,,
1780,51,2,3,0,,0,,,,,,,,,,,,,,,
12918,33,2,3,1,1.0,0,0.0,,,,,,,,,3.0,0.0,0.0,0.0,0.0,-0.55
2335,45,2,3,0,,0,,,,,,,,,,,,,,,
10825,45,2,3,37,3.33,37,37.0,,,,,,,,,1.73,57.0,45.0,12.0,0.32,0.32
8213,44,2,3,14,313.0,1,3.5,,,,,,,,,2.14,6.0,4.0,2.0,0.58,0.02
6101,31,2,3,4,170.0,3,1.9,,,,,,,,,2.5,3.0,1.0,2.0,1.06,0.92
13834,28,2,3,14,1.12,12,12.4,,,,,,,,,2.29,26.0,11.0,15.0,1.21,1.52
14339,49,2,3,0,,0,,,,,,,,,,,,,,,
14354,31,2,3,32,1.838,20,20.4,,,,,,,,,1.59,37.0,33.0,4.0,0.2,0.03
13827,34,2,3,37,3.092,37,34.4,,,,,,,,,1.35,43.0,46.0,-3.0,-0.09,-0.91
7486,31,2,3,36,2.603,28,28.9,,,,,,,,,1.64,53.0,40.0,13.0,0.45,1.11
6056,31,2,3,4,11.0,0,0.1,,,,,,,,,1.75,0.0,0.0,0.0,0.0,-0.18
6463,39,2,3,7,112.0,0,1.2,,,,,,,,,1.0,2.0,3.0,-1.0,-0.8,0.45
6310,47,2,3,0,,0,,,,,,,,,,,,,,,
10090,49,2,3,10,366.0,3,4.1,,,,,,,,,1.0,4.0,5.0,-1.0,-0.25,-0.25
5930,43,2,3,0,,0,,,,,,,,,,,,,,,
10260,45,2,3,26,907.0,6,10.1,,,,,,,,,2.15,19.0,14.0,5.0,0.5,0.25
658,45,2,3,15,955.0,11,10.6,,,,,,,,,1.4,11.0,16.0,-5.0,-0.47,-1.09
5902,30,2,3,0,,0,,,,,,,,,,,,,,,
12512,37,2,3,33,2.751,31,30.6,,,,,,,,,0.64,28.0,67.0,-39.0,-1.28,-0.33
13811,40,2,3,0,,0,,,,,,,,,,,,,,,
14460,51,2,3,5,441.0,5,4.9,,,,,,,,,0.2,5.0,12.0,-7.0,-1.43,-1.19
9401,43,2,3,17,622.0,8,6.9,,,,,,,,,0.88,2.0,11.0,-9.0,-1.3,-1.27
3520,42,2,3,1,28.0,0,0.3,,,,,,,,,3.0,1.0,0.0,1.0,3.21,2.5
10371,33,2,3,7,151.0,1,1.7,,,,,,,,,1.86,4.0,2.0,2.0,1.19,0.67
9273,51,2,3,14,1.078,12,12.0,,,,,,,,,1.64,18.0,11.0,7.0,0.58,1.43
12223,36,2,3,31,964.0,8,10.7,,,,,,,,,1.55,25.0,17.0,8.0,0.75,1.04
2979,34,2,3,37,3.228,37,35.9,,,,,,,,,1.43,48.0,46.0,2.0,0.06,0.99
1460,37,2,3,18,1.62,18,18.0,,,,,,,,,0.67,17.0,33.0,-16.0,-0.89,0.61
10363,45,2,3,36,3.188,36,35.4,,,,,,,,,1.69,50.0,44.0,6.0,0.17,-2.16
661,44,2,3,0,,0,,,,,,,,,,,,,,,
5957,44,2,3,35,2.36,31,26.2,,,,,,,,,1.69,53.0,31.0,22.0,0.84,0.92
14081,35,2,3,35,3.082,35,34.2,,,,,,,,,1.29,38.0,39.0,-1.0,-0.03,0.24
955,40,2,3,0,,0,,,,,,,,,,,,,,,
5668,35,2,3,33,2.43,29,27.0,,,,,,,,,1.24,32.0,24.0,8.0,0.3,1.21
14192,39,2,3,28,2.324,28,25.8,,,,,,,,,0.79,24.0,47.0,-23.0,-0.89,1.08
12721,44,2,3,0,,0,,,,,,,,,,,,,,,
7876,28,2,3,5,126.0,0,1.4,,,,,,,,,1.2,0.0,4.0,-4.0,-2.86,-3.16
1907,39,2,3,0,,0,,,,,,,,,,,,,,,
11957,27,2,3,1,3.0,0,0.0,,,,,,,,,3.0,0.0,0.0,0.0,0.0,-0.92
11960,36,2,3,11,487.0,5,5.4,,,,,,,,,1.64,5.0,9.0,-4.0,-0.74,-0.86
10570,27,2,3,0,,0,,,,,,,,,,,,,,,
10573,29,2,3,2,180.0,2,2.0,,,,,,,,,1.0,2.0,2.0,0.0,0.0,-0.33
11498,33,2,3,35,2.269,24,25.2,,,,,,,,,1.71,40.0,25.0,15.0,0.59,0.13
7117,27,2,3,0,,0,,,,,,,,,,,,,,,
3698,27,2,3,0,,0,,,,,,,,,,,,,,,
3699,34,2,3,29,1.034,9,11.5,,,,,,,,,1.52,15.0,17.0,-2.0,-0.17,-0.25
2632,33,2,3,27,921.0,9,10.2,,,,,,,,,1.67,16.0,16.0,0.0,0.0,-0.76
5228,30,2,3,3,12.0,0,0.1,,,,,,,,,2.33,0.0,2.0,-2.0,-15.0,-15.29
9466,42,2,3,26,1.674,19,18.6,,,,,,,,,2.08,33.0,19.0,14.0,0.75,0.03
3123,40,2,3,30,1.133,8,12.6,,,,,,,,,2.07,29.0,21.0,8.0,0.64,-0.82
4139,27,2,3,26,895.0,11,9.9,,,,,,,,,1.85,16.0,4.0,12.0,1.21,0.39
13786,40,2,3,0,,0,,,,,,,,,,,,,,,
2598,30,2,3,34,2.819,34,31.3,,,,,,,,,1.59,55.0,45.0,10.0,0.32,0.47
6036,35,2,3,20,1.571,17,17.5,,,,,,,,,1.4,24.0,17.0,7.0,0.4,0.84
6652,47,2,3,0,,0,,,,,,,,,,,,,,,
9227,31,2,3,0,,0,,,,,,,,,,,,,,,
9573,31,2,3,21,938.0,11,10.4,,,,,,,,,1.48,17.0,20.0,-3.0,-0.29,-0.65
3088,37,2,3,35,3.122,35,34.7,,,,,,,,,0.6,34.0,75.0,-41.0,-1.18,0.33
2508,43,2,3,7,165.0,1,1.8,,,,,,,,,1.14,8.0,5.0,3.0,1.64,2.0
14265,49,2,3,16,850.0,9,9.4,,,,,,,,,0.88,9.0,20.0,-11.0,-1.16,-1.51
2509,37,2,3,5,238.0,3,2.6,,,,,,,,,0.6,4.0,3.0,1.0,0.38,1.71
14181,51,2,3,0,,0,,,,,,,,,,,,,,,
2219,39,2,3,19,1.125,12,12.5,,,,,,,,,0.53,15.0,25.0,-10.0,-0.8,0.65
12178,28,2,3,4,226.0,1,2.5,,,,,,,,,0.75,2.0,6.0,-4.0,-1.59,-1.9
2238,49,2,3,0,,0,,,,,,,,,,,,,,,
1180,45,2,3,0,,0,,,,,,,,,,,,,,,
945,28,2,3,26,1.617,20,18.0,,,,,,,,,1.77,25.0,23.0,2.0,0.11,-0.14
1073,43,2,3,34,3.06,34,34.0,,,,,,,,,1.15,38.0,44.0,-6.0,-0.18,0.82
11438,47,2,3,25,1.05,11,11.7,,,,,,,,,0.36,11.0,26.0,-15.0,-1.29,0.42
4739,30,2,3,2,25.0,0,0.3,,,,,,,,,1.5,0.0,0.0,0.0,0.0,-0.24
8219,50,2,3,2,49.0,0,0.5,,,,,,,,,0.0,0.0,1.0,-1.0,-1.84,-1.44
13135,42,2,3,13,1.1,12,12.2,,,,,,,,,1.69,23.0,18.0,5.0,0.41,-0.48
14232,44,2,3,14,134.0,0,1.5,,,,,,,,,1.29,1.0,3.0,-2.0,-1.34,-1.97
2878,29,2,3,32,2.005,21,22.3,,,,,,,,,1.56,33.0,22.0,11.0,0.49,0.43
12467,27,2,3,0,,0,,,,,,,,,,,,,,,
10631,42,2,3,9,528.0,6,5.9,,,,,,,,,2.56,12.0,3.0,9.0,1.53,0.94
668,37,2,3,13,1.17,13,13.0,,,,,,,,,0.46,13.0,30.0,-17.0,-1.31,-0.15
2709,33,2,3,37,3.191,36,35.5,,,,,,,,,1.86,63.0,41.0,22.0,0.62,1.01
3906,50,2,3,31,2.113,26,23.5,,,,,,,,,1.16,32.0,41.0,-9.0,-0.38,0.1
8525,50,2,3,33,2.38,27,26.4,,,,,,,,,0.94,34.0,50.0,-16.0,-0.61,-0.61
13467,27,2,3,35,2.797,31,31.1,,,,,,,,,1.91,52.0,30.0,22.0,0.71,-1.17
10491,35,2,3,10,347.0,3,3.9,,,,,,,,,1.2,4.0,6.0,-2.0,-0.52,-0.52
10377,30,2,3,0,,0,,,,,,,,,,,,,,,
1147,36,2,3,33,2.013,25,22.4,,,,,,,,,1.39,32.0,32.0,0.0,0.0,0.0
12027,39,2,3,10,388.0,4,4.3,,,,,,,,,0.5,3.0,8.0,-5.0,-1.16,0.09
7457,37,2,3,19,1.237,14,13.7,,,,,,,,,0.68,12.0,29.0,-17.0,-1.24,-0.04
5995,28,2,3,11,332.0,2,3.7,,,,,,,,,1.64,2.0,5.0,-3.0,-0.81,-1.1
5996,37,2,3,10,474.0,5,5.3,,,,,,,,,0.4,3.0,17.0,-14.0,-2.66,-1.68
6940,35,2,3,38,3.42,38,38.0,,,,,,,,,1.26,42.0,44.0,-2.0,-0.05,
4144,30,2,3,22,1.913,21,21.3,,,,,,,,,1.5,40.0,35.0,5.0,0.24,0.0
2990,51,2,3,2,48.0,0,0.5,,,,,,,,,0.0,0.0,2.0,-2.0,-3.75,-3.4
795,51,2,3,1,1.0,0,0.0,,,,,,,,,3.0,0.0,0.0,0.0,0.0,0.39
10599,44,2,3,28,2.52,28,28.0,,,,,,,,,1.61,45.0,35.0,10.0,0.36,-0.74
11510,49,2,3,33,2.61,28,29.0,,,,,,,,,1.12,54.0,47.0,7.0,0.24,1.13
5931,27,2,3,0,,0,,,,,,,,,,,,,,,
6205,40,2,3,13,495.0,4,5.5,,,,,,,,,2.08,13.0,12.0,1.0,0.18,-1.17
12583,33,2,3,0,,0,,,,,,,,,,,,,,,
24,27,2,3,0,,0,,,,,,,,,,,,,,,
26,47,2,3,30,2.7,30,30.0,,,,,,,,,0.37,21.0,66.0,-45.0,-1.5,0.38
5963,28,2,3,29,1.623,19,18.0,,,,,,,,,1.79,25.0,26.0,-1.0,-0.06,-0.46
9127,28,2,3,10,444.0,4,4.9,,,,,,,,,2.0,7.0,6.0,1.0,0.2,0.02
9130,43,2,3,15,978.0,12,10.9,,,,,,,,,1.27,15.0,9.0,6.0,0.55,1.14
3201,27,2,3,38,3.42,38,38.0,,,,,,,,,1.95,69.0,34.0,35.0,0.92,
5332,36,2,3,12,108.0,0,1.2,,,,,,,,,1.75,1.0,3.0,-2.0,-1.67,-1.72
11986,29,2,3,1,1.0,0,0.0,,,,,,,,,3.0,0.0,0.0,0.0,0.0,-0.32
12874,49,2,3,4,196.0,1,2.2,,,,,,,,,0.25,0.0,3.0,-3.0,-1.38,-1.43
14105,42,2,3,1,1.0,0,0.0,,,,,,,,,3.0,0.0,0.0,0.0,0.0,-0.74
2426,34,2,3,1,90.0,1,1.0,,,,,,,,,0.0,0.0,2.0,-2.0,-2.0,-2.05
3277,27,2,3,35,2.825,33,31.4,,,,,,,,,1.91,56.0,28.0,28.0,0.89,-0.17
2534,34,2,3,24,1.922,22,21.4,,,,,,,,,1.54,30.0,31.0,-1.0,-0.05,-0.11
12059,49,2,3,15,504.0,4,5.6,,,,,,,,,0.93,11.0,9.0,2.0,0.36,0.45
1185,40,2,3,33,2.482,29,27.6,,,,,,,,,2.27,70.0,31.0,39.0,1.41,0.84
1361,36,2,3,36,3.167,35,35.2,,,,,,,,,1.42,49.0,49.0,0.0,0.0,0.0
6293,47,2,3,4,137.0,1,1.5,,,,,,,,,0.0,1.0,2.0,-1.0,-0.66,0.96
7436,34,2,3,0,,0,,,,,,,,,,,,,,,
12203,42,2,3,3,73.0,1,0.8,,,,,,,,,2.33,2.0,1.0,1.0,1.23,0.51
5207,50,2,3,23,1.149,16,12.8,,,,,,,,,1.43,18.0,19.0,-1.0,-0.08,0.52
8762,30,2,3,19,1.101,11,12.2,,,,,,,,,1.21,19.0,20.0,-1.0,-0.08,-0.47
10271,28,2,3,37,3.114,37,34.6,,,,,,,,,1.7,52.0,40.0,12.0,0.35,1.82
2783,49,2,3,18,1.416,18,15.7,,,,,,,,,1.11,27.0,22.0,5.0,0.32,0.59
6761,44,2,3,0,,0,,,,,,,,,,,,,,,
2274,31,2,3,0,,0,,,,,,,,,,,,,,,
4925,31,2,3,28,1.656,19,18.4,,,,,,,,,1.57,32.0,29.0,3.0,0.16,-0.04
7065,51,2,3,29,2.609,29,29.0,,,,,,,,,1.31,42.0,48.0,-6.0,-0.21,0.79
3598,29,2,3,0,,0,,,,,,,,,,,,,,,
2200,27,2,3,25,1.729,20,19.2,,,,,,,,,1.96,38.0,21.0,17.0,0.88,-0.07
10207,40,2,3,38,3.371,38,37.5,,,,,,,,,2.21,85.0,40.0,45.0,1.2,1.2
14237,27,2,3,35,3.039,35,33.8,,,,,,,,,1.97,62.0,27.0,35.0,1.04,1.04
5694,31,2,3,0,,0,,,,,,,,,,,,,,,
5772,33,2,3,0,,0,,,,,,,,,,,,,,,
12119,33,2,3,32,2.88,32,32.0,,,,,,,,,1.88,52.0,34.0,18.0,0.56,0.06
6002,33,2,3,31,1.764,19,19.6,,,,,,,,,1.84,35.0,24.0,11.0,0.56,0.02
5540,45,2,3,13,590.0,7,6.6,,,,,,,,,1.46,11.0,6.0,5.0,0.76,0.54
3049,45,2,3,8,275.0,5,3.1,,,,,,,,,2.13,8.0,4.0,4.0,1.31,1.08
11264,51,2,3,23,814.0,7,9.0,,,,,,,,,1.25,14.0,19.0,-5.0,-0.55,-0.21
6465,31,2,3,1,9.0,0,0.1,,,,,,,,,3.0,1.0,0.0,1.0,10.0,9.84
5813,34,2,3,38,2.711,30,30.1,,,,,,,,,1.39,42.0,39.0,3.0,0.1,0.48
12694,42,2,3,29,1.766,21,19.6,,,,,,,,,1.69,32.0,25.0,7.0,0.36,-0.79
11028,50,2,3,15,665.0,7,7.4,,,,,,,,,1.13,6.0,9.0,-3.0,-0.41,0.02
2871,49,2,3,3,34.0,0,0.4,,,,,,,,,2.0,3.0,1.0,2.0,5.29,5.37
7679,30,2,3,38,2.293,26,25.5,,,,,,,,,1.47,45.0,34.0,11.0,0.43,0.59
4222,44,2,3,34,2.934,33,32.6,,,,,,,,,1.65,58.0,42.0,16.0,0.49,-0.44
6400,34,2,3,12,103.0,0,1.1,,,,,,,,,0.75,2.0,3.0,-1.0,-0.87,-0.9
685,29,2,3,20,755.0,8,8.4,,,,,,,,,1.35,10.0,8.0,2.0,0.24,-0.1
9723,45,2,3,38,3.42,38,38.0,,,,,,,,,1.71,58.0,46.0,12.0,0.32,
10550,51,2,3,34,2.886,32,32.1,,,,,,,,,1.24,48.0,49.0,-1.0,-0.03,2.33
1351,29,2,3,37,3.203,36,35.6,,,,,,,,,1.43,53.0,41.0,12.0,0.34,0.34
9108,29,2,3,17,1.106,13,12.3,,,,,,,,,1.47,19.0,17.0,2.0,0.16,-0.23
12420,36,2,3,16,580.0,7,6.4,,,,,,,,,1.56,13.0,10.0,3.0,0.47,0.56
13732,27,2,3,0,,0,,,,,,,,,,,,,,,
8109,44,2,3,0,,0,,,,,,,,,,,,,,,
8716,43,2,3,7,349.0,4,3.9,,,,,,,,,0.71,3.0,5.0,-2.0,-0.52,-0.28
9327,35,2,3,0,,0,,,,,,,,,,,,,,,
14596,29,2,3,1,1.0,0,0.0,,,,,,,,,3.0,0.0,0.0,0.0,0.0,-0.32
1957,42,2,3,33,2.67,29,29.7,,,,,,,,,1.79,49.0,36.0,13.0,0.44,-1.36
7175,45,2,3,31,854.0,5,9.5,,,,,,,,,1.71,16.0,16.0,0.0,0.0,-0.42
4070,45,2,3,2,30.0,0,0.3,,,,,,,,,1.5,0.0,0.0,0.0,0.0,-0.32
4759,31,2,3,0,,0,,,,,,,,,,,,,,,
6012,42,2,3,2,96.0,1,1.1,,,,,,,,,0.5,1.0,2.0,-1.0,-0.94,-1.72
8617,29,2,3,12,236.0,1,2.6,,,,,,,,,1.25,5.0,4.0,1.0,0.38,0.07
11030,39,2,3,24,1.129,10,12.5,,,,,,,,,0.79,12.0,26.0,-14.0,-1.12,0.18
5965,31,2,3,0,,0,,,,,,,,,,,,,,,
2660,37,2,3,0,,0,,,,,,,,,,,,,,,
14239,47,2,3,18,690.0,6,7.7,,,,,,,,,0.22,4.0,22.0,-18.0,-2.35,-0.96
185,29,2,3,25,1.59,19,17.7,,,,,,,,,1.48,25.0,18.0,7.0,0.4,0.15
3943,36,2,3,34,2.043,25,22.7,,,,,,,,,1.38,29.0,28.0,1.0,0.04,0.11
3601,49,2,3,27,2.201,25,24.5,,,,,,,,,0.89,45.0,43.0,2.0,0.08,0.3
2346,50,2,3,31,1.409,14,15.7,,,,,,,,,1.16,16.0,25.0,-9.0,-0.57,-0.26
7346,29,2,3,3,11.0,0,0.1,,,,,,,,,2.0,1.0,1.0,0.0,0.0,-0.32
11804,45,2,3,19,295.0,1,3.3,,,,,,,,,1.58,3.0,5.0,-2.0,-0.61,-1.01
13680,50,2,3,35,2.567,30,28.5,,,,,,,,,1.23,38.0,44.0,-6.0,-0.21,0.84
2061,39,2,3,31,2.171,25,24.1,,,,,,,,,0.65,17.0,52.0,-35.0,-1.45,-0.59
3534,49,2,3,25,1.792,19,19.9,,,,,,,,,1.08,33.0,39.0,-6.0,-0.3,-0.58
6297,36,2,3,1,1.0,0,0.0,,,,,,,,,0.0,0.0,0.0,0.0,0.0,0.0
6220,31,2,3,2,180.0,2,2.0,,,,,,,,,3.0,5.0,1.0,4.0,2.0,1.92
5936,47,2,3,19,1.389,17,15.4,,,,,,,,,0.53,8.0,28.0,-20.0,-1.3,0.48
11793,27,2,3,17,499.0,7,5.5,,,,,,,,,2.0,12.0,4.0,8.0,1.44,0.61
12321,47,2,3,12,389.0,4,4.3,,,,,,,,,0.25,5.0,9.0,-4.0,-0.93,0.74
6058,39,2,3,10,900.0,10,10.0,,,,,,,,,1.0,10.0,16.0,-6.0,-0.6,0.86
6765,42,2,3,11,548.0,6,6.1,,,,,,,,,2.0,14.0,11.0,3.0,0.49,-0.29
7183,51,2,3,35,2.587,30,28.7,,,,,,,,,1.11,42.0,52.0,-10.0,-0.35,0.19
14544,47,2,3,30,1.557,16,17.3,,,,,,,,,0.33,13.0,46.0,-33.0,-1.91,-0.6
7463,47,2,3,26,1.402,17,15.6,,,,,,,,,0.27,11.0,36.0,-25.0,-1.6,-0.04
2798,50,2,3,19,786.0,7,8.7,,,,,,,,,1.05,13.0,20.0,-7.0,-0.8,-0.49
12928,28,2,3,0,,0,,,,,,,,,,,,,,,
12524,37,2,3,20,992.0,13,11.0,,,,,,,,,0.65,11.0,18.0,-7.0,-0.64,0.81
3615,40,2,3,36,2.491,29,27.7,,,,,,,,,2.22,60.0,29.0,31.0,1.12,-0.24
9579,44,2,3,2,21.0,0,0.2,,,,,,,,,1.5,1.0,0.0,1.0,4.29,3.76
6112,35,2,3,33,2.922,33,32.5,,,,,,,,,1.15,34.0,38.0,-4.0,-0.12,-0.48
2461,31,2,3,0,,0,,,,,,,,,,,,,,,
9133,29,2,3,29,1.939,20,21.5,,,,,,,,,1.45,29.0,29.0,0.0,0.0,-0.73
2463,47,2,3,8,356.0,3,4.0,,,,,,,,,0.13,3.0,12.0,-9.0,-2.28,-0.78
5937,37,2,3,32,860.0,4,9.6,,,,,,,,,0.5,7.0,20.0,-13.0,-1.36,-0.2
13658,37,2,3,0,,0,,,,,,,,,,,,,,,
9517,49,2,3,13,911.0,11,10.1,,,,,,,,,0.77,10.0,20.0,-10.0,-0.99,-1.31
7603,36,2,3,22,1.774,21,19.7,,,,,,,,,1.36,24.0,26.0,-2.0,-0.1,-0.21
5614,30,2,3,8,175.0,1,1.9,,,,,,,,,1.75,3.0,4.0,-1.0,-0.51,-0.79
8719,39,2,3,14,1.11,13,12.3,,,,,,,,,0.57,8.0,23.0,-15.0,-1.22,0.03
14505,28,2,3,36,3.026,35,33.6,,,,,,,,,1.67,53.0,46.0,7.0,0.21,0.21
7741,27,2,3,13,259.0,2,2.9,,,,,,,,,2.08,3.0,1.0,2.0,0.69,-0.24
7388,27,2,3,30,2.417,27,26.9,,,,,,,,,2.0,52.0,21.0,31.0,1.15,0.8
6329,50,2,3,27,1.825,20,20.3,,,,,,,,,1.37,30.0,32.0,-2.0,-0.1,0.69
5353,45,2,3,4,137.0,1,1.5,,,,,,,,,2.5,2.0,2.0,0.0,0.0,-0.33
13266,27,2,3,1,7.0,0,0.1,,,,,,,,,3.0,1.0,0.0,1.0,12.86,11.96
12623,44,2,3,36,2.63,28,29.2,,,,,,,,,1.72,55.0,34.0,21.0,0.72,0.72
11414,28,2,3,24,2.02,23,22.4,,,,,,,,,1.58,30.0,33.0,-3.0,-0.13,-0.78
2738,37,2,3,6,335.0,3,3.7,,,,,,,,,0.83,5.0,6.0,-1.0,-0.27,1.04
201,36,2,3,36,1.772,18,19.7,,,,,,,,,1.47,32.0,28.0,4.0,0.2,0.42
2053,51,2,3,1,1.0,0,0.0,,,,,,,,,3.0,0.0,0.0,0.0,0.0,0.39
9231,29,2,3,5,450.0,5,5.0,,,,,,,,,1.6,6.0,5.0,1.0,0.2,-0.13
12426,30,2,3,1,4.0,0,0.0,,,,,,,,,0.0,0.0,0.0,0.0,0.0,-0.24
7744,44,2,3,25,1.309,14,14.5,,,,,,,,,1.6,29.0,18.0,11.0,0.76,0.33
8059,27,2,3,38,2.546,28,28.3,,,,,,,,,1.95,51.0,26.0,25.0,0.88,-0.15
7883,40,2,3,18,837.0,9,9.3,,,,,,,,,2.17,13.0,8.0,5.0,0.54,-0.86
1675,37,2,3,22,1.71,20,19.0,,,,,,,,,0.64,17.0,37.0,-20.0,-1.05,0.32
9582,34,2,3,0,,0,,,,,,,,,,,,,,,
3376,49,2,3,25,1.924,24,21.4,,,,,,,,,1.12,36.0,35.0,1.0,0.05,0.17
8933,43,2,3,29,1.785,22,19.8,,,,,,,,,1.17,24.0,33.0,-9.0,-0.45,-0.4
8179,47,2,3,26,1.655,18,18.4,,,,,,,,,0.42,13.0,39.0,-26.0,-1.41,0.32
4722,34,2,3,0,,0,,,,,,,,,,,,,,,
4001,29,2,3,17,345.0,2,3.8,,,,,,,,,1.65,6.0,3.0,3.0,0.78,0.52
5264,30,2,3,2,145.0,1,1.6,,,,,,,,,0.5,0.0,2.0,-2.0,-1.24,-1.54
14074,40,2,3,37,3.33,37,37.0,,,,,,,,,2.27,84.0,38.0,46.0,1.24,2.24
6141,39,2,3,35,2.823,35,31.4,,,,,,,,,0.71,28.0,68.0,-40.0,-1.28,-0.22
12002,33,2,3,7,181.0,1,2.0,,,,,,,,,2.14,2.0,2.0,0.0,0.0,-0.58
6702,31,2,3,21,1.697,19,18.9,,,,,,,,,1.81,32.0,24.0,8.0,0.42,0.48
10006,49,2,3,13,1.015,12,11.3,,,,,,,,,1.08,22.0,17.0,5.0,0.44,0.67
1760,31,2,3,36,3.24,36,36.0,,,,,,,,,1.53,61.0,58.0,3.0,0.08,-1.92
6199,39,2,3,18,1.391,16,15.5,,,,,,,,,0.5,7.0,35.0,-28.0,-1.81,-0.97
5199,49,2,3,24,2.16,24,24.0,,,,,,,,,1.25,43.0,37.0,6.0,0.25,0.75
2353,36,2,3,3,16.0,0,0.2,,,,,,,,,1.33,1.0,1.0,0.0,0.0,0.0
6615,35,2,3,0,,0,,,,,,,,,,,,,,,
10974,44,2,3,0,,0,,,,,,,,,,,,,,,
7931,42,2,3,15,970.0,9,10.8,,,,,,,,,1.4,13.0,21.0,-8.0,-0.74,-2.06
7934,47,2,3,33,2.918,33,32.4,,,,,,,,,0.3,23.0,77.0,-54.0,-1.67,-0.59
2608,37,2,3,7,630.0,7,7.0,,,,,,,,,0.57,6.0,19.0,-13.0,-1.86,-0.79
33,50,2,3,36,3.154,35,35.0,,,,,,,,,1.17,44.0,59.0,-15.0,-0.43,-0.09
3068,39,2,3,2,135.0,1,1.5,,,,,,,,,0.0,0.0,6.0,-6.0,-4.0,-2.88
6709,34,2,3,2,71.0,1,0.8,,,,,,,,,3.0,3.0,2.0,1.0,1.27,1.29
6122,50,2,3,15,1.039,12,11.5,,,,,,,,,1.07,12.0,11.0,1.0,0.09,0.73
6119,45,2,3,9,400.0,5,4.4,,,,,,,,,1.56,4.0,7.0,-3.0,-0.68,-1.12
11054,28,2,3,38,2.598,31,28.9,,,,,,,,,1.74,48.0,40.0,8.0,0.28,0.39
189,31,2,3,14,887.0,11,9.9,,,,,,,,,2.29,26.0,11.0,15.0,1.52,1.81
3071,31,2,3,30,2.115,24,23.5,,,,,,,,,1.7,41.0,37.0,4.0,0.17,-0.04
11947,35,2,3,0,,0,,,,,,,,,,,,,,,
14167,47,2,3,10,482.0,6,5.4,,,,,,,,,0.6,4.0,10.0,-6.0,-1.12,0.53
9865,29,2,3,0,,0,,,,,,,,,,,,,,,
13565,49,2,3,18,516.0,4,5.7,,,,,,,,,0.83,11.0,12.0,-1.0,-0.17,-0.17
192,34,2,3,20,1.318,16,14.6,,,,,,,,,1.25,18.0,21.0,-3.0,-0.2,-0.33
4148,43,2,3,0,,0,,,,,,,,,,,,,,,
1843,27,2,3,17,1.198,13,13.3,,,,,,,,,1.47,20.0,13.0,7.0,0.53,-0.61
799,49,2,3,0,,0,,,,,,,,,,,,,,,
9562,31,2,3,25,1.015,10,11.3,,,,,,,,,1.6,25.0,22.0,3.0,0.27,0.12
8459,49,2,3,0,,0,,,,,,,,,,,,,,,
10533,45,2,3,35,2.594,28,28.8,,,,,,,,,1.77,47.0,31.0,16.0,0.56,0.99
14243,36,2,3,10,257.0,2,2.9,,,,,,,,,1.2,2.0,3.0,-1.0,-0.35,-0.38
6674,44,2,3,32,1.086,11,12.1,,,,,,,,,1.59,20.0,16.0,4.0,0.33,-0.32
2241,44,2,3,18,370.0,2,4.1,,,,,,,,,1.5,4.0,7.0,-3.0,-0.73,-1.44
5356,36,2,3,25,1.162,12,12.9,,,,,,,,,1.28,23.0,21.0,2.0,0.15,0.23
13470,39,2,3,0,,0,,,,,,,,,,,,,,,
7121,42,2,3,0,,0,,,,,,,,,,,,,,,
5358,39,2,3,22,1.538,17,17.1,,,,,,,,,0.45,17.0,34.0,-17.0,-0.99,0.44
1845,29,2,3,4,24.0,0,0.3,,,,,,,,,2.0,2.0,0.0,2.0,7.5,7.23
14472,30,2,3,35,2.919,34,32.4,,,,,,,,,1.49,56.0,45.0,11.0,0.34,0.7
2543,45,2,3,36,2.959,35,32.9,,,,,,,,,1.72,52.0,37.0,15.0,0.46,1.04
10499,47,2,3,11,773.0,9,8.6,,,,,,,,,0.09,3.0,20.0,-17.0,-1.98,-0.52
8721,37,2,3,15,1.187,12,13.2,,,,,,,,,0.47,12.0,28.0,-16.0,-1.21,0.0
5968,42,2,3,0,,0,,,,,,,,,,,,,,,
14433,30,2,3,31,1.45,15,16.1,,,,,,,,,1.52,27.0,25.0,2.0,0.12,-0.2
12429,45,2,3,35,1.915,18,21.3,,,,,,,,,1.69,25.0,27.0,-2.0,-0.09,-0.93
13757,30,2,3,0,,0,,,,,,,,,,,,,,,
8087,43,2,3,21,1.165,12,12.9,,,,,,,,,0.81,17.0,24.0,-7.0,-0.54,-0.42
1605,35,2,3,32,1.875,19,20.8,,,,,,,,,1.34,21.0,22.0,-1.0,-0.05,0.01
7432,28,2,3,0,,0,,,,,,,,,,,,,,,
5679,29,2,3,36,3.109,35,34.5,,,,,,,,,1.53,53.0,41.0,12.0,0.35,0.35
11003,27,2,3,15,527.0,5,5.9,,,,,,,,,1.87,9.0,1.0,8.0,1.37,0.53
7146,43,2,3,32,1.402,14,15.6,,,,,,,,,1.19,26.0,24.0,2.0,0.13,0.66
11049,28,2,3,0,,0,,,,,,,,,,,,,,,
9298,27,2,3,30,2.325,26,25.8,,,,,,,,,2.0,50.0,21.0,29.0,1.12,0.63
11476,58,3,1,7,173.0,0,1.9,,,,,,,,,1.14,4.0,0.0,4.0,2.08,2.02
12662,65,3,1,24,644.0,4,7.2,,,,,,,,,1.13,10.0,16.0,-6.0,-0.84,-0.88
7491,56,3,1,24,1386.0,20,15.4,,,,,,,,,2.17,41.0,17.0,24.0,1.56,0.75
981,53,3,1,26,1435.0,16,15.9,,,,,,,,,1.69,29.0,17.0,12.0,0.75,0.97
4391,73,3,1,3,49.0,0,0.5,,,,,,,,,1.33,1.0,2.0,-1.0,-1.84,-1.48
10450,71,3,1,17,1398.0,17,15.5,,,,,,,,,0.94,17.0,26.0,-9.0,-0.58,-0.42
1426,71,3,1,0,,0,,,,,,,,,,,,,,,
8561,66,3,1,17,1211.0,15,13.5,,,,,,,,,1.47,23.0,22.0,1.0,0.07,0.17
7624,63,3,1,28,1950.0,21,21.7,,,,,,,,,1.04,21.0,29.0,-8.0,-0.37,-0.29
8463,58,3,1,20,331.0,2,3.7,,,,,,,,,1.25,5.0,9.0,-4.0,-1.09,-1.42
4312,58,3,1,15,182.0,0,2.0,,,,,,,,,1.13,3.0,4.0,-1.0,-0.49,-0.71
3705,69,3,1,6,238.0,3,2.6,,,,,,,,,1.5,2.0,3.0,-1.0,-0.38,0.74
8659,74,3,1,1,17.0,0,0.2,,,,,,,,,0.0,0.0,2.0,-2.0,-10.59,-10.91
10416,53,3,1,25,977.0,9,10.9,,,,,,,,,1.44,19.0,20.0,-1.0,-0.09,-0.48
12099,53,3,1,29,2406.0,28,26.7,,,,,,,,,1.55,50.0,38.0,12.0,0.45,1.0
1249,63,3,1,33,2617.0,30,29.1,,,,,,,,,1.09,38.0,51.0,-13.0,-0.45,-1.26
14131,71,3,1,34,2934.0,34,32.6,,,,,,,,,0.97,43.0,54.0,-11.0,-0.34,0.38
2621,55,3,1,29,1981.0,22,22.0,,,,,,,,,1.21,32.0,40.0,-8.0,-0.36,1.64
1688,53,3,1,0,,0,,,,,,,,,,,,,,,
2441,53,3,1,10,493.0,4,5.5,,,,,,,,,0.8,7.0,10.0,-3.0,-0.55,-0.93
9812,74,3,1,32,2767.0,32,30.7,,,,,,,,,1.47,53.0,44.0,9.0,0.29,0.29
13269,55,3,1,25,1713.0,21,19.0,,,,,,,,,0.88,24.0,38.0,-14.0,-0.74,0.47
4538,63,3,1,8,167.0,0,1.9,,,,,,,,,0.38,1.0,3.0,-2.0,-1.08,-0.86
10860,59,3,1,0,,0,,,,,,,,,,,,,,,
9883,69,3,1,16,567.0,3,6.3,,,,,,,,,0.75,5.0,12.0,-7.0,-1.11,-0.06
1690,53,3,1,1,1.0,0,0.0,,,,,,,,,3.0,0.0,0.0,0.0,0.0,-0.24
12660,53,3,1,23,927.0,8,10.3,,,,,,,,,1.22,13.0,17.0,-4.0,-0.39,-0.89
12629,68,3,1,1,1.0,0,0.0,,,,,,,,,3.0,0.0,0.0,0.0,0.0,-0.68
3810,65,3,1,0,,0,,,,,,,,,,,,,,,
10151,53,3,1,28,1659.0,19,18.4,,,,,,,,,1.5,33.0,28.0,5.0,0.27,0.08
12078,74,3,1,33,2580.0,29,28.7,,,,,,,,,1.48,52.0,41.0,11.0,0.38,0.76
1694,66,3,1,23,584.0,3,6.5,,,,,,,,,1.43,12.0,11.0,1.0,0.15,0.23
8046,66,3,1,31,2141.0,25,23.8,,,,,,,,,1.39,41.0,36.0,5.0,0.21,0.8
5031,71,3,1,7,398.0,6,4.4,,,,,,,,,0.57,3.0,8.0,-5.0,-1.13,-0.89
9816,52,3,1,27,1846.0,20,20.5,,,,,,,,,1.11,25.0,41.0,-16.0,-0.78,-0.41
11007,63,3,1,34,3060.0,34,34.0,,,,,,,,,1.06,48.0,57.0,-9.0,-0.26,
13553,72,3,1,8,562.0,6,6.2,,,,,,,,,1.38,7.0,10.0,-3.0,-0.48,-1.06
7290,52,3,1,16,554.0,3,6.2,,,,,,,,,0.69,9.0,17.0,-8.0,-1.3,-0.83
2609,63,3,1,33,2567.0,33,28.5,,,,,,,,,1.09,40.0,49.0,-9.0,-0.32,-0.32
10877,52,3,1,2,20.0,0,0.2,,,,,,,,,1.5,0.0,0.0,0.0,0.0,0.62
8384,71,3,1,0,,0,,,,,,,,,,,,,,,
5620,63,3,1,19,1416.0,17,15.7,,,,,,,,,0.95,21.0,25.0,-4.0,-0.25,0.02
12907,72,3,1,34,2554.0,33,28.4,,,,,,,,,1.82,41.0,32.0,9.0,0.32,-0.39
7628,72,3,1,33,1535.0,17,17.1,,,,,,,,,1.85,30.0,23.0,7.0,0.41,0.06
13110,66,3,1,30,2395.0,26,26.6,,,,,,,,,1.4,43.0,40.0,3.0,0.11,0.65
7495,53,3,1,8,85.0,1,0.9,,,,,,,,,1.5,0.0,1.0,-1.0,-1.06,-1.33
7271,56,3,1,31,2691.0,30,29.9,,,,,,,,,2.06,73.0,40.0,33.0,1.1,-0.36
11814,67,3,1,28,2481.0,28,27.6,,,,,,,,,1.43,44.0,40.0,4.0,0.15,1.23
13619,73,3,1,0,,0,,,,,,,,,,,,,,,
9898,52,3,1,23,1679.0,20,18.7,,,,,,,,,1.22,24.0,32.0,-8.0,-0.43,0.42
6917,67,3,1,0,,0,,,,,,,,,,,,,,,
1769,74,3,1,0,,0,,,,,,,,,,,,,,,
4113,63,3,1,9,265.0,0,2.9,,,,,,,,,1.11,5.0,11.0,-6.0,-2.04,-1.94
13621,63,3,1,11,315.0,3,3.5,,,,,,,,,0.45,6.0,7.0,-1.0,-0.29,-0.02
8140,73,3,1,25,1629.0,22,18.1,,,,,,,,,1.12,26.0,27.0,-1.0,-0.06,0.7
6190,68,3,1,26,2340.0,26,26.0,,,,,,,,,2.0,48.0,29.0,19.0,0.73,0.23
2838,54,3,1,4,134.0,1,1.5,,,,,,,,,2.25,3.0,5.0,-2.0,-1.34,-3.07
7711,62,3,1,16,467.0,5,5.2,,,,,,,,,0.44,5.0,12.0,-7.0,-1.35,-0.65
1793,66,3,1,0,,0,,,,,,,,,,,,,,,
6355,62,3,1,21,1050.0,10,11.7,,,,,,,,,1.05,13.0,23.0,-10.0,-0.86,-0.1
13304,55,3,1,0,,0,,,,,,,,,,,,,,,
14576,67,3,1,3,28.0,0,0.3,,,,,,,,,1.33,1.0,2.0,-1.0,-3.21,-3.15
12725,74,3,1,26,1928.0,23,21.4,,,,,,,,,1.54,41.0,31.0,10.0,0.47,0.55
11766,58,3,1,32,1078.0,10,12.0,,,,,,,,,1.44,12.0,21.0,-9.0,-0.75,-1.43
7291,56,3,1,32,2397.0,29,26.6,,,,,,,,,2.09,66.0,28.0,38.0,1.43,1.29
4202,71,3,1,15,1350.0,15,15.0,,,,,,,,,1.13,23.0,23.0,0.0,0.0,0.63
7151,74,3,1,6,271.0,3,3.0,,,,,,,,,1.17,2.0,5.0,-3.0,-1.0,-1.38
6744,63,3,1,15,1350.0,15,15.0,,,,,,,,,1.13,23.0,28.0,-5.0,-0.33,-0.12
10278,55,3,1,11,213.0,0,2.4,,,,,,,,,1.09,5.0,4.0,1.0,0.42,1.47
9825,67,3,1,0,,0,,,,,,,,,,,,,,,
2389,69,3,1,28,2315.0,28,25.7,,,,,,,,,0.79,22.0,54.0,-32.0,-1.24,-0.76
5949,63,3,1,12,328.0,3,3.6,,,,,,,,,1.25,5.0,8.0,-3.0,-0.82,-0.63
8067,73,3,1,21,472.0,2,5.2,,,,,,,,,1.0,15.0,8.0,7.0,1.33,2.03
9204,69,3,1,33,2598.0,30,28.9,,,,,,,,,0.91,29.0,60.0,-31.0,-1.07,-0.1
3299,66,3,1,13,244.0,0,2.7,,,,,,,,,1.08,3.0,5.0,-2.0,-0.74,-0.77
6856,66,3,1,11,533.0,7,5.9,,,,,,,,,1.18,7.0,12.0,-5.0,-0.84,-0.99
11012,73,3,1,15,268.0,1,3.0,,,,,,,,,1.2,11.0,7.0,4.0,1.34,1.89
6040,72,3,1,0,,0,,,,,,,,,,,,,,,
1652,58,3,1,18,1318.0,15,14.6,,,,,,,,,1.11,19.0,21.0,-2.0,-0.14,-0.55
1294,66,3,1,31,2033.0,23,22.6,,,,,,,,,1.26,38.0,38.0,0.0,0.0,0.09
7613,69,3,1,3,63.0,0,0.7,,,,,,,,,0.33,0.0,2.0,-2.0,-2.86,-1.84
2934,52,3,1,13,290.0,2,3.2,,,,,,,,,0.85,2.0,10.0,-8.0,-2.48,-2.06
3986,56,3,1,27,1900.0,20,21.1,,,,,,,,,1.96,55.0,30.0,25.0,1.18,0.1
6584,54,3,1,15,1012.0,11,11.2,,,,,,,,,2.07,28.0,16.0,12.0,1.07,-0.78
5732,52,3,1,10,318.0,0,3.5,,,,,,,,,0.4,6.0,9.0,-3.0,-0.85,-0.26
7831,74,3,1,34,3060.0,34,34.0,,,,,,,,,1.44,57.0,48.0,9.0,0.26,
7295,65,3,1,21,1803.0,21,20.0,,,,,,,,,1.38,30.0,24.0,6.0,0.3,1.09
13578,58,3,1,6,86.0,0,1.0,,,,,,,,,2.17,1.0,5.0,-4.0,-4.19,-4.49
7394,63,3,1,0,,0,,,,,,,,,,,,,,,
4245,73,3,1,3,66.0,1,0.7,,,,,,,,,1.33,0.0,1.0,-1.0,-1.36,-1.0
11015,62,3,1,33,2970.0,33,33.0,,,,,,,,,0.79,40.0,68.0,-28.0,-0.85,-1.85
3103,71,3,1,1,27.0,0,0.3,,,,,,,,,1.0,0.0,0.0,0.0,0.0,0.36
13616,62,3,1,11,672.0,10,7.5,,,,,,,,,0.73,7.0,18.0,-11.0,-1.47,-0.87
2202,68,3,1,0,,0,,,,,,,,,,,,,,,
3139,52,3,1,7,166.0,0,1.8,,,,,,,,,0.14,0.0,6.0,-6.0,-3.25,-2.79
7796,54,3,1,24,1409.0,16,15.7,,,,,,,,,2.17,43.0,11.0,32.0,2.04,0.84
3056,66,3,1,23,1236.0,14,13.7,,,,,,,,,1.35,21.0,22.0,-1.0,-0.07,-0.07
13075,56,3,1,1,45.0,0,0.5,,,,,,,,,1.0,1.0,3.0,-2.0,-4.0,-5.22
13282,71,3,1,14,326.0,0,3.6,,,,,,,,,1.0,11.0,6.0,5.0,1.38,1.94
10671,74,3,1,5,100.0,0,1.1,,,,,,,,,2.0,2.0,2.0,0.0,0.0,-0.27
10162,63,3,1,21,933.0,8,10.4,,,,,,,,,1.29,20.0,16.0,4.0,0.39,0.94
4529,66,3,1,8,720.0,8,8.0,,,,,,,,,1.38,17.0,16.0,1.0,0.12,0.2
8793,56,3,1,9,337.0,4,3.7,,,,,,,,,2.11,10.0,3.0,7.0,1.87,0.81
10355,63,3,1,6,159.0,1,1.8,,,,,,,,,0.33,3.0,5.0,-2.0,-1.13,-0.91
9347,62,3,1,17,947.0,11,10.5,,,,,,,,,1.06,12.0,20.0,-8.0,-0.76,0.05
14117,62,3,1,3,31.0,0,0.3,,,,,,,,,0.67,1.0,1.0,0.0,0.0,0.8
876,54,3,1,26,2042.0,24,22.7,,,,,,,,,1.92,59.0,25.0,34.0,1.5,-0.27
13428,63,3,1,6,298.0,4,3.3,,,,,,,,,1.0,2.0,11.0,-9.0,-2.72,-2.72
7611,53,3,1,25,1544.0,17,17.2,,,,,,,,,1.36,25.0,26.0,-1.0,-0.06,-0.59
4109,52,3,1,30,2366.0,30,26.3,,,,,,,,,1.0,32.0,47.0,-15.0,-0.57,0.21
12797,69,3,1,9,696.0,8,7.7,,,,,,,,,1.22,14.0,19.0,-5.0,-0.65,0.53
10333,53,3,1,33,2699.0,33,30.0,,,,,,,,,1.52,49.0,39.0,10.0,0.33,0.83
68,68,3,1,8,478.0,5,5.3,,,,,,,,,2.75,11.0,4.0,7.0,1.32,0.76
7397,65,3,1,2,17.0,0,0.2,,,,,,,,,1.5,0.0,0.0,0.0,0.0,0.15
13552,73,3,1,0,,0,,,,,,,,,,,,,,,
4562,65,3,1,11,395.0,4,4.4,,,,,,,,,1.27,9.0,10.0,-1.0,-0.23,-0.09
4566,67,3,1,0,,0,,,,,,,,,,,,,,,
7361,58,3,1,19,1063.0,10,11.8,,,,,,,,,1.79,24.0,19.0,5.0,0.42,0.38
4056,73,3,1,17,231.0,0,2.6,,,,,,,,,0.76,3.0,11.0,-8.0,-3.12,-2.96
12085,59,3,1,33,2424.0,30,26.9,,,,,,,,,1.79,45.0,34.0,11.0,0.41,0.97
3027,72,3,1,25,2216.0,25,24.6,,,,,,,,,1.84,37.0,26.0,11.0,0.45,0.23
7538,63,3,1,13,402.0,4,4.5,,,,,,,,,0.38,6.0,14.0,-8.0,-1.79,-1.76
10782,52,3,1,11,483.0,5,5.4,,,,,,,,,1.18,5.0,11.0,-6.0,-1.12,-0.59
2849,65,3,1,0,,0,,,,,,,,,,,,,,,
3516,52,3,1,18,1128.0,16,12.5,,,,,,,,,1.06,19.0,27.0,-8.0,-0.64,-0.03
3604,69,3,1,27,1366.0,16,15.2,,,,,,,,,0.89,18.0,33.0,-15.0,-0.99,0.13
9353,73,3,1,34,2852.0,34,31.7,,,,,,,,,1.06,41.0,57.0,-16.0,-0.5,-1.8
11096,65,3,1,13,689.0,9,7.7,,,,,,,,,1.08,11.0,15.0,-4.0,-0.52,-0.48
7327,56,3,1,1,29.0,0,0.3,,,,,,,,,1.0,2.0,0.0,2.0,6.21,5.11
9827,59,3,1,31,2451.0,27,27.2,,,,,,,,,1.71,36.0,34.0,2.0,0.07,-0.67
8240,71,3,1,10,241.0,2,2.7,,,,,,,,,0.9,6.0,6.0,0.0,0.0,0.38
7799,65,3,1,1,61.0,1,0.7,,,,,,,,,1.0,1.0,2.0,-1.0,-1.48,-1.36
7301,62,3,1,1,1.0,0,0.0,,,,,,,,,3.0,0.0,0.0,0.0,0.0,0.79
2504,62,3,1,20,890.0,9,9.9,,,,,,,,,0.9,9.0,12.0,-3.0,-0.3,0.69
10614,67,3,1,32,2826.0,32,31.4,,,,,,,,,1.22,48.0,52.0,-4.0,-0.13,-0.51
14163,71,3,1,33,2922.0,33,32.5,,,,,,,,,1.0,43.0,54.0,-11.0,-0.34,0.31
1535,52,3,1,18,1440.0,18,16.0,,,,,,,,,1.06,18.0,32.0,-14.0,-0.87,-0.49
13601,62,3,1,1,90.0,1,1.0,,,,,,,,,3.0,2.0,1.0,1.0,1.0,1.85
9929,55,3,1,0,,0,,,,,,,,,,,,,,,
7795,59,3,1,1,8.0,0,0.1,,,,,,,,,0.0,0.0,0.0,0.0,0.0,-0.21
11800,69,3,1,12,1025.0,12,11.4,,,,,,,,,1.25,11.0,13.0,-2.0,-0.18,1.33
10976,52,3,1,19,1450.0,16,16.1,,,,,,,,,0.95,18.0,27.0,-9.0,-0.56,0.11
3723,66,3,1,32,2437.0,28,27.1,,,,,,,,,1.41,47.0,45.0,2.0,0.07,0.51
7778,74,3,1,10,502.0,5,5.6,,,,,,,,,2.2,6.0,8.0,-2.0,-0.36,-0.75
9219,59,3,1,34,3060.0,34,34.0,,,,,,,,,1.74,51.0,44.0,7.0,0.21,
4567,69,3,1,8,512.0,5,5.7,,,,,,,,,0.63,6.0,12.0,-6.0,-1.05,0.0
3924,68,3,1,30,1482.0,16,16.5,,,,,,,,,1.87,28.0,26.0,2.0,0.12,-1.08
11579,55,3,1,25,1309.0,15,14.5,,,,,,,,,1.12,23.0,28.0,-5.0,-0.34,1.04
13582,53,3,1,11,191.0,1,2.1,,,,,,,,,2.27,5.0,2.0,3.0,1.41,1.26
11838,52,3,1,3,176.0,2,2.0,,,,,,,,,0.33,2.0,6.0,-4.0,-2.05,-1.51
1764,74,3,1,5,227.0,3,2.5,,,,,,,,,1.8,3.0,5.0,-2.0,-0.79,-1.14
11132,67,3,1,2,8.0,0,0.1,,,,,,,,,0.0,0.0,0.0,0.0,0.0,0.09
9936,69,3,1,15,868.0,10,9.6,,,,,,,,,1.0,8.0,19.0,-11.0,-1.14,-0.11
9047,73,3,1,30,2594.0,30,28.8,,,,,,,,,1.07,45.0,54.0,-9.0,-0.31,0.46
9356,67,3,1,23,1248.0,13,13.9,,,,,,,,,1.3,27.0,29.0,-2.0,-0.14,-0.09
6445,53,3,1,34,2708.0,32,30.1,,,,,,,,,1.47,50.0,40.0,10.0,0.33,0.84
2523,71,3,1,33,1884.0,21,20.9,,,,,,,,,0.91,27.0,35.0,-8.0,-0.38,-0.08
1254,66,3,1,16,525.0,5,5.8,,,,,,,,,1.19,5.0,11.0,-6.0,-1.03,-1.21
10610,73,3,1,28,2477.0,28,27.5,,,,,,,,,1.18,41.0,46.0,-5.0,-0.18,1.05
2774,55,3,1,19,1477.0,17,16.4,,,,,,,,,0.79,15.0,37.0,-22.0,-1.34,-0.77
12948,55,3,1,16,247.0,0,2.7,,,,,,,,,0.75,3.0,10.0,-7.0,-2.55,-1.75
3096,58,3,1,1,21.0,0,0.2,,,,,,,,,0.0,0.0,0.0,0.0,0.0,-0.18
8253,62,3,1,0,,0,,,,,,,,,,,,,,,
3346,63,3,1,27,1952.0,27,21.7,,,,,,,,,1.26,31.0,37.0,-6.0,-0.28,-0.03
14384,74,3,1,29,1866.0,22,20.7,,,,,,,,,1.62,37.0,25.0,12.0,0.58,0.8
10815,72,3,1,26,1302.0,14,14.5,,,,,,,,,1.88,23.0,13.0,10.0,0.69,0.54
11756,52,3,1,23,2070.0,23,23.0,,,,,,,,,1.17,28.0,41.0,-13.0,-0.57,0.16
9652,59,3,1,34,3060.0,34,34.0,,,,,,,,,1.74,51.0,44.0,7.0,0.21,
6132,56,3,1,15,533.0,4,5.9,,,,,,,,,2.53,19.0,7.0,12.0,2.03,1.06
10687,71,3,1,0,,0,,,,,,,,,,,,,,,
12800,54,3,1,34,1941.0,22,21.6,,,,,,,,,2.09,59.0,21.0,38.0,1.76,0.48
1891,73,3,1,0,,0,,,,,,,,,,,,,,,
5906,55,3,1,4,146.0,2,1.6,,,,,,,,,0.0,0.0,5.0,-5.0,-3.08,-2.25
8126,54,3,1,27,1728.0,22,19.2,,,,,,,,,2.0,48.0,23.0,25.0,1.3,-0.66
4397,52,3,1,0,,0,,,,,,,,,,,,,,,
9168,58,3,1,32,2740.0,32,30.4,,,,,,,,,1.53,55.0,43.0,12.0,0.39,2.08
6394,52,3,1,32,2795.0,32,31.1,,,,,,,,,1.03,39.0,56.0,-17.0,-0.55,0.81
6410,58,3,1,0,,0,,,,,,,,,,,,,,,
12414,54,3,1,24,576.0,3,6.4,,,,,,,,,2.21,17.0,10.0,7.0,1.09,-0.61
9939,59,3,1,30,2150.0,27,23.9,,,,,,,,,1.7,37.0,26.0,11.0,0.46,0.86
8097,69,3,1,7,358.0,3,4.0,,,,,,,,,0.86,2.0,13.0,-11.0,-2.77,-1.93
14060,59,3,1,33,2408.0,30,26.8,,,,,,,,,1.79,45.0,26.0,19.0,0.71,2.37
8082,72,3,1,5,450.0,5,5.0,,,,,,,,,1.4,7.0,11.0,-4.0,-0.8,-1.39
2567,73,3,1,26,1886.0,23,21.0,,,,,,,,,1.31,32.0,41.0,-9.0,-0.43,-0.12
2092,66,3,1,2,4.0,0,0.0,,,,,,,,,0.0,0.0,1.0,-1.0,-22.5,-22.5
5659,73,3,1,31,1584.0,18,17.6,,,,,,,,,1.13,25.0,37.0,-12.0,-0.68,-0.62
2327,52,3,1,13,961.0,12,10.7,,,,,,,,,1.08,15.0,16.0,-1.0,-0.09,0.76
11843,56,3,1,27,2290.0,26,25.4,,,,,,,,,1.85,58.0,41.0,17.0,0.67,-1.9
7173,74,3,1,23,1180.0,11,13.1,,,,,,,,,1.26,15.0,19.0,-4.0,-0.31,-0.93
12885,71,3,1,22,1646.0,20,18.3,,,,,,,,,1.05,24.0,33.0,-9.0,-0.49,-0.3
11561,68,3,1,6,540.0,6,6.0,,,,,,,,,1.33,10.0,10.0,0.0,0.0,-0.82
8912,59,3,1,15,643.0,8,7.1,,,,,,,,,1.4,6.0,15.0,-9.0,-1.26,-1.86
12104,52,3,1,29,2015.0,23,22.4,,,,,,,,,1.14,30.0,42.0,-12.0,-0.54,0.24
2569,59,3,1,33,2748.0,31,30.5,,,,,,,,,1.76,46.0,41.0,5.0,0.16,-0.41
7166,68,3,1,30,2170.0,24,24.1,,,,,,,,,1.87,45.0,32.0,13.0,0.54,-0.47
6184,72,3,1,32,2187.0,30,24.3,,,,,,,,,1.81,35.0,26.0,9.0,0.37,-0.04
704,66,3,1,19,1132.0,14,12.6,,,,,,,,,1.63,17.0,19.0,-2.0,-0.16,-0.21
3767,73,3,1,0,,0,,,,,,,,,,,,,,,
1071,52,3,1,7,391.0,4,4.3,,,,,,,,,1.71,6.0,6.0,0.0,0.0,0.71
939,68,3,1,31,1430.0,15,15.9,,,,,,,,,1.9,31.0,18.0,13.0,0.82,0.27
12758,56,3,1,19,1225.0,15,13.6,,,,,,,,,2.42,45.0,14.0,31.0,2.28,1.89
8994,68,3,1,31,1557.0,17,17.3,,,,,,,,,2.0,33.0,21.0,12.0,0.69,0.03
1136,66,3,1,17,1497.0,17,16.6,,,,,,,,,1.53,31.0,26.0,5.0,0.3,0.65
4898,72,3,1,11,498.0,6,5.5,,,,,,,,,2.18,8.0,7.0,1.0,0.18,-0.24
4896,71,3,1,11,748.0,9,8.3,,,,,,,,,0.91,9.0,16.0,-7.0,-0.84,-0.65
8802,58,3,1,18,1306.0,15,14.5,,,,,,,,,1.22,17.0,23.0,-6.0,-0.41,-1.03
13471,56,3,1,14,464.0,2,5.2,,,,,,,,,1.79,6.0,7.0,-1.0,-0.19,-1.58
6821,65,3,1,32,2824.0,32,31.4,,,,,,,,,1.28,48.0,50.0,-2.0,-0.06,1.08
7403,69,3,1,0,,0,,,,,,,,,,,,,,,
3618,55,3,1,11,795.0,8,8.8,,,,,,,,,1.36,10.0,19.0,-9.0,-1.02,-0.1
1892,68,3,1,30,2188.0,23,24.3,,,,,,,,,1.87,39.0,35.0,4.0,0.16,-1.8
8494,54,3,1,7,476.0,6,5.3,,,,,,,,,2.71,19.0,3.0,16.0,3.03,1.7
11365,67,3,1,21,164.0,0,1.8,,,,,,,,,1.33,5.0,6.0,-1.0,-0.55,-0.49
11622,53,3,1,30,2457.0,27,27.3,,,,,,,,,1.6,46.0,32.0,14.0,0.51,1.41
158,53,3,1,29,1286.0,16,14.3,,,,,,,,,1.31,21.0,17.0,4.0,0.28,0.08
10697,59,3,1,32,2816.0,32,31.3,,,,,,,,,1.75,47.0,39.0,8.0,0.26,0.62
6826,67,3,1,31,2680.0,30,29.8,,,,,,,,,1.39,42.0,48.0,-6.0,-0.2,-0.91
11581,55,3,1,34,2631.0,31,29.2,,,,,,,,,1.03,34.0,60.0,-26.0,-0.89,0.37
8499,59,3,1,26,1503.0,16,16.7,,,,,,,,,1.62,22.0,23.0,-1.0,-0.06,-0.52
4959,55,3,1,23,945.0,8,10.5,,,,,,,,,0.91,9.0,25.0,-16.0,-1.52,-0.84
9712,71,3,1,0,,0,,,,,,,,,,,,,,,
6193,55,3,1,2,59.0,1,0.7,,,,,,,,,1.5,0.0,2.0,-2.0,-3.05,-2.15
13556,65,3,1,0,,0,,,,,,,,,,,,,,,
8662,53,3,1,33,2969.0,33,33.0,,,,,,,,,1.52,56.0,47.0,9.0,0.27,1.26
13557,65,3,1,29,2559.0,28,28.4,,,,,,,,,1.31,44.0,45.0,-1.0,-0.04,0.68
2235,53,3,1,14,605.0,7,6.7,,,,,,,,,1.5,12.0,13.0,-1.0,-0.15,-0.48
9556,56,3,1,30,2018.0,24,22.4,,,,,,,,,2.17,53.0,22.0,31.0,1.38,0.69
3314,65,3,1,24,791.0,7,8.8,,,,,,,,,1.25,17.0,16.0,1.0,0.11,0.35
5506,52,3,1,22,1600.0,19,17.8,,,,,,,,,1.09,26.0,30.0,-4.0,-0.23,0.82
1462,54,3,1,1,14.0,0,0.2,,,,,,,,,3.0,0.0,0.0,0.0,0.0,-1.6
9122,66,3,1,28,1314.0,16,14.6,,,,,,,,,1.32,25.0,18.0,7.0,0.48,0.89
7819,67,3,1,24,1981.0,22,22.0,,,,,,,,,1.21,29.0,30.0,-1.0,-0.05,0.12
5430,71,3,1,30,2561.0,29,28.5,,,,,,,,,0.97,34.0,43.0,-9.0,-0.32,0.22
1141,69,3,1,1,46.0,0,0.5,,,,,,,,,0.0,1.0,2.0,-1.0,-1.96,-0.91
8068,66,3,1,34,1894.0,24,21.0,,,,,,,,,1.35,36.0,33.0,3.0,0.14,0.45
11430,72,3,1,16,1196.0,13,13.3,,,,,,,,,1.5,19.0,14.0,5.0,0.38,-0.01
7907,58,3,1,24,1460.0,17,16.2,,,,,,,,,1.58,37.0,21.0,16.0,0.99,1.55
12463,55,3,1,20,1134.0,12,12.6,,,,,,,,,1.05,19.0,30.0,-11.0,-0.87,0.11
13750,67,3,1,8,99.0,1,1.1,,,,,,,,,2.0,3.0,4.0,-1.0,-0.91,-0.85
12394,62,3,1,0,,0,,,,,,,,,,,,,,,
4775,52,3,1,20,924.0,8,10.3,,,,,,,,,1.2,13.0,17.0,-4.0,-0.39,0.33
10282,69,3,1,11,945.0,11,10.5,,,,,,,,,1.45,14.0,10.0,4.0,0.38,2.08
9245,55,3,1,0,,0,,,,,,,,,,,,,,,
13183,62,3,1,17,892.0,8,9.9,,,,,,,,,0.76,16.0,21.0,-5.0,-0.5,0.41
1308,73,3,1,34,2617.0,32,29.1,,,,,,,,,1.06,37.0,59.0,-22.0,-0.76,-2.59
7155,72,3,1,12,935.0,10,10.4,,,,,,,,,1.58,12.0,9.0,3.0,0.29,-0.13
11206,63,3,1,30,2388.0,28,26.5,,,,,,,,,1.07,34.0,41.0,-7.0,-0.26,0.0
11465,63,3,1,26,1665.0,17,18.5,,,,,,,,,0.96,23.0,26.0,-3.0,-0.16,0.22
4572,65,3,1,32,2344.0,31,26.0,,,,,,,,,1.22,37.0,38.0,-1.0,-0.04,0.46
12671,71,3,1,3,233.0,3,2.6,,,,,,,,,0.67,3.0,3.0,0.0,0.0,0.38
2826,58,3,1,32,2265.0,25,25.2,,,,,,,,,1.47,49.0,37.0,12.0,0.48,1.16
88,56,3,1,0,,0,,,,,,,,,,,,,,,
6047,74,3,1,31,2058.0,25,22.9,,,,,,,,,1.48,47.0,27.0,20.0,0.87,1.86
9018,69,3,1,8,632.0,7,7.0,,,,,,,,,1.5,13.0,22.0,-9.0,-1.28,-0.28
7654,68,3,1,30,1372.0,16,15.2,,,,,,,,,2.03,28.0,20.0,8.0,0.52,-0.27
14195,62,3,1,23,1417.0,15,15.7,,,,,,,,,0.65,17.0,24.0,-7.0,-0.44,0.65
7583,69,3,1,21,976.0,10,10.8,,,,,,,,,1.05,12.0,28.0,-16.0,-1.48,-0.61
1630,71,3,1,29,1962.0,22,21.8,,,,,,,,,1.03,29.0,36.0,-7.0,-0.32,0.09
13438,71,3,1,4,72.0,1,0.8,,,,,,,,,0.25,0.0,3.0,-3.0,-3.75,-3.48
2959,52,3,1,0,,0,,,,,,,,,,,,,,,
12930,71,3,1,30,1992.0,23,22.1,,,,,,,,,1.1,30.0,31.0,-1.0,-0.05,0.88
14393,59,3,1,22,682.0,8,7.6,,,,,,,,,1.86,13.0,9.0,4.0,0.53,0.41
851,72,3,1,0,,0,,,,,,,,,,,,,,,
8987,62,3,1,31,2709.0,31,30.1,,,,,,,,,0.9,40.0,62.0,-22.0,-0.73,0.55
6896,62,3,1,29,2244.0,25,24.9,,,,,,,,,0.9,29.0,44.0,-15.0,-0.6,0.72
11827,72,3,1,33,2882.0,33,32.0,,,,,,,,,1.88,49.0,32.0,17.0,0.53,2.55
6684,62,3,1,0,,0,,,,,,,,,,,,,,,
8403,65,3,1,16,1123.0,13,12.5,,,,,,,,,1.5,21.0,24.0,-3.0,-0.24,-0.15
7135,54,3,1,33,2809.0,32,31.2,,,,,,,,,2.06,85.0,36.0,49.0,1.57,-0.22
2960,52,3,1,0,,0,,,,,,,,,,,,,,,
11323,62,3,1,1,90.0,1,1.0,,,,,,,,,3.0,2.0,1.0,1.0,1.0,1.85
9422,71,3,1,0,,0,,,,,,,,,,,,,,,
10790,74,3,1,0,,0,,,,,,,,,,,,,,,
8666,68,3,1,15,907.0,10,10.1,,,,,,,,,2.0,14.0,9.0,5.0,0.5,-0.26
1271,58,3,1,24,1286.0,14,14.3,,,,,,,,,1.38,20.0,26.0,-6.0,-0.42,-1.03
12166,72,3,1,32,2873.0,32,31.9,,,,,,,,,1.94,49.0,32.0,17.0,0.53,2.46
9656,65,3,1,0,,0,,,,,,,,,,,,,,,
5180,56,3,1,27,2430.0,27,27.0,,,,,,,,,2.22,68.0,32.0,36.0,1.33,0.9
8131,53,3,1,0,,0,,,,,,,,,,,,,,,
3610,66,3,1,30,2292.0,27,25.5,,,,,,,,,1.43,39.0,38.0,1.0,0.04,0.27
11817,58,3,1,32,2631.0,31,29.2,,,,,,,,,1.53,51.0,39.0,12.0,0.41,1.67
13569,69,3,1,1,25.0,0,0.3,,,,,,,,,0.0,0.0,0.0,0.0,0.0,1.07
9914,52,3,1,0,,0,,,,,,,,,,,,,,,
8885,67,3,1,30,2608.0,30,29.0,,,,,,,,,1.23,41.0,49.0,-8.0,-0.28,-1.27
10963,53,3,1,24,1523.0,17,16.9,,,,,,,,,1.75,35.0,20.0,15.0,0.89,1.3
4475,58,3,1,1,74.0,1,0.8,,,,,,,,,0.0,1.0,5.0,-4.0,-4.86,-5.17
13671,52,3,1,11,990.0,11,11.0,,,,,,,,,0.64,14.0,22.0,-8.0,-0.73,-0.16
13046,69,3,1,5,379.0,5,4.2,,,,,,,,,0.6,1.0,5.0,-4.0,-0.95,0.12
641,69,3,1,29,2357.0,26,26.2,,,,,,,,,0.93,27.0,52.0,-25.0,-0.95,0.45
1162,63,3,1,32,2386.0,26,26.5,,,,,,,,,1.03,39.0,45.0,-6.0,-0.23,0.17
2614,67,3,1,29,2222.0,27,24.7,,,,,,,,,1.31,38.0,39.0,-1.0,-0.04,0.17
13642,69,3,1,32,2514.0,31,27.9,,,,,,,,,0.97,23.0,51.0,-28.0,-1.0,0.32
9754,74,3,1,5,272.0,2,3.0,,,,,,,,,0.4,3.0,6.0,-3.0,-0.99,-1.38
8670,59,3,1,22,1639.0,19,18.2,,,,,,,,,1.82,32.0,18.0,14.0,0.77,1.21
11638,55,3,1,12,377.0,3,4.2,,,,,,,,,0.83,3.0,13.0,-10.0,-2.39,-1.65
866,71,3,1,1,5.0,0,0.1,,,,,,,,,0.0,0.0,0.0,0.0,0.0,0.35
12107,62,3,1,0,,0,,,,,,,,,,,,,,,
2963,59,3,1,12,559.0,7,6.2,,,,,,,,,1.58,7.0,11.0,-4.0,-0.64,-1.04
9777,74,3,1,24,1627.0,18,18.1,,,,,,,,,1.38,31.0,26.0,5.0,0.28,0.03
328,72,3,1,14,871.0,11,9.7,,,,,,,,,1.64,9.0,9.0,0.0,0.0,-0.53
7859,68,3,1,21,1468.0,17,16.3,,,,,,,,,1.95,25.0,20.0,5.0,0.31,-0.71
13121,67,3,1,17,817.0,9,9.1,,,,,,,,,1.47,11.0,19.0,-8.0,-0.88,-1.08
13976,55,3,1,15,627.0,7,7.0,,,,,,,,,1.13,4.0,14.0,-10.0,-1.44,-0.62
9951,69,3,1,0,,0,,,,,,,,,,,,,,,
6926,69,3,1,11,463.0,5,5.1,,,,,,,,,0.55,4.0,11.0,-7.0,-1.36,-0.36
3065,69,3,1,20,853.0,8,9.5,,,,,,,,,0.8,12.0,28.0,-16.0,-1.69,-0.87
8503,66,3,1,0,,0,,,,,,,,,,,,,,,
3509,72,3,1,28,2254.0,26,25.0,,,,,,,,,1.93,40.0,28.0,12.0,0.48,0.37
9786,66,3,1,9,663.0,7,7.4,,,,,,,,,1.56,9.0,13.0,-4.0,-0.54,-0.66
13530,65,3,1,12,132.0,0,1.5,,,,,,,,,1.58,2.0,2.0,0.0,0.0,0.15
2626,58,3,1,24,1290.0,13,14.3,,,,,,,,,1.58,27.0,21.0,6.0,0.42,0.42
6138,72,3,1,16,265.0,0,2.9,,,,,,,,,1.94,7.0,5.0,2.0,0.68,0.33
11587,59,3,1,29,2498.0,27,27.8,,,,,,,,,1.86,45.0,30.0,15.0,0.54,1.82
9664,54,3,1,31,2403.0,27,26.7,,,,,,,,,2.0,67.0,27.0,40.0,1.5,-0.42
3494,65,3,1,2,39.0,0,0.4,,,,,,,,,0.5,0.0,1.0,-1.0,-2.31,-2.19
6487,58,3,1,27,1679.0,22,18.7,,,,,,,,,1.63,34.0,27.0,7.0,0.38,0.44
3293,65,3,1,27,1710.0,20,19.0,,,,,,,,,1.3,27.0,27.0,0.0,0.0,0.33
10793,53,3,1,0,,0,,,,,,,,,,,,,,,
1317,55,3,1,31,2720.0,31,30.2,,,,,,,,,1.1,39.0,64.0,-25.0,-0.83,1.03
8995,56,3,1,0,,0,,,,,,,,,,,,,,,
1043,66,3,1,0,,0,,,,,,,,,,,,,,,
3562,62,3,1,32,2397.0,27,26.6,,,,,,,,,0.81,34.0,55.0,-21.0,-0.79,0.03
1188,53,3,1,1,90.0,1,1.0,,,,,,,,,0.0,1.0,2.0,-1.0,-1.0,-1.27
7171,52,3,1,0,,0,,,,,,,,,,,,,,,
1538,52,3,1,30,1960.0,24,21.8,,,,,,,,,0.9,24.0,44.0,-20.0,-0.92,-0.84
8248,65,3,1,33,2239.0,27,24.9,,,,,,,,,1.24,37.0,36.0,1.0,0.04,0.7
3634,56,3,1,26,1706.0,22,19.0,,,,,,,,,2.04,44.0,24.0,20.0,1.06,-0.21
9727,52,3,1,0,,0,,,,,,,,,,,,,,,
12448,54,3,1,25,1425.0,18,15.8,,,,,,,,,2.2,43.0,19.0,24.0,1.52,-0.14
10383,62,3,1,3,95.0,1,1.1,,,,,,,,,0.0,1.0,3.0,-2.0,-1.89,-1.14
11073,74,3,1,33,1476.0,15,16.4,,,,,,,,,1.45,23.0,24.0,-1.0,-0.06,-0.63
4086,65,3,1,29,2019.0,23,22.4,,,,,,,,,1.21,29.0,33.0,-4.0,-0.18,-0.09
18,66,3,1,28,1847.0,20,20.5,,,,,,,,,1.25,29.0,34.0,-5.0,-0.24,-0.54
4808,54,3,1,0,,0,,,,,,,,,,,,,,,
4060,55,3,1,29,2178.0,23,24.2,,,,,,,,,1.0,30.0,46.0,-16.0,-0.66,0.97
5395,69,3,1,22,1863.0,22,20.7,,,,,,,,,1.09,27.0,42.0,-15.0,-0.72,0.85
7866,71,3,1,28,2286.0,26,25.4,,,,,,,,,1.0,32.0,44.0,-12.0,-0.47,-0.47
11591,58,3,1,10,694.0,8,7.7,,,,,,,,,1.2,11.0,13.0,-2.0,-0.26,-0.56
4091,54,3,1,19,1112.0,14,12.4,,,,,,,,,2.16,38.0,13.0,25.0,2.02,0.68
5531,62,3,1,2,71.0,0,0.8,,,,,,,,,1.5,2.0,2.0,0.0,0.0,0.81
10941,54,3,1,19,1075.0,11,11.9,,,,,,,,,2.32,37.0,18.0,19.0,1.59,0.0
10882,53,3,1,1,1.0,0,0.0,,,,,,,,,0.0,0.0,0.0,0.0,0.0,-0.24
6350,73,3,1,2,6.0,0,0.1,,,,,,,,,0.0,0.0,2.0,-2.0,-30.0,-29.68
10503,52,3,1,2,34.0,0,0.4,,,,,,,,,0.0,1.0,0.0,1.0,2.65,3.3
13456,56,3,1,10,585.0,7,6.5,,,,,,,,,2.1,5.0,9.0,-4.0,-0.62,-2.18
710,56,3,1,7,630.0,7,7.0,,,,,,,,,1.57,15.0,12.0,3.0,0.43,-0.9
13234,72,3,1,21,495.0,2,5.5,,,,,,,,,1.62,8.0,5.0,3.0,0.55,0.19
4039,71,3,1,23,890.0,9,9.9,,,,,,,,,1.04,14.0,19.0,-5.0,-0.51,-0.22
9834,62,3,1,17,849.0,7,9.4,,,,,,,,,0.94,9.0,15.0,-6.0,-0.64,0.22
1325,56,3,1,19,813.0,7,9.0,,,,,,,,,1.79,13.0,9.0,4.0,0.44,-0.96
13603,69,3,1,18,839.0,8,9.3,,,,,,,,,0.78,11.0,16.0,-5.0,-0.54,0.72
2694,71,3,1,1,15.0,0,0.2,,,,,,,,,1.0,0.0,0.0,0.0,0.0,0.35
4550,69,3,1,9,410.0,4,4.6,,,,,,,,,0.56,3.0,13.0,-10.0,-2.2,-1.31
8748,53,3,1,0,,0,,,,,,,,,,,,,,,
8231,54,3,1,0,,0,,,,,,,,,,,,,,,
14538,56,3,1,26,1141.0,11,12.7,,,,,,,,,1.88,32.0,23.0,9.0,0.71,-0.7
8732,55,3,1,0,,0,,,,,,,,,,,,,,,
4585,71,3,1,19,1710.0,19,19.0,,,,,,,,,0.84,22.0,34.0,-12.0,-0.63,-0.63
6714,69,3,1,0,,0,,,,,,,,,,,,,,,
13460,54,3,1,27,1665.0,21,18.5,,,,,,,,,1.93,50.0,15.0,35.0,1.89,0.67
13759,67,3,1,0,,0,,,,,,,,,,,,,,,
6066,54,3,1,33,2198.0,26,24.4,,,,,,,,,2.06,63.0,29.0,34.0,1.39,-0.7
9257,66,3,1,6,69.0,0,0.8,,,,,,,,,2.0,1.0,1.0,0.0,0.0,0.03
10957,58,3,1,30,2692.0,30,29.9,,,,,,,,,1.6,54.0,44.0,10.0,0.33,1.31
10479,67,3,1,20,695.0,7,7.7,,,,,,,,,0.85,8.0,12.0,-4.0,-0.52,-0.56
13097,63,3,1,19,1286.0,14,14.3,,,,,,,,,1.05,25.0,32.0,-7.0,-0.49,-0.39
10846,71,3,1,9,473.0,5,5.3,,,,,,,,,0.89,8.0,8.0,0.0,0.0,0.42
8427,67,3,1,20,702.0,7,7.8,,,,,,,,,1.3,14.0,15.0,-1.0,-0.13,-0.05
8925,54,3,1,12,1080.0,12,12.0,,,,,,,,,2.08,36.0,11.0,25.0,2.08,0.77
4586,67,3,1,23,1405.0,16,15.6,,,,,,,,,1.13,19.0,20.0,-1.0,-0.06,0.04
6496,62,3,1,18,826.0,8,9.2,,,,,,,,,0.78,10.0,20.0,-10.0,-1.09,-0.4
13292,54,3,1,0,,0,,,,,,,,,,,,,,,
6832,68,3,1,0,,0,,,,,,,,,,,,,,,
4593,52,3,1,14,910.0,10,10.1,,,,,,,,,1.07,15.0,15.0,0.0,0.0,0.88
4594,62,3,1,16,781.0,11,8.7,,,,,,,,,0.94,14.0,16.0,-2.0,-0.23,0.76
7415,56,3,1,1,22.0,0,0.2,,,,,,,,,0.0,0.0,1.0,-1.0,-4.09,-5.28
2633,68,3,1,25,1897.0,20,21.1,,,,,,,,,2.08,44.0,28.0,16.0,0.76,0.22
4406,74,3,1,30,1836.0,19,20.4,,,,,,,,,1.47,34.0,25.0,9.0,0.44,0.44
8675,74,3,1,16,899.0,10,10.0,,,,,,,,,1.13,13.0,16.0,-3.0,-0.3,-0.8
10434,63,3,1,0,,0,,,,,,,,,,,,,,,
2720,67,3,1,0,,0,,,,,,,,,,,,,,,
5489,68,3,1,7,184.0,2,2.0,,,,,,,,,1.71,5.0,2.0,3.0,1.47,0.84
12093,68,3,1,2,180.0,2,2.0,,,,,,,,,3.0,6.0,2.0,4.0,2.0,1.41
3182,74,3,1,0,,0,,,,,,,,,,,,,,,
13535,55,3,1,4,194.0,2,2.2,,,,,,,,,1.0,1.0,6.0,-5.0,-2.32,-1.47
4532,63,3,1,13,513.0,6,5.7,,,,,,,,,1.54,12.0,8.0,4.0,0.7,1.16
9487,65,3,1,14,478.0,6,5.3,,,,,,,,,1.43,5.0,9.0,-4.0,-0.75,-0.72
2900,68,3,1,23,1282.0,15,14.2,,,,,,,,,2.0,32.0,16.0,16.0,1.12,0.77
6155,67,3,1,4,360.0,4,4.0,,,,,,,,,1.0,9.0,11.0,-2.0,-0.5,-0.47
6834,67,3,1,15,1290.0,15,14.3,,,,,,,,,1.27,20.0,18.0,2.0,0.14,0.39
6475,58,3,1,0,,0,,,,,,,,,,,,,,,
7498,66,3,1,31,2539.0,28,28.2,,,,,,,,,1.19,43.0,48.0,-5.0,-0.18,-0.87
14220,68,3,1,33,2951.0,33,32.8,,,,,,,,,2.0,62.0,39.0,23.0,0.7,0.7
5871,55,3,1,30,2449.0,28,27.2,,,,,,,,,1.17,39.0,58.0,-19.0,-0.7,1.22
6964,55,3,1,20,749.0,8,8.3,,,,,,,,,0.7,6.0,20.0,-14.0,-1.68,-0.98
11375,55,3,1,23,1029.0,11,11.4,,,,,,,,,1.35,8.0,19.0,-11.0,-0.96,-0.03
11460,74,3,1,25,2041.0,25,22.7,,,,,,,,,1.44,33.0,26.0,7.0,0.31,0.13
13463,69,3,1,17,903.0,10,10.0,,,,,,,,,0.47,9.0,27.0,-18.0,-1.79,-1.04
11943,52,3,1,3,94.0,1,1.0,,,,,,,,,0.33,0.0,1.0,-1.0,-0.96,-0.35
12468,56,3,1,26,1576.0,17,17.5,,,,,,,,,2.15,37.0,22.0,15.0,0.86,-0.6
8187,72,3,1,2,9.0,0,0.1,,,,,,,,,3.0,4.0,0.0,4.0,40.0,39.73
4185,53,3,1,25,1654.0,19,18.4,,,,,,,,,1.6,32.0,25.0,7.0,0.38,0.32
10127,72,3,1,13,206.0,0,2.3,,,,,,,,,1.92,4.0,4.0,0.0,0.0,-0.41
1424,56,3,1,1,13.0,0,0.1,,,,,,,,,0.0,0.0,0.0,0.0,0.0,-1.15
9919,66,3,1,0,,0,,,,,,,,,,,,,,,
7672,74,3,1,22,529.0,1,5.9,,,,,,,,,1.09,13.0,8.0,5.0,0.85,0.71
9063,56,3,1,1,11.0,0,0.1,,,,,,,,,0.0,0.0,1.0,-1.0,-8.18,-9.36
4409,56,3,1,3,64.0,0,0.7,,,,,,,,,3.0,2.0,0.0,2.0,2.81,1.7
11449,53,3,1,4,82.0,1,0.9,,,,,,,,,1.0,1.0,2.0,-1.0,-1.1,-1.37
1908,54,3,1,30,2431.0,27,27.0,,,,,,,,,2.3,76.0,29.0,47.0,1.74,0.74
6554,73,3,1,33,2908.0,33,32.3,,,,,,,,,1.06,49.0,61.0,-12.0,-0.37,0.22
498,54,3,1,0,,0,,,,,,,,,,,,,,,
7895,65,3,1,6,276.0,3,3.1,,,,,,,,,0.67,2.0,6.0,-4.0,-1.3,-1.27
8756,52,3,1,28,1838.0,20,20.4,,,,,,,,,0.96,26.0,36.0,-10.0,-0.49,0.32
6934,72,3,1,31,1358.0,16,15.1,,,,,,,,,1.94,20.0,15.0,5.0,0.33,-0.09
3677,74,3,1,1,11.0,0,0.1,,,,,,,,,0.0,0.0,0.0,0.0,0.0,-0.27
11565,62,3,1,5,206.0,2,2.3,,,,,,,,,0.8,3.0,7.0,-4.0,-1.75,-1.02
8434,58,3,1,9,557.0,7,6.2,,,,,,,,,1.56,10.0,7.0,3.0,0.48,0.38
11593,63,3,1,0,,0,,,,,,,,,,,,,,,
11380,53,3,1,0,,0,,,,,,,,,,,,,,,
12025,52,3,1,4,95.0,1,1.1,,,,,,,,,0.75,0.0,3.0,-3.0,-2.84,-2.3
7244,71,3,1,16,418.0,3,4.6,,,,,,,,,0.5,4.0,7.0,-3.0,-0.65,-0.34
11461,74,3,1,0,,0,,,,,,,,,,,,,,,
10852,59,3,1,27,277.0,0,3.1,,,,,,,,,1.96,7.0,8.0,-1.0,-0.32,-0.58
8680,52,3,1,7,146.0,0,1.6,,,,,,,,,0.57,0.0,2.0,-2.0,-1.23,-0.65
8440,71,3,1,19,701.0,6,7.8,,,,,,,,,0.95,10.0,14.0,-4.0,-0.51,-0.21
8441,63,3,1,0,,0,,,,,,,,,,,,,,,
9842,74,3,1,3,116.0,1,1.3,,,,,,,,,1.33,0.0,1.0,-1.0,-0.78,-1.08
9841,73,3,1,15,442.0,3,4.9,,,,,,,,,0.6,12.0,9.0,3.0,0.61,1.16
1010,73,3,1,29,1957.0,22,21.7,,,,,,,,,1.07,29.0,39.0,-10.0,-0.46,-0.22
9372,62,3,1,31,2402.0,29,26.7,,,,,,,,,0.9,34.0,58.0,-24.0,-0.9,-0.49
379,67,3,1,29,1774.0,20,19.7,,,,,,,,,1.24,27.0,27.0,0.0,0.0,0.21
6692,53,3,1,1,4.0,0,0.0,,,,,,,,,0.0,0.0,0.0,0.0,0.0,-0.24
12737,69,3,1,19,630.0,5,7.0,,,,,,,,,0.84,14.0,22.0,-8.0,-1.14,-0.11
13141,63,3,1,1,18.0,1,0.2,,,,,,,,,0.0,0.0,0.0,0.0,0.0,0.27
14564,68,3,1,19,411.0,3,4.6,,,,,,,,,2.05,13.0,3.0,10.0,2.19,1.75
5190,63,3,1,18,1454.0,17,16.2,,,,,,,,,1.39,26.0,20.0,6.0,0.37,1.21
13815,72,3,1,1,58.0,1,0.6,,,,,,,,,3.0,0.0,1.0,-1.0,-1.55,-1.97
3769,63,3,1,4,88.0,1,1.0,,,,,,,,,1.0,2.0,3.0,-1.0,-1.02,-0.78
7143,63,3,1,1,1.0,0,0.0,,,,,,,,,0.0,0.0,0.0,0.0,0.0,0.26
3397,58,3,1,1,90.0,1,1.0,,,,,,,,,1.0,1.0,1.0,0.0,0.0,-0.18
10665,73,3,1,7,71.0,0,0.8,,,,,,,,,1.29,3.0,1.0,2.0,2.54,2.99
3196,68,3,1,28,1685.0,19,18.7,,,,,,,,,1.89,37.0,21.0,16.0,0.85,0.4
8134,71,3,1,0,,0,,,,,,,,,,,,,,,
12190,67,3,1,1,3.0,0,0.0,,,,,,,,,0.0,0.0,0.0,0.0,0.0,0.09
9067,56,3,1,25,1353.0,14,15.0,,,,,,,,,2.28,32.0,19.0,13.0,0.86,-0.51
3868,52,3,1,31,2524.0,30,28.0,,,,,,,,,1.0,35.0,47.0,-12.0,-0.43,1.08
5037,56,3,1,22,625.0,4,6.9,,,,,,,,,1.95,21.0,14.0,7.0,1.01,-0.17
9069,62,3,1,29,1836.0,21,20.4,,,,,,,,,0.93,30.0,51.0,-21.0,-1.03,-0.59
8931,55,3,1,34,3060.0,34,34.0,,,,,,,,,1.03,40.0,72.0,-32.0,-0.94,
7993,66,3,1,0,,0,,,,,,,,,,,,,,,
12738,58,3,1,27,1414.0,19,15.7,,,,,,,,,1.48,28.0,29.0,-1.0,-0.06,-0.45
303,62,3,1,20,1426.0,14,15.8,,,,,,,,,0.8,21.0,36.0,-15.0,-0.95,-0.29
9910,59,3,1,3,57.0,0,0.6,,,,,,,,,1.33,1.0,1.0,0.0,0.0,-0.21
13754,62,3,1,1,20.0,0,0.2,,,,,,,,,3.0,0.0,0.0,0.0,0.0,0.8
13655,56,3,1,2,26.0,0,0.3,,,,,,,,,1.5,1.0,0.0,1.0,3.46,2.33
6476,72,3,1,16,957.0,11,10.6,,,,,,,,,1.94,16.0,13.0,3.0,0.28,-0.15
6479,74,3,1,4,22.0,0,0.2,,,,,,,,,2.5,1.0,0.0,1.0,4.09,3.85
12740,63,3,1,22,794.0,6,8.8,,,,,,,,,1.18,13.0,13.0,0.0,0.0,0.36
4928,63,3,1,15,1009.0,11,11.2,,,,,,,,,1.2,17.0,15.0,2.0,0.18,0.66
7319,72,3,1,13,1037.0,12,11.5,,,,,,,,,1.85,21.0,15.0,6.0,0.52,0.21
7315,56,3,1,17,1410.0,17,15.7,,,,,,,,,2.35,47.0,19.0,28.0,1.79,1.19
4766,72,3,1,29,2610.0,29,29.0,,,,,,,,,1.9,44.0,27.0,17.0,0.59,1.39
9000,54,3,1,15,628.0,7,7.0,,,,,,,,,2.27,22.0,3.0,19.0,2.72,1.43
3473,73,3,1,1,1.0,0,0.0,,,,,,,,,3.0,0.0,0.0,0.0,0.0,0.38
12247,59,3,1,19,1002.0,10,11.1,,,,,,,,,1.84,16.0,15.0,1.0,0.09,-0.17
3394,63,3,1,2,34.0,1,0.4,,,,,,,,,1.5,0.0,0.0,0.0,0.0,0.27
8174,54,3,1,32,2010.0,20,22.3,,,,,,,,,2.03,59.0,24.0,35.0,1.57,-0.06
12921,69,3,1,1,25.0,0,0.3,,,,,,,,,0.0,0.0,0.0,0.0,0.0,1.07
2066,54,3,1,1,3.0,0,0.0,,,,,,,,,3.0,0.0,0.0,0.0,0.0,-1.59
6658,67,3,1,28,2208.0,25,24.5,,,,,,,,,1.29,38.0,36.0,2.0,0.08,0.61
7681,59,3,1,8,182.0,1,2.0,,,,,,,,,1.5,2.0,6.0,-4.0,-1.98,-2.32
1049,72,3,1,16,860.0,10,9.6,,,,,,,,,2.06,12.0,6.0,6.0,0.63,0.34
7349,69,3,1,0,,0,,,,,,,,,,,,,,,
6740,54,3,1,0,,0,,,,,,,,,,,,,,,
3370,62,3,1,10,285.0,2,3.2,,,,,,,,,0.7,4.0,11.0,-7.0,-2.21,-1.56
11388,53,3,1,14,941.0,10,10.5,,,,,,,,,0.86,16.0,21.0,-5.0,-0.48,-1.03
7805,65,3,1,29,1088.0,8,12.1,,,,,,,,,1.24,21.0,22.0,-1.0,-0.08,0.1
14300,68,3,1,22,1506.0,16,16.7,,,,,,,,,2.23,40.0,17.0,23.0,1.37,1.37
7620,59,3,1,2,14.0,0,0.2,,,,,,,,,3.0,0.0,0.0,0.0,0.0,-0.21
7618,55,3,1,13,734.0,8,8.2,,,,,,,,,1.15,8.0,18.0,-10.0,-1.23,-0.37
10636,56,3,1,28,2252.0,27,25.0,,,,,,,,,2.11,57.0,34.0,23.0,0.92,-0.86
6883,59,3,1,3,41.0,0,0.5,,,,,,,,,1.33,0.0,1.0,-1.0,-2.2,-2.43
9843,65,3,1,0,,0,,,,,,,,,,,,,,,
12281,73,3,1,27,1520.0,15,16.9,,,,,,,,,1.07,23.0,29.0,-6.0,-0.36,0.05
7592,59,3,1,5,251.0,3,2.8,,,,,,,,,1.0,4.0,2.0,2.0,0.72,0.56
10798,73,3,1,24,1087.0,11,12.1,,,,,,,,,0.83,16.0,22.0,-6.0,-0.5,-0.18
1926,65,3,1,31,2420.0,30,26.9,,,,,,,,,1.16,34.0,38.0,-4.0,-0.15,-0.01
11600,74,3,1,0,,0,,,,,,,,,,,,,,,
9375,65,3,1,34,3060.0,34,34.0,,,,,,,,,1.24,49.0,54.0,-5.0,-0.15,
7145,65,3,1,0,,0,,,,,,,,,,,,,,,
724,69,3,1,23,2035.0,22,22.6,,,,,,,,,0.83,24.0,58.0,-34.0,-1.5,-1.33
11442,72,3,1,20,691.0,4,7.7,,,,,,,,,1.75,13.0,11.0,2.0,0.26,-0.16
3353,71,3,1,0,,0,,,,,,,,,,,,,,,
3248,62,3,1,13,282.0,3,3.1,,,,,,,,,0.92,4.0,8.0,-4.0,-1.28,-0.53
3249,65,3,1,17,869.0,12,9.7,,,,,,,,,1.24,11.0,16.0,-5.0,-0.52,-0.52
13219,62,3,1,32,2021.0,24,22.5,,,,,,,,,0.88,26.0,44.0,-18.0,-0.8,-0.02
14616,53,3,1,0,,0,,,,,,,,,,,,,,,
4003,66,3,1,1,10.0,0,0.1,,,,,,,,,0.0,0.0,0.0,0.0,0.0,0.03
7782,59,3,1,27,1977.0,23,22.0,,,,,,,,,1.63,29.0,32.0,-3.0,-0.14,-0.97
1078,68,3,1,31,1738.0,20,19.3,,,,,,,,,1.84,37.0,25.0,12.0,0.62,-0.13
10211,68,3,1,24,1454.0,18,16.2,,,,,,,,,1.88,29.0,17.0,12.0,0.74,0.13
2841,53,3,1,12,344.0,4,3.8,,,,,,,,,1.83,9.0,9.0,0.0,0.0,-0.27
13604,67,3,1,6,510.0,5,5.7,,,,,,,,,0.67,5.0,12.0,-7.0,-1.24,-1.38
5494,59,3,1,2,17.0,0,0.2,,,,,,,,,3.0,0.0,0.0,0.0,0.0,-0.21
13549,72,3,1,3,53.0,0,0.6,,,,,,,,,0.0,1.0,1.0,0.0,0.0,-0.39
13548,69,3,1,9,440.0,6,4.9,,,,,,,,,1.11,4.0,8.0,-4.0,-0.82,0.28
3861,65,3,1,32,2856.0,32,31.7,,,,,,,,,1.25,46.0,52.0,-6.0,-0.19,-0.63
12121,63,3,1,23,1349.0,16,15.0,,,,,,,,,0.96,25.0,22.0,3.0,0.2,0.83
12081,65,3,1,0,,0,,,,,,,,,,,,,,,
5448,58,3,1,9,471.0,4,5.2,,,,,,,,,1.89,7.0,5.0,2.0,0.38,0.24
3050,55,3,1,23,1766.0,23,19.6,,,,,,,,,1.17,26.0,40.0,-14.0,-0.71,0.54
10835,65,3,1,7,593.0,6,6.6,,,,,,,,,0.43,4.0,13.0,-9.0,-1.37,-1.51
14373,54,3,1,19,1710.0,19,19.0,,,,,,,,,1.95,43.0,25.0,18.0,0.95,-1.45
14374,67,3,1,10,900.0,10,10.0,,,,,,,,,1.6,18.0,14.0,4.0,0.4,0.69
2042,71,3,1,25,1955.0,22,21.7,,,,,,,,,1.08,31.0,38.0,-7.0,-0.32,0.08
3551,58,3,1,32,2646.0,30,29.4,,,,,,,,,1.5,48.0,43.0,5.0,0.17,-0.05
1357,66,3,1,30,2070.0,22,23.0,,,,,,,,,1.4,35.0,36.0,-1.0,-0.04,-0.04
7880,55,3,1,19,1043.0,11,11.6,,,,,,,,,1.21,12.0,23.0,-11.0,-0.95,-0.01
6419,73,3,1,32,1855.0,21,20.6,,,,,,,,,1.09,31.0,37.0,-6.0,-0.29,0.23
13981,62,3,1,1,8.0,0,0.1,,,,,,,,,0.0,0.0,0.0,0.0,0.0,0.8
7160,54,3,1,14,579.0,4,6.4,,,,,,,,,1.93,13.0,10.0,3.0,0.47,-1.38
10802,73,3,1,27,2077.0,23,23.1,,,,,,,,,1.07,35.0,42.0,-7.0,-0.3,0.25
11324,71,3,1,12,333.0,3,3.7,,,,,,,,,1.33,7.0,8.0,-1.0,-0.27,0.09
1261,63,3,1,20,704.0,6,7.8,,,,,,,,,1.24,13.0,14.0,-1.0,-0.13,0.18
7984,67,3,1,29,1734.0,20,19.3,,,,,,,,,1.21,33.0,30.0,3.0,0.16,0.56
7686,55,3,1,32,2599.0,29,28.9,,,,,,,,,1.0,33.0,62.0,-29.0,-1.0,-0.42
4908,65,3,1,0,,0,,,,,,,,,,,,,,,
10806,56,3,1,29,2118.0,23,23.5,,,,,,,,,2.07,61.0,33.0,28.0,1.19,0.14
5890,62,3,1,18,993.0,12,11.0,,,,,,,,,1.0,14.0,23.0,-9.0,-0.82,-0.03
9708,74,3,1,32,1835.0,21,20.4,,,,,,,,,1.41,35.0,35.0,0.0,0.0,-0.66
3617,68,3,1,31,2444.0,28,27.2,,,,,,,,,1.94,51.0,32.0,19.0,0.7,0.12
734,68,3,1,1,6.0,0,0.1,,,,,,,,,1.0,0.0,0.0,0.0,0.0,-0.68
6885,53,3,1,33,2487.0,28,27.6,,,,,,,,,1.48,44.0,45.0,-1.0,-0.04,-1.45
3728,53,3,1,33,2871.0,32,31.9,,,,,,,,,1.42,52.0,47.0,5.0,0.16,-1.27
10812,66,3,1,3,93.0,0,1.0,,,,,,,,,1.0,1.0,4.0,-3.0,-2.9,-2.96
10814,69,3,1,0,,0,,,,,,,,,,,,,,,
9519,54,3,1,22,417.0,1,4.6,,,,,,,,,2.0,16.0,8.0,8.0,1.73,0.16
12781,67,3,1,3,10.0,0,0.1,,,,,,,,,0.0,0.0,0.0,0.0,0.0,0.09
12980,69,3,1,32,1823.0,21,20.3,,,,,,,,,0.97,21.0,40.0,-19.0,-0.94,0.3
8820,69,3,1,3,270.0,3,3.0,,,,,,,,,0.67,3.0,8.0,-5.0,-1.67,-0.67
6171,65,3,1,23,869.0,6,9.7,,,,,,,,,1.3,16.0,11.0,5.0,0.52,0.93
10301,72,3,1,24,833.0,8,9.3,,,,,,,,,1.58,15.0,16.0,-1.0,-0.11,-0.67
9135,67,3,1,30,2513.0,28,27.9,,,,,,,,,1.33,42.0,41.0,1.0,0.04,0.69
13170,65,3,1,30,1596.0,17,17.7,,,,,,,,,1.23,25.0,24.0,1.0,0.06,0.43
13861,63,3,1,8,271.0,2,3.0,,,,,,,,,0.88,3.0,6.0,-3.0,-1.0,-0.8
10231,55,3,1,0,,0,,,,,,,,,,,,,,,
13494,71,3,1,27,1291.0,16,14.3,,,,,,,,,0.96,21.0,27.0,-6.0,-0.42,-0.11
7568,69,3,1,1,20.0,0,0.2,,,,,,,,,0.0,0.0,0.0,0.0,0.0,1.07
861,58,3,1,7,398.0,5,4.4,,,,,,,,,1.57,10.0,12.0,-2.0,-0.45,-0.72
8544,62,3,1,33,2944.0,33,32.7,,,,,,,,,0.88,41.0,65.0,-24.0,-0.73,1.59
7692,58,3,1,33,2970.0,33,33.0,,,,,,,,,1.48,57.0,51.0,6.0,0.18,0.18
2637,72,3,1,25,1811.0,20,20.1,,,,,,,,,1.76,29.0,25.0,4.0,0.2,-0.45
13796,58,3,1,31,2718.0,30,30.2,,,,,,,,,1.48,53.0,45.0,8.0,0.26,0.79
13235,54,3,1,3,270.0,3,3.0,,,,,,,,,3.0,15.0,2.0,13.0,4.33,3.01
8007,71,3,1,1,6.0,0,0.1,,,,,,,,,0.0,0.0,0.0,0.0,0.0,0.35
3263,54,3,1,29,2348.0,27,26.1,,,,,,,,,1.93,71.0,29.0,42.0,1.61,0.09
1922,59,3,1,0,,0,,,,,,,,,,,,,,,
6845,65,3,1,0,,0,,,,,,,,,,,,,,,
4488,62,3,1,22,1726.0,21,19.2,,,,,,,,,0.82,22.0,38.0,-16.0,-0.83,-0.09
6432,69,3,1,11,676.0,9,7.5,,,,,,,,,1.18,3.0,16.0,-13.0,-1.73,-0.86
9233,65,3,1,3,46.0,0,0.5,,,,,,,,,1.0,2.0,7.0,-5.0,-9.78,-9.78
7123,71,3,1,23,1479.0,16,16.4,,,,,,,,,1.09,21.0,23.0,-2.0,-0.12,0.45
12375,52,3,1,23,1130.0,13,12.6,,,,,,,,,0.7,20.0,20.0,0.0,0.0,0.98
12003,52,3,1,13,639.0,7,7.1,,,,,,,,,1.0,5.0,16.0,-11.0,-1.55,-1.18
10129,73,3,1,29,2266.0,25,25.2,,,,,,,,,1.21,42.0,50.0,-8.0,-0.32,0.25
10008,74,3,1,33,2970.0,33,33.0,,,,,,,,,1.39,54.0,48.0,6.0,0.18,-2.82
4831,54,3,1,1,19.0,0,0.2,,,,,,,,,3.0,1.0,0.0,1.0,4.74,3.17
1150,72,3,1,0,,0,,,,,,,,,,,,,,,
7699,63,3,1,22,1775.0,22,19.7,,,,,,,,,1.27,29.0,27.0,2.0,0.1,0.87
1624,74,3,1,1,8.0,0,0.1,,,,,,,,,0.0,0.0,0.0,0.0,0.0,-0.27
12125,59,3,1,4,38.0,0,0.4,,,,,,,,,2.25,1.0,2.0,-1.0,-2.37,-2.61
8457,74,3,1,18,523.0,4,5.8,,,,,,,,,1.28,11.0,12.0,-1.0,-0.17,-0.53
11446,54,3,1,2,25.0,0,0.3,,,,,,,,,3.0,0.0,1.0,-1.0,-3.6,-5.23
7321,67,3,1,23,1894.0,21,21.0,,,,,,,,,1.26,38.0,35.0,3.0,0.14,0.61
10551,66,3,1,9,99.0,0,1.1,,,,,,,,,1.22,5.0,4.0,1.0,0.91,0.97
10157,73,3,1,30,2516.0,29,28.0,,,,,,,,,1.0,42.0,56.0,-14.0,-0.5,-0.67
10897,59,3,1,18,427.0,3,4.7,,,,,,,,,1.5,5.0,6.0,-1.0,-0.21,-0.48
9006,58,3,1,1,4.0,0,0.0,,,,,,,,,3.0,0.0,0.0,0.0,0.0,-0.18
13566,68,3,1,27,1937.0,23,21.5,,,,,,,,,1.81,35.0,23.0,12.0,0.56,-0.32
12941,66,3,1,26,1688.0,19,18.8,,,,,,,,,1.38,28.0,29.0,-1.0,-0.05,-0.05
11382,74,3,1,26,1648.0,23,18.3,,,,,,,,,1.58,34.0,26.0,8.0,0.44,0.37
6846,74,3,1,24,1291.0,15,14.3,,,,,,,,,1.54,26.0,18.0,8.0,0.56,0.51
4773,52,3,1,1,90.0,1,1.0,,,,,,,,,0.0,2.0,3.0,-1.0,-1.0,-0.39
4610,53,3,1,17,1090.0,11,12.1,,,,,,,,,1.53,22.0,15.0,7.0,0.58,0.53
5301,67,3,1,18,449.0,4,5.0,,,,,,,,,1.39,8.0,13.0,-5.0,-1.0,-1.07
9214,56,3,1,25,1570.0,17,17.4,,,,,,,,,2.32,48.0,20.0,28.0,1.61,0.94
10605,73,3,1,0,,0,,,,,,,,,,,,,,,
6426,59,3,1,26,653.0,4,7.3,,,,,,,,,1.88,12.0,12.0,0.0,0.0,-0.26
7579,52,3,1,13,353.0,3,3.9,,,,,,,,,1.23,2.0,2.0,0.0,0.0,0.7
9866,69,3,1,29,2553.0,28,28.4,,,,,,,,,0.83,23.0,54.0,-31.0,-1.09,-0.21
2866,71,3,1,17,1271.0,14,14.1,,,,,,,,,1.06,18.0,26.0,-8.0,-0.57,-0.37
12231,69,3,1,22,1321.0,15,14.7,,,,,,,,,1.09,18.0,22.0,-4.0,-0.27,1.38
3391,62,3,1,0,,0,,,,,,,,,,,,,,,
35,52,3,1,1,1.0,0,0.0,,,,,,,,,3.0,0.0,0.0,0.0,0.0,0.62
12183,66,3,1,26,2340.0,26,26.0,,,,,,,,,1.35,37.0,39.0,-2.0,-0.08,-0.2
9968,73,3,1,2,152.0,1,1.7,,,,,,,,,0.5,2.0,3.0,-1.0,-0.59,-0.22
7148,54,3,1,0,,0,,,,,,,,,,,,,,,
12983,55,3,1,27,1457.0,19,16.2,,,,,,,,,0.96,17.0,39.0,-22.0,-1.36,-0.8
2131,72,3,2,30,1267.0,14,14.1,,,,,,,,,1.07,17.0,23.0,-6.0,-0.43,0.53
11477,58,3,2,7,101.0,1,1.1,,,,,,,,,0.86,2.0,2.0,0.0,0.0,-0.03
7353,59,3,2,15,105.0,0,1.2,,,,,,,,,1.47,0.0,4.0,-4.0,-3.43,-3.15
12663,65,3,2,20,801.0,8,8.9,,,,,,,,,0.8,9.0,21.0,-12.0,-1.35,-0.55
7492,56,3,2,21,913.0,10,10.1,,,,,,,,,1.76,19.0,16.0,3.0,0.3,-0.63
982,53,3,2,23,898.0,8,10.0,,,,,,,,,2.65,28.0,9.0,19.0,1.9,-0.01
4392,73,3,2,24,1614.0,19,17.9,,,,,,,,,1.42,21.0,23.0,-2.0,-0.11,0.14
8562,66,3,2,26,1360.0,15,15.1,,,,,,,,,1.04,13.0,26.0,-13.0,-0.86,-0.91
7625,63,3,2,17,1097.0,11,12.2,,,,,,,,,1.35,26.0,21.0,5.0,0.41,0.64
4313,65,3,2,26,1282.0,14,14.2,,,,,,,,,0.85,12.0,27.0,-15.0,-1.05,-0.19
13028,73,3,2,6,123.0,1,1.4,,,,,,,,,0.5,1.0,1.0,0.0,0.0,0.18
10418,66,3,2,15,1315.0,15,14.6,,,,,,,,,1.53,23.0,20.0,3.0,0.21,0.98
10417,53,3,2,8,86.0,1,1.0,,,,,,,,,2.5,0.0,0.0,0.0,0.0,-1.97
7837,74,3,2,2,2.0,0,0.0,,,,,,,,,2.0,0.0,0.0,0.0,0.0,0.44
12100,53,3,2,28,1690.0,18,18.8,,,,,,,,,2.71,47.0,9.0,38.0,2.02,0.25
13083,73,3,2,0,,0,,,,,,,,,,,,,,,
14132,71,3,2,33,2886.0,32,32.1,,,,,,,,,2.12,76.0,38.0,38.0,1.19,0.67
2622,55,3,2,25,1216.0,11,13.5,,,,,,,,,1.0,18.0,28.0,-10.0,-0.74,0.33
1597,57,3,2,1,6.0,0,0.1,,,,,,,,,0.0,0.0,1.0,-1.0,-15.0,-13.38
9813,74,3,2,30,2506.0,27,27.8,,,,,,,,,1.0,32.0,49.0,-17.0,-0.61,-0.94
1560,53,3,2,4,184.0,2,2.0,,,,,,,,,3.0,8.0,1.0,7.0,3.42,1.61
13270,55,3,2,29,1986.0,26,22.1,,,,,,,,,0.86,26.0,53.0,-27.0,-1.22,-0.8
6851,54,3,2,1,1.0,0,0.0,,,,,,,,,3.0,0.0,0.0,0.0,0.0,-1.44
10861,59,3,2,34,3060.0,34,34.0,,,,,,,,,1.24,45.0,58.0,-13.0,-0.38,
147,54,3,2,0,,0,,,,,,,,,,,,,,,
9650,57,3,2,24,1802.0,21,20.0,,,,,,,,,0.71,22.0,41.0,-19.0,-0.95,1.7
3811,65,3,2,0,,0,,,,,,,,,,,,,,,
12079,74,3,2,33,2013.0,22,22.4,,,,,,,,,1.09,28.0,34.0,-6.0,-0.27,0.51
12547,56,3,2,2,47.0,0,0.5,,,,,,,,,1.0,0.0,0.0,0.0,0.0,-0.75
1695,66,3,2,13,321.0,1,3.6,,,,,,,,,0.62,7.0,7.0,0.0,0.0,0.39
8047,66,3,2,31,2606.0,29,29.0,,,,,,,,,1.1,36.0,38.0,-2.0,-0.07,1.91
2924,66,3,2,4,360.0,4,4.0,,,,,,,,,0.5,1.0,3.0,-2.0,-0.5,-0.17
9817,52,3,2,14,810.0,9,9.0,,,,,,,,,1.57,15.0,22.0,-7.0,-0.78,-0.66
3812,58,3,2,4,28.0,0,0.3,,,,,,,,,1.25,1.0,0.0,1.0,3.21,3.21
11008,63,3,2,34,3060.0,34,34.0,,,,,,,,,1.35,66.0,66.0,0.0,0.0,
2610,68,3,2,32,1158.0,11,12.9,,,,,,,,,1.94,23.0,16.0,7.0,0.54,-0.92
10046,59,3,2,0,,0,,,,,,,,,,,,,,,
5621,63,3,2,32,1636.0,16,18.2,,,,,,,,,1.34,36.0,37.0,-1.0,-0.06,-0.12
240,61,3,2,23,974.0,11,10.8,,,,,,,,,1.13,16.0,20.0,-4.0,-0.37,-0.33
12908,72,3,2,11,645.0,7,7.2,,,,,,,,,0.55,6.0,17.0,-11.0,-1.53,-1.01
2522,72,3,2,7,145.0,0,1.6,,,,,,,,,0.0,3.0,5.0,-2.0,-1.24,-0.53
3628,58,3,2,8,357.0,4,4.0,,,,,,,,,1.5,4.0,3.0,1.0,0.25,0.25
7630,74,3,2,13,616.0,7,6.8,,,,,,,,,1.15,8.0,11.0,-3.0,-0.44,0.0
7629,72,3,2,18,1262.0,14,14.0,,,,,,,,,0.94,13.0,24.0,-11.0,-0.78,-0.08
10296,57,3,2,0,,0,,,,,,,,,,,,,,,
9821,63,3,2,33,2420.0,29,26.9,,,,,,,,,1.3,51.0,51.0,0.0,0.0,0.0
13111,66,3,2,10,666.0,8,7.4,,,,,,,,,0.4,6.0,21.0,-15.0,-2.03,-2.14
11811,56,3,2,17,1033.0,11,11.5,,,,,,,,,1.94,21.0,17.0,4.0,0.35,-0.58
9901,63,3,2,6,144.0,0,1.6,,,,,,,,,1.5,1.0,2.0,-1.0,-0.62,-0.66
9899,52,3,2,2,122.0,2,1.4,,,,,,,,,0.5,3.0,5.0,-2.0,-1.48,-1.23
1950,55,3,2,33,2924.0,33,32.5,,,,,,,,,1.0,41.0,68.0,-27.0,-0.83,2.48
9717,55,3,2,24,1661.0,20,18.5,,,,,,,,,0.96,24.0,44.0,-20.0,-1.08,-0.31
6183,61,3,2,31,2603.0,31,28.9,,,,,,,,,1.26,43.0,47.0,-4.0,-0.14,0.06
11518,52,3,2,11,285.0,0,3.2,,,,,,,,,1.09,4.0,4.0,0.0,0.0,0.32
13622,63,3,2,13,178.0,1,2.0,,,,,,,,,1.08,9.0,4.0,5.0,2.53,2.68
8141,73,3,2,29,1578.0,19,17.5,,,,,,,,,1.24,23.0,23.0,0.0,0.0,0.36
5392,56,3,2,1,45.0,0,0.5,,,,,,,,,3.0,3.0,0.0,3.0,6.0,5.34
6191,68,3,2,21,1890.0,21,21.0,,,,,,,,,1.62,45.0,30.0,15.0,0.71,-1.05
12439,54,3,2,2,109.0,1,1.2,,,,,,,,,1.5,2.0,2.0,0.0,0.0,-1.49
13998,53,3,2,23,1546.0,18,17.2,,,,,,,,,2.57,52.0,13.0,39.0,2.27,0.72
8144,72,3,2,7,460.0,6,5.1,,,,,,,,,0.43,3.0,13.0,-10.0,-1.96,-1.44
14577,67,3,2,3,18.0,0,0.2,,,,,,,,,0.67,1.0,0.0,1.0,5.0,5.36
12726,74,3,2,20,1431.0,16,15.9,,,,,,,,,1.1,17.0,30.0,-13.0,-0.82,-0.71
11767,73,3,2,19,991.0,11,11.0,,,,,,,,,1.37,13.0,18.0,-5.0,-0.45,-0.41
7292,56,3,2,32,2223.0,26,24.7,,,,,,,,,1.84,44.0,29.0,15.0,0.61,-0.47
4203,71,3,2,4,360.0,4,4.0,,,,,,,,,2.5,9.0,3.0,6.0,1.5,0.4
13514,52,3,2,16,629.0,6,7.0,,,,,,,,,0.88,6.0,19.0,-13.0,-1.86,-1.97
9822,59,3,2,2,9.0,0,0.1,,,,,,,,,1.5,0.0,1.0,-1.0,-10.0,-9.65
1924,74,3,2,1,11.0,0,0.1,,,,,,,,,0.0,0.0,1.0,-1.0,-8.18,-7.77
6745,63,3,2,21,1539.0,18,17.1,,,,,,,,,1.76,36.0,32.0,4.0,0.23,0.47
10279,55,3,2,26,1247.0,14,13.9,,,,,,,,,1.12,20.0,26.0,-6.0,-0.43,0.86
11316,56,3,2,0,,0,,,,,,,,,,,,,,,
701,57,3,2,3,270.0,3,3.0,,,,,,,,,0.2,2.0,16.0,-14.0,-4.67,-3.31
5214,56,3,2,0,,0,,,,,,,,,,,,,,,
9201,63,3,2,30,1351.0,15,15.0,,,,,,,,,1.4,27.0,30.0,-3.0,-0.2,-0.36
6857,66,3,2,21,1538.0,18,17.1,,,,,,,,,1.19,24.0,20.0,4.0,0.23,1.18
11013,73,3,2,1,32.0,0,0.4,,,,,,,,,0.0,0.0,3.0,-3.0,-8.44,-8.35
9259,61,3,2,16,595.0,5,6.6,,,,,,,,,1.0,8.0,11.0,-3.0,-0.45,-0.38
6041,72,3,2,0,,0,,,,,,,,,,,,,,,
1653,58,3,2,30,1744.0,20,19.4,,,,,,,,,1.4,30.0,33.0,-3.0,-0.15,-0.43
1041,74,3,2,0,,0,,,,,,,,,,,,,,,
1295,66,3,2,31,2486.0,29,27.6,,,,,,,,,1.06,32.0,45.0,-13.0,-0.47,-0.63
3987,56,3,2,25,1953.0,22,21.7,,,,,,,,,2.0,41.0,22.0,19.0,0.88,0.39
5733,52,3,2,3,54.0,0,0.6,,,,,,,,,0.33,2.0,1.0,1.0,1.67,2.0
11857,65,3,2,23,1659.0,18,18.4,,,,,,,,,0.61,14.0,40.0,-26.0,-1.41,-1.03
4241,68,3,2,9,165.0,1,1.8,,,,,,,,,1.67,2.0,0.0,2.0,1.09,-0.03
7832,74,3,2,25,2250.0,25,25.0,,,,,,,,,1.2,31.0,39.0,-8.0,-0.32,0.46
13912,74,3,2,22,921.0,12,10.2,,,,,,,,,0.91,13.0,17.0,-4.0,-0.39,0.07
7296,65,3,2,32,2703.0,32,30.0,,,,,,,,,0.84,28.0,52.0,-24.0,-0.8,1.22
3783,68,3,2,6,34.0,0,0.4,,,,,,,,,2.33,0.0,0.0,0.0,0.0,-1.13
4304,58,3,2,28,1912.0,21,21.2,,,,,,,,,1.36,37.0,37.0,0.0,0.0,-0.08
13579,58,3,2,6,18.0,0,0.2,,,,,,,,,1.0,1.0,1.0,0.0,0.0,-0.03
1269,71,3,2,0,,0,,,,,,,,,,,,,,,
4242,67,3,2,7,152.0,1,1.7,,,,,,,,,1.57,2.0,5.0,-3.0,-1.78,-1.53
5952,65,3,2,7,219.0,2,2.4,,,,,,,,,0.57,0.0,5.0,-5.0,-2.05,-1.2
10330,71,3,2,0,,0,,,,,,,,,,,,,,,
3140,52,3,2,0,,0,,,,,,,,,,,,,,,
10856,58,3,2,2,90.0,1,1.0,,,,,,,,,0.5,0.0,1.0,-1.0,-1.0,-1.06
7797,54,3,2,17,1113.0,15,12.4,,,,,,,,,2.35,30.0,11.0,19.0,1.54,0.15
1743,63,3,2,7,48.0,0,0.5,,,,,,,,,0.57,1.0,1.0,0.0,0.0,0.0
3057,66,3,2,19,830.0,9,9.2,,,,,,,,,0.79,10.0,18.0,-8.0,-0.87,-0.71
10672,74,3,2,6,276.0,3,3.1,,,,,,,,,1.33,4.0,7.0,-3.0,-0.98,-0.59
13667,67,3,2,21,896.0,7,10.0,,,,,,,,,0.9,19.0,23.0,-4.0,-0.4,-0.11
4526,52,3,2,31,2790.0,31,31.0,,,,,,,,,1.26,48.0,52.0,-4.0,-0.13,1.87
8796,71,3,2,13,227.0,1,2.5,,,,,,,,,2.31,6.0,3.0,3.0,1.19,0.05
9782,66,3,2,0,,0,,,,,,,,,,,,,,,
8660,55,3,2,20,536.0,3,6.0,,,,,,,,,0.7,8.0,16.0,-8.0,-1.34,-0.49
3152,72,3,2,12,682.0,8,7.6,,,,,,,,,0.83,6.0,16.0,-10.0,-1.32,-0.75
877,54,3,2,29,2065.0,24,22.9,,,,,,,,,2.17,66.0,30.0,36.0,1.57,0.39
3157,52,3,2,0,,0,,,,,,,,,,,,,,,
11039,73,3,2,29,1365.0,14,15.2,,,,,,,,,1.34,26.0,27.0,-1.0,-0.07,0.2
4110,52,3,2,33,2873.0,33,31.9,,,,,,,,,1.15,47.0,56.0,-9.0,-0.28,0.2
12796,66,3,2,33,2839.0,31,31.5,,,,,,,,,1.03,36.0,46.0,-10.0,-0.32,0.5
12594,71,3,2,1,7.0,0,0.1,,,,,,,,,3.0,0.0,0.0,0.0,0.0,-1.15
7398,65,3,2,7,168.0,1,1.9,,,,,,,,,0.57,0.0,3.0,-3.0,-1.61,-0.7
4074,54,3,2,15,1166.0,13,13.0,,,,,,,,,1.87,35.0,21.0,14.0,1.08,-0.58
4563,65,3,2,5,70.0,0,0.8,,,,,,,,,0.4,0.0,2.0,-2.0,-2.57,-1.67
7362,58,3,2,31,1956.0,25,21.7,,,,,,,,,1.39,31.0,28.0,3.0,0.14,0.3
4054,61,3,2,33,2650.0,33,29.4,,,,,,,,,1.27,43.0,46.0,-3.0,-0.1,0.34
12086,59,3,2,30,2246.0,26,25.0,,,,,,,,,1.27,32.0,39.0,-7.0,-0.28,0.38
3028,72,3,2,24,2160.0,24,24.0,,,,,,,,,0.92,26.0,43.0,-17.0,-0.71,0.09
10783,52,3,2,21,1386.0,16,15.4,,,,,,,,,1.14,20.0,30.0,-10.0,-0.65,-0.65
10817,61,3,2,21,656.0,5,7.3,,,,,,,,,0.86,12.0,11.0,1.0,0.14,0.36
2850,65,3,2,10,181.0,0,2.0,,,,,,,,,0.6,5.0,4.0,1.0,0.5,1.53
3517,52,3,2,26,581.0,3,6.5,,,,,,,,,1.12,10.0,14.0,-4.0,-0.62,-0.4
13516,63,3,2,8,573.0,6,6.4,,,,,,,,,1.13,12.0,14.0,-2.0,-0.31,-0.39
9354,73,3,2,33,2696.0,32,30.0,,,,,,,,,1.18,41.0,49.0,-8.0,-0.27,-0.76
7328,56,3,2,2,12.0,0,0.1,,,,,,,,,0.5,0.0,1.0,-1.0,-7.5,-8.27
14383,68,3,2,0,,0,,,,,,,,,,,,,,,
9828,59,3,2,33,2914.0,33,32.4,,,,,,,,,1.27,41.0,53.0,-12.0,-0.37,0.25
8241,71,3,2,5,106.0,1,1.2,,,,,,,,,1.2,2.0,4.0,-2.0,-1.7,-2.95
14108,61,3,2,0,,0,,,,,,,,,,,,,,,
5471,58,3,2,14,716.0,7,8.0,,,,,,,,,1.07,9.0,16.0,-7.0,-0.88,-1.19
295,55,3,2,0,,0,,,,,,,,,,,,,,,
3825,68,3,2,14,266.0,2,3.0,,,,,,,,,1.57,7.0,3.0,4.0,1.35,0.26
10615,67,3,2,30,2482.0,28,27.6,,,,,,,,,1.0,44.0,48.0,-4.0,-0.15,0.94
1536,52,3,2,32,1405.0,13,15.6,,,,,,,,,1.22,25.0,21.0,4.0,0.26,1.02
9930,55,3,2,0,,0,,,,,,,,,,,,,,,
10977,52,3,2,33,2921.0,33,32.5,,,,,,,,,1.15,49.0,59.0,-10.0,-0.31,-0.31
4730,61,3,2,0,,0,,,,,,,,,,,,,,,
3724,66,3,2,21,1290.0,13,14.3,,,,,,,,,1.0,18.0,32.0,-14.0,-0.98,-1.08
10408,58,3,2,8,74.0,0,0.8,,,,,,,,,1.63,3.0,1.0,2.0,2.43,2.46
9745,65,3,2,24,1756.0,18,19.5,,,,,,,,,0.83,17.0,33.0,-16.0,-0.82,0.28
7779,74,3,2,6,291.0,4,3.2,,,,,,,,,1.67,3.0,5.0,-2.0,-0.62,-0.2
6815,61,3,2,33,2788.0,32,31.0,,,,,,,,,1.24,44.0,53.0,-9.0,-0.29,-1.61
3925,68,3,2,14,464.0,5,5.2,,,,,,,,,1.93,12.0,5.0,7.0,1.36,0.28
11580,55,3,2,13,385.0,3,4.3,,,,,,,,,0.85,6.0,8.0,-2.0,-0.47,0.54
13583,53,3,2,0,,0,,,,,,,,,,,,,,,
1763,57,3,2,20,1229.0,14,13.7,,,,,,,,,0.5,6.0,45.0,-39.0,-2.86,-2.02
9048,73,3,2,25,2197.0,25,24.4,,,,,,,,,1.36,33.0,32.0,1.0,0.04,0.77
9357,67,3,2,24,1566.0,17,17.4,,,,,,,,,0.96,23.0,39.0,-16.0,-0.92,-1.22
6446,53,3,2,31,2251.0,27,25.0,,,,,,,,,2.61,61.0,21.0,40.0,1.6,-1.18
2524,71,3,2,34,2567.0,33,28.5,,,,,,,,,2.15,64.0,31.0,33.0,1.16,0.06
12909,67,3,2,5,36.0,0,0.4,,,,,,,,,0.2,0.0,2.0,-2.0,-5.0,-4.73
13249,54,3,2,0,,0,,,,,,,,,,,,,,,
10611,73,3,2,2,180.0,2,2.0,,,,,,,,,0.0,0.0,5.0,-5.0,-2.5,-2.47
10609,56,3,2,29,2212.0,27,24.6,,,,,,,,,1.83,47.0,31.0,16.0,0.65,-0.3
2775,55,3,2,22,1187.0,12,13.2,,,,,,,,,1.14,16.0,28.0,-12.0,-0.91,0.05
3347,63,3,2,3,64.0,0,0.7,,,,,,,,,2.0,0.0,2.0,-2.0,-2.81,-2.87
14385,74,3,2,25,1630.0,18,18.1,,,,,,,,,1.36,23.0,23.0,0.0,0.0,0.94
1440,66,3,2,3,54.0,0,0.6,,,,,,,,,0.33,1.0,1.0,0.0,0.0,0.36
1859,61,3,2,24,2021.0,24,22.5,,,,,,,,,1.42,31.0,30.0,1.0,0.04,0.56
9653,59,3,2,23,1913.0,22,21.3,,,,,,,,,1.39,30.0,39.0,-9.0,-0.42,-0.11
6133,56,3,2,25,1058.0,14,11.8,,,,,,,,,1.84,25.0,12.0,13.0,1.11,0.57
7818,57,3,2,22,1363.0,17,15.1,,,,,,,,,0.55,15.0,31.0,-16.0,-1.06,1.06
12801,54,3,2,10,432.0,5,4.8,,,,,,,,,1.6,15.0,6.0,9.0,1.87,0.51
8127,54,3,2,30,2241.0,25,24.9,,,,,,,,,2.0,64.0,39.0,25.0,1.0,-1.63
12154,72,3,2,30,2283.0,27,25.4,,,,,,,,,1.0,27.0,45.0,-18.0,-0.71,0.1
9169,58,3,2,30,2068.0,23,23.0,,,,,,,,,1.33,32.0,30.0,2.0,0.09,0.18
6395,52,3,2,30,2593.0,29,28.8,,,,,,,,,1.13,40.0,46.0,-6.0,-0.21,0.56
6411,58,3,2,2,180.0,2,2.0,,,,,,,,,2.0,4.0,2.0,2.0,1.0,1.03
12415,54,3,2,1,10.0,0,0.1,,,,,,,,,3.0,0.0,1.0,-1.0,-9.0,-10.48
9940,59,3,2,32,1682.0,19,18.7,,,,,,,,,1.28,29.0,25.0,4.0,0.21,1.32
14061,59,3,2,32,2325.0,29,25.8,,,,,,,,,1.22,32.0,42.0,-10.0,-0.39,-0.02
4569,63,3,2,30,2295.0,25,25.5,,,,,,,,,1.37,50.0,53.0,-3.0,-0.12,-0.47
628,53,3,2,33,2784.0,31,30.9,,,,,,,,,2.64,76.0,23.0,53.0,1.71,-2.2
2568,73,3,2,20,797.0,8,8.9,,,,,,,,,1.4,14.0,23.0,-9.0,-1.02,-1.14
2093,66,3,2,28,1641.0,19,18.2,,,,,,,,,1.0,22.0,28.0,-6.0,-0.33,0.05
5660,73,3,2,1,4.0,0,0.0,,,,,,,,,0.0,0.0,1.0,-1.0,-22.5,-22.35
11840,54,3,2,20,1191.0,13,13.2,,,,,,,,,1.9,32.0,17.0,15.0,1.13,-0.5
7172,66,3,2,11,409.0,5,4.5,,,,,,,,,1.64,5.0,8.0,-3.0,-0.66,-0.35
12886,71,3,2,28,2208.0,25,24.5,,,,,,,,,2.39,58.0,24.0,34.0,1.39,0.86
11562,68,3,2,13,1170.0,13,13.0,,,,,,,,,2.38,32.0,9.0,23.0,1.77,1.05
8913,59,3,2,27,2047.0,23,22.7,,,,,,,,,1.26,33.0,40.0,-7.0,-0.31,0.23
12105,52,3,2,13,481.0,6,5.3,,,,,,,,,0.85,9.0,9.0,0.0,0.0,0.35
2570,59,3,2,15,1060.0,13,11.8,,,,,,,,,1.07,17.0,17.0,0.0,0.0,0.59
6185,72,3,2,21,1221.0,14,13.6,,,,,,,,,0.71,10.0,30.0,-20.0,-1.47,-1.23
12159,67,3,2,29,1348.0,14,15.0,,,,,,,,,0.97,22.0,26.0,-4.0,-0.27,0.1
3768,73,3,2,0,,0,,,,,,,,,,,,,,,
940,68,3,2,21,1526.0,19,17.0,,,,,,,,,2.1,44.0,17.0,27.0,1.59,0.95
12759,56,3,2,14,396.0,5,4.4,,,,,,,,,2.0,6.0,5.0,1.0,0.23,-0.58
1137,66,3,2,15,992.0,12,11.0,,,,,,,,,1.6,18.0,10.0,8.0,0.73,1.6
5756,73,3,2,3,27.0,0,0.3,,,,,,,,,1.0,0.0,3.0,-3.0,-10.0,-9.91
4897,71,3,2,2,27.0,0,0.3,,,,,,,,,1.5,0.0,2.0,-2.0,-6.67,-7.88
8803,58,3,2,8,218.0,2,2.4,,,,,,,,,1.75,3.0,7.0,-4.0,-1.65,-1.81
2949,52,3,2,0,,0,,,,,,,,,,,,,,,
13472,56,3,2,1,7.0,0,0.1,,,,,,,,,3.0,1.0,0.0,1.0,12.86,12.15
3619,65,3,2,12,568.0,6,6.3,,,,,,,,,1.17,5.0,9.0,-4.0,-0.63,0.38
1893,68,3,2,33,2526.0,28,28.1,,,,,,,,,1.94,65.0,31.0,34.0,1.21,0.54
11366,67,3,2,8,86.0,0,1.0,,,,,,,,,1.38,2.0,2.0,0.0,0.0,0.33
11623,53,3,2,26,1484.0,16,16.5,,,,,,,,,2.62,36.0,9.0,27.0,1.64,-0.53
159,53,3,2,23,459.0,5,5.1,,,,,,,,,2.83,13.0,3.0,10.0,1.96,0.06
10698,59,3,2,28,2330.0,26,25.9,,,,,,,,,1.18,37.0,46.0,-9.0,-0.35,0.15
6823,53,3,2,32,2204.0,26,24.5,,,,,,,,,2.63,66.0,20.0,46.0,1.88,-0.12
11582,55,3,2,29,1571.0,18,17.5,,,,,,,,,0.86,24.0,39.0,-15.0,-0.86,0.17
8500,59,3,2,33,2305.0,26,25.6,,,,,,,,,1.18,31.0,50.0,-19.0,-0.74,-1.46
4206,57,3,2,23,1835.0,23,20.4,,,,,,,,,0.48,21.0,48.0,-27.0,-1.32,0.81
1857,72,3,2,28,1282.0,15,14.2,,,,,,,,,0.93,14.0,25.0,-11.0,-0.77,-0.06
4961,57,3,2,10,392.0,2,4.4,,,,,,,,,0.4,3.0,11.0,-8.0,-1.84,-0.22
4702,67,3,2,32,2345.0,28,26.1,,,,,,,,,1.06,48.0,50.0,-2.0,-0.08,1.06
9476,57,3,2,23,1021.0,10,11.3,,,,,,,,,0.57,9.0,39.0,-30.0,-2.64,-1.5
4754,57,3,2,7,217.0,1,2.4,,,,,,,,,1.0,1.0,6.0,-5.0,-2.07,-0.46
8663,53,3,2,33,2970.0,33,33.0,,,,,,,,,2.7,89.0,24.0,65.0,1.97,1.97
13558,65,3,2,31,2778.0,31,30.9,,,,,,,,,0.81,24.0,53.0,-29.0,-0.94,0.02
13635,54,3,2,0,,0,,,,,,,,,,,,,,,
9557,56,3,2,25,1581.0,20,17.6,,,,,,,,,1.88,34.0,24.0,10.0,0.57,-0.34
3315,65,3,2,26,1627.0,18,18.1,,,,,,,,,0.77,18.0,36.0,-18.0,-1.0,-0.12
5507,52,3,2,23,1622.0,18,18.0,,,,,,,,,1.43,29.0,20.0,9.0,0.5,1.69
2034,53,3,2,7,256.0,2,2.8,,,,,,,,,3.0,11.0,1.0,10.0,3.52,1.75
6683,73,3,2,1,2.0,0,0.0,,,,,,,,,0.0,0.0,0.0,0.0,0.0,0.18
13436,57,3,2,12,636.0,8,7.1,,,,,,,,,0.5,8.0,25.0,-17.0,-2.41,-0.96
7820,67,3,2,20,1596.0,18,17.7,,,,,,,,,0.8,23.0,35.0,-12.0,-0.68,-0.74
5431,71,3,2,26,2228.0,25,24.8,,,,,,,,,2.31,59.0,27.0,32.0,1.29,0.54
7582,53,3,2,0,,0,,,,,,,,,,,,,,,
8069,66,3,2,29,2113.0,24,23.5,,,,,,,,,1.1,33.0,32.0,1.0,0.04,1.28
11431,72,3,2,6,234.0,2,2.6,,,,,,,,,1.67,2.0,6.0,-4.0,-1.54,-0.87
7908,58,3,2,4,200.0,1,2.2,,,,,,,,,1.75,2.0,1.0,1.0,0.45,0.45
7904,52,3,2,14,1051.0,13,11.7,,,,,,,,,1.29,17.0,15.0,2.0,0.17,0.71
8635,61,3,2,0,,0,,,,,,,,,,,,,,,
13751,67,3,2,4,27.0,0,0.3,,,,,,,,,1.75,1.0,1.0,0.0,0.0,0.33
12761,61,3,2,0,,0,,,,,,,,,,,,,,,
10943,68,3,2,1,1.0,0,0.0,,,,,,,,,1.0,0.0,0.0,0.0,0.0,-1.12
4776,52,3,2,22,1338.0,18,14.9,,,,,,,,,1.45,26.0,22.0,4.0,0.27,1.0
10283,74,3,2,22,1742.0,21,19.4,,,,,,,,,0.82,23.0,32.0,-9.0,-0.46,-0.06
12416,59,3,2,0,,0,,,,,,,,,,,,,,,
1309,73,3,2,31,2579.0,30,28.7,,,,,,,,,1.32,41.0,36.0,5.0,0.17,2.23
7156,72,3,2,21,1294.0,14,14.4,,,,,,,,,0.95,18.0,23.0,-5.0,-0.35,0.67
3165,63,3,2,13,496.0,4,5.5,,,,,,,,,1.31,13.0,8.0,5.0,0.91,1.08
7305,63,3,2,4,49.0,0,0.5,,,,,,,,,0.5,0.0,1.0,-1.0,-1.84,-1.87
7304,57,3,2,14,1023.0,11,11.4,,,,,,,,,0.29,8.0,34.0,-26.0,-2.29,-0.96
11207,63,3,2,28,2282.0,28,25.4,,,,,,,,,1.29,46.0,52.0,-6.0,-0.24,-0.93
11466,63,3,2,29,2412.0,28,26.8,,,,,,,,,1.45,55.0,49.0,6.0,0.22,1.06
4573,65,3,2,33,2197.0,29,24.4,,,,,,,,,0.82,22.0,41.0,-19.0,-0.78,0.58
12670,58,3,2,5,325.0,5,3.6,,,,,,,,,1.6,4.0,2.0,2.0,0.55,0.59
6048,74,3,2,17,473.0,4,5.3,,,,,,,,,1.24,4.0,9.0,-5.0,-0.95,-0.6
7655,68,3,2,26,1363.0,14,15.1,,,,,,,,,1.69,30.0,15.0,15.0,0.99,-0.23
5342,54,3,2,32,2839.0,32,31.5,,,,,,,,,2.16,85.0,39.0,46.0,1.46,0.24
1631,71,3,2,33,2623.0,31,29.1,,,,,,,,,2.12,64.0,34.0,30.0,1.03,-0.82
3958,57,3,2,27,1783.0,18,19.8,,,,,,,,,0.37,15.0,56.0,-41.0,-2.07,-1.01
13439,71,3,2,0,,0,,,,,,,,,,,,,,,
12931,71,3,2,27,900.0,8,10.0,,,,,,,,,2.15,30.0,10.0,20.0,2.0,1.21
10100,72,3,2,18,486.0,4,5.4,,,,,,,,,0.94,5.0,7.0,-2.0,-0.37,0.43
10402,73,3,2,5,109.0,1,1.2,,,,,,,,,0.6,3.0,3.0,0.0,0.0,0.18
14394,59,3,2,15,920.0,11,10.2,,,,,,,,,1.53,13.0,13.0,0.0,0.0,0.55
13441,61,3,2,2,2.0,0,0.0,,,,,,,,,3.0,0.0,0.0,0.0,0.0,0.15
852,72,3,2,2,29.0,0,0.3,,,,,,,,,3.0,2.0,0.0,2.0,6.21,7.01
13602,57,3,2,24,1350.0,15,15.0,,,,,,,,,0.54,19.0,34.0,-15.0,-1.0,1.16
11828,72,3,2,20,1343.0,18,14.9,,,,,,,,,1.1,16.0,19.0,-3.0,-0.2,0.95
8404,65,3,2,13,635.0,6,7.1,,,,,,,,,0.77,4.0,14.0,-10.0,-1.42,-0.6
7136,54,3,2,28,2176.0,27,24.2,,,,,,,,,1.93,62.0,31.0,31.0,1.28,-0.55
2613,57,3,2,30,2354.0,28,26.2,,,,,,,,,0.47,24.0,65.0,-41.0,-1.57,0.34
13522,61,3,2,33,2869.0,33,31.9,,,,,,,,,1.24,49.0,53.0,-4.0,-0.13,0.35
10791,74,3,2,0,,0,,,,,,,,,,,,,,,
8667,68,3,2,25,1436.0,16,16.0,,,,,,,,,2.04,34.0,22.0,12.0,0.75,-0.69
1272,58,3,2,31,2109.0,24,23.4,,,,,,,,,1.35,35.0,37.0,-2.0,-0.09,-0.37
12167,72,3,2,24,1917.0,20,21.3,,,,,,,,,1.08,25.0,32.0,-7.0,-0.33,1.09
9657,65,3,2,0,,0,,,,,,,,,,,,,,,
5181,56,3,2,27,2365.0,27,26.3,,,,,,,,,1.85,53.0,34.0,19.0,0.72,-0.05
12169,58,3,2,31,2738.0,31,30.4,,,,,,,,,1.45,45.0,43.0,2.0,0.07,0.35
13527,68,3,2,0,,0,,,,,,,,,,,,,,,
3611,66,3,2,31,2184.0,27,24.3,,,,,,,,,1.06,24.0,34.0,-10.0,-0.41,-0.21
11818,58,3,2,2,153.0,2,1.7,,,,,,,,,2.0,1.0,1.0,0.0,0.0,-0.03
9915,52,3,2,4,118.0,1,1.3,,,,,,,,,0.75,2.0,3.0,-1.0,-0.76,-0.49
8886,67,3,2,22,1561.0,18,17.3,,,,,,,,,1.0,25.0,30.0,-5.0,-0.29,0.07
10964,53,3,2,22,1811.0,21,20.1,,,,,,,,,2.64,58.0,14.0,44.0,2.19,0.67
13672,52,3,2,3,270.0,3,3.0,,,,,,,,,0.0,2.0,8.0,-6.0,-2.0,-1.87
9416,53,3,2,1,90.0,1,1.0,,,,,,,,,1.0,0.0,0.0,0.0,0.0,-1.97
3261,73,3,2,22,380.0,3,4.2,,,,,,,,,0.95,9.0,9.0,0.0,0.0,0.2
642,72,3,2,24,1370.0,13,15.2,,,,,,,,,1.0,15.0,22.0,-7.0,-0.46,0.5
1163,63,3,2,30,2199.0,25,24.4,,,,,,,,,1.23,52.0,44.0,8.0,0.33,1.16
2615,67,3,2,14,249.0,1,2.8,,,,,,,,,1.47,3.0,10.0,-7.0,-2.53,-2.4
4744,54,3,2,4,56.0,0,0.6,,,,,,,,,3.0,6.0,0.0,6.0,9.64,8.35
13641,66,3,2,29,1346.0,13,15.0,,,,,,,,,0.9,17.0,25.0,-8.0,-0.53,-0.32
8671,59,3,2,26,1847.0,22,20.5,,,,,,,,,1.27,25.0,37.0,-12.0,-0.58,-0.51
8797,52,3,2,1,1.0,0,0.0,,,,,,,,,0.0,0.0,0.0,0.0,0.0,0.29
2587,61,3,2,1,8.0,0,0.1,,,,,,,,,3.0,1.0,0.0,1.0,11.25,11.43
10291,55,3,2,11,281.0,2,3.1,,,,,,,,,1.36,3.0,7.0,-4.0,-1.28,-0.37
9778,74,3,2,28,2362.0,27,26.2,,,,,,,,,1.25,33.0,40.0,-7.0,-0.27,0.76
329,72,3,2,23,1071.0,10,11.9,,,,,,,,,0.91,13.0,25.0,-12.0,-1.01,-0.42
7856,54,3,2,29,1772.0,18,19.7,,,,,,,,,2.28,61.0,25.0,36.0,1.83,0.92
13122,67,3,2,15,751.0,8,8.3,,,,,,,,,0.8,13.0,18.0,-5.0,-0.6,-0.37
5479,58,3,2,29,1886.0,21,21.0,,,,,,,,,1.38,35.0,32.0,3.0,0.14,0.3
3510,72,3,2,32,2702.0,31,30.0,,,,,,,,,1.0,26.0,49.0,-23.0,-0.77,-0.26
9787,66,3,2,7,379.0,4,4.2,,,,,,,,,1.0,5.0,2.0,3.0,0.71,1.22
2629,68,3,2,5,47.0,0,0.5,,,,,,,,,2.6,2.0,0.0,2.0,3.83,2.75
2627,58,3,2,1,10.0,0,0.1,,,,,,,,,1.0,1.0,0.0,1.0,9.0,9.0
6135,71,3,2,34,1523.0,17,16.9,,,,,,,,,2.15,34.0,16.0,18.0,1.06,-0.17
11588,59,3,2,15,1265.0,14,14.1,,,,,,,,,1.4,17.0,23.0,-6.0,-0.43,-0.08
9665,54,3,2,22,1390.0,16,15.4,,,,,,,,,2.36,48.0,21.0,27.0,1.75,0.56
3495,65,3,2,0,,0,,,,,,,,,,,,,,,
6488,58,3,2,1,83.0,1,0.9,,,,,,,,,3.0,1.0,0.0,1.0,1.08,1.08
3294,65,3,2,26,2048.0,24,22.8,,,,,,,,,0.73,17.0,40.0,-23.0,-1.01,-0.21
10794,53,3,2,0,,0,,,,,,,,,,,,,,,
10880,55,3,2,10,346.0,2,3.8,,,,,,,,,1.4,3.0,9.0,-6.0,-1.56,-0.7
6042,73,3,2,0,,0,,,,,,,,,,,,,,,
1318,55,3,2,31,2576.0,31,28.6,,,,,,,,,0.94,32.0,54.0,-22.0,-0.77,1.09
8996,56,3,2,0,,0,,,,,,,,,,,,,,,
2370,68,3,2,32,2191.0,24,24.3,,,,,,,,,1.91,55.0,28.0,27.0,1.11,-0.03
1143,55,3,2,1,90.0,1,1.0,,,,,,,,,0.0,1.0,4.0,-3.0,-3.0,-2.12
12786,73,3,2,32,1797.0,20,20.0,,,,,,,,,1.31,29.0,28.0,1.0,0.05,0.55
5519,56,3,2,16,1264.0,15,14.0,,,,,,,,,2.06,30.0,9.0,21.0,1.5,1.29
9418,57,3,2,26,1698.0,21,18.9,,,,,,,,,0.58,16.0,41.0,-25.0,-1.33,0.72
1539,52,3,2,22,1003.0,10,11.1,,,,,,,,,1.0,20.0,19.0,1.0,0.09,0.57
8249,65,3,2,31,1901.0,21,21.1,,,,,,,,,0.87,18.0,35.0,-17.0,-0.8,0.36
11370,61,3,2,34,3060.0,34,34.0,,,,,,,,,1.24,50.0,55.0,-5.0,-0.15,
8372,74,3,2,32,2106.0,25,23.4,,,,,,,,,0.97,32.0,38.0,-6.0,-0.26,0.59
6967,59,3,2,20,1026.0,10,11.4,,,,,,,,,1.25,13.0,17.0,-4.0,-0.35,0.05
7307,73,3,2,11,602.0,6,6.7,,,,,,,,,1.27,6.0,13.0,-7.0,-1.05,-1.08
3635,56,3,2,27,1781.0,21,19.8,,,,,,,,,2.0,43.0,25.0,18.0,0.91,0.42
8076,61,3,2,29,2284.0,27,25.4,,,,,,,,,1.28,35.0,44.0,-9.0,-0.35,-0.82
3175,66,3,2,2,11.0,0,0.1,,,,,,,,,0.0,0.0,0.0,0.0,0.0,0.35
2115,57,3,2,4,171.0,3,1.9,,,,,,,,,0.25,1.0,6.0,-5.0,-2.63,-1.04
11071,58,3,2,29,2301.0,27,25.6,,,,,,,,,1.38,43.0,41.0,2.0,0.08,0.2
4087,65,3,2,30,2457.0,29,27.3,,,,,,,,,0.9,21.0,46.0,-25.0,-0.92,0.13
4061,55,3,2,29,2219.0,24,24.7,,,,,,,,,1.0,25.0,53.0,-28.0,-1.14,-0.71
12137,71,3,2,5,84.0,0,0.9,,,,,,,,,1.8,1.0,2.0,-1.0,-1.07,-2.28
6318,58,3,2,8,177.0,1,2.0,,,,,,,,,0.5,2.0,6.0,-4.0,-2.03,-2.19
11592,58,3,2,23,1350.0,17,15.0,,,,,,,,,1.52,22.0,22.0,0.0,0.0,-0.05
4092,54,3,2,27,717.0,7,8.0,,,,,,,,,2.0,27.0,19.0,8.0,1.0,-0.57
10942,54,3,2,19,1197.0,15,13.3,,,,,,,,,2.11,40.0,16.0,24.0,1.8,0.6
7663,52,3,2,25,2047.0,22,22.7,,,,,,,,,1.12,28.0,37.0,-9.0,-0.4,-0.31
10883,53,3,2,3,16.0,0,0.2,,,,,,,,,3.0,1.0,0.0,1.0,5.63,3.73
10504,52,3,2,1,5.0,0,0.1,,,,,,,,,0.0,0.0,0.0,0.0,0.0,0.29
9364,57,3,2,20,1482.0,19,16.5,,,,,,,,,0.55,16.0,38.0,-22.0,-1.34,0.6
13457,56,3,2,8,586.0,7,6.5,,,,,,,,,1.63,13.0,5.0,8.0,1.23,0.61
711,56,3,2,8,695.0,7,7.7,,,,,,,,,1.75,15.0,9.0,6.0,0.78,0.05
13233,52,3,2,22,583.0,5,6.5,,,,,,,,,1.09,12.0,15.0,-3.0,-0.46,-0.21
4040,71,3,2,31,2241.0,27,24.9,,,,,,,,,2.26,55.0,25.0,30.0,1.2,0.22
7176,71,3,2,5,28.0,0,0.3,,,,,,,,,2.4,0.0,0.0,0.0,0.0,-1.16
7790,54,3,2,25,1970.0,22,21.9,,,,,,,,,2.16,61.0,28.0,33.0,1.51,0.19
9835,71,3,2,31,2103.0,23,23.4,,,,,,,,,2.16,53.0,24.0,29.0,1.24,0.3
9250,58,3,2,1,6.0,0,0.1,,,,,,,,,0.0,0.0,0.0,0.0,0.0,-0.03
9756,63,3,2,1,12.0,0,0.1,,,,,,,,,1.0,1.0,0.0,1.0,7.5,7.53
9433,56,3,2,3,110.0,2,1.2,,,,,,,,,2.0,4.0,4.0,0.0,0.0,-0.76
5653,68,3,2,0,,0,,,,,,,,,,,,,,,
14539,56,3,2,20,625.0,4,6.9,,,,,,,,,1.6,18.0,11.0,7.0,1.01,0.34
1144,57,3,2,11,349.0,2,3.9,,,,,,,,,0.55,3.0,7.0,-4.0,-1.03,0.69
4582,59,3,2,0,,0,,,,,,,,,,,,,,,
6196,57,3,2,16,1134.0,12,12.6,,,,,,,,,0.69,13.0,30.0,-17.0,-1.35,0.47
7666,61,3,2,34,3060.0,34,34.0,,,,,,,,,1.24,50.0,55.0,-5.0,-0.15,
9123,66,3,2,1,18.0,0,0.2,,,,,,,,,0.0,0.0,0.0,0.0,0.0,0.36
13461,54,3,2,31,1654.0,20,18.4,,,,,,,,,2.19,51.0,22.0,29.0,1.58,0.3
13533,66,3,2,0,,0,,,,,,,,,,,,,,,
12006,53,3,2,0,,0,,,,,,,,,,,,,,,
6067,54,3,2,24,1755.0,20,19.5,,,,,,,,,2.0,54.0,21.0,33.0,1.69,0.59
4554,59,3,2,10,105.0,0,1.2,,,,,,,,,1.1,3.0,2.0,1.0,0.86,1.28
11609,66,3,2,23,1996.0,23,22.2,,,,,,,,,1.09,24.0,26.0,-2.0,-0.09,0.76
6567,74,3,2,30,2452.0,27,27.2,,,,,,,,,1.03,34.0,44.0,-10.0,-0.37,0.37
10480,67,3,2,32,1385.0,14,15.4,,,,,,,,,0.94,27.0,31.0,-4.0,-0.26,0.12
13098,63,3,2,11,631.0,7,7.0,,,,,,,,,0.82,7.0,14.0,-7.0,-1.0,-1.26
8428,67,3,2,30,2225.0,25,24.7,,,,,,,,,1.0,40.0,42.0,-2.0,-0.08,0.89
8926,54,3,2,23,2053.0,23,22.8,,,,,,,,,2.13,64.0,33.0,31.0,1.36,-0.25
4587,67,3,2,25,1224.0,15,13.6,,,,,,,,,1.04,22.0,24.0,-2.0,-0.15,0.29
6497,66,3,2,7,184.0,2,2.0,,,,,,,,,1.14,0.0,4.0,-4.0,-1.96,-1.71
6494,58,3,2,15,280.0,2,3.1,,,,,,,,,1.53,5.0,2.0,3.0,0.96,1.03
10285,67,3,2,27,2430.0,27,27.0,,,,,,,,,1.07,47.0,49.0,-2.0,-0.07,1.21
7416,73,3,2,24,1016.0,10,11.3,,,,,,,,,1.25,18.0,16.0,2.0,0.18,0.53
10913,54,3,2,0,,0,,,,,,,,,,,,,,,
10769,58,3,2,29,1309.0,13,14.5,,,,,,,,,1.24,20.0,18.0,2.0,0.14,0.19
4403,56,3,2,20,1021.0,10,11.3,,,,,,,,,1.95,25.0,17.0,8.0,0.71,-0.05
8676,74,3,2,3,42.0,0,0.5,,,,,,,,,0.67,1.0,1.0,0.0,0.0,0.45
10435,63,3,2,0,,0,,,,,,,,,,,,,,,
6878,68,3,2,1,1.0,0,0.0,,,,,,,,,1.0,0.0,0.0,0.0,0.0,-1.12
5490,68,3,2,0,,0,,,,,,,,,,,,,,,
717,71,3,2,30,2700.0,30,30.0,,,,,,,,,2.1,69.0,36.0,33.0,1.1,-0.4
7536,63,3,2,1,5.0,0,0.1,,,,,,,,,0.0,0.0,0.0,0.0,0.0,0.0
4208,57,3,2,21,1513.0,17,16.8,,,,,,,,,0.71,14.0,41.0,-27.0,-1.61,0.08
13536,55,3,2,16,714.0,8,7.9,,,,,,,,,1.38,12.0,13.0,-1.0,-0.13,1.06
11056,72,3,2,0,,0,,,,,,,,,,,,,,,
9389,52,3,2,2,32.0,0,0.4,,,,,,,,,1.5,2.0,0.0,2.0,5.63,5.98
4533,63,3,2,22,606.0,5,6.7,,,,,,,,,1.5,14.0,18.0,-4.0,-0.59,-0.74
9488,65,3,2,6,112.0,0,1.2,,,,,,,,,0.67,0.0,3.0,-3.0,-2.41,-1.53
2901,68,3,2,21,1449.0,17,16.1,,,,,,,,,2.0,41.0,20.0,21.0,1.3,0.35
6156,67,3,2,0,,0,,,,,,,,,,,,,,,
6835,67,3,2,7,630.0,7,7.0,,,,,,,,,0.71,9.0,18.0,-9.0,-1.29,-1.21
7499,66,3,2,24,1493.0,17,16.6,,,,,,,,,0.88,13.0,21.0,-8.0,-0.48,-0.25
4691,53,3,2,0,,0,,,,,,,,,,,,,,,
8293,68,3,2,34,2697.0,33,30.0,,,,,,,,,1.91,69.0,33.0,36.0,1.2,0.71
8132,73,3,2,3,18.0,0,0.2,,,,,,,,,1.0,0.0,2.0,-2.0,-10.0,-9.88
14221,68,3,2,19,1582.0,18,17.6,,,,,,,,,2.0,45.0,17.0,28.0,1.59,0.98
5872,55,3,2,24,1880.0,21,20.9,,,,,,,,,0.83,25.0,57.0,-32.0,-1.53,-1.53
6965,55,3,2,0,,0,,,,,,,,,,,,,,,
11376,55,3,2,24,1861.0,21,20.7,,,,,,,,,1.0,22.0,36.0,-14.0,-0.68,0.67
12469,56,3,2,23,1184.0,13,13.2,,,,,,,,,1.91,27.0,21.0,6.0,0.46,-0.46
14246,58,3,2,33,2970.0,33,33.0,,,,,,,,,1.42,51.0,48.0,3.0,0.09,2.09
5130,55,3,2,19,650.0,6,7.2,,,,,,,,,0.79,13.0,14.0,-1.0,-0.14,1.02
4186,53,3,2,24,1831.0,21,20.3,,,,,,,,,2.67,56.0,19.0,37.0,1.82,-0.23
10128,72,3,2,1,15.0,0,0.2,,,,,,,,,3.0,1.0,0.0,1.0,6.0,6.77
1425,56,3,2,2,117.0,1,1.3,,,,,,,,,2.0,5.0,2.0,3.0,2.31,1.63
9920,66,3,2,11,257.0,3,2.9,,,,,,,,,0.91,1.0,7.0,-6.0,-2.1,-1.91
8064,65,3,2,17,1075.0,11,11.9,,,,,,,,,0.47,11.0,31.0,-20.0,-1.67,-1.13
7673,74,3,2,28,1432.0,15,15.9,,,,,,,,,1.07,20.0,27.0,-7.0,-0.44,0.0
4407,55,3,2,15,960.0,13,10.7,,,,,,,,,0.93,14.0,23.0,-9.0,-0.84,0.14
11904,71,3,2,0,,0,,,,,,,,,,,,,,,
1909,54,3,2,0,,0,,,,,,,,,,,,,,,
6555,73,3,2,7,630.0,7,7.0,,,,,,,,,0.86,12.0,17.0,-5.0,-0.71,-0.68
499,54,3,2,19,1227.0,14,13.6,,,,,,,,,2.42,35.0,16.0,19.0,1.39,-0.08
7896,65,3,2,0,,0,,,,,,,,,,,,,,,
8757,52,3,2,27,1786.0,19,19.8,,,,,,,,,0.96,29.0,43.0,-14.0,-0.71,-0.99
6933,67,3,2,25,1420.0,18,15.8,,,,,,,,,1.0,27.0,31.0,-4.0,-0.25,0.13
6935,72,3,2,1,27.0,0,0.3,,,,,,,,,3.0,1.0,0.0,1.0,3.33,4.1
3678,74,3,2,4,37.0,0,0.4,,,,,,,,,0.75,0.0,0.0,0.0,0.0,0.45
11594,65,3,2,0,,0,0.0,,,,,,,,,1.0,1.0,1.0,0.0,,
2986,54,3,2,1,17.0,0,0.2,,,,,,,,,3.0,0.0,0.0,0.0,0.0,-1.45
9625,54,3,2,1,16.0,0,0.2,,,,,,,,,3.0,0.0,0.0,0.0,0.0,-1.45
11462,74,3,2,9,810.0,9,9.0,,,,,,,,,0.78,10.0,17.0,-7.0,-0.78,-0.46
6418,58,3,2,10,147.0,0,1.6,,,,,,,,,1.6,5.0,2.0,3.0,1.84,1.9
8439,57,3,2,24,1619.0,20,18.0,,,,,,,,,0.46,20.0,37.0,-17.0,-0.95,1.49
11348,52,3,2,11,511.0,4,5.7,,,,,,,,,0.64,3.0,14.0,-11.0,-1.94,-1.97
8442,63,3,2,0,,0,0.0,,,,,,,,,0.0,2.0,3.0,-1.0,,
9838,59,3,2,17,323.0,1,3.6,,,,,,,,,0.88,7.0,7.0,0.0,0.0,0.43
4595,61,3,2,22,327.0,1,3.6,,,,,,,,,1.14,2.0,8.0,-6.0,-1.65,-1.68
1011,73,3,2,7,590.0,7,6.6,,,,,,,,,1.0,10.0,14.0,-4.0,-0.61,-0.54
9367,61,3,2,31,1513.0,18,16.8,,,,,,,,,1.23,27.0,22.0,5.0,0.3,0.88
380,67,3,2,27,1913.0,24,21.3,,,,,,,,,1.0,37.0,41.0,-4.0,-0.19,0.36
11000,56,3,2,2,54.0,0,0.6,,,,,,,,,0.5,0.0,0.0,0.0,0.0,-0.75
12736,57,3,2,9,446.0,4,5.0,,,,,,,,,0.33,4.0,12.0,-8.0,-1.61,0.04
14565,68,3,2,28,1217.0,12,13.5,,,,,,,,,1.75,34.0,15.0,19.0,1.41,0.48
5191,63,3,2,28,2139.0,27,23.8,,,,,,,,,1.43,45.0,44.0,1.0,0.04,0.14
5230,53,3,2,7,46.0,0,0.5,,,,,,,,,3.0,4.0,0.0,4.0,7.83,6.0
7144,63,3,2,0,,0,,,,,,,,,,,,,,,
8445,71,3,2,3,30.0,0,0.3,,,,,,,,,1.0,1.0,2.0,-1.0,-3.0,-4.19
5167,67,3,2,9,49.0,0,0.5,,,,,,,,,1.0,1.0,0.0,1.0,1.84,2.2
10666,73,3,2,2,76.0,1,0.8,,,,,,,,,0.0,1.0,2.0,-1.0,-1.18,-1.03
3197,68,3,2,31,2739.0,31,30.4,,,,,,,,,1.94,69.0,35.0,34.0,1.12,0.0
12191,67,3,2,34,2136.0,24,23.7,,,,,,,,,1.0,39.0,45.0,-6.0,-0.25,0.23
9068,56,3,2,26,1601.0,18,17.8,,,,,,,,,1.81,37.0,27.0,10.0,0.56,-0.36
3869,52,3,2,25,1985.0,24,22.1,,,,,,,,,1.2,29.0,40.0,-11.0,-0.5,-0.58
5038,56,3,2,11,280.0,1,3.1,,,,,,,,,1.91,9.0,4.0,5.0,1.61,0.96
9070,66,3,2,20,717.0,7,8.0,,,,,,,,,0.75,3.0,12.0,-9.0,-1.13,-1.01
2678,57,3,2,14,755.0,9,8.4,,,,,,,,,0.71,9.0,20.0,-11.0,-1.31,0.45
8932,55,3,2,33,2970.0,33,33.0,,,,,,,,,1.0,41.0,70.0,-29.0,-0.88,2.12
7994,66,3,2,0,,0,,,,,,,,,,,,,,,
2661,73,3,2,0,,0,,,,,,,,,,,,,,,
12739,58,3,2,8,61.0,1,0.7,,,,,,,,,1.38,1.0,3.0,-2.0,-2.95,-3.04
12243,74,3,2,13,906.0,10,10.1,,,,,,,,,0.77,10.0,15.0,-5.0,-0.5,-0.08
9911,59,3,2,24,1477.0,17,16.4,,,,,,,,,1.29,21.0,29.0,-8.0,-0.49,-0.2
5493,55,3,2,0,,0,,,,,,,,,,,,,,,
10290,55,3,2,0,,0,,,,,,,,,,,,,,,
4742,57,3,2,4,76.0,0,0.8,,,,,,,,,1.0,2.0,2.0,0.0,0.0,1.69
9759,59,3,2,0,,0,,,,,,,,,,,,,,,
1329,71,3,2,22,1010.0,11,11.2,,,,,,,,,2.18,27.0,15.0,12.0,1.07,-0.12
6477,72,3,2,23,752.0,8,8.4,,,,,,,,,1.13,10.0,12.0,-2.0,-0.24,0.66
4212,59,3,2,1,7.0,0,0.1,,,,,,,,,0.0,0.0,1.0,-1.0,-12.86,-12.5
7316,56,3,2,21,1767.0,20,19.6,,,,,,,,,2.0,35.0,24.0,11.0,0.56,-0.41
4767,72,3,2,33,2970.0,33,33.0,,,,,,,,,1.0,33.0,56.0,-23.0,-0.7,1.3
9001,56,3,2,25,1961.0,23,21.8,,,,,,,,,1.88,44.0,26.0,18.0,0.83,0.25
12248,59,3,2,27,1840.0,22,20.4,,,,,,,,,1.33,26.0,35.0,-9.0,-0.44,-0.15
3395,63,3,2,1,1.0,0,0.0,,,,,,,,,3.0,0.0,0.0,0.0,0.0,0.0
6007,56,3,2,14,947.0,11,10.5,,,,,,,,,1.86,19.0,11.0,8.0,0.76,0.04
8175,54,3,2,27,2137.0,25,23.7,,,,,,,,,2.19,67.0,26.0,41.0,1.73,0.95
10209,71,3,2,0,,0,,,,,,,,,,,,,,,
7545,58,3,2,0,,0,,,,,,,,,,,,,,,
975,74,3,2,14,386.0,2,4.3,,,,,,,,,0.71,2.0,8.0,-6.0,-1.4,-1.1
2067,54,3,2,2,106.0,1,1.2,,,,,,,,,3.0,4.0,2.0,2.0,1.7,0.27
7559,73,3,2,0,,0,,,,,,,,,,,,,,,
6659,67,3,2,31,2236.0,25,24.8,,,,,,,,,1.06,42.0,50.0,-8.0,-0.32,0.01
1050,72,3,2,20,1214.0,14,13.5,,,,,,,,,1.0,13.0,24.0,-11.0,-0.82,-0.13
11389,53,3,2,20,1063.0,12,11.8,,,,,,,,,2.5,25.0,7.0,18.0,1.52,-0.59
13151,61,3,2,16,153.0,0,1.7,,,,,,,,,0.81,2.0,3.0,-1.0,-0.59,-0.46
14301,68,3,2,29,2477.0,29,27.5,,,,,,,,,1.93,64.0,32.0,32.0,1.16,0.24
13541,72,3,2,0,,0,,,,,,,,,,,,,,,
7621,59,3,2,0,,0,,,,,,,,,,,,,,,
7619,55,3,2,27,2185.0,24,24.3,,,,,,,,,1.07,33.0,48.0,-15.0,-0.62,1.13
10637,56,3,2,33,2859.0,32,31.8,,,,,,,,,1.82,62.0,41.0,21.0,0.66,-1.13
12282,73,3,2,33,2601.0,30,28.9,,,,,,,,,1.27,43.0,48.0,-5.0,-0.17,0.02
7593,59,3,2,5,68.0,0,0.8,,,,,,,,,0.8,1.0,4.0,-3.0,-3.97,-3.67
1927,65,3,2,22,1155.0,13,12.8,,,,,,,,,0.73,12.0,19.0,-7.0,-0.55,0.64
4224,57,3,2,10,235.0,2,2.6,,,,,,,,,0.3,1.0,7.0,-6.0,-2.3,-0.7
4598,71,3,2,0,,0,,,,,,,,,,,,,,,
9763,54,3,2,0,,0,,,,,,,,,,,,,,,
6165,61,3,2,26,1998.0,23,22.2,,,,,,,,,1.31,31.0,32.0,-1.0,-0.05,0.29
9004,57,3,2,31,2790.0,31,31.0,,,,,,,,,0.52,29.0,76.0,-47.0,-1.52,1.48
11601,74,3,2,0,,0,,,,,,,,,,,,,,,
9376,65,3,2,34,3060.0,34,34.0,,,,,,,,,0.79,28.0,60.0,-32.0,-0.94,
725,72,3,2,1,90.0,1,1.0,,,,,,,,,0.0,0.0,2.0,-2.0,-2.0,-1.3
3354,71,3,2,0,,0,,,,,,,,,,,,,,,
10718,68,3,2,21,718.0,6,8.0,,,,,,,,,1.76,16.0,14.0,2.0,0.25,-1.13
3250,65,3,2,19,1265.0,16,14.1,,,,,,,,,0.74,9.0,24.0,-15.0,-1.07,-0.21
1914,68,3,2,31,1526.0,17,17.0,,,,,,,,,2.0,34.0,22.0,12.0,0.71,-0.82
7682,61,3,2,30,1011.0,7,11.2,,,,,,,,,1.27,21.0,14.0,7.0,0.62,1.15
30,57,3,2,16,619.0,5,6.9,,,,,,,,,0.5,6.0,15.0,-9.0,-1.31,0.42
13542,61,3,2,14,910.0,10,10.1,,,,,,,,,1.14,13.0,23.0,-10.0,-0.99,-1.2
7783,59,3,2,27,1806.0,20,20.1,,,,,,,,,1.33,26.0,33.0,-7.0,-0.35,0.08
10212,68,3,2,32,2138.0,23,23.8,,,,,,,,,1.91,49.0,30.0,19.0,0.8,-1.05
12975,58,3,2,0,,0,,,,,,,,,,,,,,,
14308,68,3,2,32,2653.0,32,29.5,,,,,,,,,2.0,69.0,28.0,41.0,1.39,2.05
13605,67,3,2,0,,0,,,,,,,,,,,,,,,
13547,57,3,2,30,2404.0,29,26.7,,,,,,,,,0.57,22.0,69.0,-47.0,-1.76,-0.52
3858,58,3,2,27,2168.0,24,24.1,,,,,,,,,1.41,36.0,32.0,4.0,0.17,0.47
12122,63,3,2,25,1260.0,14,14.0,,,,,,,,,1.28,28.0,32.0,-4.0,-0.29,-0.49
5449,58,3,2,11,347.0,3,3.9,,,,,,,,,1.73,4.0,6.0,-2.0,-0.52,-0.62
3051,55,3,2,5,351.0,3,3.9,,,,,,,,,0.6,3.0,6.0,-3.0,-0.77,0.19
2043,71,3,2,2,46.0,0,0.5,,,,,,,,,1.5,0.0,4.0,-4.0,-7.83,-9.11
1355,63,3,2,31,2321.0,26,25.8,,,,,,,,,1.29,47.0,55.0,-8.0,-0.31,-1.28
1358,66,3,2,2,170.0,2,1.9,,,,,,,,,0.5,2.0,4.0,-2.0,-1.06,-0.75
6420,73,3,2,30,2327.0,26,25.9,,,,,,,,,1.2,32.0,39.0,-7.0,-0.27,-0.39
7159,53,3,2,20,1261.0,13,14.0,,,,,,,,,2.7,35.0,9.0,26.0,1.86,-0.1
10803,73,3,2,17,1088.0,12,12.1,,,,,,,,,1.47,20.0,16.0,4.0,0.33,0.79
11325,71,3,2,23,1064.0,14,11.8,,,,,,,,,2.3,30.0,13.0,17.0,1.44,0.45
8167,71,3,2,15,594.0,6,6.6,,,,,,,,,2.13,14.0,6.0,8.0,1.21,0.08
1262,63,3,2,1,84.0,1,0.9,,,,,,,,,0.0,1.0,2.0,-1.0,-1.07,-1.1
1263,71,3,2,31,2694.0,30,29.9,,,,,,,,,2.23,69.0,32.0,37.0,1.24,0.74
7687,55,3,2,32,2668.0,32,29.6,,,,,,,,,0.94,38.0,65.0,-27.0,-0.91,0.24
4485,57,3,2,6,154.0,0,1.7,,,,,,,,,0.0,0.0,4.0,-4.0,-2.34,-0.73
10807,56,3,2,23,1514.0,14,16.8,,,,,,,,,1.74,30.0,19.0,11.0,0.65,-0.16
9709,74,3,2,25,1715.0,20,19.1,,,,,,,,,1.16,25.0,33.0,-8.0,-0.42,0.05
1635,63,3,2,4,288.0,4,3.2,,,,,,,,,1.5,7.0,7.0,0.0,0.0,0.0
1634,59,3,2,3,103.0,0,1.1,,,,,,,,,1.0,0.0,3.0,-3.0,-2.62,-2.32
6886,53,3,2,31,2631.0,30,29.2,,,,,,,,,2.68,78.0,21.0,57.0,1.95,0.27
6203,52,3,2,0,,0,,,,,,,,,,,,,,,
3729,53,3,2,28,2087.0,23,23.2,,,,,,,,,2.64,62.0,19.0,43.0,1.85,-0.18
9520,54,3,2,30,1050.0,6,11.7,,,,,,,,,2.1,37.0,17.0,20.0,1.71,0.42
10495,53,3,2,24,819.0,8,9.1,,,,,,,,,2.75,24.0,2.0,22.0,2.42,0.69
10934,61,3,2,25,1259.0,14,14.0,,,,,,,,,1.4,20.0,21.0,-1.0,-0.07,0.13
10613,55,3,2,0,,0,,,,,,,,,,,,,,,
6172,65,3,2,22,1579.0,20,17.5,,,,,,,,,0.86,8.0,18.0,-10.0,-0.57,0.77
3326,61,3,2,21,446.0,3,5.0,,,,,,,,,1.24,9.0,10.0,-1.0,-0.2,-0.06
11606,52,3,2,34,2382.0,31,26.5,,,,,,,,,1.15,41.0,45.0,-4.0,-0.15,0.65
13171,65,3,2,25,727.0,6,8.1,,,,,,,,,0.88,9.0,10.0,-1.0,-0.12,1.07
13862,63,3,2,20,1011.0,12,11.2,,,,,,,,,1.4,22.0,17.0,5.0,0.45,0.66
13496,74,3,2,26,1032.0,11,11.5,,,,,,,,,1.08,11.0,20.0,-9.0,-0.78,-0.52
4264,57,3,2,10,156.0,1,1.7,,,,,,,,,0.1,2.0,5.0,-3.0,-1.73,-0.09
8545,72,3,2,23,1572.0,18,17.5,,,,,,,,,0.83,11.0,28.0,-17.0,-0.97,-0.49
11083,61,3,2,31,2472.0,29,27.5,,,,,,,,,1.13,43.0,46.0,-3.0,-0.11,0.2
7693,58,3,2,32,2880.0,32,32.0,,,,,,,,,1.34,47.0,48.0,-1.0,-0.03,-1.03
2638,72,3,2,26,1646.0,19,18.3,,,,,,,,,0.88,15.0,33.0,-18.0,-0.98,-0.54
13797,58,3,2,30,2600.0,30,28.9,,,,,,,,,1.4,43.0,42.0,1.0,0.03,0.03
8682,67,3,2,4,47.0,0,0.5,,,,,,,,,0.0,0.0,3.0,-3.0,-5.74,-5.51
13236,54,3,2,11,990.0,11,11.0,,,,,,,,,2.09,30.0,12.0,18.0,1.64,0.29
3338,71,3,2,30,2089.0,23,23.2,,,,,,,,,2.2,53.0,27.0,26.0,1.12,-0.08
3264,54,3,2,25,1762.0,19,19.6,,,,,,,,,1.92,43.0,28.0,15.0,0.77,-1.59
9234,65,3,2,11,373.0,3,4.1,,,,,,,,,0.91,6.0,9.0,-3.0,-0.72,0.25
7124,71,3,2,18,1183.0,12,13.1,,,,,,,,,2.17,25.0,19.0,6.0,0.46,-1.13
12376,52,3,2,31,1962.0,25,21.8,,,,,,,,,1.16,32.0,41.0,-9.0,-0.41,-0.33
10130,73,3,2,23,1920.0,21,21.3,,,,,,,,,1.04,33.0,40.0,-7.0,-0.33,-0.41
14492,72,3,2,13,593.0,7,6.6,,,,,,,,,1.0,7.0,10.0,-3.0,-0.46,0.35
11159,57,3,2,26,1374.0,16,15.3,,,,,,,,,0.31,12.0,37.0,-25.0,-1.64,0.02
7701,72,3,2,16,1323.0,16,14.7,,,,,,,,,0.88,8.0,22.0,-14.0,-0.95,-0.38
7700,63,3,2,16,1319.0,14,14.7,,,,,,,,,1.5,32.0,27.0,5.0,0.34,0.6
7703,72,3,2,26,1345.0,17,14.9,,,,,,,,,1.12,13.0,22.0,-9.0,-0.6,0.24
1625,74,3,2,24,1153.0,12,12.8,,,,,,,,,1.21,13.0,24.0,-11.0,-0.86,-0.67
12982,67,3,2,0,,0,,,,,,,,,,,,,,,
8455,65,3,2,22,1146.0,14,12.7,,,,,,,,,0.86,11.0,19.0,-8.0,-0.63,0.5
7813,56,3,2,2,105.0,1,1.2,,,,,,,,,1.5,5.0,1.0,4.0,3.43,2.79
14291,63,3,2,28,1977.0,24,22.0,,,,,,,,,1.57,40.0,37.0,3.0,0.14,0.39
7322,67,3,2,31,2764.0,31,30.7,,,,,,,,,0.97,53.0,63.0,-10.0,-0.33,-0.02
10552,66,3,2,5,124.0,1,1.4,,,,,,,,,1.0,1.0,3.0,-2.0,-1.45,-1.15
10158,73,3,2,30,2636.0,30,29.3,,,,,,,,,1.2,43.0,45.0,-2.0,-0.07,0.78
10898,59,3,2,24,759.0,6,8.4,,,,,,,,,1.04,13.0,15.0,-2.0,-0.24,0.19
13567,68,3,2,8,207.0,2,2.3,,,,,,,,,2.0,6.0,4.0,2.0,0.87,-0.27
12942,66,3,2,20,1242.0,13,13.8,,,,,,,,,1.25,16.0,19.0,-3.0,-0.22,0.23
7998,66,3,2,0,,0,,,,,,,,,,,,,,,
11383,74,3,2,14,589.0,8,6.5,,,,,,,,,1.36,14.0,8.0,6.0,0.92,1.68
6847,74,3,2,34,2651.0,31,29.5,,,,,,,,,1.09,38.0,47.0,-9.0,-0.31,1.01
4774,52,3,2,0,,0,,,,,,,,,,,,,,,
4611,53,3,2,32,2372.0,26,26.4,,,,,,,,,2.63,68.0,19.0,49.0,1.86,-0.23
9844,55,3,2,21,1070.0,13,11.9,,,,,,,,,0.81,14.0,36.0,-22.0,-1.85,-1.4
9847,67,3,2,25,2066.0,24,23.0,,,,,,,,,0.96,45.0,46.0,-1.0,-0.04,0.86
9215,56,3,2,22,1166.0,12,13.0,,,,,,,,,1.95,30.0,22.0,8.0,0.62,-0.19
10606,73,3,2,30,1189.0,12,13.2,,,,,,,,,1.37,20.0,17.0,3.0,0.23,0.66
6427,71,3,2,26,633.0,5,7.0,,,,,,,,,2.12,19.0,9.0,10.0,1.42,0.35
5165,53,3,2,33,2821.0,32,31.3,,,,,,,,,2.7,78.0,21.0,57.0,1.82,-1.19
2867,71,3,2,19,1453.0,16,16.1,,,,,,,,,1.95,37.0,22.0,15.0,0.93,-0.42
2190,54,3,2,7,183.0,1,2.0,,,,,,,,,1.29,4.0,6.0,-2.0,-0.98,-2.58
12184,66,3,2,30,2700.0,30,30.0,,,,,,,,,1.1,38.0,48.0,-10.0,-0.33,0.17
2398,74,3,2,23,1634.0,18,18.2,,,,,,,,,1.35,20.0,32.0,-12.0,-0.66,-0.47
9969,73,3,2,27,2430.0,27,27.0,,,,,,,,,1.33,36.0,37.0,-1.0,-0.04,0.68
2618,57,3,2,19,1220.0,12,13.6,,,,,,,,,0.42,8.0,34.0,-26.0,-1.92,-0.45
8171,68,3,2,0,,0,,,,,,,,,,,,,,,
12984,55,3,2,1,45.0,0,0.5,,,,,,,,,0.0,0.0,3.0,-3.0,-6.0,-5.13
8379,54,3,2,5,163.0,1,1.8,,,,,,,,,2.4,2.0,4.0,-2.0,-1.1,-2.69
9005,52,3,2,0,,0,,,,,,,,,,,,,,,
7354,59,3,3,25,1545.0,19,17.2,,,,,,,,,1.4,20.0,29.0,-9.0,-0.52,-0.82
14173,73,3,3,0,,0,,,,,,,,,,,,,,,
7493,56,3,3,25,1433.0,17,15.9,,,,,,,,,1.84,37.0,24.0,13.0,0.82,0.43
983,53,3,3,20,766.0,6,8.5,,,,,,,,,1.85,17.0,13.0,4.0,0.47,-0.51
3086,70,3,3,32,1639.0,17,18.2,,,,,,,,,0.97,18.0,27.0,-9.0,-0.49,-0.24
4393,73,3,3,22,1751.0,21,19.5,,,,,,,,,1.64,30.0,31.0,-1.0,-0.05,0.09
4099,70,3,3,5,43.0,0,0.5,,,,,,,,,1.2,1.0,1.0,0.0,0.0,0.39
12290,70,3,3,0,,0,,,,,,,,,,,,,,,
6850,74,3,3,0,,0,,,,,,,,,,,,,,,
7626,63,3,3,32,2220.0,23,24.7,,,,,,,,,0.97,30.0,48.0,-18.0,-0.73,-0.3
7612,53,3,3,0,,0,,,,,,,,,,,,,,,
1130,70,3,3,14,62.0,0,0.7,,,,,,,,,0.86,1.0,2.0,-1.0,-1.45,-1.09
1792,70,3,3,2,91.0,1,1.0,,,,,,,,,0.5,2.0,2.0,0.0,0.0,0.39
13029,73,3,3,12,236.0,1,2.6,,,,,,,,,1.42,0.0,4.0,-4.0,-1.53,-1.56
1644,58,3,3,8,96.0,1,1.1,,,,,,,,,2.75,2.0,1.0,1.0,0.94,0.3
10419,66,3,3,30,2473.0,30,27.5,,,,,,,,,1.63,48.0,36.0,12.0,0.44,0.44
10174,74,3,3,31,2467.0,29,27.4,,,,,,,,,1.29,47.0,43.0,4.0,0.15,0.45
12101,53,3,3,23,1598.0,19,17.8,,,,,,,,,2.17,35.0,20.0,15.0,0.84,-0.02
9514,74,3,3,0,,0,,,,,,,,,,,,,,,
14129,56,3,3,26,1949.0,22,21.7,,,,,,,,,1.77,50.0,31.0,19.0,0.88,0.8
9814,74,3,3,28,2356.0,27,26.2,,,,,,,,,1.21,48.0,38.0,10.0,0.38,1.4
6192,64,3,3,23,713.0,3,7.9,,,,,,,,,0.52,16.0,17.0,-1.0,-0.13,1.02
1561,53,3,3,20,752.0,7,8.4,,,,,,,,,2.05,21.0,7.0,14.0,1.68,1.09
10862,59,3,3,26,2307.0,26,25.6,,,,,,,,,1.62,37.0,37.0,0.0,0.0,0.48
1691,56,3,3,1,24.0,0,0.3,,,,,,,,,3.0,0.0,0.0,0.0,0.0,-0.59
148,54,3,3,2,17.0,0,0.2,,,,,,,,,3.0,0.0,2.0,-2.0,-10.59,-12.63
10141,73,3,3,0,,0,,,,,,,,,,,,,,,
839,55,3,3,5,91.0,0,1.0,,,,,,,,,0.0,0.0,2.0,-2.0,-1.98,-1.01
12076,68,3,3,19,1275.0,15,14.2,,,,,,,,,1.26,22.0,22.0,0.0,0.0,-0.25
12080,74,3,3,15,1170.0,14,13.0,,,,,,,,,1.4,27.0,23.0,4.0,0.31,0.4
12546,55,3,3,5,27.0,0,0.3,,,,,,,,,0.6,0.0,1.0,-1.0,-3.33,-2.35
10905,52,3,3,8,278.0,2,3.1,,,,,,,,,2.13,1.0,2.0,-1.0,-0.32,0.16
12696,70,3,3,12,116.0,0,1.3,,,,,,,,,0.92,1.0,2.0,-1.0,-0.78,-0.41
1696,66,3,3,4,73.0,0,0.8,,,,,,,,,1.0,2.0,2.0,0.0,0.0,-0.36
9994,58,3,3,10,300.0,3,3.3,,,,,,,,,1.0,4.0,4.0,0.0,0.0,-0.72
2925,66,3,3,0,,0,,,,,,,,,,,,,,,
9818,52,3,3,11,658.0,8,7.3,,,,,,,,,1.27,9.0,16.0,-7.0,-0.96,-0.62
11009,63,3,3,28,2520.0,28,28.0,,,,,,,,,0.93,35.0,53.0,-18.0,-0.64,0.02
2611,68,3,3,31,1610.0,18,17.9,,,,,,,,,1.58,21.0,29.0,-8.0,-0.45,-1.25
5622,63,3,3,1,9.0,0,0.1,,,,,,,,,0.0,0.0,1.0,-1.0,-10.0,-9.38
241,61,3,3,32,1598.0,18,17.8,,,,,,,,,0.91,22.0,29.0,-7.0,-0.39,0.84
13554,64,3,3,30,2445.0,28,27.2,,,,,,,,,0.73,41.0,65.0,-24.0,-0.88,0.14
5298,63,3,3,1,29.0,0,0.3,,,,,,,,,0.0,0.0,0.0,0.0,0.0,0.65
7631,74,3,3,18,170.0,0,1.9,,,,,,,,,1.33,6.0,4.0,2.0,1.06,1.06
9819,56,3,3,29,1591.0,17,17.7,,,,,,,,,1.55,39.0,24.0,15.0,0.85,0.54
3680,58,3,3,0,,0,,,,,,,,,,,,,,,
13112,66,3,3,18,1436.0,15,16.0,,,,,,,,,1.61,29.0,19.0,10.0,0.63,0.52
6373,53,3,3,5,68.0,1,0.8,,,,,,,,,2.6,2.0,4.0,-2.0,-2.65,-3.58
8006,72,3,3,23,589.0,3,6.5,,,,,,,,,1.13,5.0,9.0,-4.0,-0.61,-0.17
11812,56,3,3,31,2022.0,23,22.5,,,,,,,,,1.84,50.0,29.0,21.0,0.93,1.02
9902,63,3,3,11,333.0,3,3.7,,,,,,,,,0.73,8.0,11.0,-3.0,-0.81,-0.18
9900,52,3,3,2,40.0,0,0.4,,,,,,,,,0.5,0.0,1.0,-1.0,-2.25,-1.8
1951,55,3,3,21,1782.0,19,19.8,,,,,,,,,1.1,20.0,26.0,-6.0,-0.3,1.67
700,64,3,3,19,1263.0,15,14.0,,,,,,,,,0.79,21.0,30.0,-9.0,-0.64,0.46
9718,55,3,3,30,2565.0,29,28.5,,,,,,,,,0.83,29.0,47.0,-18.0,-0.63,2.28
6181,59,3,3,12,212.0,0,2.4,,,,,,,,,1.83,5.0,2.0,3.0,1.27,1.49
1770,74,3,3,0,,0,,,,,,,,,,,,,,,
3780,71,3,3,12,356.0,3,4.0,,,,,,,,,1.42,9.0,7.0,2.0,0.51,0.21
13623,63,3,3,31,2559.0,30,28.4,,,,,,,,,0.94,35.0,52.0,-17.0,-0.6,0.3
8142,73,3,3,27,982.0,10,10.9,,,,,,,,,1.41,18.0,26.0,-8.0,-0.73,-0.95
10379,55,3,3,19,1042.0,11,11.6,,,,,,,,,0.42,16.0,26.0,-10.0,-0.86,0.21
12440,54,3,3,13,593.0,6,6.6,,,,,,,,,2.08,20.0,9.0,11.0,1.67,-0.37
13999,53,3,3,19,1008.0,12,11.2,,,,,,,,,2.0,23.0,11.0,12.0,1.07,0.33
12727,74,3,3,15,788.0,8,8.8,,,,,,,,,1.47,18.0,19.0,-1.0,-0.11,-0.23
2290,70,3,3,25,1646.0,19,18.3,,,,,,,,,1.08,15.0,20.0,-5.0,-0.27,0.24
7293,56,3,3,30,2303.0,28,25.6,,,,,,,,,1.7,49.0,40.0,9.0,0.35,-0.96
4204,71,3,3,0,,0,,,,,,,,,,,,,,,
13515,52,3,3,2,120.0,2,1.3,,,,,,,,,0.5,2.0,4.0,-2.0,-1.5,-1.07
9823,61,3,3,13,350.0,2,3.9,,,,,,,,,0.77,5.0,9.0,-4.0,-1.03,-0.26
1925,74,3,3,0,,0,,,,,,,,,,,,,,,
10280,55,3,3,33,1390.0,15,15.4,,,,,,,,,0.76,11.0,37.0,-26.0,-1.68,-1.25
10508,58,3,3,26,1947.0,22,21.6,,,,,,,,,1.77,45.0,27.0,18.0,0.83,0.51
5950,63,3,3,12,400.0,3,4.4,,,,,,,,,0.92,7.0,10.0,-3.0,-0.68,-0.03
5951,71,3,3,15,414.0,3,4.6,,,,,,,,,1.4,8.0,7.0,1.0,0.22,-0.12
3913,53,3,3,11,257.0,3,2.9,,,,,,,,,2.0,4.0,4.0,0.0,0.0,-0.93
9202,63,3,3,25,1729.0,22,19.2,,,,,,,,,0.92,34.0,40.0,-6.0,-0.31,0.77
6147,74,3,3,0,,0,,,,,,,,,,,,,,,
6858,66,3,3,29,2109.0,28,23.4,,,,,,,,,1.59,42.0,32.0,10.0,0.43,0.24
11014,73,3,3,25,908.0,9,10.1,,,,,,,,,1.48,16.0,13.0,3.0,0.3,0.55
9260,61,3,3,23,1396.0,15,15.5,,,,,,,,,1.09,13.0,26.0,-13.0,-0.84,-0.08
6039,63,3,3,0,,0,,,,,,,,,,,,,,,
1296,66,3,3,33,2684.0,33,29.8,,,,,,,,,1.55,54.0,38.0,16.0,0.54,1.49
2706,56,3,3,4,22.0,0,0.2,,,,,,,,,0.75,0.0,0.0,0.0,0.0,-0.59
3988,56,3,3,31,2105.0,23,23.4,,,,,,,,,1.71,43.0,33.0,10.0,0.43,-0.51
13479,67,3,3,5,380.0,4,4.2,,,,,,,,,2.0,7.0,3.0,4.0,0.95,1.15
97,70,3,3,7,60.0,0,0.7,,,,,,,,,0.43,2.0,1.0,1.0,1.5,1.92
7297,71,3,3,31,2269.0,27,25.2,,,,,,,,,1.55,47.0,38.0,9.0,0.36,0.13
3784,68,3,3,21,1130.0,13,12.6,,,,,,,,,1.38,14.0,14.0,0.0,0.0,-0.23
4305,58,3,3,26,1013.0,10,11.3,,,,,,,,,1.77,22.0,21.0,1.0,0.09,-0.83
13580,58,3,3,3,24.0,0,0.3,,,,,,,,,2.33,0.0,1.0,-1.0,-3.75,-4.43
1270,71,3,3,12,734.0,7,8.2,,,,,,,,,1.58,16.0,12.0,4.0,0.49,0.22
1574,63,3,3,26,2185.0,24,24.3,,,,,,,,,1.12,34.0,46.0,-12.0,-0.49,0.53
4243,67,3,3,16,379.0,3,4.2,,,,,,,,,1.56,6.0,10.0,-4.0,-0.95,-1.02
2362,56,3,3,10,253.0,1,2.8,,,,,,,,,2.5,13.0,2.0,11.0,3.91,3.62
754,52,3,3,28,2109.0,25,23.4,,,,,,,,,1.36,23.0,22.0,1.0,0.04,1.65
10857,58,3,3,24,1489.0,15,16.5,,,,,,,,,1.96,36.0,18.0,18.0,1.09,0.86
7798,54,3,3,28,1282.0,14,14.2,,,,,,,,,2.57,49.0,5.0,44.0,3.09,1.92
13024,61,3,3,29,892.0,4,9.9,,,,,,,,,0.69,14.0,27.0,-13.0,-1.31,-0.73
3058,66,3,3,25,2006.0,25,22.3,,,,,,,,,1.56,35.0,26.0,9.0,0.4,0.15
73,73,3,3,0,,0,,,,,,,,,,,,,,,
14332,56,3,3,21,895.0,8,9.9,,,,,,,,,1.67,21.0,19.0,2.0,0.2,-0.55
11349,73,3,3,0,,0,,,,,,,,,,,,,,,
10673,74,3,3,0,,0,,,,,,,,,,,,,,,
13668,67,3,3,28,831.0,7,9.2,,,,,,,,,1.25,12.0,21.0,-9.0,-0.97,-1.26
4527,52,3,3,19,1710.0,19,19.0,,,,,,,,,1.42,18.0,19.0,-1.0,-0.05,0.95
13423,64,3,3,9,810.0,9,9.0,,,,,,,,,0.89,12.0,19.0,-7.0,-0.78,0.18
8794,58,3,3,9,364.0,3,4.0,,,,,,,,,1.89,14.0,9.0,5.0,1.24,0.67
969,71,3,3,7,432.0,6,4.8,,,,,,,,,1.0,10.0,6.0,4.0,0.83,0.59
1854,74,3,3,21,1304.0,16,14.5,,,,,,,,,1.52,22.0,24.0,-2.0,-0.14,-0.34
8661,55,3,3,14,412.0,3,4.6,,,,,,,,,0.43,5.0,11.0,-6.0,-1.31,-0.36
878,54,3,3,19,1560.0,17,17.3,,,,,,,,,2.58,52.0,15.0,37.0,2.13,0.33
3158,52,3,3,0,,0,,,,,,,,,,,,,,,
11040,73,3,3,9,67.0,0,0.7,,,,,,,,,2.0,1.0,0.0,1.0,1.34,1.46
4111,71,3,3,34,1855.0,20,20.6,,,,,,,,,1.47,40.0,32.0,8.0,0.39,0.16
7399,71,3,3,6,104.0,0,1.2,,,,,,,,,1.17,5.0,3.0,2.0,1.73,1.46
4075,54,3,3,21,1463.0,16,16.3,,,,,,,,,2.33,43.0,17.0,26.0,1.6,-0.71
7363,58,3,3,7,293.0,3,3.3,,,,,,,,,1.57,7.0,5.0,2.0,0.61,-0.04
4052,59,3,3,23,1196.0,13,13.3,,,,,,,,,1.52,19.0,18.0,1.0,0.08,0.32
12087,59,3,3,34,2862.0,33,31.8,,,,,,,,,1.62,48.0,47.0,1.0,0.03,2.3
3029,72,3,3,34,3060.0,34,34.0,,,,,,,,,1.18,36.0,50.0,-14.0,-0.41,
10784,52,3,3,1,32.0,0,0.4,,,,,,,,,1.0,0.0,0.0,0.0,0.0,0.48
10785,61,3,3,22,1335.0,19,14.8,,,,,,,,,0.95,15.0,25.0,-10.0,-0.67,0.21
11362,55,3,3,21,1890.0,21,21.0,,,,,,,,,0.62,19.0,46.0,-27.0,-1.29,-0.75
13517,63,3,3,8,357.0,5,4.0,,,,,,,,,1.0,5.0,12.0,-7.0,-1.76,-1.27
13118,71,3,3,0,,0,,,,,,,,,,,,,,,
9355,73,3,3,32,2418.0,30,26.9,,,,,,,,,1.5,41.0,41.0,0.0,0.0,0.42
7329,56,3,3,12,283.0,2,3.1,,,,,,,,,1.42,4.0,6.0,-2.0,-0.64,-1.35
154,70,3,3,16,373.0,2,4.1,,,,,,,,,0.88,3.0,9.0,-6.0,-1.45,-1.21
6739,70,3,3,27,1853.0,22,20.6,,,,,,,,,1.0,16.0,25.0,-9.0,-0.44,-0.14
9829,59,3,3,33,2845.0,33,31.6,,,,,,,,,1.67,46.0,50.0,-4.0,-0.13,-0.13
14109,61,3,3,0,,0,,,,,,,,,,,,,,,
5472,58,3,3,33,2563.0,31,28.5,,,,,,,,,1.73,54.0,36.0,18.0,0.63,-0.09
296,55,3,3,0,,0,,,,,,,,,,,,,,,
3826,68,3,3,2,44.0,0,0.5,,,,,,,,,1.5,0.0,0.0,0.0,0.0,-0.15
12197,56,3,3,0,,0,,,,,,,,,,,,,,,
10616,67,3,3,25,2135.0,25,23.7,,,,,,,,,1.28,35.0,38.0,-3.0,-0.13,-0.22
8993,64,3,3,0,,0,,,,,,,,,,,,,,,
1537,52,3,3,1,79.0,1,0.9,,,,,,,,,1.0,2.0,2.0,0.0,0.0,0.48
11364,64,3,3,10,832.0,10,9.2,,,,,,,,,0.4,8.0,22.0,-14.0,-1.51,-0.83
12558,52,3,3,30,1636.0,21,18.2,,,,,,,,,1.3,16.0,37.0,-21.0,-1.16,-1.47
4731,61,3,3,2,121.0,1,1.3,,,,,,,,,2.0,3.0,0.0,3.0,2.23,3.15
10872,58,3,3,0,,0,,,,,,,,,,,,,,,
7780,74,3,3,32,2297.0,29,25.5,,,,,,,,,1.22,36.0,46.0,-10.0,-0.39,-1.81
6816,61,3,3,27,1832.0,22,20.4,,,,,,,,,0.74,24.0,45.0,-21.0,-1.03,-0.59
9049,73,3,3,26,2161.0,25,24.0,,,,,,,,,1.69,38.0,26.0,12.0,0.5,2.0
9358,67,3,3,22,989.0,9,11.0,,,,,,,,,1.73,18.0,15.0,3.0,0.27,0.49
6447,53,3,3,33,2314.0,25,25.7,,,,,,,,,2.06,53.0,33.0,20.0,0.78,-0.31
2525,71,3,3,33,1981.0,23,22.0,,,,,,,,,1.52,39.0,29.0,10.0,0.45,0.37
12910,67,3,3,6,60.0,0,0.7,,,,,,,,,0.0,2.0,4.0,-2.0,-3.0,-3.0
2776,55,3,3,12,226.0,1,2.5,,,,,,,,,0.75,3.0,10.0,-7.0,-2.79,-1.93
452,53,3,3,28,1455.0,17,16.2,,,,,,,,,2.11,31.0,27.0,4.0,0.25,-1.15
14032,68,3,3,1,14.0,0,0.2,,,,,,,,,0.0,1.0,1.0,0.0,0.0,-0.15
8727,68,3,3,24,1557.0,17,17.3,,,,,,,,,1.5,26.0,27.0,-1.0,-0.06,-0.42
3348,63,3,3,20,734.0,7,8.2,,,,,,,,,0.75,9.0,23.0,-14.0,-1.72,-1.41
13937,63,3,3,22,1414.0,14,15.7,,,,,,,,,0.77,19.0,25.0,-6.0,-0.38,0.49
14386,74,3,3,29,1518.0,15,16.9,,,,,,,,,1.41,28.0,27.0,1.0,0.06,0.0
9748,64,3,3,19,1282.0,13,14.2,,,,,,,,,0.74,17.0,33.0,-16.0,-1.12,-0.36
3493,52,3,3,31,2650.0,31,29.4,,,,,,,,,1.23,31.0,46.0,-15.0,-0.51,-0.29
1500,64,3,3,31,1895.0,23,21.1,,,,,,,,,0.81,33.0,44.0,-11.0,-0.52,1.02
1860,61,3,3,32,2671.0,32,29.7,,,,,,,,,0.91,34.0,55.0,-21.0,-0.71,0.68
9654,59,3,3,32,2561.0,28,28.5,,,,,,,,,1.63,43.0,42.0,1.0,0.04,0.94
6134,56,3,3,32,1776.0,21,19.7,,,,,,,,,1.66,35.0,34.0,1.0,0.05,-1.28
2945,66,3,3,0,,0,,,,,,,,,,,,,,,
12802,54,3,3,27,1242.0,13,13.8,,,,,,,,,2.44,46.0,15.0,31.0,2.25,0.46
13498,68,3,3,8,152.0,1,1.7,,,,,,,,,1.13,3.0,2.0,1.0,0.59,0.47
8128,54,3,3,26,1325.0,13,14.7,,,,,,,,,2.38,42.0,14.0,28.0,1.9,-0.12
12155,72,3,3,1,90.0,1,1.0,,,,,,,,,1.0,1.0,1.0,0.0,0.0,0.48
9170,58,3,3,24,1542.0,18,17.1,,,,,,,,,1.83,30.0,20.0,10.0,0.58,-0.13
6396,52,3,3,33,2944.0,33,32.7,,,,,,,,,1.3,34.0,46.0,-12.0,-0.37,2.74
7470,74,3,3,29,2585.0,29,28.7,,,,,,,,,1.17,50.0,49.0,1.0,0.03,-0.15
6412,58,3,3,0,,0,,,,,,,,,,,,,,,
11428,55,3,3,0,,0,,,,,,,,,,,,,,,
9941,59,3,3,20,639.0,5,7.1,,,,,,,,,1.25,15.0,13.0,2.0,0.28,0.5
14062,59,3,3,34,2432.0,31,27.0,,,,,,,,,1.62,43.0,42.0,1.0,0.04,0.75
4570,63,3,3,8,601.0,8,6.7,,,,,,,,,1.13,9.0,11.0,-2.0,-0.3,0.43
629,53,3,3,32,2636.0,31,29.3,,,,,,,,,2.09,65.0,34.0,31.0,1.06,1.48
11322,56,3,3,30,2327.0,28,25.9,,,,,,,,,1.7,54.0,36.0,18.0,0.7,0.45
9051,73,3,3,30,1181.0,13,13.1,,,,,,,,,1.6,23.0,27.0,-4.0,-0.3,-0.35
11841,54,3,3,23,1572.0,19,17.5,,,,,,,,,2.48,48.0,14.0,34.0,1.95,-0.05
10268,70,3,3,25,1807.0,21,20.1,,,,,,,,,1.0,15.0,16.0,-1.0,-0.05,0.81
12883,56,3,3,30,2598.0,29,28.9,,,,,,,,,1.57,58.0,49.0,9.0,0.31,-1.83
11563,68,3,3,30,2631.0,30,29.2,,,,,,,,,1.57,44.0,39.0,5.0,0.17,0.17
12106,52,3,3,7,271.0,2,3.0,,,,,,,,,0.71,3.0,7.0,-4.0,-1.33,-0.94
2571,59,3,3,29,2314.0,27,25.7,,,,,,,,,1.66,36.0,36.0,0.0,0.0,0.48
6186,72,3,3,28,1696.0,21,18.8,,,,,,,,,1.39,21.0,24.0,-3.0,-0.16,0.7
12160,67,3,3,33,2172.0,27,24.1,,,,,,,,,1.36,43.0,36.0,7.0,0.29,1.2
941,68,3,3,28,1320.0,16,14.7,,,,,,,,,1.64,21.0,14.0,7.0,0.48,0.58
12760,56,3,3,0,,0,,,,,,,,,,,,,,,
1138,66,3,3,22,1284.0,12,14.3,,,,,,,,,1.55,26.0,27.0,-1.0,-0.07,-0.73
5757,73,3,3,0,,0,,,,,,,,,,,,,,,
11572,64,3,3,26,1544.0,17,17.2,,,,,,,,,0.85,25.0,38.0,-13.0,-0.76,0.31
11801,71,3,3,25,1154.0,10,12.8,,,,,,,,,1.52,26.0,22.0,4.0,0.31,-0.02
11429,63,3,3,1,12.0,0,0.1,,,,,,,,,1.0,1.0,0.0,1.0,7.5,8.18
1894,68,3,3,15,935.0,10,10.4,,,,,,,,,1.8,17.0,20.0,-3.0,-0.29,-0.63
9174,53,3,3,4,293.0,3,3.3,,,,,,,,,1.75,4.0,3.0,1.0,0.31,-0.6
2447,67,3,3,0,,0,,,,,,,,,,,,,,,
11624,53,3,3,32,2670.0,28,29.7,,,,,,,,,2.06,61.0,35.0,26.0,0.88,0.18
160,63,3,3,27,1871.0,22,20.8,,,,,,,,,0.85,28.0,44.0,-16.0,-0.77,-0.32
10699,59,3,3,20,794.0,7,8.8,,,,,,,,,1.45,12.0,11.0,1.0,0.11,0.31
6824,53,3,3,11,356.0,4,4.0,,,,,,,,,1.82,7.0,6.0,1.0,0.25,-0.68
11583,55,3,3,32,2277.0,27,25.3,,,,,,,,,0.69,21.0,45.0,-24.0,-0.95,0.2
8501,59,3,3,31,1867.0,21,20.7,,,,,,,,,1.61,30.0,34.0,-4.0,-0.19,-0.19
1858,72,3,3,34,2540.0,30,28.2,,,,,,,,,1.18,33.0,42.0,-9.0,-0.32,0.89
8209,64,3,3,25,1238.0,13,13.8,,,,,,,,,0.56,16.0,40.0,-24.0,-1.74,-1.4
4960,55,3,3,23,1136.0,12,12.6,,,,,,,,,0.65,16.0,22.0,-6.0,-0.48,0.83
4703,67,3,3,19,1439.0,18,16.0,,,,,,,,,1.37,31.0,22.0,9.0,0.56,1.17
9477,61,3,3,22,1181.0,12,13.1,,,,,,,,,0.68,12.0,32.0,-20.0,-1.52,-1.19
13555,55,3,3,13,1170.0,13,13.0,,,,,,,,,0.92,13.0,22.0,-9.0,-0.69,0.5
8664,53,3,3,29,2610.0,29,29.0,,,,,,,,,2.03,63.0,38.0,25.0,0.86,0.06
12164,63,3,3,4,219.0,2,2.4,,,,,,,,,0.0,3.0,7.0,-4.0,-1.64,-1.07
6194,59,3,3,0,,0,,,,,,,,,,,,,,,
5440,66,3,3,23,530.0,4,5.9,,,,,,,,,1.48,10.0,11.0,-1.0,-0.17,-0.63
11135,58,3,3,20,722.0,7,8.0,,,,,,,,,1.65,12.0,11.0,1.0,0.12,-0.68
1463,54,3,3,1,1.0,0,0.0,,,,,,,,,3.0,0.0,0.0,0.0,0.0,-1.97
7225,52,3,3,0,,0,,,,,,,,,,,,,,,
1159,72,3,3,16,937.0,11,10.4,,,,,,,,,1.25,16.0,19.0,-3.0,-0.29,0.26
5939,70,3,3,29,2610.0,29,29.0,,,,,,,,,1.0,25.0,35.0,-10.0,-0.34,0.26
7821,67,3,3,31,2790.0,31,31.0,,,,,,,,,1.35,51.0,52.0,-1.0,-0.03,0.3
5428,54,3,3,6,250.0,3,2.8,,,,,,,,,1.83,6.0,5.0,1.0,0.36,-1.75
9244,64,3,3,23,1657.0,18,18.4,,,,,,,,,0.7,26.0,40.0,-14.0,-0.76,0.33
8070,66,3,3,33,2650.0,31,29.4,,,,,,,,,1.48,45.0,38.0,7.0,0.24,-0.86
11432,72,3,3,0,,0,,,,,,,,,,,,,,,
7905,52,3,3,31,2306.0,27,25.6,,,,,,,,,1.26,26.0,38.0,-12.0,-0.47,0.01
8636,61,3,3,0,,0,,,,,,,,,,,,,,,
8398,71,3,3,5,253.0,2,2.8,,,,,,,,,2.4,10.0,2.0,8.0,2.85,2.75
10944,68,3,3,0,,0,,,,,,,,,,,,,,,
3609,64,3,3,13,386.0,4,4.3,,,,,,,,,1.0,8.0,14.0,-6.0,-1.4,-0.56
4530,71,3,3,12,780.0,9,8.7,,,,,,,,,1.17,13.0,16.0,-3.0,-0.35,-0.9
4777,52,3,3,20,763.0,9,8.5,,,,,,,,,1.35,7.0,7.0,0.0,0.0,0.63
10281,66,3,3,19,1600.0,18,17.8,,,,,,,,,1.68,27.0,22.0,5.0,0.28,-0.15
10789,56,3,3,0,,0,,,,,,,,,,,,,,,
2271,64,3,3,10,568.0,7,6.3,,,,,,,,,1.1,11.0,19.0,-8.0,-1.27,-0.44
1310,73,3,3,28,1898.0,20,21.1,,,,,,,,,1.5,35.0,42.0,-7.0,-0.33,-0.64
7157,72,3,3,17,1159.0,13,12.9,,,,,,,,,1.24,12.0,19.0,-7.0,-0.54,-0.12
3166,63,3,3,14,619.0,6,6.9,,,,,,,,,0.57,5.0,15.0,-10.0,-1.45,-1.01
14568,52,3,3,5,71.0,0,0.8,,,,,,,,,1.4,1.0,1.0,0.0,0.0,0.48
862,56,3,3,5,137.0,1,1.5,,,,,,,,,1.2,1.0,4.0,-3.0,-1.97,-2.68
5831,73,3,3,9,308.0,3,3.4,,,,,,,,,0.56,9.0,9.0,0.0,0.0,0.1
11467,63,3,3,24,1576.0,18,17.5,,,,,,,,,0.79,27.0,41.0,-14.0,-0.8,-0.31
6049,74,3,3,22,1130.0,12,12.6,,,,,,,,,1.09,23.0,21.0,2.0,0.16,0.16
7656,68,3,3,26,1593.0,18,17.7,,,,,,,,,1.5,28.0,28.0,0.0,0.0,-0.31
5343,54,3,3,31,2381.0,28,26.5,,,,,,,,,2.52,81.0,18.0,63.0,2.38,1.85
1632,71,3,3,32,2618.0,31,29.1,,,,,,,,,1.56,56.0,45.0,11.0,0.38,0.38
8083,54,3,3,0,,0,,,,,,,,,,,,,,,
12932,71,3,3,0,,0,,,,,,,,,,,,,,,
10098,61,3,3,9,372.0,3,4.1,,,,,,,,,0.33,3.0,9.0,-6.0,-1.45,-0.75
14395,71,3,3,11,270.0,2,3.0,,,,,,,,,2.18,5.0,4.0,1.0,0.33,0.01
1209,64,3,3,8,288.0,2,3.2,,,,,,,,,0.25,9.0,6.0,3.0,0.94,2.04
13442,61,3,3,6,148.0,2,1.6,,,,,,,,,1.17,1.0,4.0,-3.0,-1.82,-1.08
853,72,3,3,15,922.0,11,10.2,,,,,,,,,0.8,6.0,17.0,-11.0,-1.07,-0.86
8400,61,3,3,23,783.0,7,8.7,,,,,,,,,1.13,12.0,16.0,-4.0,-0.46,0.45
11829,72,3,3,32,2723.0,31,30.3,,,,,,,,,1.25,34.0,39.0,-5.0,-0.17,2.77
7137,54,3,3,33,2847.0,32,31.6,,,,,,,,,2.39,90.0,28.0,62.0,1.96,-0.15
2272,72,3,3,0,,0,,,,,,,,,,,,,,,
2961,52,3,3,0,,0,,,,,,,,,,,,,,,
13523,67,3,3,31,2737.0,31,30.4,,,,,,,,,1.35,53.0,49.0,4.0,0.13,1.8
8668,68,3,3,28,1838.0,20,20.4,,,,,,,,,1.64,26.0,24.0,2.0,0.1,-0.12
1273,58,3,3,30,1597.0,18,17.7,,,,,,,,,1.8,36.0,27.0,9.0,0.51,-0.29
8777,64,3,3,31,1850.0,22,20.6,,,,,,,,,0.77,25.0,49.0,-24.0,-1.17,-0.65
5182,56,3,3,32,2880.0,32,32.0,,,,,,,,,1.69,68.0,47.0,21.0,0.66,1.16
12170,58,3,3,30,2586.0,30,28.7,,,,,,,,,1.87,62.0,37.0,25.0,0.87,1.44
3368,73,3,3,27,1343.0,14,14.9,,,,,,,,,1.37,23.0,29.0,-6.0,-0.4,-0.56
3612,66,3,3,28,2295.0,28,25.5,,,,,,,,,1.57,40.0,28.0,12.0,0.47,0.47
9253,73,3,3,0,,0,,,,,,,,,,,,,,,
9054,64,3,3,19,1307.0,17,14.5,,,,,,,,,0.89,22.0,32.0,-10.0,-0.69,0.39
9916,52,3,3,20,654.0,5,7.3,,,,,,,,,1.15,4.0,12.0,-8.0,-1.1,-0.8
10879,63,3,3,0,,0,,,,,,,,,,,,,,,
7424,55,3,3,1,7.0,0,0.1,,,,,,,,,3.0,0.0,0.0,0.0,0.0,1.0
10965,53,3,3,0,,0,,,,,,,,,,,,,,,
5396,52,3,3,21,748.0,4,8.3,,,,,,,,,1.24,11.0,12.0,-1.0,-0.12,0.46
7860,74,3,3,30,2468.0,28,27.4,,,,,,,,,1.33,44.0,40.0,4.0,0.15,0.45
9417,53,3,3,5,450.0,5,5.0,,,,,,,,,2.0,9.0,5.0,4.0,0.8,-0.06
1164,63,3,3,32,2767.0,32,30.7,,,,,,,,,1.0,37.0,59.0,-22.0,-0.72,-0.72
4745,61,3,3,16,1217.0,15,13.5,,,,,,,,,1.06,12.0,18.0,-6.0,-0.44,0.58
4746,71,3,3,1,56.0,1,0.6,,,,,,,,,0.0,1.0,2.0,-1.0,-1.61,-1.97
13639,55,3,3,14,1077.0,13,12.0,,,,,,,,,0.71,11.0,19.0,-8.0,-0.67,0.51
11864,58,3,3,30,2513.0,28,27.9,,,,,,,,,1.6,50.0,40.0,10.0,0.36,-1.62
8672,59,3,3,28,1842.0,22,20.5,,,,,,,,,1.46,31.0,35.0,-4.0,-0.2,-0.2
8798,52,3,3,0,,0,,,,,,,,,,,,,,,
6813,54,3,3,1,3.0,0,0.0,,,,,,,,,3.0,0.0,0.0,0.0,0.0,-1.97
10292,55,3,3,7,172.0,0,1.9,,,,,,,,,0.14,1.0,3.0,-2.0,-1.05,-0.05
10535,52,3,3,15,1350.0,15,15.0,,,,,,,,,1.07,17.0,32.0,-15.0,-1.0,-0.95
7857,54,3,3,29,1699.0,19,18.9,,,,,,,,,2.38,56.0,20.0,36.0,1.91,-0.14
13123,67,3,3,21,757.0,6,8.4,,,,,,,,,1.38,9.0,16.0,-7.0,-0.83,-1.03
5480,58,3,3,33,2393.0,28,26.6,,,,,,,,,1.79,50.0,33.0,17.0,0.64,-0.04
3511,72,3,3,30,2546.0,29,28.3,,,,,,,,,1.2,31.0,38.0,-7.0,-0.25,1.33
9788,66,3,3,14,674.0,6,7.5,,,,,,,,,1.0,8.0,7.0,1.0,0.13,-0.28
3167,56,3,3,0,,0,,,,,,,,,,,,,,,
2628,63,3,3,0,,0,,,,,,,,,,,,,,,
6136,71,3,3,27,1663.0,22,18.5,,,,,,,,,1.44,33.0,27.0,6.0,0.32,0.0
11589,59,3,3,32,2770.0,31,30.8,,,,,,,,,1.63,42.0,44.0,-2.0,-0.06,0.56
9151,72,3,3,13,281.0,1,3.1,,,,,,,,,1.46,7.0,8.0,-1.0,-0.32,0.17
10795,53,3,3,0,,0,,,,,,,,,,,,,,,
10881,55,3,3,0,,0,,,,,,,,,,,,,,,
1319,55,3,3,21,1137.0,13,12.6,,,,,,,,,0.9,11.0,32.0,-21.0,-1.66,-1.05
8997,56,3,3,0,,0,,,,,,,,,,,,,,,
14397,56,3,3,3,127.0,1,1.4,,,,,,,,,0.33,2.0,4.0,-2.0,-1.42,-2.09
2371,68,3,3,23,1577.0,18,17.5,,,,,,,,,1.65,31.0,23.0,8.0,0.46,0.64
12787,73,3,3,32,2733.0,32,30.4,,,,,,,,,1.59,49.0,51.0,-2.0,-0.07,0.21
12919,64,3,3,32,1953.0,23,21.7,,,,,,,,,0.69,31.0,52.0,-21.0,-0.97,-0.15
1540,52,3,3,28,938.0,7,10.4,,,,,,,,,1.29,12.0,16.0,-4.0,-0.38,0.13
11371,61,3,3,34,3060.0,34,34.0,,,,,,,,,0.85,37.0,64.0,-27.0,-0.79,
8373,74,3,3,9,304.0,3,3.4,,,,,,,,,1.11,7.0,4.0,3.0,0.89,0.92
6968,59,3,3,19,745.0,7,8.3,,,,,,,,,1.84,13.0,19.0,-6.0,-0.72,-0.8
6215,71,3,3,1,2.0,0,0.0,,,,,,,,,0.0,0.0,0.0,0.0,0.0,-0.32
7308,73,3,3,10,454.0,5,5.0,,,,,,,,,1.3,10.0,12.0,-2.0,-0.4,-0.36
3636,56,3,3,14,614.0,6,6.8,,,,,,,,,1.5,15.0,8.0,7.0,1.03,0.55
8078,66,3,3,5,26.0,0,0.3,,,,,,,,,2.6,1.0,0.0,1.0,3.46,3.14
8077,61,3,3,11,760.0,10,8.4,,,,,,,,,0.91,12.0,21.0,-9.0,-1.07,-0.36
4495,56,3,3,0,,0,,,,,,,,,,,,,,,
6721,59,3,3,11,335.0,4,3.7,,,,,,,,,2.0,9.0,6.0,3.0,0.81,1.04
11072,58,3,3,17,1448.0,17,16.1,,,,,,,,,1.94,40.0,22.0,18.0,1.12,0.9
5064,55,3,3,14,1055.0,12,11.7,,,,,,,,,0.93,14.0,18.0,-4.0,-0.34,1.01
4062,55,3,3,16,910.0,10,10.1,,,,,,,,,0.81,8.0,25.0,-17.0,-1.68,-0.97
5607,58,3,3,16,312.0,2,3.5,,,,,,,,,1.88,7.0,10.0,-3.0,-0.87,-1.68
2545,52,3,3,30,2551.0,28,28.3,,,,,,,,,1.3,26.0,37.0,-11.0,-0.39,0.5
6319,58,3,3,24,921.0,10,10.2,,,,,,,,,1.54,23.0,11.0,12.0,1.17,0.75
9728,70,3,3,1,2.0,0,0.0,,,,,,,,,0.0,0.0,0.0,0.0,0.0,0.38
6043,55,3,3,23,1603.0,17,17.8,,,,,,,,,0.83,14.0,35.0,-21.0,-1.18,-0.38
4401,52,3,3,0,,0,,,,,,,,,,,,,,,
2718,70,3,3,10,358.0,3,4.0,,,,,,,,,1.1,4.0,5.0,-1.0,-0.25,0.15
7529,70,3,3,10,900.0,10,10.0,,,,,,,,,0.8,7.0,12.0,-5.0,-0.5,-0.17
712,56,3,3,2,180.0,2,2.0,,,,,,,,,1.5,3.0,4.0,-1.0,-0.5,-1.16
4581,63,3,3,1,32.0,0,0.4,,,,,,,,,0.0,0.0,0.0,0.0,0.0,0.65
14270,54,3,3,0,,0,,,,,,,,,,,,,,,
4041,71,3,3,29,1843.0,22,20.5,,,,,,,,,1.52,42.0,32.0,10.0,0.49,0.41
7791,54,3,3,27,2283.0,27,25.4,,,,,,,,,2.52,73.0,24.0,49.0,1.93,-0.15
9836,71,3,3,31,2469.0,28,27.4,,,,,,,,,1.32,49.0,43.0,6.0,0.22,-0.54
7839,55,3,3,15,464.0,6,5.2,,,,,,,,,0.67,3.0,10.0,-7.0,-1.36,-0.42
9757,63,3,3,12,451.0,5,5.0,,,,,,,,,1.08,4.0,5.0,-1.0,-0.2,0.52
3177,63,3,3,2,22.0,0,0.2,,,,,,,,,1.5,0.0,0.0,0.0,0.0,0.65
13188,52,3,3,16,347.0,1,3.9,,,,,,,,,1.0,6.0,5.0,1.0,0.26,0.82
10929,53,3,3,15,899.0,10,10.0,,,,,,,,,2.27,19.0,13.0,6.0,0.6,-0.36
4583,59,3,3,9,753.0,8,8.4,,,,,,,,,1.44,12.0,16.0,-4.0,-0.48,-0.48
7667,61,3,3,33,2939.0,33,32.7,,,,,,,,,0.79,34.0,64.0,-30.0,-0.92,-3.15
9210,74,3,3,6,475.0,5,5.3,,,,,,,,,1.67,6.0,5.0,1.0,0.19,0.15
13462,54,3,3,30,1225.0,12,13.6,,,,,,,,,2.47,35.0,17.0,18.0,1.32,-1.08
6068,54,3,3,25,1798.0,21,20.0,,,,,,,,,2.44,51.0,18.0,33.0,1.65,-0.77
4555,59,3,3,9,168.0,0,1.9,,,,,,,,,1.78,1.0,3.0,-2.0,-1.07,-1.01
11610,66,3,3,32,2607.0,32,29.0,,,,,,,,,1.59,47.0,34.0,13.0,0.45,0.65
6568,74,3,3,28,2188.0,25,24.3,,,,,,,,,1.29,37.0,33.0,4.0,0.16,0.37
10481,67,3,3,19,828.0,9,9.2,,,,,,,,,1.63,12.0,14.0,-2.0,-0.22,-0.22
13099,63,3,3,22,1308.0,16,14.5,,,,,,,,,1.09,24.0,29.0,-5.0,-0.34,0.53
63,73,3,3,0,,0,,,,,,,,,,,,,,,
10848,71,3,3,1,22.0,0,0.2,,,,,,,,,3.0,1.0,0.0,1.0,4.09,3.79
1117,53,3,3,0,,0,,,,,,,,,,,,,,,
11435,66,3,3,31,2345.0,26,26.1,,,,,,,,,1.52,41.0,28.0,13.0,0.5,0.62
7877,68,3,3,10,479.0,6,5.3,,,,,,,,,1.1,7.0,8.0,-1.0,-0.19,-0.4
13513,74,3,3,0,,0,,,,,,,,,,,,,,,
5870,64,3,3,1,71.0,1,0.8,,,,,,,,,0.0,0.0,3.0,-3.0,-3.8,-2.96
3178,70,3,3,24,2137.0,24,23.7,,,,,,,,,1.0,21.0,29.0,-8.0,-0.34,0.15
8429,67,3,3,24,969.0,8,10.8,,,,,,,,,1.25,15.0,16.0,-1.0,-0.09,-0.05
8927,54,3,3,22,1980.0,22,22.0,,,,,,,,,2.64,63.0,15.0,48.0,2.18,0.6
4588,67,3,3,18,382.0,2,4.2,,,,,,,,,1.17,5.0,9.0,-4.0,-0.94,-1.01
10286,67,3,3,19,1639.0,19,18.2,,,,,,,,,1.63,29.0,25.0,4.0,0.22,0.6
7310,61,3,3,8,154.0,0,1.7,,,,,,,,,0.63,1.0,3.0,-2.0,-1.17,-0.39
7417,73,3,3,26,952.0,10,10.6,,,,,,,,,1.38,17.0,14.0,3.0,0.28,0.54
10914,54,3,3,0,,0,,,,,,,,,,,,,,,
10770,58,3,3,12,382.0,4,4.2,,,,,,,,,1.33,6.0,6.0,0.0,0.0,-0.74
4404,56,3,3,26,1509.0,19,16.8,,,,,,,,,1.73,40.0,28.0,12.0,0.72,0.25
8677,74,3,3,19,467.0,3,5.2,,,,,,,,,1.11,14.0,9.0,5.0,0.96,1.07
6879,68,3,3,0,,0,,,,,,,,,,,,,,,
1522,66,3,3,6,80.0,0,0.9,,,,,,,,,0.33,0.0,0.0,0.0,0.0,-0.36
718,71,3,3,34,3060.0,34,34.0,,,,,,,,,1.47,64.0,53.0,11.0,0.32,
1397,68,3,3,25,1558.0,16,17.3,,,,,,,,,1.52,35.0,27.0,8.0,0.46,0.64
3183,74,3,3,3,195.0,2,2.2,,,,,,,,,0.0,2.0,4.0,-2.0,-0.92,-1.05
4096,70,3,3,0,,0,,,,,,,,,,,,,,,
13537,55,3,3,29,2213.0,26,24.6,,,,,,,,,0.72,24.0,45.0,-21.0,-0.85,0.53
11057,72,3,3,0,,0,,,,,,,,,,,,,,,
5582,59,3,3,2,19.0,0,0.2,,,,,,,,,1.5,0.0,0.0,0.0,0.0,0.12
4534,63,3,3,13,670.0,7,7.4,,,,,,,,,1.08,8.0,13.0,-5.0,-0.67,-0.03
9964,54,3,3,34,2334.0,28,25.9,,,,,,,,,2.41,69.0,23.0,46.0,1.77,-0.83
6836,67,3,3,12,978.0,11,10.9,,,,,,,,,0.83,19.0,26.0,-7.0,-0.64,-0.86
7500,66,3,3,6,110.0,1,1.2,,,,,,,,,2.17,1.0,2.0,-1.0,-0.82,-1.21
4692,53,3,3,0,,0,,,,,,,,,,,,,,,
4741,52,3,3,31,2586.0,30,28.7,,,,,,,,,1.26,25.0,38.0,-13.0,-0.45,0.12
8294,68,3,3,33,2453.0,28,27.3,,,,,,,,,1.52,43.0,41.0,2.0,0.07,-0.37
5028,63,3,3,13,687.0,7,7.6,,,,,,,,,0.77,8.0,13.0,-5.0,-0.66,-0.01
14222,68,3,3,25,2222.0,25,24.7,,,,,,,,,1.6,41.0,33.0,8.0,0.32,0.65
5873,55,3,3,22,1861.0,21,20.7,,,,,,,,,0.77,20.0,45.0,-25.0,-1.21,-0.53
11377,59,3,3,30,2267.0,27,25.2,,,,,,,,,1.73,35.0,37.0,-2.0,-0.08,0.15
1616,68,3,3,3,50.0,0,0.6,,,,,,,,,0.33,1.0,2.0,-1.0,-1.8,-1.98
12470,56,3,3,11,391.0,3,4.3,,,,,,,,,2.27,9.0,7.0,2.0,0.46,-0.15
12472,74,3,3,11,353.0,3,3.9,,,,,,,,,1.55,5.0,7.0,-2.0,-0.51,-0.64
4187,53,3,3,24,1155.0,11,12.8,,,,,,,,,2.0,29.0,17.0,12.0,0.94,0.13
6608,54,3,3,17,673.0,6,7.5,,,,,,,,,2.59,28.0,10.0,18.0,2.41,0.56
9561,55,3,3,14,267.0,2,3.0,,,,,,,,,0.29,3.0,8.0,-5.0,-1.69,-0.75
7674,74,3,3,2,123.0,2,1.4,,,,,,,,,0.5,1.0,3.0,-2.0,-1.46,-1.59
4408,55,3,3,31,2334.0,30,25.9,,,,,,,,,0.68,21.0,51.0,-30.0,-1.16,-0.66
6966,56,3,3,0,,0,,,,,,,,,,,,,,,
1328,54,3,3,0,,0,,,,,,,,,,,,,,,
500,54,3,3,21,1451.0,18,16.1,,,,,,,,,2.38,50.0,12.0,38.0,2.36,0.73
8758,52,3,3,7,235.0,2,2.6,,,,,,,,,1.0,4.0,8.0,-4.0,-1.53,-1.15
6936,72,3,3,18,908.0,10,10.1,,,,,,,,,1.11,7.0,11.0,-4.0,-0.4,0.11
2987,54,3,3,3,270.0,3,3.0,,,,,,,,,2.0,10.0,5.0,5.0,1.67,-0.33
11463,74,3,3,0,,0,,,,,,,,,,,,,,,
10891,67,3,3,1,6.0,0,0.1,,,,,,,,,0.0,0.0,0.0,0.0,0.0,0.06
8443,63,3,3,6,540.0,6,6.0,,,,,,,,,1.0,11.0,15.0,-4.0,-0.67,-0.02
9839,59,3,3,2,17.0,0,0.2,,,,,,,,,3.0,0.0,2.0,-2.0,-10.59,-10.53
13538,63,3,3,0,,0,,,,,,,,,,,,,,,
1864,64,3,3,18,785.0,7,8.7,,,,,,,,,0.5,9.0,23.0,-14.0,-1.61,-0.93
1012,73,3,3,23,1498.0,16,16.6,,,,,,,,,1.61,21.0,29.0,-8.0,-0.48,-0.77
9368,61,3,3,31,2206.0,26,24.5,,,,,,,,,0.84,28.0,40.0,-12.0,-0.49,1.09
381,67,3,3,30,1902.0,24,21.1,,,,,,,,,1.17,39.0,34.0,5.0,0.24,0.78
4535,64,3,3,31,1970.0,20,21.9,,,,,,,,,0.61,29.0,59.0,-30.0,-1.37,-1.29
14566,68,3,3,22,378.0,2,4.2,,,,,,,,,1.45,3.0,2.0,1.0,0.24,0.1
721,63,3,3,23,1566.0,19,17.4,,,,,,,,,1.0,24.0,30.0,-6.0,-0.34,0.62
3194,72,3,3,5,121.0,1,1.3,,,,,,,,,1.2,1.0,2.0,-1.0,-0.74,-0.28
5192,63,3,3,2,174.0,2,1.9,,,,,,,,,1.5,4.0,5.0,-1.0,-0.52,0.14
5880,72,3,3,5,161.0,2,1.8,,,,,,,,,0.8,1.0,1.0,0.0,0.0,0.5
13814,64,3,3,10,396.0,5,4.4,,,,,,,,,0.4,6.0,10.0,-4.0,-0.91,0.0
8169,72,3,3,27,1747.0,17,19.4,,,,,,,,,1.19,22.0,35.0,-13.0,-0.67,-0.46
12116,68,3,3,0,,0,,,,,,,,,,,,,,,
5168,67,3,3,2,20.0,0,0.2,,,,,,,,,0.0,1.0,2.0,-1.0,-4.5,-4.47
12953,53,3,3,0,,0,,,,,,,,,,,,,,,
3198,68,3,3,22,1783.0,21,19.8,,,,,,,,,1.43,33.0,26.0,7.0,0.35,0.49
12192,67,3,3,27,1830.0,21,20.3,,,,,,,,,1.3,32.0,32.0,0.0,0.0,0.15
10668,64,3,3,32,2417.0,26,26.9,,,,,,,,,0.78,39.0,62.0,-23.0,-0.86,0.26
3870,52,3,3,27,1785.0,22,19.8,,,,,,,,,1.3,27.0,37.0,-10.0,-0.5,-0.08
5039,56,3,3,16,350.0,3,3.9,,,,,,,,,1.69,10.0,3.0,7.0,1.8,1.37
9071,66,3,3,0,,0,,,,,,,,,,,,,,,
4210,71,3,3,21,867.0,8,9.6,,,,,,,,,1.24,16.0,16.0,0.0,0.0,-0.45
7995,66,3,3,2,180.0,2,2.0,,,,,,,,,2.0,5.0,2.0,3.0,1.5,1.22
7982,70,3,3,21,922.0,11,10.2,,,,,,,,,0.9,8.0,11.0,-3.0,-0.29,0.13
8763,74,3,3,7,298.0,2,3.3,,,,,,,,,1.43,6.0,5.0,1.0,0.3,0.27
9912,59,3,3,19,965.0,11,10.7,,,,,,,,,1.74,11.0,18.0,-7.0,-0.65,-0.78
7997,64,3,3,26,1734.0,21,19.3,,,,,,,,,0.88,29.0,44.0,-15.0,-0.78,0.31
9760,59,3,3,25,1249.0,13,13.9,,,,,,,,,1.6,20.0,28.0,-8.0,-0.58,-0.78
13656,72,3,3,26,1670.0,19,18.6,,,,,,,,,1.08,24.0,34.0,-10.0,-0.54,-0.15
1330,71,3,3,18,1212.0,14,13.5,,,,,,,,,1.72,21.0,20.0,1.0,0.07,-0.41
6478,72,3,3,7,136.0,1,1.5,,,,,,,,,1.14,0.0,2.0,-2.0,-1.32,-0.89
7317,56,3,3,29,2259.0,27,25.1,,,,,,,,,1.62,53.0,35.0,18.0,0.72,0.49
4768,72,3,3,28,2520.0,28,28.0,,,,,,,,,1.21,31.0,37.0,-6.0,-0.21,1.45
3818,70,3,3,18,900.0,10,10.0,,,,,,,,,0.83,7.0,14.0,-7.0,-0.7,-0.45
9002,56,3,3,26,1616.0,18,18.0,,,,,,,,,1.46,32.0,27.0,5.0,0.28,-0.66
4285,68,3,3,1,1.0,0,0.0,,,,,,,,,3.0,0.0,0.0,0.0,0.0,-0.15
8870,70,3,3,30,2314.0,26,25.7,,,,,,,,,1.07,23.0,28.0,-5.0,-0.19,0.77
12249,59,3,3,2,46.0,0,0.5,,,,,,,,,1.5,0.0,1.0,-1.0,-1.96,-1.87
3396,63,3,3,8,290.0,6,3.2,,,,,,,,,0.88,2.0,8.0,-6.0,-1.86,-1.34
11596,67,3,3,27,1400.0,16,15.6,,,,,,,,,1.37,24.0,24.0,0.0,0.0,0.11
6105,70,3,3,7,453.0,5,5.0,,,,,,,,,1.0,5.0,4.0,1.0,0.2,0.68
8176,54,3,3,30,1637.0,17,18.2,,,,,,,,,2.4,53.0,21.0,32.0,1.76,-0.45
7453,66,3,3,34,3043.0,34,33.8,,,,,,,,,1.53,55.0,43.0,12.0,0.35,0.35
7546,58,3,3,9,765.0,8,8.5,,,,,,,,,2.11,18.0,12.0,6.0,0.71,0.08
489,53,3,3,0,,0,,,,,,,,,,,,,,,
6660,67,3,3,32,2578.0,30,28.6,,,,,,,,,1.41,51.0,47.0,4.0,0.14,1.26
1051,72,3,3,26,1534.0,17,17.0,,,,,,,,,1.27,18.0,26.0,-8.0,-0.47,0.0
11390,53,3,3,31,1684.0,19,18.7,,,,,,,,,2.0,47.0,27.0,20.0,1.07,0.48
13152,61,3,3,13,247.0,0,2.7,,,,,,,,,0.23,1.0,6.0,-5.0,-1.82,-1.12
14302,68,3,3,4,181.0,2,2.0,,,,,,,,,1.5,5.0,5.0,0.0,0.0,-0.16
7616,52,3,3,18,1297.0,15,14.4,,,,,,,,,1.28,20.0,24.0,-4.0,-0.28,0.34
10638,56,3,3,23,1982.0,23,22.0,,,,,,,,,1.39,37.0,32.0,5.0,0.23,-1.03
9996,73,3,3,0,,0,,,,,,,,,,,,,,,
12283,73,3,3,32,2834.0,32,31.5,,,,,,,,,1.59,51.0,50.0,1.0,0.03,1.62
7594,59,3,3,0,,0,,,,,,,,,,,,,,,
9762,54,3,3,0,,0,,,,,,,,,,,,,,,
9373,70,3,3,0,,0,,,,,,,,,,,,,,,
6166,61,3,3,33,2681.0,32,29.8,,,,,,,,,0.88,35.0,51.0,-16.0,-0.54,2.08
9374,64,3,3,12,306.0,3,3.4,,,,,,,,,0.92,2.0,11.0,-9.0,-2.65,-1.93
726,72,3,3,6,540.0,6,6.0,,,,,,,,,1.0,5.0,13.0,-8.0,-1.33,-1.05
8107,61,3,3,25,1153.0,13,12.8,,,,,,,,,0.6,14.0,26.0,-12.0,-0.94,-0.23
12311,70,3,3,0,,0,,,,,,,,,,,,,,,
10719,68,3,3,30,2084.0,20,23.2,,,,,,,,,1.47,38.0,36.0,2.0,0.09,-0.19
1915,68,3,3,33,2380.0,30,26.4,,,,,,,,,1.52,41.0,34.0,7.0,0.26,0.53
1501,66,3,3,27,762.0,5,8.5,,,,,,,,,1.56,15.0,10.0,5.0,0.59,0.32
13543,61,3,3,16,1182.0,14,13.1,,,,,,,,,1.13,11.0,22.0,-11.0,-0.84,-0.07
7784,59,3,3,21,801.0,8,8.9,,,,,,,,,1.95,11.0,10.0,1.0,0.11,0.31
973,58,3,3,0,,0,,,,,,,,,,,,,,,
1080,73,3,3,7,375.0,4,4.2,,,,,,,,,0.86,4.0,12.0,-8.0,-1.92,-2.09
1079,68,3,3,8,132.0,0,1.5,,,,,,,,,1.63,4.0,5.0,-1.0,-0.68,-0.87
10213,68,3,3,1,54.0,1,0.6,,,,,,,,,3.0,0.0,0.0,0.0,0.0,-0.15
14309,68,3,3,25,2150.0,25,23.9,,,,,,,,,1.6,38.0,28.0,10.0,0.42,0.91
2874,70,3,3,26,1250.0,14,13.9,,,,,,,,,0.96,10.0,18.0,-8.0,-0.58,-0.33
13606,67,3,3,1,59.0,0,0.7,,,,,,,,,0.0,0.0,3.0,-3.0,-4.58,-4.61
5563,55,3,3,32,2610.0,30,29.0,,,,,,,,,0.72,27.0,57.0,-30.0,-1.03,-0.23
13550,72,3,3,33,1164.0,11,12.9,,,,,,,,,1.21,12.0,19.0,-7.0,-0.54,-0.11
3859,58,3,3,30,2231.0,26,24.8,,,,,,,,,1.87,50.0,32.0,18.0,0.73,0.29
8110,63,3,3,11,927.0,11,10.3,,,,,,,,,0.91,15.0,22.0,-7.0,-0.68,-0.05
1148,74,3,3,12,535.0,4,5.9,,,,,,,,,1.17,9.0,9.0,0.0,0.0,-0.07
12123,72,3,3,15,852.0,11,9.5,,,,,,,,,0.8,12.0,14.0,-2.0,-0.21,0.36
13201,64,3,3,24,1323.0,15,14.7,,,,,,,,,0.79,23.0,28.0,-5.0,-0.34,1.01
4097,70,3,3,32,2827.0,32,31.4,,,,,,,,,0.81,24.0,41.0,-17.0,-0.54,-2.09
1356,63,3,3,30,2585.0,29,28.7,,,,,,,,,1.03,40.0,50.0,-10.0,-0.35,1.93
6421,73,3,3,28,2204.0,26,24.5,,,,,,,,,1.57,38.0,35.0,3.0,0.12,0.75
13982,67,3,3,0,,0,,,,,,,,,,,,,,,
7161,54,3,3,14,876.0,9,9.7,,,,,,,,,2.21,26.0,12.0,14.0,1.44,-0.75
10804,73,3,3,26,2106.0,25,23.4,,,,,,,,,1.65,38.0,37.0,1.0,0.04,0.42
3940,70,3,3,0,,0,,,,,,,,,,,,,,,
11326,71,3,3,10,290.0,4,3.2,,,,,,,,,1.3,7.0,5.0,2.0,0.62,0.33
1556,53,3,3,0,,0,,,,,,,,,,,,,,,
8168,71,3,3,12,852.0,11,9.5,,,,,,,,,1.58,17.0,15.0,2.0,0.21,-0.16
4522,70,3,3,1,1.0,0,0.0,,,,,,,,,3.0,1.0,0.0,1.0,90.0,90.41
1264,71,3,3,32,2741.0,31,30.5,,,,,,,,,1.38,52.0,51.0,1.0,0.03,-2.79
7688,67,3,3,31,1551.0,16,17.2,,,,,,,,,1.23,23.0,34.0,-11.0,-0.64,-1.18
7986,63,3,3,0,,0,,,,,,,,,,,,,,,
14379,59,3,3,0,,0,,,,,,,,,,,,,,,
10808,56,3,3,15,1053.0,12,11.7,,,,,,,,,2.07,27.0,18.0,9.0,0.77,0.28
9710,74,3,3,20,1219.0,14,13.5,,,,,,,,,1.25,25.0,20.0,5.0,0.37,0.52
2999,56,3,3,12,781.0,8,8.7,,,,,,,,,2.33,28.0,11.0,17.0,1.96,1.84
10810,67,3,3,0,,0,,,,,,,,,,,,,,,
1636,63,3,3,0,,0,,,,,,,,,,,,,,,
5319,63,3,3,22,821.0,6,9.1,,,,,,,,,0.91,16.0,17.0,-1.0,-0.11,0.73
6887,53,3,3,33,2970.0,33,33.0,,,,,,,,,2.0,71.0,43.0,28.0,0.85,-0.15
3730,53,3,3,29,2507.0,29,27.9,,,,,,,,,1.93,58.0,37.0,21.0,0.75,-0.55
9521,54,3,3,8,256.0,2,2.8,,,,,,,,,2.13,6.0,3.0,3.0,1.05,-1.0
10496,53,3,3,27,1359.0,17,15.1,,,,,,,,,1.93,29.0,14.0,15.0,0.99,0.25
9333,53,3,3,15,584.0,7,6.5,,,,,,,,,2.4,17.0,10.0,7.0,1.08,0.28
1583,58,3,3,31,2704.0,31,30.0,,,,,,,,,1.74,57.0,39.0,18.0,0.6,-0.41
10935,61,3,3,1,22.0,0,0.2,,,,,,,,,0.0,0.0,1.0,-1.0,-4.09,-3.32
3327,61,3,3,1,4.0,0,0.0,,,,,,,,,0.0,0.0,1.0,-1.0,-22.5,-21.73
11607,52,3,3,34,1686.0,19,18.7,,,,,,,,,1.26,25.0,29.0,-4.0,-0.21,0.57
13863,63,3,3,12,375.0,3,4.2,,,,,,,,,0.75,8.0,10.0,-2.0,-0.48,0.19
10233,55,3,3,0,,0,,,,,,,,,,,,,,,
6767,64,3,3,11,737.0,9,8.2,,,,,,,,,0.91,14.0,17.0,-3.0,-0.37,0.72
13497,74,3,3,32,1884.0,23,20.9,,,,,,,,,1.16,29.0,29.0,0.0,0.0,-0.15
7569,73,3,3,19,252.0,1,2.8,,,,,,,,,1.63,7.0,5.0,2.0,0.71,0.87
1784,63,3,3,13,609.0,7,6.8,,,,,,,,,0.85,12.0,17.0,-5.0,-0.74,-0.11
8546,72,3,3,15,561.0,6,6.2,,,,,,,,,1.47,6.0,9.0,-3.0,-0.48,-0.01
11084,61,3,3,30,2616.0,30,29.1,,,,,,,,,0.87,32.0,53.0,-21.0,-0.72,0.49
7694,58,3,3,26,2295.0,26,25.5,,,,,,,,,1.69,50.0,34.0,16.0,0.63,-0.08
11603,70,3,3,33,2881.0,33,32.0,,,,,,,,,0.97,27.0,38.0,-11.0,-0.34,0.66
2639,72,3,3,26,1740.0,20,19.3,,,,,,,,,1.38,20.0,28.0,-8.0,-0.41,0.13
13798,58,3,3,30,2274.0,26,25.3,,,,,,,,,1.9,54.0,34.0,20.0,0.79,0.56
8683,67,3,3,26,1903.0,24,21.1,,,,,,,,,1.35,38.0,38.0,0.0,0.0,0.16
13237,54,3,3,1,90.0,1,1.0,,,,,,,,,3.0,5.0,0.0,5.0,5.0,3.12
3339,71,3,3,27,1726.0,20,19.2,,,,,,,,,1.37,36.0,31.0,5.0,0.26,-0.14
3265,54,3,3,20,1759.0,20,19.5,,,,,,,,,2.5,60.0,16.0,44.0,2.25,0.66
6843,54,3,3,8,720.0,8,8.0,,,,,,,,,1.88,21.0,12.0,9.0,1.13,-1.11
2265,58,3,3,20,675.0,6,7.5,,,,,,,,,1.4,17.0,7.0,10.0,1.33,0.88
7125,71,3,3,26,1834.0,19,20.4,,,,,,,,,1.73,38.0,32.0,6.0,0.29,-0.07
12926,70,3,3,13,872.0,11,9.7,,,,,,,,,0.77,6.0,13.0,-7.0,-0.72,-0.48
8742,68,3,3,6,429.0,4,4.8,,,,,,,,,1.33,9.0,9.0,0.0,0.0,-0.17
12377,52,3,3,8,305.0,3,3.4,,,,,,,,,0.5,3.0,12.0,-9.0,-2.66,-2.43
10838,70,3,3,33,2969.0,33,33.0,,,,,,,,,0.94,26.0,39.0,-13.0,-0.39,-0.39
3330,74,3,3,29,2461.0,27,27.3,,,,,,,,,1.34,45.0,42.0,3.0,0.11,0.26
10131,73,3,3,14,1029.0,11,11.4,,,,,,,,,0.93,19.0,25.0,-6.0,-0.52,-0.66
10850,66,3,3,15,364.0,2,4.0,,,,,,,,,1.27,6.0,8.0,-2.0,-0.49,-0.96
1589,68,3,3,28,1572.0,18,17.5,,,,,,,,,1.36,31.0,30.0,1.0,0.06,-0.18
14493,72,3,3,17,718.0,7,8.0,,,,,,,,,0.94,7.0,10.0,-3.0,-0.38,0.12
4833,66,3,3,1,4.0,0,0.0,,,,,,,,,0.0,0.0,0.0,0.0,0.0,-0.35
4832,54,3,3,4,24.0,0,0.3,,,,,,,,,3.0,0.0,0.0,0.0,0.0,-1.99
7702,72,3,3,18,1367.0,16,15.2,,,,,,,,,1.0,12.0,19.0,-7.0,-0.46,0.02
7704,72,3,3,4,61.0,0,0.7,,,,,,,,,0.25,1.0,1.0,0.0,0.0,0.48
8256,68,3,3,0,,0,,,,,,,,,,,,,,,
1626,74,3,3,14,556.0,6,6.2,,,,,,,,,1.21,7.0,13.0,-6.0,-0.97,-1.26
12126,70,3,3,12,407.0,5,4.5,,,,,,,,,0.58,2.0,8.0,-6.0,-1.33,-1.09
3872,58,3,3,8,196.0,1,2.2,,,,,,,,,1.63,1.0,9.0,-8.0,-3.67,-4.62
5378,70,3,3,33,2970.0,33,33.0,,,,,,,,,0.97,26.0,38.0,-12.0,-0.36,0.64
10051,68,3,3,0,,0,,,,,,,,,,,,,,,
11447,61,3,3,29,1771.0,20,19.7,,,,,,,,,0.72,18.0,38.0,-20.0,-1.02,-0.53
7814,56,3,3,2,16.0,0,0.2,,,,,,,,,2.0,0.0,1.0,-1.0,-5.63,-6.25
7323,67,3,3,33,2881.0,33,32.0,,,,,,,,,1.27,49.0,54.0,-5.0,-0.16,-1.66
13568,64,3,3,25,2250.0,25,25.0,,,,,,,,,0.68,37.0,61.0,-24.0,-0.96,-0.18
10553,66,3,3,23,704.0,7,7.8,,,,,,,,,1.35,9.0,8.0,1.0,0.13,-0.29
10159,73,3,3,32,2868.0,32,31.9,,,,,,,,,1.5,50.0,52.0,-2.0,-0.06,0.41
10899,59,3,3,3,80.0,0,0.9,,,,,,,,,1.33,0.0,1.0,-1.0,-1.13,-1.03
10900,70,3,3,19,1160.0,13,12.9,,,,,,,,,0.95,10.0,12.0,-2.0,-0.16,0.37
12943,66,3,3,27,504.0,3,5.6,,,,,,,,,1.48,5.0,6.0,-1.0,-0.18,-0.64
11384,74,3,3,29,1770.0,22,19.7,,,,,,,,,1.31,31.0,31.0,0.0,0.0,-0.14
6848,74,3,3,31,1966.0,21,21.8,,,,,,,,,1.19,30.0,31.0,-1.0,-0.05,-0.29
4612,53,3,3,31,2351.0,25,26.1,,,,,,,,,1.94,58.0,32.0,26.0,1.0,0.61
2892,55,3,3,28,1153.0,11,12.8,,,,,,,,,0.75,14.0,40.0,-26.0,-2.03,-1.65
9845,55,3,3,33,2706.0,32,30.1,,,,,,,,,0.67,27.0,64.0,-37.0,-1.23,-1.99
9212,52,3,3,32,2144.0,28,23.8,,,,,,,,,1.34,21.0,32.0,-11.0,-0.46,0.03
10604,71,3,3,28,1622.0,17,18.0,,,,,,,,,1.36,39.0,28.0,11.0,0.61,0.61
6428,72,3,3,23,1263.0,17,14.0,,,,,,,,,1.13,15.0,22.0,-7.0,-0.5,-0.05
5166,53,3,3,33,2888.0,33,32.1,,,,,,,,,2.06,69.0,39.0,30.0,0.93,1.46
7340,70,3,3,0,,0,,,,,,,,,,,,,,,
4058,63,3,3,8,313.0,3,3.5,,,,,,,,,1.13,4.0,9.0,-5.0,-1.44,-0.88
2868,71,3,3,2,29.0,0,0.3,,,,,,,,,3.0,2.0,1.0,1.0,3.1,2.81
3212,64,3,3,18,1541.0,18,17.1,,,,,,,,,0.94,28.0,39.0,-11.0,-0.64,0.54
12185,66,3,3,32,2880.0,32,32.0,,,,,,,,,1.5,50.0,41.0,9.0,0.28,-1.22
2396,52,3,3,15,1221.0,15,13.6,,,,,,,,,1.33,10.0,12.0,-2.0,-0.15,0.54
2399,74,3,3,7,522.0,5,5.8,,,,,,,,,1.43,12.0,12.0,0.0,0.0,-0.07
9970,73,3,3,34,3060.0,34,34.0,,,,,,,,,1.5,54.0,57.0,-3.0,-0.09,
8172,68,3,3,0,,0,,,,,,,,,,,,,,,
2195,61,3,3,15,958.0,10,10.6,,,,,,,,,1.07,13.0,16.0,-3.0,-0.28,0.75
8657,63,3,3,0,,0,,,,,,,,,,,,,,,
8800,73,3,3,0,,0,,,,,,,,,,,,,,,
6071,100,4,1,2,63.0,1,0.7,,,,,,,,,0.0,0.0,0.0,0.0,0.0,0.03
11005,85,4,1,13,592.0,6,6.6,,,,,,,,,1.08,2.0,11.0,-9.0,-1.37,-0.76
13278,94,4,1,38,2189.0,24,24.3,,,,,,,,,1.66,31.0,24.0,7.0,0.29,-0.08
2554,80,4,1,1,15.0,0,0.2,,,,,,,,,0.0,0.0,1.0,-1.0,-6.0,-5.15
4653,86,4,1,31,2425.0,25,26.9,,,,,,,,,1.94,53.0,30.0,23.0,0.85,0.31
9198,88,4,1,0,,0,,,,,,,,,,,,,,,
14317,75,4,1,6,144.0,1,1.6,,,,,,,,,1.17,2.0,4.0,-2.0,-1.25,-1.88
9977,77,4,1,32,1542.0,18,17.1,,,,,,,,,1.5,23.0,26.0,-3.0,-0.18,-0.51
4389,80,4,1,23,817.0,7,9.1,,,,,,,,,0.78,9.0,13.0,-4.0,-0.44,0.56
4390,94,4,1,0,,0,,,,,,,,,,,,,,,
8555,86,4,1,0,,0,,,,,,,,,,,,,,,
7623,98,4,1,34,2131.0,23,23.7,,,,,,,,,0.74,20.0,38.0,-18.0,-0.76,0.15
10991,99,4,1,19,876.0,9,9.7,,,,,,,,,1.53,9.0,7.0,2.0,0.21,0.24
3885,80,4,1,23,1653.0,17,18.4,,,,,,,,,0.61,13.0,30.0,-17.0,-0.93,-0.11
3681,86,4,1,0,,0,,,,,,,,,,,,,,,
6338,81,4,1,24,1356.0,16,15.1,,,,,,,,,1.29,17.0,20.0,-3.0,-0.2,0.19
8580,88,4,1,35,2442.0,27,27.1,,,,,,,,,1.94,49.0,19.0,30.0,1.11,1.11
11332,95,4,1,0,,0,,,,,,,,,,,,,,,
298,97,4,1,22,368.0,1,4.1,,,,,,,,,0.86,6.0,9.0,-3.0,-0.73,-0.41
8304,82,4,1,0,,0,,,,,,,,,,,,,,,
14269,77,4,1,0,,0,,,,,,,,,,,,,,,
7575,98,4,1,30,2372.0,26,26.4,,,,,,,,,0.73,21.0,42.0,-21.0,-0.8,0.06
2157,85,4,1,1,58.0,1,0.6,,,,,,,,,0.0,2.0,3.0,-1.0,-1.55,-0.83
2159,96,4,1,26,2086.0,25,23.2,,,,,,,,,0.62,17.0,42.0,-25.0,-1.08,0.41
4129,98,4,1,31,2639.0,31,29.3,,,,,,,,,0.75,22.0,42.0,-20.0,-0.68,0.59
13043,82,4,1,29,1998.0,24,22.2,,,,,,,,,1.41,29.0,27.0,2.0,0.09,-0.42
3531,88,4,1,0,,0,,,,,,,,,,,,,,,
4385,88,4,1,38,2958.0,35,32.9,,,,,,,,,1.95,48.0,24.0,24.0,0.73,-0.44
9584,77,4,1,0,,0,,,,,,,,,,,,,,,
12589,81,4,1,0,,0,,,,,,,,,,,,,,,
6188,97,4,1,2,52.0,0,0.6,,,,,,,,,1.5,2.0,1.0,1.0,1.73,2.13
9095,88,4,1,16,594.0,6,6.6,,,,,,,,,1.75,7.0,6.0,1.0,0.15,-0.77
13917,90,4,1,9,306.0,2,3.4,,,,,,,,,0.89,6.0,8.0,-2.0,-0.59,-0.53
9237,77,4,1,21,1530.0,18,17.0,,,,,,,,,1.24,22.0,24.0,-2.0,-0.12,-0.4
13617,100,4,1,36,1211.0,12,13.5,,,,,,,,,1.28,12.0,16.0,-4.0,-0.3,-0.42
12637,80,4,1,13,727.0,7,8.1,,,,,,,,,0.31,6.0,11.0,-5.0,-0.62,0.32
7916,89,4,1,21,728.0,7,8.1,,,,,,,,,1.19,9.0,10.0,-1.0,-0.12,0.28
7909,86,4,1,20,592.0,5,6.6,,,,,,,,,2.05,9.0,10.0,-1.0,-0.15,-1.11
3917,96,4,1,25,2250.0,25,25.0,,,,,,,,,0.48,11.0,39.0,-28.0,-1.12,0.34
13688,96,4,1,37,3061.0,35,34.0,,,,,,,,,0.51,23.0,64.0,-41.0,-1.21,0.3
2306,90,4,1,35,3083.0,35,34.3,,,,,,,,,1.4,45.0,46.0,-1.0,-0.03,0.77
7423,97,4,1,10,545.0,5,6.1,,,,,,,,,1.4,6.0,11.0,-5.0,-0.83,-0.54
6022,80,4,1,2,96.0,1,1.1,,,,,,,,,0.0,0.0,2.0,-2.0,-1.87,-1.04
10647,77,4,1,0,,0,,,,,,,,,,,,,,,
10537,81,4,1,19,940.0,8,10.4,,,,,,,,,1.21,8.0,14.0,-6.0,-0.57,-0.36
10538,97,4,1,18,819.0,7,9.1,,,,,,,,,1.39,9.0,19.0,-10.0,-1.1,-0.96
13502,75,4,1,3,41.0,0,0.5,,,,,,,,,2.0,1.0,1.0,0.0,0.0,-0.56
13689,81,4,1,26,1772.0,24,19.7,,,,,,,,,1.15,17.0,23.0,-6.0,-0.3,0.02
4834,94,4,1,0,,0,,,,,,,,,,,,,,,
4617,75,4,1,10,523.0,5,5.8,,,,,,,,,1.8,6.0,8.0,-2.0,-0.34,-1.06
7953,89,4,1,36,1636.0,19,18.2,,,,,,,,,0.97,14.0,20.0,-6.0,-0.33,0.02
4492,81,4,1,35,2263.0,28,25.1,,,,,,,,,1.17,24.0,27.0,-3.0,-0.12,0.58
1367,85,4,1,1,25.0,0,0.3,,,,,,,,,0.0,0.0,1.0,-1.0,-3.6,-2.88
1364,82,4,1,30,1799.0,21,20.0,,,,,,,,,1.33,25.0,26.0,-1.0,-0.05,-0.66
1090,90,4,1,9,338.0,3,3.8,,,,,,,,,1.11,4.0,9.0,-5.0,-1.33,-1.36
13696,87,4,1,3,109.0,2,1.2,,,,,,,,,1.0,0.0,2.0,-2.0,-1.65,-2.33
4658,77,4,1,1,90.0,1,1.0,,,,,,,,,3.0,3.0,0.0,3.0,3.0,2.97
10732,86,4,1,35,2613.0,31,29.0,,,,,,,,,1.8,51.0,31.0,20.0,0.69,-0.31
4018,87,4,1,3,158.0,3,1.8,,,,,,,,,3.0,4.0,4.0,0.0,0.0,-0.63
10368,77,4,1,32,1960.0,26,21.8,,,,,,,,,1.59,26.0,31.0,-5.0,-0.23,-0.78
4329,89,4,1,37,3330.0,37,37.0,,,,,,,,,0.97,33.0,44.0,-11.0,-0.3,1.7
13660,88,4,1,25,513.0,4,5.7,,,,,,,,,2.0,5.0,6.0,-1.0,-0.18,-1.14
9586,100,4,1,0,,0,,,,,,,,,,,,,,,
404,80,4,1,1,16.0,0,0.2,,,,,,,,,0.0,0.0,0.0,0.0,0.0,0.87
518,86,4,1,29,2157.0,26,24.0,,,,,,,,,1.9,42.0,25.0,17.0,0.71,-0.15
12988,98,4,1,19,1189.0,15,13.2,,,,,,,,,0.89,12.0,22.0,-10.0,-0.76,0.09
2139,99,4,1,2,64.0,1,0.7,,,,,,,,,1.0,0.0,2.0,-2.0,-2.81,-2.89
12208,100,4,1,28,2484.0,28,27.6,,,,,,,,,1.5,38.0,31.0,7.0,0.25,1.02
7348,98,4,1,1,10.0,0,0.1,,,,,,,,,0.0,0.0,1.0,-1.0,-9.0,-8.21
11834,86,4,1,18,496.0,3,5.5,,,,,,,,,2.0,10.0,8.0,2.0,0.36,-0.47
1095,94,4,1,31,1146.0,11,12.7,,,,,,,,,1.58,19.0,17.0,2.0,0.16,-0.24
9025,80,4,1,15,998.0,11,11.1,,,,,,,,,0.87,9.0,21.0,-12.0,-1.08,-0.3
9026,82,4,1,2,93.0,1,1.0,,,,,,,,,1.5,2.0,2.0,0.0,0.0,-0.27
4464,100,4,1,0,,0,,,,,,,,,,,,,,,
5782,75,4,1,28,2007.0,24,22.3,,,,,,,,,1.82,38.0,21.0,17.0,0.76,0.51
522,85,4,1,0,,0,,,,,,,,,,,,,,,
3577,97,4,1,26,1866.0,22,20.7,,,,,,,,,1.12,30.0,32.0,-2.0,-0.1,0.6
1768,96,4,1,15,1198.0,15,13.3,,,,,,,,,0.6,8.0,20.0,-12.0,-0.9,0.52
1767,91,4,1,3,166.0,2,1.8,,,,,,,,,1.33,3.0,4.0,-1.0,-0.54,-1.93
4162,99,4,1,0,,0,,,,,,,,,,,,,,,
9868,89,4,1,0,,0,,,,,,,,,,,,,,,
8307,76,4,1,0,,0,,,,,,,,,,,,,,,
9027,88,4,1,1,1.0,0,0.0,,,,,,,,,3.0,0.0,0.0,0.0,0.0,-0.79
13697,76,4,1,0,,0,,,,,,,,,,,,,,,
10736,98,4,1,0,,0,,,,,,,,,,,,,,,
1974,100,4,1,33,2129.0,23,23.7,,,,,,,,,1.27,25.0,31.0,-6.0,-0.25,-0.6
9587,80,4,1,25,2132.0,22,23.7,,,,,,,,,0.6,26.0,46.0,-20.0,-0.84,0.06
527,82,4,1,7,153.0,2,1.7,,,,,,,,,1.71,3.0,1.0,2.0,1.18,0.96
6032,100,4,1,32,2728.0,32,30.3,,,,,,,,,1.19,34.0,38.0,-4.0,-0.13,-0.52
2788,82,4,1,33,2551.0,30,28.3,,,,,,,,,1.55,37.0,35.0,2.0,0.07,-0.76
12591,90,4,1,31,1400.0,14,15.6,,,,,,,,,1.45,17.0,25.0,-8.0,-0.51,-0.69
7903,89,4,1,11,461.0,5,5.1,,,,,,,,,1.09,4.0,5.0,-1.0,-0.2,0.17
9032,89,4,1,0,,0,,,,,,,,,,,,,,,
752,89,4,1,35,2376.0,26,26.4,,,,,,,,,1.0,22.0,29.0,-7.0,-0.27,0.25
11657,94,4,1,0,,0,,,,,,,,,,,,,,,
6439,76,4,1,23,782.0,5,8.7,,,,,,,,,1.57,19.0,14.0,5.0,0.58,0.13
3920,95,4,1,24,832.0,9,9.2,,,,,,,,,1.21,15.0,13.0,2.0,0.22,0.77
4968,82,4,1,30,1911.0,21,21.2,,,,,,,,,1.5,28.0,25.0,3.0,0.14,-0.28
4335,95,4,1,24,1119.0,12,12.4,,,,,,,,,0.88,9.0,14.0,-5.0,-0.4,-0.05
14146,90,4,1,4,60.0,0,0.7,,,,,,,,,0.75,2.0,2.0,0.0,0.0,0.11
7632,77,4,1,13,902.0,9,10.0,,,,,,,,,1.23,16.0,17.0,-1.0,-0.1,-0.28
8145,87,4,1,16,879.0,9,9.8,,,,,,,,,2.06,20.0,10.0,10.0,1.02,0.56
4100,95,4,1,28,866.0,9,9.6,,,,,,,,,1.29,13.0,16.0,-3.0,-0.31,0.08
10845,86,4,1,0,,0,,,,,,,,,,,,,,,
11934,95,4,1,0,,0,,,,,,,,,,,,,,,
9873,98,4,1,37,2771.0,36,30.8,,,,,,,,,0.82,28.0,49.0,-21.0,-0.68,0.7
3734,94,4,1,22,992.0,10,11.0,,,,,,,,,1.77,12.0,13.0,-1.0,-0.09,-0.57
1097,75,4,1,0,,0,,,,,,,,,,,,,,,
6304,85,4,1,6,288.0,2,3.2,,,,,,,,,0.33,2.0,4.0,-2.0,-0.62,0.12
3573,95,4,1,31,2250.0,24,25.0,,,,,,,,,1.13,31.0,44.0,-13.0,-0.52,-0.44
3224,85,4,1,0,,0,,,,,,,,,,,,,,,
4337,89,4,1,0,,0,,,,,,,,,,,,,,,
4790,86,4,1,0,,0,,,,,,,,,,,,,,,
7152,82,4,1,6,229.0,1,2.5,,,,,,,,,1.5,4.0,1.0,3.0,1.18,0.98
5113,87,4,1,30,2634.0,30,29.3,,,,,,,,,1.77,41.0,31.0,10.0,0.34,-1.15
3674,95,4,1,24,1683.0,19,18.7,,,,,,,,,1.17,24.0,30.0,-6.0,-0.32,0.09
9007,86,4,1,28,1770.0,19,19.7,,,,,,,,,1.79,35.0,27.0,8.0,0.41,-0.74
7637,97,4,1,0,,0,,,,,,,,,,,,,,,
2766,80,4,1,29,980.0,7,10.9,,,,,,,,,0.62,10.0,23.0,-13.0,-1.19,-0.46
532,99,4,1,34,2721.0,30,30.2,,,,,,,,,1.41,35.0,30.0,5.0,0.17,0.68
8147,100,4,1,2,16.0,0,0.2,,,,,,,,,0.0,0.0,1.0,-1.0,-5.63,-5.63
1572,82,4,1,28,1432.0,15,15.9,,,,,,,,,1.5,25.0,17.0,8.0,0.5,0.41
8232,81,4,1,12,587.0,5,6.5,,,,,,,,,0.5,6.0,9.0,-3.0,-0.46,-0.17
4339,85,4,1,0,,0,,,,,,,,,,,,,,,
3225,75,4,1,25,1690.0,21,18.8,,,,,,,,,1.72,35.0,25.0,10.0,0.53,-0.04
9675,98,4,1,20,1253.0,13,13.9,,,,,,,,,1.1,10.0,22.0,-12.0,-0.86,-0.07
8388,90,4,1,31,2353.0,27,26.1,,,,,,,,,1.65,36.0,33.0,3.0,0.11,0.71
5250,86,4,1,33,2363.0,28,26.3,,,,,,,,,2.06,56.0,25.0,31.0,1.18,1.35
10185,94,4,1,15,696.0,8,7.7,,,,,,,,,1.33,5.0,10.0,-5.0,-0.65,-1.21
10741,81,4,1,28,1285.0,12,14.3,,,,,,,,,1.32,19.0,12.0,7.0,0.49,1.29
1098,77,4,1,32,2170.0,25,24.1,,,,,,,,,1.38,30.0,28.0,2.0,0.08,-0.06
9591,88,4,1,20,256.0,1,2.8,,,,,,,,,1.85,6.0,2.0,4.0,1.41,0.67
11659,98,4,1,0,,0,,,,,,,,,,,,,,,
1383,95,4,1,35,2726.0,32,30.3,,,,,,,,,1.17,41.0,46.0,-5.0,-0.17,1.0
248,97,4,1,0,,0,,,,,,,,,,,,,,,
8148,95,4,1,0,,0,,,,,,,,,,,,,,,
3836,98,4,1,0,,0,,,,,,,,,,,,,,,
4994,90,4,1,37,2441.0,32,27.1,,,,,,,,,1.38,33.0,42.0,-9.0,-0.33,-0.79
4667,96,4,1,15,1094.0,13,12.2,,,,,,,,,0.4,6.0,20.0,-14.0,-1.15,0.13
4664,81,4,1,21,1708.0,20,19.0,,,,,,,,,1.19,22.0,22.0,0.0,0.0,0.63
1102,90,4,1,4,167.0,1,1.9,,,,,,,,,0.0,2.0,7.0,-5.0,-2.69,-2.72
4710,90,4,1,3,66.0,0,0.7,,,,,,,,,2.0,1.0,0.0,1.0,1.36,1.5
13930,86,4,1,5,25.0,0,0.3,,,,,,,,,0.8,1.0,1.0,0.0,0.0,-0.77
9041,80,4,1,27,2430.0,27,27.0,,,,,,,,,0.78,25.0,47.0,-22.0,-0.81,0.19
10745,88,4,1,29,2437.0,27,27.1,,,,,,,,,1.86,38.0,24.0,14.0,0.52,-0.95
13699,89,4,1,1,13.0,0,0.1,,,,,,,,,0.0,0.0,0.0,0.0,0.0,0.34
12038,100,4,1,0,,0,,,,,,,,,,,,,,,
9986,80,4,1,27,1412.0,14,15.7,,,,,,,,,0.78,19.0,29.0,-10.0,-0.64,0.39
4860,82,4,1,15,718.0,7,8.0,,,,,,,,,1.67,17.0,8.0,9.0,1.13,1.09
3038,88,4,1,29,1921.0,26,21.3,,,,,,,,,1.97,37.0,15.0,22.0,1.03,0.55
3309,85,4,1,0,,0,,,,,,,,,,,,,,,
11660,89,4,1,2,43.0,0,0.5,,,,,,,,,1.5,1.0,1.0,0.0,0.0,0.35
4342,85,4,1,22,1417.0,18,15.7,,,,,,,,,0.73,16.0,24.0,-8.0,-0.51,0.39
1615,89,4,1,34,1812.0,20,20.1,,,,,,,,,0.91,13.0,27.0,-14.0,-0.7,-0.75
3922,97,4,1,19,515.0,5,5.7,,,,,,,,,0.95,8.0,9.0,-1.0,-0.17,0.23
14610,94,4,1,24,1504.0,16,16.7,,,,,,,,,1.79,22.0,17.0,5.0,0.3,-0.03
406,100,4,1,0,,0,,,,,,,,,,,,,,,
9987,82,4,1,5,450.0,5,5.0,,,,,,,,,2.6,13.0,3.0,10.0,2.0,2.0
8575,94,4,1,0,,0,,,,,,,,,,,,,,,
4345,87,4,1,21,852.0,6,9.5,,,,,,,,,1.81,14.0,10.0,4.0,0.42,-0.24
9677,85,4,1,0,,0,,,,,,,,,,,,,,,
14112,80,4,1,16,983.0,14,10.9,,,,,,,,,0.81,5.0,20.0,-15.0,-1.37,-0.71
8869,76,4,1,0,,0,,,,,,,,,,,,,,,
3,99,4,1,0,,0,,,,,,,,,,,,,,,
3638,80,4,1,0,,0,,,,,,,,,,,,,,,
2939,80,4,1,32,1060.0,10,11.8,,,,,,,,,0.72,18.0,20.0,-2.0,-0.17,1.01
13599,98,4,1,8,139.0,0,1.5,,,,,,,,,0.22,0.0,3.0,-3.0,-1.94,-1.17
869,85,4,1,0,,0,,,,,,,,,,,,,,,
9679,89,4,1,0,,0,,,,,,,,,,,,,,,
11353,90,4,1,36,2753.0,31,30.6,,,,,,,,,1.44,42.0,35.0,7.0,0.23,1.71
10748,100,4,1,1,32.0,0,0.4,,,,,,,,,0.0,0.0,1.0,-1.0,-2.81,-2.81
11062,96,4,1,16,1384.0,15,15.4,,,,,,,,,0.44,6.0,25.0,-19.0,-1.24,0.0
8150,90,4,1,0,,0,,,,,,,,,,,,,,,
8313,89,4,1,33,1515.0,18,16.8,,,,,,,,,0.97,20.0,18.0,2.0,0.12,0.83
9595,76,4,1,0,,0,,,,,,,,,,,,,,,
1107,90,4,1,27,948.0,10,10.5,,,,,,,,,1.22,16.0,12.0,4.0,0.38,0.67
9680,87,4,1,0,,0,,,,,,,,,,,,,,,
1109,97,4,1,35,3150.0,35,35.0,,,,,,,,,1.26,45.0,55.0,-10.0,-0.29,1.05
1111,96,4,1,1,23.0,0,0.3,,,,,,,,,0.0,0.0,1.0,-1.0,-3.91,-2.69
10779,96,4,1,0,,0,,,,,,,,,,,,,,,
3413,85,4,1,19,1177.0,11,13.1,,,,,,,,,1.0,8.0,16.0,-8.0,-0.61,0.19
617,86,4,1,1,26.0,0,0.3,,,,,,,,,3.0,0.0,0.0,0.0,0.0,-0.77
6618,86,4,1,26,950.0,12,10.6,,,,,,,,,1.77,13.0,12.0,1.0,0.09,-0.93
539,85,4,1,1,6.0,0,0.1,,,,,,,,,0.0,0.0,0.0,0.0,0.0,0.74
7991,95,4,1,35,2892.0,34,32.1,,,,,,,,,1.11,42.0,57.0,-15.0,-0.47,-0.64
586,90,4,1,1,90.0,1,1.0,,,,,,,,,0.0,0.0,3.0,-3.0,-3.0,-2.97
2173,94,4,1,36,2938.0,34,32.6,,,,,,,,,1.67,36.0,27.0,9.0,0.28,-0.28
3575,95,4,1,7,296.0,4,3.3,,,,,,,,,1.14,2.0,3.0,-1.0,-0.3,0.07
5071,81,4,1,0,,0,,,,,,,,,,,,,,,
7212,87,4,1,31,2078.0,24,23.1,,,,,,,,,2.03,34.0,15.0,19.0,0.82,0.55
10002,96,4,1,12,618.0,9,6.9,,,,,,,,,0.58,5.0,6.0,-1.0,-0.15,1.33
3345,86,4,1,0,,0,,,,,,,,,,,,,,,
9043,90,4,1,8,290.0,3,3.2,,,,,,,,,1.5,3.0,7.0,-4.0,-1.24,-1.24
3042,86,4,1,15,733.0,8,8.1,,,,,,,,,1.8,19.0,12.0,7.0,0.86,0.12
8391,97,4,1,5,316.0,5,3.5,,,,,,,,,1.4,2.0,4.0,-2.0,-0.57,-0.22
2749,87,4,1,0,,0,,,,,,,,,,,,,,,
4543,95,4,1,27,2195.0,23,24.4,,,,,,,,,1.0,29.0,39.0,-10.0,-0.41,-0.12
3034,87,4,1,37,3184.0,35,35.4,,,,,,,,,1.95,53.0,25.0,28.0,0.79,2.7
3688,94,4,1,0,,0,,,,,,,,,,,,,,,
9597,86,4,1,31,2025.0,24,22.5,,,,,,,,,1.84,30.0,22.0,8.0,0.36,-1.0
7214,85,4,1,11,444.0,3,4.9,,,,,,,,,0.42,3.0,11.0,-8.0,-1.62,-1.02
11469,85,4,1,23,1632.0,20,18.1,,,,,,,,,1.08,16.0,27.0,-11.0,-0.61,0.25
2442,75,4,1,32,1116.0,9,12.4,,,,,,,,,1.78,19.0,18.0,1.0,0.08,-0.7
8910,96,4,1,2,44.0,0,0.5,,,,,,,,,0.5,0.0,1.0,-1.0,-2.05,-0.82
5974,95,4,1,0,,0,,,,,,,,,,,,,,,
13702,76,4,1,1,4.0,0,0.0,,,,,,,,,3.0,1.0,0.0,1.0,22.5,22.05
9682,87,4,1,17,1042.0,11,11.6,,,,,,,,,2.18,17.0,8.0,9.0,0.78,0.25
8315,77,4,1,15,672.0,6,7.5,,,,,,,,,1.27,10.0,11.0,-1.0,-0.13,-0.3
7853,81,4,1,14,1024.0,12,11.4,,,,,,,,,1.0,9.0,17.0,-8.0,-0.7,-0.55
5177,97,4,1,27,1167.0,13,13.0,,,,,,,,,1.26,13.0,24.0,-11.0,-0.85,-0.73
3651,81,4,1,1,3.0,0,0.0,,,,,,,,,0.0,0.0,1.0,-1.0,-30.0,-29.71
5975,94,4,1,0,,0,,,,,,,,,,,,,,,
13703,76,4,1,0,,0,,,,,,,,,,,,,,,
821,99,4,1,0,,0,,,,,,,,,,,,,,,
9908,76,4,1,28,1536.0,14,17.1,,,,,,,,,1.89,24.0,23.0,1.0,0.06,-0.75
3418,91,4,1,7,146.0,2,1.6,,,,,,,,,2.71,1.0,0.0,1.0,0.62,-0.7
4248,85,4,1,31,2173.0,24,24.1,,,,,,,,,0.91,20.0,39.0,-19.0,-0.79,-0.14
4249,96,4,1,3,136.0,1,1.5,,,,,,,,,0.33,0.0,5.0,-5.0,-3.31,-2.16
7543,89,4,1,1,34.0,0,0.4,,,,,,,,,1.0,0.0,1.0,-1.0,-2.65,-2.33
2815,80,4,1,26,1587.0,19,17.6,,,,,,,,,0.5,15.0,36.0,-21.0,-1.19,-0.6
12831,75,4,1,8,329.0,2,3.7,,,,,,,,,1.63,10.0,7.0,3.0,0.82,0.3
9684,81,4,1,17,572.0,6,6.4,,,,,,,,,1.06,5.0,11.0,-6.0,-0.94,-0.75
4935,100,4,1,16,1211.0,15,13.5,,,,,,,,,1.69,19.0,15.0,4.0,0.3,0.5
12555,80,4,1,2,28.0,0,0.3,,,,,,,,,0.0,1.0,2.0,-1.0,-3.21,-2.37
4348,89,4,1,36,2031.0,23,22.6,,,,,,,,,1.0,19.0,24.0,-5.0,-0.22,0.3
9992,90,4,1,37,3330.0,37,37.0,,,,,,,,,1.41,48.0,49.0,-1.0,-0.03,2.97
5074,91,4,1,37,3257.0,36,36.2,,,,,,,,,2.41,75.0,24.0,51.0,1.41,2.51
1237,87,4,1,26,1363.0,15,15.1,,,,,,,,,1.81,25.0,21.0,4.0,0.26,-0.57
4670,89,4,1,0,,0,,,,,,,,,,,,,,,
2064,95,4,1,33,2518.0,27,28.0,,,,,,,,,1.09,40.0,46.0,-6.0,-0.21,0.58
2083,75,4,1,33,1925.0,27,21.4,,,,,,,,,1.85,36.0,22.0,14.0,0.65,0.23
8153,98,4,1,0,,0,,,,,,,,,,,,,,,
4350,86,4,1,33,2069.0,26,23.0,,,,,,,,,2.0,50.0,24.0,26.0,1.13,0.93
4494,82,4,1,0,,0,,,,,,,,,,,,,,,
7833,99,4,1,34,2424.0,26,26.9,,,,,,,,,1.35,27.0,30.0,-3.0,-0.11,-0.47
1942,76,4,1,24,1797.0,20,20.0,,,,,,,,,1.42,27.0,23.0,4.0,0.2,-0.58
3563,82,4,1,33,2331.0,28,25.9,,,,,,,,,1.58,38.0,28.0,10.0,0.39,0.39
7107,85,4,1,22,1354.0,15,15.0,,,,,,,,,0.86,13.0,22.0,-9.0,-0.6,0.23
10681,77,4,1,31,2300.0,26,25.6,,,,,,,,,1.39,34.0,31.0,3.0,0.12,0.04
5100,90,4,1,8,422.0,4,4.7,,,,,,,,,1.0,3.0,7.0,-4.0,-0.85,-0.85
1765,98,4,1,34,2946.0,34,32.7,,,,,,,,,0.8,24.0,54.0,-30.0,-0.92,-0.73
11097,85,4,1,15,1061.0,11,11.8,,,,,,,,,1.13,8.0,15.0,-7.0,-0.59,0.21
3358,86,4,1,34,2218.0,25,24.6,,,,,,,,,1.85,54.0,26.0,28.0,1.14,1.06
813,82,4,1,25,1103.0,13,12.3,,,,,,,,,1.56,17.0,10.0,7.0,0.57,0.45
11452,94,4,1,25,1739.0,21,19.3,,,,,,,,,1.81,35.0,21.0,14.0,0.72,0.83
3726,86,4,1,33,1732.0,18,19.2,,,,,,,,,1.82,44.0,20.0,24.0,1.25,0.98
4452,100,4,1,17,411.0,4,4.6,,,,,,,,,1.06,3.0,5.0,-2.0,-0.44,-0.47
4025,100,4,1,20,930.0,9,10.3,,,,,,,,,1.15,15.0,14.0,1.0,0.1,0.17
13836,81,4,1,26,1923.0,22,21.4,,,,,,,,,1.42,24.0,24.0,0.0,0.0,0.72
12991,99,4,1,0,,0,,,,,,,,,,,,,,,
3714,76,4,1,35,2215.0,25,24.6,,,,,,,,,1.63,37.0,31.0,6.0,0.24,-0.65
7800,100,4,1,27,1535.0,16,17.1,,,,,,,,,1.3,24.0,24.0,0.0,0.0,0.05
446,98,4,1,31,1734.0,18,19.3,,,,,,,,,0.97,14.0,29.0,-15.0,-0.78,0.08
3974,81,4,1,2,20.0,0,0.2,,,,,,,,,0.5,1.0,1.0,0.0,0.0,0.32
10055,98,4,1,11,171.0,1,1.9,,,,,,,,,1.0,0.0,6.0,-6.0,-3.16,-2.47
3827,91,4,1,36,1627.0,14,18.1,,,,,,,,,2.39,35.0,10.0,25.0,1.38,0.18
9306,97,4,1,28,2330.0,26,25.9,,,,,,,,,1.43,35.0,36.0,-1.0,-0.04,1.03
5136,80,4,1,9,555.0,7,6.2,,,,,,,,,0.44,3.0,13.0,-10.0,-1.62,-0.9
12486,98,4,1,15,971.0,10,10.8,,,,,,,,,0.44,7.0,18.0,-11.0,-1.02,-0.28
10751,87,4,1,26,1520.0,17,16.9,,,,,,,,,2.0,31.0,16.0,15.0,0.89,0.51
9601,94,4,1,0,,0,,,,,,,,,,,,,,,
14274,89,4,1,38,3420.0,38,38.0,,,,,,,,,0.95,33.0,46.0,-13.0,-0.34,
547,76,4,1,0,,0,,,,,,,,,,,,,,,
3233,85,4,1,23,1485.0,19,16.5,,,,,,,,,0.88,12.0,36.0,-24.0,-1.45,-1.27
10195,88,4,1,0,,0,,,,,,,,,,,,,,,
4973,94,4,1,0,,0,,,,,,,,,,,,,,,
2750,82,4,1,0,,0,,,,,,,,,,,,,,,
4354,95,4,1,14,1074.0,12,11.9,,,,,,,,,1.21,19.0,18.0,1.0,0.08,0.66
5977,81,4,1,21,825.0,8,9.2,,,,,,,,,1.38,6.0,9.0,-3.0,-0.33,-0.02
8201,77,4,1,32,2314.0,27,25.7,,,,,,,,,1.5,40.0,30.0,10.0,0.39,0.88
624,96,4,1,12,868.0,10,9.6,,,,,,,,,0.17,4.0,18.0,-14.0,-1.45,-0.29
623,80,4,1,16,1007.0,13,11.2,,,,,,,,,0.88,10.0,21.0,-11.0,-0.98,-0.16
4837,90,4,1,0,,0,,,,,,,,,,,,,,,
1113,90,4,1,0,,0,,,,,,,,,,,,,,,
12485,98,4,1,5,136.0,0,1.5,,,,,,,,,1.17,1.0,3.0,-2.0,-1.32,-0.53
9603,99,4,1,0,,0,,,,,,,,,,,,,,,
14058,95,4,1,1,90.0,1,1.0,,,,,,,,,3.0,3.0,2.0,1.0,1.0,1.41
548,75,4,1,6,203.0,2,2.3,,,,,,,,,1.33,3.0,1.0,2.0,0.89,0.36
12279,88,4,1,0,,0,,,,,,,,,,,,,,,
554,86,4,1,0,,0,,,,,,,,,,,,,,,
4998,89,4,1,0,,0,,,,,,,,,,,,,,,
3239,97,4,1,36,2873.0,35,31.9,,,,,,,,,1.22,40.0,47.0,-7.0,-0.22,0.93
9605,75,4,1,12,613.0,6,6.8,,,,,,,,,1.92,11.0,14.0,-3.0,-0.44,-1.21
8872,96,4,1,35,2354.0,27,26.2,,,,,,,,,0.49,19.0,48.0,-29.0,-1.11,0.41
5002,91,4,1,8,76.0,0,0.8,,,,,,,,,2.75,5.0,0.0,5.0,5.92,4.74
12132,86,4,1,19,783.0,7,8.7,,,,,,,,,2.32,16.0,9.0,7.0,0.8,0.05
220,85,4,1,16,726.0,8,8.1,,,,,,,,,1.06,7.0,13.0,-6.0,-0.74,-0.01
11229,80,4,1,13,734.0,10,8.2,,,,,,,,,1.15,9.0,12.0,-3.0,-0.37,0.64
1373,89,4,1,32,2486.0,28,27.6,,,,,,,,,1.09,24.0,28.0,-4.0,-0.14,0.72
9572,99,4,1,0,,0,,,,,,,,,,,,,,,
5081,87,4,1,0,,0,,,,,,,,,,,,,,,
4357,87,4,1,18,1448.0,16,16.1,,,,,,,,,1.72,16.0,13.0,3.0,0.19,-0.73
8396,99,4,1,0,,0,,,,,,,,,,,,,,,
13939,89,4,1,37,3101.0,35,34.5,,,,,,,,,0.97,30.0,42.0,-12.0,-0.35,-0.07
11284,80,4,1,15,711.0,8,7.9,,,,,,,,,0.87,9.0,14.0,-5.0,-0.63,0.3
9163,88,4,1,4,90.0,0,1.0,,,,,,,,,1.75,3.0,2.0,1.0,1.0,0.22
5233,99,4,1,3,136.0,2,1.5,,,,,,,,,0.33,0.0,1.0,-1.0,-0.66,-0.72
12992,98,4,1,0,,0,,,,,,,,,,,,,,,
11042,75,4,1,33,2139.0,25,23.8,,,,,,,,,1.88,42.0,25.0,17.0,0.72,0.43
11617,91,4,1,4,360.0,4,4.0,,,,,,,,,1.75,5.0,4.0,1.0,0.25,-1.16
11615,82,4,1,3,270.0,3,3.0,,,,,,,,,1.67,3.0,2.0,1.0,0.33,0.08
3426,88,4,1,0,,0,,,,,,,,,,,,,,,
6573,89,4,1,35,2197.0,26,24.4,,,,,,,,,0.86,21.0,29.0,-8.0,-0.33,0.04
10691,82,4,1,24,1354.0,13,15.0,,,,,,,,,1.54,23.0,16.0,7.0,0.47,0.33
12158,86,4,1,32,1184.0,11,13.2,,,,,,,,,1.88,17.0,15.0,2.0,0.15,-0.93
418,81,4,1,25,1194.0,14,13.3,,,,,,,,,1.12,17.0,16.0,1.0,0.08,0.6
1176,99,4,1,7,312.0,4,3.5,,,,,,,,,1.0,3.0,5.0,-2.0,-0.58,-0.66
4838,81,4,1,0,,0,,,,,,,,,,,,,,,
1669,100,4,1,1,79.0,1,0.9,,,,,,,,,0.0,0.0,1.0,-1.0,-1.14,-1.14
7872,85,4,1,13,1003.0,11,11.1,,,,,,,,,0.31,9.0,22.0,-13.0,-1.17,-0.61
7873,96,4,1,10,776.0,8,8.6,,,,,,,,,0.6,8.0,20.0,-12.0,-1.39,-0.2
3981,98,4,1,35,2810.0,35,31.2,,,,,,,,,0.86,26.0,45.0,-19.0,-0.61,1.16
10925,95,4,1,27,1740.0,23,19.3,,,,,,,,,1.19,25.0,19.0,6.0,0.31,1.38
2575,90,4,1,22,559.0,3,6.2,,,,,,,,,1.0,9.0,7.0,2.0,0.32,0.51
10694,81,4,1,24,1156.0,12,12.8,,,,,,,,,1.25,9.0,17.0,-8.0,-0.62,-0.46
12522,86,4,1,14,1234.0,14,13.7,,,,,,,,,1.93,32.0,18.0,14.0,1.02,0.4
72,97,4,1,23,647.0,5,7.2,,,,,,,,,1.35,5.0,9.0,-4.0,-0.56,-0.23
5307,76,4,1,17,1397.0,17,15.5,,,,,,,,,1.82,22.0,16.0,6.0,0.39,-0.15
8228,81,4,1,25,1007.0,11,11.2,,,,,,,,,1.16,10.0,19.0,-9.0,-0.8,-0.69
5924,80,4,1,4,220.0,2,2.4,,,,,,,,,0.5,2.0,5.0,-3.0,-1.23,-0.38
9463,97,4,1,30,1947.0,21,21.6,,,,,,,,,1.17,27.0,38.0,-11.0,-0.51,-0.33
13432,85,4,1,16,1030.0,13,11.4,,,,,,,,,0.5,10.0,17.0,-7.0,-0.61,0.18
13361,75,4,1,32,2771.0,32,30.8,,,,,,,,,2.0,56.0,31.0,25.0,0.81,1.37
5761,85,4,1,32,2607.0,28,29.0,,,,,,,,,0.97,24.0,42.0,-18.0,-0.62,0.49
10300,89,4,1,35,2962.0,34,32.9,,,,,,,,,0.94,31.0,44.0,-13.0,-0.4,-0.4
3931,98,4,1,20,1393.0,17,15.5,,,,,,,,,0.9,14.0,24.0,-10.0,-0.65,0.29
9312,85,4,1,9,523.0,6,5.8,,,,,,,,,0.56,4.0,11.0,-7.0,-1.2,-0.55
11566,98,4,1,9,365.0,4,4.1,,,,,,,,,0.56,5.0,10.0,-5.0,-1.23,-0.47
354,85,4,1,6,226.0,3,2.5,,,,,,,,,0.17,2.0,5.0,-3.0,-1.19,-0.49
3864,88,4,1,34,1998.0,22,22.2,,,,,,,,,2.09,38.0,17.0,21.0,0.95,0.38
11861,76,4,1,32,1834.0,20,20.4,,,,,,,,,1.69,45.0,29.0,16.0,0.79,0.67
12238,94,4,1,33,2796.0,32,31.1,,,,,,,,,1.45,36.0,35.0,1.0,0.03,-1.55
14628,75,4,1,4,146.0,1,1.6,,,,,,,,,1.0,3.0,4.0,-1.0,-0.62,-1.22
5451,91,4,1,0,,0,,,,,,,,,,,,,,,
1391,95,4,1,1,5.0,0,0.1,,,,,,,,,3.0,1.0,0.0,1.0,18.0,18.4
8319,81,4,1,0,,0,,,,,,,,,,,,,,,
5600,82,4,1,27,2057.0,23,22.9,,,,,,,,,1.33,26.0,24.0,2.0,0.09,-0.44
6874,82,4,1,33,2007.0,24,22.3,,,,,,,,,1.52,30.0,23.0,7.0,0.31,0.12
5858,85,4,1,11,851.0,10,9.5,,,,,,,,,1.09,10.0,14.0,-4.0,-0.42,0.42
5859,99,4,1,14,1177.0,13,13.1,,,,,,,,,1.57,18.0,12.0,6.0,0.46,0.66
12570,87,4,1,12,318.0,1,3.5,,,,,,,,,2.08,7.0,0.0,7.0,1.98,1.52
3959,96,4,1,8,113.0,0,1.3,,,,,,,,,0.63,2.0,3.0,-1.0,-0.8,0.46
3960,99,4,1,4,87.0,1,1.0,,,,,,,,,2.25,1.0,2.0,-1.0,-1.03,-1.09
2664,88,4,1,31,2219.0,27,24.7,,,,,,,,,1.97,42.0,19.0,23.0,0.93,0.41
4841,81,4,1,0,,0,,,,,,,,,,,,,,,
1450,81,4,1,25,2094.0,22,23.3,,,,,,,,,1.12,24.0,27.0,-3.0,-0.13,0.48
10039,96,4,1,1,4.0,0,0.0,,,,,,,,,0.0,0.0,0.0,0.0,0.0,1.24
1492,90,4,1,30,2466.0,29,27.4,,,,,,,,,1.73,39.0,25.0,14.0,0.51,2.21
9555,100,4,1,3,63.0,0,0.7,,,,,,,,,0.67,2.0,0.0,2.0,2.86,2.94
11472,95,4,1,0,,0,,,,,,,,,,,,,,,
6480,96,4,1,11,210.0,1,2.3,,,,,,,,,0.55,2.0,8.0,-6.0,-2.57,-1.42
7226,91,4,1,15,933.0,10,10.4,,,,,,,,,2.2,20.0,8.0,12.0,1.16,-0.18
11114,89,4,1,12,222.0,2,2.5,,,,,,,,,0.58,1.0,4.0,-3.0,-1.22,-0.93
7071,85,4,1,0,,0,,,,,,,,,,,,,,,
8639,82,4,1,31,1534.0,16,17.0,,,,,,,,,1.19,24.0,23.0,1.0,0.06,-0.37
1142,75,4,1,0,,0,,,,,,,,,,,,,,,
5276,97,4,1,11,591.0,6,6.6,,,,,,,,,0.73,10.0,9.0,1.0,0.15,0.63
14425,85,4,1,22,860.0,8,9.6,,,,,,,,,0.77,8.0,14.0,-6.0,-0.63,0.15
11632,75,4,1,34,2548.0,26,28.3,,,,,,,,,1.76,46.0,41.0,5.0,0.18,-1.47
3483,88,4,1,0,,0,,,,,,,,,,,,,,,
14364,99,4,1,21,716.0,7,8.0,,,,,,,,,1.24,9.0,8.0,1.0,0.13,0.13
12062,94,4,1,13,711.0,8,7.9,,,,,,,,,1.54,10.0,8.0,2.0,0.25,-0.08
3356,77,4,1,7,342.0,4,3.8,,,,,,,,,1.14,3.0,7.0,-4.0,-1.05,-1.29
5188,95,4,1,28,1286.0,13,14.3,,,,,,,,,1.04,20.0,24.0,-4.0,-0.28,0.14
9944,82,4,1,0,,0,,,,,,,,,,,,,,,
10243,87,4,1,28,995.0,11,11.1,,,,,,,,,1.89,11.0,8.0,3.0,0.27,-0.47
14126,95,4,1,0,,0,,,,,,,,,,,,,,,
3487,94,4,1,0,,0,,,,,,,,,,,,,,,
6053,98,4,1,17,1443.0,17,16.0,,,,,,,,,0.88,16.0,27.0,-11.0,-0.69,0.22
12966,75,4,1,17,1007.0,12,11.2,,,,,,,,,1.82,12.0,7.0,5.0,0.45,-0.15
13348,76,4,1,33,2858.0,32,31.8,,,,,,,,,1.73,57.0,36.0,21.0,0.66,1.14
3934,98,4,1,0,,0,,,,,,,,,,,,,,,
4476,87,4,1,37,2564.0,33,28.5,,,,,,,,,1.86,38.0,32.0,6.0,0.21,-1.58
2583,82,4,1,28,1866.0,22,20.7,,,,,,,,,1.39,27.0,27.0,0.0,0.0,-0.58
14037,98,4,1,18,548.0,7,6.1,,,,,,,,,0.84,4.0,11.0,-7.0,-1.15,-0.4
3500,82,4,1,0,,0,,,,,,,,,,,,,,,
7306,95,4,1,1,18.0,0,0.2,,,,,,,,,0.0,0.0,0.0,0.0,0.0,0.37
11799,98,4,1,4,36.0,0,0.4,,,,,,,,,0.0,0.0,1.0,-1.0,-2.5,-1.7
11737,75,4,1,23,1657.0,18,18.4,,,,,,,,,2.13,34.0,18.0,16.0,0.87,0.61
8938,94,4,1,7,259.0,5,2.9,,,,,,,,,1.57,4.0,3.0,1.0,0.35,0.03
7725,91,4,1,34,2518.0,30,28.0,,,,,,,,,2.29,58.0,21.0,37.0,1.32,0.13
5063,97,4,1,12,766.0,9,8.5,,,,,,,,,1.08,10.0,12.0,-2.0,-0.23,0.17
5060,77,4,1,12,704.0,8,7.8,,,,,,,,,1.58,11.0,8.0,3.0,0.38,0.35
12510,96,4,1,19,1100.0,13,12.2,,,,,,,,,0.47,6.0,21.0,-15.0,-1.23,0.01
12509,81,4,1,14,883.0,10,9.8,,,,,,,,,1.21,9.0,14.0,-5.0,-0.51,-0.26
7659,85,4,1,26,1572.0,17,17.5,,,,,,,,,0.81,13.0,26.0,-13.0,-0.74,-0.01
1483,97,4,1,28,2175.0,27,24.2,,,,,,,,,1.29,33.0,33.0,0.0,0.0,1.01
13952,99,4,1,23,1373.0,15,15.3,,,,,,,,,1.17,17.0,17.0,0.0,0.0,-0.04
9246,75,4,1,1,9.0,0,0.1,,,,,,,,,1.0,0.0,0.0,0.0,0.0,-0.55
3105,85,4,1,30,2242.0,27,24.9,,,,,,,,,0.94,23.0,36.0,-13.0,-0.52,0.62
8916,88,4,1,28,1879.0,22,20.9,,,,,,,,,1.75,31.0,16.0,15.0,0.72,-0.16
11770,75,4,1,35,2421.0,28,26.9,,,,,,,,,2.0,53.0,31.0,22.0,0.82,0.91
9559,89,4,1,0,,0,,,,,,,,,,,,,,,
9875,96,4,1,32,2460.0,29,27.3,,,,,,,,,0.53,20.0,49.0,-29.0,-1.06,0.63
9806,96,4,1,0,,0,,,,,,,,,,,,,,,
7526,99,4,1,32,1886.0,22,21.0,,,,,,,,,1.41,22.0,26.0,-4.0,-0.19,-0.48
9019,89,4,1,5,77.0,0,0.9,,,,,,,,,0.4,0.0,1.0,-1.0,-1.17,-0.85
3440,94,4,1,9,573.0,5,6.4,,,,,,,,,1.78,12.0,7.0,5.0,0.79,0.56
13091,91,4,1,38,3101.0,34,34.5,,,,,,,,,2.37,74.0,27.0,47.0,1.36,0.8
8920,87,4,1,32,2446.0,29,27.2,,,,,,,,,1.94,40.0,19.0,21.0,0.77,0.59
8643,80,4,1,25,1839.0,22,20.4,,,,,,,,,0.72,21.0,33.0,-12.0,-0.59,0.61
207,76,4,1,31,1729.0,20,19.2,,,,,,,,,1.65,38.0,23.0,15.0,0.78,0.62
9808,97,4,1,30,2296.0,25,25.5,,,,,,,,,1.27,29.0,36.0,-7.0,-0.27,0.29
1591,96,4,1,0,,0,,,,,,,,,,,,,,,
2743,94,4,1,0,,0,,,,,,,,,,,,,,,
9617,95,4,1,17,814.0,8,9.0,,,,,,,,,1.06,11.0,22.0,-11.0,-1.22,-1.11
12615,100,4,1,37,2335.0,28,25.9,,,,,,,,,1.22,29.0,34.0,-5.0,-0.19,-0.52
5433,91,4,1,32,1605.0,20,17.8,,,,,,,,,2.41,39.0,8.0,31.0,1.74,0.85
6532,77,4,1,33,2900.0,33,32.2,,,,,,,,,1.58,51.0,39.0,12.0,0.37,1.76
7044,76,4,1,15,759.0,8,8.4,,,,,,,,,1.8,25.0,15.0,10.0,1.19,0.92
12286,86,4,1,25,1660.0,19,18.4,,,,,,,,,1.8,27.0,16.0,11.0,0.6,-0.32
12676,99,4,1,16,1195.0,13,13.3,,,,,,,,,1.06,13.0,18.0,-5.0,-0.38,-0.62
12754,81,4,1,36,3135.0,36,34.8,,,,,,,,,1.08,34.0,44.0,-10.0,-0.29,0.34
1721,77,4,1,21,1108.0,11,12.3,,,,,,,,,1.1,16.0,19.0,-3.0,-0.24,-0.52
5102,95,4,1,16,894.0,11,9.9,,,,,,,,,1.0,14.0,14.0,0.0,0.0,0.5
4989,85,4,1,24,1532.0,19,17.0,,,,,,,,,1.08,14.0,24.0,-10.0,-0.59,0.27
4364,88,4,1,0,,0,,,,,,,,,,,,,,,
10062,75,4,1,22,1978.0,22,22.0,,,,,,,,,1.82,37.0,21.0,16.0,0.73,0.42
6932,94,4,1,1,14.0,0,0.2,,,,,,,,,0.0,1.0,0.0,1.0,6.43,6.14
6369,100,4,1,16,805.0,11,8.9,,,,,,,,,1.63,13.0,11.0,2.0,0.22,0.33
8325,96,4,1,6,109.0,0,1.2,,,,,,,,,0.17,0.0,5.0,-5.0,-4.13,-2.99
2973,98,4,1,18,628.0,4,7.0,,,,,,,,,0.61,5.0,11.0,-6.0,-0.86,-0.05
14518,82,4,1,7,297.0,4,3.3,,,,,,,,,1.29,3.0,6.0,-3.0,-0.91,-1.28
14519,89,4,1,17,674.0,7,7.5,,,,,,,,,0.88,6.0,14.0,-8.0,-1.07,-0.9
12395,76,4,1,15,553.0,5,6.1,,,,,,,,,1.67,9.0,8.0,1.0,0.16,-0.37
5007,94,4,1,35,2858.0,33,31.8,,,,,,,,,1.69,35.0,28.0,7.0,0.22,-0.58
12250,82,4,1,29,1950.0,22,21.7,,,,,,,,,1.55,29.0,22.0,7.0,0.32,0.14
4365,98,4,1,1,66.0,0,0.7,,,,,,,,,0.5,0.0,2.0,-2.0,-2.73,-1.95
12040,97,4,1,10,283.0,3,3.1,,,,,,,,,1.7,6.0,9.0,-3.0,-0.95,-0.64
4986,81,4,1,0,,0,,,,,,,,,,,,,,,
4987,97,4,1,33,2223.0,24,24.7,,,,,,,,,1.09,27.0,41.0,-14.0,-0.57,-0.57
3240,91,4,1,0,,0,,,,,,,,,,,,,,,
11243,90,4,1,30,2487.0,28,27.6,,,,,,,,,1.43,37.0,37.0,0.0,0.0,0.39
10144,90,4,1,0,,0,,,,,,,,,,,,,,,
11924,81,4,1,33,2538.0,28,28.2,,,,,,,,,1.09,25.0,39.0,-14.0,-0.5,-0.7
9256,90,4,1,28,1592.0,18,17.7,,,,,,,,,1.32,15.0,26.0,-11.0,-0.62,-0.97
8420,90,4,1,2,135.0,2,1.5,,,,,,,,,0.0,1.0,4.0,-3.0,-2.0,-1.97
13709,82,4,1,0,,0,,,,,,,,,,,,,,,
8020,86,4,1,38,2576.0,27,28.6,,,,,,,,,1.89,59.0,37.0,22.0,0.77,0.02
8506,82,4,1,27,2171.0,25,24.1,,,,,,,,,1.48,33.0,31.0,2.0,0.08,-0.49
169,88,4,1,33,2760.0,31,30.7,,,,,,,,,1.91,47.0,25.0,22.0,0.72,-0.37
175,100,4,1,14,789.0,8,8.8,,,,,,,,,1.07,12.0,14.0,-2.0,-0.23,-0.26
10561,94,4,1,35,1852.0,16,20.6,,,,,,,,,1.69,34.0,23.0,11.0,0.53,0.48
8602,88,4,1,1,5.0,1,0.1,,,,,,,,,3.0,0.0,0.0,0.0,0.0,-0.79
11337,95,4,1,27,1958.0,23,21.8,,,,,,,,,1.3,28.0,34.0,-6.0,-0.28,0.22
5560,77,4,1,0,,0,,,,,,,,,,,,,,,
14187,87,4,1,15,1052.0,13,11.7,,,,,,,,,1.73,15.0,13.0,2.0,0.17,-0.63
4869,77,4,1,29,1478.0,17,16.4,,,,,,,,,1.45,24.0,25.0,-1.0,-0.06,-0.29
13063,80,4,1,31,2366.0,28,26.3,,,,,,,,,0.84,24.0,47.0,-23.0,-0.87,-0.02
8154,76,4,1,0,,0,,,,,,,,,,,,,,,
649,91,4,1,34,3060.0,34,34.0,,,,,,,,,2.44,72.0,24.0,48.0,1.41,1.16
3241,81,4,1,0,,0,,,,,,,,,,,,,,,
14465,89,4,1,1,20.0,1,0.2,,,,,,,,,0.0,0.0,1.0,-1.0,-4.5,-4.18
7368,75,4,1,25,1498.0,19,16.6,,,,,,,,,1.8,32.0,19.0,13.0,0.78,0.41
560,95,4,1,0,,0,,,,,,,,,,,,,,,
13713,80,4,1,2,27.0,0,0.3,,,,,,,,,0.0,0.0,1.0,-1.0,-3.33,-2.48
10827,82,4,1,27,2137.0,23,23.7,,,,,,,,,1.48,34.0,27.0,7.0,0.29,0.08
1475,87,4,1,27,1586.0,17,17.6,,,,,,,,,1.74,27.0,13.0,14.0,0.79,0.35
12804,88,4,1,36,3022.0,34,33.6,,,,,,,,,1.89,53.0,27.0,26.0,0.77,-0.13
13969,99,4,1,38,3420.0,38,38.0,,,,,,,,,1.39,42.0,41.0,1.0,0.03,
7792,91,4,1,35,3050.0,35,33.9,,,,,,,,,2.4,70.0,24.0,46.0,1.36,0.63
513,99,4,1,29,2089.0,24,23.2,,,,,,,,,1.38,29.0,24.0,5.0,0.22,0.49
1393,75,4,1,1,2.0,0,0.0,,,,,,,,,3.0,1.0,0.0,1.0,45.0,44.47
4253,87,4,1,27,1234.0,14,13.7,,,,,,,,,1.78,14.0,9.0,5.0,0.36,-0.38
4498,94,4,1,3,181.0,2,2.0,,,,,,,,,0.33,1.0,2.0,-1.0,-0.5,-0.86
5400,86,4,1,31,1986.0,24,22.1,,,,,,,,,1.84,44.0,18.0,26.0,1.18,0.99
12487,90,4,1,5,229.0,1,2.5,,,,,,,,,0.2,1.0,6.0,-5.0,-1.97,-1.99
3014,96,4,1,6,231.0,3,2.6,,,,,,,,,0.5,0.0,4.0,-4.0,-1.56,-0.34
8326,85,4,1,37,3330.0,37,37.0,,,,,,,,,0.87,31.0,59.0,-28.0,-0.76,-0.76
10829,77,4,1,26,1226.0,12,13.6,,,,,,,,,1.62,23.0,16.0,7.0,0.51,0.64
11902,88,4,1,0,,0,,,,,,,,,,,,,,,
3079,90,4,1,29,1912.0,21,21.2,,,,,,,,,1.52,28.0,22.0,6.0,0.28,0.88
1154,95,4,1,0,,0,,,,,,,,,,,,,,,
9691,77,4,1,0,,0,,,,,,,,,,,,,,,
6602,98,4,1,4,58.0,0,0.6,,,,,,,,,1.0,0.0,2.0,-2.0,-3.1,-2.33
3991,76,4,1,0,,0,,,,,,,,,,,,,,,
9918,97,4,1,2,13.0,1,0.1,,,,,,,,,0.0,0.0,0.0,0.0,0.0,0.37
8608,76,4,1,29,1073.0,10,11.9,,,,,,,,,1.59,20.0,15.0,5.0,0.42,-0.08
6401,96,4,1,20,1057.0,12,11.7,,,,,,,,,0.6,7.0,23.0,-16.0,-1.36,-0.18
10653,96,4,1,20,784.0,5,8.7,,,,,,,,,0.75,4.0,17.0,-13.0,-1.49,-0.33
7240,76,4,1,24,2077.0,24,23.1,,,,,,,,,1.79,41.0,27.0,14.0,0.61,0.34
6569,76,4,1,34,2209.0,25,24.5,,,,,,,,,1.62,39.0,33.0,6.0,0.24,-0.65
2380,99,4,1,0,,0,,,,,,,,,,,,,,,
5411,81,4,1,1,1.0,0,0.0,,,,,,,,,0.0,0.0,0.0,0.0,0.0,0.32
9550,82,4,1,0,,0,,,,,,,,,,,,,,,
7973,75,4,1,0,,0,,,,,,,,,,,,,,,
9985,99,4,1,9,264.0,3,2.9,,,,,,,,,1.89,3.0,3.0,0.0,0.0,-0.03
8801,80,4,1,0,,0,,,,,,,,,,,,,,,
13285,91,4,1,30,807.0,8,9.0,,,,,,,,,2.43,10.0,7.0,3.0,0.33,-1.25
5667,100,4,1,21,638.0,5,7.1,,,,,,,,,0.95,13.0,8.0,5.0,0.71,0.9
2817,85,4,1,14,745.0,9,8.3,,,,,,,,,1.13,8.0,9.0,-1.0,-0.12,0.79
1646,98,4,1,0,,0,,,,,,,,,,,,,,,
5313,95,4,1,12,586.0,6,6.5,,,,,,,,,1.0,6.0,17.0,-11.0,-1.69,-1.59
3496,98,4,1,36,2958.0,34,32.9,,,,,,,,,0.84,28.0,52.0,-24.0,-0.73,0.63
12582,96,4,1,1,4.0,0,0.0,,,,,,,,,0.0,0.0,0.0,0.0,0.0,1.24
2095,96,4,1,19,1498.0,19,16.6,,,,,,,,,0.63,14.0,31.0,-17.0,-1.02,0.38
2096,100,4,1,6,385.0,3,4.3,,,,,,,,,1.5,5.0,6.0,-1.0,-0.23,-0.23
8738,98,4,1,31,2653.0,29,29.5,,,,,,,,,0.91,26.0,43.0,-17.0,-0.58,1.07
11502,97,4,1,17,876.0,11,9.7,,,,,,,,,1.47,17.0,17.0,0.0,0.0,0.5
5221,95,4,1,20,1800.0,20,20.0,,,,,,,,,1.1,26.0,33.0,-7.0,-0.35,0.04
9197,96,4,1,6,220.0,3,2.4,,,,,,,,,0.33,1.0,6.0,-5.0,-2.05,-0.86
3185,80,4,1,33,2266.0,25,25.2,,,,,,,,,0.73,23.0,41.0,-18.0,-0.71,0.45
2220,76,4,1,17,960.0,9,10.7,,,,,,,,,1.76,19.0,10.0,9.0,0.84,0.51
9491,91,4,1,30,1643.0,17,18.3,,,,,,,,,2.37,29.0,11.0,18.0,0.99,-0.58
6153,94,4,1,0,,0,,,,,,,,,,,,,,,
1075,86,4,1,24,2160.0,24,24.0,,,,,,,,,1.88,39.0,24.0,15.0,0.62,-0.38
3526,75,4,1,27,1027.0,10,11.4,,,,,,,,,1.63,14.0,13.0,1.0,0.09,-0.66
12041,77,4,1,32,2124.0,22,23.6,,,,,,,,,1.59,31.0,31.0,0.0,0.0,-0.28
14021,91,4,1,32,2566.0,30,28.5,,,,,,,,,2.34,59.0,17.0,42.0,1.47,0.74
11966,89,4,1,31,1321.0,12,14.7,,,,,,,,,1.03,12.0,15.0,-3.0,-0.2,0.22
180,91,4,1,2,15.0,0,0.2,,,,,,,,,3.0,1.0,0.0,1.0,6.0,4.73
3015,100,4,1,0,,0,,,,,,,,,,,,,,,
12994,100,4,1,8,85.0,0,0.9,,,,,,,,,1.0,1.0,2.0,-1.0,-1.06,-1.06
12045,94,4,1,0,,0,,,,,,,,,,,,,,,
9059,76,4,1,0,,0,,,,,,,,,,,,,,,
9317,100,4,1,0,,0,,,,,,,,,,,,,,,
4541,96,4,1,12,284.0,1,3.2,,,,,,,,,0.25,1.0,7.0,-6.0,-1.9,-0.72
8052,87,4,1,25,977.0,8,10.9,,,,,,,,,1.68,15.0,12.0,3.0,0.28,-0.46
4225,81,4,1,33,2830.0,33,31.4,,,,,,,,,1.21,31.0,37.0,-6.0,-0.19,0.72
9188,76,4,1,32,1769.0,24,19.7,,,,,,,,,1.69,33.0,24.0,9.0,0.46,-0.03
11344,88,4,1,18,1413.0,16,15.7,,,,,,,,,2.28,30.0,7.0,23.0,1.46,1.15
12387,94,4,1,35,3150.0,35,35.0,,,,,,,,,1.69,47.0,35.0,12.0,0.34,0.34
8159,98,4,1,0,,0,,,,,,,,,,,,,,,
11482,88,4,1,36,1898.0,17,21.1,,,,,,,,,1.89,33.0,20.0,13.0,0.62,-0.39
5011,97,4,1,2,180.0,2,2.0,,,,,,,,,0.5,1.0,3.0,-2.0,-1.0,-0.67
11669,99,4,1,18,465.0,4,5.2,,,,,,,,,1.22,8.0,5.0,3.0,0.58,0.64
8331,94,4,1,32,2545.0,29,28.3,,,,,,,,,1.72,35.0,26.0,9.0,0.32,0.01
8435,88,4,1,7,180.0,1,2.0,,,,,,,,,1.43,4.0,1.0,3.0,1.5,0.75
11529,90,4,1,25,1123.0,11,12.5,,,,,,,,,1.36,12.0,20.0,-8.0,-0.64,-0.8
12142,100,4,1,34,2820.0,33,31.3,,,,,,,,,1.21,41.0,42.0,-1.0,-0.03,-0.03
10541,100,4,1,34,2818.0,33,31.3,,,,,,,,,1.18,38.0,39.0,-1.0,-0.03,-0.03
12997,85,4,1,1,90.0,1,1.0,,,,,,,,,1.0,0.0,0.0,0.0,0.0,0.76
9692,87,4,1,11,948.0,10,10.5,,,,,,,,,1.91,16.0,7.0,9.0,0.85,0.34
12596,81,4,1,7,630.0,7,7.0,,,,,,,,,0.57,3.0,9.0,-6.0,-0.86,-0.66
9626,90,4,1,35,2932.0,34,32.6,,,,,,,,,1.49,44.0,43.0,1.0,0.03,0.95
1119,90,4,1,31,1663.0,19,18.5,,,,,,,,,1.23,23.0,31.0,-8.0,-0.43,-0.64
5112,89,4,1,16,918.0,10,10.2,,,,,,,,,0.75,10.0,18.0,-8.0,-0.78,-0.6
3744,100,4,1,0,,0,,,,,,,,,,,,,,,
7922,95,4,1,33,2140.0,23,23.8,,,,,,,,,1.09,33.0,44.0,-11.0,-0.46,-0.25
12145,81,4,1,13,516.0,6,5.7,,,,,,,,,0.85,5.0,7.0,-2.0,-0.35,-0.04
12148,85,4,1,7,192.0,2,2.1,,,,,,,,,0.57,2.0,3.0,-1.0,-0.47,0.28
2449,80,4,1,33,2483.0,30,27.6,,,,,,,,,0.73,26.0,45.0,-19.0,-0.69,0.66
3747,97,4,1,0,,0,,,,,,,,,,,,,,,
1123,97,4,1,32,2161.0,25,24.0,,,,,,,,,1.16,29.0,32.0,-3.0,-0.12,0.66
2291,87,4,1,0,,0,,,,,,,,,,,,,,,
8335,95,4,1,26,1941.0,23,21.6,,,,,,,,,1.12,25.0,38.0,-13.0,-0.6,-0.54
10590,94,4,1,1,1.0,0,0.0,,,,,,,,,0.0,0.0,0.0,0.0,0.0,-0.32
9251,81,4,1,17,525.0,5,5.8,,,,,,,,,1.12,7.0,8.0,-1.0,-0.17,0.17
13716,75,4,1,19,883.0,9,9.8,,,,,,,,,2.0,17.0,12.0,5.0,0.51,-0.06
13223,98,4,1,0,,0,,,,,,,,,,,,,,,
11439,87,4,1,6,111.0,1,1.2,,,,,,,,,2.0,3.0,0.0,3.0,2.43,1.89
9629,91,4,1,27,1166.0,14,13.0,,,,,,,,,2.33,22.0,12.0,10.0,0.77,-0.79
9155,89,4,1,9,790.0,9,8.8,,,,,,,,,1.44,9.0,9.0,0.0,0.0,0.44
13144,77,4,1,30,2532.0,30,28.1,,,,,,,,,1.63,42.0,34.0,8.0,0.28,0.69
9448,85,4,1,0,,0,,,,,,,,,,,,,,,
5876,88,4,1,38,3413.0,37,37.9,,,,,,,,,1.95,60.0,30.0,30.0,0.79,0.79
5590,96,4,1,5,152.0,1,1.7,,,,,,,,,0.6,0.0,2.0,-2.0,-1.18,0.06
10797,77,4,1,6,110.0,0,1.2,,,,,,,,,1.17,3.0,1.0,2.0,1.64,1.58
4257,96,4,1,23,800.0,7,8.9,,,,,,,,,0.39,6.0,21.0,-15.0,-1.69,-0.59
4974,80,4,1,20,699.0,6,7.8,,,,,,,,,0.65,6.0,17.0,-11.0,-1.42,-0.69
272,87,4,1,32,2748.0,31,30.5,,,,,,,,,1.91,47.0,27.0,20.0,0.66,0.25
10567,99,4,1,28,1461.0,16,16.2,,,,,,,,,1.18,18.0,18.0,0.0,0.0,-0.05
5881,95,4,1,10,671.0,7,7.5,,,,,,,,,1.1,8.0,13.0,-5.0,-0.67,-0.38
5726,80,4,1,9,810.0,9,9.0,,,,,,,,,0.33,7.0,19.0,-12.0,-1.33,-0.61
13148,88,4,1,1,1.0,0,0.0,,,,,,,,,3.0,1.0,0.0,1.0,90.0,89.24
4678,77,4,1,0,,0,,,,,,,,,,,,,,,
1405,77,4,1,2,15.0,0,0.2,,,,,,,,,3.0,1.0,0.0,1.0,6.0,5.92
8447,82,4,1,9,508.0,5,5.6,,,,,,,,,2.0,14.0,5.0,9.0,1.59,1.56
1126,90,4,1,1,47.0,1,0.5,,,,,,,,,0.0,0.0,2.0,-2.0,-3.83,-3.78
4502,90,4,1,14,530.0,5,5.9,,,,,,,,,1.29,6.0,9.0,-3.0,-0.51,-0.48
4976,91,4,1,25,911.0,10,10.1,,,,,,,,,2.24,17.0,8.0,9.0,0.89,-0.55
4979,97,4,1,1,45.0,0,0.5,,,,,,,,,0.0,0.0,1.0,-1.0,-2.0,-1.65
4368,77,4,1,0,,0,,,,,,,,,,,,,,,
10656,96,4,1,9,810.0,9,9.0,,,,,,,,,0.33,6.0,23.0,-17.0,-1.89,-0.85
8451,80,4,1,0,,0,,,,,,,,,,,,,,,
8930,85,4,1,0,,0,,,,,,,,,,,,,,,
1289,75,4,1,23,980.0,10,10.9,,,,,,,,,1.74,17.0,11.0,6.0,0.55,0.0
1481,98,4,1,30,2173.0,24,24.1,,,,,,,,,0.71,21.0,38.0,-17.0,-0.7,0.31
5505,76,4,1,0,,0,,,,,,,,,,,,,,,
562,81,4,1,0,,0,,,,,,,,,,,,,,,
11278,85,4,1,2,122.0,1,1.4,,,,,,,,,0.5,1.0,3.0,-2.0,-1.48,-0.77
4709,95,4,1,1,37.0,0,0.4,,,,,,,,,0.0,0.0,0.0,0.0,0.0,0.37
12600,99,4,1,28,2070.0,23,23.0,,,,,,,,,1.54,28.0,22.0,6.0,0.26,0.59
563,87,4,1,0,,0,,,,,,,,,,,,,,,
13677,96,4,1,34,2555.0,30,28.4,,,,,,,,,0.47,18.0,56.0,-38.0,-1.34,-0.4
11257,89,4,1,4,54.0,0,0.6,,,,,,,,,0.25,0.0,0.0,0.0,0.0,0.35
12030,99,4,1,35,2670.0,30,29.7,,,,,,,,,1.34,33.0,31.0,2.0,0.07,0.19
12246,97,4,1,36,2996.0,34,33.3,,,,,,,,,1.14,41.0,55.0,-14.0,-0.42,-0.42
4504,97,4,1,2,46.0,0,0.5,,,,,,,,,0.5,1.0,2.0,-1.0,-1.96,-1.61
594,88,4,1,34,2922.0,33,32.5,,,,,,,,,1.82,49.0,28.0,21.0,0.65,-0.98
13002,89,4,1,7,167.0,1,1.9,,,,,,,,,0.71,1.0,4.0,-3.0,-1.62,-1.34
8652,88,4,1,6,151.0,1,1.7,,,,,,,,,2.0,1.0,2.0,-1.0,-0.6,-1.45
9279,76,4,1,35,2964.0,34,32.9,,,,,,,,,1.74,57.0,40.0,17.0,0.52,0.32
4679,76,4,1,1,4.0,0,0.0,,,,,,,,,3.0,1.0,0.0,1.0,22.5,22.05
10755,87,4,1,3,27.0,0,0.3,,,,,,,,,1.67,0.0,0.0,0.0,0.0,-0.61
10759,90,4,1,25,1740.0,21,19.3,,,,,,,,,1.64,31.0,19.0,12.0,0.62,1.48
1005,91,4,1,29,2448.0,27,27.2,,,,,,,,,2.31,56.0,22.0,34.0,1.25,-0.14
12324,97,4,1,23,1711.0,21,19.0,,,,,,,,,1.09,25.0,31.0,-6.0,-0.32,0.11
3020,87,4,1,9,564.0,6,6.3,,,,,,,,,2.11,9.0,2.0,7.0,1.12,0.61
4258,88,4,1,0,,0,,,,,,,,,,,,,,,
9637,76,4,1,15,829.0,8,9.2,,,,,,,,,1.67,19.0,13.0,6.0,0.65,0.23
9193,91,4,1,22,1749.0,21,19.4,,,,,,,,,2.77,47.0,16.0,31.0,1.6,0.63
565,97,4,1,1,90.0,1,1.0,,,,,,,,,0.0,1.0,3.0,-2.0,-2.0,-1.68
3469,100,4,1,0,,0,,,,,,,,,,,,,,,
59,96,4,1,18,1069.0,12,11.9,,,,,,,,,0.5,6.0,20.0,-14.0,-1.18,0.08
766,75,4,1,30,1403.0,14,15.6,,,,,,,,,1.7,21.0,16.0,5.0,0.32,-0.39
5981,98,4,1,6,112.0,1,1.2,,,,,,,,,0.83,0.0,4.0,-4.0,-3.21,-2.48
3701,86,4,1,0,,0,,,,,,,,,,,,,,,
8033,100,4,1,37,1848.0,19,20.5,,,,,,,,,1.22,29.0,27.0,2.0,0.1,0.27
7379,95,4,1,22,697.0,7,7.7,,,,,,,,,1.0,8.0,10.0,-2.0,-0.26,0.14
6223,89,4,1,0,,0,,,,,,,,,,,,,,,
1412,99,4,1,33,2433.0,28,27.0,,,,,,,,,1.33,29.0,31.0,-2.0,-0.07,-0.35
8056,98,4,1,4,32.0,0,0.4,,,,,,,,,0.5,0.0,2.0,-2.0,-5.63,-4.85
682,87,4,1,25,1787.0,21,19.9,,,,,,,,,1.92,35.0,20.0,15.0,0.76,0.31
10657,77,4,1,18,740.0,8,8.2,,,,,,,,,1.33,16.0,9.0,7.0,0.85,0.95
12047,82,4,1,29,1208.0,14,13.4,,,,,,,,,1.55,21.0,17.0,4.0,0.3,0.05
5013,80,4,1,0,,0,,,,,,,,,,,,,,,
10321,80,4,1,2,180.0,2,2.0,,,,,,,,,1.5,4.0,3.0,1.0,0.5,1.44
9323,81,4,1,31,1705.0,20,18.9,,,,,,,,,1.03,15.0,27.0,-12.0,-0.63,-0.63
13003,87,4,1,0,,0,,,,,,,,,,,,,,,
5056,76,4,1,32,2335.0,29,25.9,,,,,,,,,1.75,46.0,35.0,11.0,0.42,-0.16
6431,77,4,1,33,2509.0,29,27.9,,,,,,,,,1.27,35.0,37.0,-2.0,-0.07,-0.66
11540,99,4,1,30,2326.0,28,25.8,,,,,,,,,1.43,26.0,29.0,-3.0,-0.12,-0.45
3305,99,4,1,19,519.0,6,5.8,,,,,,,,,1.21,2.0,5.0,-3.0,-0.52,-0.64
5982,81,4,1,0,,0,,,,,,,,,,,,,,,
13332,96,4,1,1,4.0,0,0.0,,,,,,,,,0.0,0.0,0.0,0.0,0.0,1.24
5985,99,4,1,1,21.0,0,0.2,,,,,,,,,3.0,0.0,1.0,-1.0,-4.29,-4.34
10833,87,4,1,0,,0,,,,,,,,,,,,,,,
14110,100,4,1,5,36.0,0,0.4,,,,,,,,,0.2,0.0,1.0,-1.0,-2.5,-2.5
13163,90,4,1,28,1618.0,21,18.0,,,,,,,,,1.36,17.0,25.0,-8.0,-0.44,-0.64
8579,95,4,1,17,1530.0,17,17.0,,,,,,,,,1.0,19.0,27.0,-8.0,-0.47,-0.18
8160,80,4,1,32,2317.0,27,25.7,,,,,,,,,0.78,25.0,50.0,-25.0,-0.97,-0.32
567,87,4,1,0,,0,,,,,,,,,,,,,,,
1174,95,4,1,0,,0,,,,,,,,,,,,,,,
13174,94,4,1,29,1523.0,14,16.9,,,,,,,,,1.62,35.0,16.0,19.0,1.12,1.45
320,98,4,1,0,,0,,,,,,,,,,,,,,,
3799,98,4,1,15,809.0,9,9.0,,,,,,,,,0.56,6.0,16.0,-10.0,-1.11,-0.39
3796,94,4,1,6,119.0,1,1.3,,,,,,,,,1.17,2.0,1.0,1.0,0.76,0.46
9076,100,4,1,38,3420.0,38,38.0,,,,,,,,,1.21,47.0,48.0,-1.0,-0.03,
5092,91,4,1,25,406.0,1,4.5,,,,,,,,,2.2,9.0,7.0,2.0,0.44,-0.96
14198,99,4,1,31,2046.0,24,22.7,,,,,,,,,1.32,26.0,27.0,-1.0,-0.04,-0.17
12488,82,4,1,1,90.0,1,1.0,,,,,,,,,3.0,2.0,0.0,2.0,2.0,1.78
12489,91,4,1,0,,0,,,,,,,,,,,,,,,
8111,91,4,1,7,419.0,4,4.7,,,,,,,,,2.71,8.0,3.0,5.0,1.07,-0.25
13845,77,4,1,37,3330.0,37,37.0,,,,,,,,,1.38,50.0,49.0,1.0,0.03,-2.97
10111,86,4,1,21,1769.0,20,19.7,,,,,,,,,1.95,37.0,23.0,14.0,0.71,-0.11
2537,94,4,1,32,2808.0,31,31.2,,,,,,,,,1.88,45.0,27.0,18.0,0.58,1.46
10993,94,4,1,14,502.0,7,5.6,,,,,,,,,1.43,7.0,4.0,3.0,0.54,0.26
2106,76,4,1,15,643.0,8,7.1,,,,,,,,,1.53,10.0,9.0,1.0,0.14,-0.41
2108,100,4,1,1,90.0,1,1.0,,,,,,,,,0.0,2.0,4.0,-2.0,-2.0,-2.03
12151,77,4,1,27,1326.0,15,14.7,,,,,,,,,1.59,20.0,13.0,7.0,0.48,0.6
568,90,4,1,0,,0,,,,,,,,,,,,,,,
1128,95,4,1,0,,0,,,,,,,,,,,,,,,
6627,77,4,1,10,688.0,7,7.6,,,,,,,,,1.6,5.0,10.0,-5.0,-0.65,-0.95
12050,82,4,1,18,833.0,9,9.3,,,,,,,,,1.56,12.0,6.0,6.0,0.65,0.51
9534,87,4,1,13,420.0,4,4.7,,,,,,,,,1.54,6.0,0.0,6.0,1.29,0.78
198,77,4,1,23,1867.0,22,20.7,,,,,,,,,1.39,28.0,25.0,3.0,0.14,0.09
8164,94,4,1,26,1654.0,18,18.4,,,,,,,,,1.73,20.0,21.0,-1.0,-0.05,-0.72
9082,76,4,1,15,1339.0,14,14.9,,,,,,,,,1.6,24.0,21.0,3.0,0.2,-0.45
505,86,4,1,0,,0,,,,,,,,,,,,,,,
11552,81,4,1,27,1530.0,16,17.0,,,,,,,,,1.04,14.0,28.0,-14.0,-0.82,-0.92
4822,89,4,1,35,2442.0,30,27.1,,,,,,,,,1.0,25.0,35.0,-10.0,-0.37,-0.09
3209,98,4,1,7,169.0,1,1.9,,,,,,,,,0.57,2.0,5.0,-3.0,-1.6,-0.82
8377,81,4,1,0,,0,,,,,,,,,,,,,,,
8119,81,4,1,0,,0,,,,,,,,,,,,,,,
5750,100,4,1,30,1815.0,21,20.2,,,,,,,,,1.4,28.0,22.0,6.0,0.3,0.69
5547,85,4,1,16,651.0,6,7.2,,,,,,,,,1.12,6.0,15.0,-9.0,-1.24,-0.63
10119,94,4,1,3,270.0,3,3.0,,,,,,,,,1.33,3.0,3.0,0.0,0.0,-0.34
14280,87,4,1,28,2472.0,28,27.5,,,,,,,,,1.93,40.0,26.0,14.0,0.51,-0.34
1920,94,4,1,11,355.0,4,3.9,,,,,,,,,1.27,7.0,5.0,2.0,0.51,0.21
275,85,4,1,37,3031.0,35,33.7,,,,,,,,,0.89,27.0,54.0,-27.0,-0.8,-0.57
3809,96,4,1,0,,0,,,,,,,,,,,,,,,
2662,75,4,1,16,1440.0,16,16.0,,,,,,,,,1.88,26.0,22.0,4.0,0.25,-0.52
4509,85,4,1,20,821.0,7,9.1,,,,,,,,,1.24,5.0,9.0,-4.0,-0.44,0.39
11673,82,4,1,29,2610.0,29,29.0,,,,,,,,,1.21,35.0,38.0,-3.0,-0.1,-1.55
494,82,4,1,22,935.0,8,10.4,,,,,,,,,1.32,16.0,8.0,8.0,0.77,0.7
4605,100,4,1,16,546.0,5,6.1,,,,,,,,,0.88,6.0,9.0,-3.0,-0.49,-0.56
8821,75,4,1,20,1362.0,15,15.1,,,,,,,,,1.95,21.0,12.0,9.0,0.59,0.07
7900,97,4,1,31,1136.0,13,12.6,,,,,,,,,1.1,15.0,27.0,-12.0,-0.95,-0.87
6470,97,4,1,31,2672.0,29,29.7,,,,,,,,,1.0,32.0,48.0,-16.0,-0.54,-0.78
11779,76,4,1,32,2784.0,32,30.9,,,,,,,,,1.88,54.0,36.0,18.0,0.58,0.58
4457,75,4,1,33,2760.0,32,30.7,,,,,,,,,1.97,57.0,29.0,28.0,0.91,1.87
12625,75,4,1,34,2713.0,30,30.1,,,,,,,,,1.82,49.0,36.0,13.0,0.43,-0.59
8339,81,4,1,1,19.0,0,0.2,,,,,,,,,1.5,1.0,2.0,-1.0,-4.74,-4.45
4982,85,4,1,0,,0,,,,,,,,,,,,,,,
13009,96,4,1,0,,0,,,,,,,,,,,,,,,
4513,94,4,1,0,,0,,,,,,,,,,,,,,,
14240,95,4,1,9,444.0,4,4.9,,,,,,,,,1.33,6.0,8.0,-2.0,-0.41,-0.04
4743,80,4,1,20,1051.0,14,11.7,,,,,,,,,0.85,10.0,27.0,-17.0,-1.46,-0.85
571,89,4,1,7,509.0,6,5.7,,,,,,,,,0.57,2.0,6.0,-4.0,-0.71,-0.43
9337,96,4,1,4,360.0,4,4.0,,,,,,,,,1.0,7.0,9.0,-2.0,-0.5,0.82
3378,100,4,1,33,2704.0,31,30.0,,,,,,,,,1.33,35.0,33.0,2.0,0.07,0.44
12523,81,4,1,1,7.0,0,0.1,,,,,,,,,0.0,0.0,1.0,-1.0,-12.86,-12.57
12585,89,4,1,25,2113.0,24,23.5,,,,,,,,,1.04,22.0,28.0,-6.0,-0.26,0.23
7426,77,4,1,0,,0,,,,,,,,,,,,,,,
3471,95,4,1,12,231.0,0,2.6,,,,,,,,,0.5,1.0,4.0,-3.0,-1.17,-0.86
3893,80,4,1,37,2785.0,31,30.9,,,,,,,,,0.73,32.0,53.0,-21.0,-0.68,1.02
9696,90,4,1,16,453.0,4,5.0,,,,,,,,,1.19,5.0,7.0,-2.0,-0.4,-0.34
13723,82,4,1,0,,0,,,,,,,,,,,,,,,
3383,75,4,1,0,,0,,,,,,,,,,,,,,,
6728,80,4,1,25,1813.0,19,20.1,,,,,,,,,0.76,19.0,36.0,-17.0,-0.84,0.05
9539,88,4,1,32,1691.0,17,18.8,,,,,,,,,1.97,26.0,16.0,10.0,0.53,-0.51
10033,85,4,1,22,1163.0,14,12.9,,,,,,,,,0.5,11.0,16.0,-5.0,-0.39,0.53
8347,82,4,1,17,924.0,9,10.3,,,,,,,,,1.35,12.0,13.0,-1.0,-0.1,-0.49
3026,98,4,1,25,998.0,11,11.1,,,,,,,,,0.58,8.0,20.0,-12.0,-1.08,-0.38
13011,85,4,1,24,1096.0,12,12.2,,,,,,,,,0.92,10.0,20.0,-10.0,-0.82,-0.12
13960,96,4,1,18,677.0,6,7.5,,,,,,,,,0.5,3.0,12.0,-9.0,-1.2,0.05
4760,95,4,1,0,,0,,,,,,,,,,,,,,,
5201,81,4,1,31,2783.0,31,30.9,,,,,,,,,1.26,34.0,39.0,-5.0,-0.16,0.83
12306,96,4,1,16,815.0,8,9.1,,,,,,,,,0.38,3.0,16.0,-13.0,-1.44,-0.26
12307,99,4,1,2,16.0,0,0.2,,,,,,,,,3.0,0.0,0.0,0.0,0.0,-0.03
3889,77,4,1,8,242.0,2,2.7,,,,,,,,,0.63,2.0,4.0,-2.0,-0.74,-0.91
3890,81,4,1,5,57.0,0,0.6,,,,,,,,,0.4,2.0,2.0,0.0,0.0,0.32
12603,90,4,1,5,62.0,0,0.7,,,,,,,,,2.0,1.0,1.0,0.0,0.0,0.11
13749,95,4,1,33,2265.0,27,25.2,,,,,,,,,1.12,28.0,43.0,-15.0,-0.6,-0.67
8349,96,4,1,0,,0,,,,,,,,,,,,,,,
5151,96,4,1,15,696.0,8,7.7,,,,,,,,,0.4,5.0,14.0,-9.0,-1.16,0.09
9543,94,4,1,3,55.0,1,0.6,,,,,,,,,2.0,1.0,1.0,0.0,0.0,-0.32
3659,87,4,1,27,1925.0,22,21.4,,,,,,,,,1.81,34.0,20.0,14.0,0.65,0.11
10841,99,4,1,34,2728.0,29,30.3,,,,,,,,,1.35,33.0,30.0,3.0,0.1,0.36
6704,89,4,1,9,99.0,0,1.1,,,,,,,,,0.56,0.0,2.0,-2.0,-1.82,-1.52
9905,99,4,1,29,1719.0,18,19.1,,,,,,,,,1.45,25.0,21.0,4.0,0.21,0.37
2785,94,4,1,7,227.0,2,2.5,,,,,,,,,0.86,3.0,0.0,3.0,1.19,0.94
8687,76,4,1,3,24.0,0,0.3,,,,,,,,,0.33,1.0,1.0,0.0,0.0,-0.48
1627,75,4,1,9,240.0,2,2.7,,,,,,,,,2.11,4.0,3.0,1.0,0.37,-0.19
13114,86,4,1,27,1945.0,22,21.6,,,,,,,,,1.74,41.0,25.0,16.0,0.74,-0.05
12744,99,4,1,0,,0,,,,,,,,,,,,,,,
14127,100,4,1,37,3190.0,37,35.4,,,,,,,,,1.24,42.0,44.0,-2.0,-0.06,-0.45
12745,81,4,1,11,603.0,6,6.7,,,,,,,,,1.27,8.0,9.0,-1.0,-0.15,0.2
4929,94,4,1,14,769.0,10,8.5,,,,,,,,,1.71,14.0,9.0,5.0,0.59,0.35
5359,96,4,1,20,1716.0,19,19.1,,,,,,,,,0.5,16.0,36.0,-20.0,-1.05,0.38
11711,98,4,1,14,1003.0,11,11.1,,,,,,,,,0.73,9.0,20.0,-11.0,-0.99,-0.24
4948,96,4,1,5,198.0,2,2.2,,,,,,,,,0.6,1.0,5.0,-4.0,-1.82,-0.62
9702,88,4,1,35,2770.0,33,30.8,,,,,,,,,1.94,50.0,23.0,27.0,0.88,0.46
5040,97,4,1,0,,0,,,,,,,,,,,,,,,
3333,87,4,1,2,123.0,1,1.4,,,,,,,,,2.0,3.0,1.0,2.0,1.46,0.89
10662,94,4,1,33,2197.0,26,24.4,,,,,,,,,1.61,29.0,24.0,5.0,0.2,-0.31
1087,91,4,1,36,3050.0,36,33.9,,,,,,,,,2.33,69.0,26.0,43.0,1.27,-0.19
8460,80,4,1,15,746.0,9,8.3,,,,,,,,,0.33,9.0,17.0,-8.0,-0.97,-0.12
10765,94,4,1,13,890.0,12,9.9,,,,,,,,,1.85,7.0,8.0,-1.0,-0.1,-0.56
581,96,4,1,22,1540.0,16,17.1,,,,,,,,,0.45,13.0,34.0,-21.0,-1.23,0.02
578,91,4,1,1,12.0,0,0.1,,,,,,,,,3.0,0.0,0.0,0.0,0.0,-1.29
9707,86,4,1,2,27.0,0,0.3,,,,,,,,,3.0,1.0,0.0,1.0,3.33,2.59
3663,76,4,1,25,1390.0,16,15.4,,,,,,,,,1.68,18.0,20.0,-2.0,-0.13,-1.02
3244,76,4,1,21,1471.0,18,16.3,,,,,,,,,1.81,34.0,22.0,12.0,0.73,0.46
7502,91,4,1,3,20.0,0,0.2,,,,,,,,,0.67,0.0,1.0,-1.0,-4.5,-5.82
3392,85,4,1,1,10.0,0,0.1,,,,,,,,,0.0,0.0,1.0,-1.0,-9.0,-8.29
9384,100,4,1,7,353.0,4,3.9,,,,,,,,,1.0,4.0,6.0,-2.0,-0.51,-0.54
600,91,4,1,10,198.0,2,2.2,,,,,,,,,2.5,5.0,3.0,2.0,0.91,-0.4
11679,91,4,1,37,2287.0,27,25.4,,,,,,,,,2.35,57.0,21.0,36.0,1.42,0.38
3213,99,4,1,9,406.0,4,4.5,,,,,,,,,1.56,6.0,5.0,1.0,0.22,0.22
7149,77,4,1,19,822.0,5,9.1,,,,,,,,,1.21,17.0,11.0,6.0,0.66,0.73
6472,98,4,1,5,334.0,4,3.7,,,,,,,,,1.2,6.0,4.0,2.0,0.54,1.5
10421,76,4,1,9,222.0,1,2.5,,,,,,,,,2.22,6.0,3.0,3.0,1.22,0.79
10426,97,4,1,10,657.0,7,7.3,,,,,,,,,1.4,10.0,11.0,-1.0,-0.14,0.29
4381,96,4,1,0,,0,,,,,,,,,,,,,,,
11556,98,4,1,1,74.0,0,0.8,,,,,,,,,1.0,1.0,2.0,-1.0,-1.22,-0.41
13244,82,4,1,2,32.0,0,0.4,,,,,,,,,2.0,1.0,0.0,1.0,2.81,2.57
13245,98,4,1,10,427.0,3,4.7,,,,,,,,,1.18,5.0,6.0,-1.0,-0.21,0.69
10114,85,4,1,28,1366.0,14,15.2,,,,,,,,,0.86,15.0,23.0,-8.0,-0.53,0.35
4489,96,4,1,32,2171.0,27,24.1,,,,,,,,,0.44,16.0,47.0,-31.0,-1.29,-0.13
6072,100,4,2,0,,0,,,,,,,,,,,,,,,
13279,94,4,2,8,242.0,2,2.7,,,,,,,,,1.38,4.0,4.0,0.0,0.0,-0.54
12473,97,4,2,0,,0,,,,,,,,,,,,,,,
4654,86,4,2,29,2388.0,26,26.5,,,,,,,,,2.41,55.0,19.0,36.0,1.36,-1.35
9199,88,4,2,0,,0,,,,,,,,,,,,,,,
14318,75,4,2,24,1407.0,17,15.6,,,,,,,,,1.88,25.0,22.0,3.0,0.19,-0.88
9978,77,4,2,36,2230.0,26,24.8,,,,,,,,,1.81,29.0,20.0,9.0,0.36,-0.62
8556,86,4,2,1,5.0,0,0.1,,,,,,,,,3.0,1.0,0.0,1.0,18.0,16.26
7356,85,4,2,0,,0,,,,,,,,,,,,,,,
9255,100,4,2,1,10.0,0,0.1,,,,,,,,,1.0,0.0,0.0,0.0,0.0,0.42
3682,86,4,2,1,15.0,0,0.2,,,,,,,,,3.0,0.0,0.0,0.0,0.0,-1.77
6339,90,4,2,19,705.0,8,7.8,,,,,,,,,1.37,9.0,10.0,-1.0,-0.13,0.24
3125,84,4,2,6,57.0,0,0.6,,,,,,,,,1.33,0.0,0.0,0.0,0.0,0.0
8581,88,4,2,33,2311.0,29,25.7,,,,,,,,,1.55,32.0,26.0,6.0,0.23,-0.09
2299,87,4,2,10,380.0,3,4.2,,,,,,,,,1.4,8.0,5.0,3.0,0.71,0.12
4491,94,4,2,0,,0,,,,,,,,,,,,,,,
11333,95,4,2,0,,0,,,,,,,,,,,,,,,
11691,89,4,2,30,2107.0,25,23.4,,,,,,,,,0.97,20.0,32.0,-12.0,-0.51,0.17
299,97,4,2,0,,0,,,,,,,,,,,,,,,
8305,82,4,2,2,22.0,0,0.2,,,,,,,,,1.5,0.0,0.0,0.0,0.0,-0.4
2158,85,4,2,10,579.0,7,6.4,,,,,,,,,1.0,7.0,12.0,-5.0,-0.78,-0.52
13044,82,4,2,0,,0,,,,,,,,,,,,,,,
4386,88,4,2,38,2770.0,33,30.8,,,,,,,,,1.61,38.0,31.0,7.0,0.23,-0.19
1250,94,4,2,16,1141.0,14,12.7,,,,,,,,,1.75,22.0,16.0,6.0,0.47,-0.04
5972,99,4,2,0,,0,,,,,,,,,,,,,,,
5446,94,4,2,16,756.0,9,8.4,,,,,,,,,1.69,12.0,9.0,3.0,0.36,-0.18
9671,84,4,2,0,,0,,,,,,,,,,,,,,,
12034,84,4,2,0,,0,,,,,,,,,,,,,,,
12986,78,4,2,1,1.0,0,0.0,,,,,,,,,0.0,0.0,1.0,-1.0,-90.0,-89.34
9238,86,4,2,27,801.0,5,8.9,,,,,,,,,2.59,22.0,5.0,17.0,1.91,0.19
7910,86,4,2,23,787.0,6,8.7,,,,,,,,,2.61,26.0,3.0,23.0,2.63,1.13
3916,86,4,2,4,337.0,4,3.7,,,,,,,,,1.75,8.0,3.0,5.0,1.34,-0.47
13686,78,4,2,32,2418.0,28,26.9,,,,,,,,,1.06,32.0,46.0,-14.0,-0.52,0.56
2303,86,4,2,37,1725.0,14,19.2,,,,,,,,,2.51,49.0,8.0,41.0,2.14,0.76
14356,86,4,2,16,904.0,9,10.0,,,,,,,,,2.5,26.0,6.0,20.0,1.99,0.31
12661,94,4,2,23,585.0,3,6.5,,,,,,,,,1.61,18.0,6.0,12.0,1.85,1.62
11450,78,4,2,25,950.0,9,10.6,,,,,,,,,0.96,9.0,19.0,-10.0,-0.95,-0.36
11191,77,4,2,18,547.0,5,6.1,,,,,,,,,1.78,8.0,7.0,1.0,0.16,-0.49
10103,84,4,2,33,2535.0,32,28.2,,,,,,,,,1.27,34.0,30.0,4.0,0.14,0.55
6023,83,4,2,11,500.0,6,5.6,,,,,,,,,1.09,9.0,7.0,2.0,0.36,1.19
10648,77,4,2,1,5.0,0,0.1,,,,,,,,,0.0,0.0,0.0,0.0,0.0,-0.58
10539,97,4,2,28,1310.0,15,14.6,,,,,,,,,0.82,20.0,35.0,-15.0,-1.03,-0.31
10152,76,4,2,14,382.0,3,4.2,,,,,,,,,1.29,2.0,7.0,-5.0,-1.18,-2.21
13690,81,4,2,14,745.0,8,8.3,,,,,,,,,0.57,3.0,14.0,-11.0,-1.33,-0.86
13692,94,4,2,13,518.0,6,5.8,,,,,,,,,1.69,8.0,6.0,2.0,0.35,-0.18
7954,89,4,2,21,1350.0,17,15.0,,,,,,,,,1.0,15.0,24.0,-9.0,-0.6,-0.03
2922,85,4,2,14,446.0,3,5.0,,,,,,,,,1.21,6.0,11.0,-5.0,-1.01,-0.77
9672,84,4,2,27,2306.0,27,25.6,,,,,,,,,1.37,28.0,32.0,-4.0,-0.16,-0.48
1365,82,4,2,21,808.0,8,9.0,,,,,,,,,1.62,15.0,10.0,5.0,0.56,0.21
10733,86,4,2,37,2846.0,34,31.6,,,,,,,,,2.46,72.0,18.0,54.0,1.71,-0.33
4017,83,4,2,36,2811.0,32,31.2,,,,,,,,,0.94,36.0,54.0,-18.0,-0.58,0.46
3215,75,4,2,6,79.0,0,0.9,,,,,,,,,2.67,2.0,0.0,2.0,2.28,1.61
1091,75,4,2,0,,0,,,,,,,,,,,,,,,
4330,89,4,2,37,3294.0,37,36.6,,,,,,,,,0.95,31.0,54.0,-23.0,-0.63,-1.34
13661,88,4,2,0,,0,,,,,,,,,,,,,,,
13664,95,4,2,15,1162.0,14,12.9,,,,,,,,,0.2,6.0,23.0,-17.0,-1.32,-0.04
519,86,4,2,28,2268.0,28,25.2,,,,,,,,,2.43,53.0,16.0,37.0,1.47,-0.88
12987,81,4,2,16,745.0,9,8.3,,,,,,,,,1.13,4.0,14.0,-10.0,-1.21,-0.7
2140,99,4,2,0,,0,,,,,,,,,,,,,,,
11928,85,4,2,2,90.0,1,1.0,,,,,,,,,1.0,2.0,2.0,0.0,0.0,0.35
11835,99,4,2,37,3046.0,36,33.8,,,,,,,,,1.41,31.0,33.0,-2.0,-0.06,-0.54
1094,82,4,2,15,949.0,11,10.5,,,,,,,,,1.33,17.0,15.0,2.0,0.19,-0.28
1096,94,4,2,14,679.0,6,7.5,,,,,,,,,1.43,12.0,12.0,0.0,0.0,-0.62
8465,82,4,2,32,1692.0,21,18.8,,,,,,,,,1.44,32.0,21.0,11.0,0.59,0.38
5783,75,4,2,20,1151.0,13,12.8,,,,,,,,,1.9,26.0,19.0,7.0,0.55,-0.25
523,85,4,2,0,,0,,,,,,,,,,,,,,,
3578,97,4,2,17,1431.0,17,15.9,,,,,,,,,1.12,23.0,27.0,-4.0,-0.25,1.02
1766,81,4,2,24,1762.0,22,19.6,,,,,,,,,1.21,17.0,30.0,-13.0,-0.66,-0.01
4161,81,4,2,14,1260.0,14,14.0,,,,,,,,,0.86,10.0,25.0,-15.0,-1.07,-0.65
9869,89,4,2,6,205.0,2,2.3,,,,,,,,,0.67,0.0,3.0,-3.0,-1.32,-0.79
13997,77,4,2,32,2307.0,26,25.6,,,,,,,,,1.88,36.0,20.0,16.0,0.62,0.14
525,90,4,2,0,,0,,,,,,,,,,,,,,,
1975,100,4,2,1,74.0,1,0.8,,,,,,,,,0.0,0.0,3.0,-3.0,-3.65,-3.3
3220,90,4,2,1,3.0,0,0.0,,,,,,,,,3.0,0.0,0.0,0.0,0.0,0.32
12498,77,4,2,30,2547.0,29,28.3,,,,,,,,,1.9,40.0,27.0,13.0,0.46,-0.47
2555,82,4,2,0,,0,,,,,,,,,,,,,,,
2716,99,4,2,0,,0,,,,,,,,,,,,,,,
13064,83,4,2,0,,0,,,,,,,,,,,,,,,
6033,100,4,2,24,2084.0,23,23.2,,,,,,,,,1.0,18.0,29.0,-11.0,-0.48,-0.14
3781,76,4,2,11,394.0,3,4.4,,,,,,,,,2.18,6.0,3.0,3.0,0.69,-0.12
2789,82,4,2,29,2356.0,27,26.2,,,,,,,,,1.59,39.0,31.0,8.0,0.31,-0.29
3223,84,4,2,1,90.0,1,1.0,,,,,,,,,0.0,1.0,4.0,-3.0,-3.0,-3.08
12592,90,4,2,35,2013.0,22,22.4,,,,,,,,,1.2,25.0,33.0,-8.0,-0.36,-0.1
753,89,4,2,31,1642.0,16,18.2,,,,,,,,,1.16,19.0,25.0,-6.0,-0.33,0.48
6473,95,4,2,7,238.0,4,2.6,,,,,,,,,0.29,2.0,9.0,-7.0,-2.65,-1.46
11658,94,4,2,0,,0,,,,,,,,,,,,,,,
3921,95,4,2,12,535.0,7,5.9,,,,,,,,,0.5,3.0,14.0,-11.0,-1.85,-0.67
3918,84,4,2,5,56.0,0,0.6,,,,,,,,,2.6,0.0,0.0,0.0,0.0,0.0
2931,97,4,2,30,2022.0,23,22.5,,,,,,,,,0.93,29.0,42.0,-13.0,-0.58,0.64
4969,82,4,2,31,2277.0,27,25.3,,,,,,,,,1.35,35.0,29.0,6.0,0.24,-0.47
4334,85,4,2,24,1016.0,10,11.3,,,,,,,,,0.88,13.0,12.0,1.0,0.09,0.61
8387,95,4,2,0,,0,,,,,,,,,,,,,,,
14147,90,4,2,25,1475.0,14,16.4,,,,,,,,,1.28,20.0,27.0,-7.0,-0.43,-0.2
5070,76,4,2,2,89.0,1,1.0,,,,,,,,,1.5,2.0,1.0,1.0,1.01,0.23
7635,83,4,2,6,309.0,3,3.4,,,,,,,,,1.33,1.0,10.0,-9.0,-2.62,-2.16
7633,77,4,2,1,90.0,1,1.0,,,,,,,,,1.0,1.0,1.0,0.0,0.0,-0.59
747,89,4,2,0,,0,,,,,,,,,,,,,,,
4900,83,4,2,1,24.0,0,0.3,,,,,,,,,0.0,0.0,1.0,-1.0,-3.75,-3.11
4101,95,4,2,7,316.0,4,3.5,,,,,,,,,0.43,2.0,7.0,-5.0,-1.42,-0.15
9872,83,4,2,10,200.0,3,2.2,,,,,,,,,0.9,1.0,9.0,-8.0,-3.6,-3.12
3735,94,4,2,31,1780.0,18,19.8,,,,,,,,,1.68,30.0,21.0,9.0,0.46,-0.09
3574,95,4,2,34,2749.0,30,30.5,,,,,,,,,0.44,24.0,65.0,-41.0,-1.34,-0.27
4338,89,4,2,0,,0,,,,,,,,,,,,,,,
7153,82,4,2,11,652.0,8,7.2,,,,,,,,,1.82,13.0,11.0,2.0,0.28,-0.15
5114,87,4,2,36,3233.0,36,35.9,,,,,,,,,1.86,50.0,29.0,21.0,0.58,-0.38
2137,100,4,2,8,189.0,2,2.1,,,,,,,,,1.38,0.0,1.0,-1.0,-0.48,-0.06
9036,83,4,2,36,2321.0,24,25.8,,,,,,,,,0.94,29.0,49.0,-20.0,-0.78,-0.37
9589,99,4,2,0,,0,,,,,,,,,,,,,,,
3675,95,4,2,4,52.0,0,0.6,,,,,,,,,1.0,0.0,4.0,-4.0,-6.92,-5.72
13258,86,4,2,10,161.0,0,1.8,,,,,,,,,1.9,6.0,0.0,6.0,3.35,1.67
533,99,4,2,29,2527.0,29,28.1,,,,,,,,,1.52,29.0,22.0,7.0,0.25,0.95
11855,89,4,2,1,8.0,0,0.1,,,,,,,,,3.0,2.0,0.0,2.0,22.5,23.13
7178,95,4,2,12,678.0,8,7.5,,,,,,,,,0.33,2.0,14.0,-12.0,-1.59,-0.38
8233,81,4,2,31,1912.0,18,21.2,,,,,,,,,1.1,22.0,30.0,-8.0,-0.38,0.64
6407,91,4,2,26,1016.0,11,11.3,,,,,,,,,1.62,18.0,18.0,0.0,0.0,-0.26
10738,85,4,2,0,,0,,,,,,,,,,,,,,,
3226,75,4,2,29,2185.0,26,24.3,,,,,,,,,2.07,49.0,27.0,22.0,0.91,0.54
12037,77,4,2,30,2349.0,26,26.1,,,,,,,,,1.97,44.0,20.0,24.0,0.92,1.09
9674,75,4,2,1,33.0,0,0.4,,,,,,,,,1.0,1.0,3.0,-2.0,-5.45,-6.23
8389,90,4,2,29,2141.0,23,23.8,,,,,,,,,1.1,25.0,37.0,-12.0,-0.5,-0.5
5251,86,4,2,32,2556.0,32,28.4,,,,,,,,,2.47,59.0,19.0,40.0,1.41,-1.4
534,86,4,2,0,,0,,,,,,,,,,,,,,,
12989,84,4,2,0,,0,,,,,,,,,,,,,,,
4151,100,4,2,0,,0,,,,,,,,,,,,,,,
4659,75,4,2,2,14.0,0,0.2,,,,,,,,,3.0,0.0,0.0,0.0,0.0,-0.71
10742,81,4,2,37,2553.0,29,28.4,,,,,,,,,0.97,20.0,42.0,-22.0,-0.78,-0.46
1099,87,4,2,34,2372.0,28,26.4,,,,,,,,,1.82,31.0,22.0,9.0,0.34,-0.86
9590,81,4,2,36,1788.0,18,19.9,,,,,,,,,0.92,17.0,25.0,-8.0,-0.4,0.53
1384,95,4,2,34,2750.0,32,30.6,,,,,,,,,0.47,23.0,60.0,-37.0,-1.21,0.4
8574,83,4,2,1,16.0,0,0.2,,,,,,,,,0.0,0.0,1.0,-1.0,-5.63,-4.99
3835,78,4,2,0,,0,,,,,,,,,,,,,,,
4995,90,4,2,6,285.0,4,3.2,,,,,,,,,0.83,4.0,5.0,-1.0,-0.32,0.0
3805,81,4,2,23,2070.0,23,23.0,,,,,,,,,1.04,19.0,27.0,-8.0,-0.35,0.79
4665,81,4,2,20,1268.0,15,14.1,,,,,,,,,0.7,8.0,22.0,-14.0,-0.99,-0.53
1103,90,4,2,21,1487.0,16,16.5,,,,,,,,,1.29,17.0,17.0,0.0,0.0,0.56
4711,90,4,2,0,,0,,,,,,,,,,,,,,,
13931,90,4,2,31,1169.0,10,13.0,,,,,,,,,1.16,14.0,20.0,-6.0,-0.46,-0.22
9038,76,4,2,27,2425.0,27,26.9,,,,,,,,,1.85,53.0,30.0,23.0,0.85,0.22
10746,88,4,2,20,1559.0,16,17.3,,,,,,,,,1.5,22.0,24.0,-2.0,-0.12,-0.7
5105,83,4,2,14,417.0,2,4.6,,,,,,,,,0.93,10.0,10.0,0.0,0.0,0.75
13935,88,4,2,35,1682.0,16,18.7,,,,,,,,,1.6,25.0,15.0,10.0,0.54,0.54
12533,97,4,2,17,536.0,6,6.0,,,,,,,,,0.71,8.0,12.0,-4.0,-0.67,0.2
12643,77,4,2,8,242.0,2,2.7,,,,,,,,,1.5,4.0,2.0,2.0,0.74,0.18
4861,82,4,2,6,367.0,5,4.1,,,,,,,,,2.5,8.0,7.0,1.0,0.25,-0.17
3039,88,4,2,28,1361.0,15,15.1,,,,,,,,,1.68,19.0,20.0,-1.0,-0.07,-0.55
3310,85,4,2,0,,0,,,,,,,,,,,,,,,
3923,97,4,2,11,176.0,0,2.0,,,,,,,,,0.55,0.0,8.0,-8.0,-4.09,-3.43
14611,94,4,2,17,671.0,6,7.5,,,,,,,,,1.59,12.0,11.0,1.0,0.13,-0.46
4229,85,4,2,10,676.0,7,7.5,,,,,,,,,1.1,8.0,11.0,-3.0,-0.4,-0.07
9988,83,4,2,8,675.0,7,7.5,,,,,,,,,1.38,7.0,11.0,-4.0,-0.53,0.16
408,81,4,2,12,545.0,10,6.1,,,,,,,,,1.58,6.0,6.0,0.0,0.0,0.78
8149,87,4,2,1,7.0,0,0.1,,,,,,,,,0.0,0.0,0.0,0.0,0.0,-0.61
2468,85,4,2,2,25.0,0,0.3,,,,,,,,,0.5,0.0,1.0,-1.0,-3.6,-3.28
14134,83,4,2,36,2120.0,24,23.6,,,,,,,,,0.89,23.0,44.0,-21.0,-0.89,-0.61
8576,94,4,2,0,,0,,,,,,,,,,,,,,,
4346,87,4,2,33,2197.0,25,24.4,,,,,,,,,1.76,35.0,22.0,13.0,0.53,-0.2
9678,85,4,2,0,,0,,,,,,,,,,,,,,,
11016,82,4,2,4,360.0,4,4.0,,,,,,,,,1.0,8.0,9.0,-1.0,-0.25,-0.72
12550,75,4,2,24,1017.0,12,11.3,,,,,,,,,2.08,25.0,17.0,8.0,0.71,0.0
4,99,4,2,0,,0,,,,,,,,,,,,,,,
870,85,4,2,1,8.0,0,0.1,,,,,,,,,1.0,0.0,0.0,0.0,0.0,0.34
4321,84,4,2,0,,0,,,,,,,,,,,,,,,
10349,76,4,2,0,,0,,,,,,,,,,,,,,,
5054,90,4,2,1,15.0,0,0.2,,,,,,,,,1.0,0.0,0.0,0.0,0.0,0.32
5053,84,4,2,5,106.0,1,1.2,,,,,,,,,1.8,3.0,0.0,3.0,2.55,2.63
11354,90,4,2,22,1598.0,18,17.8,,,,,,,,,1.32,16.0,20.0,-4.0,-0.23,0.17
9408,84,4,2,0,,0,,,,,,,,,,,,,,,
8151,90,4,2,0,,0,,,,,,,,,,,,,,,
8314,90,4,2,25,1359.0,16,15.1,,,,,,,,,1.24,16.0,15.0,1.0,0.07,0.63
8310,75,4,2,0,,0,,,,,,,,,,,,,,,
9596,76,4,2,0,,0,,,,,,,,,,,,,,,
1108,90,4,2,38,2657.0,36,29.5,,,,,,,,,1.18,28.0,40.0,-12.0,-0.41,-0.41
11661,76,4,2,0,,0,,,,,,,,,,,,,,,
11663,82,4,2,4,43.0,0,0.5,,,,,,,,,3.0,2.0,0.0,2.0,4.19,3.84
1110,97,4,2,35,3150.0,35,35.0,,,,,,,,,0.74,36.0,68.0,-32.0,-0.91,-0.91
10777,91,4,2,1,17.0,0,0.2,,,,,,,,,1.0,0.0,0.0,0.0,0.0,-0.19
3414,85,4,2,24,1634.0,18,18.2,,,,,,,,,1.21,22.0,25.0,-3.0,-0.17,0.34
13700,77,4,2,9,195.0,1,2.2,,,,,,,,,1.44,4.0,1.0,3.0,1.38,0.85
6429,89,4,2,1,9.0,0,0.1,,,,,,,,,0.0,0.0,2.0,-2.0,-20.0,-19.47
4970,81,4,2,1,5.0,0,0.1,,,,,,,,,0.0,0.0,0.0,0.0,0.0,0.66
2558,85,4,2,0,,0,,,,,,,,,,,,,,,
6619,86,4,2,0,,0,,,,,,,,,,,,,,,
538,76,4,2,0,,0,,,,,,,,,,,,,,,
6585,94,4,2,3,14.0,0,0.2,,,,,,,,,0.0,0.0,1.0,-1.0,-6.43,-6.96
1935,95,4,2,13,1170.0,13,13.0,,,,,,,,,0.69,13.0,29.0,-16.0,-1.23,0.09
7987,88,4,2,0,,0,,,,,,,,,,,,,,,
7992,95,4,2,28,2082.0,25,23.1,,,,,,,,,0.54,23.0,51.0,-28.0,-1.21,0.2
8843,95,4,2,1,3.0,0,0.0,,,,,,,,,1.0,0.0,0.0,0.0,0.0,1.29
587,97,4,2,3,270.0,3,3.0,,,,,,,,,1.33,7.0,7.0,0.0,0.0,0.91
4985,87,4,2,0,,0,,,,,,,,,,,,,,,
2174,94,4,2,37,3289.0,37,36.5,,,,,,,,,1.62,63.0,44.0,19.0,0.52,0.52
7206,85,4,2,4,109.0,1,1.2,,,,,,,,,0.5,0.0,0.0,0.0,0.0,0.35
7211,86,4,2,10,267.0,0,3.0,,,,,,,,,2.1,8.0,0.0,8.0,2.7,1.01
9352,83,4,2,22,534.0,6,5.9,,,,,,,,,0.86,8.0,7.0,1.0,0.17,0.98
4669,94,4,2,0,,0,,,,,,,,,,,,,,,
3043,90,4,2,24,1536.0,16,17.1,,,,,,,,,1.13,18.0,20.0,-2.0,-0.12,0.36
8577,91,4,2,0,,0,,,,,,,,,,,,,,,
5072,87,4,2,0,,0,,,,,,,,,,,,,,,
2560,82,4,2,0,,0,,,,,,,,,,,,,,,
8745,82,4,2,0,,0,,,,,,,,,,,,,,,
4544,95,4,2,14,744.0,8,8.3,,,,,,,,,0.36,7.0,19.0,-12.0,-1.45,-0.21
3035,87,4,2,29,2452.0,27,27.2,,,,,,,,,1.83,41.0,22.0,19.0,0.7,0.33
9598,86,4,2,33,2404.0,27,26.7,,,,,,,,,2.61,62.0,15.0,47.0,1.76,-0.01
7215,85,4,2,22,1497.0,17,16.6,,,,,,,,,0.95,18.0,21.0,-3.0,-0.18,0.29
7561,100,4,2,8,186.0,0,2.1,,,,,,,,,1.5,4.0,2.0,2.0,0.97,1.47
11470,85,4,2,28,2143.0,25,23.8,,,,,,,,,1.0,20.0,31.0,-11.0,-0.46,-0.32
2443,76,4,2,35,2026.0,25,22.5,,,,,,,,,1.77,48.0,27.0,21.0,0.93,0.35
9683,87,4,2,1,45.0,1,0.5,,,,,,,,,0.0,0.0,0.0,0.0,0.0,-0.61
8316,77,4,2,15,674.0,7,7.5,,,,,,,,,1.87,11.0,7.0,4.0,0.53,-0.06
7854,84,4,2,29,2380.0,26,26.4,,,,,,,,,1.31,33.0,29.0,4.0,0.15,0.5
5178,97,4,2,20,757.0,7,8.4,,,,,,,,,0.8,8.0,14.0,-6.0,-0.71,0.17
540,78,4,2,27,1608.0,19,17.9,,,,,,,,,1.04,15.0,29.0,-14.0,-0.78,-0.19
13704,76,4,2,0,,0,,,,,,,,,,,,,,,
543,99,4,2,1,15.0,0,0.2,,,,,,,,,3.0,2.0,0.0,2.0,12.0,12.05
822,99,4,2,0,,0,,,,,,,,,,,,,,,
3419,91,4,2,2,73.0,1,0.8,,,,,,,,,2.0,1.0,0.0,1.0,1.23,1.07
8042,91,4,2,3,24.0,0,0.3,,,,,,,,,2.33,1.0,0.0,1.0,3.75,3.59
7544,89,4,2,0,,0,,,,,,,,,,,,,,,
5976,78,4,2,0,,0,,,,,,,,,,,,,,,
9685,81,4,2,15,366.0,3,4.1,,,,,,,,,0.67,4.0,9.0,-5.0,-1.23,-0.64
4349,89,4,2,2,15.0,0,0.2,,,,,,,,,2.0,2.0,0.0,2.0,12.0,12.63
11784,86,4,2,1,23.0,0,0.3,,,,,,,,,1.0,0.0,0.0,0.0,0.0,-1.78
9993,90,4,2,33,2872.0,33,31.9,,,,,,,,,1.33,31.0,35.0,-4.0,-0.13,1.19
5075,91,4,2,36,3234.0,36,35.9,,,,,,,,,1.42,52.0,45.0,7.0,0.19,0.19
545,78,4,2,15,359.0,2,4.0,,,,,,,,,0.73,2.0,10.0,-8.0,-2.01,-1.48
12189,95,4,2,0,,0,,,,,,,,,,,,,,,
2065,95,4,2,17,1143.0,12,12.7,,,,,,,,,0.35,9.0,30.0,-21.0,-1.65,-0.55
13018,76,4,2,0,,0,,,,,,,,,,,,,,,
13019,85,4,2,0,,0,,,,,,,,,,,,,,,
12765,100,4,2,0,,0,,,,,,,,,,,,,,,
4351,86,4,2,30,2077.0,29,23.1,,,,,,,,,2.5,54.0,17.0,37.0,1.6,-0.41
13480,87,4,2,1,17.0,0,0.2,,,,,,,,,3.0,0.0,0.0,0.0,0.0,-0.61
7834,99,4,2,13,759.0,8,8.4,,,,,,,,,1.38,10.0,8.0,2.0,0.24,0.3
1943,76,4,2,37,2832.0,32,31.5,,,,,,,,,1.86,60.0,32.0,28.0,0.89,0.58
3564,82,4,2,9,523.0,7,5.8,,,,,,,,,1.56,10.0,14.0,-4.0,-0.69,-1.28
7108,85,4,2,12,830.0,11,9.2,,,,,,,,,1.08,9.0,12.0,-3.0,-0.33,0.02
7109,97,4,2,16,1343.0,15,14.9,,,,,,,,,0.63,14.0,32.0,-18.0,-1.21,-0.6
10682,77,4,2,2,102.0,1,1.1,,,,,,,,,0.5,0.0,3.0,-3.0,-2.65,-3.33
5101,90,4,2,4,36.0,0,0.4,,,,,,,,,0.8,5.0,6.0,-1.0,-2.5,-2.21
11360,89,4,2,32,1564.0,17,17.4,,,,,,,,,1.06,14.0,20.0,-6.0,-0.35,0.43
413,78,4,2,35,2977.0,33,33.1,,,,,,,,,1.0,36.0,51.0,-15.0,-0.45,1.78
11752,84,4,2,19,1710.0,19,19.0,,,,,,,,,1.11,20.0,24.0,-4.0,-0.21,-0.42
11098,85,4,2,32,2456.0,29,27.3,,,,,,,,,1.13,31.0,36.0,-5.0,-0.18,0.56
3359,86,4,2,31,1639.0,19,18.2,,,,,,,,,2.35,46.0,13.0,33.0,1.81,0.09
814,82,4,2,30,1888.0,24,21.0,,,,,,,,,1.63,35.0,25.0,10.0,0.48,0.18
11453,94,4,2,28,1959.0,25,21.8,,,,,,,,,1.79,45.0,27.0,18.0,0.83,0.77
4453,100,4,2,31,1700.0,20,18.9,,,,,,,,,0.9,20.0,29.0,-9.0,-0.48,-0.11
4026,100,4,2,1,8.0,0,0.1,,,,,,,,,1.0,0.0,0.0,0.0,0.0,0.42
13837,81,4,2,15,1099.0,11,12.2,,,,,,,,,0.8,5.0,16.0,-11.0,-0.9,-0.36
3715,76,4,2,36,2869.0,32,31.9,,,,,,,,,1.75,54.0,38.0,16.0,0.5,-1.78
7801,100,4,2,23,955.0,11,10.6,,,,,,,,,0.87,9.0,15.0,-6.0,-0.57,-0.2
14006,75,4,2,0,,0,,,,,,,,,,,,,,,
3975,81,4,2,1,5.0,0,0.1,,,,,,,,,0.0,0.0,0.0,0.0,0.0,0.66
2214,84,4,2,29,1131.0,10,12.6,,,,,,,,,1.28,16.0,15.0,1.0,0.08,0.12
3892,95,4,2,0,,0,,,,,,,,,,,,,,,
3828,91,4,2,11,339.0,4,3.8,,,,,,,,,1.64,3.0,5.0,-2.0,-0.53,-0.79
9307,97,4,2,32,2618.0,31,29.1,,,,,,,,,0.91,38.0,47.0,-9.0,-0.31,2.27
12730,89,4,2,0,,0,,,,,,,,,,,,,,,
5078,77,4,2,27,1057.0,11,11.7,,,,,,,,,2.0,17.0,12.0,5.0,0.43,-0.22
10752,87,4,2,8,437.0,4,4.9,,,,,,,,,1.88,8.0,4.0,4.0,0.82,0.25
9602,97,4,2,0,,0,,,,,,,,,,,,,,,
14275,89,4,2,38,3420.0,38,38.0,,,,,,,,,1.0,32.0,54.0,-22.0,-0.58,
3234,85,4,2,11,602.0,7,6.7,,,,,,,,,0.45,3.0,11.0,-8.0,-1.2,-1.04
3232,82,4,2,8,392.0,4,4.4,,,,,,,,,1.38,7.0,8.0,-1.0,-0.23,-0.71
4972,89,4,2,0,,0,,,,,,,,,,,,,,,
4355,95,4,2,17,1355.0,15,15.1,,,,,,,,,0.61,15.0,31.0,-16.0,-1.06,0.38
5978,81,4,2,31,1232.0,14,13.7,,,,,,,,,1.0,11.0,24.0,-13.0,-0.95,-0.46
8202,77,4,2,31,2712.0,31,30.1,,,,,,,,,1.87,41.0,24.0,17.0,0.56,-0.07
12609,88,4,2,0,,0,,,,,,,,,,,,,,,
13706,95,4,2,0,,0,,,,,,,,,,,,,,,
1114,90,4,2,1,10.0,0,0.1,,,,,,,,,0.0,0.0,0.0,0.0,0.0,0.32
6594,100,4,2,35,1822.0,18,20.2,,,,,,,,,1.0,25.0,31.0,-6.0,-0.3,0.27
12890,84,4,2,3,35.0,0,0.4,,,,,,,,,0.33,0.0,2.0,-2.0,-5.14,-5.2
14059,95,4,2,4,360.0,4,4.0,,,,,,,,,0.6,8.0,10.0,-2.0,-0.5,0.88
549,75,4,2,31,1732.0,19,19.2,,,,,,,,,1.84,35.0,23.0,12.0,0.62,-0.18
9933,85,4,2,34,2781.0,33,30.9,,,,,,,,,0.91,28.0,43.0,-15.0,-0.49,-0.77
10584,82,4,2,0,,0,,,,,,,,,,,,,,,
11614,83,4,2,0,,0,0.0,,,,,,,,,0.0,1.0,3.0,-2.0,,
3236,86,4,2,32,955.0,6,10.6,,,,,,,,,2.38,26.0,7.0,19.0,1.79,0.04
10297,84,4,2,37,3145.0,36,34.9,,,,,,,,,1.24,40.0,43.0,-3.0,-0.09,-1.07
11971,77,4,2,32,2624.0,30,29.2,,,,,,,,,1.88,46.0,23.0,23.0,0.79,0.9
588,88,4,2,0,,0,,,,,,,,,,,,,,,
4949,95,4,2,1,15.0,0,0.2,,,,,,,,,0.0,1.0,0.0,1.0,6.0,7.32
9606,75,4,2,18,1275.0,14,14.2,,,,,,,,,2.0,32.0,19.0,13.0,0.92,0.33
5003,91,4,2,9,161.0,1,1.8,,,,,,,,,1.56,3.0,3.0,0.0,0.0,-0.19
4999,78,4,2,11,745.0,10,8.3,,,,,,,,,1.45,9.0,9.0,0.0,0.0,0.87
12133,90,4,2,33,2360.0,29,26.2,,,,,,,,,1.12,28.0,38.0,-10.0,-0.38,-0.21
11230,84,4,2,2,11.0,0,0.1,,,,,,,,,0.0,0.0,2.0,-2.0,-16.36,-16.42
1374,89,4,2,35,2490.0,30,27.7,,,,,,,,,1.03,21.0,41.0,-20.0,-0.72,-0.53
5082,87,4,2,0,,0,,,,,,,,,,,,,,,
8395,83,4,2,12,485.0,5,5.4,,,,,,,,,1.17,8.0,9.0,-1.0,-0.19,0.55
13600,77,4,2,0,,0,,,,,,,,,,,,,,,
4358,87,4,2,32,2637.0,30,29.3,,,,,,,,,1.91,36.0,27.0,9.0,0.31,-1.3
4672,83,4,2,27,1561.0,16,17.3,,,,,,,,,0.93,22.0,40.0,-18.0,-1.04,-0.7
8397,99,4,2,2,180.0,2,2.0,,,,,,,,,0.0,0.0,5.0,-5.0,-2.5,-2.64
13940,89,4,2,37,3044.0,35,33.8,,,,,,,,,1.03,28.0,42.0,-14.0,-0.41,1.5
4309,83,4,2,6,182.0,1,2.0,,,,,,,,,0.83,2.0,3.0,-1.0,-0.49,0.17
8016,100,4,2,7,630.0,7,7.0,,,,,,,,,1.29,5.0,7.0,-2.0,-0.29,0.17
9164,88,4,2,21,1809.0,21,20.1,,,,,,,,,1.62,25.0,18.0,7.0,0.35,0.18
5234,99,4,2,14,538.0,4,6.0,,,,,,,,,1.5,6.0,8.0,-2.0,-0.33,-0.4
4673,91,4,2,0,,0,,,,,,,,,,,,,,,
11043,75,4,2,35,2363.0,28,26.3,,,,,,,,,1.89,58.0,28.0,30.0,1.14,1.4
12433,81,4,2,0,,0,,,,,,,,,,,,,,,
3739,78,4,2,13,1011.0,12,11.2,,,,,,,,,1.08,14.0,17.0,-3.0,-0.27,0.59
8371,94,4,2,0,,0,,,,,,,,,,,,,,,
11618,91,4,2,7,630.0,7,7.0,,,,,,,,,1.43,6.0,8.0,-2.0,-0.29,-0.58
11315,90,4,2,2,41.0,0,0.5,,,,,,,,,3.0,1.0,0.0,1.0,2.2,2.54
5729,95,4,2,5,134.0,1,1.5,,,,,,,,,0.4,0.0,4.0,-4.0,-2.69,-1.45
3427,88,4,2,0,,0,,,,,,,,,,,,,,,
6574,89,4,2,29,1291.0,13,14.3,,,,,,,,,0.97,15.0,23.0,-8.0,-0.56,0.03
10692,82,4,2,29,1913.0,21,21.3,,,,,,,,,1.41,36.0,28.0,8.0,0.38,-0.04
13157,90,4,2,0,,0,,,,,,,,,,,,,,,
419,81,4,2,27,1807.0,22,20.1,,,,,,,,,1.0,16.0,28.0,-12.0,-0.6,0.13
4839,81,4,2,0,,0,,,,,,,,,,,,,,,
10587,95,4,2,0,,0,,,,,,,,,,,,,,,
9613,88,4,2,33,2367.0,27,26.3,,,,,,,,,1.67,34.0,28.0,6.0,0.23,-0.11
13685,86,4,2,0,,0,,,,,,,,,,,,,,,
1670,100,4,2,1,45.0,0,0.5,,,,,,,,,1.0,0.0,0.0,0.0,0.0,0.43
397,84,4,2,35,3016.0,34,33.5,,,,,,,,,1.34,40.0,37.0,3.0,0.09,0.76
3979,81,4,2,33,1879.0,21,20.9,,,,,,,,,0.97,17.0,25.0,-8.0,-0.38,0.61
10926,95,4,2,22,1760.0,20,19.6,,,,,,,,,0.55,16.0,41.0,-25.0,-1.28,0.02
10695,81,4,2,1,90.0,1,1.0,,,,,,,,,0.0,0.0,2.0,-2.0,-2.0,-1.38
5288,83,4,2,0,,0,,,,,,,,,,,,,,,
12074,84,4,2,16,773.0,7,8.6,,,,,,,,,1.06,7.0,9.0,-2.0,-0.23,-0.3
69,83,4,2,18,1019.0,13,11.3,,,,,,,,,0.67,15.0,29.0,-14.0,-1.24,-0.82
8589,87,4,2,0,,0,,,,,,,,,,,,,,,
5308,76,4,2,23,1113.0,10,12.4,,,,,,,,,1.83,24.0,16.0,8.0,0.65,-0.21
11282,78,4,2,13,856.0,13,9.5,,,,,,,,,0.54,6.0,19.0,-13.0,-1.37,-0.91
12939,84,4,2,6,114.0,1,1.3,,,,,,,,,0.5,1.0,8.0,-7.0,-5.53,-5.72
8229,81,4,2,1,5.0,0,0.1,,,,,,,,,0.0,0.0,0.0,0.0,0.0,0.66
9464,97,4,2,31,2501.0,27,27.8,,,,,,,,,0.84,28.0,54.0,-26.0,-0.94,-0.35
13433,85,4,2,18,334.0,2,3.7,,,,,,,,,0.89,3.0,2.0,1.0,0.27,0.68
13362,75,4,2,32,2791.0,31,31.0,,,,,,,,,2.13,70.0,42.0,28.0,0.9,1.05
5762,85,4,2,10,864.0,9,9.6,,,,,,,,,0.8,7.0,11.0,-4.0,-0.42,-0.1
5758,76,4,2,16,937.0,9,10.4,,,,,,,,,1.94,22.0,11.0,11.0,1.06,0.37
3927,76,4,2,22,947.0,12,10.5,,,,,,,,,1.86,23.0,12.0,11.0,1.05,0.35
9313,85,4,2,15,1084.0,12,12.0,,,,,,,,,0.8,8.0,12.0,-4.0,-0.33,0.01
13241,77,4,2,9,212.0,2,2.4,,,,,,,,,1.0,2.0,2.0,0.0,0.0,-0.62
3274,87,4,2,1,13.0,0,0.1,,,,,,,,,3.0,0.0,0.0,0.0,0.0,-0.61
3275,94,4,2,13,509.0,4,5.7,,,,,,,,,2.08,9.0,10.0,-1.0,-0.18,-0.8
3865,88,4,2,22,1199.0,11,13.3,,,,,,,,,1.64,20.0,21.0,-1.0,-0.08,-0.52
1466,83,4,2,16,474.0,5,5.3,,,,,,,,,0.75,4.0,7.0,-3.0,-0.57,0.1
5452,91,4,2,0,,0,,,,,,,,,,,,,,,
1392,95,4,2,0,,0,,,,,,,,,,,,,,,
6875,82,4,2,28,1682.0,18,18.7,,,,,,,,,1.57,26.0,18.0,8.0,0.43,0.07
2656,95,4,2,25,1061.0,11,11.8,,,,,,,,,0.56,11.0,26.0,-15.0,-1.27,0.02
5860,99,4,2,31,2098.0,25,23.3,,,,,,,,,1.26,23.0,23.0,0.0,0.0,0.0
10043,77,4,2,0,,0,,,,,,,,,,,,,,,
12571,87,4,2,24,810.0,4,9.0,,,,,,,,,1.75,18.0,10.0,8.0,0.89,0.37
3961,99,4,2,0,,0,,,,,,,,,,,,,,,
2665,88,4,2,31,1652.0,21,18.4,,,,,,,,,1.42,22.0,24.0,-2.0,-0.11,-0.72
4842,81,4,2,0,,0,,,,,,,,,,,,,,,
5034,82,4,2,6,96.0,0,1.1,,,,,,,,,2.17,2.0,2.0,0.0,0.0,-0.41
5224,88,4,2,28,1074.0,12,11.9,,,,,,,,,1.61,17.0,13.0,4.0,0.34,0.11
1451,81,4,2,26,2045.0,23,22.7,,,,,,,,,0.92,21.0,31.0,-10.0,-0.44,0.54
1493,90,4,2,23,1650.0,20,18.3,,,,,,,,,1.13,17.0,25.0,-8.0,-0.44,-0.23
4467,84,4,2,2,33.0,0,0.4,,,,,,,,,1.5,0.0,0.0,0.0,0.0,0.0
6044,78,4,2,18,872.0,13,9.7,,,,,,,,,1.22,11.0,18.0,-7.0,-0.72,-0.05
7227,91,4,2,24,2116.0,23,23.5,,,,,,,,,1.33,27.0,29.0,-2.0,-0.09,-0.71
636,75,4,2,3,68.0,0,0.8,,,,,,,,,3.0,1.0,0.0,1.0,1.32,0.63
11115,89,4,2,0,,0,,,,,,,,,,,,,,,
12573,100,4,2,0,,0,,,,,,,,,,,,,,,
7451,83,4,2,20,812.0,8,9.0,,,,,,,,,0.6,13.0,20.0,-7.0,-0.78,-0.15
7072,85,4,2,0,,0,,,,,,,,,,,,,,,
8640,82,4,2,0,,0,,,,,,,,,,,,,,,
8637,75,4,2,23,877.0,8,9.7,,,,,,,,,1.7,16.0,16.0,0.0,0.0,-0.96
5275,91,4,2,9,382.0,5,4.2,,,,,,,,,1.22,8.0,7.0,1.0,0.24,0.06
10198,89,4,2,23,1378.0,15,15.3,,,,,,,,,1.0,13.0,23.0,-10.0,-0.65,-0.12
2578,100,4,2,13,861.0,10,9.6,,,,,,,,,1.0,9.0,18.0,-9.0,-0.94,-0.69
13908,99,4,2,0,,0,,,,,,,,,,,,,,,
14426,85,4,2,1,4.0,0,0.0,,,,,,,,,0.0,0.0,1.0,-1.0,-22.5,-22.18
11633,75,4,2,9,374.0,4,4.2,,,,,,,,,1.89,7.0,7.0,0.0,0.0,-0.8
2827,88,4,2,29,1544.0,17,17.2,,,,,,,,,1.69,19.0,14.0,5.0,0.29,0.05
5375,100,4,2,35,2225.0,27,24.7,,,,,,,,,0.94,24.0,30.0,-6.0,-0.24,0.51
5843,86,4,2,0,,0,,,,,,,,,,,,,,,
3484,88,4,2,0,,0,,,,,,,,,,,,,,,
9554,83,4,2,0,,0,,,,,,,,,,,,,,,
14365,99,4,2,10,162.0,1,1.8,,,,,,,,,1.4,3.0,2.0,1.0,0.56,0.58
6481,77,4,2,7,344.0,4,3.8,,,,,,,,,1.43,1.0,2.0,-1.0,-0.26,-0.93
12063,94,4,2,18,1191.0,14,13.2,,,,,,,,,2.06,21.0,11.0,10.0,0.76,0.39
5189,95,4,2,26,1480.0,18,16.4,,,,,,,,,0.54,12.0,31.0,-19.0,-1.16,0.24
9945,82,4,2,26,2058.0,22,22.9,,,,,,,,,1.88,39.0,20.0,19.0,0.83,1.1
10244,87,4,2,19,654.0,8,7.3,,,,,,,,,1.95,6.0,4.0,2.0,0.28,-0.41
12967,75,4,2,20,1171.0,14,13.0,,,,,,,,,2.3,23.0,17.0,6.0,0.46,-0.38
3257,86,4,2,13,206.0,1,2.3,,,,,,,,,2.38,6.0,0.0,6.0,2.62,0.91
511,82,4,2,0,,0,,,,,,,,,,,,,,,
12708,76,4,2,30,2178.0,25,24.2,,,,,,,,,1.77,45.0,23.0,22.0,0.91,0.33
13349,76,4,2,34,2627.0,29,29.2,,,,,,,,,1.68,55.0,34.0,21.0,0.72,-0.3
4477,87,4,2,29,1815.0,26,20.2,,,,,,,,,2.1,26.0,15.0,11.0,0.55,-0.13
2584,82,4,2,23,1089.0,11,12.1,,,,,,,,,1.74,20.0,10.0,10.0,0.83,0.63
2646,78,4,2,0,,0,,,,,,,,,,,,,,,
14035,81,4,2,17,613.0,4,6.8,,,,,,,,,0.82,9.0,9.0,0.0,0.0,0.8
11866,94,4,2,29,1744.0,19,19.4,,,,,,,,,1.79,30.0,28.0,2.0,0.1,-0.81
13446,100,4,2,26,2096.0,23,23.3,,,,,,,,,0.88,23.0,34.0,-11.0,-0.47,-0.13
10820,89,4,2,35,2373.0,30,26.4,,,,,,,,,0.91,21.0,35.0,-14.0,-0.53,0.16
11738,75,4,2,10,687.0,8,7.6,,,,,,,,,1.7,14.0,12.0,2.0,0.26,-0.56
8939,97,4,2,7,362.0,3,4.0,,,,,,,,,1.0,3.0,10.0,-7.0,-1.74,-1.0
7412,97,4,2,1,4.0,0,0.0,,,,,,,,,0.0,0.0,0.0,0.0,0.0,0.84
1947,84,4,2,6,199.0,0,2.2,,,,,,,,,1.33,3.0,4.0,-1.0,-0.45,-0.48
7726,91,4,2,34,2737.0,32,30.4,,,,,,,,,1.41,47.0,40.0,7.0,0.23,0.23
5044,83,4,2,5,63.0,0,0.7,,,,,,,,,0.2,0.0,3.0,-3.0,-4.29,-3.7
5061,90,4,2,28,1712.0,20,19.0,,,,,,,,,0.96,18.0,25.0,-7.0,-0.37,-0.1
4165,90,4,2,0,,0,,,,,,,,,,,,,,,
5005,78,4,2,23,1205.0,14,13.4,,,,,,,,,0.83,17.0,24.0,-7.0,-0.52,0.25
1484,97,4,2,37,2908.0,35,32.3,,,,,,,,,0.81,37.0,55.0,-18.0,-0.56,1.9
13953,99,4,2,35,1994.0,21,22.2,,,,,,,,,1.37,19.0,22.0,-3.0,-0.14,-0.32
3106,85,4,2,32,1928.0,22,21.4,,,,,,,,,0.91,21.0,27.0,-6.0,-0.28,0.14
8917,88,4,2,24,1671.0,19,18.6,,,,,,,,,1.54,23.0,15.0,8.0,0.43,0.33
10650,84,4,2,3,176.0,2,2.0,,,,,,,,,1.0,2.0,2.0,0.0,0.0,0.0
11771,75,4,2,34,2512.0,29,27.9,,,,,,,,,1.94,55.0,31.0,24.0,0.86,0.56
9560,89,4,2,0,,0,,,,,,,,,,,,,,,
1042,88,4,2,0,,0,,,,,,,,,,,,,,,
6490,91,4,2,22,430.0,2,4.8,,,,,,,,,1.32,9.0,7.0,2.0,0.42,0.27
7527,99,4,2,28,1858.0,19,20.6,,,,,,,,,1.5,18.0,17.0,1.0,0.05,0.11
8413,97,4,2,8,384.0,5,4.3,,,,,,,,,0.63,5.0,5.0,0.0,0.0,0.95
11683,83,4,2,25,1536.0,18,17.1,,,,,,,,,0.84,18.0,29.0,-11.0,-0.64,0.02
9020,89,4,2,1,8.0,0,0.1,,,,,,,,,0.0,0.0,0.0,0.0,0.0,0.58
3441,94,4,2,29,2170.0,27,24.1,,,,,,,,,1.69,41.0,27.0,14.0,0.58,0.22
13092,91,4,2,38,3282.0,38,36.5,,,,,,,,,1.39,50.0,44.0,6.0,0.16,-0.49
8921,87,4,2,36,3008.0,34,33.4,,,,,,,,,1.81,46.0,28.0,18.0,0.54,-0.55
12722,97,4,2,0,,0,,,,,,,,,,,,,,,
12356,75,4,2,29,2068.0,26,23.0,,,,,,,,,2.14,43.0,28.0,15.0,0.65,-0.15
208,76,4,2,31,1894.0,22,21.0,,,,,,,,,1.61,33.0,26.0,7.0,0.33,-1.02
9809,97,4,2,2,140.0,2,1.6,,,,,,,,,0.0,0.0,3.0,-3.0,-1.93,-1.13
9807,82,4,2,19,800.0,7,8.9,,,,,,,,,1.47,9.0,10.0,-1.0,-0.11,-0.66
9619,99,4,2,13,544.0,6,6.0,,,,,,,,,1.38,6.0,7.0,-1.0,-0.17,-0.2
9618,95,4,2,13,947.0,11,10.5,,,,,,,,,0.46,8.0,21.0,-13.0,-1.24,0.07
12616,100,4,2,29,1987.0,21,22.1,,,,,,,,,0.9,21.0,34.0,-13.0,-0.59,-0.4
5434,91,4,2,0,,0,,,,,,,,,,,,,,,
8322,100,4,2,37,2592.0,30,28.8,,,,,,,,,1.0,28.0,38.0,-10.0,-0.35,0.3
6533,77,4,2,29,2217.0,23,24.6,,,,,,,,,1.62,30.0,18.0,12.0,0.49,-0.26
7045,76,4,2,4,27.0,0,0.3,,,,,,,,,2.5,0.0,0.0,0.0,0.0,-0.8
12289,94,4,2,32,2641.0,30,29.3,,,,,,,,,1.91,52.0,30.0,22.0,0.75,1.1
7522,83,4,2,1,19.0,0,0.2,,,,,,,,,1.0,0.0,0.0,0.0,0.0,0.66
12755,81,4,2,38,3406.0,38,37.8,,,,,,,,,0.95,29.0,53.0,-24.0,-0.63,5.79
9440,83,4,2,4,219.0,3,2.4,,,,,,,,,0.25,3.0,8.0,-5.0,-2.05,-1.49
14625,78,4,2,30,1946.0,19,21.6,,,,,,,,,0.97,23.0,34.0,-11.0,-0.51,0.41
1722,77,4,2,22,904.0,10,10.0,,,,,,,,,1.73,16.0,11.0,5.0,0.5,-0.11
2966,83,4,2,0,,0,,,,,,,,,,,,,,,
5103,95,4,2,27,1800.0,20,20.0,,,,,,,,,0.52,22.0,36.0,-14.0,-0.7,1.24
4990,85,4,2,33,2444.0,27,27.2,,,,,,,,,1.0,22.0,34.0,-12.0,-0.44,-0.35
10063,75,4,2,29,2609.0,29,29.0,,,,,,,,,2.14,57.0,34.0,23.0,0.79,0.35
1343,78,4,2,32,2702.0,32,30.0,,,,,,,,,0.91,34.0,54.0,-20.0,-0.67,0.09
2969,81,4,2,7,263.0,3,2.9,,,,,,,,,0.71,2.0,5.0,-3.0,-1.03,-0.4
2971,90,4,2,11,333.0,2,3.7,,,,,,,,,1.27,10.0,8.0,2.0,0.54,0.95
14520,89,4,2,0,,0,,,,,,,,,,,,,,,
14516,81,4,2,34,2602.0,30,28.9,,,,,,,,,1.06,20.0,43.0,-23.0,-0.8,-0.58
12396,84,4,2,28,1544.0,18,17.2,,,,,,,,,1.25,20.0,19.0,1.0,0.06,0.11
6685,100,4,2,0,,0,,,,,,,,,,,,,,,
5008,94,4,2,36,2869.0,34,31.9,,,,,,,,,1.64,51.0,37.0,14.0,0.44,-0.38
13708,87,4,2,0,,0,,,,,,,,,,,,,,,
9056,78,4,2,6,156.0,3,1.7,,,,,,,,,1.83,2.0,4.0,-2.0,-1.15,-0.49
2648,88,4,2,9,721.0,8,8.0,,,,,,,,,2.11,14.0,6.0,8.0,1.0,0.93
12251,82,4,2,33,1588.0,16,17.6,,,,,,,,,1.42,28.0,24.0,4.0,0.23,-0.31
7879,95,4,2,8,488.0,6,5.4,,,,,,,,,0.25,3.0,9.0,-6.0,-1.11,0.21
424,76,4,2,0,,0,,,,,,,,,,,,,,,
12039,83,4,2,13,1148.0,13,12.8,,,,,,,,,1.38,18.0,21.0,-3.0,-0.24,0.64
4988,97,4,2,31,2272.0,25,25.2,,,,,,,,,0.77,24.0,47.0,-23.0,-0.91,-0.21
11244,90,4,2,34,2615.0,30,29.1,,,,,,,,,1.18,29.0,39.0,-10.0,-0.34,-0.12
8416,81,4,2,0,,0,,,,,,,,,,,,,,,
10145,90,4,2,10,287.0,1,3.2,,,,,,,,,1.09,2.0,3.0,-1.0,-0.31,0.0
11925,81,4,2,30,1818.0,20,20.2,,,,,,,,,0.83,14.0,28.0,-14.0,-0.69,-0.08
11993,94,4,2,0,,0,,,,,,,,,,,,,,,
302,95,4,2,18,731.0,6,8.1,,,,,,,,,0.28,8.0,21.0,-13.0,-1.6,-0.4
19,84,4,2,22,1376.0,17,15.3,,,,,,,,,1.27,22.0,20.0,2.0,0.13,0.22
13710,82,4,2,1,90.0,1,1.0,,,,,,,,,3.0,3.0,2.0,1.0,1.0,0.62
7077,84,4,2,36,3239.0,36,36.0,,,,,,,,,1.28,43.0,43.0,0.0,0.0,0.0
8021,86,4,2,33,2656.0,31,29.5,,,,,,,,,2.58,73.0,16.0,57.0,1.93,0.75
8507,82,4,2,29,2291.0,26,25.5,,,,,,,,,1.69,42.0,30.0,12.0,0.47,0.23
170,88,4,2,37,3100.0,37,34.4,,,,,,,,,1.65,47.0,34.0,13.0,0.38,1.22
176,100,4,2,4,64.0,1,0.7,,,,,,,,,1.25,0.0,2.0,-2.0,-2.81,-2.44
173,99,4,2,16,1024.0,10,11.4,,,,,,,,,1.31,10.0,12.0,-2.0,-0.18,-0.25
372,84,4,2,6,106.0,1,1.2,,,,,,,,,2.33,3.0,3.0,0.0,0.0,0.0
1115,90,4,2,0,,0,,,,,,,,,,,,,,,
8423,83,4,2,29,2210.0,26,24.6,,,,,,,,,0.97,30.0,38.0,-8.0,-0.33,0.94
11338,95,4,2,18,1272.0,16,14.1,,,,,,,,,0.67,13.0,30.0,-17.0,-1.2,0.14
11334,91,4,2,10,428.0,4,4.8,,,,,,,,,0.8,5.0,5.0,0.0,0.0,-0.21
6963,85,4,2,11,307.0,5,3.4,,,,,,,,,1.27,2.0,5.0,-3.0,-0.88,-0.59
14188,87,4,2,34,2594.0,29,28.8,,,,,,,,,1.88,37.0,21.0,16.0,0.56,-0.21
1582,82,4,2,33,1986.0,23,22.1,,,,,,,,,1.73,41.0,26.0,15.0,0.68,0.68
8155,76,4,2,1,1.0,0,0.0,,,,,,,,,3.0,0.0,0.0,0.0,0.0,-0.79
650,91,4,2,31,2773.0,31,30.8,,,,,,,,,1.39,49.0,40.0,9.0,0.29,0.57
7369,84,4,2,18,1053.0,13,11.7,,,,,,,,,1.06,14.0,12.0,2.0,0.17,0.25
10828,82,4,2,34,2510.0,27,27.9,,,,,,,,,1.56,45.0,35.0,10.0,0.36,-0.14
1476,87,4,2,32,919.0,7,10.2,,,,,,,,,2.03,24.0,6.0,18.0,1.76,1.58
13970,99,4,2,36,3240.0,36,36.0,,,,,,,,,1.47,36.0,31.0,5.0,0.14,2.64
14456,82,4,2,4,44.0,0,0.5,,,,,,,,,2.25,0.0,0.0,0.0,0.0,-0.4
14453,78,4,2,14,1215.0,14,13.5,,,,,,,,,1.29,21.0,26.0,-5.0,-0.37,0.49
512,76,4,2,27,1176.0,12,13.1,,,,,,,,,1.96,24.0,10.0,14.0,1.07,0.43
7664,97,4,2,1,14.0,0,0.2,,,,,,,,,0.0,0.0,2.0,-2.0,-12.86,-12.06
1394,75,4,2,2,177.0,2,2.0,,,,,,,,,0.5,3.0,3.0,0.0,0.0,-0.75
4254,87,4,2,25,1103.0,16,12.3,,,,,,,,,1.88,18.0,8.0,10.0,0.82,0.31
4499,97,4,2,8,266.0,2,3.0,,,,,,,,,0.88,1.0,6.0,-5.0,-1.69,-0.92
13131,85,4,2,10,391.0,4,4.3,,,,,,,,,1.2,5.0,4.0,1.0,0.23,0.65
5401,86,4,2,36,2785.0,35,30.9,,,,,,,,,2.5,72.0,19.0,53.0,1.71,-0.27
5656,83,4,2,24,1469.0,16,16.3,,,,,,,,,0.92,19.0,35.0,-16.0,-0.98,-0.57
8327,85,4,2,37,3330.0,37,37.0,,,,,,,,,1.0,36.0,49.0,-13.0,-0.35,-0.35
10830,77,4,2,23,840.0,10,9.3,,,,,,,,,1.61,13.0,12.0,1.0,0.11,-0.63
4366,100,4,2,0,,0,,,,,,,,,,,,,,,
3080,90,4,2,34,2049.0,24,22.8,,,,,,,,,1.18,22.0,35.0,-13.0,-0.57,-0.64
1155,95,4,2,0,,0,,,,,,,,,,,,,,,
9620,86,4,2,0,,0,,,,,,,,,,,,,,,
12595,97,4,2,27,462.0,1,5.1,,,,,,,,,0.59,6.0,18.0,-12.0,-2.34,-1.73
14047,99,4,2,0,,0,,,,,,,,,,,,,,,
8609,76,4,2,18,409.0,2,4.5,,,,,,,,,1.78,7.0,7.0,0.0,0.0,-0.9
14554,75,4,2,30,1478.0,13,16.4,,,,,,,,,1.9,25.0,23.0,2.0,0.12,-1.04
7241,76,4,2,11,990.0,11,11.0,,,,,,,,,1.73,19.0,12.0,7.0,0.64,-0.22
7807,78,4,2,5,39.0,0,0.4,,,,,,,,,0.6,1.0,4.0,-3.0,-6.92,-6.31
10958,94,4,2,25,2168.0,25,24.1,,,,,,,,,1.72,41.0,27.0,14.0,0.58,0.22
2381,99,4,2,0,,0,,,,,,,,,,,,,,,
10427,78,4,2,33,2341.0,29,26.0,,,,,,,,,0.91,21.0,47.0,-26.0,-1.0,-1.0
8425,88,4,2,0,,0,,,,,,,,,,,,,,,
10457,91,4,2,14,952.0,11,10.6,,,,,,,,,1.5,17.0,15.0,2.0,0.19,0.01
7974,75,4,2,1,3.0,0,0.0,,,,,,,,,1.0,0.0,1.0,-1.0,-30.0,-30.74
9982,76,4,2,10,109.0,0,1.2,,,,,,,,,2.1,3.0,3.0,0.0,0.0,-0.82
2861,77,4,2,32,1771.0,20,19.7,,,,,,,,,1.97,30.0,13.0,17.0,0.86,0.59
2818,85,4,2,19,1431.0,17,15.9,,,,,,,,,0.89,14.0,22.0,-8.0,-0.5,-0.28
2819,91,4,2,13,315.0,1,3.5,,,,,,,,,1.0,5.0,5.0,0.0,0.0,-0.2
8740,81,4,2,14,708.0,5,7.9,,,,,,,,,1.29,9.0,10.0,-1.0,-0.13,0.67
5311,87,4,2,8,268.0,3,3.0,,,,,,,,,2.13,3.0,2.0,1.0,0.34,-0.29
835,99,4,2,0,,0,,,,,,,,,,,,,,,
7093,87,4,2,2,24.0,0,0.3,,,,,,,,,1.5,2.0,1.0,1.0,3.75,3.17
13505,85,4,2,17,1339.0,17,14.9,,,,,,,,,1.24,17.0,20.0,-3.0,-0.2,0.23
2695,75,4,2,0,,0,,,,,,,,,,,,,,,
12952,95,4,2,15,686.0,6,7.6,,,,,,,,,0.4,10.0,13.0,-3.0,-0.39,1.12
8734,82,4,2,33,1552.0,15,17.2,,,,,,,,,1.48,26.0,26.0,0.0,0.0,-0.72
177,78,4,2,17,941.0,10,10.5,,,,,,,,,0.65,10.0,32.0,-22.0,-2.1,-1.96
11503,97,4,2,8,453.0,5,5.0,,,,,,,,,0.75,6.0,13.0,-7.0,-1.39,-0.63
5222,95,4,2,21,1890.0,21,21.0,,,,,,,,,0.29,13.0,44.0,-31.0,-1.48,-0.42
6415,77,4,2,10,431.0,5,4.8,,,,,,,,,2.0,9.0,1.0,8.0,1.67,1.25
10886,75,4,2,28,887.0,6,9.9,,,,,,,,,1.96,25.0,17.0,8.0,0.81,0.14
3187,99,4,2,9,252.0,3,2.8,,,,,,,,,1.33,4.0,1.0,3.0,1.07,1.16
2222,83,4,2,34,2914.0,32,32.4,,,,,,,,,0.91,35.0,58.0,-23.0,-0.71,-0.35
2221,76,4,2,0,,0,,,,,,,,,,,,,,,
8768,100,4,2,21,1890.0,21,21.0,,,,,,,,,1.1,22.0,25.0,-3.0,-0.14,0.62
9492,91,4,2,23,1569.0,18,17.4,,,,,,,,,1.39,29.0,18.0,11.0,0.63,0.83
6154,94,4,2,0,,0,,,,,,,,,,,,,,,
4864,78,4,2,25,1104.0,11,12.3,,,,,,,,,0.88,12.0,19.0,-7.0,-0.57,0.17
12042,77,4,2,33,1792.0,19,19.9,,,,,,,,,1.67,31.0,17.0,14.0,0.7,0.26
14022,91,4,2,25,1982.0,22,22.0,,,,,,,,,1.4,36.0,28.0,8.0,0.36,0.43
11967,89,4,2,31,1819.0,21,20.2,,,,,,,,,0.94,12.0,23.0,-11.0,-0.54,0.07
1326,83,4,2,16,1198.0,14,13.3,,,,,,,,,1.19,15.0,23.0,-8.0,-0.6,0.09
3016,100,4,2,0,,0,0.0,,,,,,,,,1.0,1.0,1.0,0.0,,
12995,100,4,2,1,8.0,0,0.1,,,,,,,,,0.0,0.0,1.0,-1.0,-11.25,-10.85
12046,94,4,2,4,51.0,0,0.6,,,,,,,,,1.75,4.0,1.0,3.0,5.29,4.87
9060,76,4,2,0,,0,,,,,,,,,,,,,,,
9622,100,4,2,0,,0,,,,,,,,,,,,,,,
8330,83,4,2,0,,0,,,,,,,,,,,,,,,
2651,84,4,2,1,4.0,0,0.0,,,,,,,,,1.0,0.0,0.0,0.0,0.0,0.0
8053,94,4,2,34,2634.0,32,29.3,,,,,,,,,1.65,42.0,34.0,8.0,0.27,-0.99
4226,82,4,2,21,1454.0,16,16.2,,,,,,,,,1.38,25.0,20.0,5.0,0.31,-0.15
9189,76,4,2,34,2051.0,23,22.8,,,,,,,,,1.91,47.0,29.0,18.0,0.79,0.0
13790,95,4,2,8,452.0,5,5.0,,,,,,,,,0.5,4.0,11.0,-7.0,-1.39,-0.12
11667,99,4,2,0,,0,,,,,,,,,,,,,,,
10654,85,4,2,0,,0,,,,,,,,,,,,,,,
11345,88,4,2,20,1608.0,19,17.9,,,,,,,,,1.85,25.0,12.0,13.0,0.73,0.88
12388,94,4,2,23,2070.0,23,23.0,,,,,,,,,1.65,41.0,27.0,14.0,0.61,0.28
1910,86,4,2,23,1672.0,21,18.6,,,,,,,,,2.52,37.0,11.0,26.0,1.4,-0.71
8156,78,4,2,19,628.0,5,7.0,,,,,,,,,0.79,9.0,11.0,-2.0,-0.29,0.49
9320,100,4,2,29,1796.0,21,20.0,,,,,,,,,0.97,24.0,29.0,-5.0,-0.25,0.36
14427,97,4,2,0,,0,,,,,,,,,,,,,,,
9124,97,4,2,28,1613.0,16,17.9,,,,,,,,,0.82,14.0,40.0,-26.0,-1.45,-1.15
11483,88,4,2,33,816.0,5,9.1,,,,,,,,,1.64,12.0,9.0,3.0,0.33,0.09
5012,97,4,2,0,,0,,,,,,,,,,,,,,,
3192,100,4,2,0,,0,,,,,,,,,,,,,,,
11670,99,4,2,24,756.0,7,8.4,,,,,,,,,1.42,9.0,12.0,-3.0,-0.36,-0.46
8332,94,4,2,29,1859.0,20,20.7,,,,,,,,,1.62,38.0,28.0,10.0,0.48,-0.03
8436,88,4,2,19,786.0,8,8.7,,,,,,,,,1.21,9.0,8.0,1.0,0.11,-0.19
9065,95,4,2,10,545.0,5,6.1,,,,,,,,,0.4,4.0,17.0,-13.0,-2.15,-1.02
9064,75,4,2,1,68.0,0,0.8,,,,,,,,,1.0,2.0,2.0,0.0,0.0,-0.72
11530,90,4,2,10,241.0,2,2.7,,,,,,,,,1.2,2.0,2.0,0.0,0.0,0.34
11506,90,4,2,23,841.0,9,9.3,,,,,,,,,1.04,8.0,17.0,-9.0,-0.96,-0.86
4872,78,4,2,0,,0,,,,,,,,,,,,,,,
12143,100,4,2,27,1858.0,22,20.6,,,,,,,,,0.93,25.0,30.0,-5.0,-0.24,0.39
10542,100,4,2,36,3238.0,36,36.0,,,,,,,,,1.0,36.0,49.0,-13.0,-0.36,1.12
12998,85,4,2,1,90.0,1,1.0,,,,,,,,,1.0,2.0,2.0,0.0,0.0,0.35
9693,87,4,2,3,225.0,3,2.5,,,,,,,,,2.33,5.0,1.0,4.0,1.6,1.06
12597,81,4,2,1,90.0,1,1.0,,,,,,,,,0.0,0.0,2.0,-2.0,-2.0,-1.38
9627,90,4,2,37,3222.0,37,35.8,,,,,,,,,1.22,36.0,44.0,-8.0,-0.22,1.59
1120,90,4,2,0,,0,,,,,,,,,,,,,,,
1118,78,4,2,18,995.0,13,11.1,,,,,,,,,0.72,12.0,20.0,-8.0,-0.72,-0.06
5110,81,4,2,19,1085.0,14,12.1,,,,,,,,,0.79,4.0,17.0,-13.0,-1.08,-0.62
3745,100,4,2,0,,0,,,,,,,,,,,,,,,
12149,89,4,2,35,1378.0,12,15.3,,,,,,,,,0.97,16.0,21.0,-5.0,-0.33,0.42
12146,81,4,2,2,39.0,0,0.4,,,,,,,,,0.0,0.0,1.0,-1.0,-2.31,-1.67
12655,89,4,2,11,200.0,0,2.2,,,,,,,,,0.82,2.0,4.0,-2.0,-0.9,-0.34
10588,82,4,2,0,,0,,,,,,,,,,,,,,,
10589,95,4,2,12,871.0,11,9.7,,,,,,,,,0.33,8.0,20.0,-12.0,-1.24,0.07
1124,97,4,2,38,3076.0,37,34.2,,,,,,,,,0.79,40.0,63.0,-23.0,-0.67,1.68
2292,87,4,2,1,45.0,0,0.5,,,,,,,,,3.0,0.0,0.0,0.0,0.0,-0.61
8336,95,4,2,27,1987.0,24,22.1,,,,,,,,,0.44,17.0,49.0,-32.0,-1.45,-0.38
10591,94,4,2,1,10.0,0,0.1,,,,,,,,,0.0,0.0,0.0,0.0,0.0,-0.5
13714,84,4,2,0,,0,,,,,,,,,,,,,,,
13717,75,4,2,11,319.0,3,3.5,,,,,,,,,2.55,7.0,4.0,3.0,0.85,0.15
11440,87,4,2,2,54.0,0,0.6,,,,,,,,,2.0,2.0,0.0,2.0,3.33,2.77
9630,91,4,2,37,2360.0,31,26.2,,,,,,,,,1.41,38.0,34.0,4.0,0.15,-0.1
9156,89,4,2,36,3219.0,36,35.8,,,,,,,,,1.06,32.0,48.0,-16.0,-0.45,2.24
10038,99,4,2,0,,0,,,,,,,,,,,,,,,
9551,90,4,2,0,,0,,,,,,,,,,,,,,,
13145,77,4,2,31,2409.0,29,26.8,,,,,,,,,1.81,36.0,24.0,12.0,0.45,-0.44
9633,78,4,2,26,1972.0,19,21.9,,,,,,,,,0.88,25.0,44.0,-19.0,-0.87,-0.43
5877,88,4,2,30,2699.0,30,30.0,,,,,,,,,1.4,35.0,33.0,2.0,0.07,-0.93
2602,75,4,2,36,2602.0,32,28.9,,,,,,,,,2.06,62.0,31.0,31.0,1.07,1.51
4919,84,4,2,8,191.0,1,2.1,,,,,,,,,0.63,1.0,5.0,-4.0,-1.88,-2.0
3588,100,4,2,2,13.0,0,0.1,,,,,,,,,1.0,0.0,0.0,0.0,0.0,0.42
273,87,4,2,31,2651.0,30,29.5,,,,,,,,,1.9,37.0,24.0,13.0,0.44,-0.73
13910,97,4,2,22,820.0,8,9.1,,,,,,,,,0.73,5.0,21.0,-16.0,-1.76,-1.2
10568,99,4,2,10,374.0,4,4.2,,,,,,,,,1.4,6.0,5.0,1.0,0.24,0.27
2027,78,4,2,7,630.0,7,7.0,,,,,,,,,0.29,2.0,12.0,-10.0,-1.43,-0.91
5290,89,4,2,28,1204.0,17,13.4,,,,,,,,,0.93,10.0,21.0,-11.0,-0.82,-0.38
14462,89,4,2,34,2970.0,34,33.0,,,,,,,,,0.88,21.0,49.0,-28.0,-0.85,-2.05
8448,82,4,2,26,2065.0,23,22.9,,,,,,,,,1.69,38.0,28.0,10.0,0.44,0.1
4501,81,4,2,9,476.0,5,5.3,,,,,,,,,0.56,3.0,9.0,-6.0,-1.13,-0.55
4977,91,4,2,37,1584.0,14,17.6,,,,,,,,,1.41,25.0,18.0,7.0,0.4,0.4
4369,77,4,2,6,535.0,6,5.9,,,,,,,,,2.17,10.0,3.0,7.0,1.18,0.71
10893,75,4,2,0,,0,,,,,,,,,,,,,,,
13509,75,4,2,36,2820.0,33,31.3,,,,,,,,,1.97,67.0,38.0,29.0,0.93,1.23
11950,83,4,2,22,1059.0,13,11.8,,,,,,,,,0.95,12.0,18.0,-6.0,-0.51,0.21
3242,88,4,2,0,,0,,,,,,,,,,,,,,,
9431,84,4,2,29,2216.0,26,24.6,,,,,,,,,1.24,32.0,29.0,3.0,0.12,0.35
12601,99,4,2,32,2395.0,28,26.6,,,,,,,,,1.44,27.0,25.0,2.0,0.08,0.25
12031,99,4,2,35,2772.0,34,30.8,,,,,,,,,1.43,29.0,27.0,2.0,0.06,0.34
595,88,4,2,29,2411.0,26,26.8,,,,,,,,,1.62,33.0,28.0,5.0,0.19,-0.26
13001,83,4,2,33,2715.0,30,30.2,,,,,,,,,0.97,38.0,47.0,-9.0,-0.3,1.74
8651,75,4,2,4,88.0,0,1.0,,,,,,,,,1.0,0.0,2.0,-2.0,-2.05,-2.83
9280,76,4,2,30,2599.0,29,28.9,,,,,,,,,1.93,56.0,29.0,27.0,0.93,0.61
4680,76,4,2,1,5.0,0,0.1,,,,,,,,,3.0,0.0,0.0,0.0,0.0,-0.79
10756,88,4,2,23,1318.0,16,14.6,,,,,,,,,1.83,21.0,13.0,8.0,0.55,0.46
1006,91,4,2,30,2600.0,30,28.9,,,,,,,,,1.43,39.0,39.0,0.0,0.0,-0.77
12325,97,4,2,26,1516.0,16,16.8,,,,,,,,,0.73,21.0,43.0,-22.0,-1.31,-0.83
3021,87,4,2,17,1187.0,13,13.2,,,,,,,,,2.18,19.0,10.0,9.0,0.68,0.12
4259,88,4,2,0,,0,,,,,,,,,,,,,,,
9638,76,4,2,34,2449.0,28,27.2,,,,,,,,,1.82,54.0,31.0,23.0,0.85,0.2
9194,91,4,2,21,1205.0,14,13.4,,,,,,,,,1.52,22.0,19.0,3.0,0.22,0.06
8338,91,4,2,0,,0,,,,,,,,,,,,,,,
13159,84,4,2,32,2429.0,30,27.0,,,,,,,,,1.34,33.0,25.0,8.0,0.3,1.02
57,82,4,2,0,,0,,,,,,,,,,,,,,,
769,77,4,2,30,1887.0,21,21.0,,,,,,,,,1.87,31.0,18.0,13.0,0.62,0.09
5184,95,4,2,0,,0,,,,,,,,,,,,,,,
8034,100,4,2,34,2372.0,28,26.4,,,,,,,,,1.03,23.0,28.0,-5.0,-0.19,0.75
7380,95,4,2,18,1032.0,10,11.5,,,,,,,,,0.28,9.0,23.0,-14.0,-1.22,0.1
2997,89,4,2,0,,0,,,,,,,,,,,,,,,
6224,89,4,2,0,,0,,,,,,,,,,,,,,,
1413,99,4,2,35,2133.0,23,23.7,,,,,,,,,1.31,23.0,21.0,2.0,0.08,0.22
11996,94,4,2,7,146.0,1,1.6,,,,,,,,,1.71,7.0,4.0,3.0,1.85,1.41
775,86,4,2,23,763.0,6,8.5,,,,,,,,,2.22,16.0,4.0,12.0,1.42,-0.45
683,87,4,2,16,721.0,8,8.0,,,,,,,,,1.69,13.0,6.0,7.0,0.87,0.34
10658,89,4,2,25,767.0,4,8.5,,,,,,,,,1.12,14.0,11.0,3.0,0.35,1.2
12048,85,4,2,12,342.0,3,3.8,,,,,,,,,1.08,4.0,5.0,-1.0,-0.26,0.09
949,86,4,2,0,,0,,,,,,,,,,,,,,,
14604,99,4,2,2,28.0,0,0.3,,,,,,,,,1.5,2.0,0.0,2.0,6.43,6.48
12436,99,4,2,12,356.0,2,4.0,,,,,,,,,1.25,2.0,8.0,-6.0,-1.52,-1.69
566,97,4,2,0,,0,,,,,,,,,,,,,,,
13004,87,4,2,0,,0,,,,,,,,,,,,,,,
5057,76,4,2,33,2544.0,31,28.3,,,,,,,,,1.85,55.0,33.0,22.0,0.78,-0.04
5015,76,4,2,29,1453.0,17,16.1,,,,,,,,,1.72,37.0,12.0,25.0,1.55,1.32
11541,99,4,2,9,770.0,9,8.6,,,,,,,,,1.0,6.0,9.0,-3.0,-0.35,-0.45
13005,78,4,2,31,2789.0,31,31.0,,,,,,,,,1.1,40.0,55.0,-15.0,-0.48,1.08
3304,83,4,2,11,298.0,3,3.3,,,,,,,,,0.45,4.0,7.0,-3.0,-0.91,-0.27
3306,99,4,2,9,425.0,5,4.7,,,,,,,,,1.33,4.0,5.0,-1.0,-0.21,-0.24
5983,81,4,2,0,,0,,,,,,,,,,,,,,,
10834,87,4,2,1,11.0,0,0.1,,,,,,,,,0.0,0.0,1.0,-1.0,-8.18,-8.82
14111,100,4,2,1,12.0,0,0.1,,,,,,,,,1.0,0.0,0.0,0.0,0.0,0.42
4301,82,4,2,0,,0,,,,,,,,,,,,,,,
13162,86,4,2,4,46.0,0,0.5,,,,,,,,,3.0,4.0,0.0,4.0,7.83,6.15
8578,88,4,2,0,,0,,,,,,,,,,,,,,,
13220,85,4,2,25,1659.0,19,18.4,,,,,,,,,1.08,18.0,26.0,-8.0,-0.43,-0.18
1175,95,4,2,2,23.0,0,0.3,,,,,,,,,0.5,2.0,0.0,2.0,7.83,9.18
13175,94,4,2,33,1738.0,19,19.3,,,,,,,,,1.58,36.0,26.0,10.0,0.52,0.04
3795,78,4,2,22,936.0,10,10.4,,,,,,,,,1.0,12.0,23.0,-11.0,-1.06,-0.51
13199,81,4,2,12,411.0,4,4.6,,,,,,,,,0.67,3.0,9.0,-6.0,-1.31,-0.75
3470,75,4,2,0,,0,,,,,,,,,,,,,,,
6884,99,4,2,0,,0,,,,,,,,,,,,,,,
9077,100,4,2,17,1530.0,17,17.0,,,,,,,,,0.82,15.0,28.0,-13.0,-0.76,-0.62
5093,91,4,2,28,800.0,8,8.9,,,,,,,,,1.32,12.0,12.0,0.0,0.0,-0.24
6179,75,4,2,4,146.0,0,1.6,,,,,,,,,2.5,3.0,1.0,2.0,1.23,0.55
8112,91,4,2,25,1625.0,18,18.1,,,,,,,,,1.38,29.0,22.0,7.0,0.39,0.39
13846,77,4,2,32,2880.0,32,32.0,,,,,,,,,1.72,44.0,29.0,15.0,0.47,-0.7
14618,89,4,2,0,,0,,,,,,,,,,,,,,,
2538,94,4,2,8,390.0,4,4.3,,,,,,,,,2.0,8.0,8.0,0.0,0.0,-0.56
1127,81,4,2,1,5.0,0,0.1,,,,,,,,,0.0,0.0,0.0,0.0,0.0,0.66
10994,94,4,2,1,23.0,0,0.3,,,,,,,,,0.0,0.0,0.0,0.0,0.0,-0.5
3023,84,4,2,1,5.0,0,0.1,,,,,,,,,3.0,0.0,0.0,0.0,0.0,0.0
14375,86,4,2,34,3060.0,34,34.0,,,,,,,,,2.56,81.0,19.0,62.0,1.82,0.57
2107,99,4,2,5,178.0,2,2.0,,,,,,,,,1.6,0.0,0.0,0.0,0.0,0.0
569,90,4,2,7,548.0,5,6.1,,,,,,,,,1.0,8.0,16.0,-8.0,-1.31,-1.19
6628,77,4,2,0,,0,,,,,,,,,,,,,,,
12051,82,4,2,22,1103.0,13,12.3,,,,,,,,,1.41,20.0,12.0,8.0,0.65,0.38
9535,87,4,2,0,,0,,,,,,,,,,,,,,,
9533,83,4,2,36,3121.0,36,34.7,,,,,,,,,0.89,40.0,62.0,-22.0,-0.63,0.27
199,77,4,2,0,,0,,,,,,,,,,,,,,,
3536,84,4,2,16,859.0,8,9.5,,,,,,,,,1.63,10.0,9.0,1.0,0.1,0.14
8165,94,4,2,24,1312.0,15,14.6,,,,,,,,,1.63,27.0,18.0,9.0,0.62,0.19
9080,75,4,2,7,630.0,7,7.0,,,,,,,,,1.71,16.0,11.0,5.0,0.71,0.0
4981,86,4,2,0,,0,,,,,,,,,,,,,,,
506,86,4,2,0,,0,,,,,,,,,,,,,,,
13793,95,4,2,4,100.0,0,1.1,,,,,,,,,0.25,2.0,6.0,-4.0,-3.6,-2.38
11553,81,4,2,0,,0,,,,,,,,,,,,,,,
4823,89,4,2,19,1112.0,13,12.4,,,,,,,,,1.05,9.0,18.0,-9.0,-0.73,-0.22
7691,84,4,2,27,1207.0,15,13.4,,,,,,,,,1.41,16.0,14.0,2.0,0.15,0.23
8378,81,4,2,0,,0,,,,,,,,,,,,,,,
5751,100,4,2,27,880.0,9,9.8,,,,,,,,,1.0,11.0,15.0,-4.0,-0.41,0.02
5545,78,4,2,21,1339.0,16,14.9,,,,,,,,,0.86,16.0,26.0,-10.0,-0.67,0.02
13682,85,4,2,32,2092.0,23,23.2,,,,,,,,,0.97,28.0,34.0,-6.0,-0.26,0.22
13983,78,4,2,0,,0,,,,,,,,,,,,,,,
10120,94,4,2,15,1350.0,15,15.0,,,,,,,,,1.67,24.0,19.0,5.0,0.33,-0.28
7531,85,4,2,15,504.0,3,5.6,,,,,,,,,1.27,7.0,7.0,0.0,0.0,0.4
14281,87,4,2,35,3150.0,35,35.0,,,,,,,,,1.83,49.0,30.0,19.0,0.54,-0.79
11710,83,4,2,1,9.0,0,0.1,,,,,,,,,3.0,0.0,0.0,0.0,0.0,0.66
276,99,4,2,29,2146.0,25,23.8,,,,,,,,,1.38,22.0,22.0,0.0,0.0,0.0
3788,85,4,2,3,50.0,0,0.6,,,,,,,,,0.67,0.0,1.0,-1.0,-1.8,-1.48
8369,95,4,2,33,2100.0,23,23.3,,,,,,,,,0.33,25.0,53.0,-28.0,-1.2,0.23
5944,85,4,2,26,1725.0,19,19.2,,,,,,,,,1.04,25.0,26.0,-1.0,-0.05,0.58
4510,85,4,2,18,1296.0,14,14.4,,,,,,,,,0.78,12.0,17.0,-5.0,-0.35,-0.01
4506,75,4,2,3,76.0,1,0.8,,,,,,,,,1.33,1.0,4.0,-3.0,-3.55,-4.36
11674,82,4,2,33,2970.0,33,33.0,,,,,,,,,1.61,50.0,35.0,15.0,0.45,0.45
4606,100,4,2,29,1710.0,19,19.0,,,,,,,,,0.9,15.0,28.0,-13.0,-0.68,-0.53
3001,97,4,2,0,,0,,,,,,,,,,,,,,,
8822,75,4,2,21,1619.0,19,18.0,,,,,,,,,1.81,31.0,24.0,7.0,0.39,-0.61
10303,84,4,2,24,1157.0,9,12.9,,,,,,,,,1.46,18.0,20.0,-2.0,-0.16,-0.24
7901,97,4,2,34,2397.0,30,26.6,,,,,,,,,0.68,32.0,53.0,-21.0,-0.79,0.18
9136,86,4,2,35,2687.0,34,29.9,,,,,,,,,2.51,69.0,19.0,50.0,1.67,-0.41
1422,100,4,2,1,1.0,0,0.0,,,,,,,,,1.0,0.0,0.0,0.0,0.0,0.42
6471,97,4,2,25,2083.0,24,23.1,,,,,,,,,1.0,31.0,40.0,-9.0,-0.39,1.16
11780,76,4,2,18,965.0,10,10.7,,,,,,,,,1.89,21.0,12.0,9.0,0.84,0.07
4458,75,4,2,26,2121.0,24,23.6,,,,,,,,,2.04,51.0,27.0,24.0,1.02,0.81
4983,85,4,2,0,,0,,,,,,,,,,,,,,,
8341,75,4,2,0,,0,,,,,,,,,,,,,,,
306,89,4,2,6,277.0,3,3.1,,,,,,,,,0.67,1.0,7.0,-6.0,-1.95,-1.49
2429,75,4,2,2,20.0,0,0.2,,,,,,,,,3.0,1.0,1.0,0.0,0.0,-0.71
13165,83,4,2,31,2745.0,31,30.5,,,,,,,,,0.87,37.0,58.0,-21.0,-0.69,-0.16
7427,77,4,2,22,926.0,9,10.3,,,,,,,,,1.91,15.0,10.0,5.0,0.49,-0.13
3894,83,4,2,16,1178.0,14,13.1,,,,,,,,,0.75,11.0,22.0,-11.0,-0.84,-0.28
13724,82,4,2,0,,0,,,,,,,,,,,,,,,
6729,84,4,2,37,2850.0,32,31.7,,,,,,,,,1.32,35.0,33.0,2.0,0.06,0.38
9540,88,4,2,31,1153.0,8,12.8,,,,,,,,,1.68,20.0,15.0,5.0,0.39,0.19
8348,89,4,2,14,364.0,3,4.0,,,,,,,,,0.93,2.0,12.0,-10.0,-2.47,-2.12
13012,99,4,2,1,4.0,0,0.0,,,,,,,,,1.0,0.0,0.0,0.0,0.0,0.0
4514,81,4,2,0,,0,,,,,,,,,,,,,,,
3891,95,4,2,9,311.0,3,3.5,,,,,,,,,0.44,7.0,6.0,1.0,0.29,1.74
12604,90,4,2,10,343.0,3,3.8,,,,,,,,,1.5,4.0,2.0,2.0,0.52,0.93
9544,97,4,2,15,1014.0,13,11.3,,,,,,,,,1.0,16.0,15.0,1.0,0.09,1.32
12379,85,4,2,12,282.0,2,3.1,,,,,,,,,1.42,5.0,6.0,-1.0,-0.32,0.03
572,78,4,2,0,,0,,,,,,,,,,,,,,,
10730,78,4,2,26,1207.0,11,13.4,,,,,,,,,1.12,25.0,18.0,7.0,0.52,1.86
11287,76,4,2,0,,0,,,,,,,,,,,,,,,
9700,97,4,2,15,979.0,12,10.9,,,,,,,,,0.87,12.0,22.0,-10.0,-0.92,-0.11
14090,84,4,2,9,285.0,2,3.2,,,,,,,,,1.0,4.0,4.0,0.0,0.0,0.0
3660,87,4,2,33,2307.0,27,25.6,,,,,,,,,2.0,35.0,23.0,12.0,0.47,-0.42
10842,99,4,2,33,2608.0,30,29.0,,,,,,,,,1.24,23.0,29.0,-6.0,-0.21,-0.87
6705,89,4,2,0,,0,,,,,,,,,,,,,,,
574,84,4,2,20,1169.0,14,13.0,,,,,,,,,1.5,16.0,17.0,-1.0,-0.08,-0.12
9906,99,4,2,28,1379.0,15,15.3,,,,,,,,,1.43,14.0,14.0,0.0,0.0,0.0
2786,97,4,2,22,645.0,5,7.2,,,,,,,,,0.27,8.0,16.0,-8.0,-1.12,-0.34
13115,86,4,2,25,1586.0,17,17.6,,,,,,,,,2.68,48.0,5.0,43.0,2.44,1.26
5765,83,4,2,0,,0,,,,,,,,,,,,,,,
14128,100,4,2,37,3238.0,37,36.0,,,,,,,,,0.92,32.0,48.0,-16.0,-0.44,-0.44
12746,81,4,2,27,2055.0,23,22.8,,,,,,,,,1.0,18.0,31.0,-13.0,-0.57,0.22
13584,87,4,2,30,1258.0,12,14.0,,,,,,,,,1.77,24.0,12.0,12.0,0.86,0.4
12917,95,4,2,11,494.0,5,5.5,,,,,,,,,0.18,5.0,14.0,-9.0,-1.64,-0.41
9449,78,4,2,19,965.0,10,10.7,,,,,,,,,0.84,8.0,20.0,-12.0,-1.12,-0.61
7586,87,4,2,27,952.0,9,10.6,,,,,,,,,1.67,20.0,7.0,13.0,1.23,0.86
9703,88,4,2,28,1956.0,24,21.7,,,,,,,,,1.57,27.0,21.0,6.0,0.28,0.03
10663,94,4,2,22,968.0,10,10.8,,,,,,,,,1.41,13.0,12.0,1.0,0.09,-0.57
1088,91,4,2,34,2786.0,32,31.0,,,,,,,,,1.35,43.0,36.0,7.0,0.23,0.23
579,91,4,2,4,52.0,0,0.6,,,,,,,,,1.75,0.0,0.0,0.0,0.0,-0.19
580,95,4,2,17,921.0,10,10.2,,,,,,,,,0.29,9.0,20.0,-11.0,-1.07,0.29
3664,76,4,2,2,112.0,2,1.2,,,,,,,,,1.5,1.0,2.0,-1.0,-0.8,-1.65
3665,99,4,2,35,2880.0,34,32.0,,,,,,,,,1.49,31.0,26.0,5.0,0.16,0.99
4845,78,4,2,38,2561.0,25,28.5,,,,,,,,,0.95,38.0,53.0,-15.0,-0.53,0.63
3245,76,4,2,31,1867.0,23,20.7,,,,,,,,,1.81,36.0,21.0,15.0,0.72,-0.15
10981,100,4,2,15,404.0,4,4.5,,,,,,,,,1.07,6.0,10.0,-4.0,-0.89,-0.53
7503,91,4,2,0,,0,,,,,,,,,,,,,,,
6956,100,4,2,27,1038.0,10,11.5,,,,,,,,,0.93,11.0,17.0,-6.0,-0.52,-0.14
599,90,4,2,13,684.0,7,7.6,,,,,,,,,0.85,4.0,5.0,-1.0,-0.13,0.23
601,91,4,2,7,150.0,1,1.7,,,,,,,,,1.14,1.0,2.0,-1.0,-0.6,-0.82
7706,75,4,2,3,28.0,0,0.3,,,,,,,,,2.33,0.0,0.0,0.0,0.0,-0.72
11680,91,4,2,28,1924.0,23,21.4,,,,,,,,,1.36,30.0,25.0,5.0,0.23,0.11
3214,99,4,2,5,91.0,0,1.0,,,,,,,,,1.8,1.0,0.0,1.0,0.99,1.02
7150,77,4,2,34,2759.0,32,30.7,,,,,,,,,1.88,44.0,25.0,19.0,0.62,0.21
10425,83,4,2,14,1258.0,14,14.0,,,,,,,,,1.07,15.0,18.0,-3.0,-0.21,0.7
10422,76,4,2,5,149.0,0,1.7,,,,,,,,,1.4,4.0,1.0,3.0,1.81,1.07
2026,100,4,2,0,,0,,,,,,,,,,,,,,,
13242,81,4,2,13,868.0,10,9.6,,,,,,,,,1.23,9.0,7.0,2.0,0.21,1.16
10115,85,4,2,20,1204.0,13,13.4,,,,,,,,,0.85,15.0,21.0,-6.0,-0.45,-0.16
10116,90,4,2,17,1257.0,13,14.0,,,,,,,,,1.18,14.0,20.0,-6.0,-0.43,-0.18
9443,95,4,2,29,1145.0,10,12.7,,,,,,,,,0.52,9.0,31.0,-22.0,-1.73,-0.66
6073,100,4,3,6,88.0,0,1.0,,,,,,,,,1.67,2.0,0.0,2.0,2.05,2.5
12679,94,4,3,4,205.0,2,2.3,,,,,,,,,1.5,4.0,1.0,3.0,1.32,0.81
11004,79,4,3,1,7.0,0,0.1,,,,,,,,,0.0,0.0,0.0,0.0,0.0,0.08
13280,94,4,3,1,1.0,0,0.0,,,,,,,,,1.0,0.0,0.0,0.0,0.0,-0.55
13277,75,4,3,28,1183.0,12,13.1,,,,,,,,,1.75,27.0,14.0,13.0,0.99,0.79
4326,84,4,3,1,5.0,0,0.1,,,,,,,,,0.0,0.0,0.0,0.0,0.0,0.32
4655,86,4,3,23,1710.0,20,19.0,,,,,,,,,2.04,31.0,21.0,10.0,0.53,-1.26
2470,99,4,3,36,2652.0,30,29.5,,,,,,,,,1.14,31.0,36.0,-5.0,-0.17,-0.05
13988,89,4,3,0,,0,,,,,,,,,,,,,,,
14319,82,4,3,26,1234.0,15,13.7,,,,,,,,,1.73,30.0,16.0,14.0,1.02,0.82
13973,87,4,3,6,42.0,0,0.5,,,,,,,,,2.33,1.0,0.0,1.0,2.14,1.56
9979,77,4,3,14,724.0,9,8.0,,,,,,,,,1.36,6.0,12.0,-6.0,-0.75,-1.28
5438,84,4,3,6,270.0,3,3.0,,,,,,,,,0.67,2.0,7.0,-5.0,-1.67,-1.47
10061,86,4,3,0,,0,,,,,,,,,,,,,,,
7357,85,4,3,2,13.0,0,0.1,,,,,,,,,2.0,0.0,0.0,0.0,0.0,0.85
6340,90,4,3,14,966.0,12,10.7,,,,,,,,,0.5,7.0,24.0,-17.0,-1.58,-0.7
3126,84,4,3,4,45.0,0,0.5,,,,,,,,,0.25,1.0,1.0,0.0,0.0,0.32
2645,86,4,3,0,,0,,,,,,,,,,,,,,,
4314,85,4,3,3,71.0,0,0.8,,,,,,,,,0.0,0.0,0.0,0.0,0.0,0.86
3302,79,4,3,1,9.0,0,0.1,,,,,,,,,0.0,0.0,0.0,0.0,0.0,0.08
11692,92,4,3,29,1112.0,10,12.4,,,,,,,,,0.79,14.0,24.0,-10.0,-0.81,-0.65
5052,101,4,3,12,753.0,8,8.4,,,,,,,,,0.92,9.0,12.0,-3.0,-0.36,0.35
13045,82,4,3,2,180.0,2,2.0,,,,,,,,,1.0,1.0,1.0,0.0,0.0,-0.53
4657,79,4,3,0,,0,,,,,,,,,,,,,,,
1251,94,4,3,38,3177.0,36,35.3,,,,,,,,,1.82,52.0,32.0,20.0,0.57,0.2
8306,87,4,3,1,6.0,0,0.1,,,,,,,,,3.0,0.0,0.0,0.0,0.0,-0.61
4322,81,4,3,22,1114.0,14,12.4,,,,,,,,,1.0,15.0,19.0,-4.0,-0.32,0.54
9239,86,4,3,18,549.0,5,6.1,,,,,,,,,2.06,12.0,9.0,3.0,0.49,-0.79
7911,86,4,3,22,988.0,10,11.0,,,,,,,,,2.36,20.0,10.0,10.0,0.91,-0.35
1268,81,4,3,0,,0,,,,,,,,,,,,,,,
1567,100,4,3,27,1251.0,12,13.9,,,,,,,,,1.15,10.0,20.0,-10.0,-0.72,-0.51
3914,79,4,3,8,720.0,8,8.0,,,,,,,,,1.0,11.0,18.0,-7.0,-0.87,-1.01
13687,78,4,3,38,2713.0,30,30.1,,,,,,,,,0.95,30.0,46.0,-16.0,-0.53,-0.53
2304,86,4,3,29,1691.0,15,18.8,,,,,,,,,2.07,37.0,17.0,20.0,1.06,-0.18
14357,86,4,3,27,1643.0,17,18.3,,,,,,,,,2.22,42.0,20.0,22.0,1.21,0.09
5397,78,4,3,0,,0,,,,,,,,,,,,,,,
5846,79,4,3,0,,0,,,,,,,,,,,,,,,
11451,78,4,3,6,426.0,5,4.7,,,,,,,,,0.33,1.0,5.0,-4.0,-0.85,-0.48
11192,77,4,3,2,19.0,0,0.2,,,,,,,,,1.5,0.0,1.0,-1.0,-4.74,-5.03
5973,81,4,3,3,31.0,0,0.3,,,,,,,,,0.33,1.0,0.0,1.0,2.9,3.62
10104,84,4,3,23,1472.0,21,16.4,,,,,,,,,1.09,13.0,17.0,-4.0,-0.24,0.13
10649,77,4,3,0,,0,,,,,,,,,,,,,,,
10153,76,4,3,1,22.0,0,0.2,,,,,,,,,3.0,0.0,0.0,0.0,0.0,-1.09
13693,94,4,3,31,832.0,5,9.2,,,,,,,,,1.81,16.0,8.0,8.0,0.87,0.41
7564,90,4,3,11,638.0,8,7.1,,,,,,,,,0.45,6.0,19.0,-13.0,-1.83,-0.93
2045,92,4,3,29,2053.0,23,22.8,,,,,,,,,1.0,27.0,32.0,-5.0,-0.22,0.37
9158,84,4,3,6,62.0,0,0.7,,,,,,,,,1.5,1.0,0.0,1.0,1.45,1.8
7955,89,4,3,15,610.0,6,6.8,,,,,,,,,0.6,2.0,11.0,-9.0,-1.33,-0.62
2923,85,4,3,11,407.0,4,4.5,,,,,,,,,0.82,6.0,12.0,-6.0,-1.33,-0.55
9673,84,4,3,20,1507.0,19,16.7,,,,,,,,,1.25,18.0,19.0,-1.0,-0.06,0.46
1366,82,4,3,1,54.0,1,0.6,,,,,,,,,1.0,0.0,0.0,0.0,0.0,-0.51
4327,79,4,3,7,431.0,5,4.8,,,,,,,,,0.57,3.0,9.0,-6.0,-1.25,-1.34
9585,84,4,3,0,,0,,,,,,,,,,,,,,,
10734,86,4,3,33,2493.0,29,27.7,,,,,,,,,2.12,56.0,24.0,32.0,1.16,-0.01
8139,82,4,3,0,,0,,,,,,,,,,,,,,,
3216,75,4,3,4,118.0,1,1.3,,,,,,,,,3.0,2.0,1.0,1.0,0.76,0.3
4331,89,4,3,38,3420.0,38,38.0,,,,,,,,,0.89,27.0,58.0,-31.0,-0.82,
3011,79,4,3,2,22.0,1,0.2,,,,,,,,,1.5,0.0,1.0,-1.0,-4.09,-4.04
13662,88,4,3,0,,0,,,,,,,,,,,,,,,
520,86,4,3,33,2401.0,31,26.7,,,,,,,,,2.15,64.0,21.0,43.0,1.61,1.52
11929,85,4,3,22,1658.0,17,18.4,,,,,,,,,0.91,20.0,39.0,-19.0,-1.03,-0.37
11930,88,4,3,6,198.0,1,2.2,,,,,,,,,1.5,1.0,1.0,0.0,0.0,-0.34
8386,81,4,3,0,,0,,,,,,,,,,,,,,,
11832,76,4,3,34,2402.0,27,26.7,,,,,,,,,1.97,53.0,27.0,26.0,0.97,-0.35
11836,99,4,3,1,87.0,1,1.0,,,,,,,,,1.0,2.0,0.0,2.0,2.07,2.28
1093,79,4,3,18,593.0,7,6.6,,,,,,,,,0.83,5.0,12.0,-7.0,-1.06,-1.19
8466,82,4,3,33,1953.0,21,21.7,,,,,,,,,1.67,37.0,25.0,12.0,0.55,0.12
3260,81,4,3,0,,0,,,,,,,,,,,,,,,
245,92,4,3,9,214.0,2,2.4,,,,,,,,,1.11,4.0,7.0,-3.0,-1.26,-0.95
5784,75,4,3,6,300.0,4,3.3,,,,,,,,,1.5,3.0,3.0,0.0,0.0,-0.52
524,85,4,3,0,,0,0.0,,,,,,,,,1.0,1.0,1.0,0.0,,
13418,86,4,3,0,,0,,,,,,,,,,,,,,,
9870,89,4,3,17,716.0,7,8.0,,,,,,,,,0.59,7.0,10.0,-3.0,-0.38,0.55
246,92,4,3,21,1453.0,18,16.1,,,,,,,,,1.1,20.0,22.0,-2.0,-0.12,0.43
8308,76,4,3,0,,0,,,,,,,,,,,,,,,
1334,85,4,3,14,594.0,7,6.6,,,,,,,,,0.79,2.0,13.0,-11.0,-1.67,-1.0
526,90,4,3,0,,0,,,,,,,,,,,,,,,
3221,90,4,3,0,,0,,,,,,,,,,,,,,,
12499,77,4,3,35,3012.0,33,33.5,,,,,,,,,1.74,51.0,39.0,12.0,0.36,0.8
10869,81,4,3,0,,0,,,,,,,,,,,,,,,
2717,99,4,3,0,,0,,,,,,,,,,,,,,,
529,90,4,3,34,2600.0,29,28.9,,,,,,,,,0.47,19.0,60.0,-41.0,-1.42,-1.42
528,82,4,3,1,18.0,0,0.2,,,,,,,,,1.0,1.0,0.0,1.0,5.0,4.52
3222,90,4,3,0,,0,,,,,,,,,,,,,,,
6034,100,4,3,34,2963.0,34,32.9,,,,,,,,,1.18,37.0,46.0,-9.0,-0.27,0.91
11577,91,4,3,10,197.0,1,2.2,,,,,,,,,2.1,2.0,3.0,-1.0,-0.46,-1.38
2791,99,4,3,15,1158.0,13,12.9,,,,,,,,,1.13,12.0,15.0,-3.0,-0.23,-0.11
2790,82,4,3,8,433.0,5,4.8,,,,,,,,,1.88,5.0,7.0,-2.0,-0.42,-1.05
12593,90,4,3,21,1468.0,18,16.3,,,,,,,,,0.29,10.0,30.0,-20.0,-1.23,-0.26
2008,101,4,3,9,165.0,1,1.8,,,,,,,,,0.67,2.0,1.0,1.0,0.55,1.24
3919,84,4,3,3,166.0,1,1.8,,,,,,,,,0.33,2.0,8.0,-6.0,-3.25,-3.09
11625,79,4,3,0,,0,,,,,,,,,,,,,,,
14148,90,4,3,20,1618.0,19,18.0,,,,,,,,,0.65,18.0,25.0,-7.0,-0.39,1.31
14144,75,4,3,4,162.0,3,1.8,,,,,,,,,1.75,0.0,5.0,-5.0,-2.78,-3.41
7636,89,4,3,3,65.0,0,0.7,,,,,,,,,1.0,1.0,4.0,-3.0,-4.15,-3.4
1231,92,4,3,37,2529.0,30,28.1,,,,,,,,,0.97,33.0,36.0,-3.0,-0.11,1.0
748,89,4,3,0,,0,,,,,,,,,,,,,,,
4490,88,4,3,0,,0,,,,,,,,,,,,,,,
3733,82,4,3,12,851.0,11,9.5,,,,,,,,,2.42,21.0,7.0,14.0,1.48,1.31
3736,94,4,3,0,,0,,,,,,,,,,,,,,,
3571,85,4,3,28,1933.0,24,21.5,,,,,,,,,0.96,16.0,39.0,-23.0,-1.07,-0.53
4336,81,4,3,0,,0,,,,,,,,,,,,,,,
9651,79,4,3,8,268.0,3,3.0,,,,,,,,,0.75,1.0,9.0,-8.0,-2.69,-2.83
5636,100,4,3,29,682.0,4,7.6,,,,,,,,,1.17,7.0,11.0,-4.0,-0.53,-0.17
2112,81,4,3,0,,0,,,,,,,,,,,,,,,
7154,82,4,3,0,,0,,,,,,,,,,,,,,,
5115,87,4,3,6,540.0,6,6.0,,,,,,,,,2.0,9.0,0.0,9.0,1.5,1.06
2138,100,4,3,9,386.0,5,4.3,,,,,,,,,1.56,5.0,4.0,1.0,0.23,0.71
9033,76,4,3,29,991.0,9,11.0,,,,,,,,,1.83,21.0,13.0,8.0,0.73,-0.5
1594,90,4,3,6,362.0,3,4.0,,,,,,,,,0.67,3.0,11.0,-8.0,-1.99,-1.02
2156,101,4,3,0,,0,,,,,,,,,,,,,,,
13259,86,4,3,6,95.0,0,1.1,,,,,,,,,2.67,2.0,1.0,1.0,0.95,-0.22
530,91,4,3,22,1924.0,22,21.4,,,,,,,,,2.14,33.0,14.0,19.0,0.89,0.11
11856,89,4,3,4,28.0,0,0.3,,,,,,,,,1.0,0.0,2.0,-2.0,-6.43,-5.66
4993,101,4,3,33,2518.0,28,28.0,,,,,,,,,0.82,25.0,45.0,-20.0,-0.71,-0.32
6314,79,4,3,19,1666.0,18,18.5,,,,,,,,,1.47,26.0,20.0,6.0,0.32,0.79
10439,77,4,3,0,,0,,,,,,,,,,,,,,,
8234,81,4,3,33,2230.0,24,24.8,,,,,,,,,0.85,21.0,46.0,-25.0,-1.01,-0.93
583,99,4,3,2,31.0,0,0.3,,,,,,,,,0.0,0.0,0.0,0.0,0.0,0.16
3228,77,4,3,11,632.0,7,7.0,,,,,,,,,1.82,13.0,6.0,7.0,1.0,0.9
3227,75,4,3,7,316.0,4,3.5,,,,,,,,,1.71,3.0,5.0,-2.0,-0.57,-1.15
8390,90,4,3,14,876.0,10,9.7,,,,,,,,,0.21,3.0,16.0,-13.0,-1.34,-0.35
5252,86,4,3,29,1947.0,26,21.6,,,,,,,,,2.07,46.0,20.0,26.0,1.2,0.1
535,86,4,3,0,,0,,,,,,,,,,,,,,,
3649,92,4,3,21,447.0,1,5.0,,,,,,,,,0.81,5.0,13.0,-8.0,-1.61,-1.43
4660,75,4,3,10,206.0,1,2.3,,,,,,,,,1.3,5.0,3.0,2.0,0.87,0.43
10739,77,4,3,18,620.0,4,6.9,,,,,,,,,1.61,11.0,7.0,4.0,0.58,0.39
1100,87,4,3,33,2221.0,25,24.7,,,,,,,,,1.79,35.0,20.0,15.0,0.61,0.01
13419,81,4,3,3,25.0,0,0.3,,,,,,,,,0.0,0.0,1.0,-1.0,-3.6,-2.94
9593,92,4,3,27,1424.0,19,15.8,,,,,,,,,1.0,17.0,26.0,-9.0,-0.57,-0.34
4297,101,4,3,17,1530.0,17,17.0,,,,,,,,,0.82,13.0,22.0,-9.0,-0.53,0.18
1382,101,4,3,14,1008.0,12,11.2,,,,,,,,,0.71,9.0,23.0,-14.0,-1.25,-0.88
4996,90,4,3,34,1651.0,18,18.3,,,,,,,,,0.53,14.0,31.0,-17.0,-0.93,0.29
3806,91,4,3,4,325.0,3,3.6,,,,,,,,,2.5,6.0,1.0,5.0,1.38,0.6
3803,78,4,3,18,1620.0,18,18.0,,,,,,,,,1.06,22.0,22.0,0.0,0.0,0.8
4666,81,4,3,1,6.0,0,0.1,,,,,,,,,1.0,0.0,0.0,0.0,0.0,0.69
9770,79,4,3,18,1087.0,15,12.1,,,,,,,,,1.67,21.0,12.0,9.0,0.75,1.21
4493,84,4,3,0,,0,,,,,,,,,,,,,,,
1104,90,4,3,26,2191.0,25,24.3,,,,,,,,,0.62,21.0,39.0,-18.0,-0.74,0.94
4713,101,4,3,8,226.0,3,2.5,,,,,,,,,0.63,2.0,1.0,1.0,0.4,1.1
9039,76,4,3,34,3060.0,34,34.0,,,,,,,,,1.88,65.0,34.0,31.0,0.91,-1.59
2422,99,4,3,15,1017.0,13,11.3,,,,,,,,,1.13,10.0,13.0,-3.0,-0.27,-0.15
10743,77,4,3,15,900.0,9,10.0,,,,,,,,,1.73,14.0,16.0,-2.0,-0.2,-0.63
10747,88,4,3,2,135.0,2,1.5,,,,,,,,,1.5,3.0,2.0,1.0,0.67,0.37
4340,76,4,3,2,14.0,0,0.2,,,,,,,,,1.5,0.0,0.0,0.0,0.0,-1.08
13698,79,4,3,0,,0,,,,,,,,,,,,,,,
9042,100,4,3,0,,0,,,,,,,,,,,,,,,
13936,88,4,3,29,2384.0,28,26.5,,,,,,,,,1.9,48.0,28.0,20.0,0.76,1.45
12644,77,4,3,36,2294.0,27,25.5,,,,,,,,,1.64,37.0,32.0,5.0,0.2,-0.2
4863,90,4,3,12,596.0,7,6.6,,,,,,,,,0.33,5.0,12.0,-7.0,-1.06,0.03
4862,88,4,3,9,148.0,1,1.6,,,,,,,,,1.78,3.0,4.0,-1.0,-0.61,-0.97
3040,88,4,3,0,,0,,,,,,,,,,,,,,,
3037,82,4,3,25,1728.0,23,19.2,,,,,,,,,1.64,31.0,20.0,11.0,0.57,0.15
14612,94,4,3,31,2256.0,27,25.1,,,,,,,,,1.61,26.0,25.0,1.0,0.04,-1.51
407,79,4,3,5,87.0,0,1.0,,,,,,,,,0.2,0.0,4.0,-4.0,-4.14,-4.16
4791,92,4,3,10,271.0,0,3.0,,,,,,,,,1.0,5.0,6.0,-1.0,-0.33,0.04
14136,91,4,3,1,12.0,0,0.1,,,,,,,,,0.0,0.0,1.0,-1.0,-7.5,-8.37
8051,92,4,3,1,90.0,1,1.0,,,,,,,,,0.0,2.0,3.0,-1.0,-1.0,-0.65
585,79,4,3,0,,0,,,,,,,,,,,,,,,
409,101,4,3,0,,0,,,,,,,,,,,,,,,
4347,79,4,3,0,,0,,,,,,,,,,,,,,,
10583,81,4,3,0,,0,,,,,,,,,,,,,,,
12551,75,4,3,26,925.0,9,10.3,,,,,,,,,1.46,17.0,11.0,6.0,0.58,0.15
5,99,4,3,1,1.0,0,0.0,,,,,,,,,3.0,0.0,0.0,0.0,0.0,0.16
5106,78,4,3,1,9.0,0,0.1,,,,,,,,,0.0,0.0,0.0,0.0,0.0,0.42
536,92,4,3,6,540.0,6,6.0,,,,,,,,,1.33,9.0,9.0,0.0,0.0,0.44
871,85,4,3,2,9.0,0,0.1,,,,,,,,,0.0,0.0,0.0,0.0,0.0,0.84
11355,90,4,3,21,1111.0,12,12.3,,,,,,,,,0.38,6.0,23.0,-17.0,-1.38,-0.44
9594,86,4,3,0,,0,,,,,,,,,,,,,,,
12685,99,4,3,32,2845.0,32,31.6,,,,,,,,,1.19,34.0,36.0,-2.0,-0.06,0.56
1105,78,4,3,0,,0,,,,,,,,,,,,,,,
8152,90,4,3,0,,0,,,,,,,,,,,,,,,
8311,81,4,3,37,2233.0,26,24.8,,,,,,,,,0.76,27.0,36.0,-9.0,-0.36,0.93
1106,82,4,3,25,1450.0,18,16.1,,,,,,,,,1.56,25.0,20.0,5.0,0.31,-0.33
4613,78,4,3,9,263.0,2,2.9,,,,,,,,,0.67,3.0,4.0,-1.0,-0.34,0.09
11662,76,4,3,0,,0,,,,,,,,,,,,,,,
11664,82,4,3,33,2200.0,24,24.4,,,,,,,,,1.88,35.0,25.0,10.0,0.41,-0.25
4693,87,4,3,26,1340.0,12,14.9,,,,,,,,,1.81,28.0,16.0,12.0,0.81,0.33
10778,91,4,3,0,,0,0.0,,,,,,,,,1.0,1.0,1.0,0.0,,
3415,85,4,3,34,2927.0,33,32.5,,,,,,,,,1.09,31.0,51.0,-20.0,-0.61,1.58
13701,77,4,3,0,,0,,,,,,,,,,,,,,,
9861,84,4,3,7,246.0,2,2.7,,,,,,,,,1.57,6.0,4.0,2.0,0.73,1.13
2559,85,4,3,0,,0,,,,,,,,,,,,,,,
6620,86,4,3,19,731.0,6,8.1,,,,,,,,,2.11,13.0,7.0,6.0,0.74,-0.53
3737,92,4,3,0,,0,,,,,,,,,,,,,,,
410,87,4,3,9,357.0,3,4.0,,,,,,,,,1.56,7.0,3.0,4.0,1.01,0.45
6586,94,4,3,0,,0,,,,,,,,,,,,,,,
7989,89,4,3,38,2667.0,30,29.6,,,,,,,,,0.89,23.0,38.0,-15.0,-0.51,1.41
14294,92,4,3,14,1084.0,12,12.0,,,,,,,,,1.0,16.0,23.0,-7.0,-0.58,-0.31
2175,94,4,3,30,2045.0,23,22.7,,,,,,,,,1.73,28.0,20.0,8.0,0.35,-0.5
3576,101,4,3,8,136.0,1,1.5,,,,,,,,,1.0,1.0,4.0,-3.0,-1.99,-1.41
7210,76,4,3,23,832.0,7,9.2,,,,,,,,,1.96,19.0,4.0,15.0,1.62,0.72
5465,84,4,3,0,,0,,,,,,,,,,,,,,,
5464,75,4,3,0,,0,,,,,,,,,,,,,,,
11356,79,4,3,33,2047.0,23,22.7,,,,,,,,,1.09,27.0,31.0,-4.0,-0.18,-0.24
14297,92,4,3,2,28.0,0,0.3,,,,,,,,,2.0,1.0,0.0,1.0,3.21,3.61
9044,90,4,3,0,,0,,,,,,,,,,,,,,,
3044,90,4,3,20,1095.0,12,12.2,,,,,,,,,0.45,10.0,24.0,-14.0,-1.15,-0.11
8485,79,4,3,36,2613.0,30,29.0,,,,,,,,,1.28,35.0,37.0,-2.0,-0.07,0.04
5073,87,4,3,0,,0,,,,,,,,,,,,,,,
12554,94,4,3,2,43.0,0,0.5,,,,,,,,,0.0,2.0,2.0,0.0,0.0,-0.56
3091,89,4,3,0,,0,,,,,,,,,,,,,,,
9045,99,4,3,0,,0,,,,,,,,,,,,,,,
13409,77,4,3,31,1154.0,11,12.8,,,,,,,,,1.68,19.0,15.0,4.0,0.31,0.07
8746,82,4,3,2,8.0,0,0.1,,,,,,,,,1.5,0.0,1.0,-1.0,-11.25,-11.78
4542,85,4,3,18,1004.0,9,11.2,,,,,,,,,0.83,9.0,24.0,-15.0,-1.34,-0.71
3036,87,4,3,12,581.0,6,6.5,,,,,,,,,1.83,13.0,12.0,1.0,0.15,-0.54
9599,86,4,3,29,1781.0,20,19.8,,,,,,,,,2.28,45.0,14.0,31.0,1.57,0.85
7216,87,4,3,7,460.0,6,5.1,,,,,,,,,2.14,13.0,6.0,7.0,1.37,0.88
7562,100,4,3,23,1066.0,10,11.8,,,,,,,,,1.09,10.0,20.0,-10.0,-0.84,-0.65
11471,85,4,3,26,1845.0,24,20.5,,,,,,,,,1.12,20.0,30.0,-10.0,-0.49,0.77
2444,76,4,3,36,2070.0,25,23.0,,,,,,,,,1.89,49.0,22.0,27.0,1.17,0.24
5055,94,4,3,0,,0,,,,,,,,,,,,,,,
4971,86,4,3,0,,0,,,,,,,,,,,,,,,
9681,81,4,3,16,769.0,7,8.5,,,,,,,,,0.63,4.0,23.0,-19.0,-2.22,-1.99
8317,77,4,3,18,1060.0,13,11.8,,,,,,,,,1.72,13.0,11.0,2.0,0.17,-0.14
7855,84,4,3,25,2135.0,23,23.7,,,,,,,,,1.2,23.0,33.0,-10.0,-0.42,-0.28
541,78,4,3,29,1432.0,16,15.9,,,,,,,,,0.83,16.0,22.0,-6.0,-0.38,0.08
13705,76,4,3,0,,0,,,,,,,,,,,,,,,
4008,92,4,3,34,2947.0,32,32.7,,,,,,,,,0.94,39.0,49.0,-10.0,-0.31,0.46
4536,88,4,3,20,947.0,12,10.5,,,,,,,,,1.55,11.0,16.0,-5.0,-0.48,-1.09
544,99,4,3,0,,0,,,,,,,,,,,,,,,
823,99,4,3,15,388.0,4,4.3,,,,,,,,,1.67,3.0,8.0,-5.0,-1.16,-1.13
4997,92,4,3,0,,0,,,,,,,,,,,,,,,
11785,86,4,3,0,,0,,,,,,,,,,,,,,,
9990,87,4,3,33,2970.0,33,33.0,,,,,,,,,1.85,50.0,32.0,18.0,0.55,-0.45
5076,91,4,3,37,3330.0,37,37.0,,,,,,,,,2.14,56.0,27.0,29.0,0.78,-2.22
546,78,4,3,0,,0,,,,,,,,,,,,,,,
2062,88,4,3,35,2177.0,27,24.2,,,,,,,,,1.77,39.0,24.0,15.0,0.62,0.84
1620,79,4,3,15,1252.0,14,13.9,,,,,,,,,1.4,23.0,15.0,8.0,0.58,1.03
4352,86,4,3,33,2177.0,29,24.2,,,,,,,,,2.0,50.0,17.0,33.0,1.36,0.57
1944,76,4,3,34,2640.0,32,29.3,,,,,,,,,1.88,59.0,31.0,28.0,0.95,-0.55
3565,82,4,3,35,3115.0,35,34.6,,,,,,,,,1.77,57.0,36.0,21.0,0.61,1.2
1886,77,4,3,24,1281.0,16,14.2,,,,,,,,,1.71,22.0,16.0,6.0,0.42,0.25
1386,99,4,3,0,,0,,,,,,,,,,,,,,,
5583,84,4,3,0,,0,,,,,,,,,,,,,,,
11361,89,4,3,21,1840.0,21,20.4,,,,,,,,,0.9,15.0,40.0,-25.0,-1.22,-0.88
415,79,4,3,23,1825.0,20,20.3,,,,,,,,,0.91,25.0,34.0,-9.0,-0.44,-0.78
5827,101,4,3,24,939.0,10,10.4,,,,,,,,,0.83,9.0,16.0,-7.0,-0.67,-0.05
1020,79,4,3,13,580.0,6,6.4,,,,,,,,,1.85,10.0,8.0,2.0,0.31,0.47
1554,94,4,3,32,2418.0,27,26.9,,,,,,,,,1.59,39.0,27.0,12.0,0.45,-0.36
11099,85,4,3,28,2395.0,27,26.6,,,,,,,,,1.14,25.0,35.0,-10.0,-0.38,1.56
3360,86,4,3,29,1955.0,20,21.7,,,,,,,,,2.03,45.0,23.0,22.0,1.01,-0.34
815,101,4,3,16,957.0,12,10.6,,,,,,,,,0.56,8.0,19.0,-11.0,-1.03,-0.56
11454,94,4,3,24,1417.0,16,15.7,,,,,,,,,1.63,29.0,15.0,14.0,0.89,0.57
4454,100,4,3,0,,0,,,,,,,,,,,,,,,
4027,100,4,3,2,90.0,0,1.0,,,,,,,,,0.0,0.0,1.0,-1.0,-1.0,-0.62
13838,81,4,3,4,74.0,0,0.8,,,,,,,,,1.25,1.0,1.0,0.0,0.0,0.7
3716,76,4,3,37,2881.0,32,32.0,,,,,,,,,2.0,67.0,31.0,36.0,1.12,0.29
7802,100,4,3,33,2498.0,30,27.8,,,,,,,,,1.15,28.0,40.0,-12.0,-0.43,-0.14
6382,84,4,3,24,769.0,6,8.5,,,,,,,,,1.04,10.0,11.0,-1.0,-0.12,0.26
7385,100,4,3,34,1892.0,20,21.0,,,,,,,,,1.21,25.0,30.0,-5.0,-0.24,0.35
3976,81,4,3,15,186.0,0,2.1,,,,,,,,,1.07,0.0,1.0,-1.0,-0.48,0.21
2215,84,4,3,18,555.0,3,6.2,,,,,,,,,1.28,7.0,8.0,-1.0,-0.16,0.18
10056,101,4,3,36,2470.0,29,27.4,,,,,,,,,0.81,25.0,32.0,-7.0,-0.26,1.36
3829,99,4,3,13,1021.0,12,11.3,,,,,,,,,1.23,10.0,13.0,-3.0,-0.26,-0.15
3902,75,4,3,17,1377.0,16,15.3,,,,,,,,,1.53,23.0,16.0,7.0,0.46,-0.03
14391,79,4,3,26,1164.0,11,12.9,,,,,,,,,1.46,13.0,22.0,-9.0,-0.7,-0.94
9305,77,4,3,8,334.0,5,3.7,,,,,,,,,0.88,3.0,3.0,0.0,0.0,-0.29
9686,91,4,3,0,,0,,,,,,,,,,,,,,,
12731,89,4,3,0,,0,,,,,,,,,,,,,,,
12751,81,4,3,33,2331.0,27,25.9,,,,,,,,,0.79,25.0,42.0,-17.0,-0.66,0.09
4121,77,4,3,1,9.0,0,0.1,,,,,,,,,3.0,0.0,0.0,0.0,0.0,-0.26
10428,92,4,3,14,657.0,7,7.3,,,,,,,,,1.53,10.0,10.0,0.0,0.0,0.46
5079,77,4,3,30,1023.0,9,11.4,,,,,,,,,1.57,17.0,18.0,-1.0,-0.09,-0.5
833,79,4,3,28,1644.0,20,18.3,,,,,,,,,1.32,25.0,24.0,1.0,0.05,0.26
10753,87,4,3,17,571.0,5,6.3,,,,,,,,,1.71,13.0,9.0,4.0,0.63,0.03
10749,82,4,3,15,962.0,10,10.7,,,,,,,,,1.53,16.0,14.0,2.0,0.19,-0.44
14276,89,4,3,38,3420.0,38,38.0,,,,,,,,,0.89,27.0,58.0,-31.0,-0.82,
3099,81,4,3,0,,0,,,,,,,,,,,,,,,
3235,85,4,3,8,260.0,3,2.9,,,,,,,,,1.33,4.0,5.0,-1.0,-0.35,0.54
5979,81,4,3,20,1383.0,16,15.4,,,,,,,,,0.75,17.0,25.0,-8.0,-0.52,0.27
9687,78,4,3,20,925.0,9,10.3,,,,,,,,,0.85,10.0,13.0,-3.0,-0.29,0.18
6592,75,4,3,15,760.0,8,8.4,,,,,,,,,1.67,19.0,8.0,11.0,1.3,1.07
14230,79,4,3,0,,0,,,,,,,,,,,,,,,
8203,77,4,3,16,983.0,10,10.9,,,,,,,,,1.94,22.0,12.0,10.0,0.92,0.92
2943,101,4,3,10,492.0,6,5.5,,,,,,,,,0.7,3.0,6.0,-3.0,-0.55,0.1
12891,84,4,3,0,,0,,,,,,,,,,,,,,,
550,75,4,3,1,5.0,0,0.1,,,,,,,,,3.0,0.0,0.0,0.0,0.0,-0.47
14523,75,4,3,35,2504.0,29,27.8,,,,,,,,,1.66,39.0,29.0,10.0,0.36,-0.43
9934,91,4,3,6,35.0,0,0.4,,,,,,,,,2.17,0.0,0.0,0.0,0.0,-0.85
9932,82,4,3,14,650.0,6,7.2,,,,,,,,,1.5,9.0,6.0,3.0,0.42,-0.1
555,86,4,3,0,,0,,,,,,,,,,,,,,,
11087,90,4,3,9,223.0,1,2.5,,,,,,,,,0.33,1.0,4.0,-3.0,-1.21,-0.14
10585,82,4,3,0,,0,,,,,,,,,,,,,,,
3237,86,4,3,28,1225.0,9,13.6,,,,,,,,,2.07,25.0,16.0,9.0,0.66,-0.77
10298,84,4,3,35,3103.0,35,34.5,,,,,,,,,1.11,31.0,42.0,-11.0,-0.32,-0.04
9308,85,4,3,11,549.0,5,6.1,,,,,,,,,1.09,7.0,7.0,0.0,0.0,1.0
11972,77,4,3,37,3204.0,37,35.6,,,,,,,,,1.59,52.0,44.0,8.0,0.22,-0.61
2565,89,4,3,0,,0,,,,,,,,,,,,,,,
589,88,4,3,0,,0,,,,,,,,,,,,,,,
9607,75,4,3,26,2152.0,24,23.9,,,,,,,,,1.88,42.0,22.0,20.0,0.84,0.98
13707,99,4,3,1,10.0,0,0.1,,,,,,,,,0.0,0.0,0.0,0.0,0.0,0.16
13484,89,4,3,2,96.0,0,1.1,,,,,,,,,0.5,1.0,1.0,0.0,0.0,0.84
556,79,4,3,15,142.0,0,1.6,,,,,,,,,1.13,4.0,3.0,1.0,0.63,0.74
5004,91,4,3,0,,0,,,,,,,,,,,,,,,
5000,78,4,3,28,1009.0,8,11.2,,,,,,,,,0.93,18.0,11.0,7.0,0.62,1.48
12134,90,4,3,8,180.0,0,2.0,,,,,,,,,0.75,0.0,3.0,-3.0,-1.5,-0.44
1375,89,4,3,31,2609.0,31,29.0,,,,,,,,,0.9,17.0,34.0,-17.0,-0.59,0.97
12949,90,4,3,7,326.0,4,3.6,,,,,,,,,0.14,1.0,10.0,-9.0,-2.48,-1.55
4359,87,4,3,30,2195.0,26,24.4,,,,,,,,,1.83,35.0,19.0,16.0,0.66,0.14
3155,82,4,3,35,3150.0,35,35.0,,,,,,,,,1.77,57.0,38.0,19.0,0.54,0.54
13941,89,4,3,2,180.0,2,2.0,,,,,,,,,0.0,0.0,6.0,-6.0,-3.0,-2.31
3012,85,4,3,24,2029.0,21,22.5,,,,,,,,,1.04,18.0,34.0,-16.0,-0.71,0.33
8017,100,4,3,15,878.0,11,9.8,,,,,,,,,1.4,10.0,17.0,-7.0,-0.72,-0.43
12560,88,4,3,15,683.0,7,7.6,,,,,,,,,2.27,17.0,5.0,12.0,1.58,1.58
6274,87,4,3,0,,0,,,,,,,,,,,,,,,
9165,88,4,3,32,2741.0,31,30.5,,,,,,,,,1.81,49.0,35.0,14.0,0.46,0.72
2000,91,4,3,26,1177.0,13,13.1,,,,,,,,,2.15,16.0,8.0,8.0,0.61,-0.35
12649,75,4,3,14,669.0,7,7.4,,,,,,,,,1.57,15.0,9.0,6.0,0.81,0.41
5235,99,4,3,30,1430.0,15,15.9,,,,,,,,,1.17,13.0,20.0,-7.0,-0.44,-0.49
4674,91,4,3,0,,0,,,,,,,,,,,,,,,
1815,76,4,3,1,23.0,0,0.3,,,,,,,,,3.0,0.0,0.0,0.0,0.0,-1.09
12434,81,4,3,33,2539.0,29,28.2,,,,,,,,,0.64,25.0,49.0,-24.0,-0.85,-0.65
3740,79,4,3,32,2532.0,28,28.1,,,,,,,,,1.41,34.0,38.0,-4.0,-0.14,-0.24
11616,84,4,3,7,630.0,7,7.0,,,,,,,,,0.71,5.0,15.0,-10.0,-1.43,-1.36
11619,94,4,3,0,,0,,,,,,,,,,,,,,,
10693,87,4,3,26,1750.0,23,19.4,,,,,,,,,1.77,28.0,18.0,10.0,0.51,-0.19
12156,82,4,3,32,2521.0,29,28.0,,,,,,,,,1.81,52.0,32.0,20.0,0.71,0.81
8492,94,4,3,6,229.0,2,2.5,,,,,,,,,2.67,3.0,0.0,3.0,1.18,0.67
9612,101,4,3,0,,0,,,,,,,,,,,,,,,
420,81,4,3,28,2203.0,27,24.5,,,,,,,,,0.68,20.0,37.0,-17.0,-0.69,-0.03
4840,81,4,3,0,,0,,,,,,,,,,,,,,,
9614,88,4,3,37,3270.0,37,36.3,,,,,,,,,1.68,59.0,47.0,12.0,0.33,0.33
4762,89,4,3,31,2435.0,31,27.1,,,,,,,,,1.1,23.0,36.0,-13.0,-0.48,1.16
396,82,4,3,24,1273.0,16,14.1,,,,,,,,,1.71,22.0,12.0,10.0,0.71,0.33
3980,81,4,3,37,3217.0,37,35.7,,,,,,,,,0.81,32.0,55.0,-23.0,-0.64,0.69
2576,101,4,3,29,754.0,6,8.4,,,,,,,,,0.76,10.0,15.0,-5.0,-0.6,0.04
10696,81,4,3,10,287.0,2,3.2,,,,,,,,,1.5,2.0,2.0,0.0,0.0,0.75
12432,101,4,3,3,30.0,0,0.3,,,,,,,,,0.0,0.0,1.0,-1.0,-3.0,-2.39
1340,92,4,3,25,1206.0,10,13.4,,,,,,,,,0.96,19.0,20.0,-1.0,-0.07,0.45
10196,92,4,3,15,453.0,3,5.0,,,,,,,,,0.53,12.0,10.0,2.0,0.4,0.88
12075,101,4,3,25,1369.0,14,15.2,,,,,,,,,0.76,18.0,23.0,-5.0,-0.33,0.51
6820,82,4,3,0,,0,,,,,,,,,,,,,,,
70,85,4,3,10,463.0,5,5.1,,,,,,,,,1.2,8.0,12.0,-4.0,-0.78,0.07
8590,89,4,3,0,,0,,,,,,,,,,,,,,,
8591,91,4,3,0,,0,,,,,,,,,,,,,,,
11283,78,4,3,0,,0,,,,,,,,,,,,,,,
8230,81,4,3,36,2337.0,27,26.0,,,,,,,,,0.86,18.0,40.0,-22.0,-0.85,-0.51
9175,94,4,3,8,251.0,2,2.8,,,,,,,,,1.38,2.0,7.0,-5.0,-1.79,-2.53
13363,75,4,3,33,2696.0,30,30.0,,,,,,,,,1.7,52.0,34.0,18.0,0.6,0.6
5412,92,4,3,25,1327.0,15,14.7,,,,,,,,,0.88,12.0,28.0,-16.0,-1.09,-1.17
5759,76,4,3,30,2327.0,27,25.9,,,,,,,,,2.1,58.0,21.0,37.0,1.43,1.1
3928,77,4,3,21,1137.0,12,12.6,,,,,,,,,1.43,18.0,17.0,1.0,0.08,-0.28
7921,99,4,3,0,,0,,,,,,,,,,,,,,,
9558,94,4,3,14,915.0,11,10.2,,,,,,,,,1.93,21.0,9.0,12.0,1.18,0.86
3866,88,4,3,11,424.0,4,4.7,,,,,,,,,1.45,10.0,2.0,8.0,1.7,1.58
4901,91,4,3,0,,0,,,,,,,,,,,,,,,
1467,88,4,3,1,8.0,0,0.1,,,,,,,,,0.0,0.0,1.0,-1.0,-11.25,-11.59
6289,76,4,3,0,,0,,,,,,,,,,,,,,,
6292,101,4,3,35,3127.0,35,34.7,,,,,,,,,0.74,26.0,48.0,-22.0,-0.63,-0.02
6873,79,4,3,13,540.0,5,6.0,,,,,,,,,1.62,8.0,5.0,3.0,0.5,0.69
6876,82,4,3,14,334.0,1,3.7,,,,,,,,,1.57,7.0,0.0,7.0,1.89,1.54
5861,99,4,3,19,920.0,9,10.2,,,,,,,,,0.84,13.0,10.0,3.0,0.29,0.62
10044,77,4,3,0,,0,,,,,,,,,,,,,,,
12569,77,4,3,7,118.0,0,1.3,,,,,,,,,1.57,3.0,2.0,1.0,0.76,0.52
3962,99,4,3,0,,0,,,,,,,,,,,,,,,
5035,82,4,3,0,,0,,,,,,,,,,,,,,,
591,79,4,3,10,387.0,3,4.3,,,,,,,,,0.8,6.0,7.0,-1.0,-0.23,-0.17
5225,88,4,3,37,2210.0,29,24.6,,,,,,,,,1.68,35.0,33.0,2.0,0.08,-0.66
1452,81,4,3,29,2508.0,29,27.9,,,,,,,,,0.93,28.0,36.0,-8.0,-0.29,1.49
1494,90,4,3,30,2435.0,28,27.1,,,,,,,,,0.47,23.0,46.0,-23.0,-0.85,0.79
4412,79,4,3,7,171.0,1,1.9,,,,,,,,,1.0,3.0,3.0,0.0,0.0,0.08
6045,78,4,3,0,,0,,,,,,,,,,,,,,,
825,79,4,3,2,10.0,0,0.1,,,,,,,,,1.5,0.0,1.0,-1.0,-9.0,-8.95
4848,89,4,3,19,1388.0,16,15.4,,,,,,,,,0.95,15.0,25.0,-10.0,-0.65,0.28
7228,91,4,3,15,1074.0,12,11.9,,,,,,,,,2.13,21.0,12.0,9.0,0.75,-0.13
637,75,4,3,22,1266.0,14,14.1,,,,,,,,,1.68,16.0,15.0,1.0,0.07,-0.64
11116,89,4,3,21,1156.0,13,12.8,,,,,,,,,1.14,13.0,14.0,-1.0,-0.08,1.11
6492,101,4,3,8,703.0,7,7.8,,,,,,,,,0.5,7.0,15.0,-8.0,-1.02,-0.49
8638,75,4,3,15,557.0,6,6.2,,,,,,,,,1.33,7.0,8.0,-1.0,-0.16,-0.76
10199,89,4,3,15,452.0,2,5.0,,,,,,,,,1.13,4.0,9.0,-5.0,-1.0,-0.21
2579,100,4,3,16,1161.0,12,12.9,,,,,,,,,1.25,16.0,21.0,-5.0,-0.39,0.01
11634,87,4,3,29,2337.0,25,26.0,,,,,,,,,1.62,35.0,26.0,9.0,0.35,-0.82
5376,100,4,3,30,2001.0,25,22.2,,,,,,,,,1.17,24.0,27.0,-3.0,-0.13,0.63
14366,99,4,3,29,1046.0,10,11.6,,,,,,,,,1.14,15.0,14.0,1.0,0.09,0.35
6482,77,4,3,7,298.0,3,3.3,,,,,,,,,1.29,5.0,7.0,-2.0,-0.6,-0.95
6483,89,4,3,13,495.0,6,5.5,,,,,,,,,0.92,5.0,6.0,-1.0,-0.18,0.74
6484,100,4,3,37,3186.0,36,35.4,,,,,,,,,1.11,36.0,53.0,-17.0,-0.48,-1.25
8257,84,4,3,8,230.0,2,2.6,,,,,,,,,1.38,2.0,1.0,1.0,0.39,0.76
5187,85,4,3,27,872.0,8,9.7,,,,,,,,,0.74,11.0,20.0,-9.0,-0.93,-0.12
9946,82,4,3,5,127.0,1,1.4,,,,,,,,,2.0,3.0,2.0,1.0,0.71,0.22
10241,82,4,3,32,2704.0,31,30.0,,,,,,,,,1.66,49.0,34.0,15.0,0.5,0.0
8867,92,4,3,30,1826.0,24,20.3,,,,,,,,,1.03,18.0,24.0,-6.0,-0.3,0.16
8269,87,4,3,12,1013.0,11,11.3,,,,,,,,,2.08,15.0,12.0,3.0,0.27,-0.48
8988,79,4,3,31,2615.0,30,29.1,,,,,,,,,1.52,44.0,35.0,9.0,0.31,1.65
7733,89,4,3,24,2144.0,24,23.8,,,,,,,,,0.92,14.0,36.0,-22.0,-0.92,-0.29
8778,101,4,3,14,695.0,7,7.7,,,,,,,,,1.0,10.0,10.0,0.0,0.0,0.79
12709,76,4,3,23,1903.0,23,21.1,,,,,,,,,1.96,42.0,18.0,24.0,1.14,0.13
11819,87,4,3,16,1160.0,13,12.9,,,,,,,,,1.88,17.0,15.0,2.0,0.16,-0.68
5800,81,4,3,12,116.0,0,1.3,,,,,,,,,0.33,1.0,1.0,0.0,0.0,0.71
8887,94,4,3,34,2572.0,31,28.6,,,,,,,,,1.82,41.0,29.0,12.0,0.42,-0.54
13350,87,4,3,28,1994.0,23,22.2,,,,,,,,,1.75,33.0,18.0,15.0,0.68,0.17
10966,76,4,3,18,1125.0,12,12.5,,,,,,,,,2.22,25.0,15.0,10.0,0.8,-0.42
3702,82,4,3,0,,0,,,,,,,,,,,,,,,
2585,82,4,3,18,622.0,5,6.9,,,,,,,,,1.78,10.0,1.0,9.0,1.3,0.98
2582,81,4,3,8,507.0,5,5.6,,,,,,,,,0.38,1.0,11.0,-10.0,-1.78,-1.28
14036,81,4,3,6,77.0,0,0.9,,,,,,,,,0.0,0.0,1.0,-1.0,-1.17,-0.5
9445,92,4,3,1,56.0,1,0.6,,,,,,,,,0.0,1.0,0.0,1.0,1.61,2.01
13447,100,4,3,24,1754.0,19,19.5,,,,,,,,,1.21,19.0,31.0,-12.0,-0.62,-0.45
10821,89,4,3,37,3057.0,37,34.0,,,,,,,,,0.89,24.0,52.0,-28.0,-0.82,-0.08
7727,91,4,3,17,1178.0,15,13.1,,,,,,,,,2.24,19.0,6.0,13.0,0.99,0.23
5062,90,4,3,34,2845.0,33,31.6,,,,,,,,,0.44,23.0,57.0,-34.0,-1.08,0.02
9055,101,4,3,0,,0,,,,,,,,,,,,,,,
9512,85,4,3,7,89.0,0,1.0,,,,,,,,,0.0,2.0,3.0,-1.0,-1.01,-0.17
5006,78,4,3,12,310.0,1,3.4,,,,,,,,,1.0,4.0,2.0,2.0,0.58,1.1
13954,99,4,3,33,2307.0,26,25.6,,,,,,,,,1.18,31.0,30.0,1.0,0.04,0.61
3107,85,4,3,27,1459.0,17,16.2,,,,,,,,,0.89,19.0,29.0,-10.0,-0.62,0.39
8918,88,4,3,25,1406.0,16,15.6,,,,,,,,,1.8,26.0,24.0,2.0,0.13,-0.32
4034,94,4,3,6,318.0,4,3.5,,,,,,,,,0.67,4.0,2.0,2.0,0.57,0.01
10651,84,4,3,29,2610.0,29,29.0,,,,,,,,,1.17,27.0,31.0,-4.0,-0.14,0.75
11772,75,4,3,34,2323.0,25,25.8,,,,,,,,,1.56,45.0,28.0,17.0,0.66,0.58
13128,90,4,3,7,367.0,3,4.1,,,,,,,,,0.14,1.0,15.0,-14.0,-3.43,-2.64
10954,101,4,3,1,5.0,0,0.1,,,,,,,,,0.0,0.0,0.0,0.0,0.0,0.63
11666,82,4,3,0,,0,,,,,,,,,,,,,,,
5086,92,4,3,17,1199.0,14,13.3,,,,,,,,,0.88,15.0,19.0,-4.0,-0.3,0.1
13232,79,4,3,0,,0,,,,,,,,,,,,,,,
1828,79,4,3,4,51.0,0,0.6,,,,,,,,,1.75,2.0,1.0,1.0,1.76,1.87
9689,75,4,3,1,61.0,1,0.7,,,,,,,,,1.0,0.0,0.0,0.0,0.0,-0.48
7528,99,4,3,28,1540.0,18,17.1,,,,,,,,,1.25,16.0,19.0,-3.0,-0.18,-0.03
2829,85,4,3,29,940.0,8,10.4,,,,,,,,,1.1,10.0,22.0,-12.0,-1.15,-0.42
13093,91,4,3,32,2636.0,31,29.3,,,,,,,,,2.16,49.0,20.0,29.0,0.99,0.65
8922,87,4,3,36,2822.0,34,31.4,,,,,,,,,1.83,48.0,31.0,17.0,0.54,-0.36
12357,75,4,3,19,1037.0,10,11.5,,,,,,,,,1.95,18.0,14.0,4.0,0.35,-0.18
209,76,4,3,31,2247.0,28,25.0,,,,,,,,,2.03,50.0,23.0,27.0,1.08,0.01
12617,100,4,3,36,2308.0,31,25.6,,,,,,,,,1.14,30.0,41.0,-11.0,-0.43,-0.11
8323,100,4,3,33,2353.0,27,26.1,,,,,,,,,1.18,33.0,35.0,-2.0,-0.08,1.02
8324,101,4,3,0,,0,,,,,,,,,,,,,,,
6534,77,4,3,32,2614.0,29,29.0,,,,,,,,,1.63,46.0,37.0,9.0,0.31,0.2
7046,78,4,3,18,1081.0,10,12.0,,,,,,,,,1.06,15.0,17.0,-2.0,-0.17,0.37
3647,87,4,3,19,529.0,3,5.9,,,,,,,,,1.74,7.0,5.0,2.0,0.34,-0.31
12287,91,4,3,36,2843.0,35,31.6,,,,,,,,,2.19,53.0,20.0,33.0,1.04,1.2
12752,78,4,3,36,3240.0,36,36.0,,,,,,,,,1.0,38.0,50.0,-12.0,-0.33,1.67
14626,78,4,3,26,1606.0,19,17.8,,,,,,,,,0.92,20.0,27.0,-7.0,-0.39,0.05
1723,77,4,3,17,1048.0,12,11.6,,,,,,,,,1.47,14.0,15.0,-1.0,-0.09,-0.5
9486,92,4,3,6,92.0,0,1.0,,,,,,,,,0.83,1.0,2.0,-1.0,-0.98,-0.63
4991,85,4,3,17,1065.0,11,11.8,,,,,,,,,0.94,14.0,35.0,-21.0,-1.77,-1.35
4363,85,4,3,0,,0,,,,,,,,,,,,,,,
10064,75,4,3,37,3294.0,37,36.6,,,,,,,,,1.62,56.0,41.0,15.0,0.41,-1.73
1344,78,4,3,33,2150.0,27,23.9,,,,,,,,,1.0,29.0,39.0,-10.0,-0.42,0.01
2967,76,4,3,10,258.0,2,2.9,,,,,,,,,1.4,5.0,3.0,2.0,0.7,-0.41
2972,90,4,3,20,1306.0,16,14.5,,,,,,,,,0.5,11.0,20.0,-9.0,-0.62,0.74
14517,81,4,3,22,1510.0,17,16.8,,,,,,,,,0.82,15.0,25.0,-10.0,-0.6,0.16
12397,84,4,3,9,383.0,4,4.3,,,,,,,,,1.33,4.0,2.0,2.0,0.47,0.88
3351,92,4,3,33,1995.0,23,22.2,,,,,,,,,0.94,26.0,40.0,-14.0,-0.63,-0.63
5009,94,4,3,37,3143.0,36,34.9,,,,,,,,,1.78,53.0,33.0,20.0,0.57,0.25
2649,88,4,3,9,810.0,9,9.0,,,,,,,,,1.56,10.0,7.0,3.0,0.33,0.02
12252,82,4,3,29,1931.0,22,21.5,,,,,,,,,1.69,33.0,28.0,5.0,0.23,-0.61
425,76,4,3,1,6.0,0,0.1,,,,,,,,,0.0,0.0,0.0,0.0,0.0,-1.08
592,94,4,3,0,,0,,,,,,,,,,,,,,,
557,84,4,3,2,46.0,1,0.5,,,,,,,,,1.0,0.0,1.0,-1.0,-1.96,-1.66
559,101,4,3,8,354.0,5,3.9,,,,,,,,,0.88,1.0,4.0,-3.0,-0.76,-0.15
4479,89,4,3,1,15.0,0,0.2,,,,,,,,,0.0,0.0,0.0,0.0,0.0,0.82
12056,92,4,3,0,,0,,,,,,,,,,,,,,,
11245,90,4,3,19,1628.0,19,18.1,,,,,,,,,0.68,16.0,23.0,-7.0,-0.39,1.32
11242,82,4,3,13,1098.0,12,12.2,,,,,,,,,1.77,19.0,14.0,5.0,0.41,-0.13
8417,81,4,3,18,1069.0,12,11.9,,,,,,,,,0.94,7.0,16.0,-9.0,-0.76,-0.11
10147,101,4,3,10,356.0,4,4.0,,,,,,,,,0.8,0.0,4.0,-4.0,-1.01,-0.42
10146,90,4,3,8,106.0,1,1.2,,,,,,,,,0.38,0.0,0.0,0.0,0.0,1.11
11759,91,4,3,4,142.0,1,1.6,,,,,,,,,2.5,1.0,1.0,0.0,0.0,-0.88
11923,78,4,3,33,1406.0,13,15.6,,,,,,,,,0.94,15.0,22.0,-7.0,-0.45,-0.05
11994,94,4,3,0,,0,,,,,,,,,,,,,,,
5217,99,4,3,28,2340.0,27,26.0,,,,,,,,,1.11,27.0,30.0,-3.0,-0.12,0.13
20,84,4,3,36,3085.0,35,34.3,,,,,,,,,1.19,33.0,44.0,-11.0,-0.32,-0.05
13711,82,4,3,0,,0,,,,,,,,,,,,,,,
7078,86,4,3,5,450.0,5,5.0,,,,,,,,,2.6,8.0,3.0,5.0,1.0,-0.18
8022,86,4,3,31,2564.0,31,28.5,,,,,,,,,2.0,58.0,27.0,31.0,1.09,-0.28
8508,82,4,3,8,351.0,4,3.9,,,,,,,,,1.88,5.0,5.0,0.0,0.0,-0.56
7660,90,4,3,9,183.0,1,2.0,,,,,,,,,0.44,2.0,5.0,-3.0,-1.48,-0.42
171,88,4,3,35,2337.0,26,26.0,,,,,,,,,1.6,39.0,39.0,0.0,0.0,-1.0
174,99,4,3,28,1919.0,20,21.3,,,,,,,,,1.11,20.0,28.0,-8.0,-0.38,-0.5
11392,84,4,3,26,1538.0,16,17.1,,,,,,,,,1.35,20.0,22.0,-2.0,-0.12,0.36
373,84,4,3,13,900.0,9,10.0,,,,,,,,,1.15,7.0,13.0,-6.0,-0.6,-0.39
1116,90,4,3,1,8.0,0,0.1,,,,,,,,,0.0,0.0,0.0,0.0,0.0,1.08
5108,79,4,3,0,,0,,,,,,,,,,,,,,,
8422,79,4,3,11,335.0,3,3.7,,,,,,,,,1.0,3.0,11.0,-8.0,-2.15,-2.3
11335,91,4,3,20,702.0,7,7.8,,,,,,,,,2.33,13.0,10.0,3.0,0.38,-0.58
12579,87,4,3,23,709.0,7,7.9,,,,,,,,,1.65,16.0,6.0,10.0,1.27,0.84
3689,89,4,3,0,,0,,,,,,,,,,,,,,,
14189,87,4,3,32,2310.0,27,25.7,,,,,,,,,1.81,34.0,28.0,6.0,0.23,-1.14
12706,91,4,3,34,2938.0,33,32.6,,,,,,,,,2.15,49.0,22.0,27.0,0.83,-0.11
4497,84,4,3,3,89.0,1,1.0,,,,,,,,,0.33,1.0,5.0,-4.0,-4.04,-3.83
651,91,4,3,34,3005.0,34,33.4,,,,,,,,,2.12,52.0,25.0,27.0,0.81,-0.28
7370,84,4,3,17,847.0,8,9.4,,,,,,,,,1.24,8.0,10.0,-2.0,-0.21,0.14
4675,91,4,3,0,,0,,,,,,,,,,,,,,,
13943,92,4,3,21,1288.0,16,14.3,,,,,,,,,0.81,15.0,22.0,-7.0,-0.49,-0.19
2975,92,4,3,0,,0,,,,,,,,,,,,,,,
13971,99,4,3,37,3330.0,37,37.0,,,,,,,,,1.19,37.0,42.0,-5.0,-0.14,0.86
14454,78,4,3,31,2569.0,31,28.5,,,,,,,,,0.97,27.0,40.0,-13.0,-0.46,-0.14
7236,77,4,3,31,2277.0,25,25.3,,,,,,,,,1.65,42.0,32.0,10.0,0.4,0.4
4252,84,4,3,25,1677.0,22,18.6,,,,,,,,,1.12,14.0,23.0,-9.0,-0.48,-0.33
13132,85,4,3,0,,0,,,,,,,,,,,,,,,
5402,86,4,3,32,2396.0,30,26.6,,,,,,,,,2.13,57.0,24.0,33.0,1.24,0.27
12384,100,4,3,20,608.0,4,6.8,,,,,,,,,0.95,8.0,13.0,-5.0,-0.74,-0.42
808,87,4,3,0,,0,,,,,,,,,,,,,,,
8328,85,4,3,36,3240.0,36,36.0,,,,,,,,,0.94,32.0,64.0,-32.0,-0.89,-0.89
912,75,4,3,16,1099.0,13,12.2,,,,,,,,,1.81,16.0,10.0,6.0,0.49,0.03
435,79,4,3,24,1727.0,21,19.2,,,,,,,,,1.21,20.0,26.0,-6.0,-0.31,-0.47
9531,82,4,3,4,144.0,2,1.6,,,,,,,,,0.75,1.0,4.0,-3.0,-1.87,-2.48
13347,89,4,3,31,2021.0,23,22.5,,,,,,,,,0.84,16.0,37.0,-21.0,-0.94,-0.29
8924,92,4,3,0,,0,,,,,,,,,,,,,,,
10831,77,4,3,22,1208.0,15,13.4,,,,,,,,,1.5,20.0,21.0,-1.0,-0.07,-0.52
2976,85,4,3,35,1375.0,12,15.3,,,,,,,,,1.06,16.0,25.0,-9.0,-0.59,0.42
3081,90,4,3,31,2104.0,24,23.4,,,,,,,,,0.35,16.0,42.0,-26.0,-1.11,-0.09
9621,86,4,3,0,,0,,,,,,,,,,,,,,,
12784,99,4,3,0,,0,,,,,,,,,,,,,,,
2010,75,4,3,1,3.0,0,0.0,,,,,,,,,1.0,0.0,0.0,0.0,0.0,-0.47
14555,75,4,3,29,1571.0,19,17.5,,,,,,,,,1.69,25.0,24.0,1.0,0.06,-0.77
7242,76,4,3,1,90.0,1,1.0,,,,,,,,,3.0,4.0,0.0,4.0,4.0,3.0
7808,78,4,3,6,127.0,0,1.4,,,,,,,,,0.67,2.0,3.0,-1.0,-0.71,-0.3
10959,94,4,3,38,3420.0,38,38.0,,,,,,,,,1.82,56.0,35.0,21.0,0.55,
7849,89,4,3,11,306.0,2,3.4,,,,,,,,,0.64,5.0,4.0,1.0,0.29,1.22
4367,94,4,3,0,,0,,,,,,,,,,,,,,,
7975,75,4,3,0,,0,,,,,,,,,,,,,,,
9983,78,4,3,35,2409.0,27,26.8,,,,,,,,,1.0,27.0,41.0,-14.0,-0.52,-0.34
2499,82,4,3,9,406.0,4,4.5,,,,,,,,,1.11,2.0,6.0,-4.0,-0.89,-1.57
2862,77,4,3,30,2143.0,26,23.8,,,,,,,,,1.73,35.0,25.0,10.0,0.42,0.42
14019,94,4,3,4,187.0,1,2.1,,,,,,,,,2.5,1.0,0.0,1.0,0.48,-0.08
3180,91,4,3,28,1283.0,13,14.3,,,,,,,,,2.36,28.0,10.0,18.0,1.26,0.67
2820,91,4,3,18,216.0,1,2.4,,,,,,,,,1.94,1.0,2.0,-1.0,-0.42,-1.34
2486,85,4,3,11,755.0,8,8.4,,,,,,,,,1.0,4.0,12.0,-8.0,-0.95,-0.14
5314,101,4,3,35,2861.0,33,31.8,,,,,,,,,0.74,26.0,48.0,-22.0,-0.69,-0.37
11023,88,4,3,2,35.0,0,0.4,,,,,,,,,3.0,0.0,0.0,0.0,0.0,-0.32
836,99,4,3,16,394.0,0,4.4,,,,,,,,,1.13,5.0,5.0,0.0,0.0,0.18
2154,84,4,3,14,719.0,8,8.0,,,,,,,,,0.93,11.0,15.0,-4.0,-0.5,-0.23
13506,88,4,3,30,861.0,8,9.6,,,,,,,,,1.73,16.0,19.0,-3.0,-0.31,-0.84
6776,84,4,3,0,,0,,,,,,,,,,,,,,,
178,78,4,3,21,1077.0,13,12.0,,,,,,,,,0.81,13.0,16.0,-3.0,-0.25,0.25
11961,76,4,3,0,,0,,,,,,,,,,,,,,,
6416,77,4,3,29,1952.0,24,21.7,,,,,,,,,1.93,38.0,20.0,18.0,0.83,1.32
10887,75,4,3,11,414.0,5,4.6,,,,,,,,,1.45,7.0,7.0,0.0,0.0,-0.54
10888,91,4,3,4,40.0,0,0.4,,,,,,,,,0.75,1.0,0.0,1.0,2.25,1.42
14468,85,4,3,1,2.0,0,0.0,,,,,,,,,3.0,0.0,0.0,0.0,0.0,0.84
8769,100,4,3,25,2250.0,25,25.0,,,,,,,,,0.88,23.0,40.0,-17.0,-0.68,-0.83
9493,91,4,3,32,2370.0,26,26.3,,,,,,,,,2.28,44.0,16.0,28.0,1.06,0.72
6322,84,4,3,9,304.0,2,3.4,,,,,,,,,1.56,5.0,4.0,1.0,0.3,0.67
5959,92,4,3,12,422.0,3,4.7,,,,,,,,,0.75,9.0,4.0,5.0,1.07,1.64
4866,101,4,3,37,2315.0,29,25.7,,,,,,,,,0.76,18.0,35.0,-17.0,-0.66,-0.09
12043,77,4,3,30,1878.0,23,20.9,,,,,,,,,1.47,34.0,24.0,10.0,0.48,0.48
14494,92,4,3,3,172.0,2,1.9,,,,,,,,,0.33,2.0,7.0,-5.0,-2.62,-2.37
12734,84,4,3,3,179.0,3,2.0,,,,,,,,,1.33,4.0,3.0,1.0,0.5,0.86
11968,89,4,3,11,299.0,3,3.3,,,,,,,,,0.82,2.0,8.0,-6.0,-1.81,-1.09
2482,101,4,3,9,151.0,1,1.7,,,,,,,,,1.11,0.0,2.0,-2.0,-1.19,-0.59
1641,87,4,3,0,,0,,,,,,,,,,,,,,,
2981,85,4,3,5,103.0,0,1.1,,,,,,,,,0.8,1.0,2.0,-1.0,-0.87,-0.03
3017,100,4,3,1,90.0,1,1.0,,,,,,,,,3.0,1.0,0.0,1.0,1.0,1.43
12996,100,4,3,9,116.0,0,1.3,,,,,,,,,0.67,2.0,3.0,-1.0,-0.78,-0.39
4500,87,4,3,0,,0,,,,,,,,,,,,,,,
13674,86,4,3,2,11.0,0,0.1,,,,,,,,,3.0,0.0,0.0,0.0,0.0,-1.16
13676,90,4,3,8,446.0,5,5.0,,,,,,,,,0.0,2.0,15.0,-13.0,-2.62,-1.78
437,99,4,3,1,90.0,1,1.0,,,,,,,,,0.0,2.0,3.0,-1.0,-1.0,-0.86
9061,76,4,3,9,222.0,2,2.5,,,,,,,,,1.78,5.0,3.0,2.0,0.81,-0.29
9623,100,4,3,1,5.0,0,0.1,,,,,,,,,0.0,0.0,0.0,0.0,0.0,0.4
2652,84,4,3,0,,0,,,,,,,,,,,,,,,
2653,87,4,3,0,,0,,,,,,,,,,,,,,,
8733,84,4,3,0,,0,,,,,,,,,,,,,,,
8054,94,4,3,22,1373.0,15,15.3,,,,,,,,,2.0,31.0,12.0,19.0,1.25,1.16
4227,82,4,3,26,1124.0,11,12.5,,,,,,,,,1.38,15.0,14.0,1.0,0.08,-0.63
9190,76,4,3,34,1967.0,23,21.9,,,,,,,,,1.91,36.0,22.0,14.0,0.64,-1.03
11346,88,4,3,10,607.0,5,6.7,,,,,,,,,1.4,13.0,14.0,-1.0,-0.15,-0.56
12386,76,4,3,3,270.0,3,3.0,,,,,,,,,2.33,9.0,3.0,6.0,2.0,1.0
8380,85,4,3,0,,0,,,,,,,,,,,,,,,
1911,86,4,3,23,1584.0,18,17.6,,,,,,,,,1.96,28.0,16.0,12.0,0.68,-0.89
13212,75,4,3,24,1864.0,21,20.7,,,,,,,,,1.67,32.0,25.0,7.0,0.34,-0.3
8157,78,4,3,26,445.0,1,4.9,,,,,,,,,0.96,5.0,6.0,-1.0,-0.2,0.25
9321,100,4,3,25,1381.0,16,15.3,,,,,,,,,1.08,14.0,20.0,-6.0,-0.39,0.01
10712,79,4,3,35,2687.0,30,29.9,,,,,,,,,1.37,40.0,38.0,2.0,0.07,0.68
9125,99,4,3,29,1362.0,15,15.1,,,,,,,,,0.97,14.0,18.0,-4.0,-0.26,-0.18
11484,88,4,3,30,1102.0,6,12.2,,,,,,,,,1.77,25.0,18.0,7.0,0.57,0.38
2600,89,4,3,0,,0,,,,,,,,,,,,,,,
3193,100,4,3,0,,0,,,,,,,,,,,,,,,
11671,99,4,3,0,,0,,,,,,,,,,,,,,,
11668,81,4,3,11,414.0,5,4.6,,,,,,,,,1.36,3.0,6.0,-3.0,-0.65,0.04
8333,94,4,3,25,1626.0,20,18.1,,,,,,,,,1.72,17.0,22.0,-5.0,-0.28,-1.58
8437,88,4,3,22,1067.0,10,11.9,,,,,,,,,1.77,20.0,14.0,6.0,0.51,0.28
9428,92,4,3,13,737.0,8,8.2,,,,,,,,,1.23,11.0,5.0,6.0,0.73,1.4
1220,89,4,3,3,129.0,1,1.4,,,,,,,,,0.33,0.0,4.0,-4.0,-2.79,-2.05
12881,99,4,3,5,152.0,0,1.7,,,,,,,,,0.8,2.0,0.0,2.0,1.18,1.4
11507,90,4,3,35,2665.0,32,29.6,,,,,,,,,0.49,23.0,56.0,-33.0,-1.11,-0.16
4874,84,4,3,2,31.0,0,0.3,,,,,,,,,0.5,1.0,0.0,1.0,2.9,3.25
4873,78,4,3,0,,0,,,,,,,,,,,,,,,
7764,101,4,3,16,1114.0,13,12.4,,,,,,,,,0.81,8.0,13.0,-5.0,-0.4,0.34
10543,100,4,3,2,180.0,2,2.0,,,,,,,,,2.0,3.0,2.0,1.0,0.5,0.94
12999,85,4,3,2,180.0,2,2.0,,,,,,,,,1.5,2.0,2.0,0.0,0.0,0.89
9694,87,4,3,5,450.0,5,5.0,,,,,,,,,1.8,8.0,3.0,5.0,1.0,0.45
12598,81,4,3,0,,0,,,,,,,,,,,,,,,
9855,79,4,3,26,1857.0,20,20.6,,,,,,,,,1.38,28.0,26.0,2.0,0.1,0.38
9410,77,4,3,0,,0,,,,,,,,,,,,,,,
9628,90,4,3,11,854.0,10,9.5,,,,,,,,,0.73,10.0,12.0,-2.0,-0.21,1.16
1121,90,4,3,13,335.0,2,3.7,,,,,,,,,0.62,1.0,6.0,-5.0,-1.34,-0.29
5111,81,4,3,35,2878.0,34,32.0,,,,,,,,,0.83,29.0,45.0,-16.0,-0.5,1.16
3746,100,4,3,0,,0,,,,,,,,,,,,,,,
12144,78,4,3,37,3127.0,37,34.7,,,,,,,,,0.89,35.0,54.0,-19.0,-0.55,-1.47
10596,101,4,3,2,83.0,0,0.9,,,,,,,,,0.5,0.0,1.0,-1.0,-1.08,-0.46
12656,89,4,3,36,1937.0,22,21.5,,,,,,,,,0.94,15.0,31.0,-16.0,-0.74,0.17
1737,89,4,3,30,1723.0,21,19.1,,,,,,,,,0.77,12.0,37.0,-25.0,-1.31,-0.99
1122,84,4,3,36,2850.0,33,31.7,,,,,,,,,1.08,28.0,39.0,-11.0,-0.35,-0.19
2293,87,4,3,0,,0,,,,,,,,,,,,,,,
10655,78,4,3,1,4.0,0,0.0,,,,,,,,,3.0,0.0,0.0,0.0,0.0,0.42
10592,94,4,3,28,1227.0,11,13.6,,,,,,,,,1.93,19.0,13.0,6.0,0.44,-0.18
13715,84,4,3,0,,0,,,,,,,,,,,,,,,
2842,100,4,3,2,16.0,0,0.2,,,,,,,,,0.0,0.0,1.0,-1.0,-5.63,-5.25
12783,90,4,3,9,736.0,8,8.2,,,,,,,,,0.56,5.0,17.0,-12.0,-1.47,-0.49
4677,99,4,3,0,,0,,,,,,,,,,,,,,,
3807,92,4,3,0,,0,,,,,,,,,,,,,,,
13718,77,4,3,21,1178.0,13,13.1,,,,,,,,,1.57,18.0,13.0,5.0,0.38,0.18
6693,101,4,3,20,1603.0,19,17.8,,,,,,,,,0.75,18.0,29.0,-11.0,-0.62,0.03
9631,91,4,3,37,2804.0,34,31.2,,,,,,,,,2.14,49.0,23.0,26.0,0.83,-0.04
9153,82,4,3,20,1367.0,14,15.2,,,,,,,,,1.8,25.0,17.0,8.0,0.53,0.04
2020,81,4,3,0,,0,,,,,,,,,,,,,,,
13143,76,4,3,5,387.0,4,4.3,,,,,,,,,1.6,10.0,3.0,7.0,1.63,0.62
13146,77,4,3,14,714.0,7,7.9,,,,,,,,,1.79,14.0,15.0,-1.0,-0.13,-0.49
10754,90,4,3,0,,0,,,,,,,,,,,,,,,
9634,78,4,3,12,570.0,8,6.3,,,,,,,,,0.83,4.0,7.0,-3.0,-0.47,-0.06
5878,88,4,3,29,2610.0,29,29.0,,,,,,,,,1.76,51.0,42.0,9.0,0.31,-0.02
3463,87,4,3,1,7.0,0,0.1,,,,,,,,,1.0,0.0,1.0,-1.0,-12.86,-13.49
2603,75,4,3,34,2478.0,29,27.5,,,,,,,,,1.71,50.0,32.0,18.0,0.65,0.65
593,99,4,3,0,,0,,,,,,,,,,,,,,,
5727,101,4,3,15,1350.0,15,15.0,,,,,,,,,0.87,10.0,18.0,-8.0,-0.53,0.16
5291,89,4,3,18,1058.0,14,11.8,,,,,,,,,0.78,7.0,16.0,-9.0,-0.77,0.07
1406,101,4,3,9,94.0,0,1.0,,,,,,,,,0.22,0.0,0.0,0.0,0.0,0.65
14463,89,4,3,29,1807.0,21,20.1,,,,,,,,,1.07,11.0,33.0,-22.0,-1.1,-0.59
8449,82,4,3,36,3071.0,35,34.1,,,,,,,,,1.78,58.0,36.0,22.0,0.64,1.42
4978,91,4,3,26,1103.0,11,12.3,,,,,,,,,1.92,15.0,13.0,2.0,0.16,-1.0
4370,77,4,3,12,1056.0,11,11.7,,,,,,,,,1.5,13.0,14.0,-1.0,-0.09,-0.5
10894,75,4,3,0,,0,,,,,,,,,,,,,,,
10441,79,4,3,0,,0,,,,,,,,,,,,,,,
4844,86,4,3,0,,0,,,,,,,,,,,,,,,
1290,89,4,3,27,788.0,7,8.8,,,,,,,,,0.89,8.0,13.0,-5.0,-0.57,0.32
13510,75,4,3,37,3128.0,36,34.8,,,,,,,,,1.7,59.0,40.0,19.0,0.55,0.85
11525,79,4,3,12,1034.0,12,11.5,,,,,,,,,1.08,12.0,14.0,-2.0,-0.17,-0.14
3386,94,4,3,14,469.0,5,5.2,,,,,,,,,2.5,8.0,4.0,4.0,0.77,0.25
9430,76,4,3,36,2383.0,32,26.5,,,,,,,,,2.0,63.0,28.0,35.0,1.32,0.8
12602,99,4,3,34,2825.0,34,31.4,,,,,,,,,1.26,32.0,35.0,-3.0,-0.1,0.36
8337,76,4,3,0,,0,,,,,,,,,,,,,,,
1002,82,4,3,27,1099.0,10,12.2,,,,,,,,,1.78,18.0,13.0,5.0,0.41,-0.13
10594,87,4,3,0,,0,,,,,,,,,,,,,,,
12828,79,4,3,13,696.0,8,7.7,,,,,,,,,1.46,12.0,10.0,2.0,0.26,0.42
596,88,4,3,32,2672.0,31,29.7,,,,,,,,,1.66,42.0,38.0,4.0,0.13,-0.83
564,94,4,3,0,,0,,,,,,,,,,,,,,,
9281,76,4,3,36,3058.0,34,34.0,,,,,,,,,1.97,71.0,32.0,39.0,1.15,0.65
4681,76,4,3,0,,0,,,,,,,,,,,,,,,
6842,87,4,3,5,210.0,1,2.3,,,,,,,,,2.2,5.0,3.0,2.0,0.86,0.27
10757,88,4,3,33,2718.0,31,30.2,,,,,,,,,1.73,46.0,41.0,5.0,0.17,-0.73
1007,91,4,3,38,3406.0,38,37.8,,,,,,,,,2.16,59.0,27.0,32.0,0.85,0.85
13722,82,4,3,1,8.0,0,0.1,,,,,,,,,3.0,0.0,0.0,0.0,0.0,-0.5
9639,76,4,3,30,1751.0,19,19.5,,,,,,,,,2.0,38.0,22.0,16.0,0.82,-0.53
9471,94,4,3,0,,0,,,,,,,,,,,,,,,
13160,84,4,3,34,2058.0,23,22.9,,,,,,,,,1.12,25.0,26.0,-1.0,-0.04,0.68
2713,91,4,3,0,,0,,,,,,,,,,,,,,,
770,94,4,3,22,1389.0,17,15.4,,,,,,,,,2.05,29.0,8.0,21.0,1.36,1.36
767,75,4,3,1,90.0,1,1.0,,,,,,,,,1.0,2.0,2.0,0.0,0.0,-0.49
12061,101,4,3,3,140.0,3,1.6,,,,,,,,,0.0,1.0,5.0,-4.0,-2.57,-2.02
9073,89,4,3,2,72.0,0,0.8,,,,,,,,,0.0,1.0,0.0,1.0,1.25,2.11
9072,79,4,3,8,261.0,3,2.9,,,,,,,,,0.88,2.0,8.0,-6.0,-2.07,-2.15
1015,94,4,3,3,152.0,2,1.7,,,,,,,,,3.0,3.0,0.0,3.0,1.78,1.28
995,99,4,3,0,,0,,,,,,,,,,,,,,,
8031,76,4,3,31,1169.0,7,13.0,,,,,,,,,1.81,30.0,13.0,17.0,1.31,0.35
7378,81,4,3,17,387.0,2,4.3,,,,,,,,,0.35,1.0,7.0,-6.0,-1.4,-0.8
6225,89,4,3,0,,0,,,,,,,,,,,,,,,
1414,99,4,3,26,1318.0,16,14.6,,,,,,,,,1.12,10.0,15.0,-5.0,-0.34,-0.3
776,100,4,3,13,437.0,6,4.9,,,,,,,,,1.15,5.0,6.0,-1.0,-0.21,0.22
2194,94,4,3,0,,0,,,,,,,,,,,,,,,
10659,89,4,3,5,65.0,0,0.7,,,,,,,,,0.67,2.0,1.0,1.0,1.38,2.24
976,85,4,3,32,1907.0,25,21.2,,,,,,,,,0.88,14.0,35.0,-21.0,-0.99,-0.34
11926,100,4,3,12,1080.0,12,12.0,,,,,,,,,1.58,17.0,16.0,1.0,0.08,0.7
10761,87,4,3,28,1724.0,19,19.2,,,,,,,,,1.89,30.0,13.0,17.0,0.89,0.57
12435,81,4,3,0,,0,,,,,,,,,,,,,,,
12437,99,4,3,1,3.0,0,0.0,,,,,,,,,1.0,0.0,2.0,-2.0,-60.0,-59.89
12150,84,4,3,0,,0,,,,,,,,,,,,,,,
5058,76,4,3,6,272.0,4,3.0,,,,,,,,,1.83,4.0,5.0,-1.0,-0.33,-1.53
5016,76,4,3,1,6.0,0,0.1,,,,,,,,,1.0,0.0,0.0,0.0,0.0,-1.08
3995,90,4,3,0,,0,,,,,,,,,,,,,,,
6698,101,4,3,16,1122.0,12,12.5,,,,,,,,,0.75,10.0,20.0,-10.0,-0.8,-0.25
3833,89,4,3,0,,0,,,,,,,,,,,,,,,
13007,91,4,3,1,90.0,1,1.0,,,,,,,,,1.0,1.0,1.0,0.0,0.0,-0.86
13006,78,4,3,13,1170.0,13,13.0,,,,,,,,,0.92,11.0,23.0,-12.0,-0.92,-0.76
5984,81,4,3,1,90.0,1,1.0,,,,,,,,,0.0,1.0,3.0,-2.0,-2.0,-1.35
3771,100,4,3,0,,0,,,,,,,,,,,,,,,
13164,90,4,3,12,274.0,2,3.0,,,,,,,,,0.25,4.0,7.0,-3.0,-0.99,0.1
13221,85,4,3,22,1376.0,16,15.3,,,,,,,,,0.95,12.0,29.0,-17.0,-1.11,-0.45
13176,94,4,3,31,1098.0,12,12.2,,,,,,,,,1.9,25.0,9.0,16.0,1.31,1.12
516,78,4,3,7,621.0,7,6.9,,,,,,,,,0.71,7.0,11.0,-4.0,-0.58,-0.19
3797,94,4,3,27,1097.0,11,12.2,,,,,,,,,2.04,20.0,10.0,10.0,0.82,0.39
13200,81,4,3,0,,0,,,,,,,,,,,,,,,
1916,84,4,3,2,152.0,2,1.7,,,,,,,,,2.0,5.0,2.0,3.0,1.78,2.19
9075,81,4,3,5,450.0,5,5.0,,,,,,,,,0.2,1.0,11.0,-10.0,-2.0,-1.52
9078,100,4,3,0,,0,,,,,,,,,,,,,,,
5094,91,4,3,30,419.0,1,4.7,,,,,,,,,2.2,6.0,5.0,1.0,0.21,-0.71
1681,85,4,3,0,,0,,,,,,,,,,,,,,,
13847,77,4,3,27,2364.0,27,26.3,,,,,,,,,1.67,44.0,33.0,11.0,0.42,0.5
13610,85,4,3,0,,0,,,,,,,,,,,,,,,
2539,94,4,3,0,,0,,,,,,,,,,,,,,,
5888,79,4,3,9,630.0,7,7.0,,,,,,,,,1.44,8.0,8.0,0.0,0.0,0.1
12978,92,4,3,37,2989.0,36,33.2,,,,,,,,,0.95,35.0,51.0,-16.0,-0.48,-0.9
10992,81,4,3,21,760.0,8,8.4,,,,,,,,,1.14,8.0,10.0,-2.0,-0.24,0.58
11176,100,4,3,19,1672.0,19,18.6,,,,,,,,,1.05,17.0,24.0,-7.0,-0.38,0.04
3024,84,4,3,1,28.0,0,0.3,,,,,,,,,3.0,0.0,1.0,-1.0,-3.21,-2.92
14376,86,4,3,33,2970.0,33,33.0,,,,,,,,,2.06,71.0,32.0,39.0,1.18,0.18
570,90,4,3,0,,0,,,,,,,,,,,,,,,
2044,99,4,3,19,1181.0,14,13.1,,,,,,,,,1.21,13.0,15.0,-2.0,-0.15,0.01
12052,82,4,3,18,833.0,8,9.3,,,,,,,,,1.61,13.0,12.0,1.0,0.11,-0.52
12049,75,4,3,6,123.0,1,1.4,,,,,,,,,1.5,4.0,2.0,2.0,1.46,1.03
9536,94,4,3,27,1781.0,22,19.8,,,,,,,,,1.78,23.0,17.0,6.0,0.3,-0.52
9640,86,4,3,0,,0,,,,,,,,,,,,,,,
8162,91,4,3,27,1517.0,17,16.9,,,,,,,,,2.3,24.0,10.0,14.0,0.83,-0.02
9081,75,4,3,2,126.0,1,1.4,,,,,,,,,3.0,5.0,2.0,3.0,2.14,1.73
4484,101,4,3,16,1367.0,16,15.2,,,,,,,,,0.75,15.0,23.0,-8.0,-0.53,0.17
4375,76,4,3,0,,0,,,,,,,,,,,,,,,
11554,81,4,3,1,3.0,0,0.0,,,,,,,,,3.0,0.0,0.0,0.0,0.0,0.68
4749,84,4,3,0,,0,,,,,,,,,,,,,,,
4821,79,4,3,37,2619.0,32,29.1,,,,,,,,,1.32,37.0,34.0,3.0,0.1,0.78
5543,76,4,3,9,283.0,3,3.1,,,,,,,,,2.44,6.0,4.0,2.0,0.64,-0.48
13683,85,4,3,31,2080.0,27,23.1,,,,,,,,,0.97,19.0,36.0,-17.0,-0.74,0.27
14622,92,4,3,37,3314.0,37,36.8,,,,,,,,,0.97,42.0,53.0,-11.0,-0.3,2.25
9157,101,4,3,16,1117.0,12,12.4,,,,,,,,,0.81,12.0,19.0,-7.0,-0.56,0.1
13984,78,4,3,0,,0,,,,,,,,,,,,,,,
10121,94,4,3,38,3420.0,38,38.0,,,,,,,,,1.82,56.0,35.0,21.0,0.55,
9966,101,4,3,16,1314.0,15,14.6,,,,,,,,,0.63,13.0,28.0,-15.0,-1.03,-0.64
368,86,4,3,0,,0,,,,,,,,,,,,,,,
277,99,4,3,20,649.0,9,7.2,,,,,,,,,1.45,9.0,10.0,-1.0,-0.14,0.02
9880,86,4,3,26,816.0,7,9.1,,,,,,,,,2.19,15.0,6.0,9.0,0.99,-0.22
10951,88,4,3,23,1686.0,22,18.7,,,,,,,,,1.83,27.0,23.0,4.0,0.21,-0.2
3789,85,4,3,0,,0,,,,,,,,,,,,,,,
8368,88,4,3,24,660.0,6,7.3,,,,,,,,,1.58,19.0,10.0,9.0,1.23,1.13
5945,85,4,3,36,3167.0,36,35.2,,,,,,,,,0.94,30.0,61.0,-31.0,-0.88,-0.53
2369,85,4,3,25,1517.0,20,16.9,,,,,,,,,0.8,16.0,34.0,-18.0,-1.07,-0.41
4507,75,4,3,13,539.0,6,6.0,,,,,,,,,1.85,7.0,6.0,1.0,0.17,-0.36
11675,82,4,3,3,270.0,3,3.0,,,,,,,,,1.0,3.0,3.0,0.0,0.0,-0.54
4607,100,4,3,25,1956.0,24,21.7,,,,,,,,,1.36,29.0,33.0,-4.0,-0.18,0.49
8823,75,4,3,22,1806.0,19,20.1,,,,,,,,,1.68,29.0,23.0,6.0,0.3,-0.37
10304,84,4,3,30,1898.0,22,21.1,,,,,,,,,1.03,18.0,26.0,-8.0,-0.38,-0.14
7721,87,4,3,35,2326.0,26,25.8,,,,,,,,,1.8,37.0,23.0,14.0,0.54,-0.2
9137,86,4,3,32,2290.0,27,25.4,,,,,,,,,2.16,63.0,24.0,39.0,1.53,1.13
11781,76,4,3,11,468.0,2,5.2,,,,,,,,,2.36,8.0,2.0,6.0,1.15,0.09
4459,75,4,3,22,1593.0,19,17.7,,,,,,,,,1.77,28.0,22.0,6.0,0.34,-0.25
8656,86,4,3,1,11.0,0,0.1,,,,,,,,,3.0,0.0,0.0,0.0,0.0,-1.16
11676,76,4,3,0,,0,,,,,,,,,,,,,,,
8342,75,4,3,0,,0,,,,,,,,,,,,,,,
8344,81,4,3,1,1.0,0,0.0,,,,,,,,,0.0,0.0,1.0,-1.0,-90.0,-89.34
13071,100,4,3,12,733.0,11,8.1,,,,,,,,,0.92,11.0,11.0,0.0,0.0,0.5
10726,92,4,3,0,,0,,,,,,,,,,,,,,,
13166,90,4,3,30,2676.0,30,29.7,,,,,,,,,0.43,23.0,52.0,-29.0,-0.98,0.48
2675,91,4,3,0,,0,,,,,,,,,,,,,,,
12055,87,4,3,0,,0,,,,,,,,,,,,,,,
7428,77,4,3,7,247.0,1,2.7,,,,,,,,,1.71,2.0,5.0,-3.0,-1.09,-1.46
7429,90,4,3,8,500.0,6,5.6,,,,,,,,,0.13,0.0,9.0,-9.0,-1.62,-0.63
1129,90,4,3,0,,0,,,,,,,,,,,,,,,
8025,92,4,3,20,1556.0,18,17.3,,,,,,,,,1.0,18.0,21.0,-3.0,-0.17,0.36
10728,85,4,3,14,1129.0,13,12.5,,,,,,,,,0.79,6.0,11.0,-5.0,-0.4,0.66
10727,82,4,3,0,,0,,,,,,,,,,,,,,,
3895,92,4,3,35,2873.0,34,31.9,,,,,,,,,0.97,31.0,45.0,-14.0,-0.44,-0.44
698,79,4,3,15,1030.0,12,11.4,,,,,,,,,1.6,17.0,13.0,4.0,0.35,0.61
9697,90,4,3,5,40.0,0,0.4,,,,,,,,,1.0,0.0,1.0,-1.0,-2.25,-1.18
5587,79,4,3,20,1257.0,14,14.0,,,,,,,,,1.45,20.0,18.0,2.0,0.14,0.35
3384,81,4,3,32,2880.0,32,32.0,,,,,,,,,0.94,31.0,45.0,-14.0,-0.44,1.56
6730,84,4,3,36,3041.0,34,33.8,,,,,,,,,1.08,29.0,43.0,-14.0,-0.41,-0.89
3603,76,4,3,0,,0,,,,,,,,,,,,,,,
9541,88,4,3,20,877.0,7,9.7,,,,,,,,,2.0,19.0,13.0,6.0,0.62,0.4
3052,89,4,3,13,374.0,2,4.2,,,,,,,,,0.77,1.0,6.0,-5.0,-1.2,-0.43
12004,87,4,3,13,1093.0,12,12.1,,,,,,,,,2.08,18.0,11.0,7.0,0.58,-0.04
8345,84,4,3,6,167.0,1,1.9,,,,,,,,,0.67,4.0,2.0,2.0,1.08,1.47
13010,79,4,3,9,115.0,0,1.3,,,,,,,,,0.67,0.0,3.0,-3.0,-2.35,-2.35
12605,90,4,3,17,470.0,3,5.2,,,,,,,,,0.53,1.0,8.0,-7.0,-1.34,-0.3
9736,79,4,3,0,,0,,,,,,,,,,,,,,,
573,78,4,3,0,,0,,,,,,,,,,,,,,,
10731,78,4,3,27,1267.0,18,14.1,,,,,,,,,1.11,14.0,25.0,-11.0,-0.78,-0.57
11288,76,4,3,0,,0,,,,,,,,,,,,,,,
9698,81,4,3,30,2572.0,30,28.6,,,,,,,,,1.0,27.0,36.0,-9.0,-0.31,1.49
14091,84,4,3,25,1328.0,16,14.8,,,,,,,,,1.08,16.0,23.0,-7.0,-0.47,-0.26
3661,87,4,3,29,1784.0,21,19.8,,,,,,,,,1.93,36.0,17.0,19.0,0.96,0.74
13972,76,4,3,3,60.0,0,0.7,,,,,,,,,1.33,1.0,1.0,0.0,0.0,-1.1
10843,99,4,3,30,2117.0,23,23.5,,,,,,,,,0.97,25.0,30.0,-5.0,-0.21,-0.14
575,84,4,3,12,715.0,8,7.9,,,,,,,,,1.17,5.0,14.0,-9.0,-1.13,-1.03
576,92,4,3,10,772.0,10,8.6,,,,,,,,,0.8,9.0,14.0,-5.0,-0.58,-0.28
9907,99,4,3,17,1105.0,12,12.3,,,,,,,,,0.94,12.0,16.0,-4.0,-0.33,-0.25
9903,79,4,3,11,717.0,8,8.0,,,,,,,,,2.09,12.0,8.0,4.0,0.5,0.74
12945,75,4,3,0,,0,,,,,,,,,,,,,,,
13116,86,4,3,26,1726.0,18,19.2,,,,,,,,,2.42,46.0,19.0,27.0,1.41,0.5
7932,75,4,3,11,659.0,7,7.3,,,,,,,,,2.09,14.0,9.0,5.0,0.68,0.26
12749,99,4,3,29,1661.0,20,18.5,,,,,,,,,1.28,17.0,19.0,-2.0,-0.11,0.1
12747,81,4,3,2,180.0,2,2.0,,,,,,,,,2.0,2.0,1.0,1.0,0.5,1.25
13585,87,4,3,30,1638.0,18,18.2,,,,,,,,,1.9,28.0,21.0,7.0,0.38,-0.42
9450,78,4,3,5,184.0,1,2.0,,,,,,,,,0.6,2.0,3.0,-1.0,-0.49,-0.07
6768,101,4,3,33,1226.0,11,13.6,,,,,,,,,0.82,16.0,23.0,-7.0,-0.51,0.18
3308,99,4,3,0,,0,,,,,,,,,,,,,,,
7587,87,4,3,35,2402.0,28,26.7,,,,,,,,,1.94,39.0,16.0,23.0,0.86,0.86
9704,88,4,3,34,2686.0,33,29.8,,,,,,,,,1.68,40.0,37.0,3.0,0.1,-1.0
3749,99,4,3,0,,0,,,,,,,,,,,,,,,
10664,94,4,3,12,533.0,4,5.9,,,,,,,,,1.08,8.0,9.0,-1.0,-0.17,-0.85
10661,86,4,3,11,435.0,4,4.8,,,,,,,,,1.91,9.0,4.0,5.0,1.03,-0.14
1089,91,4,3,35,2852.0,32,31.7,,,,,,,,,2.14,51.0,23.0,28.0,0.88,0.25
4683,101,4,3,24,1639.0,17,18.2,,,,,,,,,0.75,15.0,29.0,-14.0,-0.77,-0.26
9706,86,4,3,0,,0,,,,,,,,,,,,,,,
10764,82,4,3,9,343.0,4,3.8,,,,,,,,,1.67,1.0,3.0,-2.0,-0.52,-1.14
10763,76,4,3,14,356.0,0,4.0,,,,,,,,,2.0,12.0,3.0,9.0,2.28,1.34
577,84,4,3,31,1711.0,19,19.0,,,,,,,,,1.06,20.0,22.0,-2.0,-0.11,0.42
3666,99,4,3,7,587.0,7,6.5,,,,,,,,,1.57,11.0,9.0,2.0,0.31,0.56
4846,78,4,3,37,3060.0,35,34.0,,,,,,,,,0.97,38.0,54.0,-16.0,-0.47,-0.47
3246,76,4,3,30,2067.0,26,23.0,,,,,,,,,1.97,48.0,23.0,25.0,1.09,0.02
10982,100,4,3,22,896.0,9,10.0,,,,,,,,,1.36,11.0,12.0,-1.0,-0.1,0.4
9642,88,4,3,0,,0,,,,,,,,,,,,,,,
6957,100,4,3,23,1415.0,13,15.7,,,,,,,,,0.96,17.0,28.0,-11.0,-0.7,-0.52
602,91,4,3,2,2.0,0,0.0,,,,,,,,,3.0,0.0,0.0,0.0,0.0,-0.84
603,101,4,3,18,1518.0,17,16.9,,,,,,,,,0.83,12.0,22.0,-10.0,-0.59,0.07
7708,90,4,3,8,395.0,4,4.4,,,,,,,,,0.63,6.0,12.0,-6.0,-1.37,-0.33
7707,75,4,3,1,12.0,0,0.1,,,,,,,,,3.0,0.0,0.0,0.0,0.0,-0.48
11677,86,4,3,26,980.0,8,10.9,,,,,,,,,2.12,26.0,8.0,18.0,1.65,0.69
10424,78,4,3,35,2713.0,33,30.1,,,,,,,,,0.97,34.0,51.0,-17.0,-0.56,-0.69
13243,81,4,3,5,106.0,0,1.2,,,,,,,,,0.0,0.0,8.0,-8.0,-6.79,-6.3
10117,90,4,3,18,1270.0,13,14.1,,,,,,,,,0.67,16.0,23.0,-7.0,-0.5,0.93
10118,92,4,3,9,268.0,3,3.0,,,,,,,,,0.44,3.0,7.0,-4.0,-1.34,-1.06
14546,120,5,1,37,3330.0,37,37.0,1.0,2.0,3.0,1.0,0.0,0.0,6.0,0.0,,,,,,
5425,103,5,1,30,2137.0,24,23.7,2.0,2.0,4.0,2.0,0.0,0.0,3.0,0.0,,,,,,
12480,108,5,1,33,2894.0,33,32.2,1.0,1.0,2.0,1.0,0.0,0.0,6.0,1.0,,,,,,
8008,110,5,1,29,2342.0,28,26.0,0.0,1.0,1.0,0.0,0.0,0.0,7.0,1.0,,,,,,
9670,121,5,1,11,107.0,0,1.2,1.0,0.0,1.0,1.0,0.0,0.0,0.0,0.0,,,,,,
9666,104,5,1,19,806.0,8,9.0,2.0,1.0,3.0,1.0,1.0,2.0,1.0,0.0,,,,,,
14599,124,5,1,37,2473.0,28,27.5,10.0,5.0,15.0,10.0,0.0,0.0,4.0,0.0,,,,,,
10169,116,5,1,2,36.0,0,0.4,0.0,0.0,0.0,0.0,0.0,0.0,0.0,0.0,,,,,,
9288,120,5,1,5,107.0,0,1.2,0.0,0.0,0.0,0.0,0.0,0.0,2.0,0.0,,,,,,
3966,120,5,1,29,2388.0,27,26.5,0.0,3.0,3.0,0.0,0.0,0.0,5.0,3.0,,,,,,
8557,125,5,1,15,1094.0,14,12.2,0.0,1.0,1.0,0.0,0.0,0.0,5.0,0.0,,,,,,
12334,114,5,1,20,1172.0,14,13.0,0.0,0.0,0.0,0.0,0.0,0.0,3.0,0.0,,,,,,
951,125,5,1,1,20.0,0,0.2,0.0,0.0,0.0,0.0,0.0,0.0,0.0,0.0,,,,,,
6342,123,5,1,30,1300.0,16,14.4,3.0,1.0,4.0,3.0,0.0,0.0,4.0,1.0,,,,,,
8565,123,5,1,13,771.0,9,8.6,1.0,0.0,1.0,0.0,1.0,1.0,1.0,0.0,,,,,,
8773,114,5,1,11,402.0,5,4.5,0.0,0.0,0.0,0.0,0.0,0.0,3.0,0.0,,,,,,
3567,121,5,1,6,406.0,4,4.5,0.0,0.0,0.0,0.0,0.0,0.0,1.0,0.0,,,,,,
6543,106,5,1,36,2244.0,25,24.9,1.0,1.0,2.0,1.0,0.0,0.0,2.0,0.0,,,,,,
9998,102,5,1,26,1361.0,14,15.1,0.0,0.0,0.0,0.0,0.0,0.0,2.0,1.0,,,,,,
5525,103,5,1,7,424.0,4,4.7,0.0,0.0,0.0,0.0,0.0,0.0,2.0,0.0,,,,,,
1701,117,5,1,7,294.0,3,3.3,0.0,0.0,0.0,0.0,0.0,0.0,1.0,0.0,,,,,,
1874,109,5,1,34,2916.0,33,32.4,1.0,1.0,2.0,1.0,0.0,0.0,12.0,0.0,,,,,,
7847,106,5,1,34,1446.0,16,16.1,4.0,3.0,7.0,3.0,1.0,2.0,4.0,0.0,,,,,,
5447,111,5,1,16,526.0,6,5.8,1.0,1.0,2.0,1.0,0.0,0.0,2.0,0.0,,,,,,
211,110,5,1,11,250.0,1,2.8,0.0,0.0,0.0,0.0,0.0,0.0,0.0,0.0,,,,,,
3342,116,5,1,15,795.0,9,8.8,0.0,0.0,0.0,0.0,0.0,0.0,1.0,0.0,,,,,,
13215,116,5,1,5,66.0,0,0.7,0.0,0.0,0.0,0.0,0.0,0.0,0.0,0.0,,,,,,
13251,105,5,1,4,128.0,1,1.4,0.0,0.0,0.0,0.0,0.0,0.0,0.0,0.0,,,,,,
10190,111,5,1,1,2.0,0,0.0,0.0,0.0,0.0,0.0,0.0,0.0,0.0,0.0,,,,,,
8300,121,5,1,12,261.0,2,2.9,0.0,1.0,1.0,0.0,0.0,0.0,3.0,0.0,,,,,,
14497,117,5,1,18,779.0,8,8.7,1.0,0.0,1.0,1.0,0.0,0.0,1.0,0.0,,,,,,
13921,120,5,1,7,174.0,2,1.9,0.0,0.0,0.0,0.0,0.0,0.0,0.0,0.0,,,,,,
9473,104,5,1,23,1290.0,16,14.3,2.0,2.0,4.0,1.0,1.0,1.0,0.0,0.0,,,,,,
2383,102,5,1,24,1794.0,19,19.9,1.0,0.0,1.0,1.0,0.0,0.0,2.0,1.0,,,,,,
8284,121,5,1,1,90.0,1,1.0,0.0,1.0,1.0,0.0,0.0,0.0,1.0,0.0,,,,,,
1934,114,5,1,11,839.0,9,9.3,2.0,0.0,2.0,2.0,0.0,0.0,3.0,0.0,,,,,,
4066,112,5,1,17,543.0,5,6.0,0.0,0.0,0.0,0.0,0.0,0.0,1.0,0.0,,,,,,
3357,104,5,1,2,126.0,1,1.4,0.0,0.0,0.0,0.0,0.0,0.0,0.0,0.0,,,,,,
2104,106,5,1,7,51.0,0,0.6,0.0,0.0,0.0,0.0,0.0,0.0,0.0,0.0,,,,,,
2388,112,5,1,3,59.0,0,0.7,0.0,1.0,1.0,0.0,0.0,0.0,0.0,0.0,,,,,,
13402,125,5,1,31,2153.0,25,23.9,0.0,1.0,1.0,0.0,0.0,0.0,1.0,0.0,,,,,,
2310,109,5,1,19,478.0,5,5.3,0.0,0.0,0.0,0.0,0.0,0.0,3.0,1.0,,,,,,
8135,112,5,1,35,2639.0,30,29.3,0.0,1.0,1.0,0.0,0.0,0.0,9.0,1.0,,,,,,
4626,120,5,1,37,2999.0,34,33.3,21.0,2.0,23.0,15.0,6.0,7.0,5.0,0.0,,,,,,
80,103,5,1,21,1364.0,12,15.2,0.0,0.0,0.0,0.0,0.0,0.0,2.0,0.0,,,,,,
6854,109,5,1,34,2783.0,32,30.9,6.0,7.0,13.0,6.0,0.0,0.0,6.0,0.0,,,,,,
2069,111,5,1,26,1440.0,15,16.0,5.0,8.0,13.0,5.0,0.0,0.0,3.0,0.0,,,,,,
9885,117,5,1,33,2456.0,28,27.3,0.0,0.0,0.0,0.0,0.0,0.0,6.0,0.0,,,,,,
12320,117,5,1,27,960.0,9,10.7,4.0,2.0,6.0,4.0,0.0,0.0,1.0,0.0,,,,,,
10000,102,5,1,20,1325.0,15,14.7,1.0,1.0,2.0,1.0,0.0,0.0,1.0,0.0,,,,,,
2822,102,5,1,33,2009.0,25,22.3,1.0,1.0,2.0,1.0,0.0,0.0,3.0,1.0,,,,,,
14344,124,5,1,3,65.0,1,0.7,0.0,0.0,0.0,0.0,0.0,0.0,0.0,0.0,,,,,,
750,117,5,1,14,545.0,7,6.1,0.0,0.0,0.0,0.0,0.0,0.0,2.0,0.0,,,,,,
6437,106,5,1,19,743.0,7,8.3,1.0,1.0,2.0,1.0,0.0,0.0,0.0,0.0,,,,,,
11932,117,5,1,4,182.0,1,2.0,0.0,0.0,0.0,0.0,0.0,0.0,0.0,0.0,,,,,,
14499,102,5,1,17,1150.0,15,12.8,6.0,3.0,9.0,1.0,5.0,6.0,2.0,0.0,,,,,,
14500,105,5,1,6,356.0,4,4.0,0.0,2.0,2.0,0.0,0.0,0.0,3.0,0.0,,,,,,
5317,105,5,1,38,2656.0,30,29.5,2.0,0.0,2.0,1.0,1.0,1.0,3.0,0.0,,,,,,
6367,123,5,1,30,2419.0,29,26.9,2.0,6.0,8.0,2.0,0.0,0.0,5.0,0.0,,,,,,
6376,121,5,1,8,506.0,6,5.6,0.0,0.0,0.0,0.0,0.0,0.0,1.0,0.0,,,,,,
3821,114,5,1,19,1052.0,13,11.7,4.0,1.0,5.0,4.0,0.0,0.0,1.0,0.0,,,,,,
12474,112,5,1,1,4.0,0,0.0,0.0,0.0,0.0,0.0,0.0,0.0,0.0,0.0,,,,,,
14272,114,5,1,32,2114.0,28,23.5,19.0,6.0,25.0,14.0,5.0,6.0,4.0,0.0,,,,,,
10393,103,5,1,30,2489.0,29,27.7,4.0,4.0,8.0,2.0,2.0,2.0,7.0,1.0,,,,,,
11352,108,5,1,3,25.0,0,0.3,0.0,0.0,0.0,0.0,0.0,0.0,0.0,0.0,,,,,,
10156,120,5,1,28,905.0,6,10.1,0.0,1.0,1.0,0.0,0.0,0.0,1.0,0.0,,,,,,
11720,104,5,1,7,630.0,7,7.0,0.0,1.0,1.0,0.0,0.0,0.0,0.0,0.0,,,,,,
11424,103,5,1,27,2430.0,27,27.0,0.0,0.0,0.0,0.0,0.0,0.0,0.0,0.0,,,,,,
7187,119,5,1,28,1648.0,18,18.3,1.0,4.0,5.0,1.0,0.0,0.0,1.0,0.0,,,,,,
6216,106,5,1,2,23.0,0,0.3,0.0,0.0,0.0,0.0,0.0,0.0,0.0,0.0,,,,,,
3782,120,5,1,3,91.0,1,1.0,0.0,0.0,0.0,0.0,0.0,0.0,0.0,0.0,,,,,,
6333,106,5,1,1,23.0,0,0.3,0.0,0.0,0.0,0.0,0.0,0.0,0.0,0.0,,,,,,
13986,124,5,1,25,444.0,2,4.9,0.0,0.0,0.0,0.0,0.0,0.0,0.0,0.0,,,,,,
9029,105,5,1,37,3330.0,37,37.0,0.0,0.0,0.0,0.0,0.0,0.0,4.0,0.0,,,,,,
12337,112,5,1,6,495.0,6,5.5,0.0,0.0,0.0,0.0,0.0,0.0,0.0,0.0,,,,,,
8566,116,5,1,37,2813.0,30,31.3,7.0,5.0,12.0,5.0,2.0,4.0,6.0,0.0,,,,,,
10036,103,5,1,24,1979.0,22,22.0,2.0,0.0,2.0,2.0,0.0,0.0,4.0,0.0,,,,,,
6617,105,5,1,1,90.0,1,1.0,0.0,0.0,0.0,0.0,0.0,0.0,0.0,0.0,,,,,,
10380,114,5,1,12,295.0,3,3.3,3.0,0.0,3.0,3.0,0.0,0.0,0.0,0.0,,,,,,
6474,111,5,1,8,428.0,6,4.8,0.0,0.0,0.0,0.0,0.0,0.0,0.0,0.0,,,,,,
1368,103,5,1,3,18.0,0,0.2,0.0,0.0,0.0,0.0,0.0,0.0,0.0,0.0,,,,,,
11721,110,5,1,5,184.0,1,2.0,1.0,0.0,1.0,1.0,0.0,0.0,1.0,0.0,,,,,,
10574,106,5,1,33,2833.0,33,31.5,3.0,1.0,4.0,3.0,0.0,0.0,4.0,2.0,,,,,,
7591,104,5,1,2,180.0,2,2.0,0.0,0.0,0.0,0.0,0.0,0.0,0.0,0.0,,,,,,
7890,102,5,1,8,229.0,2,2.5,0.0,0.0,0.0,0.0,0.0,0.0,0.0,0.0,,,,,,
1726,117,5,1,19,863.0,9,9.6,0.0,4.0,4.0,0.0,0.0,0.0,0.0,0.0,,,,,,
5421,117,5,1,27,1875.0,22,20.8,1.0,2.0,3.0,1.0,0.0,0.0,5.0,0.0,,,,,,
4684,123,5,1,2,76.0,0,0.8,0.0,0.0,0.0,0.0,0.0,0.0,0.0,0.0,,,,,,
13033,103,5,1,13,834.0,9,9.3,4.0,3.0,7.0,2.0,2.0,2.0,3.0,1.0,,,,,,
5790,108,5,1,9,93.0,0,1.0,0.0,0.0,0.0,0.0,0.0,0.0,0.0,0.0,,,,,,
1882,121,5,1,37,3065.0,37,34.1,7.0,10.0,17.0,5.0,2.0,2.0,6.0,1.0,,,,,,
1982,117,5,1,26,800.0,5,8.9,3.0,2.0,5.0,3.0,0.0,0.0,0.0,0.0,,,,,,
8235,105,5,1,36,3093.0,35,34.4,0.0,0.0,0.0,0.0,0.0,0.0,5.0,0.0,,,,,,
1131,125,5,1,27,1628.0,18,18.1,0.0,2.0,2.0,0.0,0.0,0.0,2.0,0.0,,,,,,
6634,117,5,1,6,177.0,2,2.0,0.0,0.0,0.0,0.0,0.0,0.0,3.0,0.0,,,,,,
151,108,5,1,8,101.0,0,1.1,0.0,0.0,0.0,0.0,0.0,0.0,0.0,0.0,,,,,,
9791,120,5,1,21,1043.0,11,11.6,0.0,1.0,1.0,0.0,0.0,0.0,4.0,0.0,,,,,,
9012,117,5,1,2,180.0,2,2.0,0.0,0.0,0.0,0.0,0.0,0.0,0.0,0.0,,,,,,
11974,109,5,1,32,2525.0,28,28.1,7.0,10.0,17.0,7.0,0.0,0.0,3.0,0.0,,,,,,
6547,108,5,1,11,511.0,5,5.7,0.0,1.0,1.0,0.0,0.0,0.0,2.0,0.0,,,,,,
6408,120,5,1,31,1530.0,14,17.0,3.0,1.0,4.0,3.0,0.0,0.0,8.0,1.0,,,,,,
3657,112,5,1,1,8.0,0,0.1,0.0,0.0,0.0,0.0,0.0,0.0,0.0,0.0,,,,,,
8788,105,5,1,31,1820.0,20,20.2,2.0,0.0,2.0,2.0,0.0,0.0,4.0,1.0,,,,,,
10186,114,5,1,29,2194.0,25,24.4,0.0,3.0,3.0,0.0,0.0,0.0,6.0,1.0,,,,,,
11183,104,5,1,3,24.0,0,0.3,0.0,0.0,0.0,0.0,0.0,0.0,1.0,0.0,,,,,,
11180,103,5,1,9,521.0,6,5.8,0.0,0.0,0.0,0.0,0.0,0.0,2.0,0.0,,,,,,
1657,105,5,1,7,68.0,0,0.8,0.0,0.0,0.0,0.0,0.0,0.0,0.0,0.0,,,,,,
11654,103,5,1,26,1428.0,15,15.9,0.0,3.0,3.0,0.0,0.0,0.0,8.0,0.0,,,,,,
9772,111,5,1,36,2767.0,32,30.7,4.0,7.0,11.0,4.0,0.0,0.0,2.0,0.0,,,,,,
5734,105,5,1,10,233.0,1,2.6,0.0,0.0,0.0,0.0,0.0,0.0,0.0,0.0,,,,,,
5601,110,5,1,7,456.0,5,5.1,0.0,0.0,0.0,0.0,0.0,0.0,2.0,1.0,,,,,,
9553,115,5,1,2,136.0,1,1.5,0.0,0.0,0.0,0.0,0.0,0.0,0.0,0.0,,,,,,
6326,116,5,1,32,2568.0,30,28.5,0.0,0.0,0.0,0.0,0.0,0.0,3.0,0.0,,,,,,
14474,110,5,1,23,1090.0,11,12.1,1.0,1.0,2.0,1.0,0.0,0.0,0.0,0.0,,,,,,
9850,106,5,1,26,2222.0,25,24.7,1.0,0.0,1.0,1.0,0.0,0.0,10.0,1.0,,,,,,
4230,116,5,1,23,1689.0,19,18.8,0.0,0.0,0.0,0.0,0.0,0.0,4.0,0.0,,,,,,
4560,102,5,1,7,329.0,3,3.7,0.0,0.0,0.0,0.0,0.0,0.0,1.0,0.0,,,,,,
3786,119,5,1,13,583.0,6,6.5,0.0,0.0,0.0,0.0,0.0,0.0,2.0,0.0,,,,,,
4307,124,5,1,36,2340.0,24,26.0,5.0,5.0,10.0,5.0,0.0,0.0,2.0,0.0,,,,,,
10353,106,5,1,38,1968.0,23,21.9,7.0,4.0,11.0,5.0,2.0,2.0,2.0,0.0,,,,,,
4852,104,5,1,6,254.0,3,2.8,1.0,0.0,1.0,1.0,0.0,0.0,1.0,0.0,,,,,,
2125,105,5,1,30,2491.0,27,27.7,0.0,0.0,0.0,0.0,0.0,0.0,6.0,0.0,,,,,,
14312,125,5,1,34,2426.0,25,27.0,4.0,2.0,6.0,4.0,0.0,0.0,3.0,0.0,,,,,,
5897,102,5,1,6,193.0,1,2.1,0.0,0.0,0.0,0.0,0.0,0.0,0.0,0.0,,,,,,
11913,111,5,1,34,1872.0,21,20.8,4.0,6.0,10.0,4.0,0.0,0.0,3.0,0.0,,,,,,
5686,103,5,1,6,207.0,2,2.3,0.0,0.0,0.0,0.0,0.0,0.0,1.0,0.0,,,,,,
8481,109,5,1,32,2880.0,32,32.0,0.0,0.0,0.0,0.0,0.0,0.0,1.0,0.0,,,,,,
11489,116,5,1,26,2028.0,25,22.5,0.0,1.0,1.0,0.0,0.0,0.0,1.0,0.0,,,,,,
6997,115,5,1,35,2461.0,26,27.3,0.0,6.0,6.0,0.0,0.0,0.0,4.0,0.0,,,,,,
14346,102,5,1,8,279.0,3,3.1,0.0,0.0,0.0,0.0,0.0,0.0,0.0,0.0,,,,,,
13066,106,5,1,2,36.0,0,0.4,0.0,0.0,0.0,0.0,0.0,0.0,0.0,0.0,,,,,,
756,108,5,1,20,604.0,5,6.7,5.0,3.0,8.0,5.0,0.0,0.0,0.0,0.0,,,,,,
757,117,5,1,2,64.0,1,0.7,0.0,0.0,0.0,0.0,0.0,0.0,0.0,0.0,,,,,,
6859,112,5,1,34,2590.0,32,28.8,2.0,9.0,11.0,2.0,0.0,0.0,1.0,0.0,,,,,,
9114,116,5,1,26,641.0,6,7.1,1.0,0.0,1.0,1.0,0.0,0.0,2.0,0.0,,,,,,
736,104,5,1,7,586.0,6,6.5,0.0,1.0,1.0,0.0,0.0,0.0,0.0,0.0,,,,,,
100,125,5,1,19,1315.0,15,14.6,1.0,2.0,3.0,1.0,0.0,0.0,0.0,0.0,,,,,,
12756,116,5,1,22,786.0,6,8.7,0.0,1.0,1.0,0.0,0.0,0.0,3.0,0.0,,,,,,
3141,108,5,1,31,1407.0,16,15.6,1.0,3.0,4.0,1.0,0.0,0.0,2.0,0.0,,,,,,
8273,124,5,1,6,415.0,4,4.6,0.0,0.0,0.0,0.0,0.0,0.0,0.0,0.0,,,,,,
10945,104,5,1,33,2003.0,23,22.3,5.0,4.0,9.0,5.0,0.0,0.0,5.0,1.0,,,,,,
1936,104,5,1,19,1710.0,19,19.0,0.0,0.0,0.0,0.0,0.0,0.0,0.0,0.0,,,,,,
9503,102,5,1,27,1947.0,22,21.6,0.0,0.0,0.0,0.0,0.0,0.0,2.0,0.0,,,,,,
10674,115,5,1,17,1277.0,14,14.2,2.0,1.0,3.0,2.0,0.0,0.0,3.0,0.0,,,,,,
2847,111,5,1,7,338.0,3,3.8,0.0,0.0,0.0,0.0,0.0,0.0,2.0,0.0,,,,,,
1112,117,5,1,1,1.0,0,0.0,0.0,0.0,0.0,0.0,0.0,0.0,0.0,0.0,,,,,,
2714,123,5,1,21,958.0,12,10.6,0.0,0.0,0.0,0.0,0.0,0.0,3.0,0.0,,,,,,
13411,124,5,1,36,2353.0,28,26.1,12.0,1.0,13.0,12.0,0.0,0.0,4.0,0.0,,,,,,
4545,117,5,1,2,91.0,1,1.0,0.0,0.0,0.0,0.0,0.0,0.0,0.0,0.0,,,,,,
7639,104,5,1,1,2.0,0,0.0,0.0,0.0,0.0,0.0,0.0,0.0,0.0,0.0,,,,,,
7644,108,5,1,37,3232.0,37,35.9,1.0,2.0,3.0,1.0,0.0,0.0,7.0,1.0,,,,,,
3073,117,5,1,37,3299.0,37,36.7,1.0,2.0,3.0,1.0,0.0,0.0,6.0,0.0,,,,,,
135,105,5,1,18,1317.0,15,14.6,1.0,0.0,1.0,1.0,0.0,0.0,1.0,0.0,,,,,,
6864,109,5,1,37,3166.0,36,35.2,24.0,4.0,28.0,14.0,10.0,11.0,6.0,0.0,,,,,,
13394,120,5,1,22,1758.0,20,19.5,0.0,1.0,1.0,0.0,0.0,0.0,2.0,0.0,,,,,,
2116,124,5,1,30,1809.0,25,20.1,4.0,1.0,5.0,4.0,0.0,0.0,5.0,0.0,,,,,,
12254,105,5,1,27,1422.0,16,15.8,6.0,6.0,12.0,1.0,5.0,5.0,2.0,0.0,,,,,,
13424,123,5,1,17,1069.0,13,11.9,0.0,2.0,2.0,0.0,0.0,0.0,3.0,0.0,,,,,,
12442,115,5,1,3,20.0,0,0.2,1.0,0.0,1.0,1.0,0.0,0.0,0.0,0.0,,,,,,
1212,117,5,1,14,781.0,9,8.7,6.0,1.0,7.0,3.0,3.0,3.0,0.0,0.0,,,,,,
1211,116,5,1,12,469.0,6,5.2,0.0,0.0,0.0,0.0,0.0,0.0,0.0,0.0,,,,,,
7488,105,5,1,15,179.0,0,2.0,0.0,0.0,0.0,0.0,0.0,0.0,0.0,0.0,,,,,,
10331,111,5,1,23,877.0,8,9.7,3.0,0.0,3.0,3.0,0.0,0.0,1.0,0.0,,,,,,
13021,104,5,1,12,372.0,4,4.1,0.0,0.0,0.0,0.0,0.0,0.0,1.0,0.0,,,,,,
2098,124,5,1,35,2888.0,32,32.1,5.0,8.0,13.0,1.0,4.0,4.0,6.0,0.0,,,,,,
11980,116,5,1,1,90.0,1,1.0,0.0,0.0,0.0,0.0,0.0,0.0,1.0,0.0,,,,,,
10096,124,5,1,27,2257.0,26,25.1,1.0,2.0,3.0,1.0,0.0,0.0,5.0,1.0,,,,,,
8847,120,5,1,2,21.0,0,0.2,0.0,0.0,0.0,0.0,0.0,0.0,0.0,0.0,,,,,,
1730,109,5,1,33,2653.0,29,29.5,3.0,0.0,3.0,3.0,0.0,0.0,6.0,0.0,,,,,,
5528,120,5,1,3,131.0,1,1.5,0.0,0.0,0.0,0.0,0.0,0.0,1.0,0.0,,,,,,
1735,106,5,1,6,89.0,0,1.0,0.0,0.0,0.0,0.0,0.0,0.0,0.0,0.0,,,,,,
5240,123,5,1,37,2879.0,32,32.0,20.0,1.0,21.0,17.0,3.0,4.0,4.0,1.0,,,,,,
5791,102,5,1,28,2176.0,25,24.2,0.0,0.0,0.0,0.0,0.0,0.0,9.0,1.0,,,,,,
5242,123,5,1,29,1626.0,18,18.1,3.0,2.0,5.0,3.0,0.0,0.0,4.0,0.0,,,,,,
10336,124,5,1,23,1225.0,12,13.6,0.0,1.0,1.0,0.0,0.0,0.0,0.0,0.0,,,,,,
13179,110,5,1,28,1066.0,14,11.8,2.0,0.0,2.0,2.0,0.0,0.0,1.0,0.0,,,,,,
7891,114,5,1,31,2072.0,22,23.0,4.0,2.0,6.0,4.0,0.0,0.0,3.0,0.0,,,,,,
10305,106,5,1,37,3330.0,37,37.0,0.0,0.0,0.0,0.0,0.0,0.0,0.0,0.0,,,,,,
1742,112,5,1,10,194.0,1,2.2,1.0,0.0,1.0,1.0,0.0,0.0,1.0,0.0,,,,,,
1739,110,5,1,15,747.0,9,8.3,3.0,0.0,3.0,2.0,1.0,1.0,1.0,0.0,,,,,,
13792,125,5,1,8,99.0,0,1.1,0.0,0.0,0.0,0.0,0.0,0.0,0.0,0.0,,,,,,
13016,111,5,1,24,1957.0,22,21.7,0.0,0.0,0.0,0.0,0.0,0.0,2.0,1.0,,,,,,
8291,103,5,1,11,506.0,5,5.6,2.0,0.0,2.0,2.0,0.0,0.0,1.0,0.0,,,,,,
3691,114,5,1,7,223.0,1,2.5,1.0,0.0,1.0,1.0,0.0,0.0,0.0,0.0,,,,,,
13035,114,5,1,1,65.0,1,0.7,1.0,0.0,1.0,1.0,0.0,0.0,0.0,0.0,,,,,,
13036,117,5,1,22,1228.0,14,13.6,1.0,4.0,5.0,1.0,0.0,0.0,1.0,0.0,,,,,,
14435,120,5,1,31,2790.0,31,31.0,0.0,0.0,0.0,0.0,0.0,0.0,2.0,0.0,,,,,,
1665,114,5,1,38,3330.0,37,37.0,3.0,3.0,6.0,3.0,0.0,1.0,3.0,0.0,,,,,,
13482,109,5,1,25,2017.0,24,22.4,2.0,0.0,2.0,2.0,0.0,0.0,7.0,0.0,,,,,,
703,123,5,1,31,2677.0,31,29.7,1.0,2.0,3.0,1.0,0.0,0.0,8.0,1.0,,,,,,
10339,102,5,1,6,136.0,1,1.5,0.0,0.0,0.0,0.0,0.0,0.0,0.0,0.0,,,,,,
11178,106,5,1,1,90.0,1,1.0,0.0,0.0,0.0,0.0,0.0,0.0,0.0,0.0,,,,,,
370,121,5,1,3,19.0,0,0.2,0.0,0.0,0.0,0.0,0.0,0.0,0.0,0.0,,,,,,
6453,121,5,1,29,1291.0,13,14.3,6.0,2.0,8.0,6.0,0.0,0.0,0.0,0.0,,,,,,
7941,125,5,1,6,213.0,2,2.4,0.0,0.0,0.0,0.0,0.0,0.0,0.0,0.0,,,,,,
6919,125,5,1,2,20.0,0,0.2,0.0,0.0,0.0,0.0,0.0,0.0,0.0,0.0,,,,,,
5019,119,5,1,38,3409.0,38,37.9,0.0,0.0,0.0,0.0,0.0,0.0,3.0,0.0,,,,,,
6631,106,5,1,9,258.0,2,2.9,1.0,0.0,1.0,1.0,0.0,0.0,0.0,0.0,,,,,,
8277,116,5,1,9,91.0,0,1.0,0.0,0.0,0.0,0.0,0.0,0.0,0.0,0.0,,,,,,
13022,110,5,1,12,136.0,0,1.5,0.0,1.0,1.0,0.0,0.0,0.0,0.0,0.0,,,,,,
3373,121,5,1,26,1115.0,11,12.4,3.0,1.0,4.0,3.0,0.0,0.0,5.0,0.0,,,,,,
5194,121,5,1,2,12.0,0,0.1,0.0,0.0,0.0,0.0,0.0,0.0,0.0,0.0,,,,,,
5793,123,5,1,28,2297.0,25,25.5,1.0,1.0,2.0,1.0,0.0,0.0,5.0,0.0,,,,,,
7477,120,5,1,26,1155.0,13,12.8,2.0,2.0,4.0,1.0,1.0,1.0,0.0,0.0,,,,,,
13065,103,5,1,24,1790.0,21,19.9,0.0,0.0,0.0,0.0,0.0,0.0,2.0,1.0,,,,,,
11982,104,5,1,11,113.0,0,1.3,0.0,1.0,1.0,0.0,0.0,0.0,1.0,0.0,,,,,,
9798,124,5,1,38,3420.0,38,38.0,0.0,0.0,0.0,0.0,0.0,0.0,2.0,0.0,,,,,,
6344,105,5,1,34,2515.0,27,27.9,0.0,0.0,0.0,0.0,0.0,0.0,2.0,0.0,,,,,,
5473,119,5,1,25,1155.0,12,12.8,3.0,4.0,7.0,3.0,0.0,0.0,0.0,0.0,,,,,,
403,105,5,1,10,257.0,2,2.9,0.0,0.0,0.0,0.0,0.0,0.0,0.0,0.0,,,,,,
2117,114,5,1,32,1859.0,19,20.7,12.0,2.0,14.0,12.0,0.0,1.0,3.0,0.0,,,,,,
9801,115,5,1,23,1646.0,18,18.3,0.0,0.0,0.0,0.0,0.0,0.0,3.0,0.0,,,,,,
4235,116,5,1,6,224.0,3,2.5,0.0,0.0,0.0,0.0,0.0,0.0,1.0,1.0,,,,,,
10871,105,5,1,21,1308.0,16,14.5,1.0,0.0,1.0,1.0,0.0,0.0,2.0,0.0,,,,,,
14289,120,5,1,3,270.0,3,3.0,0.0,0.0,0.0,0.0,0.0,0.0,2.0,0.0,,,,,,
12263,110,5,1,16,1246.0,14,13.8,5.0,3.0,8.0,5.0,0.0,0.0,0.0,0.0,,,,,,
12265,111,5,1,10,300.0,3,3.3,0.0,1.0,1.0,0.0,0.0,0.0,0.0,0.0,,,,,,
4300,120,5,1,1,32.0,0,0.4,0.0,0.0,0.0,0.0,0.0,0.0,1.0,0.0,,,,,,
7717,115,5,1,24,718.0,7,8.0,0.0,2.0,2.0,0.0,0.0,0.0,1.0,1.0,,,,,,
2485,115,5,1,2,37.0,0,0.4,0.0,0.0,0.0,0.0,0.0,0.0,0.0,0.0,,,,,,
6920,115,5,1,34,2738.0,32,30.4,1.0,2.0,3.0,1.0,0.0,0.0,7.0,1.0,,,,,,
7523,123,5,1,2,47.0,0,0.5,0.0,0.0,0.0,0.0,0.0,0.0,0.0,0.0,,,,,,
759,120,5,1,33,1978.0,28,22.0,4.0,6.0,10.0,4.0,0.0,0.0,3.0,1.0,,,,,,
12762,108,5,1,35,3073.0,34,34.1,7.0,5.0,12.0,6.0,1.0,2.0,2.0,0.0,,,,,,
14328,103,5,1,11,990.0,11,11.0,0.0,0.0,0.0,0.0,0.0,0.0,2.0,0.0,,,,,,
14525,114,5,1,36,3086.0,35,34.3,2.0,2.0,4.0,2.0,0.0,0.0,4.0,2.0,,,,,,
13430,120,5,1,24,1976.0,23,22.0,0.0,1.0,1.0,0.0,0.0,0.0,0.0,0.0,,,,,,
7024,109,5,1,31,2592.0,30,28.8,1.0,0.0,1.0,1.0,0.0,0.0,7.0,0.0,,,,,,
13198,108,5,1,1,7.0,0,0.1,0.0,0.0,0.0,0.0,0.0,0.0,0.0,0.0,,,,,,
11707,108,5,1,37,2833.0,31,31.5,5.0,3.0,8.0,2.0,3.0,3.0,4.0,0.0,,,,,,
1255,108,5,1,17,858.0,12,9.5,1.0,1.0,2.0,1.0,0.0,0.0,0.0,0.0,,,,,,
4877,125,5,1,30,2667.0,30,29.6,0.0,0.0,0.0,0.0,0.0,0.0,3.0,1.0,,,,,,
7652,123,5,1,34,2098.0,23,23.3,10.0,0.0,10.0,9.0,1.0,2.0,1.0,1.0,,,,,,
5593,116,5,1,28,1520.0,16,16.9,5.0,3.0,8.0,5.0,0.0,0.0,0.0,0.0,,,,,,
5592,108,5,1,4,59.0,0,0.7,0.0,0.0,0.0,0.0,0.0,0.0,0.0,0.0,,,,,,
6719,106,5,1,31,2603.0,29,28.9,4.0,3.0,7.0,4.0,0.0,0.0,7.0,0.0,,,,,,
3311,124,5,1,20,657.0,7,7.3,0.0,1.0,1.0,0.0,0.0,0.0,3.0,0.0,,,,,,
13959,115,5,1,31,688.0,5,7.6,2.0,0.0,2.0,2.0,0.0,0.0,1.0,1.0,,,,,,
4962,112,5,1,10,417.0,6,4.6,2.0,0.0,2.0,2.0,0.0,0.0,1.0,0.0,,,,,,
5798,119,5,1,6,58.0,0,0.6,0.0,0.0,0.0,0.0,0.0,0.0,1.0,0.0,,,,,,
4303,103,5,1,7,479.0,6,5.3,0.0,0.0,0.0,0.0,0.0,0.0,0.0,0.0,,,,,,
12562,112,5,1,26,1879.0,24,20.9,2.0,2.0,4.0,2.0,0.0,0.0,5.0,2.0,,,,,,
1153,116,5,1,36,3149.0,36,35.0,1.0,1.0,2.0,1.0,0.0,0.0,7.0,0.0,,,,,,
507,114,5,1,34,2464.0,29,27.4,8.0,7.0,15.0,8.0,0.0,0.0,5.0,0.0,,,,,,
1068,109,5,1,26,1629.0,18,18.1,3.0,2.0,5.0,3.0,0.0,0.0,6.0,0.0,,,,,,
1241,109,5,1,36,2816.0,34,31.3,2.0,6.0,8.0,1.0,1.0,1.0,8.0,0.0,,,,,,
9803,106,5,1,25,1449.0,19,16.1,1.0,0.0,1.0,1.0,0.0,0.0,3.0,0.0,,,,,,
11171,102,5,1,30,2578.0,29,28.6,0.0,0.0,0.0,0.0,0.0,0.0,10.0,0.0,,,,,,
986,117,5,1,3,226.0,3,2.5,0.0,0.0,0.0,0.0,0.0,0.0,0.0,0.0,,,,,,
987,121,5,1,33,2523.0,29,28.0,15.0,3.0,18.0,15.0,0.0,0.0,4.0,0.0,,,,,,
6869,108,5,1,33,2823.0,33,31.4,1.0,3.0,4.0,1.0,0.0,0.0,7.0,0.0,,,,,,
1177,120,5,1,13,1038.0,12,11.5,0.0,0.0,0.0,0.0,0.0,0.0,3.0,0.0,,,,,,
254,110,5,1,2,25.0,0,0.3,0.0,0.0,0.0,0.0,0.0,0.0,0.0,0.0,,,,,,
4793,109,5,1,18,838.0,9,9.3,0.0,0.0,0.0,0.0,0.0,0.0,3.0,0.0,,,,,,
1666,115,5,1,5,24.0,0,0.3,0.0,0.0,0.0,0.0,0.0,0.0,0.0,0.0,,,,,,
9615,112,5,1,33,2108.0,25,23.4,2.0,4.0,6.0,1.0,1.0,1.0,3.0,0.0,,,,,,
4182,116,5,1,30,1260.0,15,14.0,3.0,2.0,5.0,3.0,0.0,0.0,2.0,0.0,,,,,,
11303,112,5,1,14,492.0,4,5.5,1.0,1.0,2.0,1.0,0.0,0.0,1.0,0.0,,,,,,
4764,123,5,1,18,1461.0,17,16.2,0.0,1.0,1.0,0.0,0.0,0.0,3.0,0.0,,,,,,
12887,121,5,1,1,23.0,0,0.3,0.0,0.0,0.0,0.0,0.0,0.0,0.0,0.0,,,,,,
11788,120,5,1,1,3.0,0,0.0,0.0,0.0,0.0,0.0,0.0,0.0,0.0,0.0,,,,,,
8831,111,5,1,21,1595.0,19,17.7,0.0,1.0,1.0,0.0,0.0,0.0,1.0,0.0,,,,,,
6200,116,5,1,13,805.0,8,8.9,0.0,1.0,1.0,0.0,0.0,0.0,1.0,0.0,,,,,,
9404,108,5,1,36,1671.0,17,18.6,0.0,1.0,1.0,0.0,0.0,0.0,5.0,0.0,,,,,,
137,119,5,1,28,2053.0,23,22.8,5.0,3.0,8.0,5.0,0.0,0.0,7.0,2.0,,,,,,
9511,125,5,1,2,69.0,0,0.8,0.0,0.0,0.0,0.0,0.0,0.0,0.0,0.0,,,,,,
1819,102,5,1,4,209.0,2,2.3,0.0,0.0,0.0,0.0,0.0,0.0,0.0,0.0,,,,,,
12266,102,5,1,19,1079.0,14,12.0,2.0,2.0,4.0,2.0,0.0,0.0,5.0,2.0,,,,,,
12458,124,5,1,6,104.0,0,1.2,0.0,0.0,0.0,0.0,0.0,0.0,1.0,0.0,,,,,,
990,112,5,1,10,515.0,6,5.7,0.0,0.0,0.0,0.0,0.0,0.0,1.0,0.0,,,,,,
12013,124,5,1,4,64.0,0,0.7,2.0,0.0,2.0,2.0,0.0,0.0,1.0,0.0,,,,,,
4878,104,5,1,35,1874.0,23,20.8,2.0,0.0,2.0,2.0,0.0,0.0,1.0,0.0,,,,,,
5405,111,5,1,7,356.0,3,4.0,0.0,1.0,1.0,0.0,0.0,0.0,0.0,0.0,,,,,,
2619,105,5,1,16,1060.0,12,11.8,0.0,0.0,0.0,0.0,0.0,0.0,2.0,0.0,,,,,,
10873,120,5,1,8,194.0,2,2.2,0.0,0.0,0.0,0.0,0.0,0.0,1.0,0.0,,,,,,
4705,105,5,1,33,2535.0,29,28.2,6.0,5.0,11.0,6.0,0.0,0.0,1.0,0.0,,,,,,
2390,103,5,1,36,3095.0,35,34.4,0.0,0.0,0.0,0.0,0.0,0.0,7.0,0.0,,,,,,
5689,119,5,1,1,11.0,0,0.1,0.0,0.0,0.0,0.0,0.0,0.0,0.0,0.0,,,,,,
267,103,5,1,34,2234.0,28,24.8,4.0,1.0,5.0,4.0,0.0,0.0,2.0,0.0,,,,,,
10322,102,5,1,32,2497.0,30,27.7,6.0,0.0,6.0,6.0,0.0,0.0,10.0,0.0,,,,,,
11853,117,5,1,4,148.0,2,1.6,0.0,0.0,0.0,0.0,0.0,0.0,0.0,0.0,,,,,,
2022,110,5,1,25,1182.0,14,13.1,0.0,1.0,1.0,0.0,0.0,0.0,5.0,0.0,,,,,,
5816,109,5,1,23,1779.0,21,19.8,2.0,1.0,3.0,2.0,0.0,0.0,0.0,0.0,,,,,,
7382,120,5,1,35,2916.0,34,32.4,6.0,5.0,11.0,6.0,0.0,0.0,3.0,1.0,,,,,,
5808,114,5,1,32,1119.0,9,12.4,0.0,2.0,2.0,0.0,0.0,0.0,3.0,0.0,,,,,,
9150,103,5,1,1,28.0,0,0.3,0.0,0.0,0.0,0.0,0.0,0.0,0.0,0.0,,,,,,
8098,109,5,1,6,540.0,6,6.0,0.0,0.0,0.0,0.0,0.0,0.0,0.0,0.0,,,,,,
8599,112,5,1,7,293.0,2,3.3,3.0,1.0,4.0,3.0,0.0,0.0,1.0,0.0,,,,,,
3078,123,5,1,2,13.0,0,0.1,0.0,0.0,0.0,0.0,0.0,0.0,0.0,0.0,,,,,,
7303,104,5,1,22,1760.0,20,19.6,1.0,0.0,1.0,1.0,0.0,0.0,5.0,1.0,,,,,,
6390,111,5,1,9,446.0,4,5.0,1.0,0.0,1.0,1.0,0.0,0.0,1.0,0.0,,,,,,
11433,104,5,1,10,867.0,10,9.6,0.0,0.0,0.0,0.0,0.0,0.0,2.0,0.0,,,,,,
7266,104,5,1,37,3217.0,35,35.7,3.0,1.0,4.0,2.0,1.0,1.0,7.0,0.0,,,,,,
2623,115,5,1,30,2695.0,30,29.9,0.0,2.0,2.0,0.0,0.0,0.0,5.0,0.0,,,,,,
3801,110,5,1,1,8.0,0,0.1,0.0,0.0,0.0,0.0,0.0,0.0,0.0,0.0,,,,,,
5832,112,5,1,22,1028.0,9,11.4,1.0,0.0,1.0,1.0,0.0,0.0,1.0,0.0,,,,,,
74,116,5,1,4,78.0,1,0.9,0.0,0.0,0.0,0.0,0.0,0.0,0.0,1.0,,,,,,
4850,108,5,1,2,22.0,0,0.2,0.0,0.0,0.0,0.0,0.0,0.0,0.0,0.0,,,,,,
1519,121,5,1,30,1849.0,24,20.5,7.0,3.0,10.0,7.0,0.0,0.0,0.0,0.0,,,,,,
4891,110,5,1,29,2438.0,28,27.1,0.0,4.0,4.0,0.0,0.0,0.0,6.0,0.0,,,,,,
7420,103,5,1,7,546.0,7,6.1,0.0,0.0,0.0,0.0,0.0,0.0,0.0,0.0,,,,,,
14150,124,5,1,11,665.0,7,7.4,0.0,0.0,0.0,0.0,0.0,0.0,1.0,0.0,,,,,,
2003,115,5,1,5,408.0,4,4.5,0.0,0.0,0.0,0.0,0.0,0.0,1.0,0.0,,,,,,
10932,123,5,1,7,101.0,0,1.1,0.0,1.0,1.0,0.0,0.0,0.0,0.0,0.0,,,,,,
1692,110,5,1,5,96.0,0,1.1,0.0,0.0,0.0,0.0,0.0,0.0,0.0,0.0,,,,,,
7657,124,5,1,11,362.0,4,4.0,0.0,0.0,0.0,0.0,0.0,0.0,1.0,0.0,,,,,,
2472,120,5,1,9,682.0,8,7.6,0.0,0.0,0.0,0.0,0.0,0.0,1.0,0.0,,,,,,
12464,106,5,1,34,2027.0,23,22.5,7.0,3.0,10.0,7.0,0.0,0.0,4.0,0.0,,,,,,
14122,115,5,1,27,1635.0,20,18.2,4.0,1.0,5.0,4.0,0.0,0.0,5.0,1.0,,,,,,
1311,102,5,1,2,10.0,0,0.1,0.0,0.0,0.0,0.0,0.0,0.0,0.0,0.0,,,,,,
11702,119,5,1,11,730.0,9,8.1,0.0,0.0,0.0,0.0,0.0,0.0,3.0,0.0,,,,,,
12574,120,5,1,1,3.0,0,0.0,0.0,0.0,0.0,0.0,0.0,0.0,0.0,0.0,,,,,,
12381,125,5,1,1,64.0,0,0.7,0.0,0.0,0.0,0.0,0.0,0.0,0.0,0.0,,,,,,
12711,112,5,1,33,2214.0,26,24.6,4.0,1.0,5.0,4.0,0.0,0.0,3.0,0.0,,,,,,
2480,106,5,1,9,572.0,6,6.4,0.0,0.0,0.0,0.0,0.0,0.0,2.0,0.0,,,,,,
5558,110,5,1,37,1577.0,15,17.5,7.0,1.0,8.0,5.0,2.0,3.0,3.0,0.0,,,,,,
14528,102,5,1,13,916.0,12,10.2,0.0,0.0,0.0,0.0,0.0,0.0,4.0,0.0,,,,,,
12296,125,5,1,32,2661.0,31,29.6,1.0,1.0,2.0,1.0,0.0,0.0,9.0,0.0,,,,,,
2056,115,5,1,15,1256.0,15,14.0,0.0,0.0,0.0,0.0,0.0,0.0,5.0,0.0,,,,,,
12450,111,5,1,20,1320.0,14,14.7,0.0,2.0,2.0,0.0,0.0,0.0,8.0,0.0,,,,,,
5185,106,5,1,37,2232.0,26,24.8,10.0,3.0,13.0,6.0,4.0,6.0,3.0,0.0,,,,,,
11984,108,5,1,10,123.0,0,1.4,0.0,0.0,0.0,0.0,0.0,0.0,0.0,0.0,,,,,,
4853,117,5,1,33,2506.0,28,27.8,13.0,3.0,16.0,13.0,0.0,1.0,0.0,0.0,,,,,,
4856,121,5,1,4,249.0,3,2.8,2.0,0.0,2.0,2.0,0.0,0.0,0.0,0.0,,,,,,
737,111,5,1,35,2929.0,34,32.5,27.0,5.0,32.0,21.0,6.0,8.0,3.0,0.0,,,,,,
11718,102,5,1,9,212.0,2,2.4,0.0,0.0,0.0,0.0,0.0,0.0,0.0,0.0,,,,,,
385,116,5,1,37,3329.0,37,37.0,0.0,0.0,0.0,0.0,0.0,0.0,2.0,1.0,,,,,,
7596,105,5,1,17,1417.0,16,15.7,0.0,2.0,2.0,0.0,0.0,0.0,4.0,0.0,,,,,,
10202,109,5,1,27,651.0,6,7.2,4.0,1.0,5.0,4.0,0.0,0.0,1.0,0.0,,,,,,
7331,110,5,1,20,1654.0,19,18.4,0.0,0.0,0.0,0.0,0.0,0.0,1.0,0.0,,,,,,
14408,125,5,1,30,1797.0,21,20.0,1.0,1.0,2.0,1.0,0.0,0.0,1.0,0.0,,,,,,
1486,110,5,1,3,266.0,3,3.0,1.0,0.0,1.0,1.0,0.0,0.0,0.0,0.0,,,,,,
13367,110,5,1,27,1452.0,15,16.1,2.0,2.0,4.0,2.0,0.0,0.0,0.0,0.0,,,,,,
7335,108,5,1,8,165.0,2,1.8,0.0,0.0,0.0,0.0,0.0,0.0,0.0,0.0,,,,,,
6460,105,5,1,32,2071.0,24,23.0,10.0,3.0,13.0,10.0,0.0,0.0,1.0,0.0,,,,,,
4035,110,5,1,35,3028.0,35,33.6,5.0,6.0,11.0,5.0,0.0,0.0,5.0,0.0,,,,,,
14049,110,5,1,37,3330.0,37,37.0,0.0,0.0,0.0,0.0,0.0,0.0,1.0,0.0,,,,,,
9805,123,5,1,26,2015.0,23,22.4,0.0,0.0,0.0,0.0,0.0,0.0,6.0,1.0,,,,,,
11285,102,5,1,1,55.0,0,0.6,0.0,0.0,0.0,0.0,0.0,0.0,0.0,0.0,,,,,,
6347,108,5,1,1,90.0,1,1.0,0.0,0.0,0.0,0.0,0.0,0.0,0.0,0.0,,,,,,
1898,115,5,1,19,1710.0,19,19.0,0.0,0.0,0.0,0.0,0.0,0.0,0.0,0.0,,,,,,
11640,105,5,1,32,2767.0,32,30.7,5.0,5.0,10.0,5.0,0.0,0.0,10.0,1.0,,,,,,
4398,105,5,1,13,288.0,2,3.2,0.0,0.0,0.0,0.0,0.0,0.0,2.0,0.0,,,,,,
9181,117,5,1,14,838.0,11,9.3,0.0,0.0,0.0,0.0,0.0,0.0,1.0,1.0,,,,,,
3629,104,5,1,2,180.0,2,2.0,0.0,0.0,0.0,0.0,0.0,0.0,0.0,0.0,,,,,,
6735,111,5,1,31,1933.0,21,21.5,1.0,2.0,3.0,1.0,0.0,0.0,4.0,0.0,,,,,,
1902,102,5,1,32,2798.0,32,31.1,0.0,0.0,0.0,0.0,0.0,0.0,1.0,0.0,,,,,,
8099,115,5,1,27,1192.0,14,13.2,0.0,0.0,0.0,0.0,0.0,0.0,7.0,0.0,,,,,,
740,119,5,1,1,11.0,0,0.1,0.0,0.0,0.0,0.0,0.0,0.0,0.0,0.0,,,,,,
12326,102,5,1,3,24.0,0,0.3,0.0,0.0,0.0,0.0,0.0,0.0,0.0,0.0,,,,,,
3481,123,5,1,28,1543.0,18,17.1,0.0,0.0,0.0,0.0,0.0,0.0,4.0,0.0,,,,,,
9447,125,5,1,9,751.0,8,8.3,0.0,0.0,0.0,0.0,0.0,0.0,1.0,0.0,,,,,,
2075,105,5,1,7,270.0,2,3.0,0.0,0.0,0.0,0.0,0.0,0.0,0.0,0.0,,,,,,
2079,120,5,1,15,1059.0,13,11.8,0.0,0.0,0.0,0.0,0.0,0.0,3.0,1.0,,,,,,
1313,111,5,1,32,2816.0,32,31.3,0.0,0.0,0.0,0.0,0.0,0.0,2.0,1.0,,,,,,
12312,125,5,1,32,2346.0,29,26.1,7.0,5.0,12.0,7.0,0.0,0.0,2.0,0.0,,,,,,
11405,112,5,1,33,2925.0,32,32.5,0.0,2.0,2.0,0.0,0.0,0.0,3.0,0.0,,,,,,
3519,120,5,1,29,1379.0,16,15.3,0.0,1.0,1.0,0.0,0.0,0.0,6.0,2.0,,,,,,
6929,117,5,1,33,2453.0,27,27.3,0.0,2.0,2.0,0.0,0.0,0.0,4.0,0.0,,,,,,
3297,111,5,1,17,1459.0,17,16.2,1.0,0.0,1.0,1.0,0.0,0.0,2.0,0.0,,,,,,
6316,114,5,1,6,291.0,3,3.2,0.0,0.0,0.0,0.0,0.0,0.0,0.0,0.0,,,,,,
2373,111,5,1,34,2986.0,33,33.2,2.0,0.0,2.0,2.0,0.0,0.0,9.0,1.0,,,,,,
14530,104,5,1,26,1081.0,11,12.0,0.0,0.0,0.0,0.0,0.0,0.0,1.0,0.0,,,,,,
3283,108,5,1,33,2184.0,26,24.3,4.0,3.0,7.0,4.0,0.0,0.0,5.0,1.0,,,,,,
13079,114,5,1,2,82.0,0,0.9,0.0,0.0,0.0,0.0,0.0,0.0,0.0,0.0,,,,,,
5483,105,5,1,32,1688.0,19,18.8,1.0,2.0,3.0,1.0,0.0,0.0,2.0,0.0,,,,,,
14486,106,5,1,38,2399.0,25,26.7,0.0,0.0,0.0,0.0,0.0,0.0,6.0,0.0,,,,,,
8375,121,5,1,32,1668.0,18,18.5,2.0,5.0,7.0,1.0,1.0,1.0,3.0,0.0,,,,,,
6370,110,5,1,15,1064.0,12,11.8,0.0,0.0,0.0,0.0,0.0,0.0,2.0,1.0,,,,,,
1865,115,5,1,8,198.0,1,2.2,0.0,0.0,0.0,0.0,0.0,0.0,1.0,0.0,,,,,,
12399,112,5,1,20,1227.0,13,13.6,1.0,1.0,2.0,1.0,0.0,0.0,4.0,0.0,,,,,,
13185,121,5,1,34,3014.0,34,33.5,0.0,1.0,1.0,0.0,0.0,0.0,1.0,0.0,,,,,,
13454,102,5,1,26,1332.0,14,14.8,1.0,1.0,2.0,0.0,1.0,2.0,4.0,1.0,,,,,,
14102,110,5,1,18,1608.0,17,17.9,0.0,0.0,0.0,0.0,0.0,0.0,1.0,0.0,,,,,,
10384,120,5,1,9,232.0,2,2.6,1.0,0.0,1.0,1.0,0.0,0.0,0.0,0.0,,,,,,
4288,115,5,1,33,1923.0,23,21.4,5.0,5.0,10.0,5.0,0.0,0.0,0.0,0.0,,,,,,
14051,102,5,1,31,2452.0,29,27.2,0.0,2.0,2.0,0.0,0.0,0.0,7.0,0.0,,,,,,
5219,114,5,1,26,2157.0,25,24.0,3.0,0.0,3.0,3.0,0.0,0.0,6.0,1.0,,,,,,
9269,119,5,1,33,2717.0,30,30.2,2.0,0.0,2.0,2.0,0.0,0.0,4.0,0.0,,,,,,
6830,109,5,1,12,277.0,2,3.1,0.0,0.0,0.0,0.0,0.0,0.0,2.0,0.0,,,,,,
4894,114,5,1,11,345.0,3,3.8,0.0,0.0,0.0,0.0,0.0,0.0,0.0,0.0,,,,,,
5296,104,5,1,14,1116.0,13,12.4,0.0,0.0,0.0,0.0,0.0,0.0,3.0,0.0,,,,,,
14351,106,5,1,6,60.0,0,0.7,0.0,0.0,0.0,0.0,0.0,0.0,0.0,0.0,,,,,,
3837,114,5,1,23,1175.0,13,13.1,1.0,0.0,1.0,1.0,0.0,0.0,2.0,0.0,,,,,,
2549,114,5,1,8,446.0,5,5.0,0.0,1.0,1.0,0.0,0.0,0.0,0.0,0.0,,,,,,
2548,110,5,1,6,227.0,2,2.5,0.0,0.0,0.0,0.0,0.0,0.0,0.0,0.0,,,,,,
6320,103,5,1,10,270.0,2,3.0,0.0,0.0,0.0,0.0,0.0,0.0,0.0,0.0,,,,,,
1712,120,5,1,30,2484.0,29,27.6,0.0,0.0,0.0,0.0,0.0,0.0,4.0,0.0,,,,,,
314,106,5,1,10,501.0,6,5.6,0.0,1.0,1.0,0.0,0.0,0.0,0.0,0.0,,,,,,
13182,115,5,1,26,1288.0,14,14.3,4.0,2.0,6.0,4.0,0.0,0.0,1.0,1.0,,,,,,
2591,124,5,1,2,98.0,1,1.1,0.0,0.0,0.0,0.0,0.0,0.0,1.0,0.0,,,,,,
4429,102,5,1,11,707.0,8,7.9,0.0,0.0,0.0,0.0,0.0,0.0,1.0,0.0,,,,,,
3363,125,5,1,1,16.0,0,0.2,0.0,0.0,0.0,0.0,0.0,0.0,0.0,0.0,,,,,,
7939,119,5,1,34,2818.0,32,31.3,29.0,5.0,34.0,26.0,3.0,4.0,6.0,0.0,,,,,,
2433,112,5,1,36,2849.0,32,31.7,5.0,0.0,5.0,5.0,0.0,0.0,2.0,0.0,,,,,,
5418,105,5,1,2,15.0,0,0.2,0.0,0.0,0.0,0.0,0.0,0.0,0.0,0.0,,,,,,
6217,103,5,1,2,25.0,0,0.3,0.0,0.0,0.0,0.0,0.0,0.0,0.0,0.0,,,,,,
10505,120,5,1,6,66.0,0,0.7,0.0,0.0,0.0,0.0,0.0,0.0,0.0,0.0,,,,,,
4278,108,5,1,32,2779.0,32,30.9,2.0,4.0,6.0,2.0,0.0,0.0,7.0,0.0,,,,,,
1745,110,5,1,17,1503.0,16,16.7,1.0,0.0,1.0,1.0,0.0,0.0,5.0,0.0,,,,,,
4310,103,5,1,17,806.0,9,9.0,0.0,0.0,0.0,0.0,0.0,0.0,1.0,0.0,,,,,,
2006,121,5,1,27,1209.0,10,13.4,0.0,1.0,1.0,0.0,0.0,0.0,3.0,1.0,,,,,,
10946,119,5,1,23,1548.0,18,17.2,1.0,6.0,7.0,1.0,0.0,0.0,2.0,0.0,,,,,,
11497,115,5,1,1,13.0,0,0.1,0.0,0.0,0.0,0.0,0.0,0.0,0.0,0.0,,,,,,
13389,111,5,1,31,2063.0,22,22.9,1.0,1.0,2.0,1.0,0.0,0.0,3.0,0.0,,,,,,
1345,117,5,1,11,518.0,7,5.8,0.0,1.0,1.0,0.0,0.0,0.0,0.0,0.0,,,,,,
1455,106,5,1,5,223.0,1,2.5,0.0,0.0,0.0,0.0,0.0,0.0,0.0,0.0,,,,,,
1783,103,5,1,35,2859.0,35,31.8,0.0,0.0,0.0,0.0,0.0,0.0,8.0,1.0,,,,,,
5022,104,5,1,26,2262.0,26,25.1,0.0,0.0,0.0,0.0,0.0,0.0,5.0,0.0,,,,,,
11725,116,5,1,24,1791.0,22,19.9,1.0,2.0,3.0,1.0,0.0,0.0,2.0,0.0,,,,,,
8254,119,5,1,32,2837.0,32,31.5,16.0,16.0,32.0,16.0,0.0,0.0,0.0,0.0,,,,,,
994,109,5,1,1,1.0,0,0.0,0.0,0.0,0.0,0.0,0.0,0.0,0.0,0.0,,,,,,
1479,112,5,1,2,129.0,2,1.4,0.0,0.0,0.0,0.0,0.0,0.0,1.0,0.0,,,,,,
13271,114,5,1,18,724.0,10,8.0,1.0,3.0,4.0,1.0,0.0,0.0,2.0,0.0,,,,,,
13337,110,5,1,18,1386.0,17,15.4,12.0,0.0,12.0,11.0,1.0,2.0,1.0,0.0,,,,,,
13338,117,5,1,16,1328.0,15,14.8,6.0,3.0,9.0,6.0,0.0,0.0,2.0,0.0,,,,,,
10313,116,5,1,36,1939.0,18,21.5,8.0,2.0,10.0,8.0,0.0,0.0,1.0,0.0,,,,,,
4551,116,5,1,19,1089.0,11,12.1,1.0,2.0,3.0,1.0,0.0,0.0,3.0,0.0,,,,,,
9258,125,5,1,2,13.0,0,0.1,0.0,0.0,0.0,0.0,0.0,0.0,0.0,0.0,,,,,,
8065,123,5,1,19,435.0,3,4.8,3.0,0.0,3.0,3.0,0.0,0.0,0.0,0.0,,,,,,
13189,105,5,1,23,1655.0,20,18.4,6.0,0.0,6.0,5.0,1.0,1.0,2.0,0.0,,,,,,
1976,102,5,1,17,698.0,7,7.8,1.0,0.0,1.0,1.0,0.0,0.0,1.0,0.0,,,,,,
12580,116,5,1,35,2399.0,27,26.7,0.0,2.0,2.0,0.0,0.0,0.0,8.0,0.0,,,,,,
4723,112,5,1,1,11.0,0,0.1,0.0,0.0,0.0,0.0,0.0,0.0,0.0,0.0,,,,,,
10930,119,5,1,19,1137.0,12,12.6,0.0,3.0,3.0,0.0,0.0,0.0,0.0,0.0,,,,,,
9276,120,5,1,34,2700.0,31,30.0,7.0,3.0,10.0,7.0,0.0,0.0,6.0,0.0,,,,,,
14586,110,5,1,21,1812.0,21,20.1,0.0,0.0,0.0,0.0,0.0,0.0,0.0,0.0,,,,,,
10483,124,5,1,1,90.0,1,1.0,0.0,0.0,0.0,0.0,0.0,0.0,0.0,0.0,,,,,,
14531,117,5,1,10,568.0,6,6.3,1.0,0.0,1.0,1.0,0.0,0.0,2.0,0.0,,,,,,
11293,125,5,1,14,568.0,6,6.3,0.0,2.0,2.0,0.0,0.0,0.0,1.0,1.0,,,,,,
10576,119,5,1,20,1545.0,18,17.2,13.0,11.0,24.0,11.0,2.0,2.0,6.0,1.0,,,,,,
5561,103,5,1,16,1136.0,15,12.6,2.0,0.0,2.0,2.0,0.0,0.0,4.0,0.0,,,,,,
8741,104,5,1,30,1482.0,17,16.5,6.0,0.0,6.0,3.0,3.0,3.0,2.0,2.0,,,,,,
11867,124,5,1,34,2995.0,34,33.3,0.0,2.0,2.0,0.0,0.0,0.0,7.0,1.0,,,,,,
1524,115,5,1,36,2401.0,30,26.7,9.0,3.0,12.0,9.0,0.0,0.0,4.0,0.0,,,,,,
12019,102,5,1,33,1693.0,16,18.8,1.0,1.0,2.0,1.0,0.0,1.0,3.0,0.0,,,,,,
720,114,5,1,38,3420.0,38,38.0,0.0,0.0,0.0,0.0,0.0,0.0,2.0,0.0,,,,,,
4963,123,5,1,20,1578.0,19,17.5,1.0,1.0,2.0,1.0,0.0,0.0,4.0,1.0,,,,,,
14267,125,5,1,32,1764.0,19,19.6,4.0,2.0,6.0,4.0,0.0,0.0,0.0,0.0,,,,,,
4556,106,5,1,26,1701.0,18,18.9,0.0,1.0,1.0,0.0,0.0,0.0,4.0,0.0,,,,,,
14142,121,5,1,16,1363.0,15,15.1,0.0,0.0,0.0,0.0,0.0,0.0,2.0,1.0,,,,,,
6838,115,5,1,14,1166.0,14,13.0,0.0,0.0,0.0,0.0,0.0,0.0,1.0,1.0,,,,,,
219,124,5,1,34,1082.0,9,12.0,2.0,1.0,3.0,2.0,0.0,0.0,0.0,0.0,,,,,,
6324,108,5,1,21,810.0,9,9.0,0.0,0.0,0.0,0.0,0.0,0.0,3.0,0.0,,,,,,
8296,108,5,1,38,2517.0,29,28.0,21.0,4.0,25.0,20.0,1.0,1.0,2.0,0.0,,,,,,
2880,110,5,1,18,1548.0,18,17.2,6.0,5.0,11.0,6.0,0.0,0.0,3.0,1.0,,,,,,
14620,103,5,1,4,51.0,0,0.6,0.0,0.0,0.0,0.0,0.0,0.0,0.0,0.0,,,,,,
1718,112,5,1,7,121.0,1,1.3,1.0,0.0,1.0,1.0,0.0,0.0,0.0,0.0,,,,,,
1717,103,5,1,15,1129.0,13,12.5,0.0,0.0,0.0,0.0,0.0,0.0,1.0,0.0,,,,,,
181,109,5,1,21,1064.0,12,11.8,1.0,1.0,2.0,1.0,0.0,0.0,2.0,0.0,,,,,,
1288,125,5,1,2,31.0,0,0.3,1.0,0.0,1.0,1.0,0.0,0.0,0.0,0.0,,,,,,
10706,116,5,1,26,2213.0,26,24.6,1.0,0.0,1.0,1.0,0.0,0.0,4.0,1.0,,,,,,
4104,125,5,1,38,3191.0,36,35.5,0.0,0.0,0.0,0.0,0.0,0.0,5.0,0.0,,,,,,
8526,111,5,1,2,159.0,2,1.8,0.0,0.0,0.0,0.0,0.0,0.0,0.0,0.0,,,,,,
8055,119,5,1,3,52.0,0,0.6,0.0,1.0,1.0,0.0,0.0,0.0,0.0,0.0,,,,,,
3482,112,5,1,24,835.0,9,9.3,4.0,3.0,7.0,3.0,1.0,1.0,0.0,0.0,,,,,,
13370,104,5,1,2,99.0,1,1.1,0.0,0.0,0.0,0.0,0.0,0.0,0.0,0.0,,,,,,
13573,119,5,1,5,263.0,4,2.9,0.0,1.0,1.0,0.0,0.0,0.0,0.0,0.0,,,,,,
11381,120,5,1,7,630.0,7,7.0,0.0,0.0,0.0,0.0,0.0,0.0,1.0,0.0,,,,,,
10717,117,5,1,18,1495.0,17,16.6,6.0,0.0,6.0,3.0,3.0,3.0,2.0,0.0,,,,,,
2113,104,5,1,2,180.0,2,2.0,0.0,0.0,0.0,0.0,0.0,0.0,0.0,0.0,,,,,,
3045,119,5,1,33,2410.0,27,26.8,2.0,0.0,2.0,2.0,0.0,0.0,3.0,0.0,,,,,,
9496,105,5,1,24,1264.0,16,14.0,2.0,1.0,3.0,2.0,0.0,0.0,2.0,0.0,,,,,,
4857,104,5,1,37,1391.0,15,15.5,3.0,1.0,4.0,2.0,1.0,1.0,1.0,0.0,,,,,,
8531,123,5,1,26,1765.0,18,19.6,0.0,1.0,1.0,0.0,0.0,0.0,4.0,0.0,,,,,,
12301,123,5,1,14,653.0,7,7.3,0.0,1.0,1.0,0.0,0.0,0.0,3.0,0.0,,,,,,
7338,110,5,1,31,1655.0,20,18.4,1.0,4.0,5.0,1.0,0.0,0.0,1.0,0.0,,,,,,
13844,108,5,1,10,260.0,3,2.9,0.0,1.0,1.0,0.0,0.0,0.0,1.0,0.0,,,,,,
5942,125,5,1,22,1617.0,17,18.0,2.0,0.0,2.0,2.0,0.0,0.0,3.0,0.0,,,,,,
12627,123,5,1,29,1633.0,17,18.1,1.0,1.0,2.0,1.0,0.0,0.0,3.0,1.0,,,,,,
9878,102,5,1,4,47.0,0,0.5,0.0,0.0,0.0,0.0,0.0,0.0,0.0,0.0,,,,,,
4966,102,5,1,1,82.0,0,0.9,0.0,0.0,0.0,0.0,0.0,0.0,0.0,0.0,,,,,,
5728,104,5,1,17,1530.0,17,17.0,0.0,0.0,0.0,0.0,0.0,0.0,0.0,0.0,,,,,,
12973,109,5,1,1,1.0,0,0.0,0.0,0.0,0.0,0.0,0.0,0.0,0.0,0.0,,,,,,
212,125,5,1,20,1596.0,18,17.7,0.0,1.0,1.0,0.0,0.0,0.0,2.0,0.0,,,,,,
12870,119,5,1,33,2704.0,31,30.0,2.0,1.0,3.0,2.0,0.0,0.0,3.0,1.0,,,,,,
29,117,5,1,27,1584.0,18,17.6,1.0,1.0,2.0,1.0,0.0,0.0,3.0,0.0,,,,,,
8242,103,5,1,7,173.0,0,1.9,1.0,0.0,1.0,1.0,0.0,0.0,0.0,0.0,,,,,,
3790,106,5,1,32,2162.0,26,24.0,3.0,3.0,6.0,3.0,0.0,0.0,3.0,0.0,,,,,,
11778,124,5,1,30,1851.0,25,20.6,5.0,4.0,9.0,5.0,0.0,0.0,2.0,0.0,,,,,,
11919,104,5,1,34,2431.0,27,27.0,2.0,1.0,3.0,2.0,0.0,0.0,0.0,0.0,,,,,,
6385,125,5,1,6,233.0,3,2.6,0.0,1.0,1.0,0.0,0.0,0.0,0.0,0.0,,,,,,
6384,111,5,1,14,336.0,1,3.7,0.0,0.0,0.0,0.0,0.0,0.0,1.0,0.0,,,,,,
784,109,5,1,21,1612.0,16,17.9,3.0,0.0,3.0,3.0,0.0,0.0,4.0,0.0,,,,,,
11987,111,5,1,7,601.0,6,6.7,0.0,0.0,0.0,0.0,0.0,0.0,0.0,0.0,,,,,,
12005,125,5,1,26,1320.0,15,14.7,4.0,1.0,5.0,4.0,0.0,0.0,4.0,0.0,,,,,,
6654,121,5,1,16,1417.0,16,15.7,1.0,0.0,1.0,1.0,0.0,0.0,2.0,1.0,,,,,,
13945,112,5,1,36,3032.0,34,33.7,1.0,2.0,3.0,1.0,0.0,0.0,8.0,0.0,,,,,,
11258,117,5,1,31,1767.0,17,19.6,0.0,1.0,1.0,0.0,0.0,0.0,6.0,0.0,,,,,,
1333,124,5,1,37,3314.0,37,36.8,2.0,1.0,3.0,2.0,0.0,0.0,4.0,1.0,,,,,,
7550,104,5,1,1,62.0,1,0.7,0.0,0.0,0.0,0.0,0.0,0.0,1.0,0.0,,,,,,
4217,119,5,1,27,1892.0,21,21.0,3.0,2.0,5.0,3.0,0.0,0.0,0.0,0.0,,,,,,
5265,103,5,1,15,638.0,8,7.1,2.0,0.0,2.0,2.0,0.0,0.0,1.0,1.0,,,,,,
4289,115,5,1,35,2580.0,29,28.7,1.0,3.0,4.0,1.0,0.0,0.0,3.0,0.0,,,,,,
14182,108,5,1,21,644.0,6,7.2,5.0,0.0,5.0,5.0,0.0,0.0,2.0,0.0,,,,,,
13372,115,5,1,9,534.0,7,5.9,1.0,1.0,2.0,1.0,0.0,0.0,0.0,0.0,,,,,,
5292,104,5,1,27,1658.0,18,18.4,1.0,2.0,3.0,1.0,0.0,0.0,1.0,0.0,,,,,,
8856,115,5,1,15,763.0,7,8.5,1.0,0.0,1.0,1.0,0.0,0.0,2.0,0.0,,,,,,
5537,121,5,1,13,227.0,1,2.5,0.0,0.0,0.0,0.0,0.0,0.0,0.0,0.0,,,,,,
996,103,5,1,25,1249.0,12,13.9,3.0,1.0,4.0,3.0,0.0,0.0,1.0,0.0,,,,,,
14478,125,5,1,32,2646.0,31,29.4,1.0,0.0,1.0,1.0,0.0,0.0,5.0,1.0,,,,,,
8841,125,5,1,34,2665.0,30,29.6,12.0,3.0,15.0,10.0,2.0,2.0,6.0,2.0,,,,,,
2148,108,5,1,37,3330.0,37,37.0,0.0,0.0,0.0,0.0,0.0,0.0,3.0,0.0,,,,,,
11997,119,5,1,23,717.0,6,8.0,2.0,0.0,2.0,2.0,0.0,0.0,1.0,0.0,,,,,,
777,112,5,1,35,2679.0,32,29.8,14.0,3.0,17.0,12.0,2.0,3.0,3.0,0.0,,,,,,
10277,123,5,1,18,1419.0,18,15.8,1.0,2.0,3.0,1.0,0.0,0.0,1.0,0.0,,,,,,
1754,121,5,1,25,1813.0,20,20.1,2.0,0.0,2.0,2.0,0.0,0.0,2.0,0.0,,,,,,
11265,119,5,1,14,370.0,3,4.1,0.0,0.0,0.0,0.0,0.0,0.0,1.0,0.0,,,,,,
978,111,5,1,13,537.0,6,6.0,1.0,1.0,2.0,1.0,0.0,0.0,0.0,0.0,,,,,,
8808,114,5,1,13,716.0,8,8.0,0.0,0.0,0.0,0.0,0.0,0.0,3.0,0.0,,,,,,
8860,111,5,1,1,8.0,0,0.1,0.0,0.0,0.0,0.0,0.0,0.0,0.0,0.0,,,,,,
13329,115,5,1,30,2546.0,30,28.3,12.0,4.0,16.0,6.0,6.0,6.0,4.0,3.0,,,,,,
7539,117,5,1,36,3240.0,36,36.0,0.0,0.0,0.0,0.0,0.0,0.0,0.0,0.0,,,,,,
828,106,5,1,28,2458.0,28,27.3,0.0,0.0,0.0,0.0,0.0,0.0,10.0,1.0,,,,,,
9725,123,5,1,38,3420.0,38,38.0,0.0,0.0,0.0,0.0,0.0,0.0,2.0,0.0,,,,,,
9381,123,5,1,1,9.0,0,0.1,0.0,0.0,0.0,0.0,0.0,0.0,0.0,0.0,,,,,,
7455,120,5,1,14,218.0,1,2.4,0.0,0.0,0.0,0.0,0.0,0.0,0.0,0.0,,,,,,
14054,124,5,1,15,665.0,7,7.4,0.0,0.0,0.0,0.0,0.0,0.0,3.0,0.0,,,,,,
2210,114,5,1,35,2896.0,32,32.2,1.0,9.0,10.0,1.0,0.0,0.0,3.0,0.0,,,,,,
41,103,5,1,34,1836.0,19,20.4,5.0,1.0,6.0,5.0,0.0,0.0,0.0,0.0,,,,,,
10309,116,5,1,34,2346.0,28,26.1,5.0,4.0,9.0,4.0,1.0,1.0,3.0,0.0,,,,,,
8001,104,5,1,33,1570.0,16,17.4,1.0,2.0,3.0,1.0,0.0,0.0,2.0,1.0,,,,,,
5565,123,5,1,26,1310.0,13,14.6,0.0,2.0,2.0,0.0,0.0,0.0,1.0,0.0,,,,,,
10345,116,5,1,30,1918.0,22,21.3,2.0,0.0,2.0,2.0,0.0,0.0,3.0,0.0,,,,,,
10387,124,5,1,2,23.0,0,0.3,0.0,0.0,0.0,0.0,0.0,0.0,0.0,0.0,,,,,,
5779,105,5,1,16,986.0,11,11.0,1.0,1.0,2.0,1.0,0.0,1.0,5.0,0.0,,,,,,
3760,123,5,1,15,870.0,9,9.7,0.0,1.0,1.0,0.0,0.0,0.0,2.0,0.0,,,,,,
2347,119,5,1,26,1187.0,14,13.2,3.0,2.0,5.0,3.0,0.0,0.0,0.0,0.0,,,,,,
4725,102,5,1,6,540.0,6,6.0,0.0,0.0,0.0,0.0,0.0,0.0,1.0,0.0,,,,,,
4599,108,5,1,38,3054.0,34,33.9,7.0,9.0,16.0,6.0,1.0,3.0,4.0,0.0,,,,,,
10347,102,5,1,14,495.0,5,5.5,1.0,0.0,1.0,1.0,0.0,0.0,3.0,0.0,,,,,,
1528,115,5,1,12,361.0,3,4.0,0.0,0.0,0.0,0.0,0.0,0.0,1.0,0.0,,,,,,
7684,102,5,1,22,1063.0,13,11.8,0.0,1.0,1.0,0.0,0.0,0.0,3.0,0.0,,,,,,
3537,121,5,1,8,573.0,7,6.4,0.0,0.0,0.0,0.0,0.0,0.0,0.0,0.0,,,,,,
13203,124,5,1,36,3120.0,35,34.7,2.0,0.0,2.0,2.0,0.0,0.0,6.0,0.0,,,,,,
2253,117,5,1,4,212.0,3,2.4,0.0,0.0,0.0,0.0,0.0,0.0,0.0,0.0,,,,,,
13755,102,5,1,3,138.0,1,1.5,0.0,0.0,0.0,0.0,0.0,0.0,1.0,0.0,,,,,,
4826,124,5,1,18,1259.0,14,14.0,0.0,1.0,1.0,0.0,0.0,0.0,1.0,0.0,,,,,,
7465,121,5,1,14,326.0,2,3.6,1.0,0.0,1.0,1.0,0.0,0.0,1.0,0.0,,,,,,
14543,123,5,1,3,36.0,0,0.4,1.0,0.0,1.0,1.0,0.0,0.0,0.0,0.0,,,,,,
5839,115,5,1,15,1305.0,15,14.5,1.0,3.0,4.0,1.0,0.0,0.0,0.0,0.0,,,,,,
5842,124,5,1,17,1372.0,16,15.2,0.0,0.0,0.0,0.0,0.0,0.0,3.0,0.0,,,,,,
10722,111,5,1,34,2991.0,34,33.2,1.0,3.0,4.0,1.0,0.0,0.0,5.0,0.0,,,,,,
14138,103,5,1,11,189.0,1,2.1,0.0,1.0,1.0,0.0,0.0,0.0,1.0,0.0,,,,,,
4540,121,5,1,30,1680.0,19,18.7,2.0,2.0,4.0,2.0,0.0,0.0,2.0,0.0,,,,,,
10256,110,5,1,38,3420.0,38,38.0,1.0,2.0,3.0,1.0,0.0,0.0,0.0,0.0,,,,,,
13397,115,5,1,1,10.0,0,0.1,0.0,0.0,0.0,0.0,0.0,0.0,0.0,0.0,,,,,,
4604,125,5,1,15,1009.0,11,11.2,3.0,0.0,3.0,0.0,3.0,3.0,2.0,0.0,,,,,,
10953,112,5,1,31,2349.0,23,26.1,6.0,0.0,6.0,6.0,0.0,0.0,6.0,1.0,,,,,,
4045,115,5,1,21,1096.0,11,12.2,1.0,1.0,2.0,1.0,0.0,0.0,1.0,0.0,,,,,,
9335,121,5,1,16,1319.0,16,14.7,9.0,4.0,13.0,9.0,0.0,0.0,0.0,0.0,,,,,,
13344,111,5,1,17,1107.0,14,12.3,6.0,2.0,8.0,6.0,0.0,0.0,3.0,0.0,,,,,,
1585,121,5,1,35,3127.0,35,34.7,4.0,0.0,4.0,4.0,0.0,0.0,5.0,0.0,,,,,,
12444,103,5,1,27,1060.0,11,11.8,1.0,2.0,3.0,1.0,0.0,0.0,3.0,0.0,,,,,,
279,108,5,1,20,1278.0,16,14.2,5.0,5.0,10.0,5.0,0.0,0.0,1.0,0.0,,,,,,
283,123,5,1,15,937.0,10,10.4,0.0,2.0,2.0,0.0,0.0,0.0,2.0,0.0,,,,,,
7723,117,5,1,35,2547.0,30,28.3,2.0,4.0,6.0,2.0,0.0,0.0,3.0,0.0,,,,,,
778,125,5,1,3,74.0,0,0.8,0.0,0.0,0.0,0.0,0.0,0.0,0.0,0.0,,,,,,
6331,117,5,1,34,2870.0,33,31.9,0.0,0.0,0.0,0.0,0.0,0.0,4.0,2.0,,,,,,
7517,121,5,1,17,972.0,11,10.8,3.0,2.0,5.0,3.0,0.0,0.0,0.0,0.0,,,,,,
7516,111,5,1,19,1353.0,15,15.0,4.0,2.0,6.0,4.0,0.0,0.0,1.0,0.0,,,,,,
2744,111,5,1,30,2036.0,25,22.6,1.0,2.0,3.0,1.0,0.0,0.0,3.0,0.0,,,,,,
2004,104,5,1,38,3400.0,38,37.8,2.0,0.0,2.0,2.0,0.0,1.0,3.0,0.0,,,,,,
10161,120,5,1,3,23.0,0,0.3,0.0,0.0,0.0,0.0,0.0,0.0,0.0,0.0,,,,,,
13074,112,5,1,5,68.0,0,0.8,0.0,0.0,0.0,0.0,0.0,0.0,1.0,0.0,,,,,,
13072,104,5,1,19,1588.0,18,17.6,1.0,0.0,1.0,1.0,0.0,0.0,5.0,1.0,,,,,,
14479,102,5,1,11,447.0,5,5.0,0.0,0.0,0.0,0.0,0.0,0.0,0.0,1.0,,,,,,
2451,116,5,1,12,482.0,6,5.4,0.0,0.0,0.0,0.0,0.0,0.0,2.0,0.0,,,,,,
5271,121,5,1,31,2528.0,28,28.1,1.0,4.0,5.0,1.0,0.0,0.0,5.0,0.0,,,,,,
13375,117,5,1,1,1.0,0,0.0,0.0,0.0,0.0,0.0,0.0,0.0,0.0,0.0,,,,,,
285,121,5,1,28,1954.0,24,21.7,0.0,6.0,6.0,0.0,0.0,0.0,1.0,0.0,,,,,,
13379,124,5,1,1,7.0,0,0.1,0.0,0.0,0.0,0.0,0.0,0.0,0.0,0.0,,,,,,
5625,125,5,1,25,895.0,9,9.9,2.0,1.0,3.0,2.0,0.0,0.0,0.0,0.0,,,,,,
8180,121,5,1,26,1330.0,14,14.8,0.0,1.0,1.0,0.0,0.0,0.0,3.0,1.0,,,,,,
2400,112,5,1,37,2490.0,28,27.7,5.0,4.0,9.0,4.0,1.0,1.0,3.0,0.0,,,,,,
6433,105,5,1,6,300.0,3,3.3,0.0,1.0,1.0,0.0,0.0,0.0,0.0,0.0,,,,,,
14338,103,5,1,30,2497.0,30,27.7,0.0,0.0,0.0,0.0,0.0,0.0,3.0,0.0,,,,,,
13964,114,5,1,31,2214.0,24,24.6,1.0,4.0,5.0,1.0,0.0,0.0,4.0,1.0,,,,,,
6953,112,5,1,38,2863.0,31,31.8,4.0,3.0,7.0,3.0,1.0,1.0,4.0,0.0,,,,,,
9086,119,5,1,29,2194.0,27,24.4,0.0,0.0,0.0,0.0,0.0,0.0,10.0,1.0,,,,,,
6613,116,5,1,13,842.0,9,9.4,0.0,1.0,1.0,0.0,0.0,0.0,5.0,0.0,,,,,,
2688,102,5,1,26,1901.0,21,21.1,1.0,0.0,1.0,1.0,0.0,0.0,5.0,1.0,,,,,,
375,109,5,1,15,258.0,1,2.9,1.0,0.0,1.0,1.0,0.0,0.0,1.0,0.0,,,,,,
9701,117,5,1,9,634.0,7,7.0,1.0,0.0,1.0,1.0,0.0,0.0,0.0,0.0,,,,,,
14093,112,5,1,14,464.0,5,5.2,2.0,0.0,2.0,2.0,0.0,0.0,0.0,0.0,,,,,,
14095,119,5,1,36,2446.0,29,27.2,2.0,3.0,5.0,2.0,0.0,0.0,3.0,0.0,,,,,,
7705,114,5,1,17,639.0,7,7.1,3.0,2.0,5.0,3.0,0.0,0.0,1.0,0.0,,,,,,
3876,115,5,1,33,2513.0,29,27.9,19.0,5.0,24.0,18.0,1.0,1.0,8.0,1.0,,,,,,
13586,109,5,1,29,1748.0,18,19.4,0.0,2.0,2.0,0.0,0.0,0.0,2.0,0.0,,,,,,
9451,106,5,1,35,3117.0,35,34.6,0.0,1.0,1.0,0.0,0.0,0.0,7.0,1.0,,,,,,
2641,108,5,1,1,4.0,0,0.0,0.0,0.0,0.0,0.0,0.0,0.0,0.0,0.0,,,,,,
2642,121,5,1,13,1006.0,12,11.2,0.0,0.0,0.0,0.0,0.0,0.0,4.0,0.0,,,,,,
14316,121,5,1,8,552.0,6,6.1,0.0,0.0,0.0,0.0,0.0,0.0,1.0,0.0,,,,,,
14570,109,5,1,4,200.0,3,2.2,1.0,1.0,2.0,1.0,0.0,0.0,0.0,0.0,,,,,,
3108,110,5,1,14,781.0,8,8.7,1.0,1.0,2.0,1.0,0.0,0.0,2.0,0.0,,,,,,
8089,109,5,1,13,769.0,8,8.5,0.0,0.0,0.0,0.0,0.0,0.0,0.0,0.0,,,,,,
10215,102,5,1,30,2459.0,27,27.3,0.0,0.0,0.0,0.0,0.0,0.0,5.0,1.0,,,,,,
14156,119,5,1,26,929.0,8,10.3,2.0,0.0,2.0,2.0,0.0,0.0,1.0,0.0,,,,,,
11037,124,5,1,5,146.0,1,1.6,0.0,0.0,0.0,0.0,0.0,0.0,0.0,0.0,,,,,,
356,104,5,1,20,1599.0,19,17.8,0.0,0.0,0.0,0.0,0.0,0.0,5.0,0.0,,,,,,
357,109,5,1,8,354.0,4,3.9,1.0,0.0,1.0,1.0,0.0,0.0,1.0,0.0,,,,,,
9881,106,5,1,18,658.0,7,7.3,1.0,1.0,2.0,1.0,0.0,0.0,1.0,0.0,,,,,,
1442,120,5,1,23,1000.0,12,11.1,0.0,2.0,2.0,0.0,0.0,0.0,0.0,0.0,,,,,,
10500,116,5,1,1,59.0,1,0.7,0.0,0.0,0.0,0.0,0.0,0.0,0.0,0.0,,,,,,
3751,109,5,1,22,1056.0,11,11.7,3.0,4.0,7.0,3.0,0.0,0.0,1.0,0.0,,,,,,
13293,125,5,1,8,511.0,5,5.7,0.0,0.0,0.0,0.0,0.0,0.0,0.0,0.0,,,,,,
7712,112,5,2,1,4.0,0,0.0,0.0,0.0,0.0,0.0,0.0,0.0,0.0,0.0,,,,,,
14547,120,5,2,31,2781.0,31,30.9,4.0,0.0,4.0,3.0,1.0,1.0,5.0,0.0,,,,,,
12481,108,5,2,27,1519.0,17,16.9,0.0,0.0,0.0,0.0,0.0,0.0,2.0,0.0,,,,,,
8009,110,5,2,33,2860.0,32,31.8,2.0,1.0,3.0,2.0,0.0,0.0,4.0,0.0,,,,,,
9667,116,5,2,22,1044.0,12,11.6,5.0,0.0,5.0,5.0,0.0,0.0,1.0,0.0,,,,,,
14600,124,5,2,13,754.0,9,8.4,3.0,0.0,3.0,2.0,1.0,1.0,2.0,0.0,,,,,,
360,115,5,2,32,2252.0,27,25.0,8.0,1.0,9.0,8.0,0.0,0.0,2.0,0.0,,,,,,
10506,110,5,2,15,1243.0,14,13.8,0.0,0.0,0.0,0.0,0.0,0.0,2.0,0.0,,,,,,
288,111,5,2,2,6.0,0,0.1,0.0,0.0,0.0,0.0,0.0,0.0,0.0,0.0,,,,,,
290,116,5,2,8,238.0,2,2.6,0.0,0.0,0.0,0.0,0.0,0.0,0.0,0.0,,,,,,
3967,120,5,2,32,2596.0,29,28.8,1.0,1.0,2.0,1.0,0.0,0.0,1.0,0.0,,,,,,
12331,108,5,2,25,1922.0,22,21.4,1.0,3.0,4.0,1.0,0.0,0.0,3.0,0.0,,,,,,
13765,110,5,2,19,902.0,10,10.0,2.0,0.0,2.0,2.0,0.0,0.0,0.0,1.0,,,,,,
12835,120,5,2,13,818.0,8,9.1,2.0,0.0,2.0,2.0,0.0,0.0,2.0,0.0,,,,,,
8774,114,5,2,28,1613.0,18,17.9,7.0,4.0,11.0,7.0,0.0,0.0,5.0,0.0,,,,,,
11421,111,5,2,8,307.0,4,3.4,0.0,0.0,0.0,0.0,0.0,0.0,1.0,0.0,,,,,,
126,123,5,2,9,130.0,1,1.4,0.0,1.0,1.0,0.0,0.0,0.0,0.0,0.0,,,,,,
10172,117,5,2,17,861.0,11,9.6,1.0,2.0,3.0,1.0,0.0,0.0,2.0,0.0,,,,,,
10392,107,5,2,18,1009.0,12,11.2,4.0,1.0,5.0,4.0,0.0,0.0,1.0,0.0,,,,,,
6544,106,5,2,29,1861.0,22,20.7,2.0,1.0,3.0,2.0,0.0,0.0,1.0,0.0,,,,,,
13031,111,5,2,8,426.0,6,4.7,1.0,0.0,1.0,1.0,0.0,0.0,2.0,0.0,,,,,,
11289,113,5,2,16,889.0,9,9.9,2.0,1.0,3.0,2.0,0.0,0.0,1.0,0.0,,,,,,
6907,105,5,2,2,91.0,1,1.0,1.0,0.0,1.0,1.0,0.0,0.0,1.0,0.0,,,,,,
7576,116,5,2,12,798.0,11,8.9,0.0,1.0,1.0,0.0,0.0,0.0,2.0,0.0,,,,,,
9924,112,5,2,16,997.0,10,11.1,3.0,2.0,5.0,3.0,0.0,0.0,3.0,0.0,,,,,,
1875,109,5,2,30,2570.0,29,28.6,4.0,0.0,4.0,4.0,0.0,0.0,8.0,0.0,,,,,,
7848,106,5,2,7,169.0,1,1.9,0.0,0.0,0.0,0.0,0.0,0.0,0.0,0.0,,,,,,
1253,123,5,2,21,1094.0,11,12.2,0.0,3.0,3.0,0.0,0.0,0.0,1.0,0.0,,,,,,
13216,116,5,2,4,84.0,0,0.9,0.0,0.0,0.0,0.0,0.0,0.0,0.0,0.0,,,,,,
14481,106,5,2,5,234.0,2,2.6,0.0,0.0,0.0,0.0,0.0,0.0,1.0,0.0,,,,,,
10191,111,5,2,1,2.0,0,0.0,0.0,0.0,0.0,0.0,0.0,0.0,0.0,0.0,,,,,,
9023,119,5,2,19,1113.0,13,12.4,4.0,5.0,9.0,4.0,0.0,0.0,0.0,0.0,,,,,,
6680,113,5,2,20,848.0,10,9.4,2.0,1.0,3.0,2.0,0.0,0.0,2.0,0.0,,,,,,
8301,121,5,2,14,1011.0,12,11.2,1.0,1.0,2.0,1.0,0.0,0.0,4.0,0.0,,,,,,
14498,117,5,2,6,359.0,5,4.0,1.0,0.0,1.0,1.0,0.0,0.0,2.0,0.0,,,,,,
13922,120,5,2,15,555.0,7,6.2,0.0,0.0,0.0,0.0,0.0,0.0,0.0,0.0,,,,,,
1569,113,5,2,21,924.0,10,10.3,1.0,2.0,3.0,1.0,0.0,0.0,0.0,0.0,,,,,,
11646,112,5,2,34,2622.0,30,29.1,17.0,8.0,25.0,13.0,4.0,4.0,4.0,0.0,,,,,,
1061,107,5,2,19,1104.0,12,12.3,5.0,0.0,5.0,5.0,0.0,0.0,2.0,1.0,,,,,,
10545,108,5,2,25,1566.0,17,17.4,1.0,2.0,3.0,1.0,0.0,0.0,1.0,0.0,,,,,,
60,106,5,2,1,4.0,0,0.0,0.0,0.0,0.0,0.0,0.0,0.0,0.0,0.0,,,,,,
12899,124,5,2,12,373.0,4,4.1,1.0,0.0,1.0,1.0,0.0,0.0,0.0,0.0,,,,,,
840,117,5,2,7,69.0,0,0.8,0.0,0.0,0.0,0.0,0.0,0.0,0.0,0.0,,,,,,
13503,110,5,2,20,1314.0,15,14.6,2.0,1.0,3.0,2.0,0.0,0.0,5.0,0.0,,,,,,
3475,123,5,2,31,2177.0,25,24.2,3.0,6.0,9.0,3.0,0.0,0.0,4.0,1.0,,,,,,
2311,109,5,2,2,61.0,1,0.7,0.0,0.0,0.0,0.0,0.0,0.0,0.0,0.0,,,,,,
8136,112,5,2,27,2271.0,26,25.2,2.0,0.0,2.0,2.0,0.0,0.0,6.0,1.0,,,,,,
4623,114,5,2,29,1692.0,19,18.8,7.0,5.0,12.0,7.0,0.0,3.0,1.0,0.0,,,,,,
10176,110,5,2,16,1138.0,14,12.6,8.0,3.0,11.0,7.0,1.0,1.0,3.0,0.0,,,,,,
8865,124,5,2,8,101.0,0,1.1,0.0,1.0,1.0,0.0,0.0,0.0,2.0,0.0,,,,,,
2070,111,5,2,3,270.0,3,3.0,0.0,0.0,0.0,0.0,0.0,0.0,1.0,0.0,,,,,,
2071,119,5,2,25,1370.0,18,15.2,4.0,7.0,11.0,4.0,0.0,0.0,3.0,1.0,,,,,,
9886,117,5,2,32,2654.0,31,29.5,1.0,2.0,3.0,1.0,0.0,0.0,7.0,1.0,,,,,,
13195,123,5,2,2,6.0,0,0.1,0.0,0.0,0.0,0.0,0.0,0.0,0.0,0.0,,,,,,
10183,123,5,2,2,14.0,0,0.2,0.0,0.0,0.0,0.0,0.0,0.0,0.0,0.0,,,,,,
14345,124,5,2,14,300.0,3,3.3,0.0,0.0,0.0,0.0,0.0,0.0,0.0,0.0,,,,,,
6438,106,5,2,12,203.0,1,2.3,0.0,0.0,0.0,0.0,0.0,0.0,0.0,0.0,,,,,,
11933,117,5,2,1,27.0,0,0.3,0.0,0.0,0.0,0.0,0.0,0.0,0.0,0.0,,,,,,
365,123,5,2,15,1350.0,15,15.0,0.0,0.0,0.0,0.0,0.0,0.0,1.0,0.0,,,,,,
6368,123,5,2,3,269.0,3,3.0,2.0,2.0,4.0,2.0,0.0,0.0,2.0,0.0,,,,,,
6377,121,5,2,23,1448.0,16,16.1,0.0,1.0,1.0,0.0,0.0,0.0,0.0,0.0,,,,,,
3822,114,5,2,13,428.0,4,4.8,2.0,1.0,3.0,2.0,0.0,0.0,0.0,1.0,,,,,,
14273,114,5,2,32,2316.0,26,25.7,16.0,2.0,18.0,15.0,1.0,1.0,2.0,0.0,,,,,,
12455,111,5,2,12,770.0,10,8.6,3.0,3.0,6.0,3.0,0.0,0.0,2.0,0.0,,,,,,
10394,109,5,2,26,1967.0,23,21.9,0.0,3.0,3.0,0.0,0.0,0.0,7.0,0.0,,,,,,
8467,119,5,2,13,1008.0,12,11.2,1.0,0.0,1.0,1.0,0.0,0.0,4.0,1.0,,,,,,
3498,115,5,2,4,360.0,4,4.0,0.0,0.0,0.0,0.0,0.0,0.0,0.0,0.0,,,,,,
9030,105,5,2,32,2876.0,32,32.0,0.0,0.0,0.0,0.0,0.0,0.0,3.0,1.0,,,,,,
12338,112,5,2,2,121.0,1,1.3,0.0,0.0,0.0,0.0,0.0,0.0,0.0,0.0,,,,,,
8567,121,5,2,29,1563.0,18,17.4,4.0,1.0,5.0,3.0,1.0,2.0,3.0,0.0,,,,,,
10381,114,5,2,9,85.0,0,0.9,1.0,0.0,1.0,1.0,0.0,0.0,0.0,0.0,,,,,,
6441,117,5,2,28,1998.0,24,22.2,6.0,6.0,12.0,6.0,0.0,0.0,1.0,0.0,,,,,,
196,120,5,2,9,83.0,0,0.9,0.0,0.0,0.0,0.0,0.0,0.0,1.0,0.0,,,,,,
10575,106,5,2,28,2516.0,28,28.0,0.0,1.0,1.0,0.0,0.0,0.0,3.0,1.0,,,,,,
12465,114,5,2,1,45.0,0,0.5,0.0,0.0,0.0,0.0,0.0,0.0,0.0,0.0,,,,,,
1709,109,5,2,9,131.0,1,1.5,0.0,0.0,0.0,0.0,0.0,0.0,3.0,1.0,,,,,,
1725,110,5,2,11,443.0,4,4.9,1.0,0.0,1.0,1.0,0.0,0.0,0.0,0.0,,,,,,
1727,117,5,2,7,161.0,1,1.8,0.0,0.0,0.0,0.0,0.0,0.0,0.0,0.0,,,,,,
10184,106,5,2,2,29.0,0,0.3,0.0,0.0,0.0,0.0,0.0,0.0,1.0,0.0,,,,,,
5422,117,5,2,29,1613.0,17,17.9,2.0,0.0,2.0,2.0,0.0,0.0,5.0,0.0,,,,,,
1883,121,5,2,32,2425.0,29,26.9,9.0,6.0,15.0,2.0,7.0,7.0,1.0,0.0,,,,,,
1980,106,5,2,27,926.0,10,10.3,1.0,1.0,2.0,1.0,0.0,0.0,1.0,0.0,,,,,,
5459,116,5,2,2,11.0,0,0.1,0.0,0.0,0.0,0.0,0.0,0.0,0.0,0.0,,,,,,
1981,105,5,2,18,221.0,1,2.5,0.0,0.0,0.0,0.0,0.0,0.0,1.0,1.0,,,,,,
1983,117,5,2,2,11.0,0,0.1,0.0,0.0,0.0,0.0,0.0,0.0,0.0,0.0,,,,,,
8236,105,5,2,30,2677.0,30,29.7,3.0,0.0,3.0,3.0,0.0,0.0,11.0,1.0,,,,,,
9792,120,5,2,5,162.0,1,1.8,0.0,0.0,0.0,0.0,0.0,0.0,1.0,0.0,,,,,,
9013,117,5,2,34,3060.0,34,34.0,0.0,0.0,0.0,0.0,0.0,0.0,2.0,0.0,,,,,,
11975,109,5,2,30,1477.0,14,16.4,2.0,2.0,4.0,2.0,0.0,0.0,0.0,0.0,,,,,,
3655,111,5,2,24,1993.0,22,22.1,0.0,0.0,0.0,0.0,0.0,0.0,2.0,1.0,,,,,,
7957,113,5,2,31,2255.0,26,25.1,1.0,4.0,5.0,1.0,0.0,1.0,3.0,0.0,,,,,,
8789,105,5,2,32,2020.0,26,22.4,7.0,3.0,10.0,6.0,1.0,1.0,7.0,0.0,,,,,,
10187,114,5,2,20,1035.0,14,11.5,1.0,2.0,3.0,0.0,1.0,1.0,4.0,0.0,,,,,,
1658,105,5,2,7,90.0,0,1.0,0.0,0.0,0.0,0.0,0.0,0.0,2.0,0.0,,,,,,
4298,113,5,2,25,1849.0,20,20.5,0.0,1.0,1.0,0.0,0.0,0.0,4.0,0.0,,,,,,
5033,110,5,2,1,7.0,0,0.1,0.0,0.0,0.0,0.0,0.0,0.0,0.0,0.0,,,,,,
9773,111,5,2,34,3022.0,34,33.6,1.0,3.0,4.0,1.0,0.0,0.0,1.0,0.0,,,,,,
5602,110,5,2,5,262.0,2,2.9,0.0,0.0,0.0,0.0,0.0,0.0,2.0,0.0,,,,,,
1370,114,5,2,1,8.0,0,0.1,0.0,0.0,0.0,0.0,0.0,0.0,0.0,0.0,,,,,,
7168,107,5,2,30,2016.0,25,22.4,0.0,5.0,5.0,0.0,0.0,0.0,6.0,0.0,,,,,,
2772,124,5,2,32,1946.0,23,21.6,1.0,3.0,4.0,1.0,0.0,0.0,1.0,0.0,,,,,,
6327,116,5,2,28,2464.0,28,27.4,2.0,0.0,2.0,2.0,0.0,0.0,5.0,0.0,,,,,,
9851,106,5,2,20,1659.0,20,18.4,0.0,1.0,1.0,0.0,0.0,0.0,6.0,3.0,,,,,,
5851,109,5,2,17,770.0,9,8.6,1.0,1.0,2.0,1.0,0.0,0.0,1.0,0.0,,,,,,
4231,116,5,2,3,94.0,1,1.0,0.0,0.0,0.0,0.0,0.0,0.0,1.0,0.0,,,,,,
4308,124,5,2,2,58.0,0,0.6,0.0,1.0,1.0,0.0,0.0,0.0,1.0,0.0,,,,,,
10354,106,5,2,33,2554.0,29,28.4,8.0,4.0,12.0,4.0,4.0,5.0,4.0,0.0,,,,,,
2126,105,5,2,33,2970.0,33,33.0,1.0,1.0,2.0,1.0,0.0,0.0,4.0,0.0,,,,,,
6525,108,5,2,8,481.0,6,5.3,0.0,0.0,0.0,0.0,0.0,0.0,1.0,0.0,,,,,,
11914,111,5,2,33,1719.0,19,19.1,1.0,6.0,7.0,1.0,0.0,0.0,0.0,0.0,,,,,,
8482,109,5,2,33,2969.0,33,33.0,0.0,0.0,0.0,0.0,0.0,0.0,1.0,0.0,,,,,,
11490,116,5,2,32,2594.0,31,28.8,1.0,1.0,2.0,1.0,0.0,0.0,5.0,0.0,,,,,,
6998,115,5,2,31,2587.0,30,28.7,0.0,3.0,3.0,0.0,0.0,0.0,5.0,0.0,,,,,,
3528,121,5,2,2,4.0,0,0.0,0.0,0.0,0.0,0.0,0.0,0.0,0.0,0.0,,,,,,
5526,124,5,2,11,241.0,2,2.7,1.0,1.0,2.0,1.0,0.0,0.0,1.0,0.0,,,,,,
758,117,5,2,18,504.0,4,5.6,0.0,0.0,0.0,0.0,0.0,0.0,1.0,0.0,,,,,,
6860,112,5,2,27,2068.0,25,23.0,3.0,4.0,7.0,3.0,0.0,0.0,2.0,1.0,,,,,,
9115,116,5,2,28,1481.0,18,16.5,1.0,0.0,1.0,1.0,0.0,0.0,2.0,0.0,,,,,,
9793,113,5,2,22,1832.0,22,20.4,0.0,0.0,0.0,0.0,0.0,0.0,3.0,0.0,,,,,,
4051,116,5,2,25,1995.0,23,22.2,2.0,0.0,2.0,2.0,0.0,0.0,5.0,0.0,,,,,,
864,107,5,2,2,7.0,0,0.1,0.0,0.0,0.0,0.0,0.0,0.0,0.0,0.0,,,,,,
6621,112,5,2,12,430.0,6,4.8,0.0,0.0,0.0,0.0,0.0,0.0,2.0,0.0,,,,,,
11127,108,5,2,4,44.0,0,0.5,1.0,1.0,2.0,1.0,0.0,0.0,0.0,0.0,,,,,,
3142,108,5,2,25,1494.0,17,16.6,4.0,2.0,6.0,4.0,0.0,0.0,3.0,0.0,,,,,,
8274,124,5,2,31,2650.0,29,29.4,1.0,1.0,2.0,1.0,0.0,0.0,6.0,0.0,,,,,,
5174,105,5,2,3,181.0,2,2.0,0.0,0.0,0.0,0.0,0.0,0.0,0.0,0.0,,,,,,
8844,114,5,2,5,118.0,1,1.3,0.0,0.0,0.0,0.0,0.0,0.0,0.0,0.0,,,,,,
13283,115,5,2,16,623.0,7,6.9,1.0,0.0,1.0,1.0,0.0,0.0,2.0,0.0,,,,,,
10675,116,5,2,13,895.0,10,9.9,0.0,0.0,0.0,0.0,0.0,0.0,2.0,0.0,,,,,,
13779,109,5,2,4,23.0,0,0.3,0.0,1.0,1.0,0.0,0.0,0.0,1.0,0.0,,,,,,
13412,124,5,2,33,2510.0,28,27.9,14.0,2.0,16.0,13.0,1.0,3.0,6.0,0.0,,,,,,
7645,108,5,2,30,2655.0,30,29.5,1.0,0.0,1.0,1.0,0.0,0.0,6.0,0.0,,,,,,
3074,117,5,2,32,2843.0,32,31.6,1.0,1.0,2.0,1.0,0.0,0.0,5.0,1.0,,,,,,
11798,112,5,2,1,25.0,0,0.3,0.0,0.0,0.0,0.0,0.0,0.0,0.0,0.0,,,,,,
10188,120,5,2,25,1648.0,19,18.3,4.0,5.0,9.0,3.0,1.0,1.0,0.0,0.0,,,,,,
136,105,5,2,4,121.0,1,1.3,0.0,0.0,0.0,0.0,0.0,0.0,0.0,0.0,,,,,,
6865,109,5,2,34,2629.0,30,29.2,19.0,4.0,23.0,17.0,2.0,3.0,4.0,0.0,,,,,,
13395,120,5,2,27,1831.0,22,20.3,0.0,0.0,0.0,0.0,0.0,0.0,7.0,1.0,,,,,,
12255,105,5,2,33,2497.0,30,27.7,8.0,8.0,16.0,5.0,3.0,3.0,4.0,0.0,,,,,,
13425,123,5,2,27,2044.0,24,22.7,1.0,1.0,2.0,1.0,0.0,0.0,5.0,0.0,,,,,,
12443,115,5,2,9,130.0,0,1.4,0.0,0.0,0.0,0.0,0.0,0.0,1.0,0.0,,,,,,
7489,105,5,2,1,16.0,0,0.2,0.0,0.0,0.0,0.0,0.0,0.0,0.0,0.0,,,,,,
11185,119,5,2,26,1506.0,17,16.7,3.0,8.0,11.0,3.0,0.0,0.0,0.0,0.0,,,,,,
6499,123,5,2,18,690.0,9,7.7,0.0,0.0,0.0,0.0,0.0,0.0,1.0,0.0,,,,,,
11981,116,5,2,6,540.0,6,6.0,0.0,0.0,0.0,0.0,0.0,0.0,1.0,0.0,,,,,,
10097,124,5,2,24,1544.0,19,17.2,0.0,1.0,1.0,0.0,0.0,0.0,2.0,0.0,,,,,,
1576,107,5,2,33,2970.0,33,33.0,0.0,0.0,0.0,0.0,0.0,0.0,2.0,0.0,,,,,,
7960,116,5,2,1,1.0,0,0.0,0.0,0.0,0.0,0.0,0.0,0.0,0.0,0.0,,,,,,
8848,120,5,2,11,209.0,1,2.3,0.0,0.0,0.0,0.0,0.0,0.0,0.0,0.0,,,,,,
1731,109,5,2,21,1696.0,19,18.8,5.0,2.0,7.0,5.0,0.0,0.0,4.0,0.0,,,,,,
5529,120,5,2,5,109.0,1,1.2,0.0,0.0,0.0,0.0,0.0,0.0,0.0,0.0,,,,,,
11169,120,5,2,28,1585.0,18,17.6,5.0,1.0,6.0,5.0,0.0,1.0,4.0,0.0,,,,,,
5243,123,5,2,31,2305.0,28,25.6,3.0,1.0,4.0,2.0,1.0,1.0,3.0,0.0,,,,,,
10337,124,5,2,22,1397.0,15,15.5,1.0,2.0,3.0,1.0,0.0,0.0,5.0,0.0,,,,,,
7892,114,5,2,26,1206.0,12,13.4,0.0,2.0,2.0,0.0,0.0,0.0,2.0,0.0,,,,,,
10306,106,5,2,30,2700.0,30,30.0,0.0,0.0,0.0,0.0,0.0,0.0,3.0,0.0,,,,,,
8780,111,5,2,11,358.0,4,4.0,0.0,0.0,0.0,0.0,0.0,0.0,2.0,0.0,,,,,,
1740,110,5,2,16,549.0,5,6.1,4.0,1.0,5.0,4.0,0.0,0.0,3.0,0.0,,,,,,
5210,113,5,2,1,73.0,0,0.8,0.0,0.0,0.0,0.0,0.0,0.0,0.0,0.0,,,,,,
13017,111,5,2,10,889.0,10,9.9,0.0,0.0,0.0,0.0,0.0,0.0,2.0,0.0,,,,,,
3692,114,5,2,10,163.0,0,1.8,0.0,0.0,0.0,0.0,0.0,0.0,3.0,0.0,,,,,,
13037,117,5,2,10,499.0,6,5.5,0.0,0.0,0.0,0.0,0.0,0.0,0.0,0.0,,,,,,
1214,108,5,2,25,1314.0,16,14.6,1.0,0.0,1.0,1.0,0.0,0.0,2.0,0.0,,,,,,
14436,120,5,2,34,3060.0,34,34.0,0.0,0.0,0.0,0.0,0.0,0.0,1.0,0.0,,,,,,
2428,111,5,2,1,12.0,0,0.1,0.0,0.0,0.0,0.0,0.0,0.0,0.0,0.0,,,,,,
6454,121,5,2,2,111.0,1,1.2,1.0,0.0,1.0,1.0,0.0,0.0,0.0,0.0,,,,,,
5020,119,5,2,25,2169.0,25,24.1,0.0,0.0,0.0,0.0,0.0,0.0,3.0,1.0,,,,,,
13023,110,5,2,11,423.0,5,4.7,1.0,3.0,4.0,1.0,0.0,0.0,2.0,0.0,,,,,,
3374,121,5,2,31,1626.0,17,18.1,4.0,4.0,8.0,4.0,0.0,0.0,3.0,0.0,,,,,,
5195,121,5,2,24,1234.0,13,13.7,0.0,2.0,2.0,0.0,0.0,0.0,1.0,1.0,,,,,,
3639,116,5,2,25,1772.0,22,19.7,0.0,0.0,0.0,0.0,0.0,0.0,7.0,0.0,,,,,,
5794,123,5,2,22,1656.0,19,18.4,0.0,0.0,0.0,0.0,0.0,0.0,4.0,0.0,,,,,,
7474,105,5,2,25,879.0,7,9.8,6.0,5.0,11.0,6.0,0.0,0.0,1.0,0.0,,,,,,
6345,116,5,2,19,1348.0,15,15.0,0.0,0.0,0.0,0.0,0.0,0.0,5.0,0.0,,,,,,
1541,124,5,2,27,1595.0,19,17.7,0.0,1.0,1.0,0.0,0.0,0.0,8.0,0.0,,,,,,
12961,107,5,2,4,20.0,0,0.2,0.0,0.0,0.0,0.0,0.0,0.0,0.0,0.0,,,,,,
5474,119,5,2,1,9.0,0,0.1,0.0,0.0,0.0,0.0,0.0,0.0,0.0,0.0,,,,,,
12963,113,5,2,14,767.0,9,8.5,1.0,0.0,1.0,1.0,0.0,1.0,1.0,0.0,,,,,,
2118,114,5,2,5,182.0,2,2.0,1.0,0.0,1.0,1.0,0.0,0.0,0.0,0.0,,,,,,
3886,123,5,2,28,2078.0,23,23.1,8.0,1.0,9.0,8.0,0.0,1.0,3.0,0.0,,,,,,
9802,115,5,2,12,995.0,12,11.1,1.0,1.0,2.0,1.0,0.0,0.0,2.0,0.0,,,,,,
11131,113,5,2,6,260.0,4,2.9,0.0,0.0,0.0,0.0,0.0,0.0,0.0,0.0,,,,,,
12264,110,5,2,17,1453.0,16,16.1,5.0,1.0,6.0,5.0,0.0,0.0,1.0,0.0,,,,,,
5657,106,5,2,3,94.0,1,1.0,0.0,0.0,0.0,0.0,0.0,0.0,0.0,0.0,,,,,,
7718,115,5,2,23,1025.0,11,11.4,3.0,0.0,3.0,3.0,0.0,0.0,2.0,0.0,,,,,,
5569,109,5,2,1,3.0,0,0.0,0.0,0.0,0.0,0.0,0.0,0.0,0.0,0.0,,,,,,
6921,115,5,2,30,2031.0,23,22.6,1.0,1.0,2.0,1.0,0.0,0.0,6.0,0.0,,,,,,
8815,111,5,2,17,559.0,4,6.2,3.0,0.0,3.0,3.0,0.0,0.0,0.0,0.0,,,,,,
14526,114,5,2,32,2697.0,31,30.0,4.0,4.0,8.0,4.0,0.0,0.0,3.0,0.0,,,,,,
13431,120,5,2,27,1833.0,22,20.4,0.0,1.0,1.0,0.0,0.0,0.0,9.0,1.0,,,,,,
13483,109,5,2,3,46.0,0,0.5,0.0,0.0,0.0,0.0,0.0,0.0,0.0,0.0,,,,,,
11708,108,5,2,30,2192.0,24,24.4,3.0,2.0,5.0,2.0,1.0,2.0,4.0,0.0,,,,,,
1256,108,5,2,29,1376.0,16,15.3,1.0,2.0,3.0,1.0,0.0,0.0,1.0,0.0,,,,,,
7653,123,5,2,27,1346.0,15,15.0,4.0,2.0,6.0,2.0,2.0,2.0,0.0,0.0,,,,,,
5594,116,5,2,6,184.0,2,2.0,0.0,0.0,0.0,0.0,0.0,0.0,0.0,0.0,,,,,,
13849,112,5,2,13,906.0,10,10.1,0.0,0.0,0.0,0.0,0.0,0.0,0.0,0.0,,,,,,
6720,106,5,2,28,2260.0,28,25.1,0.0,0.0,0.0,0.0,0.0,0.0,7.0,0.0,,,,,,
14361,124,5,2,16,1193.0,13,13.3,3.0,2.0,5.0,3.0,0.0,0.0,1.0,0.0,,,,,,
4893,124,5,2,16,754.0,10,8.4,1.0,2.0,3.0,1.0,0.0,0.0,1.0,0.0,,,,,,
3312,124,5,2,9,464.0,5,5.2,0.0,0.0,0.0,0.0,0.0,0.0,0.0,0.0,,,,,,
12563,112,5,2,21,1726.0,20,19.2,3.0,0.0,3.0,3.0,0.0,0.0,7.0,1.0,,,,,,
508,114,5,2,25,2147.0,25,23.9,6.0,6.0,12.0,6.0,0.0,0.0,8.0,1.0,,,,,,
1242,109,5,2,31,2571.0,29,28.6,0.0,8.0,8.0,0.0,0.0,0.0,5.0,0.0,,,,,,
9804,106,5,2,21,1296.0,17,14.4,1.0,0.0,1.0,1.0,0.0,0.0,4.0,0.0,,,,,,
9505,107,5,2,1,90.0,1,1.0,0.0,0.0,0.0,0.0,0.0,0.0,1.0,0.0,,,,,,
988,121,5,2,31,2067.0,24,23.0,7.0,3.0,10.0,7.0,0.0,0.0,2.0,0.0,,,,,,
6870,108,5,2,26,2112.0,26,23.5,1.0,0.0,1.0,1.0,0.0,0.0,9.0,1.0,,,,,,
12564,107,5,2,23,606.0,4,6.7,1.0,1.0,2.0,1.0,0.0,1.0,4.0,2.0,,,,,,
255,110,5,2,1,31.0,0,0.3,0.0,0.0,0.0,0.0,0.0,0.0,0.0,0.0,,,,,,
4794,109,5,2,25,1267.0,14,14.1,1.0,0.0,1.0,1.0,0.0,0.0,2.0,0.0,,,,,,
1667,115,5,2,3,132.0,1,1.5,0.0,0.0,0.0,0.0,0.0,0.0,0.0,0.0,,,,,,
9616,112,5,2,2,19.0,0,0.2,0.0,0.0,0.0,0.0,0.0,0.0,0.0,0.0,,,,,,
4183,117,5,2,34,1553.0,14,17.3,6.0,0.0,6.0,4.0,2.0,2.0,1.0,0.0,,,,,,
11304,112,5,2,15,765.0,9,8.5,1.0,0.0,1.0,1.0,0.0,0.0,2.0,0.0,,,,,,
10269,108,5,2,23,566.0,2,6.3,2.0,0.0,2.0,2.0,0.0,0.0,1.0,0.0,,,,,,
4765,123,5,2,32,2490.0,29,27.7,2.0,0.0,2.0,2.0,0.0,0.0,3.0,0.0,,,,,,
6201,116,5,2,8,112.0,0,1.2,0.0,0.0,0.0,0.0,0.0,0.0,0.0,0.0,,,,,,
9405,108,5,2,18,741.0,7,8.2,0.0,1.0,1.0,0.0,0.0,0.0,1.0,0.0,,,,,,
11167,107,5,2,13,393.0,4,4.4,0.0,0.0,0.0,0.0,0.0,0.0,1.0,0.0,,,,,,
138,119,5,2,25,1932.0,20,21.5,4.0,5.0,9.0,4.0,0.0,0.0,3.0,0.0,,,,,,
5258,109,5,2,26,1284.0,15,14.3,2.0,0.0,2.0,2.0,0.0,0.0,5.0,0.0,,,,,,
991,112,5,2,28,1821.0,21,20.2,1.0,2.0,3.0,1.0,0.0,0.0,5.0,0.0,,,,,,
12940,115,5,2,11,711.0,9,7.9,0.0,1.0,1.0,0.0,0.0,0.0,1.0,0.0,,,,,,
5406,111,5,2,11,607.0,6,6.7,1.0,0.0,1.0,1.0,0.0,0.0,2.0,0.0,,,,,,
8593,112,5,2,15,784.0,8,8.7,1.0,0.0,1.0,1.0,0.0,0.0,0.0,0.0,,,,,,
2620,113,5,2,19,1617.0,18,18.0,0.0,0.0,0.0,0.0,0.0,0.0,4.0,1.0,,,,,,
8495,119,5,2,27,1909.0,23,21.2,1.0,1.0,2.0,1.0,0.0,0.0,6.0,0.0,,,,,,
1161,109,5,2,2,9.0,0,0.1,0.0,0.0,0.0,0.0,0.0,0.0,0.0,0.0,,,,,,
2023,110,5,2,4,210.0,3,2.3,0.0,0.0,0.0,0.0,0.0,0.0,1.0,0.0,,,,,,
5817,109,5,2,30,2465.0,28,27.4,1.0,1.0,2.0,1.0,0.0,0.0,1.0,0.0,,,,,,
14349,115,5,2,1,13.0,0,0.1,0.0,0.0,0.0,0.0,0.0,0.0,0.0,0.0,,,,,,
7383,120,5,2,31,2714.0,31,30.2,3.0,7.0,10.0,3.0,0.0,0.0,2.0,0.0,,,,,,
6456,121,5,2,1,5.0,0,0.1,0.0,0.0,0.0,0.0,0.0,0.0,0.0,0.0,,,,,,
6455,106,5,2,6,253.0,2,2.8,0.0,1.0,1.0,0.0,0.0,0.0,0.0,0.0,,,,,,
5809,114,5,2,22,1466.0,16,16.3,1.0,2.0,3.0,1.0,0.0,0.0,0.0,0.0,,,,,,
117,113,5,2,17,918.0,10,10.2,3.0,2.0,5.0,2.0,1.0,1.0,1.0,0.0,,,,,,
3055,113,5,2,33,2682.0,30,29.8,0.0,0.0,0.0,0.0,0.0,0.0,5.0,0.0,,,,,,
6391,111,5,2,10,308.0,3,3.4,1.0,1.0,2.0,1.0,0.0,0.0,0.0,0.0,,,,,,
1341,107,5,2,23,779.0,6,8.7,0.0,2.0,2.0,0.0,0.0,0.0,1.0,0.0,,,,,,
2624,115,5,2,20,1233.0,13,13.7,1.0,0.0,1.0,1.0,0.0,0.0,5.0,0.0,,,,,,
3802,110,5,2,30,1084.0,11,12.0,5.0,3.0,8.0,5.0,0.0,0.0,1.0,0.0,,,,,,
75,116,5,2,23,611.0,1,6.8,2.0,1.0,3.0,2.0,0.0,0.0,2.0,0.0,,,,,,
14423,120,5,2,4,32.0,0,0.4,0.0,0.0,0.0,0.0,0.0,0.0,0.0,0.0,,,,,,
13592,111,5,2,11,296.0,2,3.3,0.0,0.0,0.0,0.0,0.0,0.0,0.0,0.0,,,,,,
13593,116,5,2,14,781.0,8,8.7,1.0,0.0,1.0,1.0,0.0,1.0,1.0,0.0,,,,,,
1520,121,5,2,30,2139.0,25,23.8,10.0,1.0,11.0,8.0,2.0,2.0,6.0,0.0,,,,,,
4892,110,5,2,19,970.0,11,10.8,0.0,1.0,1.0,0.0,0.0,0.0,0.0,0.0,,,,,,
14151,124,5,2,24,1187.0,12,13.2,0.0,3.0,3.0,0.0,0.0,0.0,1.0,0.0,,,,,,
8072,119,5,2,23,1464.0,18,16.3,3.0,4.0,7.0,3.0,0.0,0.0,2.0,0.0,,,,,,
14367,115,5,2,12,284.0,1,3.2,1.0,0.0,1.0,1.0,0.0,0.0,1.0,0.0,,,,,,
1693,110,5,2,14,893.0,12,9.9,1.0,1.0,2.0,1.0,0.0,0.0,1.0,0.0,,,,,,
11279,110,5,2,15,1041.0,13,11.6,1.0,1.0,2.0,1.0,0.0,0.0,4.0,0.0,,,,,,
7658,124,5,2,8,521.0,7,5.8,0.0,0.0,0.0,0.0,0.0,0.0,1.0,0.0,,,,,,
14416,107,5,2,32,1849.0,21,20.5,2.0,1.0,3.0,2.0,0.0,0.0,4.0,0.0,,,,,,
13415,114,5,2,15,1323.0,15,14.7,1.0,1.0,2.0,1.0,0.0,0.0,4.0,1.0,,,,,,
5245,106,5,2,27,1278.0,12,14.2,1.0,0.0,1.0,1.0,0.0,0.0,4.0,0.0,,,,,,
11936,120,5,2,29,1368.0,14,15.2,1.0,3.0,4.0,1.0,0.0,0.0,1.0,0.0,,,,,,
14123,115,5,2,25,1131.0,13,12.6,1.0,0.0,1.0,1.0,0.0,0.0,6.0,0.0,,,,,,
103,108,5,2,11,809.0,9,9.0,0.0,0.0,0.0,0.0,0.0,0.0,5.0,0.0,,,,,,
11584,114,5,2,22,1980.0,22,22.0,0.0,0.0,0.0,0.0,0.0,0.0,0.0,0.0,,,,,,
11820,119,5,2,26,1268.0,13,14.1,6.0,5.0,11.0,6.0,0.0,0.0,1.0,0.0,,,,,,
2481,106,5,2,19,1068.0,12,11.9,1.0,1.0,2.0,1.0,0.0,0.0,4.0,0.0,,,,,,
4903,112,5,2,26,1463.0,15,16.3,0.0,0.0,0.0,0.0,0.0,0.0,3.0,0.0,,,,,,
76,120,5,2,3,193.0,3,2.1,0.0,0.0,0.0,0.0,0.0,0.0,1.0,0.0,,,,,,
943,120,5,2,16,475.0,4,5.3,0.0,0.0,0.0,0.0,0.0,0.0,4.0,1.0,,,,,,
5559,110,5,2,1,32.0,0,0.4,0.0,0.0,0.0,0.0,0.0,0.0,0.0,0.0,,,,,,
10386,113,5,2,6,110.0,1,1.2,0.0,0.0,0.0,0.0,0.0,0.0,0.0,0.0,,,,,,
7835,113,5,2,13,860.0,10,9.6,0.0,2.0,2.0,0.0,0.0,0.0,2.0,0.0,,,,,,
13380,120,5,2,9,314.0,3,3.5,0.0,0.0,0.0,0.0,0.0,0.0,3.0,0.0,,,,,,
2057,115,5,2,23,1928.0,22,21.4,0.0,2.0,2.0,0.0,0.0,0.0,5.0,1.0,,,,,,
12451,111,5,2,17,924.0,8,10.3,0.0,1.0,1.0,0.0,0.0,0.0,3.0,0.0,,,,,,
8029,119,5,2,1,9.0,0,0.1,0.0,0.0,0.0,0.0,0.0,0.0,0.0,0.0,,,,,,
2833,107,5,2,30,2090.0,24,23.2,2.0,2.0,4.0,2.0,0.0,0.0,1.0,0.0,,,,,,
5186,106,5,2,26,1026.0,10,11.4,2.0,1.0,3.0,1.0,1.0,1.0,1.0,0.0,,,,,,
4854,117,5,2,34,1906.0,22,21.2,5.0,2.0,7.0,4.0,1.0,2.0,2.0,0.0,,,,,,
738,111,5,2,29,2293.0,27,25.5,19.0,2.0,21.0,17.0,2.0,2.0,3.0,1.0,,,,,,
386,116,5,2,28,2496.0,28,27.7,0.0,0.0,0.0,0.0,0.0,0.0,2.0,0.0,,,,,,
7597,105,5,2,33,2970.0,33,33.0,2.0,3.0,5.0,2.0,0.0,0.0,7.0,0.0,,,,,,
9513,121,5,2,1,10.0,0,0.1,0.0,0.0,0.0,0.0,0.0,0.0,0.0,0.0,,,,,,
10201,107,5,2,22,1389.0,16,15.4,5.0,1.0,6.0,3.0,2.0,2.0,4.0,0.0,,,,,,
3399,113,5,2,9,550.0,7,6.1,1.0,0.0,1.0,1.0,0.0,0.0,1.0,0.0,,,,,,
7332,110,5,2,23,1818.0,20,20.2,0.0,0.0,0.0,0.0,0.0,0.0,4.0,0.0,,,,,,
13368,110,5,2,26,1516.0,15,16.8,0.0,2.0,2.0,0.0,0.0,0.0,2.0,0.0,,,,,,
7333,105,5,2,12,473.0,5,5.3,0.0,0.0,0.0,0.0,0.0,0.0,3.0,0.0,,,,,,
7336,108,5,2,2,58.0,0,0.6,0.0,0.0,0.0,0.0,0.0,0.0,0.0,0.0,,,,,,
6461,105,5,2,33,1618.0,19,18.0,4.0,0.0,4.0,4.0,0.0,0.0,3.0,0.0,,,,,,
4036,121,5,2,25,1527.0,19,17.0,0.0,1.0,1.0,0.0,0.0,0.0,3.0,0.0,,,,,,
14050,110,5,2,9,541.0,8,6.0,1.0,1.0,2.0,1.0,0.0,0.0,1.0,0.0,,,,,,
269,105,5,2,7,54.0,0,0.6,0.0,1.0,1.0,0.0,0.0,0.0,0.0,0.0,,,,,,
6348,108,5,2,1,90.0,1,1.0,0.0,0.0,0.0,0.0,0.0,0.0,0.0,0.0,,,,,,
1899,115,5,2,30,2700.0,30,30.0,0.0,1.0,1.0,0.0,0.0,0.0,1.0,0.0,,,,,,
11641,105,5,2,29,2517.0,29,28.0,4.0,0.0,4.0,4.0,0.0,0.0,12.0,1.0,,,,,,
6736,111,5,2,6,253.0,2,2.8,0.0,0.0,0.0,0.0,0.0,0.0,1.0,0.0,,,,,,
8100,115,5,2,21,499.0,3,5.5,0.0,1.0,1.0,0.0,0.0,0.0,4.0,0.0,,,,,,
4881,107,5,2,31,2778.0,31,30.9,2.0,0.0,2.0,2.0,0.0,0.0,2.0,0.0,,,,,,
125,113,5,2,6,197.0,2,2.2,0.0,0.0,0.0,0.0,0.0,0.0,0.0,1.0,,,,,,
2076,105,5,2,33,2959.0,33,32.9,0.0,3.0,3.0,0.0,0.0,0.0,5.0,0.0,,,,,,
11992,112,5,2,14,1235.0,14,13.7,0.0,0.0,0.0,0.0,0.0,0.0,6.0,0.0,,,,,,
3881,107,5,2,10,248.0,2,2.8,0.0,0.0,0.0,0.0,0.0,0.0,0.0,0.0,,,,,,
1314,111,5,2,31,2790.0,31,31.0,0.0,0.0,0.0,0.0,0.0,0.0,0.0,0.0,,,,,,
11406,112,5,2,33,2939.0,33,32.7,0.0,0.0,0.0,0.0,0.0,0.0,1.0,0.0,,,,,,
6930,117,5,2,28,1804.0,21,20.0,1.0,0.0,1.0,1.0,0.0,0.0,4.0,0.0,,,,,,
13644,117,5,2,13,409.0,3,4.5,1.0,1.0,2.0,1.0,0.0,0.0,1.0,0.0,,,,,,
5696,110,5,2,14,863.0,10,9.6,1.0,3.0,4.0,1.0,0.0,0.0,1.0,0.0,,,,,,
3298,111,5,2,10,718.0,8,8.0,0.0,0.0,0.0,0.0,0.0,0.0,2.0,1.0,,,,,,
7142,106,5,2,1,14.0,0,0.2,0.0,0.0,0.0,0.0,0.0,0.0,1.0,0.0,,,,,,
11163,115,5,2,2,88.0,1,1.0,1.0,0.0,1.0,1.0,0.0,0.0,0.0,0.0,,,,,,
3284,108,5,2,19,1124.0,13,12.5,4.0,0.0,4.0,4.0,0.0,0.0,4.0,0.0,,,,,,
13080,114,5,2,21,1346.0,15,15.0,0.0,0.0,0.0,0.0,0.0,0.0,7.0,0.0,,,,,,
5484,105,5,2,33,2340.0,30,26.0,2.0,0.0,2.0,2.0,0.0,0.0,6.0,0.0,,,,,,
14487,106,5,2,31,1687.0,17,18.7,1.0,0.0,1.0,1.0,0.0,0.0,2.0,0.0,,,,,,
4734,124,5,2,29,1438.0,14,16.0,5.0,2.0,7.0,5.0,0.0,0.0,5.0,0.0,,,,,,
204,116,5,2,1,10.0,0,0.1,0.0,0.0,0.0,0.0,0.0,0.0,0.0,0.0,,,,,,
5246,113,5,2,7,147.0,1,1.6,0.0,0.0,0.0,0.0,0.0,0.0,0.0,0.0,,,,,,
325,111,5,2,23,1432.0,16,15.9,1.0,4.0,5.0,0.0,1.0,1.0,1.0,1.0,,,,,,
11743,114,5,2,12,1080.0,12,12.0,0.0,0.0,0.0,0.0,0.0,0.0,1.0,0.0,,,,,,
8376,121,5,2,1,16.0,0,0.2,0.0,0.0,0.0,0.0,0.0,0.0,0.0,0.0,,,,,,
6371,110,5,2,11,479.0,5,5.3,0.0,0.0,0.0,0.0,0.0,0.0,0.0,0.0,,,,,,
16,109,5,2,1,1.0,0,0.0,0.0,0.0,0.0,0.0,0.0,0.0,0.0,0.0,,,,,,
13186,121,5,2,34,3060.0,34,34.0,0.0,0.0,0.0,0.0,0.0,0.0,1.0,0.0,,,,,,
11106,111,5,2,8,398.0,4,4.4,2.0,0.0,2.0,2.0,0.0,0.0,0.0,0.0,,,,,,
14100,109,5,2,2,91.0,1,1.0,0.0,0.0,0.0,0.0,0.0,0.0,0.0,0.0,,,,,,
4287,108,5,2,3,76.0,1,0.8,0.0,0.0,0.0,0.0,0.0,0.0,0.0,0.0,,,,,,
5220,114,5,2,23,1767.0,21,19.6,1.0,0.0,1.0,1.0,0.0,0.0,0.0,1.0,,,,,,
9270,119,5,2,21,1537.0,18,17.1,0.0,1.0,1.0,0.0,0.0,0.0,1.0,0.0,,,,,,
9268,116,5,2,7,154.0,1,1.7,0.0,0.0,0.0,0.0,0.0,0.0,0.0,0.0,,,,,,
6828,105,5,2,31,1208.0,9,13.4,0.0,1.0,1.0,0.0,0.0,0.0,5.0,0.0,,,,,,
2691,111,5,2,28,2220.0,25,24.7,0.0,3.0,3.0,0.0,0.0,0.0,6.0,0.0,,,,,,
3838,114,5,2,6,102.0,0,1.1,0.0,1.0,1.0,0.0,0.0,0.0,2.0,0.0,,,,,,
10565,121,5,2,13,1027.0,11,11.4,0.0,0.0,0.0,0.0,0.0,0.0,7.0,0.0,,,,,,
10563,111,5,2,15,1254.0,15,13.9,0.0,0.0,0.0,0.0,0.0,0.0,2.0,0.0,,,,,,
2547,106,5,2,14,1180.0,13,13.1,1.0,0.0,1.0,1.0,0.0,0.0,2.0,0.0,,,,,,
2550,114,5,2,6,298.0,3,3.3,0.0,1.0,1.0,0.0,0.0,0.0,2.0,0.0,,,,,,
1713,120,5,2,16,1385.0,16,15.4,1.0,0.0,1.0,1.0,0.0,0.0,3.0,0.0,,,,,,
1714,121,5,2,12,794.0,9,8.8,0.0,1.0,1.0,0.0,0.0,0.0,2.0,0.0,,,,,,
315,106,5,2,5,56.0,0,0.6,0.0,0.0,0.0,0.0,0.0,0.0,0.0,0.0,,,,,,
2592,124,5,2,17,1118.0,12,12.4,2.0,0.0,2.0,2.0,0.0,0.0,3.0,0.0,,,,,,
10907,112,5,2,1,1.0,0,0.0,0.0,0.0,0.0,0.0,0.0,0.0,0.0,0.0,,,,,,
12789,119,5,2,8,324.0,3,3.6,0.0,1.0,1.0,0.0,0.0,0.0,0.0,0.0,,,,,,
14522,113,5,2,2,124.0,2,1.4,1.0,0.0,1.0,1.0,0.0,0.0,0.0,0.0,,,,,,
4136,119,5,2,3,48.0,0,0.5,0.0,0.0,0.0,0.0,0.0,0.0,0.0,0.0,,,,,,
7940,119,5,2,29,2158.0,24,24.0,27.0,7.0,34.0,21.0,6.0,8.0,4.0,0.0,,,,,,
8818,113,5,2,5,153.0,1,1.7,0.0,0.0,0.0,0.0,0.0,0.0,1.0,0.0,,,,,,
2434,112,5,2,25,2207.0,25,24.5,2.0,2.0,4.0,2.0,0.0,0.0,1.0,0.0,,,,,,
10920,107,5,2,6,22.0,0,0.2,1.0,0.0,1.0,1.0,0.0,0.0,0.0,0.0,,,,,,
5419,105,5,2,2,9.0,0,0.1,0.0,0.0,0.0,0.0,0.0,0.0,0.0,0.0,,,,,,
2551,120,5,2,1,2.0,0,0.0,0.0,0.0,0.0,0.0,0.0,0.0,0.0,0.0,,,,,,
4279,108,5,2,31,2714.0,30,30.2,1.0,3.0,4.0,1.0,0.0,0.0,11.0,0.0,,,,,,
1748,112,5,2,16,638.0,6,7.1,0.0,0.0,0.0,0.0,0.0,0.0,1.0,0.0,,,,,,
1746,110,5,2,2,146.0,2,1.6,0.0,0.0,0.0,0.0,0.0,0.0,0.0,0.0,,,,,,
2007,121,5,2,1,16.0,0,0.2,0.0,0.0,0.0,0.0,0.0,0.0,0.0,0.0,,,,,,
10947,119,5,2,6,267.0,2,3.0,1.0,1.0,2.0,1.0,0.0,0.0,3.0,0.0,,,,,,
1346,117,5,2,10,418.0,4,4.6,0.0,0.0,0.0,0.0,0.0,0.0,0.0,0.0,,,,,,
1906,110,5,2,15,711.0,7,7.9,2.0,1.0,3.0,2.0,0.0,0.0,3.0,0.0,,,,,,
4627,110,5,2,18,1256.0,13,14.0,0.0,0.0,0.0,0.0,0.0,0.0,6.0,0.0,,,,,,
10443,108,5,2,16,1052.0,13,11.7,0.0,1.0,1.0,0.0,0.0,0.0,2.0,0.0,,,,,,
11726,116,5,2,16,1283.0,15,14.3,0.0,1.0,1.0,0.0,0.0,0.0,0.0,0.0,,,,,,
11723,112,5,2,10,703.0,8,7.8,0.0,1.0,1.0,0.0,0.0,0.0,1.0,0.0,,,,,,
1781,116,5,2,1,8.0,1,0.1,0.0,0.0,0.0,0.0,0.0,0.0,0.0,1.0,,,,,,
8510,114,5,2,1,7.0,0,0.1,0.0,0.0,0.0,0.0,0.0,0.0,0.0,0.0,,,,,,
4924,113,5,2,20,1747.0,20,19.4,13.0,4.0,17.0,10.0,3.0,3.0,0.0,1.0,,,,,,
13272,114,5,2,30,2117.0,25,23.5,9.0,6.0,15.0,9.0,0.0,0.0,4.0,0.0,,,,,,
8513,115,5,2,13,978.0,12,10.9,1.0,1.0,2.0,1.0,0.0,0.0,1.0,1.0,,,,,,
5589,109,5,2,2,39.0,1,0.4,0.0,0.0,0.0,0.0,0.0,0.0,0.0,0.0,,,,,,
13339,117,5,2,30,1949.0,23,21.7,11.0,2.0,13.0,8.0,3.0,3.0,4.0,0.0,,,,,,
10314,116,5,2,29,2002.0,24,22.2,8.0,2.0,10.0,5.0,3.0,3.0,3.0,1.0,,,,,,
4552,116,5,2,29,2083.0,24,23.1,4.0,4.0,8.0,4.0,0.0,0.0,4.0,0.0,,,,,,
4042,116,5,2,1,10.0,0,0.1,0.0,0.0,0.0,0.0,0.0,0.0,0.0,0.0,,,,,,
3455,111,5,2,7,270.0,4,3.0,0.0,0.0,0.0,0.0,0.0,0.0,1.0,0.0,,,,,,
8066,123,5,2,15,617.0,5,6.9,3.0,0.0,3.0,3.0,0.0,0.0,0.0,0.0,,,,,,
13190,105,5,2,32,1769.0,20,19.7,6.0,2.0,8.0,6.0,0.0,0.0,2.0,1.0,,,,,,
12581,116,5,2,26,1107.0,11,12.3,1.0,0.0,1.0,1.0,0.0,0.0,2.0,0.0,,,,,,
8352,110,5,2,1,90.0,1,1.0,0.0,0.0,0.0,0.0,0.0,0.0,0.0,0.0,,,,,,
4724,112,5,2,5,177.0,2,2.0,0.0,0.0,0.0,0.0,0.0,0.0,1.0,0.0,,,,,,
10931,119,5,2,16,796.0,9,8.8,0.0,0.0,0.0,0.0,0.0,0.0,2.0,0.0,,,,,,
9277,120,5,2,27,2173.0,25,24.1,4.0,3.0,7.0,4.0,0.0,0.0,5.0,0.0,,,,,,
14587,110,5,2,34,3060.0,34,34.0,0.0,0.0,0.0,0.0,0.0,0.0,1.0,0.0,,,,,,
6688,110,5,2,7,197.0,2,2.2,0.0,0.0,0.0,0.0,0.0,0.0,1.0,0.0,,,,,,
7374,123,5,2,22,1450.0,17,16.1,1.0,1.0,2.0,1.0,0.0,0.0,3.0,0.0,,,,,,
7671,113,5,2,23,1604.0,18,17.8,0.0,2.0,2.0,0.0,0.0,0.0,4.0,0.0,,,,,,
1987,112,5,2,5,113.0,1,1.3,0.0,0.0,0.0,0.0,0.0,0.0,1.0,0.0,,,,,,
8782,121,5,2,3,106.0,1,1.2,0.0,0.0,0.0,0.0,0.0,0.0,0.0,0.0,,,,,,
7566,120,5,2,25,1381.0,17,15.3,4.0,1.0,5.0,4.0,0.0,0.0,1.0,0.0,,,,,,
7716,119,5,2,4,360.0,4,4.0,0.0,0.0,0.0,0.0,0.0,0.0,0.0,0.0,,,,,,
14532,117,5,2,23,1712.0,20,19.0,0.0,0.0,0.0,0.0,0.0,0.0,6.0,1.0,,,,,,
1779,110,5,2,5,152.0,0,1.7,0.0,0.0,0.0,0.0,0.0,0.0,0.0,0.0,,,,,,
5670,112,5,2,30,1618.0,19,18.0,3.0,3.0,6.0,3.0,0.0,0.0,0.0,1.0,,,,,,
9407,106,5,2,4,360.0,4,4.0,0.0,0.0,0.0,0.0,0.0,0.0,0.0,0.0,,,,,,
11871,107,5,2,19,526.0,6,5.8,0.0,0.0,0.0,0.0,0.0,0.0,4.0,2.0,,,,,,
2501,119,5,2,3,28.0,0,0.3,0.0,0.0,0.0,0.0,0.0,0.0,1.0,0.0,,,,,,
7092,113,5,2,13,751.0,7,8.3,0.0,0.0,0.0,0.0,0.0,0.0,2.0,0.0,,,,,,
8287,107,5,2,28,1561.0,18,17.3,0.0,3.0,3.0,0.0,0.0,0.0,3.0,0.0,,,,,,
13191,107,5,2,12,223.0,1,2.5,0.0,1.0,1.0,0.0,0.0,0.0,0.0,0.0,,,,,,
12895,106,5,2,26,1484.0,17,16.5,4.0,3.0,7.0,3.0,1.0,2.0,2.0,0.0,,,,,,
11868,124,5,2,33,2925.0,33,32.5,2.0,0.0,2.0,2.0,0.0,0.0,6.0,1.0,,,,,,
1525,115,5,2,20,1246.0,15,13.8,5.0,3.0,8.0,5.0,0.0,0.0,1.0,1.0,,,,,,
4114,111,5,2,29,1838.0,21,20.4,3.0,2.0,5.0,3.0,0.0,0.0,4.0,0.0,,,,,,
4964,123,5,2,13,1092.0,13,12.1,0.0,0.0,0.0,0.0,0.0,0.0,1.0,0.0,,,,,,
11732,123,5,2,6,133.0,1,1.5,0.0,1.0,1.0,0.0,0.0,0.0,1.0,0.0,,,,,,
6038,111,5,2,27,2369.0,27,26.3,4.0,2.0,6.0,4.0,0.0,0.0,4.0,1.0,,,,,,
4557,106,5,2,14,943.0,9,10.5,1.0,1.0,2.0,1.0,0.0,0.0,1.0,0.0,,,,,,
7094,120,5,2,21,1743.0,19,19.4,1.0,0.0,1.0,1.0,0.0,0.0,3.0,0.0,,,,,,
14143,121,5,2,25,2071.0,23,23.0,1.0,0.0,1.0,1.0,0.0,0.0,5.0,1.0,,,,,,
1788,115,5,2,28,2312.0,26,25.7,0.0,0.0,0.0,0.0,0.0,0.0,4.0,0.0,,,,,,
6325,112,5,2,13,566.0,5,6.3,1.0,0.0,1.0,1.0,0.0,0.0,1.0,0.0,,,,,,
12322,110,5,2,1,16.0,0,0.2,0.0,0.0,0.0,0.0,0.0,0.0,0.0,0.0,,,,,,
2635,107,5,2,28,2445.0,28,27.2,3.0,4.0,7.0,3.0,0.0,0.0,6.0,0.0,,,,,,
5029,111,5,2,13,474.0,5,5.3,1.0,0.0,1.0,1.0,0.0,0.0,2.0,0.0,,,,,,
7540,114,5,2,14,636.0,7,7.1,1.0,0.0,1.0,1.0,0.0,0.0,2.0,0.0,,,,,,
744,113,5,2,34,2987.0,34,33.2,0.0,0.0,0.0,0.0,0.0,0.0,3.0,0.0,,,,,,
1719,112,5,2,21,1209.0,15,13.4,2.0,0.0,2.0,2.0,0.0,0.0,3.0,0.0,,,,,,
182,109,5,2,17,418.0,3,4.6,1.0,0.0,1.0,1.0,0.0,0.0,0.0,0.0,,,,,,
11379,123,5,2,1,8.0,0,0.1,0.0,0.0,0.0,0.0,0.0,0.0,0.0,0.0,,,,,,
11253,110,5,2,3,165.0,3,1.8,0.0,0.0,0.0,0.0,0.0,0.0,1.0,0.0,,,,,,
10707,116,5,2,23,1589.0,17,17.7,0.0,1.0,1.0,0.0,0.0,0.0,5.0,0.0,,,,,,
1221,106,5,2,34,2989.0,33,33.2,0.0,0.0,0.0,0.0,0.0,0.0,1.0,0.0,,,,,,
1647,110,5,2,1,90.0,1,1.0,0.0,0.0,0.0,0.0,0.0,0.0,1.0,0.0,,,,,,
4319,112,5,2,13,547.0,5,6.1,3.0,1.0,4.0,3.0,0.0,0.0,2.0,1.0,,,,,,
3046,119,5,2,26,1995.0,22,22.2,0.0,0.0,0.0,0.0,0.0,0.0,2.0,0.0,,,,,,
9497,105,5,2,30,1187.0,12,13.2,3.0,2.0,5.0,3.0,0.0,0.0,3.0,0.0,,,,,,
12271,117,5,2,19,370.0,2,4.1,0.0,1.0,1.0,0.0,0.0,0.0,2.0,0.0,,,,,,
8532,123,5,2,31,2723.0,30,30.3,0.0,1.0,1.0,0.0,0.0,0.0,3.0,0.0,,,,,,
3321,116,5,2,1,24.0,0,0.3,0.0,0.0,0.0,0.0,0.0,0.0,0.0,0.0,,,,,,
12300,116,5,2,12,598.0,6,6.6,0.0,0.0,0.0,0.0,0.0,0.0,3.0,0.0,,,,,,
7339,110,5,2,32,2244.0,27,24.9,3.0,2.0,5.0,3.0,0.0,0.0,5.0,0.0,,,,,,
12628,123,5,2,3,88.0,1,1.0,0.0,0.0,0.0,0.0,0.0,0.0,0.0,0.0,,,,,,
5131,119,5,2,29,1419.0,16,15.8,11.0,1.0,12.0,10.0,1.0,1.0,1.0,0.0,,,,,,
3791,106,5,2,24,1175.0,14,13.1,2.0,0.0,2.0,2.0,0.0,0.0,4.0,2.0,,,,,,
5211,124,5,2,34,3060.0,34,34.0,0.0,0.0,0.0,0.0,0.0,0.0,3.0,0.0,,,,,,
785,109,5,2,29,2220.0,24,24.7,0.0,0.0,0.0,0.0,0.0,0.0,6.0,1.0,,,,,,
1004,120,5,2,28,1352.0,14,15.0,3.0,1.0,4.0,3.0,0.0,0.0,4.0,0.0,,,,,,
4211,121,5,2,15,365.0,2,4.1,1.0,0.0,1.0,1.0,0.0,0.0,0.0,0.0,,,,,,
11988,111,5,2,3,270.0,3,3.0,0.0,0.0,0.0,0.0,0.0,0.0,0.0,0.0,,,,,,
13946,112,5,2,10,851.0,10,9.5,0.0,0.0,0.0,0.0,0.0,0.0,2.0,0.0,,,,,,
11259,117,5,2,30,2009.0,21,22.3,0.0,0.0,0.0,0.0,0.0,0.0,4.0,0.0,,,,,,
13951,117,5,2,3,53.0,0,0.6,0.0,0.0,0.0,0.0,0.0,0.0,0.0,0.0,,,,,,
4218,119,5,2,21,1197.0,14,13.3,1.0,3.0,4.0,1.0,0.0,0.0,3.0,0.0,,,,,,
3983,107,5,2,30,1584.0,18,17.6,5.0,1.0,6.0,3.0,2.0,2.0,5.0,0.0,,,,,,
4290,115,5,2,19,1382.0,15,15.4,0.0,1.0,1.0,0.0,0.0,0.0,0.0,0.0,,,,,,
10163,115,5,2,13,1054.0,12,11.7,2.0,0.0,2.0,2.0,0.0,0.0,5.0,0.0,,,,,,
10245,123,5,2,18,628.0,7,7.0,3.0,1.0,4.0,3.0,0.0,0.0,0.0,0.0,,,,,,
14183,108,5,2,27,1020.0,11,11.3,7.0,1.0,8.0,7.0,0.0,0.0,1.0,0.0,,,,,,
13373,115,5,2,6,346.0,3,3.8,0.0,0.0,0.0,0.0,0.0,0.0,1.0,0.0,,,,,,
8857,115,5,2,1,7.0,0,0.1,0.0,0.0,0.0,0.0,0.0,0.0,0.0,0.0,,,,,,
5538,121,5,2,23,524.0,4,5.8,4.0,1.0,5.0,4.0,0.0,0.0,3.0,0.0,,,,,,
997,120,5,2,11,313.0,2,3.5,0.0,0.0,0.0,0.0,0.0,0.0,0.0,0.0,,,,,,
10228,114,5,2,12,1035.0,11,11.5,0.0,1.0,1.0,0.0,0.0,0.0,2.0,0.0,,,,,,
14476,107,5,2,20,1568.0,18,17.4,1.0,1.0,2.0,1.0,0.0,0.0,3.0,0.0,,,,,,
8839,111,5,2,20,551.0,4,6.1,2.0,3.0,5.0,2.0,0.0,0.0,1.0,0.0,,,,,,
2149,108,5,2,33,2970.0,33,33.0,0.0,0.0,0.0,0.0,0.0,0.0,3.0,0.0,,,,,,
5523,113,5,2,9,128.0,0,1.4,1.0,0.0,1.0,1.0,0.0,0.0,1.0,0.0,,,,,,
12445,113,5,2,14,846.0,9,9.4,0.0,0.0,0.0,0.0,0.0,0.0,1.0,0.0,,,,,,
1546,107,5,2,30,2687.0,30,29.9,0.0,0.0,0.0,0.0,0.0,0.0,8.0,0.0,,,,,,
10274,117,5,2,29,1964.0,24,21.8,2.0,3.0,5.0,2.0,0.0,0.0,4.0,0.0,,,,,,
1755,121,5,2,30,1926.0,22,21.4,0.0,1.0,1.0,0.0,0.0,0.0,3.0,0.0,,,,,,
1193,123,5,2,11,831.0,9,9.2,1.0,0.0,1.0,1.0,0.0,0.0,4.0,0.0,,,,,,
13491,109,5,2,29,2365.0,26,26.3,1.0,2.0,3.0,1.0,0.0,0.0,6.0,0.0,,,,,,
979,111,5,2,3,98.0,1,1.1,0.0,0.0,0.0,0.0,0.0,0.0,0.0,0.0,,,,,,
5815,112,5,2,23,1447.0,15,16.1,3.0,4.0,7.0,3.0,0.0,0.0,1.0,0.0,,,,,,
8861,111,5,2,1,8.0,0,0.1,0.0,0.0,0.0,0.0,0.0,0.0,0.0,0.0,,,,,,
9324,105,5,2,33,1864.0,21,20.7,4.0,4.0,8.0,4.0,0.0,0.0,4.0,0.0,,,,,,
13330,115,5,2,32,2765.0,32,30.7,9.0,6.0,15.0,2.0,7.0,7.0,8.0,1.0,,,,,,
10799,124,5,2,22,1269.0,15,14.1,1.0,1.0,2.0,1.0,0.0,0.0,4.0,0.0,,,,,,
6467,123,5,2,14,399.0,2,4.4,2.0,0.0,2.0,2.0,0.0,0.0,0.0,0.0,,,,,,
830,121,5,2,11,593.0,7,6.6,0.0,0.0,0.0,0.0,0.0,0.0,3.0,0.0,,,,,,
829,106,5,2,14,1131.0,13,12.6,0.0,1.0,1.0,0.0,0.0,0.0,5.0,1.0,,,,,,
9726,123,5,2,19,1710.0,19,19.0,0.0,0.0,0.0,0.0,0.0,0.0,2.0,0.0,,,,,,
9382,123,5,2,32,2138.0,23,23.8,1.0,1.0,2.0,1.0,0.0,0.0,5.0,1.0,,,,,,
13040,112,5,2,2,18.0,0,0.2,0.0,0.0,0.0,0.0,0.0,0.0,0.0,0.0,,,,,,
14055,124,5,2,30,2261.0,25,25.1,6.0,2.0,8.0,2.0,4.0,5.0,8.0,0.0,,,,,,
2211,114,5,2,9,623.0,7,6.9,0.0,5.0,5.0,0.0,0.0,0.0,0.0,0.0,,,,,,
10310,116,5,2,22,1788.0,21,19.9,3.0,5.0,8.0,2.0,1.0,1.0,0.0,0.0,,,,,,
14199,114,5,2,25,2187.0,24,24.3,1.0,1.0,2.0,1.0,0.0,0.0,8.0,1.0,,,,,,
1682,108,5,2,7,62.0,0,0.7,0.0,0.0,0.0,0.0,0.0,0.0,0.0,0.0,,,,,,
5566,123,5,2,27,1642.0,18,18.2,0.0,1.0,1.0,0.0,0.0,0.0,7.0,0.0,,,,,,
10346,116,5,2,26,1821.0,21,20.2,0.0,0.0,0.0,0.0,0.0,0.0,7.0,0.0,,,,,,
10112,119,5,2,24,1629.0,17,18.1,0.0,0.0,0.0,0.0,0.0,0.0,1.0,0.0,,,,,,
10388,124,5,2,8,120.0,0,1.3,0.0,0.0,0.0,0.0,0.0,0.0,0.0,0.0,,,,,,
3761,123,5,2,3,25.0,0,0.3,0.0,0.0,0.0,0.0,0.0,0.0,0.0,0.0,,,,,,
3985,112,5,2,3,109.0,1,1.2,1.0,1.0,2.0,1.0,0.0,0.0,1.0,0.0,,,,,,
2348,119,5,2,24,1090.0,12,12.1,2.0,2.0,4.0,2.0,0.0,0.0,1.0,0.0,,,,,,
4600,108,5,2,32,2598.0,29,28.9,7.0,6.0,13.0,3.0,4.0,4.0,4.0,1.0,,,,,,
5833,107,5,2,7,237.0,3,2.6,0.0,0.0,0.0,0.0,0.0,0.0,0.0,0.0,,,,,,
12460,123,5,2,10,719.0,8,8.0,0.0,1.0,1.0,0.0,0.0,0.0,2.0,0.0,,,,,,
13204,124,5,2,22,1516.0,16,16.8,0.0,1.0,1.0,0.0,0.0,0.0,5.0,0.0,,,,,,
13202,108,5,2,4,118.0,1,1.3,0.0,0.0,0.0,0.0,0.0,0.0,2.0,0.0,,,,,,
1919,120,5,2,7,286.0,3,3.2,0.0,1.0,1.0,0.0,0.0,0.0,4.0,0.0,,,,,,
4827,124,5,2,31,2357.0,27,26.2,0.0,4.0,4.0,0.0,0.0,0.0,5.0,0.0,,,,,,
38,123,5,2,22,1792.0,19,19.9,2.0,0.0,2.0,2.0,0.0,0.0,4.0,0.0,,,,,,
3307,110,5,2,1,45.0,0,0.5,0.0,0.0,0.0,0.0,0.0,0.0,0.0,0.0,,,,,,
5840,115,5,2,19,1455.0,17,16.2,1.0,2.0,3.0,1.0,0.0,0.0,3.0,0.0,,,,,,
10365,115,5,2,27,1928.0,24,21.4,5.0,2.0,7.0,5.0,0.0,0.0,0.0,0.0,,,,,,
10723,111,5,2,25,2123.0,25,23.6,3.0,1.0,4.0,3.0,0.0,0.0,7.0,1.0,,,,,,
10257,110,5,2,25,2204.0,25,24.5,0.0,0.0,0.0,0.0,0.0,0.0,2.0,0.0,,,,,,
11194,107,5,2,14,1025.0,12,11.4,0.0,0.0,0.0,0.0,0.0,0.0,4.0,1.0,,,,,,
4046,115,5,2,17,1125.0,11,12.5,0.0,0.0,0.0,0.0,0.0,0.0,2.0,0.0,,,,,,
1514,119,5,2,6,529.0,5,5.9,0.0,1.0,1.0,0.0,0.0,0.0,0.0,0.0,,,,,,
9336,121,5,2,24,1527.0,19,17.0,7.0,3.0,10.0,7.0,0.0,0.0,2.0,1.0,,,,,,
1921,113,5,2,12,278.0,1,3.1,0.0,0.0,0.0,0.0,0.0,0.0,2.0,0.0,,,,,,
13326,120,5,2,28,2113.0,25,23.5,6.0,3.0,9.0,5.0,1.0,1.0,7.0,0.0,,,,,,
1586,121,5,2,28,2296.0,27,25.5,2.0,0.0,2.0,2.0,0.0,0.0,4.0,0.0,,,,,,
280,108,5,2,29,1193.0,13,13.3,1.0,2.0,3.0,1.0,0.0,0.0,2.0,1.0,,,,,,
7724,117,5,2,27,2108.0,25,23.4,1.0,1.0,2.0,1.0,0.0,0.0,7.0,0.0,,,,,,
2490,113,5,2,29,1379.0,17,15.3,3.0,1.0,4.0,3.0,0.0,0.0,4.0,0.0,,,,,,
6332,117,5,2,30,2651.0,30,29.5,0.0,2.0,2.0,0.0,0.0,0.0,2.0,1.0,,,,,,
2745,111,5,2,25,1741.0,21,19.3,3.0,1.0,4.0,2.0,1.0,1.0,5.0,0.0,,,,,,
94,107,5,2,30,2284.0,27,25.4,2.0,0.0,2.0,0.0,2.0,2.0,4.0,0.0,,,,,,
13073,110,5,2,24,2051.0,23,22.8,1.0,1.0,2.0,1.0,0.0,0.0,6.0,0.0,,,,,,
1869,116,5,2,14,504.0,4,5.6,0.0,1.0,1.0,0.0,0.0,0.0,1.0,1.0,,,,,,
3085,117,5,2,1,16.0,0,0.2,0.0,0.0,0.0,0.0,0.0,0.0,0.0,0.0,,,,,,
5805,113,5,2,26,2220.0,25,24.7,2.0,0.0,2.0,2.0,0.0,0.0,2.0,0.0,,,,,,
286,121,5,2,30,2145.0,24,23.8,1.0,2.0,3.0,1.0,0.0,0.0,6.0,0.0,,,,,,
9661,113,5,2,30,2700.0,30,30.0,3.0,3.0,6.0,3.0,0.0,0.0,5.0,0.0,,,,,,
8935,119,5,2,25,1932.0,21,21.5,0.0,2.0,2.0,0.0,0.0,0.0,5.0,0.0,,,,,,
12586,109,5,2,6,185.0,2,2.1,0.0,0.0,0.0,0.0,0.0,0.0,0.0,0.0,,,,,,
7696,113,5,2,29,1913.0,21,21.3,1.0,2.0,3.0,1.0,0.0,0.0,2.0,0.0,,,,,,
13965,114,5,2,20,1641.0,20,18.2,3.0,1.0,4.0,3.0,0.0,0.0,6.0,1.0,,,,,,
6954,112,5,2,29,2183.0,24,24.3,1.0,2.0,3.0,1.0,0.0,0.0,4.0,0.0,,,,,,
376,109,5,2,2,71.0,1,0.8,0.0,0.0,0.0,0.0,0.0,0.0,0.0,0.0,,,,,,
374,106,5,2,14,934.0,12,10.4,0.0,2.0,2.0,0.0,0.0,0.0,0.0,0.0,,,,,,
14096,119,5,2,28,2126.0,23,23.6,7.0,4.0,11.0,7.0,0.0,0.0,0.0,0.0,,,,,,
14094,112,5,2,18,923.0,10,10.3,3.0,2.0,5.0,3.0,0.0,0.0,1.0,0.0,,,,,,
3874,108,5,2,27,1692.0,20,18.8,9.0,3.0,12.0,8.0,1.0,1.0,10.0,1.0,,,,,,
3877,115,5,2,1,14.0,0,0.2,0.0,0.0,0.0,0.0,0.0,0.0,0.0,0.0,,,,,,
9452,106,5,2,2,174.0,2,1.9,1.0,0.0,1.0,1.0,0.0,0.0,0.0,0.0,,,,,,
7122,120,5,2,11,461.0,5,5.1,1.0,1.0,2.0,1.0,0.0,0.0,1.0,0.0,,,,,,
2643,121,5,2,18,1388.0,15,15.4,1.0,0.0,1.0,1.0,0.0,0.0,3.0,1.0,,,,,,
14571,109,5,2,27,1312.0,16,14.6,5.0,2.0,7.0,5.0,0.0,0.0,5.0,0.0,,,,,,
7580,115,5,2,13,276.0,0,3.1,0.0,0.0,0.0,0.0,0.0,0.0,0.0,0.0,,,,,,
1970,121,5,2,21,469.0,2,5.2,0.0,1.0,1.0,0.0,0.0,0.0,3.0,0.0,,,,,,
3109,110,5,2,22,1159.0,11,12.9,1.0,1.0,2.0,1.0,0.0,0.0,3.0,0.0,,,,,,
8090,109,5,2,32,2673.0,30,29.7,2.0,0.0,2.0,2.0,0.0,0.0,5.0,0.0,,,,,,
4158,107,5,2,22,1941.0,22,21.6,0.0,0.0,0.0,0.0,0.0,0.0,1.0,0.0,,,,,,
14490,119,5,2,5,373.0,4,4.1,1.0,0.0,1.0,1.0,0.0,0.0,1.0,0.0,,,,,,
14157,119,5,2,26,1962.0,21,21.8,2.0,3.0,5.0,2.0,0.0,0.0,4.0,0.0,,,,,,
3334,114,5,2,25,2137.0,24,23.7,4.0,0.0,4.0,4.0,0.0,0.0,13.0,2.0,,,,,,
9882,106,5,2,23,1231.0,15,13.7,0.0,0.0,0.0,0.0,0.0,0.0,2.0,0.0,,,,,,
10501,116,5,2,13,1022.0,11,11.4,0.0,0.0,0.0,0.0,0.0,0.0,1.0,0.0,,,,,,
3752,109,5,2,33,2288.0,25,25.4,6.0,6.0,12.0,6.0,0.0,0.0,3.0,1.0,,,,,,
8558,105,5,2,1,11.0,0,0.1,0.0,0.0,0.0,0.0,0.0,0.0,0.0,0.0,,,,,,
7713,112,5,3,1,3.0,0,0.0,0.0,0.0,0.0,0.0,0.0,0.0,0.0,0.0,,,,,,
14548,122,5,3,16,1033.0,11,11.5,0.0,0.0,0.0,0.0,0.0,0.0,2.0,0.0,,,,,,
5426,103,5,3,32,2842.0,32,31.6,6.0,1.0,7.0,3.0,3.0,4.0,4.0,0.0,,,,,,
10166,117,5,3,12,855.0,10,9.5,0.0,0.0,0.0,0.0,0.0,0.0,2.0,0.0,,,,,,
817,117,5,3,25,1393.0,17,15.5,5.0,2.0,7.0,5.0,0.0,0.0,2.0,0.0,,,,,,
9668,116,5,3,34,2768.0,33,30.8,9.0,2.0,11.0,8.0,1.0,1.0,3.0,0.0,,,,,,
120,111,5,3,19,1090.0,12,12.1,1.0,1.0,2.0,1.0,0.0,0.0,1.0,0.0,,,,,,
14601,124,5,3,26,1901.0,22,21.1,7.0,2.0,9.0,6.0,1.0,2.0,4.0,0.0,,,,,,
361,115,5,3,15,1075.0,13,11.9,3.0,1.0,4.0,3.0,0.0,0.0,2.0,0.0,,,,,,
9289,120,5,3,1,26.0,0,0.3,0.0,0.0,0.0,0.0,0.0,0.0,0.0,0.0,,,,,,
289,111,5,3,1,1.0,0,0.0,0.0,0.0,0.0,0.0,0.0,0.0,1.0,0.0,,,,,,
3968,120,5,3,14,1260.0,14,14.0,0.0,0.0,0.0,0.0,0.0,0.0,3.0,0.0,,,,,,
6448,108,5,3,8,300.0,1,3.3,1.0,0.0,1.0,1.0,0.0,0.0,1.0,0.0,,,,,,
12332,108,5,3,16,1124.0,13,12.5,1.0,2.0,3.0,1.0,0.0,0.0,4.0,0.0,,,,,,
10452,121,5,3,3,58.0,0,0.6,0.0,0.0,0.0,0.0,0.0,0.0,0.0,0.0,,,,,,
6341,103,5,3,26,1959.0,26,21.8,2.0,0.0,2.0,2.0,0.0,0.0,7.0,0.0,,,,,,
1687,122,5,3,5,127.0,1,1.4,0.0,0.0,0.0,0.0,0.0,0.0,0.0,0.0,,,,,,
8563,105,5,3,31,2495.0,29,27.7,13.0,2.0,15.0,13.0,0.0,1.0,5.0,0.0,,,,,,
13860,124,5,3,9,500.0,6,5.6,0.0,0.0,0.0,0.0,0.0,0.0,2.0,0.0,,,,,,
12836,120,5,3,30,2523.0,29,28.0,2.0,3.0,5.0,2.0,0.0,0.0,5.0,0.0,,,,,,
8775,114,5,3,32,2406.0,27,26.7,5.0,10.0,15.0,4.0,1.0,1.0,2.0,0.0,,,,,,
11422,111,5,3,2,19.0,0,0.2,0.0,0.0,0.0,0.0,0.0,0.0,1.0,0.0,,,,,,
2679,104,5,3,31,2486.0,29,27.6,0.0,1.0,1.0,0.0,0.0,0.0,7.0,0.0,,,,,,
2654,109,5,3,14,639.0,6,7.1,3.0,1.0,4.0,2.0,1.0,2.0,0.0,0.0,,,,,,
364,114,5,3,10,386.0,3,4.3,1.0,1.0,2.0,1.0,0.0,0.0,0.0,0.0,,,,,,
10173,117,5,3,27,1621.0,21,18.0,3.0,4.0,7.0,3.0,0.0,0.0,2.0,0.0,,,,,,
6541,103,5,3,28,1750.0,23,19.4,1.0,3.0,4.0,1.0,0.0,0.0,3.0,0.0,,,,,,
13386,111,5,3,16,951.0,9,10.6,1.0,4.0,5.0,1.0,0.0,0.0,3.0,0.0,,,,,,
6908,105,5,3,11,790.0,8,8.8,0.0,0.0,0.0,0.0,0.0,0.0,2.0,0.0,,,,,,
7577,116,5,3,30,2165.0,23,24.1,1.0,0.0,1.0,1.0,0.0,0.0,5.0,0.0,,,,,,
9925,112,5,3,30,2437.0,27,27.1,1.0,3.0,4.0,1.0,0.0,0.0,3.0,0.0,,,,,,
12544,123,5,3,9,320.0,3,3.6,2.0,0.0,2.0,2.0,0.0,0.0,0.0,0.0,,,,,,
9509,122,5,3,17,859.0,9,9.5,0.0,0.0,0.0,0.0,0.0,0.0,2.0,0.0,,,,,,
1876,109,5,3,30,2692.0,30,29.9,0.0,3.0,3.0,0.0,0.0,0.0,12.0,0.0,,,,,,
7942,108,5,3,3,139.0,2,1.5,0.0,0.0,0.0,0.0,0.0,0.0,0.0,0.0,,,,,,
3343,122,5,3,29,2128.0,22,23.6,0.0,1.0,1.0,0.0,0.0,0.0,2.0,0.0,,,,,,
2278,103,5,3,28,2047.0,25,22.7,0.0,1.0,1.0,0.0,0.0,0.0,3.0,0.0,,,,,,
9024,119,5,3,12,618.0,8,6.9,2.0,4.0,6.0,2.0,0.0,0.0,0.0,0.0,,,,,,
8302,121,5,3,32,2357.0,27,26.2,3.0,4.0,7.0,3.0,0.0,0.0,9.0,0.0,,,,,,
3280,116,5,3,12,98.0,0,1.1,0.0,0.0,0.0,0.0,0.0,0.0,0.0,0.0,,,,,,
13923,120,5,3,34,2854.0,33,31.7,1.0,0.0,1.0,1.0,0.0,0.0,7.0,0.0,,,,,,
4559,104,5,3,26,575.0,4,6.4,2.0,0.0,2.0,2.0,0.0,0.0,0.0,0.0,,,,,,
1062,107,5,3,27,1453.0,15,16.1,4.0,1.0,5.0,4.0,0.0,0.0,2.0,0.0,,,,,,
10546,108,5,3,24,1588.0,17,17.6,8.0,1.0,9.0,5.0,3.0,3.0,4.0,0.0,,,,,,
12900,124,5,3,30,1186.0,11,13.2,4.0,2.0,6.0,4.0,0.0,0.0,2.0,0.0,,,,,,
13352,104,5,3,29,939.0,11,10.4,2.0,1.0,3.0,2.0,0.0,0.0,1.0,0.0,,,,,,
10155,109,5,3,24,1139.0,14,12.7,3.0,2.0,5.0,3.0,0.0,0.0,3.0,1.0,,,,,,
3117,112,5,3,2,14.0,0,0.2,0.0,0.0,0.0,0.0,0.0,0.0,1.0,0.0,,,,,,
3476,123,5,3,30,2497.0,29,27.7,6.0,8.0,14.0,6.0,0.0,0.0,4.0,0.0,,,,,,
8137,112,5,3,27,2273.0,27,25.3,0.0,0.0,0.0,0.0,0.0,0.0,9.0,1.0,,,,,,
4618,107,5,3,10,589.0,9,6.5,0.0,0.0,0.0,0.0,0.0,0.0,0.0,0.0,,,,,,
4624,114,5,3,13,615.0,7,6.8,4.0,0.0,4.0,4.0,0.0,0.0,0.0,0.0,,,,,,
81,103,5,3,19,1510.0,16,16.8,0.0,0.0,0.0,0.0,0.0,0.0,2.0,0.0,,,,,,
10178,120,5,3,2,10.0,0,0.1,0.0,0.0,0.0,0.0,0.0,0.0,0.0,0.0,,,,,,
13927,123,5,3,14,1157.0,14,12.9,0.0,2.0,2.0,0.0,0.0,0.0,2.0,0.0,,,,,,
2072,119,5,3,34,2181.0,27,24.2,14.0,10.0,24.0,14.0,0.0,0.0,2.0,0.0,,,,,,
9887,117,5,3,24,1938.0,22,21.5,2.0,1.0,3.0,2.0,0.0,0.0,4.0,2.0,,,,,,
4789,115,5,3,6,56.0,0,0.6,0.0,0.0,0.0,0.0,0.0,0.0,0.0,0.0,,,,,,
13336,111,5,3,1,2.0,0,0.0,0.0,0.0,0.0,0.0,0.0,0.0,0.0,0.0,,,,,,
3673,122,5,3,25,2016.0,22,22.4,1.0,0.0,1.0,1.0,0.0,0.0,3.0,1.0,,,,,,
5315,103,5,3,22,1792.0,21,19.9,0.0,1.0,1.0,0.0,0.0,0.0,1.0,0.0,,,,,,
14410,103,5,3,29,1523.0,16,16.9,1.0,1.0,2.0,1.0,0.0,0.0,4.0,0.0,,,,,,
3823,114,5,3,33,1750.0,19,19.4,6.0,3.0,9.0,4.0,2.0,2.0,0.0,0.0,,,,,,
5786,112,5,3,12,646.0,8,7.2,0.0,2.0,2.0,0.0,0.0,0.0,2.0,0.0,,,,,,
12456,111,5,3,13,735.0,9,8.2,1.0,3.0,4.0,1.0,0.0,0.0,0.0,0.0,,,,,,
10395,109,5,3,10,329.0,3,3.7,1.0,0.0,1.0,1.0,0.0,0.0,0.0,0.0,,,,,,
8468,119,5,3,25,2011.0,22,22.3,1.0,0.0,1.0,1.0,0.0,0.0,6.0,0.0,,,,,,
9790,122,5,3,11,763.0,9,8.5,0.0,0.0,0.0,0.0,0.0,0.0,4.0,1.0,,,,,,
3499,115,5,3,4,360.0,4,4.0,0.0,0.0,0.0,0.0,0.0,0.0,0.0,0.0,,,,,,
10047,114,5,3,16,1228.0,16,13.6,13.0,2.0,15.0,12.0,1.0,2.0,0.0,0.0,,,,,,
3970,103,5,3,17,1336.0,15,14.8,1.0,0.0,1.0,1.0,0.0,0.0,2.0,0.0,,,,,,
9031,105,5,3,32,2880.0,32,32.0,0.0,0.0,0.0,0.0,0.0,0.0,4.0,0.0,,,,,,
8568,121,5,3,29,2293.0,26,25.5,6.0,8.0,14.0,6.0,0.0,0.0,6.0,0.0,,,,,,
1637,122,5,3,17,733.0,8,8.1,3.0,0.0,3.0,3.0,0.0,0.0,5.0,0.0,,,,,,
9453,107,5,3,1,6.0,0,0.1,0.0,0.0,0.0,0.0,0.0,0.0,0.0,0.0,,,,,,
6442,117,5,3,21,1054.0,12,11.7,1.0,2.0,3.0,1.0,0.0,0.0,0.0,0.0,,,,,,
10239,117,5,3,27,2192.0,25,24.4,0.0,0.0,0.0,0.0,0.0,0.0,3.0,1.0,,,,,,
12466,114,5,3,3,97.0,1,1.1,0.0,0.0,0.0,0.0,0.0,0.0,0.0,0.0,,,,,,
1710,109,5,3,24,1151.0,11,12.8,0.0,1.0,1.0,0.0,0.0,0.0,2.0,0.0,,,,,,
1728,117,5,3,26,1099.0,11,12.2,3.0,3.0,6.0,2.0,1.0,1.0,2.0,0.0,,,,,,
1881,122,5,3,25,1772.0,20,19.7,1.0,0.0,1.0,1.0,0.0,0.0,6.0,0.0,,,,,,
5423,117,5,3,29,2435.0,27,27.1,2.0,3.0,5.0,2.0,0.0,0.0,9.0,0.0,,,,,,
7393,105,5,3,2,122.0,2,1.4,1.0,0.0,1.0,1.0,0.0,0.0,0.0,0.0,,,,,,
1884,121,5,3,1,80.0,1,0.9,1.0,0.0,1.0,1.0,0.0,0.0,0.0,0.0,,,,,,
1984,117,5,3,2,76.0,1,0.8,0.0,0.0,0.0,0.0,0.0,0.0,0.0,0.0,,,,,,
8237,112,5,3,12,779.0,9,8.7,0.0,0.0,0.0,0.0,0.0,0.0,3.0,0.0,,,,,,
8238,121,5,3,14,1234.0,14,13.7,1.0,1.0,2.0,1.0,0.0,0.0,1.0,0.0,,,,,,
1293,122,5,3,1,1.0,0,0.0,0.0,0.0,0.0,0.0,0.0,0.0,0.0,0.0,,,,,,
1654,120,5,3,27,1970.0,24,21.9,0.0,1.0,1.0,0.0,0.0,0.0,5.0,0.0,,,,,,
9014,117,5,3,34,3060.0,34,34.0,0.0,0.0,0.0,0.0,0.0,0.0,0.0,0.0,,,,,,
11976,109,5,3,23,1011.0,12,11.2,1.0,2.0,3.0,1.0,0.0,0.0,1.0,0.0,,,,,,
9502,122,5,3,15,732.0,9,8.1,1.0,0.0,1.0,1.0,0.0,0.0,3.0,1.0,,,,,,
3656,111,5,3,19,1584.0,17,17.6,1.0,0.0,1.0,1.0,0.0,0.0,8.0,0.0,,,,,,
5838,117,5,3,4,20.0,0,0.2,0.0,0.0,0.0,0.0,0.0,0.0,0.0,0.0,,,,,,
7958,114,5,3,29,2054.0,25,22.8,2.0,7.0,9.0,2.0,0.0,0.0,10.0,1.0,,,,,,
8790,105,5,3,34,2659.0,31,29.5,5.0,3.0,8.0,5.0,0.0,0.0,5.0,0.0,,,,,,
11181,103,5,3,3,252.0,3,2.8,0.0,0.0,0.0,0.0,0.0,0.0,1.0,0.0,,,,,,
1659,105,5,3,2,26.0,0,0.3,0.0,0.0,0.0,0.0,0.0,0.0,0.0,0.0,,,,,,
6300,124,5,3,18,1106.0,12,12.3,0.0,0.0,0.0,0.0,0.0,0.0,2.0,0.0,,,,,,
11655,103,5,3,16,483.0,3,5.4,0.0,0.0,0.0,0.0,0.0,0.0,4.0,0.0,,,,,,
4786,108,5,3,1,11.0,0,0.1,0.0,0.0,0.0,0.0,0.0,0.0,0.0,0.0,,,,,,
9774,111,5,3,9,573.0,6,6.4,0.0,0.0,0.0,0.0,0.0,0.0,1.0,0.0,,,,,,
12960,115,5,3,2,9.0,0,0.1,0.0,0.0,0.0,0.0,0.0,0.0,0.0,0.0,,,,,,
13932,112,5,3,4,103.0,1,1.1,0.0,0.0,0.0,0.0,0.0,0.0,1.0,0.0,,,,,,
5735,122,5,3,15,1063.0,13,11.8,5.0,3.0,8.0,5.0,0.0,1.0,2.0,0.0,,,,,,
11386,116,5,3,5,417.0,4,4.6,0.0,0.0,0.0,0.0,0.0,0.0,0.0,0.0,,,,,,
7169,107,5,3,27,1997.0,23,22.2,4.0,4.0,8.0,4.0,0.0,0.0,5.0,0.0,,,,,,
2773,124,5,3,32,2696.0,31,30.0,1.0,3.0,4.0,1.0,0.0,0.0,11.0,0.0,,,,,,
6328,116,5,3,30,2620.0,30,29.1,0.0,0.0,0.0,0.0,0.0,0.0,5.0,1.0,,,,,,
4022,103,5,3,2,34.0,0,0.4,0.0,0.0,0.0,0.0,0.0,0.0,1.0,0.0,,,,,,
4232,116,5,3,7,265.0,3,2.9,0.0,0.0,0.0,0.0,0.0,0.0,0.0,0.0,,,,,,
2127,105,5,3,27,2416.0,27,26.8,1.0,0.0,1.0,1.0,0.0,0.0,6.0,0.0,,,,,,
6526,108,5,3,10,596.0,7,6.6,1.0,0.0,1.0,1.0,0.0,0.0,1.0,0.0,,,,,,
13356,115,5,3,4,181.0,2,2.0,0.0,0.0,0.0,0.0,0.0,0.0,2.0,0.0,,,,,,
12922,103,5,3,7,324.0,3,3.6,0.0,0.0,0.0,0.0,0.0,0.0,0.0,0.0,,,,,,
11915,111,5,3,30,2041.0,22,22.7,8.0,11.0,19.0,8.0,0.0,0.0,3.0,0.0,,,,,,
8483,109,5,3,34,3060.0,34,34.0,0.0,0.0,0.0,0.0,0.0,0.0,0.0,0.0,,,,,,
11491,116,5,3,30,2348.0,28,26.1,0.0,2.0,2.0,0.0,0.0,0.0,6.0,0.0,,,,,,
6999,115,5,3,26,1892.0,23,21.0,1.0,0.0,1.0,1.0,0.0,0.0,5.0,0.0,,,,,,
3529,121,5,3,14,1121.0,14,12.5,1.0,0.0,1.0,1.0,0.0,0.0,4.0,0.0,,,,,,
14475,104,5,3,2,5.0,0,0.1,0.0,0.0,0.0,0.0,0.0,0.0,0.0,0.0,,,,,,
6861,117,5,3,28,2303.0,27,25.6,3.0,8.0,11.0,3.0,0.0,0.0,7.0,0.0,,,,,,
9116,116,5,3,20,951.0,10,10.6,0.0,1.0,1.0,0.0,0.0,0.0,3.0,2.0,,,,,,
865,107,5,3,1,3.0,0,0.0,0.0,0.0,0.0,0.0,0.0,0.0,0.0,0.0,,,,,,
4687,116,5,3,6,224.0,3,2.5,1.0,1.0,2.0,1.0,0.0,0.0,1.0,0.0,,,,,,
3362,112,5,3,21,1420.0,17,15.8,0.0,0.0,0.0,0.0,0.0,0.0,9.0,2.0,,,,,,
11626,122,5,3,11,576.0,7,6.4,0.0,0.0,0.0,0.0,0.0,0.0,2.0,0.0,,,,,,
3143,108,5,3,11,352.0,3,3.9,0.0,0.0,0.0,0.0,0.0,0.0,0.0,1.0,,,,,,
8275,124,5,3,1,90.0,1,1.0,0.0,0.0,0.0,0.0,0.0,0.0,0.0,0.0,,,,,,
5175,105,5,3,2,180.0,2,2.0,0.0,0.0,0.0,0.0,0.0,0.0,0.0,0.0,,,,,,
8004,104,5,3,3,45.0,0,0.5,1.0,0.0,1.0,1.0,0.0,0.0,0.0,0.0,,,,,,
8845,114,5,3,1,8.0,0,0.1,0.0,0.0,0.0,0.0,0.0,0.0,0.0,0.0,,,,,,
13076,105,5,3,7,438.0,5,4.9,0.0,0.0,0.0,0.0,0.0,0.0,1.0,0.0,,,,,,
13284,115,5,3,25,1485.0,17,16.5,3.0,0.0,3.0,3.0,0.0,0.0,4.0,2.0,,,,,,
9205,103,5,3,8,309.0,3,3.4,0.0,0.0,0.0,0.0,0.0,0.0,0.0,0.0,,,,,,
10676,116,5,3,27,2051.0,23,22.8,1.0,0.0,1.0,1.0,0.0,0.0,3.0,1.0,,,,,,
2453,124,5,3,31,2592.0,29,28.8,3.0,1.0,4.0,3.0,0.0,0.0,5.0,0.0,,,,,,
7640,104,5,3,22,1460.0,16,16.2,0.0,0.0,0.0,0.0,0.0,0.0,1.0,0.0,,,,,,
7646,108,5,3,12,1080.0,12,12.0,0.0,0.0,0.0,0.0,0.0,0.0,3.0,0.0,,,,,,
3075,117,5,3,25,1964.0,21,21.8,0.0,0.0,0.0,0.0,0.0,0.0,5.0,1.0,,,,,,
11297,123,5,3,9,78.0,1,0.9,1.0,0.0,1.0,1.0,0.0,0.0,0.0,0.0,,,,,,
10189,120,5,3,2,16.0,0,0.2,0.0,0.0,0.0,0.0,0.0,0.0,0.0,0.0,,,,,,
6866,109,5,3,32,2554.0,28,28.4,16.0,5.0,21.0,10.0,6.0,7.0,4.0,0.0,,,,,,
14631,122,5,3,33,2778.0,32,30.9,9.0,8.0,17.0,7.0,2.0,2.0,3.0,0.0,,,,,,
13359,104,5,3,2,180.0,2,2.0,0.0,0.0,0.0,0.0,0.0,0.0,0.0,0.0,,,,,,
13396,120,5,3,5,192.0,2,2.1,0.0,0.0,0.0,0.0,0.0,0.0,0.0,0.0,,,,,,
952,112,5,3,10,314.0,2,3.5,0.0,1.0,1.0,0.0,0.0,0.0,1.0,0.0,,,,,,
12256,105,5,3,26,1259.0,14,14.0,6.0,4.0,10.0,3.0,3.0,4.0,0.0,0.0,,,,,,
13426,123,5,3,2,9.0,0,0.1,0.0,0.0,0.0,0.0,0.0,0.0,0.0,0.0,,,,,,
1210,115,5,3,9,607.0,8,6.7,0.0,0.0,0.0,0.0,0.0,0.0,1.0,0.0,,,,,,
11186,119,5,3,29,1730.0,20,19.2,21.0,6.0,27.0,20.0,1.0,1.0,1.0,0.0,,,,,,
11978,111,5,3,1,90.0,1,1.0,0.0,0.0,0.0,0.0,0.0,0.0,0.0,0.0,,,,,,
1577,107,5,3,18,1620.0,18,18.0,0.0,0.0,0.0,0.0,0.0,0.0,2.0,0.0,,,,,,
8849,120,5,3,28,858.0,5,9.5,2.0,1.0,3.0,2.0,0.0,0.0,2.0,0.0,,,,,,
1732,109,5,3,31,2766.0,31,30.7,4.0,1.0,5.0,4.0,0.0,0.0,8.0,1.0,,,,,,
11170,120,5,3,26,1628.0,20,18.1,4.0,1.0,5.0,4.0,0.0,1.0,6.0,0.0,,,,,,
5244,123,5,3,30,2352.0,27,26.1,4.0,5.0,9.0,2.0,2.0,2.0,6.0,0.0,,,,,,
7893,114,5,3,19,508.0,3,5.6,0.0,0.0,0.0,0.0,0.0,0.0,3.0,0.0,,,,,,
7478,107,5,3,1,4.0,0,0.0,0.0,0.0,0.0,0.0,0.0,0.0,0.0,0.0,,,,,,
8779,107,5,3,15,582.0,6,6.5,0.0,1.0,1.0,0.0,0.0,0.0,0.0,0.0,,,,,,
8781,111,5,3,2,16.0,0,0.2,0.0,0.0,0.0,0.0,0.0,0.0,0.0,0.0,,,,,,
1738,103,5,3,18,532.0,5,5.9,3.0,0.0,3.0,2.0,1.0,1.0,1.0,0.0,,,,,,
7581,108,5,3,1,4.0,0,0.0,0.0,0.0,0.0,0.0,0.0,0.0,0.0,0.0,,,,,,
13014,104,5,3,23,1945.0,22,21.6,3.0,2.0,5.0,3.0,0.0,0.0,6.0,0.0,,,,,,
8292,103,5,3,1,21.0,0,0.2,0.0,0.0,0.0,0.0,0.0,0.0,0.0,0.0,,,,,,
12888,105,5,3,2,4.0,0,0.0,0.0,0.0,0.0,0.0,0.0,0.0,0.0,0.0,,,,,,
13038,117,5,3,28,1064.0,8,11.8,6.0,4.0,10.0,6.0,0.0,0.0,3.0,0.0,,,,,,
1215,108,5,3,34,2225.0,27,24.7,1.0,2.0,3.0,1.0,0.0,0.0,2.0,0.0,,,,,,
14437,120,5,3,34,3060.0,34,34.0,0.0,0.0,0.0,0.0,0.0,0.0,1.0,0.0,,,,,,
1622,104,5,3,17,663.0,7,7.4,0.0,0.0,0.0,0.0,0.0,0.0,1.0,0.0,,,,,,
619,124,5,3,1,19.0,0,0.2,0.0,0.0,0.0,0.0,0.0,0.0,0.0,0.0,,,,,,
5021,119,5,3,24,2091.0,24,23.2,0.0,0.0,0.0,0.0,0.0,0.0,2.0,0.0,,,,,,
12766,116,5,3,2,12.0,0,0.1,0.0,0.0,0.0,0.0,0.0,0.0,0.0,0.0,,,,,,
3371,119,5,3,31,1730.0,18,19.2,6.0,6.0,12.0,6.0,0.0,0.0,1.0,0.0,,,,,,
5196,123,5,3,32,2717.0,30,30.2,1.0,2.0,3.0,1.0,0.0,0.0,7.0,0.0,,,,,,
3640,116,5,3,28,2307.0,28,25.6,4.0,2.0,6.0,4.0,0.0,0.0,8.0,0.0,,,,,,
5795,123,5,3,31,2639.0,31,29.3,1.0,1.0,2.0,1.0,0.0,0.0,7.0,0.0,,,,,,
7475,105,5,3,30,1322.0,13,14.7,3.0,2.0,5.0,3.0,0.0,0.0,1.0,0.0,,,,,,
972,117,5,3,2,46.0,0,0.5,0.0,0.0,0.0,0.0,0.0,0.0,0.0,0.0,,,,,,
6346,116,5,3,9,537.0,7,6.0,0.0,0.0,0.0,0.0,0.0,0.0,2.0,0.0,,,,,,
13120,115,5,3,7,242.0,2,2.7,0.0,0.0,0.0,0.0,0.0,0.0,2.0,1.0,,,,,,
1542,124,5,3,32,2689.0,31,29.9,3.0,2.0,5.0,3.0,0.0,0.0,6.0,0.0,,,,,,
10868,124,5,3,10,171.0,1,1.9,2.0,0.0,2.0,2.0,0.0,0.0,0.0,1.0,,,,,,
5986,103,5,3,18,697.0,7,7.7,0.0,0.0,0.0,0.0,0.0,0.0,1.0,0.0,,,,,,
11628,122,5,3,29,2575.0,29,28.6,1.0,0.0,1.0,1.0,0.0,0.0,3.0,0.0,,,,,,
9922,116,5,3,8,170.0,1,1.9,1.0,0.0,1.0,1.0,0.0,0.0,0.0,0.0,,,,,,
2119,114,5,3,29,1841.0,19,20.5,6.0,4.0,10.0,6.0,0.0,0.0,5.0,0.0,,,,,,
3887,123,5,3,27,2293.0,27,25.5,14.0,3.0,17.0,14.0,0.0,0.0,5.0,0.0,,,,,,
12262,105,5,3,20,899.0,10,10.0,3.0,2.0,5.0,2.0,1.0,1.0,2.0,0.0,,,,,,
7719,115,5,3,20,1028.0,10,11.4,0.0,0.0,0.0,0.0,0.0,0.0,5.0,0.0,,,,,,
8627,112,5,3,4,122.0,2,1.4,0.0,0.0,0.0,0.0,0.0,0.0,1.0,0.0,,,,,,
14619,103,5,3,24,849.0,8,9.4,2.0,0.0,2.0,2.0,0.0,0.0,1.0,0.0,,,,,,
3725,105,5,3,19,1105.0,12,12.3,0.0,1.0,1.0,0.0,0.0,0.0,1.0,0.0,,,,,,
9528,109,5,3,22,1065.0,12,11.8,4.0,2.0,6.0,4.0,0.0,0.0,4.0,0.0,,,,,,
6922,115,5,3,25,1773.0,21,19.7,0.0,2.0,2.0,0.0,0.0,0.0,6.0,1.0,,,,,,
7525,123,5,3,1,5.0,0,0.1,0.0,0.0,0.0,0.0,0.0,0.0,1.0,0.0,,,,,,
8816,111,5,3,29,1589.0,16,17.7,5.0,4.0,9.0,5.0,0.0,0.0,2.0,0.0,,,,,,
11916,108,5,3,2,25.0,0,0.3,0.0,0.0,0.0,0.0,0.0,0.0,0.0,0.0,,,,,,
12763,121,5,3,16,844.0,9,9.4,1.0,1.0,2.0,1.0,0.0,0.0,3.0,0.0,,,,,,
14329,103,5,3,33,2970.0,33,33.0,0.0,0.0,0.0,0.0,0.0,0.0,4.0,0.0,,,,,,
7961,122,5,3,7,217.0,3,2.4,0.0,0.0,0.0,0.0,0.0,0.0,2.0,0.0,,,,,,
11709,108,5,3,18,1387.0,16,15.4,4.0,2.0,6.0,2.0,2.0,2.0,3.0,0.0,,,,,,
1257,108,5,3,23,1045.0,11,11.6,1.0,1.0,2.0,1.0,0.0,0.0,3.0,0.0,,,,,,
7944,121,5,3,6,123.0,1,1.4,0.0,0.0,0.0,0.0,0.0,0.0,0.0,0.0,,,,,,
4876,121,5,3,1,45.0,0,0.5,0.0,0.0,0.0,0.0,0.0,0.0,0.0,0.0,,,,,,
5595,116,5,3,11,241.0,1,2.7,0.0,0.0,0.0,0.0,0.0,0.0,1.0,0.0,,,,,,
13850,112,5,3,20,930.0,10,10.3,2.0,2.0,4.0,2.0,0.0,0.0,2.0,0.0,,,,,,
6358,116,5,3,14,216.0,2,2.4,0.0,0.0,0.0,0.0,0.0,0.0,1.0,0.0,,,,,,
10308,120,5,3,13,1125.0,13,12.5,0.0,1.0,1.0,0.0,0.0,0.0,2.0,0.0,,,,,,
14362,124,5,3,31,2333.0,27,25.9,5.0,4.0,9.0,5.0,0.0,0.0,2.0,0.0,,,,,,
3313,124,5,3,8,222.0,2,2.5,0.0,0.0,0.0,0.0,0.0,0.0,0.0,0.0,,,,,,
509,114,5,3,19,1153.0,13,12.8,3.0,0.0,3.0,3.0,0.0,0.0,1.0,0.0,,,,,,
1069,109,5,3,20,1276.0,16,14.2,0.0,0.0,0.0,0.0,0.0,0.0,3.0,0.0,,,,,,
1243,109,5,3,14,736.0,10,8.2,1.0,1.0,2.0,1.0,0.0,1.0,1.0,0.0,,,,,,
1170,121,5,3,17,381.0,2,4.2,3.0,0.0,3.0,3.0,0.0,0.0,1.0,0.0,,,,,,
9506,107,5,3,16,1440.0,16,16.0,0.0,0.0,0.0,0.0,0.0,0.0,2.0,0.0,,,,,,
984,112,5,3,14,1048.0,12,11.6,10.0,3.0,13.0,10.0,0.0,0.0,0.0,0.0,,,,,,
989,121,5,3,19,1037.0,11,11.5,3.0,2.0,5.0,3.0,0.0,0.0,2.0,0.0,,,,,,
6871,108,5,3,25,2112.0,24,23.5,0.0,0.0,0.0,0.0,0.0,0.0,4.0,0.0,,,,,,
12565,107,5,3,6,84.0,0,0.9,0.0,0.0,0.0,0.0,0.0,0.0,0.0,0.0,,,,,,
9394,112,5,3,34,2804.0,32,31.2,21.0,5.0,26.0,14.0,7.0,9.0,3.0,0.0,,,,,,
390,121,5,3,16,813.0,9,9.0,2.0,1.0,3.0,2.0,0.0,0.0,1.0,0.0,,,,,,
4795,109,5,3,30,1785.0,20,19.8,2.0,0.0,2.0,2.0,0.0,0.0,3.0,0.0,,,,,,
1668,115,5,3,1,23.0,0,0.3,0.0,0.0,0.0,0.0,0.0,0.0,0.0,0.0,,,,,,
4184,117,5,3,33,2565.0,30,28.5,12.0,8.0,20.0,12.0,0.0,0.0,2.0,0.0,,,,,,
1733,116,5,3,19,348.0,2,3.9,2.0,0.0,2.0,2.0,0.0,0.0,0.0,0.0,,,,,,
9403,105,5,3,22,1678.0,20,18.6,0.0,0.0,0.0,0.0,0.0,0.0,3.0,2.0,,,,,,
139,119,5,3,25,2066.0,24,23.0,4.0,6.0,10.0,4.0,0.0,0.0,4.0,0.0,,,,,,
4548,103,5,3,33,2672.0,31,29.7,1.0,2.0,3.0,1.0,0.0,0.0,2.0,0.0,,,,,,
5259,109,5,3,25,1755.0,21,19.5,5.0,3.0,8.0,5.0,0.0,0.0,3.0,0.0,,,,,,
992,112,5,3,13,519.0,8,5.8,2.0,4.0,6.0,2.0,0.0,0.0,1.0,1.0,,,,,,
5310,121,5,3,26,1684.0,18,18.7,0.0,0.0,0.0,0.0,0.0,0.0,3.0,0.0,,,,,,
7816,124,5,3,6,498.0,5,5.5,0.0,0.0,0.0,0.0,0.0,0.0,0.0,0.0,,,,,,
8594,112,5,3,33,2613.0,29,29.0,7.0,7.0,14.0,7.0,0.0,0.0,0.0,0.0,,,,,,
8496,119,5,3,16,877.0,10,9.7,0.0,0.0,0.0,0.0,0.0,0.0,2.0,0.0,,,,,,
7732,104,5,3,30,2124.0,26,23.6,1.0,2.0,3.0,1.0,0.0,0.0,4.0,1.0,,,,,,
2391,103,5,3,3,270.0,3,3.0,0.0,0.0,0.0,0.0,0.0,0.0,0.0,0.0,,,,,,
5688,107,5,3,12,230.0,3,2.6,0.0,0.0,0.0,0.0,0.0,0.0,0.0,0.0,,,,,,
11631,112,5,3,30,2664.0,30,29.6,2.0,4.0,6.0,2.0,0.0,0.0,5.0,0.0,,,,,,
5247,120,5,3,11,391.0,2,4.3,0.0,1.0,1.0,0.0,0.0,0.0,2.0,1.0,,,,,,
4918,114,5,3,23,717.0,6,8.0,3.0,2.0,5.0,3.0,0.0,0.0,0.0,0.0,,,,,,
11854,117,5,3,2,13.0,0,0.1,0.0,0.0,0.0,0.0,0.0,0.0,0.0,0.0,,,,,,
5818,109,5,3,16,904.0,10,10.0,0.0,1.0,1.0,0.0,0.0,0.0,4.0,0.0,,,,,,
14350,115,5,3,4,77.0,1,0.9,0.0,0.0,0.0,0.0,0.0,0.0,0.0,0.0,,,,,,
7384,120,5,3,33,2690.0,31,29.9,4.0,3.0,7.0,4.0,0.0,0.0,1.0,0.0,,,,,,
6457,121,5,3,11,927.0,11,10.3,0.0,1.0,1.0,0.0,0.0,0.0,0.0,0.0,,,,,,
5810,114,5,3,2,180.0,2,2.0,0.0,0.0,0.0,0.0,0.0,0.0,0.0,0.0,,,,,,
6925,121,5,3,23,1178.0,14,13.1,0.0,1.0,1.0,0.0,0.0,0.0,4.0,0.0,,,,,,
8812,120,5,3,3,107.0,2,1.2,0.0,0.0,0.0,0.0,0.0,0.0,0.0,0.0,,,,,,
6753,120,5,3,13,545.0,5,6.1,0.0,0.0,0.0,0.0,0.0,0.0,0.0,0.0,,,,,,
7520,123,5,3,3,270.0,3,3.0,0.0,0.0,0.0,0.0,0.0,0.0,0.0,0.0,,,,,,
11434,104,5,3,26,1009.0,10,11.2,0.0,1.0,1.0,0.0,0.0,0.0,3.0,1.0,,,,,,
7174,121,5,3,9,334.0,3,3.7,1.0,0.0,1.0,1.0,0.0,0.0,0.0,0.0,,,,,,
1342,107,5,3,26,943.0,9,10.5,0.0,2.0,2.0,0.0,0.0,0.0,1.0,0.0,,,,,,
7267,104,5,3,30,2640.0,30,29.3,6.0,0.0,6.0,3.0,3.0,4.0,7.0,0.0,,,,,,
112,108,5,3,10,686.0,8,7.6,0.0,0.0,0.0,0.0,0.0,0.0,2.0,0.0,,,,,,
5277,104,5,3,26,2093.0,26,23.3,10.0,2.0,12.0,10.0,0.0,0.0,5.0,0.0,,,,,,
14424,120,5,3,12,634.0,8,7.0,1.0,1.0,2.0,1.0,0.0,0.0,4.0,0.0,,,,,,
13594,116,5,3,12,512.0,6,5.7,1.0,2.0,3.0,1.0,0.0,0.0,1.0,0.0,,,,,,
1521,121,5,3,33,2578.0,31,28.6,17.0,3.0,20.0,12.0,5.0,8.0,2.0,0.0,,,,,,
7421,103,5,3,2,31.0,0,0.3,0.0,0.0,0.0,0.0,0.0,0.0,0.0,0.0,,,,,,
14152,124,5,3,24,1022.0,11,11.4,1.0,1.0,2.0,1.0,0.0,0.0,3.0,0.0,,,,,,
5116,121,5,3,13,662.0,8,7.4,0.0,1.0,1.0,0.0,0.0,0.0,0.0,0.0,,,,,,
10918,119,5,3,2,76.0,0,0.8,0.0,0.0,0.0,0.0,0.0,0.0,0.0,0.0,,,,,,
10933,123,5,3,1,10.0,0,0.1,0.0,0.0,0.0,0.0,0.0,0.0,0.0,0.0,,,,,,
8073,119,5,3,30,1663.0,19,18.5,6.0,6.0,12.0,6.0,0.0,0.0,1.0,0.0,,,,,,
14417,107,5,3,31,2096.0,25,23.3,2.0,0.0,2.0,2.0,0.0,0.0,4.0,0.0,,,,,,
13416,114,5,3,27,2383.0,27,26.5,4.0,0.0,4.0,4.0,0.0,0.0,1.0,0.0,,,,,,
11937,120,5,3,4,78.0,0,0.9,0.0,0.0,0.0,0.0,0.0,0.0,0.0,0.0,,,,,,
14124,115,5,3,30,1118.0,10,12.4,1.0,1.0,2.0,1.0,0.0,0.0,4.0,0.0,,,,,,
104,108,5,3,13,975.0,11,10.8,0.0,0.0,0.0,0.0,0.0,0.0,2.0,1.0,,,,,,
11704,119,5,3,2,23.0,0,0.3,0.0,0.0,0.0,0.0,0.0,0.0,0.0,0.0,,,,,,
7141,124,5,3,28,1673.0,21,18.6,6.0,3.0,9.0,6.0,0.0,0.0,2.0,0.0,,,,,,
2392,120,5,3,28,2190.0,26,24.3,0.0,1.0,1.0,0.0,0.0,0.0,4.0,2.0,,,,,,
5414,108,5,3,5,450.0,5,5.0,0.0,0.0,0.0,0.0,0.0,0.0,2.0,0.0,,,,,,
11585,114,5,3,19,1710.0,19,19.0,0.0,0.0,0.0,0.0,0.0,0.0,1.0,0.0,,,,,,
7841,107,5,3,16,851.0,10,9.5,3.0,1.0,4.0,2.0,1.0,1.0,2.0,0.0,,,,,,
11821,119,5,3,10,358.0,2,4.0,2.0,1.0,3.0,1.0,1.0,1.0,0.0,0.0,,,,,,
4904,112,5,3,25,2020.0,22,22.4,0.0,0.0,0.0,0.0,0.0,0.0,1.0,0.0,,,,,,
77,120,5,3,4,133.0,1,1.5,0.0,0.0,0.0,0.0,0.0,0.0,0.0,0.0,,,,,,
944,120,5,3,24,1293.0,17,14.4,0.0,0.0,0.0,0.0,0.0,0.0,3.0,1.0,,,,,,
5803,121,5,3,13,469.0,4,5.2,2.0,1.0,3.0,2.0,0.0,0.0,1.0,0.0,,,,,,
5802,112,5,3,8,360.0,3,4.0,0.0,0.0,0.0,0.0,0.0,0.0,0.0,0.0,,,,,,
3982,112,5,3,1,12.0,0,0.1,0.0,0.0,0.0,0.0,0.0,0.0,0.0,0.0,,,,,,
2058,115,5,3,11,756.0,8,8.4,0.0,0.0,0.0,0.0,0.0,0.0,6.0,1.0,,,,,,
5121,108,5,3,15,885.0,12,9.8,4.0,0.0,4.0,4.0,0.0,0.0,0.0,0.0,,,,,,
12452,111,5,3,14,951.0,12,10.6,0.0,0.0,0.0,0.0,0.0,0.0,2.0,0.0,,,,,,
2834,107,5,3,12,567.0,6,6.3,1.0,0.0,1.0,1.0,0.0,0.0,1.0,0.0,,,,,,
7728,119,5,3,14,916.0,11,10.2,4.0,3.0,7.0,4.0,0.0,0.0,0.0,0.0,,,,,,
11985,108,5,3,14,637.0,6,7.1,2.0,1.0,3.0,2.0,0.0,0.0,5.0,0.0,,,,,,
4855,117,5,3,28,1829.0,20,20.3,11.0,4.0,15.0,7.0,4.0,4.0,1.0,0.0,,,,,,
739,111,5,3,30,2051.0,24,22.8,15.0,2.0,17.0,10.0,5.0,6.0,5.0,0.0,,,,,,
14503,109,5,3,2,9.0,0,0.1,0.0,0.0,0.0,0.0,0.0,0.0,0.0,0.0,,,,,,
387,116,5,3,12,1080.0,12,12.0,0.0,0.0,0.0,0.0,0.0,0.0,1.0,0.0,,,,,,
7598,105,5,3,30,2686.0,29,29.8,3.0,2.0,5.0,0.0,3.0,3.0,5.0,0.0,,,,,,
10203,109,5,3,12,309.0,4,3.4,2.0,1.0,3.0,2.0,0.0,0.0,1.0,0.0,,,,,,
4880,122,5,3,34,3060.0,34,34.0,0.0,0.0,0.0,0.0,0.0,0.0,5.0,0.0,,,,,,
7334,105,5,3,16,1378.0,15,15.3,0.0,1.0,1.0,0.0,0.0,0.0,3.0,0.0,,,,,,
6462,105,5,3,2,102.0,1,1.1,0.0,0.0,0.0,0.0,0.0,0.0,0.0,0.0,,,,,,
1900,115,5,3,30,2700.0,30,30.0,0.0,0.0,0.0,0.0,0.0,0.0,0.0,0.0,,,,,,
11642,105,5,3,20,1526.0,17,17.0,2.0,2.0,4.0,2.0,0.0,0.0,7.0,0.0,,,,,,
6927,103,5,3,34,3060.0,34,34.0,0.0,1.0,1.0,0.0,0.0,0.0,3.0,0.0,,,,,,
4399,123,5,3,27,1779.0,20,19.8,4.0,3.0,7.0,4.0,0.0,0.0,2.0,0.0,,,,,,
3630,104,5,3,32,2880.0,32,32.0,0.0,2.0,2.0,0.0,0.0,0.0,4.0,0.0,,,,,,
4123,103,5,3,28,1629.0,18,18.1,9.0,0.0,9.0,9.0,0.0,0.0,2.0,0.0,,,,,,
6737,116,5,3,29,2048.0,23,22.8,2.0,1.0,3.0,2.0,0.0,0.0,3.0,0.0,,,,,,
8360,116,5,3,16,816.0,8,9.1,2.0,1.0,3.0,2.0,0.0,0.0,1.0,0.0,,,,,,
11685,112,5,3,19,680.0,5,7.6,1.0,2.0,3.0,1.0,0.0,0.0,1.0,1.0,,,,,,
4882,107,5,3,31,2768.0,31,30.8,2.0,1.0,3.0,2.0,0.0,0.0,5.0,0.0,,,,,,
2077,105,5,3,2,97.0,1,1.1,0.0,0.0,0.0,0.0,0.0,0.0,1.0,0.0,,,,,,
3882,107,5,3,1,27.0,0,0.3,0.0,0.0,0.0,0.0,0.0,0.0,0.0,0.0,,,,,,
1315,116,5,3,18,1563.0,18,17.4,0.0,0.0,0.0,0.0,0.0,0.0,2.0,0.0,,,,,,
6931,117,5,3,2,35.0,0,0.4,0.0,0.0,0.0,0.0,0.0,0.0,0.0,0.0,,,,,,
13645,117,5,3,22,775.0,7,8.6,1.0,0.0,1.0,1.0,0.0,0.0,1.0,0.0,,,,,,
10126,123,5,3,2,12.0,0,0.1,0.0,0.0,0.0,0.0,0.0,0.0,0.0,0.0,,,,,,
11164,115,5,3,12,361.0,2,4.0,1.0,1.0,2.0,1.0,0.0,0.0,1.0,0.0,,,,,,
3285,108,5,3,27,1805.0,20,20.1,1.0,4.0,5.0,1.0,0.0,0.0,7.0,2.0,,,,,,
7971,103,5,3,2,8.0,0,0.1,0.0,0.0,0.0,0.0,0.0,0.0,0.0,0.0,,,,,,
14581,122,5,3,12,790.0,10,8.8,0.0,0.0,0.0,0.0,0.0,0.0,4.0,0.0,,,,,,
4119,104,5,3,2,15.0,0,0.2,0.0,0.0,0.0,0.0,0.0,0.0,1.0,0.0,,,,,,
13081,114,5,3,21,1025.0,12,11.4,0.0,1.0,1.0,0.0,0.0,0.0,5.0,1.0,,,,,,
5485,105,5,3,32,2323.0,27,25.8,1.0,0.0,1.0,1.0,0.0,0.0,5.0,0.0,,,,,,
4735,124,5,3,31,1516.0,17,16.8,5.0,1.0,6.0,5.0,0.0,0.0,5.0,1.0,,,,,,
326,111,5,3,32,1985.0,20,22.1,1.0,4.0,5.0,1.0,0.0,0.0,1.0,0.0,,,,,,
11744,114,5,3,15,1350.0,15,15.0,0.0,0.0,0.0,0.0,0.0,0.0,1.0,0.0,,,,,,
5284,105,5,3,4,32.0,0,0.4,0.0,0.0,0.0,0.0,0.0,0.0,0.0,0.0,,,,,,
10822,115,5,3,7,581.0,7,6.5,0.0,0.0,0.0,0.0,0.0,0.0,2.0,0.0,,,,,,
17,109,5,3,1,2.0,0,0.0,0.0,0.0,0.0,0.0,0.0,0.0,0.0,0.0,,,,,,
13187,121,5,3,18,1486.0,17,16.5,0.0,0.0,0.0,0.0,0.0,0.0,0.0,0.0,,,,,,
332,109,5,3,24,1733.0,20,19.3,0.0,0.0,0.0,0.0,0.0,0.0,3.0,0.0,,,,,,
11107,111,5,3,1,67.0,1,0.7,0.0,0.0,0.0,0.0,0.0,0.0,0.0,0.0,,,,,,
12772,123,5,3,25,768.0,7,8.5,1.0,1.0,2.0,1.0,0.0,0.0,2.0,0.0,,,,,,
9271,119,5,3,22,1725.0,19,19.2,2.0,0.0,2.0,2.0,0.0,0.0,3.0,0.0,,,,,,
1227,120,5,3,6,171.0,2,1.9,0.0,0.0,0.0,0.0,0.0,0.0,0.0,0.0,,,,,,
6829,105,5,3,17,496.0,5,5.5,1.0,0.0,1.0,1.0,0.0,0.0,2.0,0.0,,,,,,
5297,104,5,3,17,1046.0,11,11.6,0.0,0.0,0.0,0.0,0.0,0.0,5.0,0.0,,,,,,
2692,111,5,3,29,2370.0,27,26.3,0.0,4.0,4.0,0.0,0.0,0.0,6.0,0.0,,,,,,
3839,114,5,3,3,68.0,1,0.8,0.0,0.0,0.0,0.0,0.0,0.0,0.0,0.0,,,,,,
10564,111,5,3,29,2010.0,25,22.3,0.0,1.0,1.0,0.0,0.0,0.0,1.0,0.0,,,,,,
12382,104,5,3,5,66.0,0,0.7,0.0,0.0,0.0,0.0,0.0,0.0,1.0,0.0,,,,,,
1715,121,5,3,29,2078.0,23,23.1,1.0,3.0,4.0,1.0,0.0,0.0,3.0,0.0,,,,,,
10529,112,5,3,22,1042.0,13,11.6,4.0,4.0,8.0,4.0,0.0,0.0,3.0,1.0,,,,,,
2589,114,5,3,22,1501.0,17,16.7,0.0,0.0,0.0,0.0,0.0,0.0,3.0,0.0,,,,,,
12790,119,5,3,20,808.0,8,9.0,2.0,2.0,4.0,2.0,0.0,0.0,1.0,0.0,,,,,,
4134,109,5,3,10,222.0,1,2.5,0.0,0.0,0.0,0.0,0.0,0.0,3.0,0.0,,,,,,
5532,119,5,3,9,340.0,4,3.8,1.0,1.0,2.0,1.0,0.0,0.0,0.0,0.0,,,,,,
5420,105,5,3,1,21.0,0,0.2,0.0,0.0,0.0,0.0,0.0,0.0,0.0,0.0,,,,,,
9224,124,5,3,30,2496.0,29,27.7,1.0,1.0,2.0,1.0,0.0,0.0,1.0,1.0,,,,,,
4280,108,5,3,29,2543.0,29,28.3,0.0,1.0,1.0,0.0,0.0,0.0,15.0,1.0,,,,,,
5399,121,5,3,4,63.0,0,0.7,1.0,0.0,1.0,1.0,0.0,0.0,0.0,0.0,,,,,,
1750,115,5,3,7,424.0,6,4.7,0.0,0.0,0.0,0.0,0.0,0.0,2.0,1.0,,,,,,
1749,112,5,3,3,26.0,0,0.3,0.0,0.0,0.0,0.0,0.0,0.0,0.0,0.0,,,,,,
7437,121,5,3,12,544.0,5,6.0,2.0,0.0,2.0,2.0,0.0,0.0,0.0,0.0,,,,,,
4311,103,5,3,32,1893.0,22,21.0,2.0,3.0,5.0,2.0,0.0,0.0,1.0,0.0,,,,,,
10948,119,5,3,24,1676.0,19,18.6,1.0,3.0,4.0,1.0,0.0,0.0,3.0,0.0,,,,,,
1347,117,5,3,18,825.0,8,9.2,0.0,0.0,0.0,0.0,0.0,0.0,2.0,0.0,,,,,,
10444,108,5,3,10,588.0,7,6.5,0.0,1.0,1.0,0.0,0.0,0.0,2.0,0.0,,,,,,
5023,104,5,3,29,2280.0,26,25.3,0.0,1.0,1.0,0.0,0.0,0.0,2.0,0.0,,,,,,
11724,112,5,3,27,1589.0,21,17.7,1.0,3.0,4.0,1.0,0.0,0.0,1.0,0.0,,,,,,
11789,124,5,3,13,456.0,5,5.1,0.0,1.0,1.0,0.0,0.0,0.0,0.0,0.0,,,,,,
13458,109,5,3,30,1928.0,21,21.4,2.0,0.0,2.0,2.0,0.0,0.0,5.0,0.0,,,,,,
8511,114,5,3,8,117.0,0,1.3,0.0,0.0,0.0,0.0,0.0,0.0,0.0,0.0,,,,,,
4923,111,5,3,34,1449.0,13,16.1,11.0,6.0,17.0,8.0,3.0,4.0,2.0,0.0,,,,,,
5609,122,5,3,3,26.0,0,0.3,0.0,0.0,0.0,0.0,0.0,0.0,0.0,0.0,,,,,,
13273,114,5,3,31,2231.0,27,24.8,6.0,3.0,9.0,6.0,0.0,0.0,4.0,0.0,,,,,,
8514,115,5,3,10,715.0,8,7.9,1.0,0.0,1.0,1.0,0.0,0.0,0.0,0.0,,,,,,
13340,117,5,3,5,58.0,0,0.6,1.0,0.0,1.0,1.0,0.0,0.0,0.0,0.0,,,,,,
10315,116,5,3,30,1252.0,11,13.9,5.0,0.0,5.0,5.0,0.0,0.0,3.0,0.0,,,,,,
4553,116,5,3,9,242.0,3,2.7,0.0,0.0,0.0,0.0,0.0,0.0,1.0,0.0,,,,,,
3456,123,5,3,32,2568.0,29,28.5,2.0,7.0,9.0,2.0,0.0,0.0,4.0,1.0,,,,,,
4810,120,5,3,6,84.0,0,0.9,0.0,0.0,0.0,0.0,0.0,0.0,1.0,0.0,,,,,,
14322,115,5,3,14,946.0,10,10.5,0.0,0.0,0.0,0.0,0.0,0.0,3.0,0.0,,,,,,
321,122,5,3,22,1039.0,13,11.5,0.0,1.0,1.0,0.0,0.0,0.0,2.0,0.0,,,,,,
14540,117,5,3,11,204.0,2,2.3,2.0,1.0,3.0,2.0,0.0,0.0,0.0,0.0,,,,,,
8365,122,5,3,24,1045.0,12,11.6,0.0,1.0,1.0,0.0,0.0,0.0,2.0,0.0,,,,,,
10577,109,5,3,22,1190.0,14,13.2,0.0,1.0,1.0,0.0,0.0,0.0,4.0,0.0,,,,,,
9278,120,5,3,19,1692.0,19,18.8,4.0,2.0,6.0,4.0,0.0,0.0,5.0,0.0,,,,,,
7373,107,5,3,11,952.0,11,10.6,1.0,2.0,3.0,1.0,0.0,0.0,1.0,1.0,,,,,,
7375,123,5,3,8,296.0,2,3.3,0.0,0.0,0.0,0.0,0.0,0.0,0.0,0.0,,,,,,
8286,104,5,3,2,13.0,0,0.1,0.0,0.0,0.0,0.0,0.0,0.0,1.0,0.0,,,,,,
3558,122,5,3,8,181.0,3,2.0,0.0,0.0,0.0,0.0,0.0,0.0,0.0,0.0,,,,,,
10004,122,5,3,26,2306.0,25,25.6,1.0,2.0,3.0,1.0,0.0,0.0,1.0,0.0,,,,,,
1988,112,5,3,15,383.0,5,4.3,1.0,0.0,1.0,1.0,0.0,0.0,2.0,0.0,,,,,,
8783,121,5,3,12,430.0,4,4.8,2.0,0.0,2.0,2.0,0.0,0.0,1.0,0.0,,,,,,
7567,120,5,3,32,2649.0,31,29.4,11.0,2.0,13.0,11.0,0.0,0.0,5.0,0.0,,,,,,
12732,123,5,3,31,2107.0,26,23.4,6.0,4.0,10.0,6.0,0.0,0.0,1.0,0.0,,,,,,
14323,117,5,3,3,154.0,2,1.7,0.0,0.0,0.0,0.0,0.0,0.0,0.0,0.0,,,,,,
14533,117,5,3,23,1932.0,22,21.5,3.0,0.0,3.0,3.0,0.0,0.0,5.0,0.0,,,,,,
7377,115,5,3,15,441.0,4,4.9,0.0,0.0,0.0,0.0,0.0,0.0,0.0,0.0,,,,,,
11872,107,5,3,27,1061.0,11,11.8,1.0,0.0,1.0,1.0,0.0,0.0,2.0,0.0,,,,,,
14196,115,5,3,8,401.0,3,4.5,0.0,0.0,0.0,0.0,0.0,0.0,0.0,0.0,,,,,,
13286,117,5,3,18,1131.0,12,12.6,1.0,2.0,3.0,1.0,0.0,0.0,2.0,0.0,,,,,,
8288,107,5,3,31,2459.0,28,27.3,0.0,0.0,0.0,0.0,0.0,0.0,4.0,0.0,,,,,,
6603,119,5,3,29,1844.0,22,20.5,3.0,8.0,11.0,3.0,0.0,0.0,1.0,0.0,,,,,,
10060,121,5,3,11,688.0,7,7.6,0.0,0.0,0.0,0.0,0.0,0.0,1.0,1.0,,,,,,
13192,107,5,3,8,289.0,2,3.2,1.0,0.0,1.0,1.0,0.0,0.0,0.0,0.0,,,,,,
1949,117,5,3,1,13.0,0,0.1,0.0,0.0,0.0,0.0,0.0,0.0,0.0,0.0,,,,,,
10343,111,5,3,31,2726.0,30,30.3,0.0,0.0,0.0,0.0,0.0,0.0,2.0,0.0,,,,,,
93,105,5,3,22,1707.0,19,19.0,1.0,0.0,1.0,1.0,0.0,0.0,4.0,1.0,,,,,,
5562,103,5,3,24,943.0,8,10.5,3.0,1.0,4.0,2.0,1.0,1.0,0.0,0.0,,,,,,
11869,124,5,3,7,623.0,7,6.9,0.0,1.0,1.0,0.0,0.0,0.0,0.0,0.0,,,,,,
1526,115,5,3,16,1166.0,14,13.0,4.0,1.0,5.0,3.0,1.0,2.0,2.0,0.0,,,,,,
11681,116,5,3,1,16.0,0,0.2,0.0,0.0,0.0,0.0,0.0,0.0,0.0,0.0,,,,,,
4115,111,5,3,23,1052.0,13,11.7,3.0,1.0,4.0,3.0,0.0,0.0,2.0,0.0,,,,,,
11731,115,5,3,27,1689.0,20,18.8,1.0,0.0,1.0,1.0,0.0,0.0,11.0,0.0,,,,,,
8739,108,5,3,21,1460.0,16,16.2,6.0,1.0,7.0,6.0,0.0,0.0,3.0,1.0,,,,,,
9386,122,5,3,2,125.0,2,1.4,0.0,0.0,0.0,0.0,0.0,0.0,2.0,0.0,,,,,,
5293,108,5,3,17,416.0,1,4.6,1.0,0.0,1.0,1.0,0.0,0.0,5.0,0.0,,,,,,
7095,120,5,3,22,1695.0,20,18.8,1.0,0.0,1.0,1.0,0.0,0.0,5.0,1.0,,,,,,
7552,121,5,3,10,299.0,3,3.3,0.0,2.0,2.0,0.0,0.0,0.0,0.0,0.0,,,,,,
1833,122,5,3,13,528.0,4,5.9,0.0,0.0,0.0,0.0,0.0,0.0,0.0,0.0,,,,,,
14141,111,5,3,1,8.0,0,0.1,0.0,0.0,0.0,0.0,0.0,0.0,0.0,0.0,,,,,,
1789,115,5,3,22,1799.0,21,20.0,0.0,0.0,0.0,0.0,0.0,0.0,1.0,0.0,,,,,,
1181,123,5,3,10,539.0,6,6.0,0.0,0.0,0.0,0.0,0.0,0.0,5.0,1.0,,,,,,
218,104,5,3,31,957.0,9,10.6,4.0,1.0,5.0,4.0,0.0,0.0,1.0,1.0,,,,,,
2636,107,5,3,13,1169.0,13,13.0,0.0,2.0,2.0,0.0,0.0,0.0,2.0,1.0,,,,,,
4778,104,5,3,9,273.0,2,3.0,0.0,0.0,0.0,0.0,0.0,0.0,0.0,0.0,,,,,,
14020,117,5,3,4,36.0,0,0.4,0.0,0.0,0.0,0.0,0.0,0.0,0.0,0.0,,,,,,
5624,120,5,3,1,3.0,0,0.0,0.0,0.0,0.0,0.0,0.0,0.0,0.0,0.0,,,,,,
5030,111,5,3,3,186.0,2,2.1,2.0,0.0,2.0,2.0,0.0,0.0,1.0,0.0,,,,,,
4813,104,5,3,20,1654.0,20,18.4,1.0,0.0,1.0,1.0,0.0,0.0,1.0,1.0,,,,,,
6539,122,5,3,1,5.0,0,0.1,0.0,0.0,0.0,0.0,0.0,0.0,0.0,0.0,,,,,,
78,123,5,3,17,471.0,3,5.2,1.0,1.0,2.0,1.0,0.0,0.0,1.0,0.0,,,,,,
7541,114,5,3,12,391.0,5,4.3,0.0,1.0,1.0,0.0,0.0,0.0,2.0,0.0,,,,,,
14621,103,5,3,10,343.0,4,3.8,0.0,0.0,0.0,0.0,0.0,0.0,1.0,0.0,,,,,,
1946,122,5,3,1,90.0,1,1.0,0.0,0.0,0.0,0.0,0.0,0.0,0.0,0.0,,,,,,
3841,104,5,3,28,2344.0,28,26.0,1.0,3.0,4.0,1.0,0.0,0.0,7.0,0.0,,,,,,
14247,119,5,3,28,2132.0,23,23.7,0.0,1.0,1.0,0.0,0.0,0.0,2.0,0.0,,,,,,
10708,116,5,3,26,2017.0,23,22.4,0.0,2.0,2.0,0.0,0.0,0.0,9.0,0.0,,,,,,
10709,115,5,3,9,447.0,4,5.0,0.0,0.0,0.0,0.0,0.0,0.0,0.0,0.0,,,,,,
7676,122,5,3,1,10.0,0,0.1,0.0,0.0,0.0,0.0,0.0,0.0,0.0,0.0,,,,,,
6937,120,5,3,7,380.0,6,4.2,1.0,0.0,1.0,1.0,0.0,0.0,0.0,0.0,,,,,,
13371,104,5,3,2,45.0,0,0.5,0.0,0.0,0.0,0.0,0.0,0.0,0.0,0.0,,,,,,
13571,107,5,3,20,1113.0,12,12.4,1.0,0.0,1.0,1.0,0.0,0.0,3.0,0.0,,,,,,
4320,112,5,3,1,8.0,0,0.1,0.0,0.0,0.0,0.0,0.0,0.0,0.0,0.0,,,,,,
11142,123,5,3,2,14.0,0,0.2,0.0,0.0,0.0,0.0,0.0,0.0,0.0,0.0,,,,,,
9498,105,5,3,29,1571.0,18,17.5,2.0,7.0,9.0,2.0,0.0,0.0,4.0,0.0,,,,,,
8530,111,5,3,33,2970.0,33,33.0,0.0,0.0,0.0,0.0,0.0,0.0,1.0,0.0,,,,,,
4858,104,5,3,34,2691.0,31,29.9,10.0,11.0,21.0,10.0,0.0,0.0,2.0,0.0,,,,,,
11705,103,5,3,2,27.0,0,0.3,0.0,0.0,0.0,0.0,0.0,0.0,0.0,0.0,,,,,,
8103,122,5,3,31,2634.0,29,29.3,0.0,3.0,3.0,0.0,0.0,0.0,4.0,0.0,,,,,,
11102,123,5,3,31,2790.0,31,31.0,0.0,0.0,0.0,0.0,0.0,0.0,2.0,0.0,,,,,,
13653,108,5,3,10,273.0,2,3.0,0.0,0.0,0.0,0.0,0.0,0.0,1.0,0.0,,,,,,
274,112,5,3,29,2485.0,27,27.6,9.0,4.0,13.0,9.0,0.0,0.0,4.0,0.0,,,,,,
5132,119,5,3,22,1066.0,12,11.8,10.0,3.0,13.0,8.0,2.0,3.0,1.0,0.0,,,,,,
8243,103,5,3,29,1318.0,14,14.6,0.0,3.0,3.0,0.0,0.0,0.0,1.0,2.0,,,,,,
11920,104,5,3,13,724.0,7,8.0,1.0,0.0,1.0,1.0,0.0,0.0,3.0,0.0,,,,,,
5212,124,5,3,29,2543.0,29,28.3,0.0,1.0,1.0,0.0,0.0,0.0,2.0,0.0,,,,,,
786,109,5,3,30,2700.0,30,30.0,1.0,1.0,2.0,1.0,0.0,0.0,10.0,0.0,,,,,,
488,111,5,3,1,20.0,0,0.2,0.0,0.0,0.0,0.0,0.0,0.0,0.0,0.0,,,,,,
13947,112,5,3,25,1562.0,17,17.4,3.0,1.0,4.0,3.0,0.0,0.0,5.0,0.0,,,,,,
11260,117,5,3,29,1775.0,21,19.7,3.0,1.0,4.0,2.0,1.0,1.0,6.0,1.0,,,,,,
1331,121,5,3,11,972.0,11,10.8,0.0,0.0,0.0,0.0,0.0,0.0,3.0,0.0,,,,,,
6882,112,5,3,28,807.0,6,9.0,3.0,3.0,6.0,3.0,0.0,0.0,2.0,0.0,,,,,,
4219,119,5,3,30,1923.0,21,21.4,4.0,5.0,9.0,4.0,0.0,0.0,1.0,0.0,,,,,,
4956,112,5,3,34,3060.0,34,34.0,0.0,0.0,0.0,0.0,0.0,0.0,1.0,0.0,,,,,,
9472,108,5,3,14,1260.0,14,14.0,0.0,0.0,0.0,0.0,0.0,0.0,0.0,0.0,,,,,,
3984,107,5,3,15,653.0,7,7.3,0.0,0.0,0.0,0.0,0.0,0.0,1.0,0.0,,,,,,
4291,115,5,3,16,1233.0,14,13.7,0.0,1.0,1.0,0.0,0.0,0.0,1.0,0.0,,,,,,
9719,119,5,3,10,879.0,9,9.8,0.0,0.0,0.0,0.0,0.0,0.0,0.0,0.0,,,,,,
10164,115,5,3,27,2141.0,24,23.8,2.0,0.0,2.0,2.0,0.0,0.0,10.0,0.0,,,,,,
11122,109,5,3,30,1293.0,10,14.4,3.0,3.0,6.0,3.0,0.0,0.0,1.0,0.0,,,,,,
14184,108,5,3,24,905.0,11,10.1,3.0,0.0,3.0,3.0,0.0,0.0,4.0,0.0,,,,,,
13374,115,5,3,16,1018.0,11,11.3,1.0,0.0,1.0,1.0,0.0,0.0,3.0,0.0,,,,,,
5536,105,5,3,12,358.0,4,4.0,1.0,1.0,2.0,1.0,0.0,0.0,0.0,0.0,,,,,,
998,120,5,3,17,373.0,2,4.1,0.0,0.0,0.0,0.0,0.0,0.0,0.0,0.0,,,,,,
10229,114,5,3,15,1023.0,11,11.4,1.0,0.0,1.0,1.0,0.0,0.0,2.0,0.0,,,,,,
14477,107,5,3,13,797.0,9,8.9,0.0,0.0,0.0,0.0,0.0,0.0,3.0,0.0,,,,,,
8840,111,5,3,2,33.0,0,0.4,0.0,0.0,0.0,0.0,0.0,0.0,0.0,0.0,,,,,,
8838,105,5,3,27,1149.0,12,12.8,2.0,3.0,5.0,2.0,0.0,0.0,4.0,0.0,,,,,,
2151,121,5,3,17,1529.0,17,17.0,0.0,0.0,0.0,0.0,0.0,0.0,3.0,0.0,,,,,,
2150,108,5,3,15,1350.0,15,15.0,0.0,0.0,0.0,0.0,0.0,0.0,1.0,0.0,,,,,,
1547,107,5,3,16,1244.0,16,13.8,3.0,0.0,3.0,3.0,0.0,0.0,4.0,1.0,,,,,,
10580,120,5,3,26,1158.0,10,12.9,0.0,2.0,2.0,0.0,0.0,0.0,3.0,0.0,,,,,,
10275,117,5,3,6,235.0,3,2.6,3.0,0.0,3.0,3.0,0.0,0.0,0.0,0.0,,,,,,
1753,117,5,3,13,927.0,11,10.3,0.0,0.0,0.0,0.0,0.0,0.0,1.0,0.0,,,,,,
1756,121,5,3,10,482.0,5,5.4,0.0,1.0,1.0,0.0,0.0,0.0,1.0,0.0,,,,,,
1194,123,5,3,32,2855.0,32,31.7,10.0,3.0,13.0,10.0,0.0,0.0,8.0,0.0,,,,,,
13492,109,5,3,7,404.0,4,4.5,0.0,0.0,0.0,0.0,0.0,0.0,1.0,0.0,,,,,,
8806,108,5,3,21,1385.0,15,15.4,0.0,0.0,0.0,0.0,0.0,0.0,0.0,0.0,,,,,,
8862,123,5,3,27,2365.0,27,26.3,0.0,1.0,1.0,0.0,0.0,0.0,4.0,0.0,,,,,,
9325,108,5,3,7,88.0,0,1.0,0.0,0.0,0.0,0.0,0.0,0.0,0.0,0.0,,,,,,
13331,115,5,3,31,2363.0,27,26.3,2.0,5.0,7.0,0.0,2.0,2.0,4.0,1.0,,,,,,
10800,124,5,3,9,205.0,2,2.3,0.0,1.0,1.0,0.0,0.0,0.0,0.0,0.0,,,,,,
6468,123,5,3,13,190.0,1,2.1,0.0,0.0,0.0,0.0,0.0,0.0,0.0,0.0,,,,,,
831,121,5,3,11,803.0,10,8.9,0.0,0.0,0.0,0.0,0.0,0.0,4.0,0.0,,,,,,
5432,120,5,3,15,887.0,9,9.9,0.0,0.0,0.0,0.0,0.0,0.0,1.0,0.0,,,,,,
9383,123,5,3,10,227.0,1,2.5,0.0,0.0,0.0,0.0,0.0,0.0,3.0,0.0,,,,,,
3546,124,5,3,28,2101.0,24,23.3,0.0,3.0,3.0,0.0,0.0,0.0,1.0,0.0,,,,,,
14056,124,5,3,29,2402.0,27,26.7,5.0,1.0,6.0,3.0,2.0,2.0,4.0,0.0,,,,,,
2212,114,5,3,27,1929.0,21,21.4,0.0,6.0,6.0,0.0,0.0,0.0,3.0,0.0,,,,,,
42,105,5,3,27,1238.0,14,13.8,7.0,2.0,9.0,7.0,0.0,0.0,2.0,0.0,,,,,,
10311,116,5,3,32,2609.0,31,29.0,8.0,10.0,18.0,4.0,4.0,4.0,2.0,0.0,,,,,,
8002,104,5,3,34,2299.0,25,25.5,5.0,8.0,13.0,4.0,1.0,1.0,5.0,0.0,,,,,,
14200,114,5,3,27,2096.0,23,23.3,1.0,2.0,3.0,1.0,0.0,0.0,4.0,0.0,,,,,,
1683,121,5,3,1,3.0,0,0.0,0.0,0.0,0.0,0.0,0.0,0.0,0.0,0.0,,,,,,
5542,122,5,3,20,819.0,8,9.1,3.0,1.0,4.0,2.0,1.0,1.0,1.0,0.0,,,,,,
10582,120,5,3,4,47.0,0,0.5,0.0,0.0,0.0,0.0,0.0,0.0,0.0,0.0,,,,,,
8113,121,5,3,16,1227.0,14,13.6,1.0,0.0,1.0,1.0,0.0,0.0,4.0,0.0,,,,,,
10113,119,5,3,5,382.0,4,4.2,0.0,0.0,0.0,0.0,0.0,0.0,1.0,0.0,,,,,,
10389,124,5,3,1,5.0,0,0.1,0.0,0.0,0.0,0.0,0.0,0.0,0.0,0.0,,,,,,
3762,123,5,3,10,95.0,0,1.1,0.0,0.0,0.0,0.0,0.0,0.0,2.0,0.0,,,,,,
4601,108,5,3,31,1794.0,22,19.9,1.0,1.0,2.0,1.0,0.0,0.0,2.0,1.0,,,,,,
5834,107,5,3,29,1902.0,21,21.1,5.0,4.0,9.0,5.0,0.0,0.0,0.0,0.0,,,,,,
12461,123,5,3,12,1018.0,11,11.3,0.0,1.0,1.0,0.0,0.0,0.0,2.0,0.0,,,,,,
12459,116,5,3,9,799.0,9,8.9,1.0,0.0,1.0,1.0,0.0,0.0,1.0,0.0,,,,,,
8539,122,5,3,28,1887.0,23,21.0,12.0,4.0,16.0,12.0,0.0,0.0,4.0,0.0,,,,,,
4044,112,5,3,2,24.0,0,0.3,0.0,0.0,0.0,0.0,0.0,0.0,1.0,0.0,,,,,,
4828,124,5,3,30,2163.0,23,24.0,0.0,6.0,6.0,0.0,0.0,0.0,0.0,0.0,,,,,,
39,123,5,3,21,950.0,10,10.6,1.0,0.0,1.0,1.0,0.0,0.0,2.0,1.0,,,,,,
5841,115,5,3,19,1156.0,15,12.8,1.0,0.0,1.0,1.0,0.0,0.0,2.0,0.0,,,,,,
10366,115,5,3,15,1116.0,12,12.4,2.0,1.0,3.0,2.0,0.0,0.0,3.0,0.0,,,,,,
10367,121,5,3,11,567.0,7,6.3,1.0,0.0,1.0,1.0,0.0,0.0,1.0,0.0,,,,,,
10724,111,5,3,24,1902.0,22,21.1,3.0,1.0,4.0,3.0,0.0,0.0,7.0,0.0,,,,,,
1673,119,5,3,2,180.0,2,2.0,0.0,0.0,0.0,0.0,0.0,0.0,1.0,0.0,,,,,,
4603,122,5,3,24,1252.0,13,13.9,2.0,4.0,6.0,2.0,0.0,0.0,0.0,0.0,,,,,,
11195,107,5,3,14,990.0,12,11.0,0.0,0.0,0.0,0.0,0.0,0.0,0.0,0.0,,,,,,
4047,115,5,3,27,1899.0,21,21.1,0.0,0.0,0.0,0.0,0.0,0.0,3.0,0.0,,,,,,
1515,119,5,3,1,90.0,1,1.0,0.0,1.0,1.0,0.0,0.0,0.0,0.0,0.0,,,,,,
13295,111,5,3,25,1234.0,13,13.7,1.0,0.0,1.0,1.0,0.0,0.0,3.0,0.0,,,,,,
13327,120,5,3,17,750.0,9,8.3,1.0,0.0,1.0,0.0,1.0,1.0,1.0,0.0,,,,,,
6949,114,5,3,16,569.0,8,6.3,1.0,0.0,1.0,1.0,0.0,0.0,2.0,1.0,,,,,,
13059,116,5,3,25,1321.0,15,14.7,1.0,3.0,4.0,1.0,0.0,0.0,3.0,0.0,,,,,,
281,108,5,3,33,2615.0,31,29.1,3.0,7.0,10.0,3.0,0.0,0.0,7.0,0.0,,,,,,
2746,111,5,3,32,2329.0,27,25.9,7.0,4.0,11.0,7.0,0.0,0.0,4.0,0.0,,,,,,
95,107,5,3,28,2324.0,26,25.8,10.0,1.0,11.0,2.0,8.0,9.0,5.0,0.0,,,,,,
2005,115,5,3,8,300.0,2,3.3,0.0,0.0,0.0,0.0,0.0,0.0,2.0,0.0,,,,,,
11188,109,5,3,1,6.0,0,0.1,0.0,0.0,0.0,0.0,0.0,0.0,0.0,0.0,,,,,,
287,121,5,3,33,2752.0,31,30.6,2.0,2.0,4.0,2.0,0.0,0.0,3.0,0.0,,,,,,
13966,114,5,3,29,2064.0,23,22.9,1.0,3.0,4.0,1.0,0.0,0.0,6.0,1.0,,,,,,
12188,112,5,3,2,75.0,0,0.8,0.0,0.0,0.0,0.0,0.0,0.0,1.0,0.0,,,,,,
6952,111,5,3,27,1553.0,19,17.3,2.0,0.0,2.0,2.0,0.0,0.0,3.0,0.0,,,,,,
1838,104,5,3,1,5.0,0,0.1,0.0,0.0,0.0,0.0,0.0,0.0,0.0,0.0,,,,,,
14097,119,5,3,29,2042.0,20,22.7,5.0,1.0,6.0,3.0,2.0,2.0,1.0,0.0,,,,,,
5568,122,5,3,10,347.0,2,3.9,0.0,0.0,0.0,0.0,0.0,0.0,1.0,0.0,,,,,,
3875,112,5,3,13,574.0,7,6.4,3.0,1.0,4.0,2.0,1.0,1.0,1.0,0.0,,,,,,
2225,123,5,3,6,266.0,3,3.0,0.0,1.0,1.0,0.0,0.0,0.0,1.0,0.0,,,,,,
2644,121,5,3,20,1456.0,17,16.2,0.0,0.0,0.0,0.0,0.0,0.0,6.0,1.0,,,,,,
4159,107,5,3,28,2320.0,26,25.8,0.0,0.0,0.0,0.0,0.0,0.0,4.0,1.0,,,,,,
3863,120,5,3,2,18.0,0,0.2,0.0,0.0,0.0,0.0,0.0,0.0,0.0,1.0,,,,,,
14491,119,5,3,4,183.0,2,2.0,0.0,0.0,0.0,0.0,0.0,0.0,0.0,0.0,,,,,,
14205,111,5,3,4,73.0,1,0.8,0.0,0.0,0.0,0.0,0.0,0.0,0.0,0.0,,,,,,
14158,119,5,3,29,2050.0,23,22.8,1.0,2.0,3.0,1.0,0.0,0.0,3.0,0.0,,,,,,
10037,124,5,3,19,262.0,1,2.9,0.0,0.0,0.0,0.0,0.0,0.0,2.0,0.0,,,,,,
3335,114,5,3,26,2144.0,24,23.8,6.0,4.0,10.0,4.0,2.0,2.0,5.0,0.0,,,,,,
1017,108,5,3,28,1405.0,16,15.6,2.0,2.0,4.0,2.0,0.0,0.0,3.0,1.0,,,,,,
10502,116,5,3,18,1512.0,17,16.8,0.0,0.0,0.0,0.0,0.0,0.0,6.0,0.0,,,,,,
3753,109,5,3,12,978.0,12,10.9,4.0,1.0,5.0,4.0,0.0,0.0,1.0,0.0,,,,,,
9890,103,5,3,1,90.0,1,1.0,0.0,0.0,0.0,0.0,0.0,0.0,0.0,0.0,,,,,,
8559,105,5,3,13,638.0,7,7.1,0.0,0.0,0.0,0.0,0.0,0.0,2.0,0.0,,,,,,
1469,104,5,3,3,16.0,0,0.2,0.0,0.0,0.0,0.0,0.0,0.0,0.0,0.0,,,,,,
14352,107,5,3,17,976.0,9,10.8,0.0,2.0,2.0,0.0,0.0,0.0,3.0,0.0,,,,,,
3722,124,5,3,1,9.0,0,0.1,0.0,0.0,0.0,0.0,0.0,0.0,0.0,0.0,,,,,,
