PlayerID,ClubID,LigaID,TemporadaID,Rating,Mins,Goals,Assists,Starts,SubsIn,TotalApps
1336,4,1,1,7.69,2863,15.0,16.0,31,7,38
7496,20,1,1,7.53,2044,19.0,3.0,24,0,24
12108,5,1,1,7.49,2852,23.0,7.0,33,1,34
8104,16,1,1,7.38,90,,,1,0,1
14064,20,1,1,7.35,2833,10.0,9.0,32,1,33
12232,20,1,1,7.26,2382,9.0,8.0,25,9,34
9897,5,1,1,7.23,116,1.0,,2,0,2
11478,5,1,1,7.2,1983,6.0,1.0,22,4,26
7073,9,1,1,7.15,2989,16.0,2.0,33,1,34
4780,5,1,1,7.15,2539,2.0,4.0,29,4,33
4955,26,1,1,7.14,1260,,,14,0,14
11184,5,1,1,7.14,1416,5.0,7.0,16,9,25
10077,22,1,1,7.13,2500,2.0,9.0,28,5,33
5134,6,1,1,7.1,1126,4.0,1.0,13,1,14
8071,16,1,1,7.09,2841,6.0,6.0,33,3,36
4376,20,1,1,7.08,2509,7.0,4.0,29,5,34
12815,9,1,1,7.08,3325,6.0,3.0,38,0,38
3998,10,1,1,7.07,2986,14.0,3.0,35,0,35
7217,26,1,1,7.06,1960,1.0,,22,2,24
5775,18,1,1,7.05,2990,9.0,5.0,36,1,37
11847,5,1,1,7.04,2087,7.0,7.0,25,11,36
13737,20,1,1,7.04,2164,2.0,4.0,25,5,30
450,11,1,1,7.04,2341,1.0,5.0,26,4,30
1648,20,1,1,7.04,2120,,4.0,24,9,33
3161,6,1,1,7.04,360,,,4,0,4
6435,6,1,1,7.03,3060,,,34,0,34
3707,20,1,1,7.03,2703,5.0,,30,3,33
13977,16,1,1,7.01,2953,15.0,3.0,34,1,35
12841,5,1,1,6.99,2347,,4.0,28,2,30
13260,22,1,1,6.98,2452,9.0,4.0,29,6,35
5204,19,1,1,6.98,2878,1.0,,33,1,34
7025,25,1,1,6.98,2716,1.0,3.0,31,0,31
6236,7,1,1,6.98,3163,,3.0,36,1,37
7277,5,1,1,6.97,2429,1.0,3.0,28,1,29
7055,4,1,1,6.96,2421,2.0,1.0,26,2,28
2902,26,1,1,6.96,3289,3.0,4.0,37,0,37
9021,20,1,1,6.94,1436,9.0,6.0,15,16,31
13398,20,1,1,6.94,2790,,,31,0,31
4943,26,1,1,6.94,1227,7.0,3.0,14,7,21
2086,22,1,1,6.93,2418,8.0,4.0,28,6,34
8279,24,1,1,6.92,1448,1.0,,16,3,19
5508,7,1,1,6.91,2868,12.0,3.0,31,6,37
14038,11,1,1,6.91,1494,3.0,6.0,17,2,19
12302,5,1,1,6.91,1802,,2.0,21,1,22
14449,26,1,1,6.91,2465,4.0,5.0,31,5,36
8535,2,1,1,6.91,2860,2.0,7.0,34,3,37
11951,4,1,1,6.91,1860,,,22,0,22
4396,19,1,1,6.9,90,,,1,0,1
458,5,1,1,6.9,2477,1.0,6.0,30,3,33
10643,3,1,1,6.89,2675,6.0,4.0,32,4,36
12548,26,1,1,6.89,2350,6.0,5.0,27,10,37
2669,19,1,1,6.88,1080,,,12,0,12
1401,16,1,1,6.88,2767,2.0,3.0,31,0,31
10701,26,1,1,6.87,1603,12.0,4.0,16,10,26
1703,19,1,1,6.87,1395,3.0,1.0,17,2,19
8979,5,1,1,6.85,3349,,,38,0,38
14380,4,1,1,6.85,2330,7.0,3.0,26,9,35
13854,2,1,1,6.85,242,2.0,,3,0,3
732,22,1,1,6.85,2398,12.0,3.0,28,6,34
3204,22,1,1,6.85,1958,2.0,5.0,25,3,28
910,4,1,1,6.85,1906,13.0,2.0,23,13,36
4947,5,1,1,6.85,383,,,5,2,7
334,17,1,1,6.85,1890,,,21,0,21
1054,25,1,1,6.84,2552,2.0,4.0,29,5,34
3205,10,1,1,6.84,3420,,,38,0,38
4884,5,1,1,6.84,2543,2.0,4.0,30,6,36
655,19,1,1,6.83,1350,,3.0,15,0,15
5705,3,1,1,6.83,2853,10.0,3.0,34,2,36
6962,23,1,1,6.83,2508,,,28,0,28
5068,26,1,1,6.82,1130,2.0,3.0,14,8,22
6960,5,1,1,6.82,1423,2.0,3.0,14,10,24
1132,5,1,1,6.82,1767,1.0,1.0,22,1,23
901,18,1,1,6.82,2890,5.0,5.0,34,1,35
4787,7,1,1,6.82,2308,11.0,4.0,28,8,36
5717,3,1,1,6.81,1339,1.0,,15,0,15
12577,25,1,1,6.81,2897,6.0,1.0,33,5,38
7234,19,1,1,6.81,1475,3.0,2.0,16,5,21
9099,4,1,1,6.81,1712,1.0,2.0,21,1,22
12213,4,1,1,6.81,1935,2.0,7.0,24,6,30
11412,26,1,1,6.8,3055,1.0,,34,0,34
222,2,1,1,6.8,1477,4.0,3.0,18,11,29
1438,23,1,1,6.8,212,1.0,,3,0,3
14559,3,1,1,6.79,2408,1.0,1.0,27,2,29
14441,3,1,1,6.79,2337,1.0,1.0,27,1,28
10430,4,1,1,6.79,2872,4.0,2.0,33,0,33
8476,8,1,1,6.79,2475,7.0,2.0,29,6,35
5904,6,1,1,6.79,2204,,1.0,25,2,27
12773,23,1,1,6.79,270,2.0,1.0,3,4,7
3763,20,1,1,6.78,2003,,1.0,21,16,37
14535,19,1,1,6.78,1681,1.0,1.0,19,4,23
11238,16,1,1,6.78,2980,2.0,4.0,34,1,35
9087,24,1,1,6.78,1917,3.0,2.0,21,9,30
6239,25,1,1,6.77,603,1.0,,6,4,10
11300,24,1,1,6.77,1177,1.0,3.0,15,1,16
12631,18,1,1,6.77,2470,3.0,2.0,29,6,35
3159,17,1,1,6.77,2684,2.0,,31,1,32
12174,22,1,1,6.76,2795,,,31,2,33
3605,16,1,1,6.76,90,,,1,0,1
5899,4,1,1,6.76,923,,,11,2,13
3168,11,1,1,6.75,1658,3.0,1.0,19,1,20
5146,23,1,1,6.75,2310,1.0,5.0,26,8,34
3467,22,1,1,6.75,1647,,,18,2,20
705,22,1,1,6.74,154,1.0,,2,0,2
2888,20,1,1,6.74,1568,,4.0,19,11,30
4937,8,1,1,6.74,2745,1.0,6.0,31,4,35
609,3,1,1,6.74,2304,4.0,1.0,26,11,37
2740,16,1,1,6.74,2215,1.0,,27,1,28
11058,10,1,1,6.74,2051,1.0,1.0,23,2,25
1504,11,1,1,6.74,2737,3.0,4.0,32,1,33
3444,25,1,1,6.74,448,3.0,1.0,5,5,10
4951,19,1,1,6.74,2515,,,29,2,31
13887,7,1,1,6.74,3151,,,35,1,36
3718,8,1,1,6.73,3240,,,36,0,36
4444,9,1,1,6.73,1440,,,16,0,16
5642,3,1,1,6.72,1692,,3.0,19,11,30
11273,6,1,1,6.72,3123,,4.0,35,1,36
10984,3,1,1,6.72,2555,10.0,2.0,32,4,36
9172,4,1,1,6.72,2111,3.0,2.0,24,2,26
6587,4,1,1,6.72,651,4.0,3.0,7,7,14
14226,19,1,1,6.72,2454,3.0,,31,2,33
224,9,1,1,6.72,34,,,0,1,1
7842,4,1,1,6.72,2560,,3.0,30,3,33
4638,18,1,1,6.72,3409,2.0,3.0,38,0,38
4152,26,1,1,6.72,1958,3.0,,22,6,28
12846,19,1,1,6.72,2417,4.0,3.0,28,3,31
13149,4,1,1,6.72,1946,,,22,0,22
2813,23,1,1,6.71,1471,8.0,3.0,16,3,19
8540,17,1,1,6.71,2489,1.0,,31,2,33
8517,24,1,1,6.71,1163,4.0,,11,8,19
672,22,1,1,6.71,3420,,,38,0,38
2326,6,1,1,6.71,24,,1.0,0,1,1
13933,11,1,1,6.71,2618,13.0,,33,2,35
10234,17,1,1,6.71,2458,3.0,2.0,28,5,33
9343,22,1,1,6.71,3102,1.0,3.0,35,1,36
5380,5,1,1,6.71,141,,,1,2,3
11111,11,1,1,6.71,2952,2.0,,33,0,33
8548,20,1,1,6.7,1141,4.0,1.0,12,11,23
4049,25,1,1,6.7,1675,1.0,,19,4,23
12389,19,1,1,6.7,2340,,,26,0,26
3779,2,1,1,6.7,1275,7.0,2.0,15,6,21
1283,17,1,1,6.7,1811,8.0,,22,9,31
11456,11,1,1,6.69,2520,,,28,0,28
11700,16,1,1,6.69,3240,,,36,0,36
8620,2,1,1,6.69,1498,4.0,4.0,18,3,21
10397,19,1,1,6.69,970,2.0,2.0,12,3,15
12852,23,1,1,6.69,1442,1.0,,17,6,23
348,19,1,1,6.68,1451,,,15,11,26
14068,9,1,1,6.68,2434,1.0,1.0,27,7,34
13405,25,1,1,6.68,2015,,,24,3,27
12371,6,1,1,6.68,2471,3.0,2.0,28,5,33
6149,4,1,1,6.67,2493,,,28,0,28
11074,8,1,1,6.67,2450,,1.0,28,0,28
10555,24,1,1,6.67,2779,3.0,1.0,31,3,34
5723,16,1,1,6.67,2457,,1.0,28,2,30
13225,24,1,1,6.67,1063,2.0,4.0,10,15,25
9242,24,1,1,6.66,1268,,,13,2,15
7408,25,1,1,6.66,1452,6.0,,15,11,26
11128,3,1,1,6.66,2824,1.0,6.0,32,5,37
4439,2,1,1,6.66,3286,,,37,0,37
1456,17,1,1,6.66,1791,,1.0,20,3,23
809,26,1,1,6.65,1636,,3.0,20,6,26
45,17,1,1,6.65,1516,4.0,2.0,19,9,28
11876,26,1,1,6.65,2120,,,24,1,25
8645,20,1,1,6.65,1746,4.0,3.0,19,14,33
8625,19,1,1,6.65,1769,,,22,1,23
12826,5,1,1,6.65,1309,4.0,1.0,15,8,23
10317,25,1,1,6.65,2449,3.0,,28,1,29
7080,7,1,1,6.65,3121,3.0,,35,0,35
5616,22,1,1,6.64,2547,1.0,1.0,29,2,31
8628,19,1,1,6.64,1816,1.0,3.0,21,12,33
1025,22,1,1,6.64,874,3.0,1.0,9,14,23
5487,7,1,1,6.64,2171,,1.0,26,0,26
11150,18,1,1,6.64,2164,3.0,4.0,28,6,34
2530,6,1,1,6.64,707,1.0,,7,8,15
13449,4,1,1,6.63,1259,1.0,3.0,17,10,27
10085,3,1,1,6.63,2576,3.0,3.0,28,8,36
2315,8,1,1,6.63,2647,,1.0,31,1,32
2032,19,1,1,6.63,2385,15.0,3.0,29,6,35
316,17,1,1,6.63,2023,3.0,6.0,23,8,31
12229,11,1,1,6.63,2188,4.0,4.0,25,9,34
8603,10,1,1,6.63,1862,,3.0,22,5,27
9338,16,1,1,6.62,2659,,,30,0,30
9895,4,1,1,6.62,269,4.0,,3,5,8
2345,25,1,1,6.62,243,1.0,,3,0,3
10403,20,1,1,6.62,1632,1.0,1.0,18,9,27
4356,8,1,1,6.62,90,,,1,0,1
616,8,1,1,6.62,725,1.0,1.0,8,7,15
4081,5,1,1,6.62,1414,1.0,,15,9,24
310,22,1,1,6.62,1758,,1.0,20,3,23
2402,25,1,1,6.62,1364,,,14,3,17
8890,16,1,1,6.61,713,1.0,,9,3,12
7753,17,1,1,6.61,1316,1.0,6.0,15,12,27
885,23,1,1,6.61,12,,,0,1,1
8091,2,1,1,6.61,1746,5.0,2.0,24,4,28
465,18,1,1,6.61,3105,1.0,1.0,35,0,35
330,26,1,1,6.61,1460,,,16,5,21
2145,9,1,1,6.6,2413,1.0,7.0,29,1,30
2416,9,1,1,6.6,1589,3.0,,18,2,20
2909,16,1,1,6.6,2115,3.0,6.0,26,9,35
7033,9,1,1,6.6,461,1.0,,5,4,9
13855,22,1,1,6.6,83,1.0,,1,1,2
2286,7,1,1,6.6,2150,3.0,5.0,23,12,35
6290,23,1,1,6.59,1612,1.0,,19,6,25
13353,6,1,1,6.59,1951,4.0,3.0,24,7,31
11155,18,1,1,6.59,2564,,,29,5,34
606,26,1,1,6.59,1947,6.0,2.0,19,16,35
9316,19,1,1,6.59,456,,,6,0,6
2511,17,1,1,6.59,1724,8.0,2.0,23,6,29
2914,3,1,1,6.59,2374,1.0,,26,3,29
10621,25,1,1,6.59,1410,1.0,1.0,18,8,26
12822,6,1,1,6.59,1176,3.0,,14,3,17
614,2,1,1,6.59,1124,1.0,2.0,12,4,16
3127,20,1,1,6.58,1841,1.0,3.0,21,2,23
12638,11,1,1,6.58,3012,,1.0,34,0,34
13345,8,1,1,6.58,2073,4.0,,23,9,32
11523,26,1,1,6.58,1980,,,22,0,22
5140,2,1,1,6.58,1877,4.0,3.0,24,3,27
3720,19,1,1,6.58,1770,,,18,7,25
4422,20,1,1,6.58,1359,,1.0,17,1,18
4714,7,1,1,6.57,1898,,4.0,21,15,36
4433,24,1,1,6.57,1581,,1.0,19,3,22
12531,25,1,1,6.57,1371,4.0,,17,8,25
7762,23,1,1,6.57,2319,1.0,2.0,28,8,36
4577,18,1,1,6.57,2570,4.0,,31,0,31
5886,23,1,1,6.57,1122,1.0,1.0,13,12,25
12198,19,1,1,6.57,1610,2.0,3.0,19,11,30
5770,24,1,1,6.57,803,,2.0,10,2,12
10022,11,1,1,6.57,2400,2.0,3.0,27,7,34
5856,23,1,1,6.56,1776,,,18,4,22
9292,9,1,1,6.56,2468,10.0,2.0,29,2,31
12681,4,1,1,6.56,1091,3.0,1.0,11,20,31
10559,10,1,1,6.55,2069,,,26,3,29
14511,24,1,1,6.55,1660,8.0,1.0,17,14,31
12534,2,1,1,6.55,1988,1.0,2.0,22,10,32
4902,4,1,1,6.55,1001,,2.0,11,10,21
11035,24,1,1,6.55,2149,3.0,1.0,27,5,32
8035,2,1,1,6.55,711,6.0,,7,12,19
5866,11,1,1,6.55,1592,3.0,3.0,18,6,24
1275,5,1,1,6.55,1382,7.0,3.0,12,24,36
2028,11,1,1,6.55,686,1.0,,10,1,11
1677,4,1,1,6.55,2255,,,25,8,33
5713,3,1,1,6.54,1323,,1.0,14,6,20
1606,22,1,1,6.54,1077,1.0,,13,11,24
2845,10,1,1,6.54,1961,1.0,1.0,26,2,28
12842,18,1,1,6.54,2412,6.0,5.0,27,11,38
6972,26,1,1,6.54,503,,,5,5,10
12859,17,1,1,6.54,1530,,,17,0,17
6270,23,1,1,6.54,2395,1.0,,28,4,32
4443,2,1,1,6.54,90,,,1,0,1
11808,26,1,1,6.54,824,1.0,1.0,11,5,16
690,22,1,1,6.54,346,,,3,7,10
8610,23,1,1,6.54,1216,,1.0,15,3,18
5046,25,1,1,6.54,3420,,,38,0,38
5882,24,1,1,6.54,1791,1.0,3.0,21,10,31
8898,17,1,1,6.54,2117,,2.0,22,9,31
8989,24,1,1,6.53,374,,,4,1,5
4102,24,1,1,6.53,1847,6.0,,20,12,32
2180,24,1,1,6.53,921,2.0,2.0,10,7,17
12364,17,1,1,6.53,1282,,1.0,14,6,20
8537,23,1,1,6.53,930,,1.0,11,6,17
3542,10,1,1,6.53,2847,,1.0,33,0,33
3448,2,1,1,6.53,45,,,0,1,1
5633,17,1,1,6.53,176,,,2,2,4
7272,3,1,1,6.53,675,,,7,1,8
13086,2,1,1,6.53,2999,3.0,,33,1,34
9089,5,1,1,6.53,1163,1.0,,11,13,24
1407,20,1,1,6.53,2411,1.0,,26,7,33
12216,2,1,1,6.52,3158,,1.0,36,0,36
10255,23,1,1,6.52,2030,3.0,2.0,24,10,34
6622,23,1,1,6.52,2158,1.0,,24,3,27
6229,16,1,1,6.52,2610,,1.0,30,2,32
6984,6,1,1,6.52,600,,,6,4,10
14330,11,1,1,6.52,1154,1.0,2.0,12,13,25
694,24,1,1,6.52,1428,,2.0,15,12,27
300,7,1,1,6.52,1710,,,19,0,19
5153,3,1,1,6.52,1421,6.0,1.0,17,13,30
8877,24,1,1,6.52,150,,,2,0,2
6262,9,1,1,6.51,2350,7.0,2.0,25,12,37
1171,19,1,1,6.51,1376,1.0,1.0,16,10,26
11143,23,1,1,6.51,2048,1.0,1.0,22,11,33
2142,6,1,1,6.51,1129,1.0,1.0,15,3,18
7221,10,1,1,6.51,2144,1.0,,21,11,32
1234,4,1,1,6.5,1449,9.0,1.0,13,22,35
3583,10,1,1,6.5,2658,,2.0,30,1,31
6809,22,1,1,6.5,1189,,1.0,12,5,17
2035,10,1,1,6.5,2775,8.0,2.0,33,2,35
5083,16,1,1,6.5,924,,2.0,10,6,16
12335,6,1,1,6.5,2047,3.0,,22,9,31
4870,10,1,1,6.5,1504,2.0,,16,6,22
3119,23,1,1,6.5,599,,1.0,7,4,11
4633,7,1,1,6.49,2864,,2.0,33,3,36
1047,22,1,1,6.49,1712,,,19,8,27
8048,9,1,1,6.48,2673,,1.0,31,1,32
14028,19,1,1,6.48,557,,,5,5,10
11144,7,1,1,6.48,1772,2.0,,19,14,33
4448,5,1,1,6.48,1385,4.0,2.0,14,19,33
669,2,1,1,6.48,1878,,3.0,20,10,30
7042,26,1,1,6.48,1205,7.0,,11,18,29
7180,7,1,1,6.48,1713,4.0,4.0,20,12,32
13892,3,1,1,6.48,2746,,,31,0,31
9729,10,1,1,6.48,1000,,1.0,13,0,13
13129,10,1,1,6.48,1678,,,18,4,22
3757,9,1,1,6.47,1165,2.0,2.0,13,15,28
13745,11,1,1,6.47,896,1.0,3.0,12,12,24
2893,3,1,1,6.47,1492,,2.0,18,7,25
12369,9,1,1,6.47,894,,2.0,9,9,18
10217,22,1,1,6.47,580,1.0,2.0,5,14,19
1197,20,1,1,6.46,630,,,7,0,7
5476,25,1,1,6.46,1634,1.0,4.0,19,6,25
8520,23,1,1,6.46,1497,,1.0,16,7,23
8595,6,1,1,6.46,3150,,,35,0,35
888,23,1,1,6.46,1887,1.0,2.0,18,16,34
13869,17,1,1,6.46,1718,,1.0,20,1,21
11138,7,1,1,6.46,1285,,,13,8,21
6511,24,1,1,6.46,1980,,,21,11,32
11419,19,1,1,6.45,442,,,3,9,12
10411,17,1,1,6.45,1250,,,15,5,20
14340,11,1,1,6.45,966,2.0,2.0,12,8,20
6244,11,1,1,6.45,1117,1.0,2.0,13,12,25
4435,9,1,1,6.45,1618,,1.0,20,7,27
8408,9,1,1,6.45,54,1.0,,0,4,4
7501,24,1,1,6.44,1185,1.0,1.0,15,1,16
11883,18,1,1,6.44,804,4.0,,9,10,19
5318,7,1,1,6.44,889,3.0,1.0,10,8,18
4294,6,1,1,6.44,1722,,,22,3,25
13208,18,1,1,6.44,3325,,,37,0,37
8259,8,1,1,6.44,903,,,11,3,14
7775,26,1,1,6.44,1137,,,13,7,20
6800,17,1,1,6.44,2445,1.0,3.0,25,12,37
12345,17,1,1,6.44,1152,2.0,2.0,11,18,29
2885,20,1,1,6.44,1788,,2.0,20,7,27
5847,18,1,1,6.44,3237,,,37,0,37
6508,24,1,1,6.44,110,1.0,,1,3,4
12299,9,1,1,6.43,239,1.0,,2,6,8
4816,25,1,1,6.43,1508,1.0,,18,3,21
3323,9,1,1,6.43,950,,,11,7,18
4382,4,1,1,6.43,193,,,2,1,3
6723,8,1,1,6.43,270,,,3,0,3
6988,26,1,1,6.43,8,1.0,,0,2,2
10358,10,1,1,6.43,1149,3.0,1.0,10,18,28
7001,8,1,1,6.43,1070,1.0,3.0,9,17,26
12820,9,1,1,6.43,2343,,,26,3,29
10027,7,1,1,6.43,252,1.0,1.0,3,4,7
433,26,1,1,6.43,1298,,1.0,14,10,24
11313,24,1,1,6.42,1063,1.0,1.0,11,8,19
4685,26,1,1,6.42,746,1.0,,9,7,16
3727,25,1,1,6.42,1463,5.0,2.0,20,5,25
11537,8,1,1,6.42,1875,6.0,1.0,22,10,32
12833,2,1,1,6.42,2300,1.0,,27,2,29
14414,24,1,1,6.42,2154,,,26,0,26
9455,4,1,1,6.42,372,,2.0,2,9,11
14553,25,1,1,6.42,2121,,2.0,26,7,33
10081,22,1,1,6.42,1217,4.0,1.0,14,9,23
5893,7,1,1,6.42,1710,,,19,0,19
897,9,1,1,6.42,991,,,12,0,12
6746,8,1,1,6.41,1095,,,13,1,14
1471,22,1,1,6.41,1450,,1.0,16,9,25
7259,10,1,1,6.4,437,1.0,,2,16,18
11487,8,1,1,6.4,2027,,,25,3,28
11822,8,1,1,6.4,730,,,10,4,14
1033,22,1,1,6.4,218,,,2,6,8
231,9,1,1,6.4,226,,,2,5,7
11134,9,1,1,6.4,2571,,1.0,31,2,33
2410,2,1,1,6.4,1672,1.0,,18,7,25
12314,23,1,1,6.4,1629,2.0,1.0,21,9,30
4455,8,1,1,6.4,1730,3.0,2.0,21,6,27
3477,25,1,1,6.39,1729,,2.0,17,13,30
11761,24,1,1,6.39,1300,6.0,,16,10,26
5571,16,1,1,6.39,1751,,,20,9,29
9548,16,1,1,6.39,904,1.0,,10,4,14
8901,11,1,1,6.39,203,,1.0,2,5,7
1953,11,1,1,6.39,1226,1.0,1.0,14,6,20
3350,16,1,1,6.38,616,,,7,1,8
11998,7,1,1,6.38,1450,,,16,12,28
8929,23,1,1,6.38,18,,,0,1,1
13591,16,1,1,6.38,540,1.0,,5,10,15
7068,6,1,1,6.38,640,,1.0,7,3,10
13288,24,1,1,6.38,1370,1.0,,16,3,19
11235,17,1,1,6.37,1061,,1.0,12,13,25
5391,8,1,1,6.37,1922,,,23,1,24
1034,3,1,1,6.37,700,,1.0,9,8,17
6805,22,1,1,6.37,63,,,0,3,3
14002,6,1,1,6.36,965,1.0,,10,4,14
10627,9,1,1,6.36,1251,1.0,2.0,16,16,32
4441,7,1,1,6.36,12,,,0,1,1
7200,17,1,1,6.36,2058,,,21,6,27
7004,8,1,1,6.36,593,1.0,,8,1,9
12840,23,1,1,6.36,900,,,10,0,10
7018,9,1,1,6.35,149,1.0,1.0,0,10,10
5142,24,1,1,6.35,1522,,3.0,17,11,28
5496,7,1,1,6.35,17,,,0,1,1
13878,18,1,1,6.35,1244,1.0,2.0,12,22,34
6577,24,1,1,6.35,1595,,1.0,19,4,23
11339,18,1,1,6.35,1268,1.0,,12,20,32
7262,11,1,1,6.35,1429,1.0,,17,2,19
915,6,1,1,6.35,756,1.0,2.0,9,12,21
7006,24,1,1,6.35,529,2.0,1.0,5,5,10
621,6,1,1,6.35,1575,3.0,,17,11,28
3101,17,1,1,6.35,1037,1.0,1.0,9,16,25
11682,8,1,1,6.35,628,1.0,,7,5,12
12098,19,1,1,6.35,52,,,0,2,2
2658,2,1,1,6.34,1486,1.0,,15,6,21
7765,24,1,1,6.34,370,1.0,1.0,4,2,6
439,6,1,1,6.34,46,,,1,0,1
11949,11,1,1,6.34,640,2.0,1.0,6,13,19
11888,3,1,1,6.34,948,2.0,3.0,6,29,35
214,24,1,1,6.34,47,,,1,1,2
2760,11,1,1,6.33,1078,9.0,,8,24,32
13742,25,1,1,6.33,909,1.0,,9,15,24
7195,11,1,1,6.33,900,,,10,0,10
7257,19,1,1,6.33,922,4.0,,9,13,22
7979,2,1,1,6.32,1395,3.0,1.0,13,20,33
8392,7,1,1,6.32,1489,,2.0,16,12,28
1321,6,1,1,6.32,1441,1.0,1.0,14,14,28
5652,25,1,1,6.32,1006,,2.0,10,14,24
2316,7,1,1,6.32,107,,,1,2,3
11695,10,1,1,6.32,1762,,3.0,17,17,34
10253,6,1,1,6.32,754,,,7,7,14
7023,6,1,1,6.32,45,,1.0,0,2,2
7537,24,1,1,6.32,198,,1.0,2,2,4
13961,11,1,1,6.31,959,,2.0,7,18,25
11211,4,1,1,6.31,716,,1.0,6,15,21
6616,19,1,1,6.31,471,,2.0,2,20,22
4373,6,1,1,6.31,1856,,1.0,24,9,33
14630,23,1,1,6.31,374,,,4,4,8
4708,5,1,1,6.3,980,1.0,1.0,7,21,28
11246,22,1,1,6.3,356,,,3,7,10
7204,19,1,1,6.3,174,1.0,,1,5,6
6519,20,1,1,6.3,21,,,0,1,1
7194,6,1,1,6.3,137,,,1,2,3
6727,26,1,1,6.29,634,,,5,12,17
11519,18,1,1,6.29,357,,2.0,2,14,16
963,16,1,1,6.29,1220,2.0,,12,16,28
6521,25,1,1,6.29,306,,,3,7,10
291,3,1,1,6.29,77,,,0,8,8
8527,6,1,1,6.29,623,3.0,,5,9,14
5149,10,1,1,6.28,449,,,3,13,16
5249,26,1,1,6.28,50,,,0,2,2
12864,23,1,1,6.28,1332,6.0,1.0,14,15,29
107,18,1,1,6.28,919,,,9,7,16
3672,2,1,1,6.28,516,,1.0,3,17,20
344,3,1,1,6.27,854,,,9,7,16
926,20,1,1,6.27,76,1.0,1.0,0,6,6
8899,26,1,1,6.27,818,,1.0,8,15,23
4043,8,1,1,6.27,1657,,,19,3,22
4700,2,1,1,6.27,706,2.0,1.0,4,23,27
3704,20,1,1,6.27,194,,1.0,2,4,6
8015,8,1,1,6.26,874,,2.0,9,8,17
11154,11,1,1,6.26,99,,,1,2,3
11903,6,1,1,6.26,312,,,4,2,6
9311,23,1,1,6.26,1313,,,15,1,16
5147,8,1,1,6.26,704,1.0,,9,7,16
3458,17,1,1,6.26,636,,,7,4,11
918,20,1,1,6.25,36,,,0,3,3
2282,10,1,1,6.25,2127,2.0,2.0,26,9,35
456,9,1,1,6.25,1025,,3.0,10,15,25
2323,22,1,1,6.25,626,1.0,,8,16,24
1531,26,1,1,6.24,480,2.0,,6,4,10
6024,10,1,1,6.24,436,1.0,1.0,6,13,19
1508,2,1,1,6.24,761,1.0,,7,15,22
454,5,1,1,6.24,6,,,0,1,1
12152,17,1,1,6.24,9,,,0,2,2
7558,9,1,1,6.23,498,,1.0,4,14,18
6695,11,1,1,6.23,81,,,0,5,5
7760,17,1,1,6.23,999,2.0,,7,28,35
5128,7,1,1,6.23,650,2.0,,5,20,25
12239,6,1,1,6.23,640,1.0,,8,6,14
11266,5,1,1,6.22,138,,,1,7,8
2756,25,1,1,6.22,143,,,1,2,3
2085,16,1,1,6.22,217,,,2,3,5
5844,6,1,1,6.22,1304,,1.0,13,18,31
5712,2,1,1,6.22,961,1.0,1.0,10,15,25
5644,17,1,1,6.22,251,,,2,6,8
7447,2,1,1,6.22,582,,,7,6,13
1233,10,1,1,6.21,1130,,,11,15,26
14244,19,1,1,6.21,715,2.0,1.0,6,22,28
8852,26,1,1,6.21,29,,,0,1,1
10072,3,1,1,6.21,116,,,1,2,3
11644,5,1,1,6.21,8,,,0,1,1
9094,25,1,1,6.21,437,1.0,,3,14,17
10980,3,1,1,6.21,841,,,6,20,26
1039,22,1,1,6.21,39,,,0,3,3
2681,16,1,1,6.21,714,,,6,15,21
122,19,1,1,6.21,606,,,7,6,13
12871,4,1,1,6.2,307,,,2,9,11
426,25,1,1,6.2,81,1.0,,0,5,5
1896,9,1,1,6.2,900,,,10,0,10
1642,7,1,1,6.2,260,,1.0,4,9,13
6794,22,1,1,6.2,64,,,0,2,2
7053,6,1,1,6.2,387,,,4,16,20
7697,7,1,1,6.2,441,,,6,4,10
1173,18,1,1,6.2,203,,,3,6,9
13427,24,1,1,6.2,307,,,2,6,8
4720,16,1,1,6.19,147,,,2,1,3
10684,8,1,1,6.19,504,,1.0,3,15,18
4195,8,1,1,6.19,1115,4.0,,8,26,34
7017,2,1,1,6.19,19,,,0,1,1
5466,25,1,1,6.19,1375,1.0,1.0,12,18,30
12540,11,1,1,6.19,236,2.0,,1,7,8
1786,18,1,1,6.19,57,,,0,4,4
12115,22,1,1,6.18,341,,,1,16,17
1380,6,1,1,6.18,159,,,2,1,3
1415,16,1,1,6.17,1066,,,11,21,32
6804,3,1,1,6.17,59,,1.0,0,10,10
702,11,1,1,6.16,117,,,0,6,6
12825,23,1,1,6.16,508,,,8,6,14
8894,26,1,1,6.16,159,,,3,2,5
3425,8,1,1,6.16,955,,,8,8,16
12207,16,1,1,6.16,686,,,8,7,15
1029,3,1,1,6.16,104,,,1,6,7
12021,11,1,1,6.16,128,,,0,7,7
1676,8,1,1,6.15,180,,,2,0,2
1611,3,1,1,6.15,96,,,1,4,5
1248,16,1,1,6.15,382,1.0,,3,15,18
13748,23,1,1,6.15,91,,,1,1,2
7964,5,1,1,6.14,7,,,0,1,1
64,16,1,1,6.14,398,1.0,1.0,2,24,26
11893,8,1,1,6.13,1084,,,12,16,28
8572,16,1,1,6.13,130,,,1,3,4
11063,9,1,1,6.13,90,,,1,4,5
4468,26,1,1,6.12,180,,,2,0,2
7076,16,1,1,6.12,53,,,1,1,2
12241,8,1,1,6.11,657,,1.0,8,4,12
6027,10,1,1,6.11,320,,,2,14,16
2806,2,1,1,6.11,41,,,0,2,2
3408,26,1,1,6.11,5,,,0,2,2
11735,18,1,1,6.1,598,2.0,,3,24,27
7061,18,1,1,6.1,82,,,1,7,8
14249,7,1,1,6.1,52,,,0,4,4
10238,10,1,1,6.1,9,,,0,1,1
10003,23,1,1,6.1,65,,,0,5,5
1850,22,1,1,6.09,102,,,1,5,6
3210,23,1,1,6.09,381,,,2,5,7
11219,7,1,1,6.09,32,,,0,4,4
2333,4,1,1,6.09,25,,,0,4,4
4696,6,1,1,6.09,20,,,0,1,1
10400,9,1,1,6.09,2,,,0,1,1
12493,18,1,1,6.09,475,,,4,20,24
7947,16,1,1,6.08,48,,,0,5,5
7589,23,1,1,6.08,267,,1.0,2,10,12
4268,10,1,1,6.07,584,,,7,8,15
12916,23,1,1,6.07,742,1.0,,6,9,15
12954,9,1,1,6.07,144,,,0,7,7
5444,2,1,1,6.06,890,,1.0,11,3,14
8297,19,1,1,6.06,13,,,0,2,2
8866,6,1,1,6.06,66,,,1,1,2
12127,23,1,1,6.06,14,,,0,1,1
2895,9,1,1,6.05,83,,,0,8,8
5698,5,1,1,6.05,72,,,0,2,2
6246,16,1,1,6.05,16,,,0,1,1
12636,6,1,1,6.05,479,,,5,7,12
9147,20,1,1,6.04,150,,,1,8,9
11807,11,1,1,6.04,211,,,2,6,8
4637,19,1,1,6.04,11,,,0,1,1
6906,10,1,1,6.03,200,,,2,4,6
9567,4,1,1,6.03,16,,,0,2,2
7248,23,1,1,6.03,147,,,1,4,5
1232,5,1,1,6.03,23,,,0,4,4
11823,18,1,1,6.03,109,,,0,10,10
6791,22,1,1,6.02,87,,,0,6,6
2364,20,1,1,6.02,7,,,0,1,1
9780,25,1,1,6.02,106,,,0,3,3
11251,18,1,1,6.02,11,,,0,2,2
12839,20,1,1,6.02,17,,,0,2,2
3587,8,1,1,6.01,269,,,2,8,10
12367,16,1,1,6.01,3,,,0,1,1
13896,3,1,1,6.01,183,,,0,10,10
14495,6,1,1,6.01,95,,,1,4,5
4647,25,1,1,6.01,135,,,0,7,7
676,10,1,1,6.0,1,,,0,1,1
1512,5,1,1,6.0,1,,,1,0,1
2424,5,1,1,6.0,1,,,0,1,1
3451,18,1,1,6.0,1,,,0,1,1
4125,18,1,1,6.0,2,,,1,1,2
11504,24,1,1,6.0,1,,,0,1,1
9177,18,1,1,6.0,103,,,1,2,3
412,26,1,1,5.99,4,,,0,1,1
9142,2,1,1,5.99,14,,,0,2,2
1656,6,1,1,5.99,163,,,1,4,5
1388,4,1,1,5.98,5,,,0,1,1
13794,23,1,1,5.98,10,,,0,1,1
9196,18,1,1,5.97,11,,,1,2,3
11686,9,1,1,5.97,13,,,0,4,4
4418,26,1,1,5.96,19,,,0,3,3
457,8,1,1,5.95,14,,,0,1,1
6287,8,1,1,5.94,4,,,0,1,1
5885,24,1,1,5.92,10,,,0,1,1
12242,9,1,1,5.91,6,,,0,1,1
2301,24,1,1,5.89,9,,,0,1,1
11295,8,1,1,5.88,36,,,1,2,3
12768,23,1,1,5.85,34,,,0,1,1
3428,24,1,1,5.84,46,,,1,0,1
13665,6,1,1,5.82,222,,,2,2,4
906,6,1,1,5.82,16,,,0,1,1
6571,9,1,1,5.73,90,,,1,0,1
6980,17,1,1,5.65,27,,,1,0,1
3443,18,1,1,5.27,95,,,1,1,2
13399,20,1,2,7.82,333,,,4,0,4
7268,20,1,2,7.81,2324,19.0,6.0,27,1,28
12529,12,1,2,7.5,81,1.0,,1,0,1
14065,20,1,2,7.41,1875,15.0,5.0,22,4,26
5767,19,1,2,7.4,2340,8.0,5.0,28,1,29
12691,11,1,2,7.29,2992,9.0,10.0,35,2,37
733,26,1,2,7.23,2493,23.0,6.0,30,4,34
1337,4,1,2,7.23,2654,16.0,6.0,31,2,33
1281,11,1,2,7.22,61,,,0,1,1
3606,16,1,2,7.2,90,,,1,0,1
12109,5,1,2,7.2,2759,19.0,8.0,32,3,35
10078,22,1,2,7.18,2485,5.0,3.0,27,5,32
7252,13,1,2,7.16,291,2.0,,3,1,4
10644,3,1,2,7.16,2283,5.0,11.0,29,2,31
5706,3,1,2,7.15,2856,12.0,3.0,32,2,34
5154,3,1,2,7.15,2241,14.0,5.0,30,2,32
5671,5,1,2,7.15,2998,5.0,9.0,33,3,36
12233,20,1,2,7.14,2391,10.0,5.0,28,6,34
4944,26,1,2,7.13,2232,10.0,6.0,28,2,30
4781,5,1,2,7.12,1644,2.0,,20,0,20
13738,20,1,2,7.12,2130,1.0,8.0,24,9,33
4377,20,1,2,7.12,2911,2.0,7.0,33,4,37
6232,25,1,2,7.12,74,,,1,1,2
14341,11,1,2,7.11,2121,5.0,,27,2,29
7965,5,1,2,7.11,2200,5.0,5.0,22,15,37
13261,22,1,2,7.11,2155,7.0,4.0,24,6,30
6581,5,1,2,7.09,2506,2.0,4.0,29,3,32
4885,5,1,2,7.08,943,1.0,1.0,10,2,12
1553,11,1,2,7.08,2606,24.0,8.0,32,4,36
451,11,1,2,7.08,3201,3.0,6.0,36,1,37
12869,24,1,2,7.06,2518,3.0,,28,0,28
2080,20,1,2,7.06,1553,8.0,6.0,18,13,31
6774,19,1,2,7.06,1332,1.0,2.0,15,2,17
1284,17,1,2,7.06,2449,17.0,2.0,29,4,33
1447,20,1,2,7.04,373,6.0,,4,6,10
11526,25,1,2,7.04,3305,7.0,1.0,37,0,37
1402,16,1,2,7.03,2203,3.0,2.0,25,1,26
14381,4,1,2,7.03,223,,1.0,3,0,3
4651,19,1,2,7.01,315,,,3,1,4
5509,7,1,2,7.01,2716,9.0,10.0,31,4,35
1704,19,1,2,7.0,2309,9.0,1.0,29,2,31
1649,20,1,2,7.0,1987,3.0,1.0,22,5,27
14039,11,1,2,6.99,2067,8.0,7.0,26,4,30
11848,5,1,2,6.99,1373,6.0,9.0,17,11,28
3764,20,1,2,6.98,1826,,2.0,21,10,31
11222,19,1,2,6.98,1155,3.0,2.0,14,1,15
607,26,1,2,6.97,2599,2.0,14.0,33,1,34
11613,16,1,2,6.96,90,,,1,0,1
7218,26,1,2,6.96,1062,1.0,1.0,12,0,12
5883,24,1,2,6.95,1426,2.0,1.0,16,2,18
2036,10,1,2,6.95,2165,15.0,1.0,25,2,27
6514,1,1,2,6.94,360,,,4,0,4
1198,20,1,2,6.94,1890,,,21,0,21
8518,24,1,2,6.93,2887,4.0,3.0,34,1,35
14457,26,1,2,6.93,1229,2.0,1.0,14,2,16
2886,20,1,2,6.92,2177,4.0,3.0,25,3,28
11457,11,1,2,6.92,3420,,,38,0,38
12575,4,1,2,6.91,2092,4.0,5.0,25,9,34
8280,24,1,2,6.91,2284,,1.0,27,1,28
2188,12,1,2,6.91,1640,6.0,2.0,18,3,21
2087,22,1,2,6.91,2422,5.0,6.0,27,5,32
8646,20,1,2,6.9,1688,2.0,6.0,18,14,32
4085,11,1,2,6.88,2641,5.0,,30,0,30
9344,22,1,2,6.88,2655,4.0,1.0,29,2,31
11479,5,1,2,6.87,1476,4.0,2.0,16,8,24
9391,10,1,2,6.87,2668,8.0,6.0,30,3,33
7278,5,1,2,6.86,2899,1.0,2.0,32,3,35
12812,13,1,2,6.86,2816,1.0,2.0,30,5,35
911,4,1,2,6.85,1912,15.0,3.0,21,11,32
6589,5,1,2,6.85,1544,7.0,3.0,18,12,30
8971,2,1,2,6.85,1889,1.0,3.0,22,1,23
13978,16,1,2,6.84,2330,7.0,2.0,25,4,29
2349,1,1,2,6.84,1121,2.0,4.0,12,6,18
8549,20,1,2,6.84,1412,3.0,6.0,14,15,29
14512,24,1,2,6.84,2576,16.0,2.0,28,5,33
14450,26,1,2,6.83,481,,,7,0,7
929,13,1,2,6.83,3264,,,37,0,37
10023,11,1,2,6.83,3037,2.0,7.0,35,0,35
14560,3,1,2,6.83,1934,3.0,1.0,22,5,27
5746,24,1,2,6.82,1050,4.0,4.0,14,0,14
2779,25,1,2,6.82,56,,,0,1,1
7181,7,1,2,6.82,2889,13.0,3.0,36,1,37
2670,19,1,2,6.81,630,,,7,0,7
3464,10,1,2,6.81,2538,,7.0,28,4,32
4952,19,1,2,6.81,2771,1.0,,32,0,32
8980,5,1,2,6.8,2520,,,28,0,28
11129,3,1,2,6.8,2263,1.0,5.0,26,2,28
5205,19,1,2,6.8,1852,2.0,,22,2,24
8536,2,1,2,6.8,2392,,5.0,29,4,33
11999,7,1,2,6.8,1338,,,15,6,21
2835,11,1,2,6.8,2972,1.0,2.0,33,1,34
11212,4,1,2,6.79,1559,,1.0,17,7,24
5047,25,1,2,6.79,3289,,,37,0,37
13893,3,1,2,6.79,3184,,,36,0,36
5867,11,1,2,6.79,2747,5.0,4.0,33,3,36
4469,26,1,2,6.79,3240,,,36,0,36
5454,7,1,2,6.79,763,1.0,1.0,8,4,12
5720,3,1,2,6.78,2106,1.0,1.0,25,4,29
2275,7,1,2,6.78,2221,1.0,,26,1,27
12214,4,1,2,6.77,2088,3.0,5.0,25,9,34
12175,22,1,2,6.77,2473,2.0,,28,1,29
349,19,1,2,6.77,1018,2.0,1.0,11,7,18
11399,5,1,2,6.77,1563,,,18,1,19
6238,22,1,2,6.77,1076,,1.0,13,1,14
6852,7,1,2,6.76,1997,3.0,2.0,24,3,27
8477,12,1,2,6.76,2555,6.0,3.0,30,1,31
8629,19,1,2,6.76,612,,3.0,6,8,14
12303,5,1,2,6.75,1996,1.0,2.0,21,4,25
12827,5,1,2,6.75,864,3.0,2.0,10,4,14
3162,6,1,2,6.75,371,,,4,1,5
3128,20,1,2,6.75,1156,,1.0,14,0,14
7606,20,1,2,6.74,1197,,,13,1,14
10560,10,1,2,6.74,3272,4.0,,37,0,37
12090,24,1,2,6.74,2160,,,24,0,24
9173,4,1,2,6.74,2558,,1.0,29,2,31
7026,25,1,2,6.74,1799,1.0,2.0,22,2,24
12816,16,1,2,6.73,2155,2.0,5.0,21,15,36
4578,18,1,2,6.73,3328,3.0,1.0,37,0,37
13888,7,1,2,6.73,2802,1.0,,31,3,34
6150,4,1,2,6.73,3420,,,38,0,38
7766,24,1,2,6.73,1609,3.0,,20,4,24
14331,11,1,2,6.73,2246,1.0,8.0,24,10,34
10398,19,1,2,6.73,1050,1.0,2.0,10,9,19
7809,13,1,2,6.73,3217,6.0,2.0,36,1,37
673,22,1,2,6.72,3276,,,37,0,37
2903,26,1,2,6.72,2588,3.0,5.0,29,4,33
13992,7,1,2,6.72,2402,,,26,1,27
10318,25,1,2,6.72,1072,1.0,,12,2,14
6436,6,1,2,6.71,3049,,,34,0,34
7074,20,1,2,6.71,1676,10.0,2.0,15,19,34
5467,25,1,2,6.71,2998,13.0,2.0,35,2,37
1235,4,1,2,6.71,1528,9.0,2.0,14,18,32
1678,4,1,2,6.71,2784,2.0,,30,5,35
7235,19,1,2,6.7,1862,1.0,1.0,21,4,25
12837,2,1,2,6.7,2057,9.0,4.0,22,12,34
223,2,1,2,6.7,2487,3.0,2.0,29,7,36
10556,24,1,2,6.7,1744,1.0,1.0,20,2,22
11952,4,1,2,6.69,726,2.0,1.0,7,9,16
3169,11,1,2,6.69,1977,3.0,,25,0,25
6890,13,1,2,6.69,621,2.0,1.0,7,2,9
6973,26,1,2,6.69,1963,3.0,1.0,21,8,29
12390,19,1,2,6.69,2476,,,28,0,28
8621,2,1,2,6.69,918,6.0,,10,5,15
9090,5,1,2,6.69,251,,,3,2,5
12336,6,1,2,6.69,3141,3.0,1.0,36,0,36
3160,17,1,2,6.69,2336,,1.0,27,0,27
9549,16,1,2,6.69,2257,2.0,,25,1,26
7843,4,1,2,6.69,2504,,4.0,32,3,35
8604,10,1,2,6.68,2124,,1.0,25,2,27
2170,12,1,2,6.68,1337,2.0,,15,2,17
5776,18,1,2,6.68,2810,4.0,1.0,34,3,37
13406,25,1,2,6.68,2162,,2.0,25,6,31
12113,6,1,2,6.68,1906,1.0,1.0,24,4,28
12535,16,1,2,6.68,2307,1.0,1.0,26,8,34
6889,2,1,2,6.67,923,,3.0,12,0,12
6506,17,1,2,6.66,2663,1.0,6.0,29,8,37
1408,20,1,2,6.66,2708,1.0,,30,3,33
4815,4,1,2,6.66,406,,,5,0,5
12365,17,1,2,6.66,2105,,2.0,26,3,29
11139,7,1,2,6.66,3004,2.0,2.0,33,5,38
2531,6,1,2,6.66,2627,5.0,1.0,30,7,37
8612,1,1,2,6.66,2515,5.0,4.0,31,6,37
4426,5,1,2,6.65,1446,8.0,,14,17,31
8973,19,1,2,6.65,1988,2.0,2.0,24,2,26
1133,5,1,2,6.65,1999,2.0,2.0,27,3,30
9100,4,1,2,6.65,2573,6.0,4.0,29,8,37
2915,3,1,2,6.65,2879,,,31,2,33
11156,18,1,2,6.65,2702,1.0,,32,2,34
7739,22,1,2,6.65,1244,,2.0,14,6,20
12682,4,1,2,6.65,1365,1.0,5.0,14,20,34
10254,6,1,2,6.65,286,,,2,2,4
11701,16,1,2,6.65,3240,,,36,0,36
7287,13,1,2,6.65,1462,1.0,,15,10,25
6018,7,1,2,6.64,893,,1.0,9,5,14
1847,3,1,2,6.64,1452,,,16,10,26
502,2,1,2,6.64,572,,,8,1,9
5617,22,1,2,6.64,2524,,2.0,29,1,30
9088,24,1,2,6.64,1304,1.0,2.0,18,3,21
2757,25,1,2,6.64,3075,,,33,3,36
5125,26,1,2,6.64,951,3.0,2.0,9,8,17
10985,3,1,2,6.64,1993,4.0,5.0,25,5,30
12346,17,1,2,6.63,1552,3.0,2.0,19,11,30
4423,20,1,2,6.63,1727,,,21,2,23
5645,17,1,2,6.63,1855,4.0,,20,8,28
2910,16,1,2,6.63,2635,2.0,4.0,31,5,36
14245,19,1,2,6.63,1984,10.0,5.0,25,8,33
12632,26,1,2,6.63,1656,2.0,,20,7,27
1638,12,1,2,6.63,1530,,,17,0,17
311,22,1,2,6.63,1120,,2.0,11,10,21
10049,13,1,2,6.63,3181,,1.0,36,0,36
1055,25,1,2,6.63,975,2.0,1.0,12,6,18
9604,26,1,2,6.62,479,,,6,1,7
3445,25,1,2,6.62,2672,3.0,6.0,30,6,36
8626,19,1,2,6.62,360,,,4,0,4
10086,3,1,2,6.61,1537,3.0,1.0,18,9,27
429,13,1,2,6.61,1811,3.0,3.0,21,7,28
6787,1,1,2,6.61,2697,3.0,4.0,34,2,36
12860,17,1,2,6.61,2870,,,32,0,32
1419,1,1,2,6.61,3060,,,34,0,34
6810,22,1,2,6.61,1521,1.0,1.0,16,7,23
9105,2,1,2,6.61,438,,,4,3,7
13226,24,1,2,6.61,1516,1.0,4.0,15,14,29
11340,18,1,2,6.61,1661,1.0,,16,15,31
12344,1,1,2,6.6,1877,2.0,1.0,21,7,28
1035,3,1,2,6.6,1023,,3.0,10,13,23
5268,22,1,2,6.6,2301,,2.0,27,4,31
6250,1,1,2,6.6,2387,1.0,3.0,25,7,32
10566,16,1,2,6.6,350,,,4,7,11
902,18,1,2,6.6,2492,6.0,1.0,30,2,32
2425,19,1,2,6.6,2165,,,24,2,26
108,18,1,2,6.6,1695,1.0,,19,1,20
7249,24,1,2,6.6,1178,,2.0,11,15,26
5718,5,1,2,6.6,1293,,,13,7,20
1044,1,1,2,6.6,2865,1.0,,33,3,36
7273,3,1,2,6.6,236,,,2,2,4
692,13,1,2,6.59,2569,2.0,,30,2,32
7056,4,1,2,6.59,1325,,,14,8,22
10082,22,1,2,6.59,2160,9.0,3.0,23,10,33
8601,2,1,2,6.59,2970,,,33,0,33
5714,3,1,2,6.59,2001,,2.0,22,5,27
1963,26,1,2,6.59,568,1.0,,6,5,11
5384,5,1,2,6.59,322,,2.0,4,3,7
11274,18,1,2,6.58,2514,,1.0,29,2,31
3206,10,1,2,6.58,3414,,,38,0,38
4639,20,1,2,6.58,1397,1.0,5.0,15,10,25
2337,1,1,2,6.58,1122,3.0,1.0,10,19,29
232,24,1,2,6.58,1750,1.0,4.0,15,16,31
14536,19,1,2,6.57,1048,,1.0,12,0,12
1472,22,1,2,6.57,809,,1.0,7,8,15
10032,12,1,2,6.57,1561,1.0,,17,2,19
4449,5,1,2,6.57,1203,7.0,2.0,12,17,29
10235,17,1,2,6.57,2012,3.0,,23,5,28
13150,4,1,2,6.57,1631,,,19,4,23
503,1,1,2,6.57,949,1.0,,11,0,11
7222,10,1,2,6.57,1420,,2.0,17,7,24
8896,7,1,2,6.57,1776,,5.0,20,6,26
5662,26,1,2,6.57,1514,2.0,2.0,17,14,31
345,3,1,2,6.57,2708,1.0,,31,3,34
8541,17,1,2,6.56,1794,1.0,,21,7,28
459,5,1,2,6.56,1378,,1.0,15,3,18
688,1,1,2,6.56,1261,,3.0,14,15,29
4871,10,1,2,6.56,2538,2.0,,29,5,34
14442,3,1,2,6.56,1156,,,14,5,19
6243,6,1,2,6.56,2518,1.0,2.0,28,2,30
5084,16,1,2,6.56,2466,1.0,1.0,27,7,34
1026,22,1,2,6.55,1440,4.0,1.0,20,9,29
13209,18,1,2,6.55,3330,,,37,0,37
2059,24,1,2,6.55,2288,,1.0,26,2,28
1377,1,1,2,6.55,2437,,1.0,29,4,33
13048,19,1,2,6.55,1135,,,12,3,15
7081,7,1,2,6.55,407,,,4,2,6
2741,16,1,2,6.55,1339,1.0,1.0,17,2,19
4103,24,1,2,6.55,459,2.0,,5,8,13
10404,20,1,2,6.54,1741,,1.0,18,11,29
2406,4,1,2,6.54,1423,,2.0,14,11,25
12809,25,1,2,6.54,1236,1.0,2.0,15,12,27
6240,25,1,2,6.54,2505,4.0,1.0,28,8,36
610,3,1,2,6.54,1582,7.0,3.0,15,20,35
9243,24,1,2,6.54,1170,,,13,0,13
6512,24,1,2,6.53,2012,,2.0,25,4,29
11239,16,1,2,6.53,1458,1.0,2.0,17,5,22
8552,24,1,2,6.53,778,,,9,3,12
9339,16,1,2,6.53,2355,,1.0,28,0,28
3560,24,1,2,6.53,1127,5.0,1.0,12,11,23
12878,12,1,2,6.53,2504,,4.0,31,5,36
11757,1,1,2,6.53,2441,,,27,6,33
1320,2,1,2,6.53,778,3.0,,10,3,13
3708,20,1,2,6.53,497,,,6,4,10
12227,4,1,2,6.52,1527,3.0,5.0,17,17,34
4037,13,1,2,6.52,1793,,1.0,19,15,34
53,1,1,2,6.52,2316,,,27,0,27
12834,2,1,2,6.52,1676,2.0,,19,0,19
2169,2,1,2,6.52,819,1.0,,9,2,11
8092,2,1,2,6.52,1844,6.0,,22,10,32
3719,2,1,2,6.51,2529,2.0,,30,1,31
4295,6,1,2,6.51,2552,,,30,0,30
12904,22,1,2,6.51,774,2.0,2.0,8,7,15
13879,18,1,2,6.51,2127,1.0,2.0,28,7,35
3518,2,1,2,6.51,1921,,,23,7,30
10410,16,1,2,6.51,417,,,5,3,8
11697,11,1,2,6.51,1180,7.0,5.0,11,22,33
11877,26,1,2,6.5,2036,,1.0,24,2,26
810,26,1,2,6.5,1120,1.0,3.0,14,5,19
5591,12,1,2,6.5,2992,1.0,1.0,33,1,34
5848,18,1,2,6.5,2876,,1.0,32,1,33
12620,13,1,2,6.5,1818,1.0,3.0,21,6,27
5381,19,1,2,6.5,1715,,1.0,20,3,23
5150,12,1,2,6.5,1790,1.0,3.0,21,14,35
14003,6,1,2,6.5,1870,,1.0,22,0,22
12684,13,1,2,6.5,2295,1.0,,26,4,30
1457,18,1,2,6.49,1691,,,19,0,19
10040,7,1,2,6.49,809,,,9,3,12
4817,25,1,2,6.49,1401,,,16,2,18
7757,1,1,2,6.49,1424,3.0,2.0,15,18,33
2843,7,1,2,6.49,258,,2.0,3,2,5
2761,11,1,2,6.49,784,9.0,3.0,5,26,31
4434,24,1,2,6.49,461,,,5,3,8
10436,1,1,2,6.49,1131,1.0,,11,14,25
14250,7,1,2,6.48,434,5.0,,4,11,15
6981,17,1,2,6.48,1644,,,18,1,19
10431,4,1,2,6.48,1860,2.0,3.0,19,11,30
4686,26,1,2,6.48,912,,,10,7,17
3999,10,1,2,6.48,138,,1.0,1,2,3
11215,19,1,2,6.48,42,,,0,2,2
1030,1,1,2,6.47,2937,1.0,,33,4,37
1505,11,1,2,6.47,1242,,2.0,14,7,21
2846,10,1,2,6.47,1307,,2.0,16,1,17
317,17,1,2,6.47,2351,2.0,1.0,26,7,33
7260,10,1,2,6.47,1557,2.0,,15,17,32
10359,13,1,2,6.47,2471,3.0,2.0,32,6,38
8891,16,1,2,6.47,1611,,2.0,16,19,35
9896,4,1,2,6.46,892,5.0,1.0,9,14,23
5905,6,1,2,6.46,2609,,,29,6,35
1851,22,1,2,6.46,1692,,1.0,19,10,29
4648,25,1,2,6.46,2070,1.0,4.0,27,5,32
5691,3,1,2,6.46,520,,,5,4,9
6726,17,1,2,6.46,2041,,3.0,22,8,30
7776,26,1,2,6.46,1581,,,16,7,23
7472,12,1,2,6.46,573,,1.0,7,4,11
13856,22,1,2,6.45,1078,3.0,1.0,12,14,26
462,17,1,2,6.45,2536,1.0,3.0,28,2,30
13087,2,1,2,6.45,90,,,1,0,1
10382,12,1,2,6.45,2460,11.0,1.0,28,6,34
2403,25,1,2,6.45,1596,,,18,5,23
615,2,1,2,6.45,980,,1.0,11,3,14
2317,7,1,2,6.44,1586,,,18,4,22
434,26,1,2,6.44,1490,2.0,2.0,17,10,27
11513,13,1,2,6.44,501,2.0,,6,11,17
4282,12,1,2,6.44,1221,2.0,1.0,14,1,15
4064,26,1,2,6.44,839,,,9,1,10
14401,25,1,2,6.44,733,,,7,7,14
8533,6,1,2,6.44,1529,1.0,,15,13,28
3543,10,1,2,6.43,2494,,,30,3,33
11036,24,1,2,6.43,1624,,1.0,18,9,27
13739,16,1,2,6.43,1545,,1.0,16,12,28
2415,2,1,2,6.43,1792,,,21,0,21
7980,2,1,2,6.43,1561,3.0,5.0,16,13,29
1172,19,1,2,6.42,443,,,4,8,12
11145,10,1,2,6.42,965,2.0,1.0,9,15,24
12033,19,1,2,6.42,166,,,1,2,3
12528,1,1,2,6.42,1922,8.0,1.0,21,13,34
1618,19,1,2,6.42,1054,2.0,,13,5,18
4938,12,1,2,6.42,2685,,3.0,31,4,35
6801,17,1,2,6.42,1803,1.0,3.0,21,12,33
3118,6,1,2,6.41,785,4.0,,10,11,21
2287,7,1,2,6.41,771,1.0,1.0,7,9,16
11059,10,1,2,6.41,2197,,1.0,25,7,32
123,19,1,2,6.41,1398,,1.0,15,8,23
12240,6,1,2,6.41,1369,2.0,3.0,18,5,23
3548,24,1,2,6.41,1470,1.0,1.0,18,6,24
2811,16,1,2,6.41,1827,3.0,2.0,20,15,35
2512,17,1,2,6.41,869,1.0,3.0,10,7,17
6781,22,1,2,6.41,543,,,5,6,11
5521,1,1,2,6.41,798,,2.0,8,14,22
2324,22,1,2,6.4,408,2.0,1.0,6,5,11
4153,26,1,2,6.4,1443,1.0,1.0,15,17,32
4634,7,1,2,6.4,2437,,,28,5,33
5497,7,1,2,6.4,721,,1.0,8,9,17
11277,2,1,2,6.4,23,,,0,1,1
6025,10,1,2,6.4,1794,5.0,1.0,22,13,35
5699,5,1,2,6.4,900,,,10,0,10
1549,22,1,2,6.4,1231,1.0,2.0,15,14,29
7254,6,1,2,6.4,875,3.0,1.0,9,7,16
65,16,1,2,6.4,1259,6.0,1.0,11,23,34
4440,2,1,2,6.4,360,,,4,0,4
10019,18,1,2,6.39,521,,,4,11,15
11110,5,1,2,6.39,932,,1.0,11,17,28
9852,13,1,2,6.39,1631,,,20,9,29
44,5,1,2,6.39,67,,,0,2,2
11524,26,1,2,6.39,183,,,5,0,5
1416,16,1,2,6.39,1465,3.0,1.0,21,8,29
12295,6,1,2,6.39,821,,,9,7,16
6230,16,1,2,6.39,1684,,1.0,19,11,30
6961,10,1,2,6.38,576,,,5,8,13
13873,3,1,2,6.38,870,2.0,,9,16,25
3478,25,1,2,6.38,1835,,,19,14,33
891,12,1,2,6.38,474,,,5,8,13
13305,7,1,2,6.38,886,7.0,1.0,7,25,32
309,6,1,2,6.37,430,,,5,1,6
6259,13,1,2,6.37,2648,2.0,3.0,30,7,37
7698,7,1,2,6.37,706,,,10,2,12
8947,13,1,2,6.37,724,4.0,1.0,6,20,26
12806,19,1,2,6.37,566,1.0,,6,8,14
5097,1,1,2,6.36,630,1.0,2.0,6,8,14
14227,19,1,2,6.36,673,1.0,3.0,4,18,22
331,26,1,2,6.35,1113,1.0,,12,4,16
11151,18,1,2,6.35,1385,,,19,12,31
11520,18,1,2,6.35,1166,1.0,1.0,13,10,23
5643,3,1,2,6.35,588,2.0,,5,15,20
13130,10,1,2,6.35,701,1.0,,9,2,11
920,22,1,2,6.35,398,,,6,3,9
3393,6,1,2,6.35,87,,,0,4,4
12372,6,1,2,6.34,1649,,1.0,18,14,32
1064,12,1,2,6.34,1339,,,14,1,15
5570,2,1,2,6.34,1428,,,14,11,25
7011,17,1,2,6.34,924,2.0,1.0,9,17,26
3452,18,1,2,6.34,4,,,0,1,1
12350,25,1,2,6.34,10,,,0,1,1
622,6,1,2,6.34,1286,,1.0,14,12,26
11075,16,1,2,6.34,1574,,,18,11,29
2336,12,1,2,6.34,3154,,2.0,36,0,36
11890,17,1,2,6.33,1351,6.0,1.0,13,22,35
11884,18,1,2,6.33,1280,1.0,2.0,15,10,25
4715,7,1,2,6.33,539,,1.0,5,12,17
6989,26,1,2,6.33,13,,,0,1,1
6522,25,1,2,6.33,705,1.0,,6,14,20
6281,7,1,2,6.33,747,,1.0,10,2,12
46,19,1,2,6.33,857,1.0,,6,20,26
12024,12,1,2,6.33,2300,3.0,,25,8,33
11558,25,1,2,6.33,646,,,5,10,15
5135,6,1,2,6.32,1705,1.0,2.0,18,7,25
8963,5,1,2,6.32,73,1.0,,1,2,3
12843,18,1,2,6.32,1671,3.0,1.0,20,11,31
8393,7,1,2,6.32,1959,1.0,4.0,22,9,31
8596,6,1,2,6.32,722,1.0,,8,1,9
6985,6,1,2,6.32,678,,,8,2,10
3429,24,1,2,6.32,36,,,0,1,1
7263,11,1,2,6.32,738,,,6,11,17
1612,3,1,2,6.32,507,2.0,1.0,4,14,18
11236,17,1,2,6.32,1143,1.0,2.0,12,21,33
8650,2,1,2,6.31,437,3.0,,5,8,13
11824,18,1,2,6.31,563,1.0,1.0,3,13,16
5477,25,1,2,6.31,1307,1.0,,12,14,26
2894,3,1,2,6.31,739,1.0,,7,10,17
12199,19,1,2,6.31,1043,,,9,20,29
5845,6,1,2,6.31,1705,,2.0,21,9,30
12775,25,1,2,6.3,598,,1.0,7,13,20
7005,10,1,2,6.3,1316,1.0,1.0,15,15,30
5894,7,1,2,6.3,1016,,,13,0,13
12924,16,1,2,6.3,288,,,5,2,7
6976,18,1,2,6.3,1543,2.0,,14,22,36
292,3,1,2,6.3,258,,,2,10,12
12877,12,1,2,6.3,123,,1.0,2,1,3
6234,4,1,2,6.29,84,,,0,5,5
4302,12,1,2,6.29,82,,1.0,0,8,8
1156,18,1,2,6.29,627,,,6,6,12
442,10,1,2,6.29,135,,,1,3,4
8990,24,1,2,6.29,354,,,3,4,7
10412,17,1,2,6.29,92,1.0,,0,7,7
11809,26,1,2,6.28,782,,2.0,6,13,19
6795,22,1,2,6.28,119,,,1,4,5
7201,17,1,2,6.28,1663,,1.0,18,8,26
8942,19,1,2,6.28,226,,,3,0,3
9365,13,1,2,6.28,1854,,2.0,17,14,31
2889,20,1,2,6.28,586,,2.0,5,15,20
14438,10,1,2,6.27,657,1.0,,8,6,14
7069,6,1,2,6.27,710,,,9,4,13
1077,22,1,2,6.27,729,3.0,,9,10,19
2659,2,1,2,6.27,2434,,1.0,26,5,31
13357,12,1,2,6.26,197,1.0,,2,7,9
7043,26,1,2,6.26,1043,7.0,,8,21,29
7448,2,1,2,6.26,520,1.0,,5,3,8
11762,24,1,2,6.26,384,2.0,,3,12,15
3324,26,1,2,6.26,131,,,1,3,4
4374,6,1,2,6.26,155,1.0,,3,1,4
6797,22,1,2,6.26,23,,,0,1,1
11420,19,1,2,6.26,26,,,0,2,2
11733,2,1,2,6.26,16,,,0,1,1
50,1,1,2,6.26,716,1.0,,6,17,23
7473,12,1,2,6.26,506,,,6,3,9
5651,10,1,2,6.25,608,,2.0,8,6,14
12277,25,1,2,6.25,928,3.0,,11,14,25
11696,10,1,2,6.25,95,,,0,3,3
8950,5,1,2,6.25,13,,,0,2,2
9186,20,1,2,6.25,16,,,0,2,2
6806,22,1,2,6.25,350,,,2,12,14
11905,12,1,2,6.25,1252,,,14,3,17
9730,10,1,2,6.24,338,,,3,4,7
2283,10,1,2,6.24,1013,1.0,1.0,11,19,30
227,26,1,2,6.24,780,,,10,1,11
5141,2,1,2,6.24,1096,1.0,1.0,10,18,28
13450,4,1,2,6.23,166,,,3,0,3
13905,22,1,2,6.23,155,,,2,3,5
7761,18,1,2,6.23,831,1.0,,9,15,24
11889,3,1,2,6.23,404,1.0,,1,19,20
1787,18,1,2,6.23,195,2.0,,0,19,19
4286,12,1,2,6.23,245,,1.0,2,4,6
4082,5,1,2,6.23,56,,,0,2,2
2143,6,1,2,6.22,238,1.0,,1,12,13
13246,7,1,2,6.22,332,1.0,,2,8,10
909,13,1,2,6.22,252,,,3,1,4
427,25,1,2,6.22,263,1.0,1.0,2,14,16
6624,1,1,2,6.21,222,,,2,6,8
2039,6,1,2,6.21,3,,,0,1,1
5445,2,1,2,6.21,396,,,4,3,7
12823,6,1,2,6.21,477,1.0,1.0,1,21,22
11093,13,1,2,6.21,79,,,2,4,6
13962,11,1,2,6.2,488,2.0,,2,25,27
215,24,1,2,6.2,187,,,0,8,8
6247,16,1,2,6.2,235,1.0,,1,15,16
9779,6,1,2,6.2,1159,,,12,19,31
7013,12,1,2,6.19,799,,1.0,7,18,25
2343,26,1,2,6.19,260,,,2,5,7
964,16,1,2,6.19,389,,,3,12,15
11545,3,1,2,6.19,8,,,0,2,2
5552,11,1,2,6.19,7,,,0,2,2
9143,2,1,2,6.18,303,1.0,,2,9,11
13870,17,1,2,6.18,560,1.0,,7,3,10
2033,19,1,2,6.18,405,,1.0,4,7,11
5697,13,1,2,6.18,4,,,0,1,1
8900,26,1,2,6.18,300,,,2,12,14
7754,17,1,2,6.18,295,,,3,13,16
11268,11,1,2,6.17,691,,2.0,4,22,26
13061,13,1,2,6.17,721,1.0,1.0,9,8,17
4069,13,1,2,6.17,101,,,1,1,2
5137,20,1,2,6.17,17,,,0,2,2
14482,7,1,2,6.17,90,,,1,0,1
6536,11,1,2,6.17,369,,,2,16,18
2513,19,1,2,6.17,301,1.0,,4,2,6
14315,1,1,2,6.17,299,,,3,7,10
11736,18,1,2,6.16,395,1.0,,3,20,23
11261,12,1,2,6.16,18,,,0,1,1
1587,4,1,2,6.16,160,,,2,3,5
2320,7,1,2,6.16,704,,,7,10,17
6509,24,1,2,6.15,17,,,0,2,2
12494,18,1,2,6.15,27,,,0,1,1
11137,12,1,2,6.15,1128,,,15,11,26
6578,24,1,2,6.15,381,,,5,4,9
5305,24,1,2,6.15,101,,,1,5,6
670,2,1,2,6.14,970,,,9,12,21
14106,5,1,2,6.14,320,2.0,,2,12,14
1870,13,1,2,6.14,369,1.0,1.0,2,18,20
2385,19,1,2,6.14,195,,,2,2,4
8967,12,1,2,6.14,270,,,3,0,3
1607,17,1,2,6.14,9,,,0,1,1
2417,25,1,2,6.14,7,,,0,1,1
7014,13,1,2,6.14,166,,,1,7,8
691,22,1,2,6.14,28,,,0,2,2
4269,10,1,2,6.13,163,,,3,9,12
5709,17,1,2,6.13,16,,,0,1,1
13127,26,1,2,6.13,28,,,0,1,1
1400,12,1,2,6.13,721,,2.0,7,21,28
9526,12,1,2,6.12,360,,,3,11,14
13289,24,1,2,6.12,315,,,3,5,8
5475,25,1,2,6.12,80,,1.0,0,9,9
2839,13,1,2,6.11,377,,,6,4,10
9148,24,1,2,6.11,240,,,2,7,9
7205,19,1,2,6.11,71,,,0,5,5
2777,13,1,2,6.1,159,1.0,,1,7,8
1276,5,1,2,6.1,47,,,0,3,3
3102,17,1,2,6.1,46,,,0,2,2
10855,12,1,2,6.1,149,,,0,10,10
916,6,1,2,6.1,48,,,0,7,7
10218,22,1,2,6.09,242,,,1,10,11
411,22,1,2,6.09,27,,,0,1,1
8863,1,1,2,6.09,16,,,0,2,2
4250,13,1,2,6.09,122,,,1,5,6
8878,24,1,2,6.09,116,,,1,3,4
13746,11,1,2,6.09,11,,,0,2,2
6986,17,1,2,6.08,13,,,0,1,1
14024,1,1,2,6.08,2,,,0,2,2
13883,22,1,2,6.07,141,,,1,1,2
3584,10,1,2,6.07,908,,,11,4,15
12915,12,1,2,6.06,78,,,0,5,5
14263,12,1,2,6.06,241,,,3,1,4
8036,2,1,2,6.06,278,,,2,12,14
7054,6,1,2,6.05,13,,,1,3,4
10632,20,1,2,6.05,19,,,0,4,4
5557,2,1,2,6.05,275,,,2,7,9
7062,18,1,2,6.05,18,,,0,2,2
7507,6,1,2,6.05,20,,,0,1,1
6227,11,1,2,6.05,31,,,0,3,3
10074,3,1,2,6.04,146,,,1,6,7
10028,7,1,2,6.04,291,,,2,13,15
3449,2,1,2,6.04,90,,,1,0,1
4361,24,1,2,6.04,9,,,0,2,2
1795,26,1,2,6.04,261,,,2,12,14
6268,7,1,2,6.03,19,,,0,1,1
9764,17,1,2,6.03,2,,,0,1,1
10132,6,1,2,6.03,4,,,0,1,1
12635,10,1,2,6.03,24,,,0,1,1
9310,12,1,2,6.03,562,,,6,7,13
492,24,1,2,6.03,32,,,0,6,6
335,17,1,2,6.03,551,,,7,1,8
322,3,1,2,6.02,8,,,0,1,1
12476,4,1,2,6.02,12,,,0,1,1
1509,2,1,2,6.02,251,,,3,8,11
1322,10,1,2,6.01,88,,,0,6,6
5157,10,1,2,6.01,2,,,0,1,1
9162,25,1,2,6.0,23,,,0,3,3
440,12,1,2,6.0,2,,,0,2,2
927,20,1,2,6.0,1,,,0,1,1
1954,11,1,2,6.0,2,,,0,2,2
3996,1,1,2,6.0,13,,,0,1,1
7196,11,1,2,6.0,1,,,1,0,1
9009,2,1,2,6.0,37,,,0,6,6
10014,12,1,2,6.0,31,,,0,1,1
10334,6,1,2,6.0,1,,,0,1,1
12778,11,1,2,6.0,1,,,0,1,1
14412,10,1,2,6.0,2,,,0,1,1
11233,25,1,2,6.0,100,,,1,4,5
2204,4,1,2,5.99,111,,,1,5,6
444,12,1,2,5.98,7,,,0,1,1
6459,10,1,2,5.98,1,,,0,1,1
14005,12,1,2,5.98,161,,,2,2,4
14298,17,1,2,5.97,8,,,0,1,1
13673,1,1,2,5.96,5,,,0,1,1
13891,1,1,2,5.96,5,,,0,1,1
10020,1,1,2,5.96,65,,,1,2,3
11887,12,1,2,5.96,281,,,4,0,4
2944,10,1,2,5.94,6,,,0,1,1
10390,10,1,2,5.93,180,,,2,0,2
6790,1,1,2,5.9,14,,,0,2,2
14415,24,1,2,5.89,90,,,1,0,1
49,4,1,2,5.87,9,,,0,1,1
2882,18,1,2,5.84,90,,,1,0,1
4788,7,1,2,5.79,17,,,0,1,1
6518,12,1,2,5.77,106,,,1,2,3
10091,12,1,2,5.69,25,,,0,1,1
9,13,1,2,5.66,153,,,2,1,3
7966,5,1,3,8.01,2864,9.0,13.0,31,4,35
12838,19,1,3,7.78,90,,,1,0,1
336,17,1,3,7.77,90,,,1,0,1
7937,20,1,3,7.75,2917,31.0,3.0,34,0,34
11849,5,1,3,7.62,2845,18.0,9.0,32,4,36
13884,22,1,3,7.32,180,,,2,0,2
12110,5,1,3,7.27,2682,27.0,2.0,32,2,34
7269,20,1,3,7.27,2495,9.0,8.0,29,2,31
14066,20,1,3,7.23,2259,11.0,8.0,24,6,30
8105,16,1,3,7.23,630,,,7,0,7
608,26,1,3,7.22,2608,7.0,9.0,30,2,32
5768,19,1,3,7.2,1552,9.0,8.0,17,5,22
2801,19,1,3,7.19,1149,5.0,1.0,14,1,15
1430,19,1,3,7.18,1365,5.0,2.0,15,2,17
11480,5,1,3,7.16,2897,4.0,5.0,35,2,37
4378,20,1,3,7.16,3034,6.0,4.0,34,2,36
12234,20,1,3,7.13,1938,6.0,5.0,22,8,30
1705,26,1,3,7.11,1978,19.0,2.0,22,8,30
14443,3,1,3,7.04,1781,1.0,,20,1,21
2898,5,1,3,7.02,1217,10.0,3.0,13,12,25
3709,20,1,3,7.02,940,1.0,1.0,11,1,12
2906,14,1,3,7.01,1893,8.0,6.0,24,5,29
7282,4,1,3,7.01,2521,17.0,4.0,30,7,37
5066,19,1,3,6.99,1458,8.0,3.0,15,10,25
10645,3,1,3,6.98,2001,5.0,5.0,22,7,29
1285,17,1,3,6.98,2966,21.0,4.0,34,4,38
7219,26,1,3,6.98,1517,1.0,,17,2,19
2916,3,1,3,6.97,2605,4.0,,28,4,32
11806,10,1,3,6.95,1230,4.0,1.0,15,0,15
731,4,1,3,6.95,1563,20.0,2.0,15,20,35
8519,24,1,3,6.95,176,,1.0,2,0,2
6572,9,1,3,6.94,3420,,,38,0,38
8943,19,1,3,6.94,2101,2.0,1.0,23,2,25
14334,14,1,3,6.94,544,2.0,1.0,6,4,10
3561,24,1,3,6.93,3104,11.0,2.0,36,2,38
3765,20,1,3,6.93,1098,1.0,2.0,11,8,19
10517,22,1,3,6.93,1765,,,21,0,21
5719,5,1,3,6.91,2493,,4.0,28,0,28
11060,10,1,3,6.91,2978,1.0,,34,0,34
9101,4,1,3,6.9,2516,2.0,4.0,28,5,33
12813,26,1,3,6.9,2955,1.0,7.0,34,1,35
7238,4,1,3,6.9,180,,,2,0,2
1157,18,1,3,6.9,3067,2.0,3.0,34,1,35
10437,1,1,3,6.89,2924,2.0,1.0,33,1,34
2887,20,1,3,6.89,611,1.0,,7,1,8
7279,5,1,3,6.89,2606,2.0,3.0,29,3,32
5707,3,1,3,6.89,2654,6.0,8.0,29,6,35
1650,20,1,3,6.88,2691,,,31,1,32
11240,16,1,3,6.87,2376,,2.0,28,2,30
6775,19,1,3,6.87,2143,3.0,1.0,24,4,28
3437,19,1,3,6.87,2522,2.0,,29,1,30
4260,13,1,3,6.87,1877,10.0,3.0,22,2,24
2682,4,1,3,6.87,1976,2.0,1.0,23,0,23
1403,16,1,3,6.87,3209,2.0,,36,0,36
1448,20,1,3,6.86,1249,3.0,4.0,14,14,28
463,17,1,3,6.86,3077,1.0,3.0,35,0,35
12347,17,1,3,6.86,2435,5.0,5.0,30,6,36
6235,4,1,3,6.85,1795,,3.0,21,4,25
4579,18,1,3,6.85,3326,2.0,3.0,37,0,37
1532,26,1,3,6.84,203,2.0,,3,0,3
8542,17,1,3,6.84,2966,3.0,,35,0,35
10399,19,1,3,6.84,180,,1.0,2,0,2
8647,20,1,3,6.84,1820,2.0,6.0,17,18,35
13403,26,1,3,6.83,2325,11.0,4.0,25,10,35
11803,24,1,3,6.83,258,1.0,,2,3,5
7027,25,1,3,6.83,1811,,1.0,22,1,23
1338,4,1,3,6.83,2480,8.0,7.0,29,9,38
611,3,1,3,6.82,2354,6.0,7.0,28,8,36
14342,11,1,3,6.82,2266,4.0,3.0,27,2,29
10986,3,1,3,6.82,1628,15.0,1.0,19,10,29
109,18,1,3,6.81,2020,2.0,1.0,24,0,24
6990,14,1,3,6.81,1693,1.0,,19,4,23
2350,1,1,3,6.8,3099,5.0,5.0,35,2,37
11064,9,1,3,6.8,3158,,2.0,36,0,36
12653,1,1,3,6.8,1847,,1.0,20,5,25
13400,20,1,3,6.8,2700,,,30,0,30
5970,20,1,3,6.79,203,1.0,,2,1,3
12854,22,1,3,6.79,2746,2.0,5.0,31,6,37
2189,17,1,3,6.79,1848,1.0,6.0,22,5,27
8630,26,1,3,6.79,1457,,,16,1,17
4945,26,1,3,6.79,719,3.0,2.0,6,11,17
12304,5,1,3,6.79,760,1.0,1.0,12,1,13
8605,10,1,3,6.78,2878,1.0,4.0,32,1,33
12633,26,1,3,6.78,2565,4.0,2.0,30,5,35
1245,19,1,3,6.78,353,,1.0,4,1,5
9345,22,1,3,6.78,2962,2.0,1.0,33,3,36
11880,20,1,3,6.78,1674,,1.0,18,5,23
13886,3,1,3,6.77,645,,,7,3,10
13262,22,1,3,6.77,2382,5.0,,27,9,36
10075,3,1,3,6.77,2245,2.0,1.0,25,9,34
10714,26,1,3,6.77,1497,3.0,6.0,15,13,28
8049,9,1,3,6.77,2871,4.0,2.0,32,1,33
3173,16,1,3,6.77,170,,,2,0,2
1045,3,1,3,6.77,1489,,2.0,17,3,20
13949,14,1,3,6.77,2593,1.0,2.0,28,4,32
12536,16,1,3,6.76,2656,,2.0,31,1,32
5663,26,1,3,6.76,589,1.0,,7,4,11
2276,7,1,3,6.76,2273,1.0,,26,2,28
11213,4,1,3,6.76,2338,1.0,4.0,28,3,31
8281,24,1,3,6.76,2688,1.0,1.0,31,1,32
1639,18,1,3,6.75,2880,,,32,0,32
8951,5,1,3,6.75,1618,1.0,3.0,20,3,23
12373,24,1,3,6.75,677,2.0,1.0,9,2,11
4640,20,1,3,6.75,2174,,2.0,24,7,31
3465,10,1,3,6.74,2820,,3.0,32,1,33
318,17,1,3,6.74,2983,5.0,4.0,35,2,37
12817,16,1,3,6.74,2764,2.0,6.0,34,4,38
7767,24,1,3,6.74,2237,3.0,2.0,25,6,31
9091,7,1,3,6.74,2656,3.0,,29,2,31
8936,9,1,3,6.74,2976,3.0,,34,1,35
3758,9,1,3,6.74,1047,,2.0,12,7,19
1199,20,1,3,6.74,630,,1.0,7,0,7
2418,25,1,3,6.74,3027,2.0,,34,0,34
14451,26,1,3,6.74,1948,4.0,7.0,25,9,34
12172,4,1,3,6.74,2150,1.0,,24,3,27
12861,17,1,3,6.73,3330,,,37,0,37
11400,5,1,3,6.73,2621,,3.0,29,6,35
4083,5,1,3,6.73,1556,2.0,3.0,14,15,29
1458,18,1,3,6.73,1024,,,11,3,14
4450,5,1,3,6.73,1104,10.0,6.0,12,15,27
7199,14,1,3,6.73,2266,5.0,4.0,26,8,34
5510,7,1,3,6.73,1747,10.0,5.0,19,11,30
460,5,1,3,6.73,2292,,4.0,26,6,32
12576,4,1,3,6.72,1570,3.0,4.0,21,10,31
5382,19,1,3,6.72,579,,2.0,6,3,9
13979,16,1,3,6.72,2068,7.0,2.0,24,5,29
13903,9,1,3,6.72,1383,,2.0,16,1,17
7758,1,1,3,6.71,2554,13.0,,29,6,35
9241,14,1,3,6.71,2880,,,32,0,32
10024,11,1,3,6.71,2465,1.0,5.0,29,0,29
11301,26,1,3,6.71,2232,4.0,,26,8,34
2178,11,1,3,6.71,1733,3.0,3.0,21,4,25
4015,25,1,3,6.71,2207,1.0,2.0,26,4,30
13894,3,1,3,6.71,1890,,,21,0,21
8614,25,1,3,6.71,2846,5.0,3.0,33,3,36
6782,22,1,3,6.71,2463,1.0,1.0,28,7,35
9340,16,1,3,6.7,2765,3.0,,31,0,31
7007,24,1,3,6.7,2954,,,35,0,35
5777,18,1,3,6.7,2169,4.0,4.0,25,10,35
430,13,1,3,6.7,2729,6.0,1.0,32,3,35
11901,23,1,3,6.7,2349,4.0,5.0,26,7,33
12683,24,1,3,6.69,1556,1.0,6.0,17,7,24
3607,16,1,3,6.69,2790,,,31,0,31
12215,4,1,3,6.69,2114,3.0,5.0,23,11,34
1550,22,1,3,6.69,72,1.0,,1,2,3
2340,9,1,3,6.69,2557,2.0,1.0,28,6,34
2904,26,1,3,6.69,2281,3.0,3.0,26,10,36
6798,22,1,3,6.69,900,,1.0,6,7,13
7057,4,1,3,6.68,1997,,1.0,21,7,28
8974,19,1,3,6.68,910,2.0,2.0,11,3,14
8945,5,1,3,6.68,244,,,3,0,3
4019,17,1,3,6.68,2988,2.0,,33,1,34
6151,4,1,3,6.68,3240,,,36,0,36
1679,4,1,3,6.68,848,,1.0,9,5,14
5721,3,1,3,6.68,1490,,4.0,18,8,26
4427,5,1,3,6.68,1247,6.0,5.0,12,16,28
12621,13,1,3,6.68,2048,9.0,3.0,25,6,31
2552,10,1,3,6.67,2506,4.0,6.0,30,3,33
9731,10,1,3,6.67,2665,10.0,,31,4,35
7223,10,1,3,6.67,2892,,1.0,32,5,37
12128,9,1,3,6.67,1508,6.0,,18,1,19
7274,3,1,3,6.67,1208,,,14,0,14
8550,20,1,3,6.67,2193,1.0,5.0,25,7,32
11140,7,1,3,6.66,2740,4.0,6.0,31,3,34
14040,11,1,3,6.66,1922,2.0,5.0,23,4,27
14278,5,1,3,6.66,1350,,,15,0,15
2280,1,1,3,6.66,1096,,2.0,13,1,14
2890,20,1,3,6.66,1219,,,15,8,23
7350,23,1,3,6.66,865,,,10,2,12
5098,4,1,3,6.66,1943,2.0,6.0,26,7,33
11403,11,1,3,6.66,45,,,0,1,1
47,19,1,3,6.66,1999,2.0,2.0,23,9,32
7777,26,1,3,6.66,2232,,1.0,27,1,28
11267,5,1,3,6.66,309,3.0,1.0,4,6,10
10319,25,1,3,6.66,652,2.0,,7,6,13
233,24,1,3,6.64,2305,1.0,1.0,27,4,31
11515,18,1,3,6.64,97,,,1,1,2
1506,11,1,3,6.64,2628,2.0,2.0,30,2,32
1848,3,1,3,6.63,1721,1.0,,21,9,30
2911,16,1,3,6.63,2177,4.0,7.0,26,11,37
14561,3,1,3,6.63,2041,,2.0,22,8,30
11341,18,1,3,6.62,2147,4.0,1.0,25,8,33
1409,20,1,3,6.62,2292,,,26,3,29
8553,24,1,3,6.62,2119,1.0,3.0,24,11,35
2407,4,1,3,6.62,879,1.0,,11,4,15
2733,4,1,3,6.62,1637,3.0,3.0,19,13,32
5524,23,1,3,6.62,159,,,1,2,3
12028,19,1,3,6.62,1281,,1.0,15,3,18
7810,13,1,3,6.62,1768,,3.0,21,0,21
12858,14,1,3,6.62,2964,2.0,,33,3,36
2502,24,1,3,6.61,960,2.0,1.0,9,16,25
6576,1,1,3,6.61,1416,5.0,2.0,15,10,25
9547,14,1,3,6.61,2113,1.0,,24,2,26
12114,16,1,3,6.61,1286,1.0,,15,8,23
11130,3,1,3,6.61,1563,,4.0,17,9,26
3207,10,1,3,6.61,3420,,,38,0,38
6222,13,1,3,6.61,2337,,,27,0,27
4021,23,1,3,6.61,270,,,3,0,3
5269,22,1,3,6.61,706,,1.0,9,2,11
12000,14,1,3,6.61,2432,1.0,,28,6,34
5618,22,1,3,6.61,2274,,,27,1,28
903,18,1,3,6.61,2570,4.0,5.0,28,8,36
13290,24,1,3,6.61,519,,,6,0,6
10557,24,1,3,6.6,2496,1.0,1.0,27,4,31
2836,11,1,3,6.6,2779,,2.0,31,3,34
7247,14,1,3,6.6,541,,,7,0,7
5455,7,1,3,6.6,1572,4.0,3.0,16,10,26
12779,11,1,3,6.6,163,,,2,2,4
6853,7,1,3,6.59,815,,1.0,10,2,12
5468,25,1,3,6.59,2173,11.0,2.0,25,6,31
3446,25,1,3,6.59,2760,8.0,5.0,35,3,38
925,10,1,3,6.59,848,2.0,,7,15,22
2081,20,1,3,6.59,1382,4.0,2.0,16,15,31
14402,25,1,3,6.58,946,,,9,6,15
659,13,1,3,6.58,1421,3.0,,18,3,21
1470,14,1,3,6.58,178,,,2,0,2
14089,13,1,3,6.58,1982,,2.0,23,6,29
11521,18,1,3,6.58,2584,,1.0,28,6,34
674,22,1,3,6.58,3240,,,36,0,36
12847,7,1,3,6.58,1658,,4.0,19,4,23
11223,19,1,3,6.58,1838,2.0,,22,4,26
12893,14,1,3,6.58,2451,3.0,1.0,31,3,34
6724,16,1,3,6.58,2753,1.0,2.0,30,6,36
8271,26,1,3,6.58,2586,2.0,1.0,28,4,32
1134,5,1,3,6.57,252,,,2,3,5
466,11,1,3,6.57,1176,,,13,5,18
6516,19,1,3,6.57,1120,2.0,,15,6,21
5649,7,1,3,6.57,2135,1.0,1.0,22,11,33
12391,19,1,3,6.57,1350,,,15,0,15
5700,5,1,3,6.57,1394,,,15,1,16
1056,25,1,3,6.57,1987,,4.0,24,10,34
10050,13,1,3,6.56,2401,,1.0,27,3,30
3170,11,1,3,6.56,2431,1.0,1.0,27,2,29
6977,18,1,3,6.56,2512,6.0,3.0,30,6,36
6266,7,1,3,6.56,2514,3.0,2.0,26,10,36
4276,1,1,3,6.56,676,,,7,3,10
10455,19,1,3,6.56,2172,1.0,1.0,23,8,31
14575,14,1,3,6.56,2322,1.0,1.0,27,3,30
6263,9,1,3,6.56,2989,12.0,4.0,35,0,35
2696,10,1,3,6.55,1012,1.0,1.0,12,7,19
3585,10,1,3,6.55,1861,1.0,,21,1,22
7250,24,1,3,6.55,1725,4.0,4.0,18,14,32
7844,4,1,3,6.55,1928,1.0,1.0,20,12,32
6507,17,1,3,6.55,3088,,3.0,35,1,36
6802,17,1,3,6.54,2113,,,26,6,32
11458,11,1,3,6.54,3196,,,36,0,36
346,3,1,3,6.54,1815,3.0,,21,2,23
5048,25,1,3,6.54,3060,,,34,0,34
5895,7,1,3,6.54,360,,,4,0,4
11021,13,1,3,6.54,1839,3.0,6.0,20,14,34
14403,11,1,3,6.54,1403,3.0,1.0,15,12,27
3092,13,1,3,6.54,1954,1.0,,25,2,27
3410,26,1,3,6.54,1963,,1.0,22,0,22
10432,4,1,3,6.54,1585,,3.0,17,13,30
7945,11,1,3,6.54,2440,2.0,,28,1,29
8654,22,1,3,6.54,1797,1.0,1.0,21,8,29
2758,25,1,3,6.54,3320,1.0,,37,0,37
5628,11,1,3,6.54,46,,1.0,0,2,2
6241,25,1,3,6.54,2594,3.0,3.0,31,5,36
2883,18,1,3,6.53,540,,,6,0,6
4782,5,1,3,6.53,1140,2.0,2.0,9,17,26
2318,7,1,3,6.53,1182,,,13,6,19
54,1,1,3,6.53,2468,,1.0,29,0,29
13104,13,1,3,6.53,977,1.0,,12,2,14
3549,24,1,3,6.53,2072,2.0,1.0,24,6,30
11275,18,1,3,6.52,833,,1.0,9,7,16
213,13,1,3,6.52,591,2.0,1.0,5,13,18
145,23,1,3,6.52,876,,,10,3,13
3501,13,1,3,6.52,1084,,,11,2,13
2030,7,1,3,6.52,1967,11.0,3.0,24,13,37
801,7,1,3,6.52,1373,5.0,2.0,14,12,26
13880,18,1,3,6.52,1722,3.0,1.0,23,9,32
13407,25,1,3,6.52,771,,,9,2,11
2088,22,1,3,6.52,1540,3.0,2.0,19,8,27
14537,19,1,3,6.52,1590,,1.0,20,2,22
2742,16,1,3,6.52,1523,,,16,9,25
6260,13,1,3,6.51,2590,1.0,3.0,28,7,35
13993,7,1,3,6.51,3060,,,34,0,34
11527,25,1,3,6.51,1734,2.0,2.0,18,16,34
811,26,1,3,6.51,454,,2.0,4,8,12
8892,16,1,3,6.51,1341,,,15,8,23
5155,3,1,3,6.51,1845,7.0,2.0,21,15,36
6520,20,1,3,6.51,136,,1.0,1,3,4
12807,19,1,3,6.51,1978,,1.0,22,10,32
8538,23,1,3,6.51,1890,,1.0,21,0,21
1420,1,1,3,6.5,2812,,,32,0,32
13227,24,1,3,6.5,600,,2.0,4,12,16
113,17,1,3,6.5,2068,2.0,,20,15,35
7253,13,1,3,6.5,1316,,,15,4,19
640,9,1,3,6.5,2713,,1.0,29,8,37
350,19,1,3,6.5,1311,1.0,3.0,13,16,29
5887,23,1,3,6.5,1394,2.0,1.0,11,21,32
7763,23,1,3,6.5,1199,2.0,,14,5,19
261,1,1,3,6.5,496,,,5,4,9
11076,16,1,3,6.49,1989,1.0,,21,11,32
12700,13,1,3,6.49,2467,,,28,1,29
4652,19,1,3,6.49,360,,,4,0,4
11146,14,1,3,6.49,1325,1.0,4.0,12,17,29
12844,18,1,3,6.48,1140,3.0,2.0,14,9,23
11220,7,1,3,6.48,1392,4.0,4.0,15,12,27
4886,5,1,3,6.48,1085,1.0,1.0,14,12,26
1378,1,1,3,6.48,2737,,1.0,32,3,35
4635,7,1,3,6.48,2431,2.0,1.0,29,5,34
1473,22,1,3,6.48,1455,,,16,6,22
13858,25,1,3,6.47,825,5.0,,9,7,16
14107,19,1,3,6.47,1238,4.0,,14,8,22
12774,23,1,3,6.47,1388,3.0,1.0,18,6,24
7264,11,1,3,6.47,725,,,8,4,12
4415,7,1,3,6.47,669,2.0,,7,10,17
8981,5,1,3,6.46,677,,,8,0,8
6245,14,1,3,6.46,2391,2.0,1.0,27,4,31
13743,1,1,3,6.46,1007,4.0,,9,19,28
6982,17,1,3,6.46,1364,1.0,,15,3,18
398,24,1,3,6.46,1474,,2.0,16,6,22
10083,22,1,3,6.46,2263,9.0,3.0,28,7,35
226,14,1,3,6.45,1636,,,19,3,22
2288,10,1,3,6.45,1432,3.0,,15,12,27
928,9,1,3,6.45,1235,1.0,4.0,13,15,28
3624,11,1,3,6.45,1426,2.0,2.0,16,10,26
8895,1,1,3,6.45,2641,1.0,,30,3,33
14251,7,1,3,6.44,1351,4.0,5.0,15,17,32
12268,19,1,3,6.44,1999,2.0,2.0,22,6,28
2332,1,1,3,6.44,1336,2.0,2.0,16,10,26
5515,23,1,3,6.44,72,,,1,0,1
1219,13,1,3,6.44,205,,,2,2,4
2401,23,1,3,6.44,756,,,8,3,11
11492,18,1,3,6.44,1207,3.0,,12,14,26
312,22,1,3,6.44,1101,,,13,8,21
10087,3,1,3,6.43,983,,,10,15,25
11408,26,1,3,6.43,918,,,8,9,17
14483,7,1,3,6.43,584,,1.0,7,1,8
504,1,1,3,6.43,594,,,7,2,9
4941,5,1,3,6.43,1033,1.0,3.0,11,17,28
4006,14,1,3,6.43,615,1.0,,7,5,12
8611,23,1,3,6.43,2558,,,28,2,30
6788,1,1,3,6.43,2098,3.0,1.0,27,6,33
7185,10,1,3,6.42,702,,1.0,9,5,14
6716,9,1,3,6.42,2177,3.0,3.0,26,11,37
11878,26,1,3,6.42,1189,,,14,1,15
1557,11,1,3,6.42,943,,,10,5,15
9264,3,1,3,6.42,752,1.0,1.0,7,9,16
7419,9,1,3,6.42,210,,,3,2,5
3544,10,1,3,6.41,2556,,,31,0,31
7510,23,1,3,6.41,2790,,,31,0,31
11248,22,1,3,6.41,1238,1.0,2.0,14,9,23
2840,13,1,3,6.41,91,,,1,1,2
2762,11,1,3,6.41,1058,11.0,2.0,6,26,32
11687,9,1,3,6.41,1961,,1.0,27,3,30
7015,13,1,3,6.41,1198,,3.0,16,10,26
6271,23,1,3,6.41,2033,2.0,,25,0,25
12091,24,1,3,6.41,2674,,,30,0,30
234,19,1,3,6.41,1712,,,21,0,21
11157,18,1,3,6.4,1833,,,19,16,35
1031,1,1,3,6.4,1949,,1.0,20,13,33
5747,24,1,3,6.39,2170,4.0,2.0,26,5,31
1277,5,1,3,6.39,233,,,3,3,6
1619,19,1,3,6.39,271,1.0,2.0,2,8,10
1439,23,1,3,6.39,1730,2.0,,21,5,26
11953,4,1,3,6.39,936,,,10,9,19
8883,13,1,3,6.39,992,2.0,1.0,8,20,28
194,3,1,3,6.39,1105,,,13,5,18
7034,9,1,3,6.39,572,,,7,3,10
4436,9,1,3,6.38,706,1.0,,6,15,21
905,24,1,3,6.38,410,1.0,,4,4,8
4424,20,1,3,6.38,1008,,1.0,12,2,14
12228,4,1,3,6.38,509,,1.0,4,12,16
5385,5,1,3,6.37,579,,,5,12,17
6523,25,1,3,6.37,920,,,10,9,19
5498,7,1,3,6.37,1259,,,15,9,24
6811,22,1,3,6.37,854,,,9,5,14
6104,18,1,3,6.37,136,,,1,5,6
8722,22,1,3,6.37,7,,,0,1,1
1967,10,1,3,6.37,1090,1.0,,14,8,22
3479,25,1,3,6.37,2299,,1.0,25,7,32
1529,11,1,3,6.37,1336,2.0,,15,10,25
6019,7,1,3,6.37,613,,,6,7,13
10360,14,1,3,6.36,858,4.0,,10,15,25
13095,23,1,3,6.36,1735,,,19,7,26
13089,24,1,3,6.36,280,1.0,1.0,3,11,14
2514,19,1,3,6.36,672,2.0,,6,13,19
323,3,1,3,6.36,55,,,1,0,1
13740,16,1,3,6.36,618,,,7,7,14
13256,26,1,3,6.36,414,1.0,2.0,4,9,13
2812,16,1,3,6.35,1775,7.0,2.0,21,11,32
225,18,1,3,6.35,1609,1.0,1.0,18,17,35
1428,9,1,3,6.35,1024,,1.0,13,13,26
2021,11,1,3,6.35,878,2.0,1.0,12,5,17
5868,11,1,3,6.35,2045,1.0,1.0,24,8,32
7755,17,1,3,6.35,312,,1.0,3,12,15
2844,7,1,3,6.35,926,,,10,7,17
2037,10,1,3,6.35,1106,5.0,1.0,7,17,24
12925,16,1,3,6.35,96,,,1,1,2
6807,22,1,3,6.34,851,1.0,1.0,7,15,22
5138,20,1,3,6.34,53,,1.0,0,3,3
13924,24,1,3,6.34,287,,,3,4,7
6252,22,1,3,6.34,1938,,,21,8,29
11825,18,1,3,6.34,1138,3.0,,16,8,24
9093,23,1,3,6.34,1193,1.0,2.0,14,8,22
4716,7,1,3,6.34,274,,,4,3,7
2146,9,1,3,6.34,1017,,1.0,12,5,17
3100,14,1,3,6.34,1612,1.0,2.0,15,15,30
2338,1,1,3,6.34,480,1.0,1.0,7,12,19
4568,23,1,3,6.34,625,,,7,6,13
11237,17,1,3,6.34,1292,1.0,1.0,13,15,28
11397,26,1,3,6.34,156,1.0,,0,10,10
13306,7,1,3,6.33,692,3.0,1.0,6,14,20
6513,24,1,3,6.33,416,1.0,,3,12,15
7186,26,1,3,6.33,205,,1.0,1,9,10
11512,3,1,3,6.33,255,,,2,6,8
13267,16,1,3,6.33,1060,2.0,1.0,13,8,21
5715,3,1,3,6.33,770,,,8,8,16
1236,4,1,3,6.32,785,4.0,1.0,3,28,31
14259,26,1,3,6.32,1116,,,12,7,19
10041,7,1,3,6.32,432,,1.0,6,4,10
5849,18,1,3,6.32,1191,,,12,13,25
10391,10,1,3,6.32,263,,,4,3,7
9432,16,1,3,6.32,740,,,9,8,17
4939,18,1,3,6.32,845,,1.0,7,15,22
3658,14,1,3,6.32,170,,,1,9,10
9183,23,1,3,6.32,63,,1.0,0,2,2
689,10,1,3,6.31,1037,,1.0,13,6,19
1482,22,1,3,6.31,236,2.0,,1,8,9
7261,23,1,3,6.31,1393,3.0,,14,14,28
115,11,1,3,6.31,1358,4.0,,17,6,23
3129,20,1,3,6.31,317,,,4,3,7
7202,17,1,3,6.31,1500,,,19,6,25
857,10,1,3,6.31,886,1.0,2.0,11,10,21
11112,11,1,3,6.31,1359,,,17,8,25
1036,3,1,3,6.31,268,,,2,6,8
1027,22,1,3,6.31,1263,1.0,3.0,14,16,30
10335,1,1,3,6.3,1863,,,20,6,26
5731,9,1,3,6.3,600,1.0,1.0,5,11,16
3325,26,1,3,6.3,603,1.0,1.0,7,14,21
1417,16,1,3,6.3,1388,,,12,21,33
6796,22,1,3,6.3,6,,,0,2,2
7255,10,1,3,6.29,698,,,8,5,13
11291,11,1,3,6.29,47,,,0,1,1
12200,19,1,3,6.29,117,,,1,2,3
13666,1,1,3,6.29,847,1.0,,9,13,22
12905,22,1,3,6.29,996,2.0,1.0,11,11,22
13207,1,1,3,6.28,697,,1.0,6,10,16
14228,19,1,3,6.28,481,,,6,8,14
1852,22,1,3,6.28,944,,,11,10,21
11417,5,1,3,6.28,309,2.0,1.0,2,19,21
896,3,1,3,6.28,657,1.0,,7,10,17
11763,25,1,3,6.27,745,1.0,2.0,5,15,20
5863,25,1,3,6.27,292,,,2,7,9
11532,24,1,3,6.27,1135,1.0,1.0,14,12,26
13874,3,1,3,6.27,1281,1.0,3.0,14,18,32
2284,10,1,3,6.26,451,,,5,5,10
9187,23,1,3,6.26,1754,,1.0,20,10,30
693,13,1,3,6.25,2470,,,30,0,30
5144,24,1,3,6.25,111,,,1,5,6
12821,9,1,3,6.25,662,,,6,6,12
443,10,1,3,6.25,66,,,0,5,5
5488,1,1,3,6.25,234,,,2,3,5
11882,23,1,3,6.25,129,,,1,1,2
11891,17,1,3,6.25,732,4.0,,5,27,32
9366,13,1,3,6.25,1038,,,9,14,23
7509,26,1,3,6.25,34,1.0,,0,4,4
4809,11,1,3,6.24,252,1.0,,1,8,9
7189,10,1,3,6.24,1063,,,11,8,19
491,9,1,3,6.24,1124,1.0,,10,17,27
2040,14,1,3,6.24,10,,,1,0,1
8613,1,1,3,6.24,22,,,0,1,1
8879,24,1,3,6.24,134,1.0,,1,8,9
8864,23,1,3,6.23,1582,5.0,2.0,17,12,29
6282,7,1,3,6.23,520,,,7,3,10
11538,9,1,3,6.22,445,3.0,,1,19,20
11119,22,1,3,6.22,939,3.0,,9,14,23
12880,13,1,3,6.22,96,,,1,1,2
4155,18,1,3,6.22,38,,,0,2,2
3422,14,1,3,6.22,1191,3.0,,13,15,28
11152,18,1,3,6.22,489,1.0,,6,13,19
2386,19,1,3,6.21,701,2.0,2.0,7,19,26
11698,11,1,3,6.21,768,1.0,2.0,6,21,27
2896,25,1,3,6.21,526,2.0,,5,9,14
13275,23,1,3,6.21,855,,,9,4,13
7258,19,1,3,6.21,238,,,2,9,11
264,1,1,3,6.21,121,,,1,1,2
898,24,1,3,6.2,746,,,8,1,9
13963,16,1,3,6.2,296,2.0,,1,17,18
3120,23,1,3,6.2,641,,1.0,7,11,18
2329,19,1,3,6.2,112,,,2,0,2
12757,14,1,3,6.2,406,,,5,3,8
90,10,1,3,6.2,94,,,1,2,3
5641,19,1,3,6.2,334,,,3,7,10
5639,7,1,3,6.2,355,1.0,,4,8,12
12366,17,1,3,6.19,765,,,7,18,25
14133,9,1,3,6.19,634,1.0,1.0,5,17,22
9427,24,1,3,6.19,10,,,0,1,1
965,23,1,3,6.19,373,,1.0,5,8,13
6515,1,1,3,6.19,486,,,5,1,6
8957,16,1,3,6.18,299,,,3,7,10
10415,9,1,3,6.18,30,,,0,2,2
7299,14,1,3,6.17,294,,1.0,2,12,14
10021,14,1,3,6.17,1722,1.0,3.0,17,17,34
1871,13,1,3,6.17,467,,,2,17,19
11557,10,1,3,6.17,468,,,2,15,17
3992,20,1,3,6.17,356,1.0,,3,19,22
358,24,1,3,6.17,130,,,1,3,4
3211,23,1,3,6.17,1386,,,15,3,18
4649,25,1,3,6.17,554,,,4,22,26
51,1,1,3,6.17,385,,,4,4,8
10236,17,1,3,6.17,780,,,6,20,26
887,9,1,3,6.16,438,,1.0,4,12,16
4065,26,1,3,6.16,620,,,8,4,12
7082,7,1,3,6.16,1,,,0,1,1
13857,22,1,3,6.16,224,,,2,5,7
6759,10,1,3,6.15,46,,,0,4,4
7012,17,1,3,6.15,122,,,1,14,15
11396,1,1,3,6.15,187,,,2,4,6
3990,3,1,3,6.15,6,,,0,1,1
4447,11,1,3,6.15,17,,,0,1,1
5638,25,1,3,6.15,13,,,0,2,2
10641,3,1,3,6.15,110,,,1,3,4
8649,1,1,3,6.15,197,,,2,4,6
5404,23,1,3,6.14,354,,,4,1,5
66,16,1,3,6.14,438,2.0,,3,21,24
5478,25,1,3,6.14,361,,,4,8,12
13451,4,1,3,6.14,80,,,0,5,5
1610,1,1,3,6.14,323,1.0,1.0,2,14,16
12810,25,1,3,6.13,359,,1.0,2,15,17
2655,23,1,3,6.13,728,2.0,,9,9,18
12819,5,1,3,6.13,173,,,2,1,3
5646,17,1,3,6.13,601,,1.0,4,19,23
4048,23,1,3,6.13,1783,,,21,4,25
4038,13,1,3,6.13,678,,,7,10,17
9738,25,1,3,6.13,120,,,1,3,4
666,3,1,3,6.12,320,,,3,2,5
12136,14,1,3,6.12,389,,1.0,3,10,13
1381,23,1,3,6.11,913,,,12,0,12
9332,25,1,3,6.11,44,,,0,4,4
6026,13,1,3,6.11,639,,,5,26,31
6248,16,1,3,6.1,58,,,1,0,1
11810,26,1,3,6.1,124,,,1,10,11
2516,16,1,3,6.1,141,,,1,7,8
6537,11,1,3,6.09,525,1.0,,3,16,19
3133,10,1,3,6.09,6,,,0,1,1
4954,25,1,3,6.08,144,,,1,7,8
2965,16,1,3,6.08,18,,,0,2,2
4251,13,1,3,6.08,52,,,0,2,2
11514,13,1,3,6.08,16,,,0,1,1
14439,10,1,3,6.08,369,,,5,15,20
12824,18,1,3,6.07,348,,,1,15,16
5780,10,1,3,6.07,65,,,0,5,5
6163,16,1,3,6.07,39,,,0,4,4
238,23,1,3,6.07,45,,,0,5,5
14015,23,1,3,6.07,409,,,2,12,14
2941,22,1,3,6.07,9,,,0,1,1
3006,20,1,3,6.07,1,,,0,1,1
7571,24,1,3,6.07,402,,,5,4,9
8991,24,1,3,6.06,552,,,6,6,12
14017,20,1,3,6.06,34,,,0,2,2
10413,17,1,3,6.05,120,,,1,4,5
9419,19,1,3,6.05,150,,,1,5,6
2496,20,1,3,6.05,10,,,0,2,2
8303,20,1,3,6.05,4,,,0,2,2
12094,25,1,3,6.05,66,,,1,0,1
921,22,1,3,6.05,42,,,0,2,2
11231,19,1,3,6.04,36,,,0,3,3
3430,24,1,3,6.03,38,,,1,0,1
5158,10,1,3,6.03,19,,,0,1,1
10911,19,1,3,6.03,107,,,1,1,2
8043,24,1,3,6.02,27,,,0,2,2
14118,11,1,3,6.02,180,,,2,0,2
7793,11,1,3,6.01,20,,,0,3,3
9849,25,1,3,6.01,90,,,1,0,1
13247,7,1,3,6.01,1,,,0,1,1
11885,18,1,3,6.01,21,,,0,2,2
5634,17,1,3,6.01,35,,,0,2,2
5821,24,1,3,6.0,17,,,0,1,1
7197,11,1,3,6.0,1,,,1,0,1
11783,9,1,3,6.0,182,,,2,3,5
1511,26,1,3,5.99,12,,,0,1,1
6257,3,1,3,5.99,49,,,0,3,3
8948,13,1,3,5.98,122,,,0,11,11
260,4,1,3,5.98,11,,,0,1,1
428,25,1,3,5.98,6,,,0,1,1
8394,7,1,3,5.98,4,,,0,1,1
12237,9,1,3,5.98,8,,,0,1,1
7084,23,1,3,5.97,584,,,6,2,8
3450,13,1,3,5.96,38,,,0,2,2
14304,23,1,3,5.95,46,,,1,0,1
128,13,1,3,5.94,3,,,0,1,1
3090,24,1,3,5.93,4,,,0,1,1
3189,25,1,3,5.92,13,,,0,1,1
6255,17,1,3,5.92,5,,,0,1,1
7016,13,1,3,5.91,10,,,0,1,1
7590,23,1,3,5.91,7,,,0,2,2
13210,25,1,3,5.9,360,,,4,0,4
13390,26,1,3,5.89,7,,,0,1,1
2907,26,1,3,5.88,9,,,0,1,1
1593,13,1,3,5.87,20,,,0,1,1
13871,17,1,3,5.82,65,,,1,2,3
1065,23,1,3,5.82,540,,,6,0,6
13906,22,1,3,5.79,46,,,1,0,1
4644,20,1,3,5.78,90,,,1,0,1
293,3,1,3,5.77,18,,,0,1,1
2908,5,1,3,5.74,38,,,1,0,1
1510,23,1,3,5.21,90,,,1,0,1
13944,13,1,3,5.09,5,,,0,1,1
1613,35,2,1,7.82,90,,,1,0,1
7647,42,2,1,7.58,2425,7.0,16.0,28,4,32
13133,42,2,1,7.56,270,,,3,0,3
4105,42,2,1,7.54,2779,36.0,8.0,33,2,35
5341,49,2,1,7.51,3408,30.0,3.0,38,0,38
2160,43,2,1,7.44,3320,8.0,8.0,37,0,37
4796,27,2,1,7.42,2075,11.0,6.0,24,2,26
7742,44,2,1,7.41,3348,1.0,7.0,38,0,38
2198,27,2,1,7.4,3195,14.0,11.0,37,1,38
13049,31,2,1,7.38,2728,7.0,7.0,31,2,33
5915,42,2,1,7.33,2064,5.0,7.0,23,5,28
9296,27,2,1,7.29,3149,15.0,7.0,37,0,37
12201,42,2,1,7.26,2921,2.0,6.0,34,2,36
4804,27,2,1,7.25,2806,15.0,5.0,34,2,36
5891,30,2,1,7.25,2955,20.0,4.0,33,0,33
6710,44,2,1,7.25,2664,6.0,1.0,30,2,32
6089,39,2,1,7.24,2486,10.0,9.0,28,2,30
12209,49,2,1,7.22,1506,5.0,2.0,17,1,18
2164,44,2,1,7.21,2735,4.0,5.0,32,0,32
2365,43,2,1,7.17,2126,4.0,3.0,24,4,28
10205,40,2,1,7.17,3297,19.0,12.0,37,1,38
11568,42,2,1,7.13,1844,11.0,5.0,22,10,32
5673,42,2,1,7.11,2359,8.0,4.0,27,4,31
13775,40,2,1,7.11,2932,2.0,9.0,34,3,37
4142,30,2,1,7.11,2700,3.0,,30,0,30
496,36,2,1,7.08,2015,14.0,1.0,23,1,24
9128,43,2,1,7.08,2890,17.0,5.0,32,3,35
11939,33,2,1,7.07,1244,1.0,1.0,14,2,16
13465,27,2,1,7.06,2487,3.0,,28,5,33
4383,45,2,1,7.06,1419,,1.0,15,1,16
2700,40,2,1,7.06,1465,7.0,2.0,17,4,21
707,44,2,1,7.06,1527,10.0,1.0,17,5,22
6583,42,2,1,7.05,1279,2.0,1.0,16,1,17
760,31,2,1,7.05,2886,10.0,2.0,31,4,35
4220,44,2,1,7.05,3209,1.0,3.0,36,0,36
3279,50,2,1,7.02,3272,4.0,2.0,36,1,37
11648,49,2,1,7.02,3133,4.0,5.0,35,0,35
3685,34,2,1,7.02,2644,10.0,4.0,30,8,38
12089,42,2,1,7.01,1924,5.0,10.0,22,8,30
2183,30,2,1,7.01,2931,9.0,8.0,36,2,38
14452,35,2,1,7.01,596,2.0,,7,0,7
7484,31,2,1,7.0,2318,7.0,5.0,24,9,33
11319,31,2,1,7.0,3246,9.0,8.0,37,0,37
9962,34,2,1,6.99,2757,2.0,11.0,31,6,37
3668,35,2,1,6.99,2502,7.0,3.0,28,8,36
14241,36,2,1,6.99,2144,5.0,5.0,25,2,27
8061,31,2,1,6.99,1326,7.0,2.0,16,0,16
1829,30,2,1,6.98,3272,3.0,2.0,37,0,37
7601,36,2,1,6.98,2575,1.0,5.0,29,2,31
5163,27,2,1,6.98,3004,7.0,7.0,36,1,37
8523,50,2,1,6.98,2171,4.0,3.0,27,1,28
9302,44,2,1,6.98,156,,,1,1,2
6110,35,2,1,6.97,3420,1.0,1.0,38,0,38
8583,40,2,1,6.97,997,4.0,2.0,11,6,17
11052,28,2,1,6.96,3136,15.0,6.0,36,1,37
3502,43,2,1,6.96,2155,1.0,2.0,24,2,26
11508,49,2,1,6.96,1138,3.0,3.0,13,2,15
9131,29,2,1,6.95,1749,5.0,4.0,19,4,23
12363,51,2,1,6.95,3022,6.0,1.0,33,2,35
6120,47,2,1,6.95,3373,9.0,4.0,38,0,38
3203,30,2,1,6.95,3420,,,38,0,38
13391,33,2,1,6.95,2352,,2.0,26,1,27
13054,49,2,1,6.95,2899,10.0,6.0,33,3,36
10385,33,2,1,6.95,520,,1.0,6,1,7
14072,40,2,1,6.94,2836,3.0,1.0,32,0,32
6605,36,2,1,6.93,3113,3.0,,35,0,35
31,43,2,1,6.93,1436,,,16,3,19
3643,28,2,1,6.93,2933,6.0,6.0,33,4,37
847,40,2,1,6.92,3330,,1.0,37,0,37
1959,36,2,1,6.92,3240,,,36,0,36
2239,44,2,1,6.92,1887,18.0,5.0,21,10,31
10247,31,2,1,6.92,3141,1.0,1.0,34,3,37
10011,44,2,1,6.91,2508,11.0,2.0,29,5,34
1930,33,2,1,6.91,904,1.0,,10,1,11
14179,39,2,1,6.9,180,,,2,0,2
2596,30,2,1,6.9,1771,1.0,3.0,21,1,22
8205,33,2,1,6.9,658,,,8,1,9
8714,43,2,1,6.9,2558,1.0,2.0,30,1,31
6672,44,2,1,6.88,2578,3.0,6.0,31,4,35
3952,28,2,1,6.87,3141,,,36,0,36
11001,27,2,1,6.86,2135,1.0,2.0,26,1,27
5961,28,2,1,6.86,2647,6.0,7.0,31,4,35
12130,40,2,1,6.85,1213,11.0,4.0,13,12,25
12798,45,2,1,6.85,1949,1.0,,22,2,24
8057,27,2,1,6.84,930,1.0,10.0,10,10,20
4800,27,2,1,6.84,3411,3.0,,38,0,38
8260,43,2,1,6.84,2117,1.0,,24,3,27
10263,45,2,1,6.83,2978,5.0,8.0,34,1,35
7456,33,2,1,6.83,1801,2.0,1.0,20,3,23
6003,43,2,1,6.82,1699,6.0,3.0,21,5,26
2205,39,2,1,6.82,529,1.0,,6,1,7
11574,29,2,1,6.82,2787,7.0,1.0,34,2,36
1432,43,2,1,6.82,1819,4.0,2.0,23,2,25
9947,35,2,1,6.82,983,1.0,2.0,10,2,12
630,35,2,1,6.82,3382,2.0,7.0,38,0,38
13383,40,2,1,6.82,1256,,,14,4,18
14204,34,2,1,6.82,2295,7.0,2.0,27,0,27
9480,30,2,1,6.82,2830,5.0,6.0,37,0,37
6755,28,2,1,6.81,2698,1.0,3.0,30,4,34
7609,33,2,1,6.81,2566,,,29,0,29
6211,50,2,1,6.8,3237,6.0,5.0,36,2,38
13678,50,2,1,6.8,2820,2.0,3.0,32,4,36
1955,42,2,1,6.8,2203,4.0,5.0,24,10,34
859,44,2,1,6.8,1119,1.0,5.0,12,13,25
10922,33,2,1,6.8,646,1.0,,7,5,12
6911,34,2,1,6.8,2721,4.0,3.0,31,7,38
4029,33,2,1,6.8,1551,,2.0,18,0,18
6763,42,2,1,6.8,1849,2.0,2.0,21,2,23
2781,49,2,1,6.8,2365,,1.0,26,1,27
14507,39,2,1,6.8,2351,3.0,2.0,27,4,31
12340,42,2,1,6.79,1999,,,22,4,26
6556,34,2,1,6.79,2784,1.0,,32,0,32
5279,29,2,1,6.79,429,,,5,2,7
3121,40,2,1,6.79,1701,9.0,3.0,19,10,29
11547,31,2,1,6.79,2683,1.0,5.0,31,4,35
3599,29,2,1,6.79,2873,6.0,7.0,32,1,33
5553,40,2,1,6.79,1551,,,17,1,18
10227,47,2,1,6.78,1973,,1.0,21,1,22
1841,27,2,1,6.78,3068,2.0,5.0,36,2,38
1222,40,2,1,6.78,2588,,8.0,29,5,34
7341,31,2,1,6.78,802,4.0,2.0,7,13,20
3289,49,2,1,6.78,2079,2.0,7.0,23,7,30
14235,27,2,1,6.77,2416,2.0,1.0,27,0,27
3907,49,2,1,6.77,1737,2.0,1.0,20,6,26
2855,44,2,1,6.77,3117,1.0,,35,3,38
10571,29,2,1,6.76,2386,,,27,0,27
13994,34,2,1,6.76,2430,,,27,0,27
3069,31,2,1,6.76,1859,6.0,3.0,21,10,31
7444,33,2,1,6.75,2580,7.0,1.0,30,5,35
10459,42,2,1,6.75,1876,1.0,,22,4,26
1359,36,2,1,6.75,3089,,1.0,35,0,35
13832,28,2,1,6.75,3150,1.0,2.0,35,0,35
13228,44,2,1,6.74,3129,,,35,1,36
5874,49,2,1,6.74,2112,1.0,8.0,23,11,34
13763,36,2,1,6.74,2084,1.0,,23,2,25
2876,29,2,1,6.74,1246,1.0,3.0,15,4,19
11794,33,2,1,6.74,1905,6.0,3.0,23,5,28
3506,40,2,1,6.74,1133,7.0,4.0,12,10,22
6218,31,2,1,6.73,1350,,1.0,15,0,15
12504,34,2,1,6.73,810,,,9,0,9
13804,38,2,1,6.73,2157,,,24,0,24
6087,39,2,1,6.73,1254,,,14,0,14
1145,36,2,1,6.73,2718,4.0,6.0,33,0,33
5921,38,2,1,6.72,2729,5.0,7.0,34,2,36
2474,34,2,1,6.72,2786,,3.0,34,0,34
13577,39,2,1,6.71,3257,2.0,3.0,36,1,37
1497,47,2,1,6.71,1885,,2.0,24,0,24
7748,39,2,1,6.71,2316,2.0,2.0,28,3,31
656,28,2,1,6.71,1336,,3.0,14,5,19
12901,42,2,1,6.71,27,,,0,1,1
4234,40,2,1,6.71,2678,,2.0,31,5,36
3031,45,2,1,6.71,983,3.0,2.0,12,1,13
9568,49,2,1,6.71,667,1.0,,7,5,12
947,35,2,1,6.71,2496,1.0,2.0,29,4,33
14012,43,2,1,6.7,1361,,,14,6,20
7284,42,2,1,6.7,1454,9.0,,13,18,31
10597,44,2,1,6.7,3262,,,37,0,37
12453,50,2,1,6.7,2073,6.0,3.0,22,13,35
3945,28,2,1,6.7,2423,5.0,2.0,27,11,38
9399,33,2,1,6.7,1658,3.0,2.0,20,4,24
2561,43,2,1,6.7,2062,1.0,8.0,25,3,28
1698,42,2,1,6.69,994,,,11,1,12
6938,35,2,1,6.69,3330,,1.0,37,0,37
6640,40,2,1,6.69,1461,,,15,6,21
7923,50,2,1,6.68,1991,2.0,,24,1,25
8958,34,2,1,6.68,3330,1.0,,37,0,37
12205,38,2,1,6.68,1945,13.0,1.0,23,8,31
11955,27,2,1,6.68,204,3.0,2.0,0,11,11
8688,50,2,1,6.68,3114,,,36,0,36
10518,50,2,1,6.67,1596,2.0,,17,1,18
2807,40,2,1,6.67,1040,3.0,1.0,12,6,18
4166,31,2,1,6.67,952,6.0,2.0,10,9,19
3154,43,2,1,6.67,3420,,,38,0,38
6145,47,2,1,6.67,1674,,,20,0,20
11328,38,2,1,6.66,2205,2.0,1.0,26,3,29
4072,49,2,1,6.66,2817,2.0,1.0,31,2,33
13539,36,2,1,6.66,2899,1.0,,33,0,33
5823,36,2,1,6.66,2009,1.0,,21,4,25
6398,34,2,1,6.66,2546,3.0,1.0,30,4,34
5360,39,2,1,6.66,2720,13.0,1.0,32,2,34
14286,39,2,1,6.66,2787,1.0,2.0,31,0,31
5576,35,2,1,6.65,2594,,1.0,32,1,33
6386,29,2,1,6.65,3256,5.0,,37,0,37
8953,33,2,1,6.65,1679,,2.0,21,3,24
6995,33,2,1,6.65,1282,2.0,,15,3,18
6707,34,2,1,6.65,2256,1.0,,24,4,28
14175,33,2,1,6.65,1187,1.0,,12,3,15
11845,43,2,1,6.64,1917,,,22,2,24
12065,30,2,1,6.64,3244,,2.0,37,0,37
8999,43,2,1,6.64,628,,1.0,7,4,11
12717,44,2,1,6.64,2517,1.0,4.0,28,5,33
13816,43,2,1,6.64,1395,,,14,8,22
14113,50,2,1,6.64,2139,,1.0,24,3,27
5349,39,2,1,6.64,991,,1.0,11,1,12
9768,38,2,1,6.63,1264,,,14,2,16
14083,30,2,1,6.63,2212,3.0,1.0,24,11,35
1804,49,2,1,6.63,2290,2.0,2.0,26,5,31
9832,51,2,1,6.63,3308,,,37,0,37
9457,51,2,1,6.63,972,2.0,,12,5,17
3654,47,2,1,6.63,945,1.0,,9,4,13
6590,33,2,1,6.63,944,4.0,,11,5,16
11863,38,2,1,6.63,1962,3.0,1.0,21,5,26
22,27,2,1,6.63,3420,,,38,0,38
3303,35,2,1,6.62,2512,4.0,1.0,27,6,33
3590,35,2,1,6.62,1176,2.0,1.0,15,2,17
8197,31,2,1,6.62,3240,1.0,,36,0,36
7462,47,2,1,6.62,968,2.0,1.0,10,8,18
13766,51,2,1,6.62,981,1.0,,10,7,17
8224,38,2,1,6.62,1427,1.0,,16,2,18
2752,51,2,1,6.62,1417,1.0,,17,0,17
1799,33,2,1,6.62,1408,2.0,2.0,15,8,23
12176,28,2,1,6.61,280,,,2,2,4
8121,28,2,1,6.61,1984,4.0,4.0,26,7,33
14253,45,2,1,6.61,687,,1.0,9,2,11
1302,35,2,1,6.61,1097,3.0,,12,4,16
6,50,2,1,6.61,2237,,1.0,24,4,28
6992,27,2,1,6.6,855,,1.0,9,5,14
9468,51,2,1,6.6,2480,1.0,1.0,31,4,35
6050,27,2,1,6.6,427,1.0,,5,2,7
10531,45,2,1,6.6,1877,1.0,,20,11,31
2469,47,2,1,6.6,1998,5.0,3.0,23,5,28
8266,29,2,1,6.59,2041,,2.0,23,0,23
6700,31,2,1,6.59,2196,1.0,1.0,25,6,31
1323,43,2,1,6.59,980,6.0,2.0,11,10,21
8904,42,2,1,6.59,2287,,1.0,24,5,29
5345,43,2,1,6.59,762,,,8,8,16
2852,51,2,1,6.59,180,,,2,0,2
14076,35,2,1,6.58,2657,,,30,4,34
7933,47,2,1,6.58,2653,1.0,,30,1,31
2527,29,2,1,6.58,2198,,,24,2,26
2268,40,2,1,6.58,90,,,1,0,1
8619,38,2,1,6.58,875,5.0,,13,6,19
6678,45,2,1,6.58,2217,1.0,,21,9,30
1603,28,2,1,6.58,2039,1.0,,23,6,29
11694,30,2,1,6.57,725,1.0,,9,3,12
4198,28,2,1,6.57,3323,,,37,1,38
3271,45,2,1,6.57,1620,,,18,0,18
6924,40,2,1,6.57,2075,,2.0,23,12,35
3061,28,2,1,6.57,819,6.0,,8,10,18
12712,35,2,1,6.57,1667,1.0,,20,3,23
12401,29,2,1,6.56,1842,1.0,1.0,22,10,32
12069,42,2,1,6.56,905,,,10,4,14
9713,28,2,1,6.56,1821,,1.0,20,6,26
12294,47,2,1,6.56,2230,1.0,,26,3,29
12355,33,2,1,6.56,1543,,1.0,19,6,25
6595,51,2,1,6.56,651,1.0,,7,4,11
2047,28,2,1,6.56,1779,,1.0,21,3,24
8697,38,2,1,6.55,2049,2.0,1.0,22,7,29
5482,49,2,1,6.55,2206,,,25,0,25
8041,51,2,1,6.55,213,,,2,2,4
6632,47,2,1,6.55,1229,2.0,,13,8,21
1707,39,2,1,6.55,380,,1.0,3,5,8
2687,49,2,1,6.55,2027,,2.0,24,2,26
8181,31,2,1,6.54,1221,,2.0,13,4,17
2734,33,2,1,6.54,1616,3.0,1.0,18,17,35
11991,45,2,1,6.54,2222,,1.0,26,2,28
13105,40,2,1,6.54,527,1.0,,6,5,11
7929,42,2,1,6.54,1957,,,22,5,27
2920,39,2,1,6.53,1610,,,18,2,20
13825,34,2,1,6.53,2896,,2.0,34,2,36
1259,50,2,1,6.53,1236,,,13,3,16
12495,47,2,1,6.53,3,,,0,1,1
7714,45,2,1,6.53,1530,,,17,0,17
7063,51,2,1,6.53,3240,,,36,0,36
5368,40,2,1,6.52,1615,1.0,2.0,18,14,32
9106,29,2,1,6.52,2496,2.0,,29,2,31
187,31,2,1,6.52,1989,,,23,4,27
8873,36,2,1,6.52,563,4.0,,4,15,19
12168,38,2,1,6.52,3178,,,36,0,36
12703,43,2,1,6.52,1151,1.0,,10,14,24
203,51,2,1,6.52,1492,2.0,1.0,12,22,34
2409,33,2,1,6.52,1526,,,16,9,25
9542,29,2,1,6.51,455,2.0,,5,7,12
14470,30,2,1,6.51,1601,7.0,3.0,16,22,38
11909,51,2,1,6.51,1070,1.0,,9,12,21
5014,50,2,1,6.51,929,3.0,,11,5,16
5934,29,2,1,6.51,1172,,,13,2,15
2699,38,2,1,6.51,70,,,1,0,1
10489,35,2,1,6.51,1274,,,14,5,19
6601,51,2,1,6.5,1787,,2.0,20,11,31
13252,45,2,1,6.5,1412,10.0,1.0,17,10,27
2989,51,2,1,6.5,1773,6.0,,20,12,32
6686,40,2,1,6.5,1093,1.0,,12,2,14
10267,51,2,1,6.5,180,,,2,0,2
13413,50,2,1,6.5,2231,,2.0,25,2,27
8976,38,2,1,6.5,2330,1.0,2.0,29,3,32
10548,51,2,1,6.5,2641,,1.0,31,5,36
324,47,2,1,6.5,1405,,,13,9,22
5330,36,2,1,6.5,2882,3.0,4.0,35,2,37
2465,47,2,1,6.49,1035,4.0,2.0,13,5,18
14191,39,2,1,6.49,1683,,,19,8,27
9971,50,2,1,6.49,1837,5.0,3.0,21,12,33
9646,49,2,1,6.49,13,,,0,1,1
2060,39,2,1,6.49,1635,,,20,6,26
6955,29,2,1,6.49,1457,,1.0,17,2,19
2133,45,2,1,6.49,2941,8.0,3.0,33,5,38
10194,47,2,1,6.49,2180,1.0,1.0,27,6,33
6901,39,2,1,6.49,1053,,,12,1,13
3149,33,2,1,6.49,70,,,1,2,3
10472,51,2,1,6.48,1813,,,19,7,26
13343,39,2,1,6.48,740,1.0,,9,4,13
4755,43,2,1,6.48,1235,2.0,2.0,12,23,35
10341,45,2,1,6.48,1162,,,14,0,14
84,35,2,1,6.48,1529,5.0,2.0,17,8,25
7881,40,2,1,6.48,769,,4.0,9,11,20
9423,33,2,1,6.48,1708,1.0,2.0,17,10,27
14193,38,2,1,6.48,1353,2.0,4.0,14,10,24
11104,45,2,1,6.48,1558,1.0,1.0,20,7,27
4751,49,2,1,6.47,1215,,,13,1,14
8728,47,2,1,6.47,1175,1.0,1.0,11,10,21
3254,49,2,1,6.47,852,,,8,10,18
7572,39,2,1,6.47,1122,5.0,5.0,11,17,28
13780,33,2,1,6.47,1604,,,18,7,25
3439,38,2,1,6.46,648,,,7,1,8
2014,36,2,1,6.46,2487,4.0,1.0,29,7,36
12269,47,2,1,6.46,1839,2.0,2.0,22,7,29
3067,39,2,1,6.46,2340,,,26,0,26
12057,49,2,1,6.46,1008,1.0,3.0,12,15,27
2797,38,2,1,6.46,1418,4.0,2.0,12,16,28
8941,39,2,1,6.46,233,1.0,,1,5,6
9178,51,2,1,6.45,1306,,1.0,17,2,19
10338,47,2,1,6.45,706,,2.0,7,9,16
166,31,2,1,6.45,730,2.0,1.0,12,4,16
11,30,2,1,6.45,1931,,1.0,23,3,26
5254,33,2,1,6.45,653,,3.0,6,12,18
11394,39,2,1,6.45,1181,4.0,4.0,13,17,30
12427,45,2,1,6.45,1840,,2.0,21,5,26
6897,51,2,1,6.45,1263,1.0,,14,4,18
7677,30,2,1,6.45,728,,1.0,7,11,18
2728,35,2,1,6.45,2096,1.0,1.0,23,1,24
13598,47,2,1,6.45,26,,,0,2,2
7105,30,2,1,6.44,1384,4.0,2.0,14,22,36
6655,29,2,1,6.44,1019,,1.0,12,8,20
2954,38,2,1,6.44,199,,,2,2,4
14008,39,2,1,6.44,895,,1.0,11,1,12
3711,42,2,1,6.44,3150,,1.0,35,0,35
11437,47,2,1,6.44,405,,,4,7,11
5955,44,2,1,6.44,1246,4.0,2.0,14,22,36
3696,27,2,1,6.44,1073,4.0,1.0,9,21,30
4888,47,2,1,6.44,2880,,,32,0,32
5460,51,2,1,6.44,1316,,1.0,16,5,21
2751,50,2,1,6.44,720,,,8,0,8
3972,45,2,1,6.44,715,2.0,2.0,6,13,19
5354,36,2,1,6.43,1099,2.0,3.0,13,16,29
8760,30,2,1,6.43,1103,,,12,8,20
6077,35,2,1,6.43,798,,1.0,7,9,16
10968,34,2,1,6.43,1806,5.0,2.0,20,15,35
8718,39,2,1,6.43,1072,,,11,6,17
2181,49,2,1,6.43,148,,1.0,2,2,4
14164,45,2,1,6.43,271,,,3,1,4
400,34,2,1,6.42,536,,,6,3,9
5675,38,2,1,6.42,3060,,,34,0,34
12117,31,2,1,6.42,2070,,,23,0,23
14186,38,2,1,6.42,1440,,1.0,16,3,19
6694,38,2,1,6.42,360,,,4,0,4
11031,49,2,1,6.42,1499,1.0,,18,5,23
3899,50,2,1,6.42,1323,1.0,,16,6,22
7365,38,2,1,6.42,1368,1.0,1.0,14,5,19
2129,38,2,1,6.41,2384,1.0,3.0,28,8,36
8190,29,2,1,6.41,1715,,2.0,18,10,28
4005,31,2,1,6.41,211,,1.0,2,4,6
10540,36,2,1,6.41,766,,3.0,9,8,17
7912,30,2,1,6.41,766,,,9,0,9
11225,50,2,1,6.41,1506,3.0,1.0,17,15,32
8487,28,2,1,6.41,1501,1.0,,18,10,28
2532,34,2,1,6.4,444,,,4,5,9
12422,49,2,1,6.4,811,2.0,,9,8,17
7231,47,2,1,6.4,152,,,2,3,5
10515,40,2,1,6.4,66,,,1,1,2
4737,30,2,1,6.39,845,,2.0,8,13,21
2794,43,2,1,6.39,520,1.0,,4,6,10
3332,33,2,1,6.39,413,,,5,2,7
12701,45,2,1,6.39,1574,,,19,1,20
1823,50,2,1,6.39,863,,,9,8,17
9577,44,2,1,6.39,603,,,6,11,17
2491,45,2,1,6.38,880,1.0,,10,11,21
6074,47,2,1,6.38,368,,,4,1,5
5126,51,2,1,6.38,710,1.0,1.0,8,5,13
11969,45,2,1,6.38,2167,,,24,4,28
11500,51,2,1,6.38,972,,,14,5,19
11262,51,2,1,6.38,772,1.0,,9,4,13
13377,47,2,1,6.38,1134,2.0,2.0,13,7,20
14290,43,2,1,6.38,797,,1.0,10,7,17
12026,39,2,1,6.38,453,1.0,1.0,5,5,10
11604,28,2,1,6.37,783,1.0,,7,13,20
4240,40,2,1,6.37,343,2.0,,4,9,13
8573,28,2,1,6.37,80,,,1,2,3
13184,45,2,1,6.37,959,,,11,1,12
1964,28,2,1,6.36,227,2.0,,1,7,8
14602,30,2,1,6.36,1098,,,11,7,18
11351,38,2,1,6.36,1523,4.0,2.0,18,10,28
3754,33,2,1,6.36,855,,,9,1,10
469,43,2,1,6.35,563,3.0,2.0,5,14,19
6464,31,2,1,6.35,169,,1.0,1,8,9
7737,29,2,1,6.35,1278,4.0,,12,15,27
11898,51,2,1,6.35,843,,1.0,8,7,15
6014,29,2,1,6.35,1248,3.0,1.0,11,19,30
3062,50,2,1,6.35,771,2.0,2.0,7,10,17
5745,35,2,1,6.35,32,,,0,1,1
9229,29,2,1,6.35,1035,,,11,1,12
10092,30,2,1,6.35,982,,,9,17,26
9396,35,2,1,6.35,508,,,5,3,8
3337,31,2,1,6.34,623,5.0,,6,16,22
2711,42,2,1,6.34,359,,1.0,2,12,14
6103,40,2,1,6.34,893,,1.0,7,24,31
13264,27,2,1,6.34,656,,1.0,6,15,21
1996,31,2,1,6.33,508,,1.0,7,7,14
8211,44,2,1,6.33,16,,,0,1,1
6140,39,2,1,6.33,1855,3.0,4.0,19,18,37
2395,36,2,1,6.33,196,,,2,4,6
1812,35,2,1,6.32,803,,1.0,10,3,13
5500,51,2,1,6.32,1131,3.0,1.0,12,15,27
2351,36,2,1,6.32,1102,5.0,2.0,11,17,28
6144,28,2,1,6.32,96,,,1,2,3
183,29,2,1,6.32,2950,,1.0,34,3,37
663,40,2,1,6.32,335,1.0,,4,5,9
12556,47,2,1,6.31,559,,,5,12,17
8215,45,2,1,6.31,581,1.0,,6,7,13
10442,39,2,1,6.31,751,1.0,,7,12,19
10369,33,2,1,6.31,656,,2.0,7,8,15
4265,27,2,1,6.31,502,1.0,2.0,3,19,22
8038,28,2,1,6.31,690,,,7,13,20
872,50,2,1,6.31,307,,,2,3,5
13217,47,2,1,6.31,1405,2.0,1.0,14,18,32
12095,27,2,1,6.31,562,1.0,,6,8,14
13624,36,2,1,6.3,971,2.0,,6,27,33
2541,45,2,1,6.3,376,1.0,,5,2,7
3852,44,2,1,6.3,396,,1.0,3,19,22
12503,38,2,1,6.3,413,1.0,2.0,3,15,18
2951,39,2,1,6.3,1080,,,12,0,12
10511,34,2,1,6.29,1642,,,19,3,22
2540,44,2,1,6.29,440,2.0,,4,14,18
1488,33,2,1,6.29,290,1.0,,2,10,12
14582,49,2,1,6.29,1005,,,10,13,23
5351,45,2,1,6.28,935,,,9,10,19
3104,38,2,1,6.28,7,,,0,1,1
4270,31,2,1,6.28,565,1.0,1.0,6,7,13
399,27,2,1,6.28,196,,,2,4,6
5911,45,2,1,6.27,495,,,4,7,11
11113,47,2,1,6.27,75,,,1,0,1
12770,47,2,1,6.27,541,1.0,2.0,4,18,22
142,47,2,1,6.27,1336,2.0,1.0,14,16,30
2953,36,2,1,6.27,614,2.0,1.0,5,15,20
2601,33,2,1,6.27,814,1.0,1.0,8,16,24
14212,34,2,1,6.27,830,1.0,1.0,7,20,27
7458,42,2,1,6.26,291,,,2,10,12
13020,29,2,1,6.26,104,,,0,6,6
157,38,2,1,6.26,478,,,5,7,12
1298,43,2,1,6.26,424,,1.0,5,11,16
6159,31,2,1,6.26,291,,,3,5,8
2359,33,2,1,6.26,346,,,2,12,14
7740,27,2,1,6.25,779,,1.0,6,21,27
1303,44,2,1,6.25,482,1.0,,4,12,16
2051,51,2,1,6.25,406,,1.0,4,6,10
4927,38,2,1,6.25,266,,1.0,1,10,11
7553,30,2,1,6.25,318,,1.0,3,7,10
3417,51,2,1,6.24,1248,1.0,,16,7,23
12856,42,2,1,6.24,341,,1.0,2,10,12
12406,44,2,1,6.24,311,,,3,5,8
7661,36,2,1,6.23,144,,1.0,1,5,6
1534,49,2,1,6.23,163,1.0,,1,8,9
5677,29,2,1,6.23,297,,,3,2,5
12896,30,2,1,6.22,606,,1.0,4,19,23
9140,36,2,1,6.22,180,,,2,0,2
12666,51,2,1,6.22,46,,,1,0,1
5096,45,2,1,6.21,16,,,0,2,2
5550,47,2,1,6.21,821,,,11,7,18
13300,31,2,1,6.21,443,,,3,17,20
10526,35,2,1,6.2,1115,1.0,,11,16,27
12378,35,2,1,6.2,24,,,0,2,2
5231,45,2,1,6.2,181,,,2,4,6
3352,39,2,1,6.19,641,1.0,,6,16,22
6283,44,2,1,6.19,34,,,0,4,4
8644,34,2,1,6.19,505,,,5,13,18
3626,43,2,1,6.18,166,,,2,5,7
4283,43,2,1,6.18,60,,,0,4,4
3941,27,2,1,6.18,164,,2.0,0,12,12
13420,35,2,1,6.17,23,,,0,2,2
1349,29,2,1,6.17,251,1.0,,2,9,11
6202,49,2,1,6.17,147,,,2,2,4
12672,36,2,1,6.17,409,,,4,8,12
11305,49,2,1,6.17,213,,1.0,2,9,11
6360,34,2,1,6.17,754,2.0,,6,23,29
6639,38,2,1,6.16,202,,2.0,1,14,15
14404,31,2,1,6.16,66,,,1,2,3
6493,45,2,1,6.16,928,,,12,5,17
5935,47,2,1,6.15,46,,,0,2,2
3857,35,2,1,6.15,221,1.0,,2,9,11
3522,50,2,1,6.14,36,,,0,3,3
6895,45,2,1,6.14,542,,,6,2,8
10401,40,2,1,6.14,294,,,3,5,8
8915,50,2,1,6.13,246,1.0,,2,8,10
4615,50,2,1,6.13,758,,,7,14,21
6114,34,2,1,6.13,337,1.0,,3,3,6
6093,34,2,1,6.13,51,,,0,4,4
5374,49,2,1,6.13,4,,,0,1,1
12408,29,2,1,6.13,531,,,5,7,12
12516,30,2,1,6.13,126,,,0,15,15
9444,38,2,1,6.12,266,,,0,14,14
9575,44,2,1,6.12,35,,,0,7,7
13628,35,2,1,6.12,530,,,4,15,19
11645,33,2,1,6.12,551,1.0,,5,10,15
10150,47,2,1,6.12,6,,,0,1,1
11088,33,2,1,6.12,22,,,0,1,1
12811,30,2,1,6.11,73,,,0,5,5
12483,35,2,1,6.11,104,,,1,6,7
2243,28,2,1,6.11,345,,,2,12,14
7826,43,2,1,6.11,10,,,0,1,1
6029,34,2,1,6.11,60,,,0,6,6
2493,51,2,1,6.11,69,,,0,5,5
2203,45,2,1,6.1,6,,,0,1,1
3404,28,2,1,6.1,205,,,2,1,3
1809,40,2,1,6.1,24,,,0,2,2
8751,30,2,1,6.1,19,,,0,4,4
6295,36,2,1,6.09,86,,,1,2,3
6529,28,2,1,6.09,127,,,0,12,12
9858,50,2,1,6.09,235,,,2,12,14
8515,49,2,1,6.09,145,1.0,,0,15,15
12514,45,2,1,6.09,308,1.0,,1,19,20
5933,29,2,1,6.08,294,,,3,7,10
8028,36,2,1,6.07,138,,,2,1,3
1060,45,2,1,6.07,307,,,1,12,13
3134,29,2,1,6.07,172,,,2,4,6
5926,31,2,1,6.07,1,,,0,1,1
10192,27,2,1,6.07,111,,,1,4,5
2393,27,2,1,6.07,28,,,0,2,2
6668,34,2,1,6.06,180,,,2,0,2
10273,28,2,1,6.06,10,,,0,2,2
1836,29,2,1,6.05,286,,,3,4,7
9421,38,2,1,6.04,24,,,0,3,3
6060,44,2,1,6.04,217,,,4,5,9
2012,40,2,1,6.04,7,,,0,1,1
8809,34,2,1,6.04,32,,,0,3,3
6894,44,2,1,6.03,34,,,0,3,3
7381,29,2,1,6.03,58,,,0,4,4
5267,30,2,1,6.03,7,,,0,1,1
8189,39,2,1,6.02,22,,,0,1,1
2723,51,2,1,6.0,1,,,0,1,1
2731,50,2,1,6.0,1,,,0,1,1
3190,34,2,1,6.0,1,,,0,1,1
3935,44,2,1,6.0,1,,,0,1,1
4137,27,2,1,6.0,1,,,0,1,1
4909,49,2,1,6.0,1,,,0,1,1
9266,27,2,1,6.0,1,,,0,1,1
10494,47,2,1,6.0,1,,,0,1,1
13820,36,2,1,6.0,1,,,0,1,1
10447,34,2,1,6.0,88,,,0,8,8
3532,49,2,1,6.0,5,,,0,4,4
6644,51,2,1,5.99,174,,,1,5,6
3950,29,2,1,5.99,8,,,0,1,1
6065,29,2,1,5.99,11,,,0,2,2
2255,28,2,1,5.99,44,,,0,6,6
647,47,2,1,5.99,540,,,6,0,6
7118,36,2,1,5.99,14,,,0,2,2
8704,36,2,1,5.98,10,,,0,3,3
3569,47,2,1,5.98,24,,,0,2,2
10960,31,2,1,5.98,23,,,0,2,2
3300,35,2,1,5.96,38,,,0,2,2
653,45,2,1,5.95,7,,,0,1,1
6063,44,2,1,5.95,9,,,0,2,2
9853,42,2,1,5.95,18,,,0,1,1
7468,47,2,1,5.94,6,,,0,1,1
11198,29,2,1,5.89,8,,,0,1,1
10510,36,2,1,5.89,12,,,1,3,4
3388,51,2,1,5.88,22,,,0,1,1
2261,31,2,1,5.85,5,,,0,1,1
1178,31,2,1,5.83,11,,,0,1,1
12898,36,2,1,5.79,17,,,0,5,5
14337,47,2,1,5.74,46,,,1,0,1
2199,27,2,2,7.67,2937,16.0,9.0,35,0,35
12202,42,2,2,7.62,2937,8.0,9.0,34,0,34
9963,34,2,2,7.61,1277,10.0,6.0,14,5,19
11569,42,2,2,7.55,2869,19.0,8.0,33,2,35
2708,33,2,2,7.48,2618,22.0,11.0,29,4,33
3686,34,2,2,7.45,2064,11.0,4.0,24,3,27
4106,42,2,2,7.4,2559,27.0,5.0,29,2,31
2161,43,2,2,7.39,3120,10.0,8.0,35,0,35
3276,27,2,2,7.38,3232,7.0,8.0,37,1,38
2165,44,2,2,7.37,3269,7.0,8.0,37,0,37
3276,27,2,2,7.38,3232,7.0,8.0,37,1,38
2165,44,2,2,7.37,3269,7.0,8.0,37,0,37
9297,27,2,2,7.37,3104,8.0,10.0,35,0,35
1459,32,2,2,7.34,900,,,10,0,10
13055,49,2,2,7.3,2948,17.0,10.0,34,1,35
1304,44,2,2,7.29,2906,11.0,10.0,34,1,35
11053,28,2,2,7.27,3227,19.0,13.0,37,0,37
6450,42,2,2,7.24,1596,3.0,8.0,18,11,29
10206,40,2,2,7.24,2536,18.0,10.0,28,4,32
10225,50,2,2,7.23,2488,8.0,6.0,27,6,33
2978,34,2,2,7.17,1440,,4.0,16,0,16
6090,49,2,2,7.17,2155,4.0,9.0,26,2,28
7441,27,2,2,7.16,2641,13.0,7.0,30,7,37
1956,42,2,2,7.15,2582,6.0,9.0,29,4,33
14073,40,2,2,7.15,3178,2.0,2.0,36,0,36
708,44,2,2,7.14,2267,21.0,2.0,27,3,30
2724,40,2,2,7.13,761,1.0,3.0,10,1,11
11320,31,2,2,7.13,3114,4.0,10.0,34,2,36
2735,33,2,2,7.13,3137,5.0,7.0,37,0,37
9458,51,2,2,7.13,2454,12.0,7.0,29,3,32
1223,40,2,2,7.12,1693,3.0,2.0,18,5,23
13776,40,2,2,7.12,2161,3.0,4.0,25,3,28
7285,42,2,2,7.1,2660,11.0,9.0,31,5,36
6212,50,2,2,7.1,3021,16.0,6.0,34,0,34
3507,40,2,2,7.09,1151,10.0,3.0,14,7,21
761,40,2,2,7.09,2612,5.0,5.0,31,2,33
8584,40,2,2,7.09,2646,8.0,5.0,32,5,37
6111,35,2,2,7.08,3420,1.0,1.0,38,0,38
10702,33,2,2,7.07,2810,14.0,5.0,31,4,35
7743,44,2,2,7.07,2240,1.0,10.0,26,2,28
13469,30,2,2,7.05,135,,,1,1,2
8874,49,2,2,7.05,198,,2.0,2,3,5
12319,41,2,2,7.05,2622,5.0,4.0,30,2,32
8524,50,2,2,7.04,2638,4.0,6.0,31,0,31
11509,49,2,2,7.04,3093,3.0,7.0,35,0,35
6606,36,2,2,7.04,2711,4.0,1.0,31,2,33
3600,29,2,2,7.03,3333,19.0,3.0,37,1,38
7163,42,2,2,7.03,2330,4.0,1.0,26,2,28
2782,49,2,2,7.03,2793,5.0,,33,0,33
2184,30,2,2,7.02,1960,9.0,6.0,22,3,25
10264,45,2,2,7.0,3164,5.0,10.0,35,2,37
6121,50,2,2,6.99,3006,7.0,7.0,34,3,37
5956,44,2,2,6.99,1194,3.0,7.0,14,7,21
4801,27,2,2,6.99,3044,4.0,,34,2,36
11501,51,2,2,6.99,1521,2.0,9.0,18,2,20
6756,28,2,2,6.98,3010,6.0,4.0,35,0,35
3669,35,2,2,6.97,2900,3.0,6.0,33,2,35
2366,43,2,2,6.97,1987,1.0,2.0,24,1,25
8122,28,2,2,6.96,2080,10.0,9.0,22,13,35
3290,49,2,2,6.96,2767,8.0,3.0,31,5,36
873,50,2,2,6.96,2702,,,31,0,31
3503,43,2,2,6.96,3174,2.0,3.0,35,1,36
3644,28,2,2,6.95,3003,9.0,5.0,35,0,35
497,36,2,2,6.95,32,,,0,1,1
14254,45,2,2,6.94,1443,2.0,1.0,18,2,20
2856,44,2,2,6.94,2733,2.0,2.0,32,1,33
6609,31,2,2,6.93,2046,9.0,3.0,19,12,31
1842,27,2,2,6.93,2995,4.0,4.0,35,2,37
191,34,2,2,6.93,1305,,3.0,15,1,16
1360,36,2,2,6.92,3269,,6.0,37,0,37
6208,35,2,2,6.9,3117,3.0,,35,0,35
4797,27,2,2,6.89,1482,4.0,5.0,17,10,27
4805,27,2,2,6.89,2031,6.0,4.0,24,11,35
12402,29,2,2,6.89,2922,,5.0,35,2,37
5892,30,2,2,6.89,1449,4.0,2.0,16,1,17
3122,40,2,2,6.89,2050,11.0,8.0,22,14,36
13679,50,2,2,6.88,2876,7.0,2.0,34,3,37
7485,31,2,2,6.88,1488,3.0,4.0,15,4,19
4143,30,2,2,6.88,2521,2.0,,28,1,29
6361,34,2,2,6.88,2285,16.0,5.0,25,10,35
1350,29,2,2,6.88,2113,8.0,2.0,25,8,33
6557,34,2,2,6.88,3418,2.0,3.0,38,0,38
14471,30,2,2,6.87,2509,12.0,3.0,29,5,34
2701,40,2,2,6.87,1646,8.0,5.0,17,18,35
5346,43,2,2,6.87,1651,2.0,2.0,18,4,22
2475,34,2,2,6.87,922,,,11,0,11
9132,29,2,2,6.86,2134,3.0,4.0,25,5,30
12956,31,2,2,6.86,2233,6.0,1.0,25,6,31
9179,51,2,2,6.85,2976,4.0,1.0,34,1,35
12872,30,2,2,6.85,1122,,4.0,14,2,16
10248,33,2,2,6.85,2875,1.0,3.0,33,2,35
14236,27,2,2,6.85,3420,2.0,1.0,38,0,38
14077,35,2,2,6.85,2472,2.0,,28,0,28
6912,34,2,2,6.85,2551,4.0,7.0,30,5,35
7930,42,2,2,6.85,2767,,4.0,30,2,32
1072,43,2,2,6.84,3420,,,38,0,38
10923,33,2,2,6.84,1057,5.0,2.0,13,10,23
6078,35,2,2,6.84,3006,1.0,2.0,34,3,37
5554,40,2,2,6.84,1571,,,17,5,22
12058,49,2,2,6.83,1493,11.0,4.0,18,10,28
12341,42,2,2,6.83,2558,,,28,2,30
5577,35,2,2,6.83,1896,4.0,,24,1,25
8191,29,2,2,6.83,2792,,3.0,32,1,33
9303,44,2,2,6.83,1984,,,22,1,23
791,41,2,2,6.83,2938,2.0,8.0,34,3,37
8058,27,2,2,6.82,1647,12.0,1.0,18,16,34
11022,46,2,2,6.82,1287,6.0,3.0,15,6,21
6387,34,2,2,6.82,2404,1.0,1.0,27,1,28
8182,33,2,2,6.82,1800,1.0,1.0,20,3,23
9230,29,2,2,6.82,360,,,4,0,4
8954,33,2,2,6.81,1786,,2.0,20,1,21
3614,40,2,2,6.81,2110,3.0,2.0,25,8,33
12702,45,2,2,6.81,417,,,5,0,5
2753,51,2,2,6.81,2211,1.0,1.0,25,0,25
4221,44,2,2,6.81,3057,4.0,1.0,35,1,36
11002,27,2,2,6.81,1727,1.0,2.0,20,7,27
11795,33,2,2,6.8,1983,8.0,4.0,22,9,31
13764,36,2,2,6.8,1617,2.0,,18,2,20
7827,43,2,2,6.8,1942,3.0,1.0,24,0,24
9469,51,2,2,6.8,180,,,2,0,2
1796,46,2,2,6.8,1111,6.0,1.0,14,0,14
9107,29,2,2,6.8,2248,4.0,5.0,26,5,31
2597,30,2,2,6.8,2513,2.0,1.0,30,1,31
2269,40,2,2,6.8,900,,,10,0,10
2048,28,2,2,6.79,1662,,1.0,20,0,20
10005,49,2,2,6.79,2344,3.0,,27,0,27
5501,51,2,2,6.79,2133,12.0,3.0,25,4,29
12222,36,2,2,6.79,1598,9.0,1.0,18,8,26
2232,45,2,2,6.79,1856,8.0,1.0,20,9,29
3591,35,2,2,6.79,2189,7.0,2.0,26,6,32
8905,42,2,2,6.78,2514,2.0,,28,2,30
2354,41,2,2,6.78,2867,11.0,4.0,32,6,38
3900,50,2,2,6.78,3143,1.0,2.0,35,1,36
13826,34,2,2,6.78,3209,2.0,3.0,37,0,37
401,41,2,2,6.78,1310,1.0,3.0,16,1,17
12177,28,2,2,6.78,405,,,4,1,5
13392,33,2,2,6.77,2528,3.0,1.0,28,3,31
6687,40,2,2,6.77,783,,,9,1,10
632,36,2,2,6.77,2205,5.0,2.0,25,5,30
2510,41,2,2,6.76,1994,4.0,1.0,20,10,30
2135,49,2,2,6.76,2093,5.0,10.0,23,9,32
6204,40,2,2,6.76,1190,2.0,,13,4,17
470,43,2,2,6.76,2578,7.0,4.0,30,6,36
11910,51,2,2,6.76,2347,2.0,1.0,29,4,33
1813,35,2,2,6.76,1123,,,13,2,15
3755,50,2,2,6.76,2385,1.0,1.0,28,3,31
4030,33,2,2,6.75,2215,3.0,2.0,26,2,28
32,43,2,2,6.75,1782,,2.0,20,2,22
1146,36,2,2,6.75,2638,3.0,7.0,34,3,37
2542,45,2,2,6.75,1810,14.0,1.0,20,11,31
6711,44,2,2,6.75,1281,2.0,1.0,15,5,20
5198,49,2,2,6.75,3420,,,38,0,38
8828,33,2,2,6.74,1756,,6.0,19,8,27
2240,44,2,2,6.74,984,9.0,1.0,9,11,20
13781,33,2,2,6.74,951,1.0,,10,3,13
10270,28,2,2,6.73,640,3.0,1.0,8,3,11
10460,42,2,2,6.73,2044,2.0,2.0,24,5,29
8198,31,2,2,6.73,2873,3.0,1.0,33,0,33
10572,29,2,2,6.73,2880,,,32,0,32
11548,31,2,2,6.73,1248,2.0,3.0,15,4,19
6160,31,2,2,6.72,2368,,,26,2,28
6915,32,2,2,6.72,1239,,1.0,15,0,15
2533,34,2,2,6.72,2092,1.0,1.0,23,3,26
11263,51,2,2,6.72,1752,4.0,7.0,20,10,30
14242,36,2,2,6.72,2061,4.0,2.0,24,7,31
5916,42,2,2,6.72,1004,3.0,1.0,10,10,20
12066,30,2,2,6.72,402,,1.0,5,0,5
7064,51,2,2,6.72,3039,,1.0,35,0,35
14583,49,2,2,6.72,2088,,,26,2,28
9833,51,2,2,6.71,3420,2.0,,38,0,38
9481,30,2,2,6.71,2220,3.0,3.0,27,5,32
12704,43,2,2,6.71,1893,7.0,1.0,18,14,32
3375,49,2,2,6.71,2398,2.0,3.0,28,0,28
948,35,2,2,6.71,2094,2.0,,23,7,30
6939,35,2,2,6.71,3420,,,38,0,38
3953,28,2,2,6.71,3016,,,34,0,34
10598,44,2,2,6.71,1346,,,15,0,15
5369,40,2,2,6.7,1339,3.0,6.0,11,23,34
11859,43,2,2,6.7,2172,10.0,2.0,25,5,30
9129,43,2,2,6.69,2279,7.0,2.0,26,7,33
10362,45,2,2,6.69,2793,,2.0,32,0,32
8488,28,2,2,6.68,2413,1.0,3.0,27,6,33
13564,49,2,2,6.68,815,2.0,3.0,10,3,13
1960,36,2,2,6.68,3420,,,38,0,38
14084,30,2,2,6.68,3072,1.0,3.0,37,1,38
7882,40,2,2,6.68,677,,3.0,8,5,13
8616,29,2,2,6.68,692,2.0,2.0,7,13,20
935,43,2,2,6.67,388,1.0,1.0,3,6,9
13134,42,2,2,6.67,632,,,5,4,9
13466,27,2,2,6.67,790,,,9,5,14
12718,44,2,2,6.67,2748,6.0,2.0,30,5,35
13643,41,2,2,6.67,1173,1.0,1.0,14,0,14
6596,51,2,2,6.67,2660,2.0,1.0,32,2,34
10370,33,2,2,6.67,1581,5.0,2.0,18,13,31
11895,36,2,2,6.67,1404,7.0,,18,6,24
9714,28,2,2,6.66,2144,2.0,2.0,23,6,29
10469,30,2,2,6.66,2650,1.0,1.0,29,3,32
10532,45,2,2,6.66,1634,,1.0,18,8,26
3087,32,2,2,6.66,2895,3.0,4.0,32,1,33
11306,49,2,2,6.66,2087,3.0,3.0,27,7,34
7103,32,2,2,6.65,2060,2.0,3.0,23,2,25
12118,33,2,2,6.65,1434,,,16,0,16
8715,43,2,2,6.65,965,,,12,0,12
3853,44,2,2,6.65,1024,,2.0,10,11,21
6116,32,2,2,6.65,2520,,,28,0,28
848,40,2,2,6.65,2520,,,28,0,28
10332,28,2,2,6.65,2188,6.0,8.0,25,13,38
9216,30,2,2,6.65,3286,,1.0,37,0,37
13328,41,2,2,6.65,2470,1.0,,28,2,30
1759,31,2,2,6.64,1890,,,21,0,21
8689,50,2,2,6.64,721,,,7,3,10
4199,28,2,2,6.64,3074,1.0,,35,0,35
9424,42,2,2,6.63,1549,1.0,,16,14,30
5927,31,2,2,6.63,871,3.0,,8,4,12
85,35,2,2,6.63,2643,7.0,2.0,32,0,32
3712,42,2,2,6.63,2789,,,33,0,33
13574,36,2,2,6.63,2634,1.0,3.0,29,5,34
14504,28,2,2,6.63,1622,2.0,6.0,17,15,32
12799,45,2,2,6.63,835,,2.0,10,2,12
1805,49,2,2,6.62,1086,1.0,,12,5,17
14264,32,2,2,6.62,2109,3.0,2.0,25,4,29
14069,46,2,2,6.62,2673,1.0,,29,7,36
3553,33,2,2,6.62,1986,,,22,1,23
5919,35,2,2,6.62,2220,3.0,3.0,25,4,29
1300,45,2,2,6.62,2434,5.0,9.0,25,11,36
10988,45,2,2,6.62,1701,1.0,1.0,20,2,22
5361,44,2,2,6.61,795,5.0,3.0,7,14,21
4812,41,2,2,6.61,1848,2.0,,21,0,21
7913,30,2,2,6.61,1836,2.0,1.0,21,7,28
7102,32,2,2,6.61,2253,4.0,2.0,23,10,33
10678,45,2,2,6.61,1505,2.0,2.0,19,7,26
6061,44,2,2,6.61,1081,1.0,,13,3,16
11413,28,2,2,6.61,2464,2.0,,27,2,29
2877,29,2,2,6.61,1222,1.0,2.0,12,18,30
6641,40,2,2,6.6,1779,,1.0,17,15,32
9972,50,2,2,6.6,1711,6.0,2.0,21,5,26
6902,43,2,2,6.6,1396,,1.0,15,8,23
10549,51,2,2,6.6,3091,,1.0,36,0,36
10012,44,2,2,6.6,1947,3.0,1.0,23,10,33
13265,27,2,2,6.6,1144,2.0,1.0,10,12,22
14160,40,2,2,6.59,1723,1.0,,20,9,29
3830,41,2,2,6.59,1419,10.0,,16,11,27
5875,49,2,2,6.59,99,,1.0,0,5,5
1661,33,2,2,6.58,2581,2.0,,29,2,31
14114,50,2,2,6.58,3140,,7.0,36,0,36
6051,27,2,2,6.58,946,1.0,3.0,11,9,20
13253,45,2,2,6.58,1047,6.0,3.0,12,8,20
12610,32,2,2,6.58,3009,1.0,2.0,34,3,37
5227,46,2,2,6.58,2924,4.0,6.0,34,2,36
3070,31,2,2,6.58,1707,5.0,1.0,21,8,29
13229,44,2,2,6.58,1378,2.0,2.0,15,2,17
8212,44,2,2,6.57,1208,1.0,3.0,14,3,17
8729,32,2,2,6.57,1908,5.0,3.0,22,2,24
11846,43,2,2,6.57,1374,1.0,,16,6,22
11938,41,2,2,6.57,1666,,4.0,20,2,22
6764,42,2,2,6.56,1064,1.0,,12,4,16
7602,36,2,2,6.56,868,1.0,,10,4,14
10969,34,2,2,6.56,1556,7.0,,17,13,30
7863,50,2,2,6.55,1501,1.0,,16,3,19
8959,34,2,2,6.55,2023,,1.0,23,2,25
631,35,2,2,6.55,140,,,2,0,2
7409,29,2,2,6.55,1937,7.0,1.0,26,6,32
5828,41,2,2,6.55,1734,,2.0,21,3,24
3032,45,2,2,6.55,1801,2.0,2.0,20,9,29
13767,51,2,2,6.55,2779,1.0,3.0,31,4,35
8206,44,2,2,6.55,777,1.0,,8,10,18
1830,30,2,2,6.54,1276,2.0,,15,1,16
1433,43,2,2,6.54,1324,1.0,1.0,15,14,29
13801,29,2,2,6.54,118,,,1,2,3
3200,27,2,2,6.54,2880,,,32,0,32
12070,42,2,2,6.54,808,2.0,,8,8,16
11006,46,2,2,6.54,946,,,11,1,12
3697,27,2,2,6.53,1073,5.0,2.0,10,17,27
12622,44,2,2,6.53,439,1.0,,5,3,8
5678,29,2,2,6.53,3330,1.0,,37,0,37
14213,34,2,2,6.53,1899,,1.0,23,7,30
5355,36,2,2,6.52,1616,4.0,6.0,16,19,35
13625,36,2,2,6.52,1480,1.0,4.0,14,20,34
10512,34,2,2,6.52,1339,,,14,5,19
14603,30,2,2,6.52,1087,1.0,,12,2,14
7924,50,2,2,6.52,2841,3.0,,32,1,33
5604,31,2,2,6.52,1638,,,17,7,24
5824,36,2,2,6.51,1426,,,16,2,18
184,29,2,2,6.51,2158,,2.0,25,3,28
3908,49,2,2,6.51,1155,1.0,,11,11,22
6701,31,2,2,6.51,1583,1.0,1.0,17,10,27
14608,32,2,2,6.51,1972,5.0,1.0,27,7,34
13437,41,2,2,6.51,3406,,,38,0,38
3148,32,2,2,6.51,880,4.0,1.0,10,5,15
5352,45,2,2,6.5,1456,1.0,3.0,15,8,23
5539,45,2,2,6.5,1040,,,13,4,17
13595,44,2,2,6.5,1306,1.0,,12,14,26
956,41,2,2,6.5,1722,,,21,0,21
7342,31,2,2,6.5,475,,2.0,5,7,12
12428,45,2,2,6.5,1986,1.0,1.0,21,14,35
14013,43,2,2,6.5,1333,1.0,1.0,14,5,19
6100,31,2,2,6.49,779,,2.0,11,4,15
12411,40,2,2,6.49,1122,1.0,,12,14,26
3267,34,2,2,6.49,1620,,,18,0,18
6734,32,2,2,6.49,1194,1.0,3.0,12,14,26
2631,33,2,2,6.49,437,3.0,,2,9,11
5069,49,2,2,6.49,498,2.0,2.0,4,18,22
4167,31,2,2,6.49,1366,6.0,,15,12,27
11940,33,2,2,6.49,421,,2.0,5,5,10
2528,29,2,2,6.49,615,,1.0,6,4,10
8750,41,2,2,6.48,399,1.0,,4,4,8
10524,30,2,2,6.48,1317,6.0,3.0,13,16,29
12454,50,2,2,6.48,617,,1.0,5,8,13
8298,32,2,2,6.48,1240,1.0,2.0,15,0,15
6399,34,2,2,6.48,1357,2.0,2.0,17,12,29
5962,28,2,2,6.48,852,1.0,1.0,8,8,16
1931,33,2,2,6.48,1338,,1.0,15,3,18
4271,31,2,2,6.47,1370,3.0,1.0,17,10,27
188,31,2,2,6.47,1144,,,13,2,15
1800,33,2,2,6.47,758,,1.0,9,4,13
7554,30,2,2,6.47,1442,3.0,1.0,15,15,30
3255,49,2,2,6.47,76,,,0,1,1
3936,44,2,2,6.47,910,,,8,9,17
11575,29,2,2,6.47,1393,2.0,2.0,13,16,29
2808,40,2,2,6.47,1168,1.0,1.0,14,9,23
2462,32,2,2,6.47,2332,1.0,1.0,25,3,28
9583,45,2,2,6.47,1531,,,18,0,18
6303,46,2,2,6.47,2795,3.0,,32,2,34
9799,32,2,2,6.46,1312,,,15,1,16
684,29,2,2,6.46,1013,1.0,1.0,11,12,23
2247,36,2,2,6.46,2302,1.0,,25,4,29
657,28,2,2,6.46,1031,2.0,,11,10,21
11125,42,2,2,6.46,295,1.0,1.0,2,12,14
5145,45,2,2,6.46,802,,2.0,8,6,14
11105,45,2,2,6.45,1571,1.0,,19,1,20
14169,46,2,2,6.45,2648,,,29,1,30
6673,44,2,2,6.45,419,1.0,,5,4,9
5946,41,2,2,6.45,1020,2.0,,12,7,19
8410,32,2,2,6.45,984,1.0,1.0,13,2,15
5947,32,2,2,6.45,1252,6.0,,16,16,32
6708,34,2,2,6.45,1982,,1.0,23,3,26
12505,34,2,2,6.44,1797,,,20,0,20
8761,30,2,2,6.44,1985,1.0,2.0,22,12,34
7387,27,2,2,6.43,71,,,1,1,2
4738,30,2,2,6.43,1157,1.0,2.0,11,15,26
12873,43,2,2,6.42,412,,,4,5,9
4912,46,2,2,6.42,970,,1.0,11,2,13
10123,29,2,2,6.42,1976,,1.0,22,6,28
13540,36,2,2,6.42,1505,1.0,,17,1,18
2257,46,2,2,6.42,1836,4.0,1.0,21,8,29
10519,50,2,2,6.42,1859,1.0,,21,0,21
14407,46,2,2,6.41,533,,,6,5,11
2015,36,2,2,6.41,1428,6.0,2.0,17,16,33
11605,28,2,2,6.41,24,,,0,2,2
10093,30,2,2,6.41,834,,2.0,7,16,23
6993,27,2,2,6.41,920,,2.0,10,14,24
10490,35,2,2,6.41,1000,,2.0,9,11,20
1604,35,2,2,6.4,2291,,,27,4,31
8267,29,2,2,6.4,1558,,1.0,17,6,23
4266,27,2,2,6.4,292,1.0,2.0,2,9,11
1997,31,2,2,6.39,2126,,1.0,24,6,30
5306,43,2,2,6.39,130,1.0,,1,4,5
11749,49,2,2,6.39,425,,,4,5,9
8261,43,2,2,6.39,649,,1.0,8,3,11
12210,49,2,2,6.39,1010,1.0,1.0,13,10,23
200,36,2,2,6.39,365,2.0,3.0,1,16,17
6097,46,2,2,6.38,1826,3.0,3.0,20,10,30
9569,51,2,2,6.38,1144,1.0,,9,21,30
2686,28,2,2,6.38,1156,,1.0,14,0,14
1699,42,2,2,6.37,11,,,0,1,1
9349,41,2,2,6.37,1133,,,13,0,13
3405,28,2,2,6.36,1812,,,20,7,27
2562,43,2,2,6.36,1141,1.0,2.0,12,10,22
10342,45,2,2,6.36,1459,1.0,,15,6,21
6918,41,2,2,6.36,1307,1.0,1.0,14,9,23
5932,46,2,2,6.36,2886,1.0,1.0,31,3,34
12713,35,2,2,6.36,664,,,7,5,12
12673,36,2,2,6.36,1120,1.0,,13,11,24
4000,29,2,2,6.36,321,2.0,2.0,2,14,16
9465,42,2,2,6.35,656,,2.0,7,10,17
5087,45,2,2,6.35,231,,1.0,2,7,9
12897,30,2,2,6.35,225,1.0,1.0,2,8,10
11197,40,2,2,6.35,7,,,0,1,1
3942,27,2,2,6.35,347,,1.0,3,10,13
10950,45,2,2,6.35,455,,,5,3,8
12667,51,2,2,6.35,159,2.0,,1,10,11
7678,30,2,2,6.35,331,2.0,1.0,3,8,11
2521,46,2,2,6.35,319,,,3,5,8
13248,41,2,2,6.34,1987,4.0,,20,13,33
1655,46,2,2,6.34,2573,,,28,4,32
5331,36,2,2,6.34,1325,,2.0,15,12,27
1208,41,2,2,6.34,1210,1.0,3.0,14,13,27
9755,46,2,2,6.34,501,,1.0,4,6,10
2307,31,2,2,6.33,1324,,,15,12,27
4913,50,2,2,6.33,33,1.0,,0,3,3
1489,33,2,2,6.32,455,1.0,,6,7,13
6530,28,2,2,6.32,463,5.0,,3,20,23
4384,45,2,2,6.32,376,,,5,3,8
11649,49,2,2,6.32,1294,,,8,28,36
6364,51,2,2,6.32,953,2.0,1.0,10,12,22
1971,35,2,2,6.32,939,3.0,,9,21,30
1324,43,2,2,6.32,445,1.0,,5,8,13
13301,31,2,2,6.32,916,,3.0,10,9,19
9400,43,2,2,6.32,513,1.0,,5,9,14
2134,45,2,2,6.32,240,,,3,0,3
8792,31,2,2,6.32,454,,1.0,6,3,9
1260,50,2,2,6.31,635,,,7,4,11
11024,46,2,2,6.31,1433,1.0,,16,11,27
12,30,2,2,6.31,720,,,9,0,9
4284,43,2,2,6.31,165,,1.0,1,8,9
6083,29,2,2,6.31,76,,,1,4,5
6108,41,2,2,6.31,14,,,0,1,1
14099,32,2,2,6.31,2320,,2.0,26,6,32
6502,34,2,2,6.31,133,,,0,6,6
9957,32,2,2,6.31,19,,,0,2,2
13729,51,2,2,6.3,1216,,,11,15,26
12640,51,2,2,6.3,821,,,9,3,12
5280,29,2,2,6.3,45,,,0,3,3
9722,45,2,2,6.3,1440,,,16,0,16
6294,32,2,2,6.29,815,2.0,1.0,7,14,21
1179,45,2,2,6.29,782,,,8,3,11
8351,44,2,2,6.29,90,,,1,0,1
6679,45,2,2,6.28,440,,,5,2,7
1225,46,2,2,6.28,2650,2.0,,29,2,31
3135,29,2,2,6.28,273,1.0,1.0,2,11,13
12410,41,2,2,6.28,501,,,5,6,11
7459,42,2,2,6.27,89,,,0,4,4
5435,32,2,2,6.27,440,,,5,3,8
2360,33,2,2,6.27,224,1.0,1.0,2,7,9
5901,46,2,2,6.27,772,,,9,0,9
14432,30,2,2,6.27,676,,,6,21,27
2379,41,2,2,6.26,411,1.0,1.0,2,22,24
8196,35,2,2,6.26,227,1.0,,1,11,12
8720,46,2,2,6.26,920,,,11,1,12
23,27,2,2,6.26,540,,,6,0,6
7098,33,2,2,6.26,5,,,0,1,1
12291,33,2,2,6.26,32,,,0,1,1
1279,31,2,2,6.26,514,2.0,,3,16,19
9739,29,2,2,6.25,1233,,1.0,13,7,20
6004,43,2,2,6.25,77,,,0,3,3
10975,45,2,2,6.25,450,,,5,0,5
13042,43,2,2,6.24,933,,,10,11,21
12517,30,2,2,6.24,730,1.0,,7,12,19
12857,42,2,2,6.24,49,,1.0,0,6,6
5461,51,2,2,6.24,731,,,7,15,22
10762,28,2,2,6.24,831,2.0,,9,16,25
9948,35,2,2,6.24,438,1.0,,4,5,9
1533,35,2,2,6.23,589,1.0,,5,9,14
1824,50,2,2,6.23,538,,,4,10,14
11226,50,2,2,6.23,420,,,4,11,15
6055,31,2,2,6.23,613,,,6,11,17
9460,34,2,2,6.22,225,,1.0,1,9,10
4138,27,2,2,6.22,13,,,0,1,1
1067,35,2,2,6.22,505,1.0,,3,9,12
8698,41,2,2,6.22,311,2.0,1.0,2,15,17
8039,28,2,2,6.21,118,1.0,,1,7,8
3525,45,2,2,6.21,601,,1.0,6,14,20
2352,36,2,2,6.21,307,2.0,,2,11,13
4616,36,2,2,6.21,67,,,0,6,6
2853,51,2,2,6.21,382,,,3,2,5
7738,29,2,2,6.21,100,1.0,,0,8,8
11032,49,2,2,6.2,695,,,5,16,21
6219,31,2,2,6.2,1530,,,17,0,17
8178,33,2,2,6.2,298,,,3,9,12
13925,31,2,2,6.2,308,,,3,3,6
4073,49,2,2,6.2,198,,,1,3,4
2052,51,2,2,6.2,806,,,7,17,24
5299,32,2,2,6.19,585,,,5,7,12
1063,46,2,2,6.19,944,,,12,8,20
10476,51,2,2,6.19,183,,,1,6,7
3063,50,2,2,6.19,392,1.0,,3,17,20
11956,27,2,2,6.19,257,,,1,14,15
793,33,2,2,6.18,203,1.0,,2,9,11
2420,33,2,2,6.18,71,,,0,11,11
2244,28,2,2,6.18,150,,1.0,1,4,5
11086,43,2,2,6.18,68,,1.0,1,3,4
167,31,2,2,6.17,854,,1.0,13,12,25
13106,40,2,2,6.17,26,,,0,1,1
1834,46,2,2,6.17,1363,,2.0,14,10,24
10193,27,2,2,6.16,25,,,0,3,3
6030,34,2,2,6.16,229,,,2,7,9
9859,50,2,2,6.16,111,1.0,,1,6,7
6748,46,2,2,6.16,484,,,6,0,6
10070,32,2,2,6.16,413,,,3,13,16
493,49,2,2,6.15,45,1.0,,0,8,8
6656,29,2,2,6.14,383,,,3,8,11
10961,31,2,2,6.14,127,,,1,3,4
2182,49,2,2,6.14,203,,,2,9,11
7,50,2,2,6.13,433,,,4,7,11
3191,34,2,2,6.12,149,,,0,9,9
966,32,2,2,6.11,1056,1.0,,12,1,13
14508,35,2,2,6.11,197,,,1,17,18
7106,30,2,2,6.11,23,,,0,3,3
2828,41,2,2,6.11,595,,,6,4,10
4756,41,2,2,6.11,407,,,4,4,8
2013,40,2,2,6.1,87,,,1,4,5
2492,45,2,2,6.1,207,,,2,10,12
2394,27,2,2,6.1,59,,,0,3,3
13308,51,2,2,6.1,139,,,1,7,8
8908,32,2,2,6.09,110,,,1,7,8
13519,28,2,2,6.09,159,,,1,8,9
9398,46,2,2,6.09,714,,,9,1,10
660,44,2,2,6.09,11,,,0,2,2
10493,32,2,2,6.08,133,,,0,12,12
10448,34,2,2,6.08,334,,,0,20,20
5518,33,2,2,6.08,201,,,1,11,12
11963,34,2,2,6.08,3,,,0,1,1
13833,28,2,2,6.08,31,,,1,0,1
8125,51,2,2,6.08,176,,,2,1,3
11516,41,2,2,6.08,1094,,,11,16,27
9576,44,2,2,6.07,120,1.0,,0,13,13
9959,30,2,2,6.06,51,,,0,8,8
5294,32,2,2,6.06,14,,,0,3,3
27,32,2,2,6.06,526,,,5,9,14
1491,36,2,2,6.05,83,,1.0,0,8,8
6898,51,2,2,6.05,4,,,0,1,1
3523,50,2,2,6.04,76,,,0,5,5
4147,43,2,2,6.04,13,,,0,3,3
6115,34,2,2,6.04,7,,,0,4,4
13240,46,2,2,6.04,9,,,0,1,1
4261,51,2,2,6.04,261,,,3,5,8
5912,32,2,2,6.04,25,,,0,4,4
12259,29,2,2,6.03,37,,,0,5,5
3287,33,2,2,6.03,11,,,0,2,2
6305,40,2,2,6.03,7,,,0,2,2
6665,44,2,2,6.03,12,,,0,4,4
14594,41,2,2,6.03,5,,,0,2,2
6015,29,2,2,6.03,154,,,2,1,3
6098,40,2,2,6.02,3,,,0,3,3
3627,43,2,2,6.02,2,,,0,1,1
2870,49,2,2,6.02,20,,,0,4,4
12225,45,2,2,6.01,14,,,0,4,4
2721,32,2,2,6.01,819,,1.0,8,6,14
1868,46,2,2,6.01,387,,,3,5,8
1866,31,2,2,6.01,37,,,0,5,5
1267,46,2,2,6.01,413,,,4,11,15
13414,50,2,2,6.01,19,,,0,4,4
14234,46,2,2,6.0,785,,,9,12,21
645,33,2,2,6.0,1,,,0,1,1
938,44,2,2,6.0,1,,,0,1,1
2947,43,2,2,6.0,1,,,0,1,1
3597,29,2,2,6.0,1,,,0,1,1
4012,51,2,2,6.0,1,,,0,1,1
4520,28,2,2,6.0,3,,,0,1,1
6094,42,2,2,6.0,1,,,0,1,1
6130,49,2,2,6.0,3,,,0,3,3
6546,33,2,2,6.0,1,,,0,1,1
7439,50,2,2,6.0,1,,,0,1,1
7445,40,2,2,6.0,1,,,0,1,1
7450,28,2,2,6.0,5,,,0,3,3
8223,35,2,2,6.0,1,,,0,1,1
9111,33,2,2,6.0,1,,,1,0,1
9141,36,2,2,6.0,1,,,1,0,1
9956,44,2,2,6.0,1,,,0,1,1
13421,35,2,2,6.0,1,,,0,1,1
13813,35,2,2,6.0,1,,,0,1,1
10376,30,2,2,6.0,11,,,0,3,3
14261,43,2,2,6.0,327,,,3,5,8
2712,42,2,2,5.99,10,,,0,1,1
10527,35,2,2,5.99,112,,,1,1,2
10089,49,2,2,5.99,3,,,0,2,2
1192,45,2,2,5.98,7,,,0,1,1
1965,28,2,2,5.98,10,,,0,2,2
6749,46,2,2,5.98,90,,,1,3,4
9226,31,2,2,5.95,63,,,1,2,3
1810,40,2,2,5.95,13,,,0,1,1
9390,33,2,2,5.95,8,,,0,2,2
12502,46,2,2,5.95,27,,,0,1,1
13629,46,2,2,5.95,217,,,2,7,9
11091,28,2,2,5.94,35,,,0,2,2
12014,46,2,2,5.94,111,,,2,3,5
12009,46,2,2,5.93,342,,,3,10,13
11426,44,2,2,5.92,18,,,0,5,5
1435,46,2,2,5.92,11,,,0,2,2
5991,28,2,2,5.91,3,,,0,1,1
9578,44,2,2,5.91,78,,,1,2,3
7461,50,2,2,5.89,309,,,3,5,8
1835,44,2,2,5.89,24,,,0,1,1
2099,45,2,2,5.89,4,,,0,1,1
2256,28,2,2,5.89,5,,,0,1,1
2958,46,2,2,5.89,20,,,0,1,1
13384,40,2,2,5.89,5,,,0,1,1
1016,32,2,2,5.85,149,,,1,5,6
12418,46,2,2,5.81,7,,,0,1,1
6649,41,2,2,5.79,75,,,0,2,2
8705,36,2,2,5.73,74,,,0,1,1
5725,29,2,2,5.7,180,,,2,0,2
10207,40,2,3,7.61,3380,29.0,18.0,38,0,38
2200,27,2,3,7.37,1737,6.0,10.0,20,5,25
2709,33,2,3,7.33,3199,15.0,8.0,36,1,37
2185,30,2,3,7.33,3417,20.0,7.0,38,0,38
4107,42,2,3,7.32,2742,22.0,3.0,31,0,31
9459,51,2,3,7.32,2604,15.0,6.0,29,4,33
709,44,2,3,7.3,2774,23.0,6.0,34,0,34
8585,40,2,3,7.21,2413,13.0,5.0,28,8,36
2162,43,2,3,7.2,3024,8.0,10.0,35,1,36
9231,29,2,3,7.2,450,,,5,0,5
1351,29,2,3,7.2,3210,11.0,5.0,36,1,37
936,43,2,3,7.17,1903,8.0,6.0,20,6,26
6213,50,2,3,7.15,2980,13.0,8.0,34,0,34
11069,42,2,3,7.13,1183,7.0,,14,2,16
2102,49,2,3,7.11,90,,,1,0,1
2979,34,2,3,7.11,3233,4.0,5.0,37,0,37
6451,42,2,3,7.11,1515,3.0,6.0,16,13,29
1371,49,2,3,7.1,540,,,6,0,6
6112,35,2,3,7.09,2924,1.0,1.0,33,0,33
3277,27,2,3,7.09,2833,4.0,7.0,33,2,35
3687,34,2,3,7.09,2604,8.0,8.0,31,3,34
762,40,2,3,7.08,2608,5.0,5.0,30,5,35
14505,28,2,3,7.08,3033,3.0,7.0,35,1,36
14074,40,2,3,7.07,3330,3.0,1.0,37,0,37
33,50,2,3,7.07,3155,2.0,5.0,35,1,36
1361,36,2,3,7.07,3167,,10.0,35,1,36
13777,40,2,3,7.06,2378,3.0,6.0,28,5,33
10573,29,2,3,7.03,180,,,2,0,2
10249,33,2,3,7.02,3356,1.0,2.0,38,0,38
10094,30,2,3,7.01,2930,2.0,10.0,34,4,38
10363,45,2,3,7.01,3191,2.0,,36,0,36
5957,44,2,3,7.01,2380,8.0,12.0,31,4,35
14472,30,2,3,7.0,2930,19.0,4.0,34,1,35
13056,49,2,3,7.0,2118,7.0,9.0,24,6,30
7164,42,2,3,7.0,3280,5.0,,36,1,37
10265,45,2,3,7.0,2825,7.0,8.0,34,0,34
7442,27,2,3,7.0,1875,9.0,3.0,21,2,23
9217,30,2,3,6.99,3276,,2.0,37,0,37
5668,35,2,3,6.99,2441,9.0,,29,4,33
6091,49,2,3,6.98,1818,9.0,7.0,21,10,31
3854,45,2,3,6.98,2744,2.0,6.0,33,4,37
2166,44,2,3,6.98,3286,5.0,6.0,38,0,38
7649,42,2,3,6.97,1707,4.0,7.0,19,9,28
9425,42,2,3,6.97,2205,6.0,2.0,25,6,31
2543,45,2,3,6.96,2978,20.0,3.0,35,1,36
105,39,2,3,6.96,577,,2.0,6,5,11
11510,49,2,3,6.95,2609,2.0,6.0,28,5,33
2598,30,2,3,6.95,2831,5.0,4.0,34,0,34
11911,51,2,3,6.95,3129,4.0,7.0,37,0,37
4031,33,2,3,6.95,2948,6.0,7.0,32,4,36
12412,40,2,3,6.94,3169,,4.0,37,0,37
633,36,2,3,6.94,2999,9.0,6.0,35,3,38
2878,29,2,3,6.94,2009,7.0,4.0,21,11,32
8207,44,2,3,6.93,2193,,4.0,24,3,27
10470,30,2,3,6.93,3420,2.0,3.0,38,0,38
10825,45,2,3,6.93,3330,5.0,2.0,37,0,37
3273,29,2,3,6.93,2422,3.0,2.0,26,6,32
6712,44,2,3,6.93,2405,4.0,3.0,29,0,29
13467,27,2,3,6.93,2799,4.0,2.0,31,4,35
10271,28,2,3,6.92,3131,8.0,10.0,37,0,37
7486,31,2,3,6.92,2612,10.0,4.0,28,8,36
12403,29,2,3,6.92,2131,2.0,3.0,27,2,29
13784,34,2,3,6.92,1063,3.0,,12,0,12
6220,31,2,3,6.92,180,,,2,0,2
12692,42,2,3,6.91,1773,1.0,8.0,21,8,29
1957,42,2,3,6.91,2668,4.0,4.0,29,4,33
4802,27,2,3,6.91,2366,3.0,1.0,28,0,28
3670,35,2,3,6.91,1371,4.0,6.0,15,6,21
9298,27,2,3,6.9,2332,3.0,8.0,26,4,30
10226,50,2,3,6.89,2604,5.0,3.0,31,1,32
6610,31,2,3,6.89,1955,10.0,6.0,23,4,27
3615,40,2,3,6.89,2496,6.0,6.0,29,7,36
7679,30,2,3,6.89,2301,11.0,2.0,26,12,38
9775,34,2,3,6.88,3119,1.0,1.0,35,0,35
2308,31,2,3,6.88,2674,3.0,1.0,31,3,34
3964,51,2,3,6.88,1411,1.0,,16,0,16
10533,45,2,3,6.88,2592,1.0,3.0,28,7,35
10703,33,2,3,6.88,2241,10.0,5.0,28,2,30
11549,31,2,3,6.86,2403,1.0,1.0,26,4,30
2233,45,2,3,6.86,2205,5.0,2.0,25,6,31
7410,29,2,3,6.86,2360,12.0,6.0,29,5,34
8262,43,2,3,6.86,1754,2.0,1.0,20,0,20
8059,27,2,3,6.86,2560,8.0,7.0,28,10,38
2702,40,2,3,6.86,1939,10.0,4.0,23,12,35
14192,39,2,3,6.85,2337,,5.0,28,0,28
6940,35,2,3,6.85,3420,,1.0,38,0,38
9304,44,2,3,6.85,900,,,10,0,10
2367,43,2,3,6.84,1499,1.0,,18,6,24
3601,49,2,3,6.84,2205,9.0,3.0,25,2,27
9133,29,2,3,6.84,1940,3.0,5.0,20,9,29
5555,40,2,3,6.84,2567,1.0,2.0,30,1,31
14354,31,2,3,6.84,1846,6.0,4.0,20,12,32
13680,50,2,3,6.84,2573,9.0,1.0,30,5,35
1305,44,2,3,6.84,2447,6.0,5.0,28,6,34
2857,44,2,3,6.84,3330,1.0,1.0,37,0,37
14078,35,2,3,6.83,3084,1.0,2.0,35,0,35
3291,49,2,3,6.83,2392,7.0,4.0,27,5,32
3504,43,2,3,6.83,2814,,3.0,31,2,33
12623,44,2,3,6.83,2632,4.0,2.0,28,8,36
4806,27,2,3,6.83,2302,8.0,4.0,25,8,33
10924,33,2,3,6.82,2049,7.0,3.0,27,5,32
5578,35,2,3,6.82,3070,,3.0,35,2,37
9180,51,2,3,6.82,1365,1.0,3.0,15,2,17
11896,36,2,3,6.82,2506,12.0,3.0,30,8,38
7603,36,2,3,6.82,1779,,2.0,21,1,22
9127,28,2,3,6.82,443,2.0,2.0,4,6,10
14237,27,2,3,6.82,3042,2.0,,35,0,35
13834,28,2,3,6.81,1121,,,12,2,14
7344,37,2,3,6.81,878,2.0,3.0,12,1,13
1301,45,2,3,6.81,2512,6.0,11.0,31,7,38
8960,34,2,3,6.81,3060,3.0,2.0,34,0,34
849,40,2,3,6.8,2509,,,28,0,28
6362,34,2,3,6.8,2659,14.0,2.0,33,4,37
2783,49,2,3,6.8,1421,1.0,,18,0,18
10079,27,2,3,6.8,1582,7.0,2.0,17,11,28
3071,31,2,3,6.8,2123,10.0,4.0,24,6,30
11054,28,2,3,6.8,2612,16.0,8.0,31,7,38
10599,44,2,3,6.8,2520,,,28,0,28
6559,36,2,3,6.79,2573,,,29,0,29
9723,45,2,3,6.79,3420,,,38,0,38
4222,44,2,3,6.79,2938,4.0,,33,1,34
6209,35,2,3,6.79,2510,,1.0,28,2,30
10628,42,2,3,6.79,527,2.0,,6,3,9
8192,29,2,3,6.78,2978,1.0,3.0,32,4,36
5679,29,2,3,6.78,3113,,1.0,35,1,36
4178,29,2,3,6.78,2337,10.0,1.0,28,3,31
5813,34,2,3,6.78,2721,8.0,6.0,30,8,38
7388,27,2,3,6.78,2423,1.0,3.0,27,3,30
10939,43,2,3,6.78,2850,,1.0,34,3,37
4144,30,2,3,6.78,1914,2.0,,21,1,22
10124,29,2,3,6.77,3341,2.0,5.0,38,0,38
13230,44,2,3,6.77,416,,,6,2,8
2136,49,2,3,6.76,2181,11.0,3.0,24,9,33
8489,28,2,3,6.76,2362,,4.0,28,4,32
11498,33,2,3,6.76,2270,4.0,6.0,24,11,35
10989,45,2,3,6.76,3003,2.0,1.0,35,0,35
13827,34,2,3,6.76,3102,,5.0,37,0,37
7183,51,2,3,6.75,2603,14.0,4.0,30,5,35
2464,35,2,3,6.75,763,2.0,3.0,7,8,15
6122,50,2,3,6.75,1043,1.0,1.0,12,3,15
11570,42,2,3,6.75,1779,7.0,2.0,20,8,28
13768,51,2,3,6.74,2616,,1.0,30,1,31
8183,33,2,3,6.74,3150,2.0,1.0,35,0,35
6036,35,2,3,6.74,1569,2.0,,17,3,20
9022,28,2,3,6.74,749,3.0,1.0,9,4,13
3534,49,2,3,6.73,1791,1.0,2.0,19,6,25
13761,33,2,3,6.73,1405,1.0,1.0,15,7,22
9273,51,2,3,6.73,1079,2.0,1.0,12,2,14
945,28,2,3,6.73,1626,3.0,,20,6,26
4419,31,2,3,6.73,389,1.0,,5,1,6
9831,50,2,3,6.73,3349,,1.0,38,0,38
3201,27,2,3,6.73,3420,,,38,0,38
14177,33,2,3,6.73,1176,,,14,0,14
5674,42,2,3,6.72,2229,1.0,6.0,25,8,33
5362,44,2,3,6.72,1756,9.0,4.0,17,16,33
6161,31,2,3,6.72,2961,1.0,,33,1,34
9130,43,2,3,6.72,983,4.0,1.0,12,3,15
13802,29,2,3,6.72,1966,,3.0,21,7,28
9438,47,2,3,6.71,2923,2.0,4.0,34,2,36
3954,28,2,3,6.71,3198,,,37,0,37
1685,43,2,3,6.71,171,,,2,2,4
6146,47,2,3,6.71,2535,2.0,,30,0,30
5199,49,2,3,6.71,2160,,,24,0,24
8690,50,2,3,6.71,1161,,,13,1,14
10622,42,2,3,6.71,763,1.0,,9,2,11
7744,44,2,3,6.7,1310,,3.0,14,11,25
9715,28,2,3,6.7,2077,1.0,1.0,24,3,27
9466,42,2,3,6.7,1673,1.0,6.0,19,7,26
7608,29,2,3,6.7,2790,,,31,0,31
2534,34,2,3,6.7,1925,1.0,,22,2,24
7555,30,2,3,6.7,3103,1.0,3.0,36,2,38
6079,35,2,3,6.7,1595,,1.0,17,4,21
9662,43,2,3,6.69,2128,2.0,,25,4,29
3088,37,2,3,6.69,3123,,2.0,35,0,35
14460,51,2,3,6.69,442,,,5,0,5
12793,30,2,3,6.68,2589,,,29,2,31
10550,51,2,3,6.68,2896,,4.0,32,2,34
8955,33,2,3,6.68,2991,5.0,1.0,33,3,36
5347,43,2,3,6.68,1758,1.0,,19,8,27
13596,44,2,3,6.68,2842,,1.0,32,5,37
1806,49,2,3,6.67,1330,,,14,3,17
1843,27,2,3,6.67,1198,,2.0,13,4,17
2854,51,2,3,6.67,180,,,2,0,2
12342,42,2,3,6.66,2269,,,25,2,27
12420,36,2,3,6.66,580,4.0,2.0,7,9,16
12211,49,2,3,6.66,1654,2.0,,21,5,26
7883,40,2,3,6.66,835,,1.0,9,9,18
6702,31,2,3,6.66,1699,,,19,2,21
2738,37,2,3,6.66,335,,1.0,3,3,6
5356,36,2,3,6.65,1159,6.0,1.0,12,13,25
1972,35,2,3,6.65,1531,8.0,,15,15,30
12035,27,2,3,6.65,986,2.0,1.0,11,8,19
13782,33,2,3,6.65,911,,1.0,11,2,13
668,37,2,3,6.64,1170,,,13,0,13
2049,28,2,3,6.64,1726,1.0,,20,6,26
9942,30,2,3,6.64,528,,1.0,6,6,12
26,47,2,3,6.64,2700,,,30,0,30
9949,35,2,3,6.64,1046,3.0,,11,3,14
6597,51,2,3,6.64,2990,3.0,1.0,35,1,36
4139,27,2,3,6.64,892,4.0,2.0,11,15,26
3376,49,2,3,6.64,1933,,1.0,24,1,25
9570,51,2,3,6.64,2115,2.0,1.0,25,5,30
13575,36,2,3,6.64,1643,,1.0,17,7,24
6002,33,2,3,6.63,1767,3.0,4.0,19,12,31
2259,37,2,3,6.62,1540,,2.0,16,2,18
1961,36,2,3,6.62,3420,,1.0,38,0,38
6903,43,2,3,6.62,314,,,3,4,7
189,31,2,3,6.62,888,,,11,3,14
8226,37,2,3,6.62,2613,12.0,2.0,32,5,37
192,34,2,3,6.62,1327,,2.0,16,4,20
9108,29,2,3,6.62,1109,,,13,4,17
10679,45,2,3,6.61,1971,,1.0,23,11,34
3713,42,2,3,6.61,2321,,4.0,26,0,26
5928,31,2,3,6.61,1849,5.0,2.0,22,4,26
12119,33,2,3,6.61,2880,,,32,0,32
7642,49,2,3,6.61,843,,,9,1,10
11103,35,2,3,6.61,1256,1.0,,14,5,19
3508,40,2,3,6.61,1195,6.0,3.0,14,12,26
1053,51,2,3,6.61,2488,,,31,2,33
4200,28,2,3,6.61,2937,2.0,,33,1,34
4925,31,2,3,6.6,1667,5.0,3.0,19,9,28
6388,34,2,3,6.6,2277,,1.0,26,7,33
12674,36,2,3,6.6,2358,,2.0,28,2,30
5954,37,2,3,6.6,2206,1.0,,25,0,25
11960,36,2,3,6.6,486,1.0,1.0,5,6,11
4274,39,2,3,6.6,1517,5.0,2.0,14,17,31
12417,47,2,3,6.6,1470,,1.0,18,6,24
1660,28,2,3,6.6,488,,,5,2,7
3268,34,2,3,6.6,3420,,,38,0,38
201,36,2,3,6.59,1770,2.0,7.0,18,18,36
14405,31,2,3,6.59,1971,2.0,1.0,22,12,34
2270,40,2,3,6.59,900,,,10,0,10
1460,37,2,3,6.59,1620,,,18,0,18
8719,39,2,3,6.58,1113,,,13,1,14
9562,31,2,3,6.58,1008,1.0,4.0,10,15,25
1802,34,2,3,6.58,255,1.0,,1,7,8
6088,39,2,3,6.58,2921,2.0,2.0,34,2,36
6058,39,2,3,6.58,900,,,10,0,10
6141,39,2,3,6.58,2840,9.0,4.0,35,0,35
1605,35,2,3,6.58,1872,1.0,3.0,19,13,32
1224,40,2,3,6.57,2493,,1.0,29,4,33
8933,43,2,3,6.57,1790,1.0,2.0,22,7,29
4798,27,2,3,6.57,604,3.0,,6,11,17
3901,50,2,3,6.56,2128,2.0,1.0,26,5,31
9517,49,2,3,6.56,913,2.0,1.0,11,2,13
13809,43,2,3,6.56,166,,,2,0,2
6642,40,2,3,6.56,519,,,6,3,9
8525,50,2,3,6.56,2385,4.0,,27,6,33
12223,36,2,3,6.56,952,8.0,1.0,8,23,31
3943,36,2,3,6.55,2061,6.0,3.0,25,9,34
13614,43,2,3,6.55,175,,,0,6,6
12178,28,2,3,6.55,222,,,1,3,4
1985,39,2,3,6.55,2195,2.0,3.0,27,5,32
12429,45,2,3,6.54,1909,2.0,1.0,18,17,35
7864,50,2,3,6.54,2039,,,21,12,33
11941,33,2,3,6.54,1064,1.0,1.0,12,7,19
1073,43,2,3,6.54,3060,,,34,0,34
6052,27,2,3,6.53,1117,1.0,,10,7,17
11307,49,2,3,6.53,1917,3.0,2.0,22,14,36
6757,28,2,3,6.53,2232,1.0,4.0,27,7,34
874,50,2,3,6.53,2260,,,25,1,26
658,45,2,3,6.53,960,,1.0,11,4,15
8753,39,2,3,6.52,2386,,,27,0,27
2466,47,2,3,6.52,9,,,0,1,1
4753,49,2,3,6.52,630,,,7,0,7
6591,33,2,3,6.52,364,1.0,1.0,3,9,12
471,43,2,3,6.52,2196,6.0,2.0,23,13,36
12258,34,2,3,6.51,136,1.0,1.0,1,6,7
14085,30,2,3,6.51,2267,1.0,3.0,27,5,32
9573,31,2,3,6.51,939,2.0,2.0,11,10,21
14009,39,2,3,6.51,2490,,1.0,29,1,30
2248,36,2,3,6.51,3074,1.0,,34,1,35
13135,42,2,3,6.51,1099,,,12,1,13
86,35,2,3,6.51,2577,3.0,2.0,31,2,33
2809,40,2,3,6.51,1715,3.0,3.0,19,14,33
3592,35,2,3,6.51,1614,3.0,1.0,19,7,26
1147,36,2,3,6.51,2025,2.0,4.0,25,8,33
5540,45,2,3,6.51,591,,1.0,7,6,13
10006,49,2,3,6.5,1019,,2.0,12,1,13
12611,36,2,3,6.5,2231,,,26,5,31
14167,47,2,3,6.5,482,,,6,4,10
10461,42,2,3,6.5,683,,,8,2,10
6101,31,2,3,6.5,173,,,3,1,4
11089,37,2,3,6.49,2594,3.0,2.0,30,1,31
14214,34,2,3,6.49,2122,,3.0,24,9,33
7934,47,2,3,6.49,2922,,2.0,33,0,33
6365,51,2,3,6.48,1685,2.0,7.0,20,15,35
10607,50,2,3,6.48,788,3.0,2.0,6,12,18
1932,33,2,3,6.48,334,,,3,2,5
7065,51,2,3,6.48,2610,,,29,0,29
13181,39,2,3,6.48,1618,4.0,1.0,16,14,30
8074,37,2,3,6.47,2747,1.0,2.0,32,1,33
6914,39,2,3,6.47,1644,5.0,,19,11,30
3423,31,2,3,6.47,511,1.0,,4,12,16
12317,28,2,3,6.47,570,3.0,1.0,3,17,20
8473,49,2,3,6.47,1206,,1.0,11,16,27
5993,37,2,3,6.47,475,2.0,,5,5,10
7828,43,2,3,6.47,1657,,,19,6,25
6486,35,2,3,6.47,1242,,1.0,15,10,25
6084,29,2,3,6.47,448,,1.0,6,4,10
8617,29,2,3,6.47,230,1.0,1.0,1,11,12
13266,27,2,3,6.46,6,,,0,1,1
6329,50,2,3,6.46,1833,,,20,7,27
1760,31,2,3,6.46,3240,,1.0,36,0,36
12071,42,2,3,6.46,1893,1.0,2.0,21,7,28
13302,31,2,3,6.46,861,2.0,2.0,10,5,15
11438,47,2,3,6.45,1045,4.0,1.0,11,14,25
11358,43,2,3,6.45,844,,,10,2,12
5353,45,2,3,6.45,135,,,1,3,4
14087,40,2,3,6.45,11,,,0,1,1
5516,28,2,3,6.45,1129,1.0,2.0,10,19,29
9461,34,2,3,6.45,52,1.0,,0,4,4
2563,43,2,3,6.45,1059,1.0,2.0,11,12,23
3123,40,2,3,6.45,1123,5.0,2.0,8,22,30
8906,42,2,3,6.44,2015,,,23,3,26
5917,42,2,3,6.44,716,1.0,1.0,7,13,20
10374,27,2,3,6.44,1372,1.0,,15,8,23
101,42,2,3,6.44,504,,,6,0,6
685,29,2,3,6.44,753,,,8,12,20
1662,33,2,3,6.44,365,1.0,,4,2,6
2090,31,2,3,6.43,683,1.0,4.0,8,13,21
6531,28,2,3,6.43,627,7.0,,4,16,20
2725,40,2,3,6.43,750,,2.0,7,12,19
12507,51,2,3,6.43,630,,,7,0,7
8829,33,2,3,6.42,1860,,1.0,19,13,32
12292,33,2,3,6.42,803,,1.0,11,5,16
2426,34,2,3,6.42,90,,,1,0,1
14287,39,2,3,6.42,2813,1.0,,30,4,34
7534,39,2,3,6.42,853,1.0,1.0,9,9,18
11414,28,2,3,6.42,2020,,,23,1,24
14433,30,2,3,6.42,1446,,,15,16,31
6765,42,2,3,6.42,547,2.0,,6,5,11
7463,47,2,3,6.42,1406,1.0,1.0,17,9,26
13807,47,2,3,6.42,1875,2.0,,20,13,33
1998,31,2,3,6.42,98,,,1,1,2
2632,33,2,3,6.41,912,3.0,2.0,9,18,27
5963,28,2,3,6.41,1634,1.0,3.0,19,10,29
13313,47,2,3,6.41,2829,1.0,,32,2,34
3756,50,2,3,6.4,1785,,1.0,20,8,28
8721,37,2,3,6.4,1187,,,12,3,15
8123,28,2,3,6.4,1144,1.0,2.0,14,10,24
7175,45,2,3,6.4,842,3.0,1.0,5,26,31
6633,47,2,3,6.4,2020,3.0,,21,11,32
12641,51,2,3,6.4,1683,,,18,11,29
11576,29,2,3,6.4,178,,,1,9,10
7914,30,2,3,6.39,1443,,,17,7,24
5207,50,2,3,6.39,1158,,1.0,16,7,23
8,50,2,3,6.39,824,,,10,8,18
13830,33,2,3,6.39,178,1.0,1.0,1,7,8
6406,37,2,3,6.39,1978,1.0,1.0,25,5,30
5920,35,2,3,6.39,2085,1.0,,24,10,34
10464,37,2,3,6.39,697,2.0,,7,11,18
8199,31,2,3,6.39,2083,,,23,2,25
14584,49,2,3,6.39,1408,2.0,,16,12,28
12203,42,2,3,6.39,73,,,1,2,3
6293,47,2,3,6.39,135,,,1,3,4
12512,37,2,3,6.38,2755,1.0,1.0,31,2,33
11051,50,2,3,6.38,665,,,7,8,15
2798,50,2,3,6.38,784,1.0,1.0,7,12,19
6199,39,2,3,6.38,1396,,,16,2,18
8762,30,2,3,6.38,1097,,2.0,11,8,19
11003,27,2,3,6.37,522,,1.0,5,10,15
9482,30,2,3,6.37,857,,2.0,8,16,24
3136,29,2,3,6.37,952,2.0,,9,20,29
7343,31,2,3,6.37,288,,,2,10,12
12059,49,2,3,6.37,502,4.0,1.0,4,11,15
3632,28,2,3,6.37,298,3.0,,2,12,14
2463,47,2,3,6.37,353,,,3,5,8
3033,45,2,3,6.36,275,,,5,3,8
12027,39,2,3,6.36,386,,,4,6,10
12874,49,2,3,6.36,195,,,1,3,4
9973,50,2,3,6.36,845,1.0,1.0,11,3,14
7741,27,2,3,6.36,253,1.0,,2,11,13
8179,47,2,3,6.36,1667,1.0,1.0,18,8,26
185,29,2,3,6.35,1599,,,19,6,25
5605,31,2,3,6.35,960,,,10,3,13
3699,34,2,3,6.34,1029,3.0,1.0,9,20,29
2219,39,2,3,6.34,1126,1.0,,12,7,19
10498,47,2,3,6.34,775,,,9,2,11
11264,51,2,3,6.34,809,3.0,2.0,8,16,24
4614,47,2,3,6.34,2156,1.0,,25,2,27
12957,31,2,3,6.34,1091,2.0,2.0,12,17,29
5358,39,2,3,6.33,1541,,2.0,17,5,22
14115,50,2,3,6.33,1063,,,11,11,22
8087,43,2,3,6.33,1165,,,12,9,21
11750,49,2,3,6.33,1254,,,14,2,16
5910,37,2,3,6.33,1173,,4.0,12,20,32
14255,45,2,3,6.33,147,,,1,5,6
4470,33,2,3,6.33,540,,,6,0,6
1434,43,2,3,6.32,135,,,0,8,8
1822,37,2,3,6.32,1349,1.0,2.0,14,9,23
11495,51,2,3,6.32,70,,,1,2,3
2824,34,2,3,6.32,1558,,,15,19,34
7146,43,2,3,6.32,1395,3.0,1.0,14,18,32
9740,29,2,3,6.32,86,,,1,2,3
5825,36,2,3,6.32,1336,,,15,6,21
2608,37,2,3,6.31,630,,,7,0,7
10491,35,2,3,6.31,345,,1.0,3,7,10
12217,51,2,3,6.31,799,2.0,,7,18,25
7951,28,2,3,6.31,476,,,5,3,8
12515,37,2,3,6.3,1000,4.0,,13,7,20
2509,37,2,3,6.3,240,,,3,2,5
10468,27,2,3,6.3,6,,,0,1,1
2061,39,2,3,6.3,2172,,,25,6,31
10260,45,2,3,6.3,895,,,6,20,26
3064,50,2,3,6.29,274,1.0,2.0,1,14,15
12714,35,2,3,6.29,216,,,3,2,5
13565,49,2,3,6.29,508,,3.0,4,14,18
14014,43,2,3,6.29,696,,,6,10,16
2346,50,2,3,6.29,1407,1.0,1.0,14,17,31
2871,49,2,3,6.29,31,,1.0,0,3,3
6095,42,2,3,6.29,343,3.0,,3,12,15
13520,35,2,3,6.29,565,,1.0,5,13,18
13626,36,2,3,6.28,615,2.0,,3,22,25
11793,27,2,3,6.28,497,,2.0,7,10,17
5370,40,2,3,6.28,360,1.0,2.0,2,16,18
5335,43,2,3,6.28,346,,,4,1,5
7114,36,2,3,6.28,126,,,1,7,8
6205,40,2,3,6.28,489,,,4,9,13
11860,43,2,3,6.27,2013,4.0,,23,9,32
648,47,2,3,6.27,450,,,5,0,5
12002,33,2,3,6.27,177,,,1,6,7
7931,42,2,3,6.27,967,,,9,6,15
2476,34,2,3,6.27,447,,,4,9,13
12557,47,2,3,6.27,64,,,0,2,2
5264,30,2,3,6.27,144,,,1,1,2
4238,30,2,3,6.26,447,2.0,1.0,3,16,19
1498,47,2,3,6.26,329,,,2,2,4
5287,39,2,3,6.26,130,,,1,3,4
1675,37,2,3,6.26,1717,,1.0,20,2,22
2754,51,2,3,6.26,969,,,10,5,15
8268,44,2,3,6.26,302,,1.0,4,6,10
4001,29,2,3,6.25,332,2.0,1.0,2,15,17
6558,34,2,3,6.25,90,,,1,0,1
6674,44,2,3,6.25,1077,,2.0,11,21,32
12719,44,2,3,6.25,788,,,8,17,25
6075,47,2,3,6.25,1076,,1.0,13,4,17
11804,45,2,3,6.25,284,1.0,,1,18,19
8213,44,2,3,6.24,304,1.0,,1,13,14
14544,47,2,3,6.24,1560,1.0,1.0,16,14,30
9401,43,2,3,6.24,623,1.0,,8,9,17
5614,30,2,3,6.24,168,,,1,7,8
1490,35,2,3,6.23,331,,,4,6,10
4917,37,2,3,6.23,651,3.0,1.0,5,21,26
14265,49,2,3,6.23,849,1.0,,9,7,16
7746,33,2,3,6.23,259,,1.0,2,11,13
14243,36,2,3,6.23,253,,,2,8,10
3406,28,2,3,6.23,829,,,8,2,10
7457,37,2,3,6.22,1240,,,14,5,19
14168,37,2,3,6.22,933,,1.0,12,6,18
6974,36,2,3,6.22,350,,,4,4,8
5127,51,2,3,6.22,989,2.0,4.0,10,19,29
5936,47,2,3,6.22,1395,1.0,,17,2,19
168,47,2,3,6.22,357,,2.0,5,9,14
12321,47,2,3,6.21,387,1.0,,4,8,12
11318,30,2,3,6.2,113,,,0,8,8
3937,44,2,3,6.19,335,,,2,10,12
2505,43,2,3,6.19,161,,,1,6,7
7395,34,2,3,6.19,498,1.0,1.0,4,19,23
2727,37,2,3,6.19,854,1.0,1.0,10,12,22
6994,27,2,3,6.19,704,,,9,6,15
10371,33,2,3,6.18,146,,,1,6,7
5340,31,2,3,6.18,6,,,0,1,1
9579,44,2,3,6.18,20,,,0,2,2
14161,40,2,3,6.18,261,,,1,19,20
1168,28,2,3,6.18,320,,,5,2,7
1444,49,2,3,6.17,1746,,,19,9,28
8588,50,2,3,6.17,141,,,1,11,12
2729,39,2,3,6.17,1714,1.0,,19,3,22
143,47,2,3,6.17,1255,2.0,2.0,15,5,20
11126,42,2,3,6.17,14,,,0,3,3
11030,39,2,3,6.17,1123,,,10,14,24
1216,50,2,3,6.17,162,,,1,9,10
7876,28,2,3,6.16,121,,,0,5,5
4070,45,2,3,6.16,28,,,0,2,2
2518,51,2,3,6.16,6,,,0,1,1
4168,31,2,3,6.16,236,1.0,,2,11,13
9857,47,2,3,6.16,72,,,1,1,2
14232,44,2,3,6.15,124,1.0,,0,14,14
5937,37,2,3,6.15,841,1.0,,4,28,32
4169,50,2,3,6.15,152,,,1,7,8
9284,36,2,3,6.15,21,,,0,2,2
11957,27,2,3,6.15,2,,,0,1,1
13730,51,2,3,6.15,477,,1.0,3,21,24
6119,45,2,3,6.14,399,,1.0,5,4,9
1831,30,2,3,6.14,181,,,2,5,7
13051,31,2,3,6.14,162,,,1,7,8
14293,39,2,3,6.14,108,,,1,3,4
2956,29,2,3,6.14,105,1.0,,0,16,16
5502,51,2,3,6.14,652,2.0,,5,16,21
14509,35,2,3,6.14,42,,,0,4,4
11395,39,2,3,6.13,723,1.0,,6,17,23
14218,47,2,3,6.13,684,1.0,,6,12,18
1845,29,2,3,6.13,22,,,0,4,4
12426,30,2,3,6.13,3,,,0,1,1
2258,47,2,3,6.13,1435,2.0,,13,22,35
6056,31,2,3,6.12,9,,,0,4,4
10013,44,2,3,6.12,151,,,1,8,9
6465,31,2,3,6.12,8,,,0,1,1
6651,47,2,3,6.12,270,,,3,0,3
8716,43,2,3,6.12,349,,,4,3,7
2353,36,2,3,6.12,13,,,0,3,3
4343,40,2,3,6.11,104,,,1,5,6
7288,29,2,3,6.11,499,,,7,5,12
2016,39,2,3,6.11,744,1.0,2.0,9,14,23
6308,30,2,3,6.11,4,,,0,1,1
8219,50,2,3,6.11,47,,,0,2,2
6463,39,2,3,6.11,105,,,0,7,7
1598,34,2,3,6.1,4,,,0,2,2
2672,42,2,3,6.1,5,,,0,1,1
10090,49,2,3,6.09,362,,1.0,3,7,10
12067,30,2,3,6.09,94,,,0,5,5
3520,42,2,3,6.09,27,,,0,1,1
6562,47,2,3,6.09,12,,,0,2,2
9441,51,2,3,6.09,1,,,0,1,1
13254,45,2,3,6.09,402,1.0,,3,23,26
880,43,2,3,6.09,360,,,4,0,4
2217,34,2,3,6.09,11,,,0,2,2
391,47,2,3,6.08,143,,,2,2,4
790,49,2,3,6.08,13,,,0,1,1
10995,39,2,3,6.08,1,,,0,1,1
12275,35,2,3,6.08,90,,,1,0,1
2325,51,2,3,6.08,234,,,1,9,10
14552,30,2,3,6.08,37,,,0,10,10
1797,47,2,3,6.07,448,,,4,6,10
3947,28,2,3,6.07,89,,,0,12,12
5228,30,2,3,6.07,11,,,0,3,3
7346,29,2,3,6.06,9,,,0,3,3
9409,37,2,3,6.05,197,,,2,9,11
10971,39,2,3,6.05,26,,,0,4,4
7787,30,2,3,6.05,29,,,0,3,3
5332,36,2,3,6.05,94,,,0,12,12
2990,51,2,3,6.05,47,,,0,2,2
12705,43,2,3,6.05,17,,,0,2,2
6400,34,2,3,6.04,95,,,0,12,12
10513,34,2,3,6.04,481,,,5,8,13
8964,33,2,3,6.04,71,,,0,3,3
12496,47,2,3,6.04,26,,,0,2,2
9508,33,2,3,6.03,7,,,0,1,1
13818,43,2,3,6.02,101,,,2,1,3
6035,39,2,3,6.02,21,,,0,4,4
3777,31,2,3,6.02,19,,,0,2,2
6012,42,2,3,6.01,95,,,1,1,2
6709,34,2,3,6.01,72,,,1,1,2
12308,47,2,3,6.01,12,,,0,1,1
7099,33,2,3,6.0,169,,,2,2,4
795,51,2,3,6.0,1,,,0,1,1
2053,51,2,3,6.0,1,,,0,1,1
6297,36,2,3,6.0,1,,,0,1,1
7440,50,2,3,6.0,1,,,0,1,1
9937,39,2,3,6.0,1,,,0,1,1
11986,29,2,3,6.0,1,,,0,1,1
12918,33,2,3,6.0,1,,,0,1,1
13638,51,2,3,6.0,1,,,0,1,1
14105,42,2,3,6.0,1,,,0,1,1
14206,39,2,3,6.0,1,,,0,1,1
14596,29,2,3,6.0,1,,,0,1,1
14216,49,2,3,6.0,10,,,0,3,3
819,37,2,3,5.99,125,,,0,11,11
4915,37,2,3,5.99,1,,,0,1,1
12407,47,2,3,5.96,307,,,4,4,8
2241,44,2,3,5.96,358,,,2,16,18
3068,39,2,3,5.95,135,,,1,1,2
10453,51,2,3,5.95,66,,,1,4,5
10970,34,2,3,5.95,116,,,1,1,2
5323,35,2,3,5.94,47,,,0,3,3
4739,30,2,3,5.94,23,,,0,2,2
9118,37,2,3,5.94,43,,,0,2,2
5992,28,2,3,5.92,326,,,2,9,11
6913,34,2,3,5.9,20,,,0,1,1
9397,35,2,3,5.87,5,,,0,1,1
5338,37,2,3,5.85,378,,,4,3,7
6306,40,2,3,5.84,10,,,0,1,1
1814,37,2,3,5.68,160,,,2,1,3
13601,62,3,1,7.7,90,,,1,0,1
7271,56,3,1,7.58,2693,8.0,4.0,30,1,31
7135,54,3,1,7.47,2815,5.0,6.0,32,1,33
10610,73,3,1,7.38,2479,16.0,5.0,28,0,28
2633,68,3,1,7.35,1899,16.0,4.0,20,5,25
6066,54,3,1,7.34,2212,12.0,10.0,26,7,33
3617,68,3,1,7.32,2453,6.0,8.0,28,3,31
11817,58,3,1,7.29,2648,15.0,11.0,31,1,32
7291,56,3,1,7.28,2412,9.0,8.0,29,3,32
11843,56,3,1,7.27,2296,4.0,12.0,26,1,27
14060,59,3,1,7.27,2427,15.0,5.0,30,3,33
6827,67,3,1,7.25,2693,12.0,9.0,30,1,31
12758,56,3,1,7.21,1232,9.0,3.0,15,4,19
3634,56,3,1,7.2,1724,9.0,5.0,22,4,26
7327,56,3,1,7.2,28,,,0,1,1
7796,54,3,1,7.2,1421,8.0,5.0,16,8,24
6584,54,3,1,7.2,1015,1.0,4.0,11,4,15
4067,54,3,1,7.19,1117,10.0,2.0,14,5,19
1908,54,3,1,7.17,2432,4.0,1.0,27,3,30
876,54,3,1,7.14,2049,1.0,4.0,24,2,26
4610,53,3,1,7.14,1092,1.0,6.0,11,6,17
14378,67,3,1,7.13,900,,,10,0,10
13460,54,3,1,7.12,1672,7.0,8.0,21,6,27
6380,65,3,1,7.12,1806,,2.0,21,0,21
6445,53,3,1,7.12,2723,8.0,7.0,32,2,34
9939,59,3,1,7.11,2173,10.0,4.0,27,3,30
12800,54,3,1,7.1,1943,14.0,5.0,22,12,34
9139,67,3,1,7.09,2519,13.0,6.0,28,2,30
8174,54,3,1,7.09,2012,8.0,7.0,20,12,32
10636,56,3,1,7.09,2255,4.0,5.0,27,1,28
4773,52,3,1,7.08,90,,1.0,1,0,1
4575,65,3,1,7.06,2372,6.0,10.0,31,1,32
10333,53,3,1,7.06,2716,9.0,8.0,33,0,33
14220,68,3,1,7.04,2951,4.0,,33,0,33
3862,65,3,1,7.04,2857,7.0,1.0,32,0,32
9812,74,3,1,7.02,2775,5.0,3.0,32,0,32
4766,72,3,1,7.01,2610,,,29,0,29
2042,71,3,1,7.01,1961,2.0,7.0,22,3,25
11581,55,3,1,7.0,2643,8.0,2.0,31,3,34
7866,71,3,1,7.0,2288,2.0,1.0,26,2,28
11460,74,3,1,7.0,2051,,5.0,25,0,25
9353,73,3,1,7.0,2867,12.0,6.0,34,0,34
11382,74,3,1,6.99,1665,4.0,8.0,23,3,26
6822,65,3,1,6.99,2826,,2.0,32,0,32
3027,72,3,1,6.99,2218,5.0,1.0,25,0,25
9556,56,3,1,6.98,2022,1.0,,24,6,30
14163,71,3,1,6.97,2925,5.0,4.0,33,0,33
12093,68,3,1,6.97,180,,1.0,2,0,2
8561,66,3,1,6.97,1220,6.0,1.0,15,2,17
11815,67,3,1,6.96,2487,6.0,1.0,28,0,28
9652,59,3,1,6.95,3060,4.0,1.0,34,0,34
11800,69,3,1,6.94,1026,,,12,0,12
3397,58,3,1,6.94,90,,,1,0,1
10157,73,3,1,6.93,2520,2.0,9.0,29,1,30
9664,54,3,1,6.93,2405,3.0,1.0,27,4,31
2900,68,3,1,6.92,1285,2.0,5.0,15,8,23
2609,63,3,1,6.91,2582,7.0,3.0,33,0,33
12907,72,3,1,6.91,2582,11.0,7.0,33,1,34
9968,73,3,1,6.91,151,,,1,1,2
12231,69,3,1,6.9,1326,1.0,6.0,15,7,22
12085,59,3,1,6.9,2445,5.0,4.0,30,3,33
4529,66,3,1,6.9,720,,,8,0,8
13560,65,3,1,6.89,2558,3.0,,28,1,29
8126,54,3,1,6.89,1738,3.0,2.0,22,5,27
7319,72,3,1,6.88,1042,,,12,1,13
3986,56,3,1,6.88,1896,2.0,1.0,20,7,27
8544,62,3,1,6.87,2948,5.0,2.0,33,0,33
1136,66,3,1,6.87,1497,1.0,2.0,17,0,17
12166,72,3,1,6.87,2874,2.0,3.0,32,0,32
12671,71,3,1,6.87,235,,3.0,3,0,3
8968,62,3,1,6.87,2713,1.0,,31,0,31
10941,54,3,1,6.86,1072,1.0,4.0,11,8,19
7859,68,3,1,6.86,1474,3.0,,17,4,21
4406,74,3,1,6.86,1841,3.0,5.0,19,11,30
7491,56,3,1,6.86,1399,6.0,5.0,20,4,24
12448,54,3,1,6.86,1432,7.0,5.0,18,7,25
1357,66,3,1,6.85,2078,1.0,4.0,22,8,30
3562,62,3,1,6.85,2407,11.0,3.0,27,5,32
12099,53,3,1,6.85,2409,2.0,2.0,28,1,29
8499,59,3,1,6.84,1508,5.0,2.0,16,10,26
7686,55,3,1,6.84,2610,5.0,3.0,29,3,32
7628,72,3,1,6.83,1536,8.0,1.0,17,16,33
6158,67,3,1,6.83,360,,,4,0,4
4928,63,3,1,6.83,1010,2.0,2.0,11,4,15
5620,63,3,1,6.83,1423,7.0,,17,2,19
8925,54,3,1,6.82,1080,,,12,0,12
7498,66,3,1,6.82,2549,10.0,2.0,28,3,31
13046,69,3,1,6.82,383,1.0,,5,0,5
13566,68,3,1,6.82,1948,9.0,3.0,23,4,27
4185,53,3,1,6.82,1656,4.0,2.0,19,6,25
9214,56,3,1,6.81,1570,1.0,1.0,17,8,25
1652,58,3,1,6.81,1325,3.0,2.0,15,3,18
8888,67,3,1,6.81,2620,1.0,1.0,30,0,30
11587,59,3,1,6.81,2498,1.0,,27,2,29
8670,59,3,1,6.81,1648,2.0,1.0,19,3,22
7985,67,3,1,6.81,1745,8.0,7.0,20,9,29
2826,58,3,1,6.8,2271,9.0,6.0,25,7,32
11782,52,3,1,6.8,2070,,,23,0,23
13671,52,3,1,6.8,990,,,11,0,11
9219,59,3,1,6.8,3060,,,34,0,34
10806,56,3,1,6.8,2116,2.0,3.0,23,6,29
7315,56,3,1,6.8,1417,1.0,,17,0,17
10697,59,3,1,6.79,2822,,1.0,32,0,32
5180,56,3,1,6.79,2430,,,27,0,27
4593,52,3,1,6.79,912,4.0,1.0,10,4,14
7155,72,3,1,6.79,932,2.0,1.0,10,2,12
8068,66,3,1,6.78,1904,7.0,4.0,24,10,34
7831,74,3,1,6.78,3060,,,34,0,34
2637,72,3,1,6.77,1811,,6.0,20,5,25
12885,71,3,1,6.76,1653,11.0,,20,2,22
1892,68,3,1,6.76,2188,2.0,2.0,23,7,30
4109,52,3,1,6.76,2383,8.0,4.0,30,0,30
13110,66,3,1,6.76,2395,,,26,4,30
68,68,3,1,6.76,476,1.0,,5,3,8
7822,67,3,1,6.76,1982,,2.0,22,2,24
8044,66,3,1,6.75,2144,4.0,3.0,25,6,31
4831,54,3,1,6.74,18,,1.0,0,1,1
5448,58,3,1,6.73,467,,,4,5,9
12078,74,3,1,6.73,2582,5.0,3.0,29,4,33
10282,69,3,1,6.73,946,,,11,0,11
1249,63,3,1,6.73,2622,,9.0,30,3,33
9018,69,3,1,6.73,631,2.0,,7,1,8
9204,69,3,1,6.72,2605,11.0,1.0,30,3,33
13796,58,3,1,6.72,2717,2.0,1.0,30,1,31
5871,55,3,1,6.72,2450,,,28,2,30
7361,58,3,1,6.71,1061,3.0,1.0,10,9,19
3263,54,3,1,6.71,2348,,1.0,27,2,29
8434,58,3,1,6.71,559,,,7,2,9
6742,63,3,1,6.71,1350,,,15,0,15
6047,74,3,1,6.7,2074,4.0,2.0,25,6,31
9069,62,3,1,6.7,1844,6.0,5.0,21,8,29
7624,63,3,1,6.7,1952,,,21,7,28
11007,63,3,1,6.7,3060,,,34,0,34
981,53,3,1,6.7,1443,5.0,3.0,16,10,26
6839,67,3,1,6.7,1291,,,15,0,15
1317,55,3,1,6.7,2725,2.0,2.0,31,0,31
14300,68,3,1,6.69,1505,1.0,1.0,16,6,22
7611,53,3,1,6.69,1548,4.0,3.0,17,8,25
5430,71,3,1,6.69,2563,1.0,1.0,29,1,30
1294,66,3,1,6.69,2036,2.0,1.0,23,8,31
9898,52,3,1,6.69,1688,9.0,4.0,20,3,23
9067,56,3,1,6.69,1352,6.0,4.0,14,11,25
10618,67,3,1,6.69,2828,3.0,,32,0,32
4089,65,3,1,6.68,2024,1.0,1.0,23,6,29
3251,65,3,1,6.68,877,5.0,,12,5,17
11206,63,3,1,6.68,2395,2.0,2.0,28,2,30
9827,59,3,1,6.68,2459,1.0,2.0,27,4,31
11591,58,3,1,6.68,698,,1.0,8,2,10
6846,74,3,1,6.68,1294,6.0,,15,9,24
6132,56,3,1,6.67,527,3.0,1.0,4,11,15
4175,58,3,1,6.67,2693,1.0,,30,0,30
7166,68,3,1,6.67,2171,1.0,,24,6,30
9047,73,3,1,6.67,2597,,,30,0,30
1071,52,3,1,6.67,389,2.0,,4,3,7
11622,53,3,1,6.66,2466,1.0,1.0,27,3,30
6487,58,3,1,6.66,1696,7.0,2.0,22,5,27
11388,53,3,1,6.66,941,3.0,1.0,10,4,14
18,66,3,1,6.66,1848,5.0,3.0,20,8,28
13642,69,3,1,6.66,2531,2.0,,31,1,32
10008,74,3,1,6.66,2970,1.0,1.0,33,0,33
13219,62,3,1,6.66,2034,4.0,2.0,24,8,32
9777,74,3,1,6.66,1628,1.0,,18,6,24
2626,58,3,1,6.66,1286,,2.0,13,11,24
11827,72,3,1,6.66,2887,2.0,,33,0,33
9168,58,3,1,6.65,2749,3.0,1.0,32,0,32
12183,66,3,1,6.65,2340,,,26,0,26
9000,54,3,1,6.65,627,1.0,1.0,7,8,15
2523,71,3,1,6.65,1892,5.0,2.0,21,12,33
2569,59,3,1,6.65,2749,1.0,4.0,31,2,33
1162,63,3,1,6.65,2394,12.0,3.0,26,6,32
10211,68,3,1,6.65,1461,1.0,1.0,18,6,24
9834,62,3,1,6.65,845,,,7,10,17
12247,59,3,1,6.64,1003,1.0,3.0,10,9,19
8820,69,3,1,6.64,270,,,3,0,3
2694,71,3,1,6.64,14,,,0,1,1
8140,73,3,1,6.64,1644,3.0,2.0,22,3,25
8494,54,3,1,6.63,479,,,6,1,7
6184,72,3,1,6.63,2213,5.0,1.0,30,2,32
3728,53,3,1,6.63,2872,1.0,,32,1,33
3196,68,3,1,6.63,1688,,2.0,19,9,28
9866,69,3,1,6.63,2554,,,28,1,29
9708,74,3,1,6.63,1836,4.0,6.0,21,11,32
1078,68,3,1,6.63,1741,4.0,3.0,20,11,31
8931,55,3,1,6.63,3060,,,34,0,34
6190,68,3,1,6.63,2340,,,26,0,26
10798,73,3,1,6.62,1084,3.0,,11,13,24
3610,66,3,1,6.62,2296,3.0,,27,3,30
6394,52,3,1,6.62,2797,,1.0,32,0,32
14384,74,3,1,6.62,1869,6.0,4.0,22,7,29
12934,71,3,1,6.62,2004,5.0,2.0,23,7,30
6554,73,3,1,6.62,2909,,,33,0,33
3346,63,3,1,6.61,1973,1.0,3.0,27,0,27
3551,58,3,1,6.61,2648,4.0,,30,2,32
328,72,3,1,6.61,879,2.0,,11,3,14
5032,71,3,1,6.6,403,1.0,,6,1,7
3723,66,3,1,6.6,2445,,3.0,28,4,32
1630,71,3,1,6.6,1961,,1.0,22,7,29
14538,56,3,1,6.6,1135,7.0,3.0,11,15,26
2621,55,3,1,6.6,1990,3.0,6.0,22,7,29
13183,62,3,1,6.6,887,4.0,2.0,8,9,17
12725,74,3,1,6.6,1930,1.0,,23,3,26
11579,55,3,1,6.6,1313,3.0,7.0,15,10,25
382,67,3,1,6.59,1780,2.0,9.0,20,9,29
13172,65,3,1,6.59,1598,6.0,1.0,17,13,30
13235,54,3,1,6.59,271,,,4,0,4
10802,73,3,1,6.59,2082,,,23,4,27
710,56,3,1,6.58,630,,,7,0,7
6885,53,3,1,6.58,2487,1.0,,28,5,33
3509,72,3,1,6.58,2254,,1.0,26,2,28
5190,63,3,1,6.58,1458,1.0,1.0,17,1,18
5088,56,3,1,6.58,612,7.0,2.0,4,18,22
2504,62,3,1,6.58,885,,3.0,9,11,20
1010,73,3,1,6.58,1959,2.0,1.0,22,7,29
13553,72,3,1,6.57,564,,1.0,6,2,8
7324,67,3,1,6.57,1897,1.0,,21,2,23
12375,52,3,1,6.57,1137,3.0,4.0,13,10,23
3514,52,3,1,6.57,1140,3.0,2.0,16,2,18
7618,55,3,1,6.57,732,2.0,,8,5,13
12121,63,3,1,6.57,1356,3.0,2.0,16,7,23
861,58,3,1,6.57,400,,1.0,5,2,7
14131,71,3,1,6.57,2940,1.0,2.0,34,0,34
1308,73,3,1,6.56,2637,2.0,5.0,32,2,34
6943,72,3,1,6.56,1359,4.0,3.0,16,15,31
6896,62,3,1,6.55,2243,,1.0,25,4,29
3295,65,3,1,6.55,1724,5.0,1.0,20,7,27
2866,71,3,1,6.55,1273,,,14,3,17
3050,55,3,1,6.55,1777,,,23,0,23
8793,56,3,1,6.54,337,,,4,5,9
4060,55,3,1,6.54,2174,4.0,,23,6,29
4410,52,3,1,6.54,1449,,1.0,16,3,19
8188,72,3,1,6.54,8,,1.0,0,2,2
4409,56,3,1,6.54,61,,,0,3,3
11561,68,3,1,6.54,540,,,6,0,6
10351,63,3,1,6.53,934,6.0,2.0,8,13,21
8662,53,3,1,6.53,2970,,,33,0,33
3924,68,3,1,6.53,1487,6.0,4.0,16,14,30
2389,69,3,1,6.53,2325,,,28,0,28
7867,55,3,1,6.52,1043,,2.0,11,8,19
12738,58,3,1,6.52,1426,4.0,1.0,19,8,27
13282,71,3,1,6.52,318,4.0,,0,14,14
13608,67,3,1,6.52,509,,,5,1,6
12941,66,3,1,6.52,1690,2.0,2.0,19,7,26
13456,56,3,1,6.51,584,,,7,3,10
11073,74,3,1,6.51,1480,5.0,1.0,15,18,33
1271,58,3,1,6.51,1289,1.0,1.0,14,10,24
2567,73,3,1,6.51,1902,1.0,1.0,23,3,26
10129,73,3,1,6.51,2265,1.0,1.0,25,4,29
7907,58,3,1,6.51,1460,1.0,,17,7,24
11430,72,3,1,6.5,1197,1.0,,13,3,16
8666,68,3,1,6.5,904,,,10,5,15
158,53,3,1,6.5,1290,5.0,3.0,16,13,29
8994,68,3,1,6.5,1557,1.0,1.0,17,14,31
10815,72,3,1,6.5,1298,,2.0,14,12,26
10963,53,3,1,6.5,1520,,1.0,17,7,24
8082,72,3,1,6.5,450,,,5,0,5
7592,59,3,1,6.49,252,,,3,2,5
13494,71,3,1,6.49,1295,3.0,3.0,16,11,27
1462,54,3,1,6.49,13,,,0,1,1
12980,69,3,1,6.49,1825,5.0,,21,11,32
12468,56,3,1,6.49,1574,,1.0,17,9,26
2616,67,3,1,6.49,2230,,,27,2,29
8251,65,3,1,6.49,2258,3.0,7.0,27,6,33
7173,74,3,1,6.48,1173,1.0,,11,12,23
6476,72,3,1,6.48,960,,2.0,11,5,16
6419,73,3,1,6.48,1858,3.0,3.0,21,11,32
8675,74,3,1,6.48,901,4.0,,10,6,16
1764,74,3,1,6.48,230,,1.0,3,2,5
6856,66,3,1,6.48,537,1.0,2.0,7,4,11
1535,52,3,1,6.48,1446,,3.0,18,0,18
6174,65,3,1,6.48,858,2.0,2.0,6,17,23
6662,67,3,1,6.47,2215,,,25,3,28
10450,71,3,1,6.47,1409,2.0,2.0,17,0,17
9786,66,3,1,6.47,662,,,7,2,9
13548,69,3,1,6.47,444,1.0,1.0,6,3,9
3618,55,3,1,6.47,798,,,8,3,11
939,68,3,1,6.47,1430,2.0,1.0,15,16,31
11465,63,3,1,6.47,1663,1.0,1.0,17,9,26
1928,65,3,1,6.46,2431,1.0,,30,1,31
1538,52,3,1,6.46,1972,5.0,1.0,24,6,30
7579,52,3,1,6.45,347,1.0,1.0,3,10,13
9372,62,3,1,6.45,2408,,2.0,29,2,31
4896,71,3,1,6.45,753,,2.0,9,2,11
5531,62,3,1,6.45,70,1.0,,0,2,2
7123,71,3,1,6.44,1477,2.0,2.0,16,7,23
4590,67,3,1,6.44,1409,1.0,,16,7,23
1325,56,3,1,6.44,807,2.0,1.0,7,12,19
12660,53,3,1,6.44,917,4.0,1.0,8,15,23
7692,58,3,1,6.44,2970,,,33,0,33
7782,59,3,1,6.43,1977,,2.0,23,4,27
7699,63,3,1,6.43,1781,,,22,0,22
9936,69,3,1,6.43,875,,3.0,10,5,15
5395,69,3,1,6.42,1868,,,22,0,22
4594,62,3,1,6.42,787,1.0,,11,5,16
14195,62,3,1,6.42,1421,2.0,,15,8,23
4039,71,3,1,6.42,885,,1.0,9,14,23
13269,55,3,1,6.42,1730,3.0,2.0,21,4,25
5512,52,3,1,6.42,1605,,2.0,19,3,22
11323,62,3,1,6.42,90,,,1,0,1
10416,53,3,1,6.42,970,4.0,1.0,9,16,25
2235,53,3,1,6.42,609,,1.0,7,7,14
6432,69,3,1,6.42,681,,,9,2,11
2327,52,3,1,6.42,965,,,12,1,13
9122,66,3,1,6.42,1318,10.0,,16,12,28
2441,53,3,1,6.41,493,1.0,,4,6,10
4898,72,3,1,6.41,499,,,6,5,11
14564,68,3,1,6.41,400,2.0,1.0,3,16,19
8756,52,3,1,6.41,1840,,,20,8,28
3604,69,3,1,6.41,1370,4.0,3.0,16,11,27
704,66,3,1,6.41,1134,,,14,5,19
11442,72,3,1,6.41,677,1.0,3.0,4,16,20
13603,69,3,1,6.41,835,,3.0,8,10,18
3706,69,3,1,6.41,239,,,3,3,6
7654,68,3,1,6.41,1371,2.0,2.0,16,14,30
10836,65,3,1,6.41,592,,,6,1,7
4488,62,3,1,6.39,1733,,,21,1,22
3868,52,3,1,6.39,2536,,,30,1,31
11015,62,3,1,6.39,2970,,,33,0,33
3056,66,3,1,6.39,1238,,2.0,14,9,23
9360,67,3,1,6.39,1244,1.0,,13,10,23
8802,58,3,1,6.39,1309,,,15,3,18
7897,65,3,1,6.38,274,,,3,3,6
10151,53,3,1,6.38,1657,3.0,2.0,19,9,28
5489,68,3,1,6.38,182,1.0,,2,5,7
1049,72,3,1,6.38,864,,,10,6,16
13100,63,3,1,6.38,1288,1.0,,14,5,19
7672,74,3,1,6.38,515,1.0,3.0,1,21,22
641,69,3,1,6.38,2357,,,26,3,29
1261,63,3,1,6.37,700,1.0,1.0,7,14,21
12104,52,3,1,6.37,2021,1.0,2.0,23,6,29
10846,71,3,1,6.37,472,,,5,4,9
14373,54,3,1,6.37,1710,,,19,0,19
12281,73,3,1,6.37,1521,1.0,3.0,15,12,27
8912,59,3,1,6.37,641,1.0,,8,7,15
4567,69,3,1,6.37,511,,,5,3,8
10782,52,3,1,6.36,478,,,5,6,11
11324,71,3,1,6.36,327,,1.0,3,9,12
9519,54,3,1,6.36,399,5.0,,1,21,22
8430,67,3,1,6.35,700,1.0,3.0,7,13,20
724,69,3,1,6.35,2034,,,22,1,23
12737,69,3,1,6.35,619,2.0,3.0,5,14,19
13616,62,3,1,6.35,681,,1.0,10,1,11
7160,54,3,1,6.35,573,,,4,10,14
2774,55,3,1,6.34,1485,,,17,2,19
7778,74,3,1,6.34,501,,,5,5,10
12797,69,3,1,6.34,696,1.0,,8,1,9
2841,53,3,1,6.34,342,,2.0,4,8,12
12740,63,3,1,6.34,790,,1.0,6,16,22
7681,59,3,1,6.33,175,1.0,,1,7,8
7151,74,3,1,6.33,271,,1.0,3,3,6
4959,55,3,1,6.33,934,1.0,1.0,8,15,23
7583,69,3,1,6.33,971,1.0,2.0,10,11,21
9378,65,3,1,6.33,3060,,,34,0,34
9816,52,3,1,6.33,1845,,1.0,20,7,27
6496,62,3,1,6.33,825,4.0,,8,10,18
4775,52,3,1,6.33,922,2.0,1.0,8,12,20
11943,52,3,1,6.32,93,,,1,2,3
6355,62,3,1,6.32,1046,,,10,11,21
5890,62,3,1,6.32,993,,,12,6,18
11838,52,3,1,6.32,177,,,2,1,3
10901,59,3,1,6.32,419,,1.0,3,15,18
7620,59,3,1,6.32,12,,,0,2,2
5659,73,3,1,6.31,1588,,,18,13,31
3248,62,3,1,6.31,276,1.0,1.0,3,10,13
9883,69,3,1,6.31,560,,,3,13,16
8067,73,3,1,6.31,456,1.0,,2,19,21
4564,65,3,1,6.3,394,1.0,,4,7,11
9347,62,3,1,6.3,948,1.0,,11,6,17
13463,69,3,1,6.3,902,,1.0,10,7,17
3317,65,3,1,6.3,782,4.0,1.0,7,17,24
4202,71,3,1,6.3,1350,,,15,0,15
3139,52,3,1,6.3,161,1.0,,0,7,7
9910,59,3,1,6.3,54,,1.0,0,3,3
9754,74,3,1,6.3,270,,,2,3,5
12414,54,3,1,6.29,561,,,3,21,24
7806,65,3,1,6.29,1072,,1.0,8,21,29
4523,63,3,1,6.29,512,,,6,7,13
11766,58,3,1,6.29,1062,2.0,2.0,10,22,32
9841,73,3,1,6.29,438,1.0,,3,12,15
13124,67,3,1,6.29,820,,,9,8,17
3007,59,3,1,6.29,564,2.0,,7,5,12
3489,65,3,1,6.29,38,,,0,2,2
13655,56,3,1,6.29,24,,,0,2,2
14393,59,3,1,6.28,678,,2.0,8,14,22
11449,53,3,1,6.28,80,1.0,,1,3,4
13471,56,3,1,6.28,455,,,2,12,14
13234,72,3,1,6.28,480,3.0,1.0,2,19,21
11446,54,3,1,6.28,23,,,0,2,2
1694,66,3,1,6.27,571,,1.0,3,20,23
10301,72,3,1,6.27,827,1.0,1.0,8,16,24
6964,55,3,1,6.27,750,,,8,12,20
3103,71,3,1,6.27,26,,,0,1,1
13981,62,3,1,6.27,7,,,0,1,1
11476,58,3,1,6.27,167,,,0,7,7
12003,52,3,1,6.27,639,,,7,6,13
10551,66,3,1,6.26,94,2.0,,0,9,9
12664,65,3,1,6.26,634,1.0,2.0,4,20,24
4113,63,3,1,6.26,258,,,0,9,9
11638,55,3,1,6.25,371,1.0,,3,9,12
11012,73,3,1,6.25,255,2.0,,1,14,15
5302,67,3,1,6.25,441,1.0,1.0,4,14,18
303,62,3,1,6.25,1423,,1.0,14,6,20
8240,71,3,1,6.24,235,,,2,8,10
1254,66,3,1,6.24,520,,1.0,5,11,16
2934,52,3,1,6.24,285,1.0,,2,11,13
13975,55,3,1,6.23,622,,,7,8,15
2838,54,3,1,6.23,131,,,1,3,4
8406,65,3,1,6.23,1123,1.0,,13,3,16
11375,55,3,1,6.23,1024,,,11,12,23
12983,55,3,1,6.23,1463,3.0,2.0,19,8,27
10485,67,3,1,6.23,692,1.0,,7,13,20
11100,65,3,1,6.22,694,,,9,4,13
7538,63,3,1,6.22,398,1.0,,4,9,13
7568,69,3,1,6.22,19,,,0,1,1
5906,55,3,1,6.22,146,,,2,2,4
4585,71,3,1,6.21,1710,,,19,0,19
10278,55,3,1,6.21,204,2.0,,0,11,11
8457,74,3,1,6.21,515,4.0,,4,14,18
12463,55,3,1,6.21,1132,,,12,8,20
6138,72,3,1,6.21,248,1.0,1.0,0,16,16
5949,63,3,1,6.2,323,1.0,,3,9,12
14282,59,3,1,6.2,641,1.0,1.0,4,22,26
5494,59,3,1,6.2,15,,,0,2,2
13621,63,3,1,6.19,311,,,3,8,11
8463,58,3,1,6.19,317,1.0,,2,18,20
13861,63,3,1,6.19,268,,,2,6,8
9842,74,3,1,6.19,115,,,1,2,3
10812,66,3,1,6.19,92,,,0,3,3
11565,62,3,1,6.17,204,,,2,3,5
5732,52,3,1,6.17,310,1.0,,0,10,10
8440,71,3,1,6.17,692,,,6,13,19
7290,52,3,1,6.17,547,,,3,13,16
1424,56,3,1,6.17,12,,,0,1,1
7804,65,3,1,6.17,62,,,1,0,1
3370,62,3,1,6.16,280,1.0,,2,8,10
3065,69,3,1,6.16,845,,1.0,8,12,20
3769,63,3,1,6.16,86,,,1,3,4
3394,63,3,1,6.14,34,,,1,1,2
13428,63,3,1,6.14,299,,,4,2,6
13582,53,3,1,6.14,186,,,1,10,11
12946,55,3,1,6.13,233,,,0,16,16
13531,65,3,1,6.13,120,,,0,12,12
6926,69,3,1,6.13,464,,,5,6,11
14579,67,3,1,6.13,25,,,0,3,3
10671,74,3,1,6.12,98,,,0,5,5
10127,72,3,1,6.12,195,1.0,,0,13,13
4312,58,3,1,6.12,173,,1.0,0,15,15
7230,71,3,1,6.12,412,1.0,,3,13,16
4550,69,3,1,6.11,408,1.0,,4,5,9
13569,69,3,1,6.11,25,,,0,1,1
13752,67,3,1,6.11,98,,,1,7,8
8097,69,3,1,6.11,356,,,3,4,7
9489,65,3,1,6.1,476,,,6,8,14
1624,74,3,1,6.1,7,,,0,1,1
10852,59,3,1,6.1,257,1.0,,0,27,27
12025,52,3,1,6.09,95,,,1,3,4
7711,62,3,1,6.09,463,,,5,11,16
11133,67,3,1,6.08,7,,,0,2,2
4245,73,3,1,6.08,66,,,1,2,3
10896,52,3,1,6.08,18,,,0,2,2
8011,71,3,1,6.07,5,,,0,1,1
3299,66,3,1,6.06,237,,1.0,0,13,13
13549,72,3,1,6.06,51,,,0,3,3
1187,53,3,1,6.06,90,,,1,0,1
9235,65,3,1,6.06,45,,,1,3,4
9257,66,3,1,6.05,67,,,0,6,6
4538,63,3,1,6.05,162,,,0,8,8
11367,67,3,1,6.04,151,1.0,,0,21,21
10665,73,3,1,6.04,67,,,0,7,7
10383,62,3,1,6.04,94,,,1,2,3
10503,52,3,1,6.04,32,,,0,2,2
12921,69,3,1,6.04,25,,,1,1,2
10355,63,3,1,6.04,157,,,1,5,6
14117,62,3,1,6.03,29,,,0,3,3
4056,73,3,1,6.02,215,,,0,17,17
13578,58,3,1,6.02,84,,,0,6,6
3677,74,3,1,6.02,10,,,0,1,1
12782,67,3,1,6.02,7,,,0,3,3
6479,74,3,1,6.01,19,,,0,4,4
9063,56,3,1,6.01,10,,,0,1,1
7613,69,3,1,6.01,60,,,0,3,3
7495,53,3,1,6.01,80,,,1,7,8
7401,65,3,1,6.01,15,,,0,2,2
35,52,3,1,6.0,1,,,0,1,1
1690,53,3,1,6.0,1,,,0,1,1
3472,73,3,1,6.0,1,,,0,1,1
7143,63,3,1,6.0,1,,,0,1,1
7301,62,3,1,6.0,1,,,0,1,1
10882,53,3,1,6.0,1,,,0,1,1
12194,67,3,1,6.0,2,,,0,1,1
12629,68,3,1,6.0,1,,,0,1,1
8680,52,3,1,5.99,140,,,0,7,7
2066,54,3,1,5.99,2,,,0,1,1
2092,66,3,1,5.99,2,,,0,2,2
3096,58,3,1,5.98,20,,,0,1,1
7795,59,3,1,5.98,7,,,0,1,1
9006,58,3,1,5.98,3,,,0,1,1
6883,59,3,1,5.97,38,,,0,3,3
12125,59,3,1,5.97,36,,,0,4,4
6692,53,3,1,5.96,3,,,0,1,1
13754,62,3,1,5.95,19,,,0,1,1
13438,71,3,1,5.95,71,,,1,3,4
4475,58,3,1,5.93,74,,,1,0,1
866,71,3,1,5.92,5,,,0,1,1
1141,69,3,1,5.91,45,,,0,1,1
7415,56,3,1,5.91,21,,,0,1,1
4391,73,3,1,5.91,48,,,0,3,3
13535,55,3,1,5.89,193,,,2,2,4
6350,73,3,1,5.89,5,,,0,2,2
734,68,3,1,5.87,5,,,0,1,1
4003,66,3,1,5.86,9,,,0,1,1
6193,55,3,1,5.84,59,,,1,1,2
13815,72,3,1,5.8,59,,,1,0,1
13075,56,3,1,5.12,45,,,0,1,1
8659,74,3,1,5.08,16,,,0,1,1
13141,63,3,1,4.88,19,,,1,0,1
5342,54,3,2,7.82,2844,36.0,8.0,32,0,32
12886,71,3,2,7.73,2214,28.0,2.0,25,3,28
8175,54,3,2,7.68,2142,8.0,11.0,25,2,27
6067,54,3,2,7.65,1767,10.0,6.0,20,4,24
472,53,3,2,7.58,2787,10.0,13.0,31,2,33
14308,68,3,2,7.58,2675,8.0,11.0,32,0,32
4611,53,3,2,7.5,2384,11.0,11.0,26,6,32
13998,53,3,2,7.49,1554,14.0,8.0,18,5,23
10418,66,3,2,7.47,1319,1.0,4.0,15,0,15
3338,71,3,2,7.45,2100,18.0,9.0,23,7,30
4203,71,3,2,7.38,360,,,4,0,4
9416,53,3,2,7.33,90,,,1,0,1
4186,53,3,2,7.32,1841,4.0,5.0,21,3,24
10781,61,3,2,7.32,2625,8.0,11.0,31,0,31
8293,68,3,2,7.32,2716,24.0,7.0,33,1,34
9835,71,3,2,7.28,2106,2.0,4.0,23,8,31
3197,68,3,2,7.2,2745,2.0,8.0,31,0,31
7687,55,3,2,7.19,2679,7.0,9.0,32,0,32
2901,68,3,2,7.17,1455,4.0,5.0,17,4,21
1163,63,3,2,7.17,2207,15.0,6.0,25,5,30
2524,71,3,2,7.15,2595,8.0,7.0,33,1,34
877,54,3,2,7.13,2067,2.0,5.0,24,5,29
7797,54,3,2,7.13,1123,3.0,3.0,15,2,17
5165,53,3,2,7.13,2828,3.0,,32,1,33
7136,54,3,2,7.13,2186,1.0,6.0,27,1,28
11071,58,3,2,7.11,2311,12.0,6.0,27,2,29
6823,53,3,2,7.11,2215,5.0,7.0,26,6,32
7811,56,3,2,7.1,104,,1.0,1,1,2
3635,56,3,2,7.1,1786,13.0,1.0,21,6,27
6411,58,3,2,7.1,180,,1.0,2,0,2
10128,72,3,2,7.09,14,1.0,,0,1,1
8127,54,3,2,7.08,2243,6.0,7.0,25,5,30
725,72,3,2,7.08,90,,,1,0,1
6446,53,3,2,7.08,2265,9.0,7.0,27,4,31
13526,61,3,2,7.06,2877,12.0,3.0,33,0,33
940,68,3,2,7.06,1537,2.0,1.0,19,2,21
1355,63,3,2,7.05,2326,2.0,3.0,26,5,31
1358,66,3,2,7.05,171,,,2,0,2
6007,56,3,2,7.05,954,2.0,2.0,11,3,14
1263,71,3,2,7.04,2697,1.0,5.0,30,1,31
12796,66,3,2,7.04,2839,3.0,,31,2,33
7292,56,3,2,7.03,2232,7.0,11.0,26,6,32
7790,54,3,2,7.03,1971,1.0,1.0,22,3,25
10158,73,3,2,7.01,2639,3.0,7.0,30,0,30
5519,56,3,2,7.01,1271,2.0,2.0,15,1,16
4706,67,3,2,7.0,2359,3.0,9.0,28,4,32
11373,61,3,2,7.0,3060,2.0,,34,0,34
10637,56,3,2,6.99,2861,2.0,1.0,32,1,33
6847,74,3,2,6.98,2662,11.0,7.0,31,3,34
1893,68,3,2,6.98,2532,1.0,5.0,28,5,33
4110,52,3,2,6.98,2881,15.0,9.0,33,0,33
9821,63,3,2,6.98,2434,16.0,1.0,29,4,33
9354,73,3,2,6.96,2713,12.0,9.0,32,1,33
6886,53,3,2,6.96,2633,4.0,1.0,30,1,31
14132,71,3,2,6.96,2888,,3.0,32,1,33
10609,56,3,2,6.96,2225,12.0,8.0,27,2,29
7159,53,3,2,6.94,1257,3.0,1.0,13,7,20
4040,71,3,2,6.94,2256,5.0,4.0,27,4,31
12086,59,3,2,6.93,2255,7.0,2.0,26,4,30
14301,68,3,2,6.93,2482,,5.0,29,0,29
11008,63,3,2,6.92,3060,,1.0,34,0,34
1560,53,3,2,6.92,184,,2.0,2,2,4
14061,59,3,2,6.92,2347,8.0,8.0,29,3,32
10964,53,3,2,6.92,1813,1.0,,21,1,22
10942,54,3,2,6.9,1198,,3.0,15,4,19
1950,55,3,2,6.9,2926,1.0,,33,0,33
9048,73,3,2,6.9,2199,1.0,,25,0,25
12154,72,3,2,6.9,2300,6.0,3.0,27,3,30
7619,55,3,2,6.89,2184,5.0,1.0,24,3,27
2867,71,3,2,6.89,1453,1.0,,16,3,19
3987,56,3,2,6.88,1956,2.0,2.0,22,3,25
9068,56,3,2,6.88,1612,6.0,6.0,18,8,26
12100,53,3,2,6.88,1683,4.0,2.0,18,10,28
13561,65,3,2,6.88,2779,,,31,0,31
6381,65,3,2,6.88,2708,,,32,0,32
9001,56,3,2,6.87,1966,4.0,3.0,23,2,25
14291,63,3,2,6.87,1987,7.0,3.0,24,4,28
13461,54,3,2,6.86,1660,5.0,9.0,20,11,31
1631,71,3,2,6.86,2630,,4.0,31,2,33
14221,68,3,2,6.86,1583,,,18,1,19
1425,56,3,2,6.86,116,,,1,1,2
9969,73,3,2,6.85,2430,,,27,0,27
11562,68,3,2,6.85,1170,,,13,0,13
5431,71,3,2,6.85,2232,,2.0,25,1,26
9769,67,3,2,6.84,2070,2.0,3.0,24,1,25
9557,56,3,2,6.84,1583,3.0,,20,5,25
5181,56,3,2,6.84,2366,,,27,0,27
5392,56,3,2,6.84,45,,,0,1,1
1914,68,3,2,6.83,1532,14.0,2.0,17,14,31
12801,54,3,2,6.83,433,3.0,1.0,5,5,10
8045,66,3,2,6.83,2607,4.0,1.0,29,2,31
383,67,3,2,6.82,1914,7.0,4.0,24,3,27
2093,66,3,2,6.82,1652,4.0,3.0,19,9,28
11606,52,3,2,6.81,2406,8.0,4.0,31,3,34
4569,63,3,2,6.81,2297,1.0,6.0,25,5,30
7629,72,3,2,6.81,1266,4.0,,14,4,18
10212,68,3,2,6.79,2140,2.0,3.0,23,9,32
7904,52,3,2,6.79,1056,2.0,1.0,13,1,14
12162,67,3,2,6.78,1348,10.0,2.0,14,15,29
4767,72,3,2,6.78,2970,,,33,0,33
11466,63,3,2,6.78,2421,3.0,4.0,28,1,29
8663,53,3,2,6.78,2970,,,33,0,33
2924,66,3,2,6.78,360,,,4,0,4
982,53,3,2,6.78,892,4.0,4.0,8,15,23
7316,56,3,2,6.78,1772,4.0,1.0,20,1,21
8500,59,3,2,6.78,2311,7.0,2.0,26,7,33
3729,53,3,2,6.78,2085,,1.0,23,5,28
7362,58,3,2,6.77,1972,5.0,3.0,25,6,31
9747,65,3,2,6.77,1757,1.0,,18,6,24
7325,67,3,2,6.77,2766,2.0,3.0,31,0,31
9940,59,3,2,6.77,1686,7.0,4.0,19,13,32
9813,74,3,2,6.76,2504,2.0,1.0,27,3,30
3858,58,3,2,6.76,2170,2.0,1.0,24,3,27
9520,54,3,2,6.76,1031,7.0,5.0,6,24,30
11389,53,3,2,6.76,1065,7.0,,12,8,20
10619,67,3,2,6.76,2485,2.0,1.0,28,2,30
11840,54,3,2,6.76,1194,3.0,,13,7,20
6420,73,3,2,6.75,2333,3.0,1.0,26,4,30
4057,61,3,2,6.75,2677,10.0,4.0,33,0,33
6857,66,3,2,6.75,1542,8.0,2.0,18,3,21
7856,54,3,2,6.75,1770,,3.0,18,11,29
8069,66,3,2,6.75,2128,6.0,3.0,24,5,29
11818,58,3,2,6.75,154,1.0,,2,0,2
11623,53,3,2,6.74,1484,1.0,2.0,16,10,26
5513,52,3,2,6.74,1625,1.0,1.0,18,5,23
14246,58,3,2,6.74,2970,,2.0,33,0,33
12195,67,3,2,6.74,2142,6.0,3.0,24,10,34
5471,58,3,2,6.74,719,4.0,2.0,7,7,14
499,54,3,2,6.73,1231,2.0,2.0,14,5,19
10288,67,3,2,6.73,2430,,,27,0,27
1011,73,3,2,6.73,591,,,7,0,7
13797,58,3,2,6.73,2608,1.0,2.0,30,0,30
4090,65,3,2,6.73,2464,1.0,1.0,29,1,30
3028,72,3,2,6.72,2160,2.0,,24,0,24
6840,67,3,2,6.72,630,,1.0,7,0,7
3051,55,3,2,6.71,351,,,3,2,5
9778,74,3,2,6.71,2365,4.0,1.0,27,1,28
12282,73,3,2,6.71,2617,4.0,6.0,30,3,33
4074,54,3,2,6.71,1167,,,13,2,15
11207,63,3,2,6.71,2293,4.0,1.0,28,0,28
8889,67,3,2,6.7,1567,1.0,,18,4,22
5872,55,3,2,6.7,1879,1.0,,21,3,24
6168,61,3,2,6.7,2002,2.0,2.0,23,3,26
7823,67,3,2,6.7,1599,3.0,,18,2,20
1295,66,3,2,6.7,2493,2.0,3.0,29,2,31
7669,61,3,2,6.7,3060,,,34,0,34
4411,52,3,2,6.69,2923,2.0,,33,0,33
6133,56,3,2,6.69,1060,1.0,4.0,14,11,25
4304,58,3,2,6.69,1924,2.0,4.0,21,7,28
10769,58,3,2,6.69,1304,3.0,2.0,13,16,29
10803,73,3,2,6.69,1086,2.0,,12,5,17
12670,58,3,2,6.69,329,,1.0,5,0,5
10698,59,3,2,6.68,2333,1.0,1.0,26,2,28
2588,61,3,2,6.68,7,,1.0,0,1,1
9665,54,3,2,6.68,1391,2.0,,16,6,22
11609,66,3,2,6.68,2004,1.0,2.0,23,0,23
12169,58,3,2,6.68,2740,2.0,,31,0,31
6567,74,3,2,6.68,2455,2.0,3.0,27,3,30
4776,52,3,2,6.68,1352,2.0,4.0,18,4,22
10611,73,3,2,6.68,180,,,2,0,2
7663,52,3,2,6.67,2049,,2.0,22,3,25
3252,65,3,2,6.67,1274,6.0,,16,3,19
6743,63,3,2,6.67,1541,2.0,,18,3,21
9653,59,3,2,6.67,1918,,2.0,22,1,23
6395,52,3,2,6.67,2595,1.0,,29,1,30
13547,57,3,2,6.65,2418,8.0,,29,1,30
8372,74,3,2,6.65,2121,5.0,5.0,25,7,32
5621,63,3,2,6.65,1631,7.0,5.0,16,16,32
717,71,3,2,6.64,2700,,,30,0,30
4576,65,3,2,6.64,2212,5.0,4.0,29,4,33
11811,56,3,2,6.64,1031,,,11,6,17
6947,67,3,2,6.64,1441,5.0,3.0,18,7,25
11582,55,3,2,6.64,1578,4.0,2.0,18,11,29
11588,59,3,2,6.63,1265,1.0,,14,1,15
1539,52,3,2,6.63,1000,2.0,4.0,10,12,22
9709,74,3,2,6.63,1727,1.0,3.0,20,5,25
13672,52,3,2,6.63,270,,,3,0,3
4208,57,3,2,6.63,1519,1.0,1.0,17,4,21
3510,72,3,2,6.63,2708,,,31,1,32
711,56,3,2,6.62,694,,,7,1,8
11325,71,3,2,6.62,1092,,5.0,14,9,23
3264,54,3,2,6.62,1765,1.0,,19,6,25
1318,55,3,2,6.62,2588,1.0,2.0,31,0,31
10495,53,3,2,6.62,811,5.0,2.0,8,16,24
14565,68,3,2,6.62,1213,5.0,2.0,12,16,28
10861,59,3,2,6.62,3060,,,34,0,34
9828,59,3,2,6.61,2919,1.0,1.0,33,0,33
8431,67,3,2,6.61,2233,,4.0,25,5,30
9364,57,3,2,6.61,1490,3.0,2.0,19,1,20
8671,59,3,2,6.61,1853,1.0,,22,4,26
10807,56,3,2,6.61,1510,1.0,,14,9,23
4591,67,3,2,6.61,1226,4.0,2.0,15,10,25
8932,55,3,2,6.61,2970,,,33,0,33
12184,66,3,2,6.6,2700,,,30,0,30
8439,57,3,2,6.6,1628,1.0,3.0,20,4,24
12248,59,3,2,6.6,1852,3.0,,22,5,27
4526,52,3,2,6.59,2790,,,31,0,31
9844,55,3,2,6.59,1070,3.0,1.0,13,8,21
9169,58,3,2,6.59,2077,3.0,2.0,23,7,30
12786,73,3,2,6.59,1795,,3.0,20,12,32
4403,56,3,2,6.59,1016,1.0,2.0,10,10,20
1050,72,3,2,6.58,1219,1.0,2.0,14,6,20
5191,63,3,2,6.58,2149,4.0,5.0,27,1,28
7416,73,3,2,6.58,1013,6.0,2.0,10,14,24
2370,68,3,2,6.57,2186,1.0,,24,8,32
4392,73,3,2,6.57,1623,,,19,5,24
1862,61,3,2,6.57,2027,1.0,1.0,24,0,24
2570,59,3,2,6.57,1067,1.0,2.0,13,2,15
10283,74,3,2,6.57,1747,,1.0,21,1,22
12942,66,3,2,6.57,1246,1.0,3.0,13,7,20
1309,73,3,2,6.56,2584,1.0,,30,1,31
12935,71,3,2,6.55,890,5.0,2.0,8,19,27
7625,63,3,2,6.55,1097,,,11,6,17
11376,55,3,2,6.55,1864,2.0,1.0,21,3,24
3611,66,3,2,6.55,2190,1.0,,27,4,31
1262,63,3,2,6.55,84,,,1,0,1
8080,61,3,2,6.55,2294,1.0,1.0,27,2,29
1137,66,3,2,6.55,996,1.0,,12,3,15
7156,72,3,2,6.55,1291,,2.0,14,7,21
12122,63,3,2,6.55,1265,3.0,4.0,14,11,25
7124,71,3,2,6.54,1183,2.0,2.0,12,6,18
6175,65,3,2,6.54,1590,1.0,,20,2,22
12167,72,3,2,6.54,1917,1.0,,20,4,24
11066,61,3,2,6.54,2478,,2.0,29,2,31
8458,65,3,2,6.54,1151,3.0,,14,8,22
9379,65,3,2,6.54,3060,,,34,0,34
9650,57,3,2,6.54,1810,1.0,2.0,21,3,24
6135,71,3,2,6.53,1523,4.0,4.0,17,17,34
1272,58,3,2,6.53,2122,7.0,2.0,24,7,31
7673,74,3,2,6.53,1430,3.0,,15,13,28
11767,73,3,2,6.53,992,4.0,,11,8,19
7693,58,3,2,6.53,2880,,,32,0,32
12376,52,3,2,6.53,1977,4.0,4.0,25,6,31
9370,61,3,2,6.52,1523,3.0,3.0,18,13,31
10130,73,3,2,6.52,1921,2.0,1.0,21,2,23
9004,57,3,2,6.51,2790,,,31,0,31
8926,54,3,2,6.51,2054,,,23,0,23
8757,52,3,2,6.51,1784,1.0,1.0,19,8,27
13457,56,3,2,6.51,588,,,7,1,8
14394,59,3,2,6.51,921,1.0,,11,4,15
9911,59,3,2,6.51,1487,2.0,3.0,17,7,24
3724,66,3,2,6.5,1284,,2.0,13,8,21
4068,54,3,2,6.5,704,2.0,2.0,7,20,27
14492,72,3,2,6.5,595,3.0,2.0,7,6,13
7783,59,3,2,6.5,1805,,1.0,20,7,27
9787,66,3,2,6.5,377,,,4,3,7
7172,66,3,2,6.49,409,,1.0,5,6,11
2638,72,3,2,6.49,1653,,2.0,19,7,26
7630,74,3,2,6.49,616,1.0,1.0,7,6,13
14385,74,3,2,6.49,1636,2.0,1.0,18,7,25
12079,74,3,2,6.49,2014,1.0,,22,11,33
3152,72,3,2,6.49,687,1.0,,8,4,12
7832,74,3,2,6.48,2250,,,25,0,25
6191,68,3,2,6.48,1890,,,21,0,21
7700,63,3,2,6.48,1319,,,14,2,16
8545,72,3,2,6.48,1578,,,18,5,23
5479,58,3,2,6.47,1886,2.0,1.0,21,8,29
13028,73,3,2,6.47,121,1.0,,1,5,6
10606,73,3,2,6.47,1182,2.0,,12,18,30
5130,55,3,2,6.47,646,3.0,1.0,6,13,19
4407,55,3,2,6.46,967,2.0,2.0,13,2,15
7304,57,3,2,6.46,1024,2.0,2.0,11,3,14
2610,68,3,2,6.46,1152,5.0,1.0,11,21,32
13602,57,3,2,6.46,1351,3.0,2.0,15,9,24
8141,73,3,2,6.45,1585,1.0,2.0,19,10,29
8913,59,3,2,6.45,2048,1.0,,23,4,27
11039,73,3,2,6.45,1359,2.0,1.0,14,15,29
12726,74,3,2,6.45,1432,,,16,4,20
10486,67,3,2,6.45,1384,5.0,2.0,14,18,32
9433,56,3,2,6.45,111,,,2,1,3
1653,58,3,2,6.44,1748,1.0,1.0,20,10,30
3296,65,3,2,6.44,2057,,2.0,24,2,26
11592,58,3,2,6.44,1360,1.0,2.0,17,6,23
13567,68,3,2,6.44,204,2.0,,2,6,8
6818,61,3,2,6.43,2790,,,32,1,33
9201,63,3,2,6.43,1350,1.0,4.0,15,15,30
7499,66,3,2,6.43,1498,1.0,3.0,17,7,24
6663,67,3,2,6.43,2238,1.0,4.0,25,6,31
12469,56,3,2,6.43,1180,,,13,10,23
1536,52,3,2,6.42,1400,3.0,2.0,13,19,32
3869,52,3,2,6.42,1995,2.0,,24,1,25
11828,72,3,2,6.42,1350,,,18,2,20
8667,68,3,2,6.41,1432,1.0,,16,9,25
14539,56,3,2,6.41,615,5.0,,4,16,20
7655,68,3,2,6.41,1361,1.0,,14,12,26
2618,57,3,2,6.41,1214,,,12,7,19
6185,72,3,2,6.41,1224,1.0,1.0,14,7,21
1329,71,3,2,6.41,1009,,2.0,11,11,22
4206,57,3,2,6.41,1847,,2.0,23,0,23
9915,52,3,2,6.41,118,1.0,,1,3,4
3621,65,3,2,6.4,566,,,6,6,12
1625,74,3,2,6.4,1143,,,12,12,24
2131,72,3,2,6.4,1267,2.0,2.0,14,16,30
2678,57,3,2,6.4,755,,,9,5,14
13270,55,3,2,6.4,2005,6.0,1.0,26,3,29
9361,67,3,2,6.4,1563,,,17,7,24
7492,56,3,2,6.4,915,3.0,1.0,10,11,21
3958,57,3,2,6.4,1783,,,18,9,27
9899,52,3,2,6.4,124,,,2,0,2
1857,72,3,2,6.39,1283,5.0,,15,13,28
8676,74,3,2,6.39,39,1.0,,0,3,3
14283,71,3,2,6.39,621,2.0,3.0,5,21,26
243,61,3,2,6.38,975,1.0,1.0,11,12,23
13641,66,3,2,6.38,1342,1.0,2.0,13,16,29
6967,59,3,2,6.38,1021,,,10,10,20
13236,54,3,2,6.38,990,,,11,0,11
8167,71,3,2,6.38,589,1.0,,6,9,15
11159,57,3,2,6.38,1375,4.0,1.0,16,10,26
2398,74,3,2,6.38,1635,,,18,5,23
5089,56,3,2,6.38,272,,,1,10,11
13125,67,3,2,6.38,751,,1.0,8,7,15
12243,74,3,2,6.37,907,1.0,,10,3,13
10783,52,3,2,6.37,1390,,,16,5,21
13173,65,3,2,6.37,717,3.0,,6,19,25
11383,74,3,2,6.37,597,2.0,,8,6,14
13912,74,3,2,6.37,925,4.0,,12,10,22
7683,61,3,2,6.37,1002,3.0,,7,23,30
7307,73,3,2,6.36,602,1.0,,6,5,11
3165,63,3,2,6.36,491,,1.0,4,9,13
2190,54,3,2,6.36,179,,,1,6,7
2622,55,3,2,6.36,1214,2.0,2.0,11,14,25
3925,68,3,2,6.36,462,2.0,1.0,5,9,14
6555,73,3,2,6.36,630,,,7,0,7
7703,72,3,2,6.36,1354,3.0,4.0,17,9,26
4246,67,3,2,6.36,149,,,1,6,7
8062,65,3,2,6.35,1074,,,11,6,17
10936,61,3,2,6.35,1258,,1.0,14,11,25
13862,63,3,2,6.35,1017,,2.0,12,8,20
10902,59,3,2,6.35,745,1.0,2.0,6,18,24
3057,66,3,2,6.35,827,,1.0,9,10,19
2034,53,3,2,6.35,252,,,2,5,7
13101,63,3,2,6.34,637,,,7,4,11
4744,54,3,2,6.34,53,,,0,4,4
12665,65,3,2,6.33,798,1.0,2.0,8,12,20
11348,52,3,2,6.33,509,,1.0,4,7,11
13669,67,3,2,6.33,892,4.0,1.0,7,14,21
2775,55,3,2,6.33,1187,,1.0,12,10,22
9817,52,3,2,6.33,807,1.0,,9,5,14
7701,72,3,2,6.33,1326,,,16,0,16
13516,63,3,2,6.33,573,,,6,2,8
8562,66,3,2,6.32,1357,2.0,,15,11,26
329,72,3,2,6.32,1067,,3.0,10,13,23
159,53,3,2,6.32,451,2.0,3.0,5,18,23
30,57,3,2,6.32,615,1.0,,5,11,16
8252,65,3,2,6.31,1906,1.0,3.0,21,10,31
12908,72,3,2,6.31,649,,1.0,7,4,11
10718,68,3,2,6.31,708,,2.0,6,15,21
1929,65,3,2,6.31,1155,,1.0,13,9,22
13545,61,3,2,6.31,910,,,10,4,14
3628,58,3,2,6.3,359,,,4,4,8
2067,54,3,2,6.3,106,,,1,1,2
6196,57,3,2,6.3,1133,,,12,4,16
13536,55,3,2,6.3,712,,,8,8,16
2613,57,3,2,6.3,2358,2.0,2.0,28,2,30
12736,57,3,2,6.3,446,,1.0,4,5,9
9215,56,3,2,6.29,1163,,1.0,12,10,22
4315,65,3,2,6.29,1287,4.0,,14,12,26
10672,74,3,2,6.29,277,,,3,3,6
7818,57,3,2,6.29,1367,,,17,5,22
3318,65,3,2,6.29,1627,,3.0,18,8,26
12439,54,3,2,6.29,109,,,1,1,2
11858,65,3,2,6.29,1662,,,18,5,23
13496,74,3,2,6.29,1031,1.0,1.0,11,15,26
10279,55,3,2,6.29,1244,2.0,2.0,14,12,26
13622,63,3,2,6.28,172,,2.0,1,12,13
5449,58,3,2,6.28,344,1.0,,3,8,11
4061,55,3,2,6.28,2218,,,24,5,29
6477,72,3,2,6.28,744,,1.0,8,15,23
10666,73,3,2,6.28,76,,,1,1,2
12759,56,3,2,6.27,389,,1.0,5,9,14
10883,53,3,2,6.27,14,,1.0,0,3,3
642,72,3,2,6.27,1366,,,13,11,24
9717,55,3,2,6.27,1669,1.0,1.0,20,4,24
7908,58,3,2,6.26,198,,,1,3,4
13111,66,3,2,6.26,669,,,8,2,10
9070,66,3,2,6.26,713,1.0,,7,13,20
2568,73,3,2,6.26,792,,1.0,8,12,20
852,72,3,2,6.26,27,,,0,2,2
11462,74,3,2,6.25,810,,,9,0,9
10408,58,3,2,6.25,68,1.0,,0,8,8
10818,61,3,2,6.25,648,3.0,1.0,5,16,21
11580,55,3,2,6.25,379,,,3,10,13
7779,74,3,2,6.25,293,,,4,2,6
9262,61,3,2,6.25,592,,,5,11,16
10856,58,3,2,6.24,90,,,1,1,2
11431,72,3,2,6.23,230,,,2,4,6
2627,58,3,2,6.23,10,,,0,1,1
12105,52,3,2,6.23,478,,,6,7,13
2851,65,3,2,6.23,175,2.0,,0,10,10
1440,66,3,2,6.23,51,,1.0,0,3,3
3843,68,3,2,6.23,257,,,2,12,14
8660,55,3,2,6.23,527,1.0,1.0,3,17,20
9236,65,3,2,6.22,370,,1.0,3,8,11
12594,71,3,2,6.22,6,,,0,1,1
1695,66,3,2,6.22,313,1.0,,1,12,13
13233,52,3,2,6.22,575,2.0,1.0,5,17,22
10100,72,3,2,6.22,481,1.0,,4,14,18
4241,68,3,2,6.21,158,,,1,8,9
9123,66,3,2,6.21,17,,,0,1,1
3515,52,3,2,6.21,565,2.0,,3,23,26
11477,58,3,2,6.2,96,,1.0,1,6,7
8796,71,3,2,6.2,217,1.0,,1,12,13
10880,55,3,2,6.2,340,,,2,8,10
9418,57,3,2,6.2,1705,1.0,,21,5,26
2522,72,3,2,6.2,141,1.0,,0,7,7
6944,72,3,2,6.2,26,,,0,1,1
13514,52,3,2,6.2,625,,,6,10,16
7402,65,3,2,6.2,166,,,1,6,7
5230,53,3,2,6.2,40,,,0,7,7
8407,65,3,2,6.19,633,,,6,7,13
6048,74,3,2,6.19,466,,2.0,4,13,17
8379,54,3,2,6.19,161,1.0,,1,4,5
5953,65,3,2,6.19,216,,,2,5,7
1144,57,3,2,6.18,344,,,2,9,11
8144,72,3,2,6.18,463,1.0,,6,1,7
4742,57,3,2,6.18,74,,,0,4,4
9389,52,3,2,6.18,30,,,0,2,2
13753,67,3,2,6.18,25,,,0,4,4
3328,61,3,2,6.18,435,,,3,18,21
4554,59,3,2,6.18,97,,,0,10,10
11518,52,3,2,6.17,276,,,0,11,11
6488,58,3,2,6.17,84,,,1,0,1
9838,59,3,2,6.17,311,1.0,,1,16,17
14580,67,3,2,6.16,16,,,0,3,3
10417,53,3,2,6.16,83,,,1,7,8
4596,61,3,2,6.16,316,,1.0,1,21,22
9476,57,3,2,6.16,1019,1.0,1.0,10,13,23
2629,68,3,2,6.16,44,,,0,5,5
4224,57,3,2,6.15,229,,,2,8,10
11368,67,3,2,6.15,79,,,0,8,8
10402,73,3,2,6.15,108,,,1,4,5
6351,58,3,2,6.14,172,,,1,7,8
3261,73,3,2,6.14,368,,,3,19,22
11000,56,3,2,6.14,52,,,0,2,2
4754,57,3,2,6.13,214,,,1,6,7
2617,67,3,2,6.13,241,,,2,13,15
6414,58,3,2,6.13,139,,,0,10,10
4524,63,3,2,6.13,596,,,5,17,22
12739,58,3,2,6.13,57,,,1,7,8
1743,63,3,2,6.12,43,,,0,7,7
13472,56,3,2,6.12,6,,,0,1,1
7593,59,3,2,6.12,64,,,0,5,5
1763,57,3,2,6.12,1233,,1.0,14,6,20
7328,56,3,2,6.11,10,,,0,2,2
12415,54,3,2,6.11,9,,,0,1,1
4961,57,3,2,6.11,388,,,2,8,10
9625,54,3,2,6.1,16,,,0,1,1
12547,56,3,2,6.1,46,,,0,2,2
3175,66,3,2,6.1,9,,,0,2,2
13154,61,3,2,6.08,142,,1.0,0,16,16
975,74,3,2,6.07,377,,,2,12,14
9756,63,3,2,6.07,11,,,0,1,1
13436,57,3,2,6.07,639,,,8,4,12
10552,66,3,2,6.07,122,,,1,4,5
12911,67,3,2,6.06,33,,,0,5,5
6494,58,3,2,6.06,271,,,2,13,15
9920,66,3,2,6.06,254,,,3,8,11
10504,52,3,2,6.06,4,,,0,1,1
1634,59,3,2,6.06,102,,,0,3,3
8241,71,3,2,6.05,103,,,1,4,5
3783,68,3,2,6.05,29,,,0,6,6
7176,71,3,2,6.05,26,,,0,5,5
1635,63,3,2,6.05,290,,,4,0,4
8132,73,3,2,6.04,16,,,0,3,3
5733,52,3,2,6.04,52,,,0,3,3
13579,58,3,2,6.03,16,,1.0,0,6,6
7353,59,3,2,6.03,93,,,0,15,15
4565,65,3,2,6.03,65,,,0,5,5
2115,57,3,2,6.03,173,,,3,1,4
8803,58,3,2,6.02,216,,,2,6,8
12137,71,3,2,6.01,80,,,0,5,5
8445,71,3,2,6.01,28,,,0,3,3
3812,58,3,2,6.01,25,,,0,4,4
9250,58,3,2,6.01,6,,,0,1,1
5171,67,3,2,6.0,42,,,0,9,9
2986,54,3,2,6.0,16,,,0,1,1
3395,63,3,2,6.0,1,,,0,1,1
6683,73,3,2,6.0,1,,,0,1,1
6878,68,3,2,6.0,1,,,0,1,1
6851,54,3,2,6.0,1,,,0,1,1
7837,74,3,2,6.0,2,,,0,2,2
8442,63,3,2,6.0,1,,,1,0,1
8797,52,3,2,6.0,1,,,0,1,1
10943,68,3,2,6.0,1,,,0,1,1
11595,65,3,2,6.0,1,,,1,0,1
13444,61,3,2,6.0,2,,,0,2,2
10291,55,3,2,6.0,275,,1.0,2,9,11
3678,74,3,2,6.0,33,,,0,4,4
4212,59,3,2,5.99,6,,,0,1,1
4897,71,3,2,5.99,25,,,0,2,2
9901,63,3,2,5.99,139,,,0,6,6
6497,66,3,2,5.99,182,,,2,5,7
3347,63,3,2,5.99,62,,,0,3,3
7535,63,3,2,5.98,4,,,0,1,1
7305,63,3,2,5.96,46,,,0,4,4
4485,57,3,2,5.95,148,,,0,6,6
9822,59,3,2,5.94,7,,,0,2,2
2043,71,3,2,5.94,44,,,0,2,2
4264,57,3,2,5.94,149,,,1,9,10
8685,67,3,2,5.88,44,,,0,4,4
1597,57,3,2,5.87,5,,,0,1,1
9490,65,3,2,5.84,108,,,0,6,6
5660,73,3,2,5.84,3,,,0,1,1
5756,73,3,2,5.84,25,,,0,3,3
1924,74,3,2,5.82,10,,,0,1,1
11013,73,3,2,5.78,31,,,0,1,1
12984,55,3,2,5.74,45,,,0,1,1
701,57,3,2,5.7,272,,,5,0,5
1143,55,3,2,5.12,90,,,1,0,1
11072,58,3,3,8.23,1454,15.0,9.0,17,0,17
9964,54,3,3,7.74,2348,12.0,15.0,28,6,34
5343,54,3,3,7.72,2391,26.0,8.0,28,3,31
6068,54,3,3,7.56,1807,12.0,2.0,21,4,25
4612,53,3,3,7.5,2357,10.0,12.0,25,6,31
7137,54,3,3,7.38,2847,3.0,6.0,32,1,33
13525,67,3,3,7.35,2744,16.0,7.0,31,0,31
14309,68,3,3,7.32,2157,10.0,7.0,25,0,25
5472,58,3,3,7.31,2582,15.0,8.0,31,2,33
12883,56,3,3,7.3,2601,21.0,2.0,29,1,30
9836,71,3,3,7.22,2476,1.0,7.0,28,3,31
3265,54,3,3,7.22,1763,2.0,,20,0,20
10419,66,3,3,7.2,2485,7.0,5.0,30,0,30
4707,67,3,3,7.2,1455,4.0,7.0,18,1,19
10213,68,3,3,7.14,55,,,1,0,1
13623,63,3,3,7.12,2567,5.0,2.0,30,1,31
12087,59,3,3,7.12,2876,10.0,7.0,33,1,34
10281,66,3,3,7.1,1602,,,18,1,19
13489,67,3,3,7.1,378,,,4,1,5
14222,68,3,3,7.08,2224,5.0,,25,0,25
878,54,3,3,7.08,1562,1.0,2.0,17,2,19
8176,54,3,3,7.07,1634,11.0,5.0,17,13,30
10508,58,3,3,7.06,1954,3.0,6.0,22,4,26
13112,66,3,3,7.06,1435,,1.0,15,3,18
14062,59,3,3,7.05,2454,8.0,11.0,31,3,34
3511,72,3,3,7.03,2548,1.0,2.0,29,1,30
473,53,3,3,7.02,2647,2.0,7.0,31,1,32
10223,74,3,3,7.01,2485,10.0,9.0,29,2,31
7798,54,3,3,7.0,1285,5.0,4.0,14,14,28
6421,73,3,3,6.99,2213,10.0,5.0,26,2,28
7791,54,3,3,6.98,2289,2.0,,27,0,27
12283,73,3,3,6.98,2846,5.0,4.0,32,0,32
9210,74,3,3,6.97,474,,,5,1,6
11864,58,3,3,6.97,2516,5.0,3.0,28,2,30
9355,73,3,3,6.97,2439,8.0,8.0,30,2,32
11374,61,3,3,6.97,3060,1.0,,34,0,34
12170,58,3,3,6.96,2589,3.0,,30,0,30
6858,66,3,3,6.96,2126,18.0,2.0,28,1,29
11390,53,3,3,6.96,1687,21.0,,19,12,31
14129,56,3,3,6.95,1948,2.0,2.0,22,4,26
3330,74,3,3,6.95,2462,2.0,,27,2,29
1356,63,3,3,6.95,2590,1.0,2.0,29,1,30
10620,67,3,3,6.94,2138,1.0,1.0,25,0,25
1264,71,3,3,6.94,2743,1.0,8.0,31,1,32
1296,66,3,3,6.94,2706,1.0,7.0,33,0,33
10289,67,3,3,6.94,1640,,,19,0,19
11841,54,3,3,6.93,1583,4.0,3.0,19,4,23
754,52,3,3,6.93,2125,9.0,2.0,25,3,28
3612,66,3,3,6.93,2306,2.0,,28,0,28
5166,53,3,3,6.93,2892,2.0,7.0,33,0,33
6134,56,3,3,6.92,1786,8.0,3.0,21,11,32
700,64,3,3,6.92,1271,7.0,2.0,15,4,19
1915,68,3,3,6.92,2399,13.0,5.0,30,3,33
4075,54,3,3,6.92,1461,2.0,1.0,16,5,21
7453,66,3,3,6.92,3044,,,34,0,34
2396,52,3,3,6.91,1228,,2.0,15,0,15
4527,52,3,3,6.91,1710,,,19,0,19
7546,58,3,3,6.91,765,,,8,1,9
7493,56,3,3,6.9,1441,7.0,6.0,17,8,25
11624,53,3,3,6.9,2670,2.0,2.0,28,4,32
2999,56,3,3,6.9,779,1.0,3.0,8,4,12
2545,52,3,3,6.9,2551,1.0,1.0,28,2,30
160,63,3,3,6.89,1876,8.0,3.0,22,5,27
3198,68,3,3,6.89,1790,1.0,5.0,22,1,23
11563,68,3,3,6.89,2633,,,30,0,30
9814,74,3,3,6.89,2359,3.0,5.0,27,1,28
12802,54,3,3,6.88,1236,7.0,5.0,13,14,27
12185,66,3,3,6.87,2880,,,32,0,32
11435,66,3,3,6.87,2349,10.0,4.0,26,5,31
12196,67,3,3,6.87,1842,2.0,1.0,21,6,27
8070,66,3,3,6.86,2665,7.0,6.0,31,2,33
10159,73,3,3,6.86,2870,5.0,8.0,32,0,32
3485,52,3,3,6.85,2655,1.0,4.0,31,0,31
9049,73,3,3,6.85,2165,,,25,1,26
10638,56,3,3,6.85,1984,,4.0,23,0,23
6887,53,3,3,6.84,2970,3.0,,33,0,33
10604,71,3,3,6.84,1621,12.0,2.0,17,11,28
4768,72,3,3,6.84,2520,,,28,0,28
500,54,3,3,6.84,1457,1.0,,18,3,21
13999,53,3,3,6.83,1011,8.0,1.0,12,7,19
3339,71,3,3,6.83,1729,9.0,3.0,20,7,27
10268,70,3,3,6.82,1817,6.0,2.0,21,4,25
11384,74,3,3,6.82,1782,3.0,4.0,22,7,29
13423,64,3,3,6.82,810,,,9,0,9
1583,58,3,3,6.82,2709,,,31,0,31
5939,70,3,3,6.82,2610,,6.0,29,0,29
11812,56,3,3,6.82,2026,1.0,6.0,23,8,31
1951,55,3,3,6.82,1736,,,19,2,21
7293,56,3,3,6.82,2319,5.0,10.0,28,2,30
7317,56,3,3,6.81,2272,2.0,3.0,27,2,29
6396,52,3,3,6.81,2945,1.0,4.0,33,0,33
1632,71,3,3,6.81,2627,2.0,4.0,31,1,32
8501,59,3,3,6.8,1870,6.0,4.0,21,10,31
8114,63,3,3,6.8,928,,,11,0,11
8128,54,3,3,6.8,1318,4.0,1.0,13,13,26
6379,71,3,3,6.8,2274,3.0,1.0,27,4,31
13798,58,3,3,6.8,2277,2.0,1.0,26,4,30
11583,55,3,3,6.79,2243,3.0,2.0,27,4,31
7824,67,3,3,6.79,2790,3.0,,31,0,31
6848,74,3,3,6.78,1972,9.0,3.0,21,10,31
10862,59,3,3,6.78,2308,,,26,0,26
11322,56,3,3,6.77,2339,,10.0,28,2,30
5873,55,3,3,6.77,1818,,,21,1,22
10838,70,3,3,6.77,2970,,,33,0,33
4404,56,3,3,6.77,1512,4.0,1.0,19,7,26
12080,74,3,3,6.76,1175,2.0,1.0,14,1,15
3183,74,3,3,6.76,194,,,2,1,3
4393,73,3,3,6.76,1763,3.0,,21,1,22
5563,55,3,3,6.75,2625,2.0,1.0,30,2,32
8108,61,3,3,6.75,1158,3.0,3.0,13,12,25
9202,63,3,3,6.75,1742,7.0,2.0,22,3,25
8672,59,3,3,6.75,1849,5.0,1.0,22,6,28
8294,68,3,3,6.75,2465,9.0,5.0,28,5,33
9718,55,3,3,6.75,2526,5.0,1.0,29,1,30
2371,68,3,3,6.75,1577,,,18,5,23
12076,68,3,3,6.74,1280,2.0,3.0,15,4,19
1164,63,3,3,6.74,2782,11.0,8.0,32,0,32
13237,54,3,3,6.74,90,,,1,0,1
6169,61,3,3,6.74,2690,4.0,3.0,32,1,33
12163,67,3,3,6.74,2189,4.0,7.0,27,6,33
9819,56,3,3,6.74,1592,8.0,5.0,17,12,29
9371,61,3,3,6.73,2224,7.0,3.0,26,5,31
1273,58,3,3,6.73,1604,4.0,5.0,18,12,30
6767,64,3,3,6.73,694,,1.0,9,2,11
9654,59,3,3,6.73,2560,2.0,1.0,28,4,32
4747,61,3,3,6.73,1225,1.0,2.0,15,1,16
7616,52,3,3,6.73,1298,3.0,1.0,15,3,18
1397,68,3,3,6.73,1557,3.0,3.0,16,9,25
9829,59,3,3,6.73,2855,2.0,,33,0,33
7529,70,3,3,6.73,900,,,10,0,10
4097,70,3,3,6.72,2829,1.0,1.0,32,0,32
5428,54,3,3,6.72,249,1.0,,3,3,6
2639,72,3,3,6.72,1746,,3.0,20,6,26
7860,74,3,3,6.71,2470,,2.0,28,2,30
384,67,3,3,6.71,1916,11.0,4.0,24,6,30
9417,53,3,3,6.7,450,,,5,0,5
7470,74,3,3,6.7,2586,,,29,0,29
10804,73,3,3,6.7,2113,,1.0,25,1,26
7161,54,3,3,6.7,873,,2.0,9,5,14
4570,63,3,3,6.69,605,,,8,0,8
4187,53,3,3,6.69,1149,1.0,6.0,11,13,24
12787,73,3,3,6.69,2747,,1.0,32,0,32
6447,53,3,3,6.69,2328,5.0,5.0,25,8,33
4041,71,3,3,6.68,1853,6.0,5.0,22,7,29
8168,71,3,3,6.68,857,1.0,2.0,11,1,12
6136,71,3,3,6.68,1678,2.0,2.0,22,5,27
9174,53,3,3,6.68,292,,,3,1,4
4111,71,3,3,6.68,1857,15.0,1.0,20,14,34
5394,63,3,3,6.68,28,,,0,1,1
7690,67,3,3,6.68,1547,3.0,4.0,16,15,31
1894,68,3,3,6.68,935,,2.0,10,5,15
2197,61,3,3,6.67,957,2.0,2.0,10,5,15
1159,72,3,3,6.67,946,7.0,,11,5,16
3029,72,3,3,6.67,3060,1.0,,34,0,34
11610,66,3,3,6.66,2620,1.0,4.0,32,0,32
7694,58,3,3,6.66,2296,,,26,0,26
11009,63,3,3,6.66,2520,,,28,0,28
9170,58,3,3,6.66,1549,3.0,2.0,18,6,24
452,53,3,3,6.66,1451,3.0,4.0,17,11,28
3988,56,3,3,6.66,2102,3.0,,23,8,31
7326,67,3,3,6.65,2888,,2.0,33,0,33
1012,73,3,3,6.65,1501,,,16,7,23
5480,58,3,3,6.65,2406,3.0,1.0,28,5,33
1330,71,3,3,6.65,1215,1.0,,14,4,18
12101,53,3,3,6.65,1607,2.0,1.0,19,4,23
8870,70,3,3,6.65,2324,2.0,1.0,26,4,30
7857,54,3,3,6.64,1698,2.0,2.0,19,10,29
8169,72,3,3,6.64,1743,2.0,2.0,17,10,27
10929,53,3,3,6.64,897,1.0,,10,5,15
5378,70,3,3,6.63,2970,,,33,0,33
11364,64,3,3,6.63,834,1.0,,10,0,10
12123,72,3,3,6.63,858,2.0,2.0,11,4,15
1574,63,3,3,6.63,2189,1.0,,24,2,26
13201,64,3,3,6.63,1328,5.0,3.0,15,9,24
2525,71,3,3,6.63,1990,2.0,3.0,23,10,33
11829,72,3,3,6.63,2727,1.0,1.0,31,1,32
9710,74,3,3,6.63,1223,3.0,1.0,14,6,20
3058,66,3,3,6.63,2011,,1.0,25,0,25
244,61,3,3,6.63,1599,4.0,1.0,18,14,32
12919,64,3,3,6.63,1899,11.0,2.0,23,8,31
8927,54,3,3,6.63,1980,,,22,0,22
6105,70,3,3,6.62,452,,,5,2,7
3859,58,3,3,6.62,2236,1.0,1.0,26,4,30
13639,55,3,3,6.61,1046,,,13,1,14
4741,52,3,3,6.6,2597,,1.0,30,1,31
4746,71,3,3,6.6,57,,,1,0,1
10719,68,3,3,6.6,2084,,,20,10,30
13497,74,3,3,6.59,1895,6.0,1.0,23,9,32
10857,58,3,3,6.59,1486,1.0,1.0,15,9,24
6568,74,3,3,6.59,2190,3.0,4.0,25,3,28
1858,72,3,3,6.59,2554,9.0,,30,4,34
1051,72,3,3,6.59,1538,1.0,1.0,17,9,26
13515,52,3,3,6.59,122,,1.0,2,0,2
13656,72,3,3,6.58,1673,3.0,3.0,19,7,26
6352,58,3,3,6.58,924,2.0,3.0,10,14,24
8373,74,3,3,6.58,304,2.0,1.0,3,6,9
967,71,3,3,6.57,436,,,6,1,7
3730,53,3,3,6.57,2512,,,29,0,29
9212,52,3,3,6.57,2166,1.0,3.0,28,4,32
9479,61,3,3,6.57,1176,5.0,1.0,12,10,22
11589,59,3,3,6.57,2772,1.0,,31,1,32
11603,70,3,3,6.57,2885,,2.0,33,0,33
11467,63,3,3,6.57,1576,2.0,,18,6,24
8668,68,3,3,6.56,1835,1.0,,20,8,28
4733,61,3,3,6.56,121,,,1,1,2
13937,63,3,3,6.56,1416,1.0,1.0,14,8,22
10668,64,3,3,6.56,2369,,1.0,26,6,32
5182,56,3,3,6.56,2880,,,32,0,32
3178,70,3,3,6.56,2142,,1.0,24,0,24
1863,61,3,3,6.55,2680,,,32,0,32
2362,56,3,3,6.55,245,1.0,,1,9,10
7157,72,3,3,6.55,1159,,,13,4,17
7308,73,3,3,6.55,453,1.0,1.0,5,5,10
11598,67,3,3,6.55,1402,1.0,,16,11,27
11607,52,3,3,6.54,1687,7.0,2.0,19,15,34
721,63,3,3,6.54,1572,,1.0,19,4,23
7905,52,3,3,6.54,2310,,,27,4,31
4535,64,3,3,6.54,1969,2.0,2.0,20,11,31
9845,55,3,3,6.54,2671,,,32,1,33
11572,64,3,3,6.54,1500,8.0,1.0,17,9,26
10496,53,3,3,6.54,1364,2.0,4.0,17,10,27
5064,55,3,3,6.53,1020,2.0,,12,2,14
7995,66,3,3,6.53,181,,,3,0,3
6664,67,3,3,6.53,2587,,,30,2,32
7656,68,3,3,6.53,1598,1.0,,18,8,26
5831,73,3,3,6.53,307,,1.0,3,6,9
3784,68,3,3,6.53,1129,,,13,8,21
8742,68,3,3,6.53,428,,,4,2,6
10996,70,3,3,6.53,1640,3.0,1.0,17,15,32
10904,70,3,3,6.53,1169,1.0,,13,6,19
7784,59,3,3,6.52,794,2.0,,8,13,21
2265,58,3,3,6.52,669,4.0,1.0,6,14,20
941,68,3,3,6.52,1325,,1.0,16,12,28
13462,54,3,3,6.51,1218,1.0,4.0,12,18,30
9970,73,3,3,6.51,3060,,,34,0,34
10487,67,3,3,6.51,828,2.0,1.0,9,10,19
7626,63,3,3,6.5,2216,,,23,9,32
6721,59,3,3,6.5,333,2.0,1.0,4,7,11
13546,61,3,3,6.5,1185,,,14,2,16
1148,74,3,3,6.5,532,1.0,1.0,4,8,12
1864,64,3,3,6.49,779,1.0,2.0,7,11,18
11067,61,3,3,6.49,2622,,1.0,30,0,30
2611,68,3,3,6.49,1607,2.0,1.0,18,13,31
7997,64,3,3,6.49,1739,2.0,2.0,21,5,26
13814,64,3,3,6.49,396,,1.0,5,5,10
983,53,3,3,6.49,758,2.0,,6,14,20
4960,55,3,3,6.49,1139,2.0,1.0,12,11,23
10379,55,3,3,6.49,1045,7.0,1.0,11,8,19
12440,54,3,3,6.49,594,,2.0,6,7,13
1138,66,3,3,6.48,1279,1.0,1.0,12,10,22
1784,63,3,3,6.48,609,,3.0,7,6,13
8664,53,3,3,6.48,2610,,,29,0,29
1310,73,3,3,6.48,1898,,,20,8,28
6841,67,3,3,6.48,980,,,11,1,12
4062,55,3,3,6.48,907,1.0,1.0,10,5,15
10787,61,3,3,6.48,1350,2.0,2.0,19,3,22
718,71,3,3,6.47,3060,,1.0,34,0,34
2571,59,3,3,6.47,2324,2.0,2.0,27,2,29
1500,64,3,3,6.47,1862,5.0,1.0,23,7,30
14284,72,3,3,6.47,1272,3.0,2.0,17,6,23
9002,56,3,3,6.47,1616,1.0,,18,8,26
7125,71,3,3,6.47,1836,1.0,1.0,19,7,26
11801,71,3,3,6.47,1143,,1.0,10,15,25
8794,58,3,3,6.47,362,1.0,1.0,3,6,9
12727,74,3,3,6.46,784,2.0,1.0,8,7,15
9362,67,3,3,6.46,980,,1.0,9,13,22
12155,72,3,3,6.46,90,,,1,0,1
12470,56,3,3,6.46,387,,,3,8,11
3780,71,3,3,6.46,351,2.0,1.0,3,9,12
8398,71,3,3,6.46,253,,,2,3,5
4210,71,3,3,6.46,867,1.0,3.0,8,13,21
3949,53,3,3,6.46,256,2.0,,3,8,11
8443,63,3,3,6.45,540,,,6,0,6
10808,56,3,3,6.45,1059,,,12,3,15
8081,61,3,3,6.45,765,,,10,1,11
9748,64,3,3,6.45,1284,1.0,2.0,13,6,19
11014,73,3,3,6.45,900,5.0,,9,16,25
712,56,3,3,6.45,180,,,2,0,2
8763,74,3,3,6.45,297,,,2,5,7
11377,59,3,3,6.45,2275,1.0,,27,3,30
7702,72,3,3,6.45,1372,1.0,,16,2,18
4525,63,3,3,6.44,666,,1.0,7,6,13
10699,59,3,3,6.44,784,,,7,13,20
4305,58,3,3,6.44,1011,1.0,3.0,10,16,26
7982,70,3,3,6.44,922,1.0,,11,10,21
8727,68,3,3,6.44,1558,1.0,,17,7,24
6049,74,3,3,6.44,1125,,2.0,12,10,22
5319,63,3,3,6.44,811,3.0,1.0,6,16,22
8546,72,3,3,6.43,561,,1.0,6,9,15
3636,56,3,3,6.43,611,3.0,,6,8,14
7363,58,3,3,6.43,291,,1.0,3,4,7
7780,74,3,3,6.43,2311,1.0,,29,3,32
4052,59,3,3,6.43,1198,,3.0,13,10,23
10905,52,3,3,6.43,275,,,2,6,8
11448,61,3,3,6.43,1784,3.0,2.0,20,9,29
9788,66,3,3,6.43,670,1.0,,6,8,14
1270,71,3,3,6.43,729,,,7,5,12
4530,71,3,3,6.43,777,,,9,3,12
4408,55,3,3,6.43,2305,1.0,5.0,30,1,31
9333,53,3,3,6.43,584,2.0,1.0,7,8,15
1854,74,3,3,6.43,1314,1.0,1.0,16,5,21
5950,63,3,3,6.42,393,2.0,2.0,3,9,12
12926,70,3,3,6.42,876,1.0,,11,2,13
2290,70,3,3,6.42,1655,2.0,,19,6,25
5396,52,3,3,6.42,735,,,4,17,21
6945,72,3,3,6.42,909,,1.0,10,8,18
3818,70,3,3,6.41,903,3.0,2.0,10,8,18
6819,61,3,3,6.4,1833,,1.0,22,5,27
14332,56,3,3,6.4,888,,,8,13,21
10770,58,3,3,6.4,379,,,4,8,12
8686,67,3,3,6.4,1919,1.0,2.0,24,2,26
2874,70,3,3,6.4,1253,2.0,1.0,14,12,26
14493,72,3,3,6.39,718,1.0,,7,10,17
3368,73,3,3,6.39,1346,2.0,2.0,14,13,27
6824,53,3,3,6.39,352,2.0,1.0,4,7,11
6813,54,3,3,6.39,2,,,0,1,1
10848,71,3,3,6.39,21,,,0,1,1
9051,73,3,3,6.39,1180,6.0,1.0,13,17,30
6608,54,3,3,6.39,667,,,6,11,17
9263,61,3,3,6.38,1398,,1.0,15,8,23
9760,59,3,3,6.38,1245,1.0,,13,12,25
10535,52,3,3,6.38,1350,,,15,0,15
6186,72,3,3,6.38,1706,,,21,7,28
7670,61,3,3,6.38,2940,,,33,0,33
6043,55,3,3,6.38,1604,1.0,,17,6,23
3870,52,3,3,6.37,1794,1.0,1.0,22,5,27
9941,59,3,3,6.37,632,2.0,1.0,5,15,20
8432,67,3,3,6.37,960,,2.0,8,16,24
9521,54,3,3,6.36,253,,1.0,2,6,8
13537,55,3,3,6.36,2172,,2.0,26,3,29
7417,73,3,3,6.36,945,3.0,2.0,10,16,26
3212,64,3,3,6.36,1500,1.0,,18,0,18
9818,52,3,3,6.36,657,,,8,3,11
13554,64,3,3,6.35,2402,,2.0,28,2,30
1209,64,3,3,6.35,287,1.0,1.0,2,6,8
9244,64,3,3,6.35,1586,,,18,4,22
1561,53,3,3,6.34,744,,1.0,7,13,20
8142,73,3,3,6.34,976,2.0,1.0,10,17,27
5090,56,3,3,6.34,342,2.0,,3,13,16
2271,64,3,3,6.34,568,,,7,3,10
6739,70,3,3,6.34,1868,3.0,4.0,22,5,27
13102,63,3,3,6.34,1310,,,16,6,22
9054,64,3,3,6.33,1313,,,17,2,19
11135,58,3,3,6.33,719,1.0,,7,13,20
7354,59,3,3,6.33,1557,2.0,2.0,19,6,25
7674,74,3,3,6.33,125,,1.0,2,0,2
853,72,3,3,6.32,925,1.0,,11,4,15
9916,52,3,3,6.32,648,2.0,1.0,5,15,20
2892,55,3,3,6.32,1145,2.0,1.0,11,16,27
5028,63,3,3,6.32,690,4.0,,7,6,13
8677,74,3,3,6.32,456,3.0,,3,16,19
2399,74,3,3,6.32,521,,,5,2,7
1589,68,3,3,6.31,1580,,2.0,18,10,28
14386,74,3,3,6.31,1511,1.0,,15,14,29
13126,67,3,3,6.31,745,1.0,,6,15,21
13555,55,3,3,6.31,1170,,,13,0,13
7877,68,3,3,6.31,479,,,6,4,10
10553,66,3,3,6.31,701,3.0,2.0,7,16,23
8006,72,3,3,6.3,574,2.0,1.0,3,20,23
3844,68,3,3,6.3,42,,,0,2,2
10101,61,3,3,6.29,369,,,3,6,9
1080,73,3,3,6.29,377,1.0,,4,3,7
14566,68,3,3,6.29,363,2.0,,2,20,22
12558,52,3,3,6.28,1648,7.0,2.0,21,9,30
4247,67,3,3,6.28,373,1.0,,3,13,16
11326,71,3,3,6.28,290,,,4,6,10
12472,74,3,3,6.28,347,,,3,8,11
9994,58,3,3,6.28,300,3.0,,3,7,10
10131,73,3,3,6.28,1030,,1.0,11,3,14
3177,63,3,3,6.28,20,,,0,2,2
1540,52,3,3,6.27,926,,,7,21,28
14395,71,3,3,6.27,265,,,2,9,11
9912,59,3,3,6.27,966,,1.0,11,8,19
1839,70,3,3,6.27,91,,,1,1,2
9902,63,3,3,6.27,330,1.0,1.0,3,8,11
1319,55,3,3,6.27,1131,,,13,7,20
9757,63,3,3,6.26,453,,,5,7,12
8777,64,3,3,6.26,1854,,1.0,22,9,31
13568,64,3,3,6.26,2205,,,25,0,25
7569,73,3,3,6.26,239,2.0,2.0,1,18,19
12249,59,3,3,6.26,44,,,0,2,2
8402,61,3,3,6.26,777,2.0,,7,16,23
5951,71,3,3,6.26,408,1.0,,3,12,15
3396,63,3,3,6.25,296,,,6,2,8
13580,58,3,3,6.25,22,,,0,3,3
1501,66,3,3,6.25,754,2.0,2.0,5,22,27
6843,54,3,3,6.24,720,,,8,0,8
1644,58,3,3,6.24,91,,,1,7,8
1079,68,3,3,6.24,124,1.0,2.0,0,8,8
11362,55,3,3,6.24,1845,,,21,0,21
13188,52,3,3,6.24,335,1.0,,1,15,16
13445,61,3,3,6.24,147,,,2,4,6
3166,63,3,3,6.24,615,,1.0,6,8,14
5880,72,3,3,6.23,160,,,2,3,5
13498,68,3,3,6.23,148,,1.0,1,7,8
1626,74,3,3,6.23,553,,,6,8,14
13550,72,3,3,6.23,1161,,2.0,11,22,33
4592,67,3,3,6.23,368,,1.0,2,16,18
7399,71,3,3,6.22,98,1.0,,0,6,6
4777,52,3,3,6.22,759,,,9,11,20
13863,63,3,3,6.22,370,,1.0,3,9,12
10780,59,3,3,6.22,204,,1.0,0,12,12
9824,61,3,3,6.21,341,2.0,,2,11,13
14569,52,3,3,6.21,66,1.0,,0,5,5
10292,55,3,3,6.21,167,,,0,7,7
3609,64,3,3,6.21,383,,2.0,4,9,13
8209,64,3,3,6.2,1192,,1.0,13,12,25
726,72,3,3,6.2,540,,,6,0,6
4555,59,3,3,6.2,160,,,0,9,9
6968,59,3,3,6.2,736,,,7,12,19
155,70,3,3,6.2,362,,,2,14,16
14397,56,3,3,6.2,126,,,1,2,3
5607,58,3,3,6.19,302,1.0,,2,14,16
12106,52,3,3,6.18,268,,,2,5,7
14302,68,3,3,6.18,181,,,2,2,4
10280,55,3,3,6.18,1343,1.0,3.0,15,17,32
1696,66,3,3,6.18,71,,,0,4,4
5192,63,3,3,6.18,175,,,2,0,2
5439,66,3,3,6.17,519,,1.0,4,19,23
11040,73,3,3,6.16,59,,,0,9,9
13026,61,3,3,6.16,878,1.0,1.0,4,25,29
8661,55,3,3,6.16,407,1.0,1.0,3,11,14
9151,72,3,3,6.16,272,1.0,1.0,1,12,13
7329,56,3,3,6.15,278,,,2,10,12
10850,66,3,3,6.15,360,,,2,13,15
12943,66,3,3,6.15,488,,1.0,3,24,27
1537,52,3,3,6.15,80,,,1,0,1
13029,73,3,3,6.15,231,,,1,11,12
7312,61,3,3,6.14,150,,,0,8,8
4456,64,3,3,6.14,652,2.0,,3,19,22
2718,70,3,3,6.14,358,,,3,7,10
13670,67,3,3,6.13,820,2.0,,7,21,28
2776,55,3,3,6.13,218,1.0,,1,11,12
1130,70,3,3,6.13,52,1.0,,0,14,14
2171,59,3,3,6.13,17,,,0,2,2
9900,52,3,3,6.13,38,,,0,2,2
4058,63,3,3,6.13,312,,,3,5,8
9561,55,3,3,6.13,257,,,2,12,14
7631,74,3,3,6.13,155,1.0,,0,18,18
12377,52,3,3,6.12,305,,,3,5,8
12912,67,3,3,6.12,55,1.0,,0,6,6
11429,63,3,3,6.12,11,,,0,1,1
1522,66,3,3,6.12,75,,,0,6,6
4583,59,3,3,6.11,752,,,8,1,9
13517,63,3,3,6.1,358,,,5,3,8
3348,63,3,3,6.1,728,,,7,13,20
10784,52,3,3,6.09,31,,,0,1,1
10903,59,3,3,6.09,78,,,0,3,3
8758,52,3,3,6.09,232,,,2,5,7
12126,70,3,3,6.08,404,,,5,7,12
2868,71,3,3,6.07,27,,,0,2,2
14032,68,3,3,6.07,13,,,0,1,1
9363,64,3,3,6.07,303,,,3,9,12
7839,55,3,3,6.07,462,1.0,,6,9,15
6478,72,3,3,6.06,131,,,1,6,7
12696,70,3,3,6.06,106,,,0,12,12
10892,67,3,3,6.06,5,,,0,1,1
8078,66,3,3,6.05,23,,,0,5,5
97,70,3,3,6.04,55,,,0,7,7
3872,58,3,3,6.04,193,,,1,7,8
4832,54,3,3,6.04,22,,,0,4,4
7704,72,3,3,6.04,59,,,0,4,4
7424,55,3,3,6.03,6,,,0,1,1
841,55,3,3,6.02,88,,,0,5,5
12546,55,3,3,6.02,23,,,0,5,5
4099,70,3,3,6.02,40,,,0,5,5
4833,66,3,3,6.02,3,,,0,1,1
4581,63,3,3,6.01,31,,,0,1,1
3194,72,3,3,6.01,119,,,1,4,5
2706,56,3,3,6.01,20,,,0,4,4
7500,66,3,3,6.0,107,,,1,5,6
1463,54,3,3,6.0,1,,,0,1,1
4285,68,3,3,6.0,1,,,0,1,1
4516,70,3,3,6.0,1,,,0,1,1
9728,70,3,3,6.0,1,,,0,1,1
13155,61,3,3,5.99,238,,,0,13,13
6215,71,3,3,5.97,1,,,0,1,1
862,56,3,3,5.97,134,,,1,4,5
6373,53,3,3,5.97,66,,,1,4,5
12164,63,3,3,5.96,220,,,2,2,4
148,54,3,3,5.95,15,,,0,2,2
1691,56,3,3,5.92,23,,,0,1,1
7812,56,3,3,5.92,14,,,0,2,2
1616,68,3,3,5.91,48,,,0,3,3
3329,61,3,3,5.91,4,,,0,1,1
13609,67,3,3,5.9,58,,,0,1,1
5172,67,3,3,5.89,18,,,0,2,2
2987,54,3,3,5.88,270,,,3,0,3
10937,61,3,3,5.87,21,,,0,1,1
5622,63,3,3,5.85,8,,,0,1,1
9839,59,3,3,5.85,15,,,0,2,2
5870,64,3,3,5.33,72,,,1,0,1
12488,82,4,1,7.63,90,,,1,0,1
14021,91,4,1,7.45,2583,26.0,4.0,30,2,32
7725,91,4,1,7.43,2541,12.0,10.0,30,4,34
4658,77,4,1,7.36,90,,,1,0,1
12804,88,4,1,7.24,3030,9.0,8.0,34,2,36
11452,94,4,1,7.2,1752,12.0,6.0,22,4,26
11774,75,4,1,7.19,2434,15.0,8.0,28,7,35
8020,86,4,1,7.18,2577,21.0,6.0,27,11,38
9702,88,4,1,7.16,2783,10.0,6.0,33,2,35
3577,97,4,1,7.15,1872,12.0,7.0,22,4,26
1483,97,4,1,7.11,2191,7.0,6.0,27,1,28
272,87,4,1,7.11,2751,8.0,4.0,31,1,32
13348,76,4,1,7.11,2861,10.0,4.0,32,1,33
8331,94,4,1,7.09,2558,4.0,5.0,29,3,32
4385,88,4,1,7.09,2969,9.0,2.0,35,3,38
9193,91,4,1,7.09,1763,,6.0,21,1,22
8506,82,4,1,7.08,2173,1.0,1.0,25,2,27
5250,86,4,1,7.07,2375,3.0,6.0,28,5,33
7792,91,4,1,7.07,3055,2.0,2.0,35,0,35
4935,100,4,1,7.06,1219,2.0,6.0,15,1,16
5074,91,4,1,7.04,3257,3.0,4.0,36,1,37
3034,87,4,1,7.04,3182,3.0,3.0,35,2,37
4727,91,4,1,7.03,3062,3.0,5.0,36,0,36
12997,85,4,1,7.0,90,,,1,0,1
2306,90,4,1,6.99,3087,6.0,5.0,35,0,35
8580,88,4,1,6.98,2444,6.0,7.0,27,8,35
13144,77,4,1,6.96,2541,6.0,2.0,30,0,30
12286,86,4,1,6.96,1663,10.0,6.0,19,6,25
5787,75,4,1,6.96,2015,2.0,2.0,24,4,28
9337,96,4,1,6.96,360,,,4,0,4
10732,86,4,1,6.94,2622,6.0,6.0,31,4,35
1492,90,4,1,6.93,2475,1.0,,29,1,30
11679,91,4,1,6.93,2306,3.0,8.0,27,10,37
4225,81,4,1,6.93,2835,2.0,,33,0,33
10681,77,4,1,6.92,2309,3.0,2.0,26,5,31
2788,82,4,1,6.92,2556,2.0,4.0,30,3,33
2121,87,4,1,6.92,2640,4.0,1.0,30,0,30
2537,94,4,1,6.91,2808,3.0,1.0,31,1,32
11615,82,4,1,6.91,270,,,3,0,3
12626,75,4,1,6.91,2721,2.0,7.0,30,4,34
207,76,4,1,6.91,1737,13.0,6.0,20,11,31
5876,88,4,1,6.89,3412,,,37,1,38
4461,75,4,1,6.89,2765,1.0,1.0,32,1,33
7212,87,4,1,6.89,2090,1.0,3.0,24,7,31
11045,75,4,1,6.88,2148,13.0,5.0,25,8,33
8920,87,4,1,6.88,2460,,2.0,29,3,32
2064,95,4,1,6.88,2527,16.0,6.0,27,6,33
5726,80,4,1,6.88,810,,,9,0,9
2664,88,4,1,6.88,2228,12.0,5.0,27,4,31
4350,86,4,1,6.87,2089,4.0,3.0,26,7,33
13091,91,4,1,6.87,3113,1.0,1.0,34,4,38
11617,91,4,1,6.87,360,,,4,0,4
13364,75,4,1,6.87,2777,4.0,3.0,32,0,32
5522,94,4,1,6.87,2797,3.0,,32,1,33
1005,91,4,1,6.87,2450,2.0,1.0,27,2,29
3378,100,4,1,6.87,2714,3.0,4.0,31,2,33
13114,86,4,1,6.87,1944,1.0,,22,5,27
9626,90,4,1,6.86,2938,5.0,3.0,34,1,35
6032,100,4,1,6.86,2732,3.0,2.0,32,0,32
594,88,4,1,6.86,2925,2.0,,33,1,34
5859,99,4,1,6.85,1180,2.0,2.0,13,1,14
9692,87,4,1,6.85,947,,,10,1,11
5201,81,4,1,6.85,2784,,,31,0,31
8579,95,4,1,6.84,1530,,,17,0,17
1237,87,4,1,6.83,1364,4.0,4.0,15,11,26
10300,89,4,1,6.82,2963,,4.0,34,1,35
7372,75,4,1,6.82,1511,5.0,2.0,19,6,25
11779,76,4,1,6.82,2791,2.0,1.0,32,0,32
1412,99,4,1,6.82,2442,12.0,4.0,28,5,33
11739,75,4,1,6.81,1659,,1.0,18,5,23
2173,94,4,1,6.81,2945,1.0,1.0,34,2,36
1450,81,4,1,6.8,2091,,,22,3,25
8116,91,4,1,6.8,417,,,4,3,7
4933,97,4,1,6.8,773,1.0,1.0,9,3,12
5221,95,4,1,6.8,1800,,,20,0,20
3244,76,4,1,6.8,1479,4.0,2.0,18,3,21
3239,97,4,1,6.8,2891,7.0,,35,1,36
8693,77,4,1,6.79,3330,,,37,0,37
2084,75,4,1,6.79,1947,6.0,7.0,27,6,33
2583,82,4,1,6.79,1871,4.0,4.0,22,6,28
4653,86,4,1,6.79,2418,,2.0,25,6,31
10624,82,4,1,6.79,1355,6.0,1.0,13,11,24
13174,94,4,1,6.79,1523,7.0,2.0,14,15,29
9992,90,4,1,6.79,3330,,1.0,37,0,37
6439,76,4,1,6.78,770,2.0,5.0,5,18,23
9007,86,4,1,6.78,1769,3.0,5.0,19,9,28
10759,90,4,1,6.78,1749,1.0,2.0,21,4,25
3917,96,4,1,6.78,2250,,,25,0,25
4476,87,4,1,6.78,2582,3.0,8.0,33,4,37
9279,76,4,1,6.78,2966,3.0,1.0,34,1,35
10827,82,4,1,6.77,2136,2.0,1.0,23,4,27
3229,75,4,1,6.77,1697,1.0,4.0,21,4,25
12142,100,4,1,6.77,2837,5.0,7.0,33,1,34
14280,87,4,1,6.77,2473,,,28,0,28
5433,91,4,1,6.77,1614,3.0,3.0,20,12,32
12041,77,4,1,6.77,2122,11.0,4.0,22,10,32
532,99,4,1,6.77,2723,1.0,2.0,30,4,34
7226,91,4,1,6.77,929,1.0,,10,5,15
4822,89,4,1,6.76,2464,8.0,4.0,30,5,35
8824,75,4,1,6.76,1364,,,15,5,20
3726,86,4,1,6.75,1729,9.0,3.0,18,15,33
5858,85,4,1,6.75,852,,1.0,10,1,11
3659,87,4,1,6.75,1932,10.0,2.0,22,5,27
13278,94,4,1,6.75,2199,8.0,3.0,24,14,38
12208,100,4,1,6.75,2487,2.0,1.0,28,0,28
11924,81,4,1,6.74,2539,2.0,4.0,28,5,33
9041,80,4,1,6.74,2430,,1.0,27,0,27
11353,90,4,1,6.74,2757,6.0,5.0,31,5,36
11337,95,4,1,6.74,1968,2.0,3.0,23,4,27
10841,99,4,1,6.74,2732,5.0,6.0,29,5,34
11344,88,4,1,6.74,1415,,,16,2,18
10106,85,4,1,6.74,1364,1.0,1.0,14,14,28
8201,77,4,1,6.73,2324,7.0,,27,5,32
4357,87,4,1,6.73,1446,,,16,2,18
9987,82,4,1,6.72,450,,,5,0,5
1075,86,4,1,6.72,2160,,,24,0,24
7991,95,4,1,6.72,2901,3.0,3.0,34,1,35
9237,77,4,1,6.71,1540,10.0,,18,3,21
12250,82,4,1,6.71,1955,2.0,4.0,22,7,29
4329,89,4,1,6.71,3330,3.0,,37,0,37
1942,76,4,1,6.71,1799,,1.0,20,4,24
10925,95,4,1,6.71,1755,,1.0,23,4,27
3714,76,4,1,6.71,2226,1.0,1.0,25,10,35
682,87,4,1,6.7,1789,,1.0,21,4,25
8033,100,4,1,6.7,1848,5.0,4.0,19,18,37
6431,77,4,1,6.7,2516,,2.0,29,4,33
10745,88,4,1,6.69,2437,1.0,1.0,27,2,29
4968,82,4,1,6.69,1914,5.0,1.0,21,9,30
649,91,4,1,6.69,3060,,,34,0,34
3358,86,4,1,6.69,2223,1.0,4.0,25,9,34
1475,87,4,1,6.69,1583,7.0,1.0,17,10,27
5400,86,4,1,6.69,1997,3.0,2.0,24,7,31
3020,87,4,1,6.69,563,,,6,3,9
169,88,4,1,6.69,2767,,2.0,31,2,33
518,86,4,1,6.68,2168,,2.0,26,3,29
12522,86,4,1,6.68,1235,,,14,0,14
1383,95,4,1,6.68,2741,7.0,4.0,32,3,35
10991,99,4,1,6.68,874,1.0,1.0,9,10,19
571,89,4,1,6.68,511,,,6,1,7
11540,99,4,1,6.67,2334,,2.0,28,2,30
1126,90,4,1,6.67,48,,,1,0,1
2095,96,4,1,6.67,1504,,1.0,19,0,19
11861,76,4,1,6.67,1836,9.0,2.0,20,12,32
5307,76,4,1,6.67,1402,1.0,1.0,17,0,17
5007,94,4,1,6.67,2867,1.0,2.0,33,2,35
3105,85,4,1,6.67,2254,4.0,5.0,27,3,30
12615,100,4,1,6.66,2351,5.0,6.0,28,9,37
9491,91,4,1,6.66,1637,2.0,2.0,17,13,30
1974,100,4,1,6.66,2132,10.0,1.0,23,10,33
6728,80,4,1,6.66,1809,1.0,,19,6,25
7872,85,4,1,6.66,1003,1.0,1.0,11,2,13
14127,100,4,1,6.66,3200,,1.0,37,0,37
10541,100,4,1,6.65,2831,2.0,,33,1,34
12988,98,4,1,6.65,1198,2.0,4.0,15,4,19
8160,80,4,1,6.65,2319,2.0,2.0,27,5,32
12754,81,4,1,6.65,3137,2.0,,36,0,36
3333,87,4,1,6.65,122,,,1,1,2
12030,99,4,1,6.65,2670,,,30,5,35
14274,89,4,1,6.65,3420,,,38,0,38
10561,94,4,1,6.65,1839,2.0,2.0,16,19,35
10066,75,4,1,6.64,1979,,1.0,22,0,22
515,99,4,1,6.64,2099,4.0,5.0,24,5,29
8738,98,4,1,6.64,2654,13.0,2.0,29,2,31
13163,90,4,1,6.64,1629,3.0,1.0,21,7,28
3845,91,4,1,6.64,1618,6.0,3.0,14,22,36
3931,98,4,1,6.64,1398,1.0,1.0,17,3,20
10829,77,4,1,6.64,1224,1.0,5.0,12,14,26
13836,81,4,1,6.64,1926,2.0,4.0,22,4,26
12585,89,4,1,6.64,2115,,,24,1,25
14198,99,4,1,6.64,2056,2.0,1.0,24,7,31
3079,90,4,1,6.64,1925,5.0,1.0,21,8,29
3563,82,4,1,6.64,2341,1.0,3.0,28,5,33
5056,76,4,1,6.63,2346,2.0,2.0,29,3,32
4129,98,4,1,6.63,2649,,1.0,31,0,31
9155,89,4,1,6.63,792,,,9,0,9
10656,96,4,1,6.63,810,,,9,0,9
8326,85,4,1,6.63,3330,,,37,0,37
9597,86,4,1,6.63,2032,1.0,2.0,24,7,31
11482,88,4,1,6.63,1896,4.0,3.0,17,19,36
11278,85,4,1,6.63,122,,,1,1,2
4930,77,4,1,6.62,704,,2.0,8,4,12
4354,95,4,1,6.62,1075,1.0,,12,2,14
6053,98,4,1,6.62,1447,,,17,0,17
9875,96,4,1,6.62,2465,1.0,1.0,29,3,32
10368,77,4,1,6.62,1971,3.0,8.0,26,6,32
13011,85,4,1,6.62,1093,5.0,,12,12,24
13939,89,4,1,6.62,3103,,2.0,35,2,37
12600,99,4,1,6.62,2073,2.0,1.0,23,5,28
10741,81,4,1,6.61,1282,6.0,1.0,12,16,28
11243,90,4,1,6.61,2489,1.0,,28,2,30
1572,82,4,1,6.61,1433,8.0,1.0,15,13,28
6188,97,4,1,6.61,50,1.0,,0,2,2
752,89,4,1,6.61,2380,1.0,,26,9,35
14112,80,4,1,6.61,986,,,14,2,16
3185,80,4,1,6.6,2277,7.0,,25,8,33
3038,88,4,1,6.6,1942,,1.0,26,3,29
4929,94,4,1,6.6,768,2.0,,10,4,14
9629,91,4,1,6.6,1168,3.0,3.0,14,13,27
6532,77,4,1,6.6,2902,,1.0,33,0,33
5761,85,4,1,6.6,2608,,,28,4,32
7058,76,4,1,6.59,755,1.0,,8,7,15
2663,75,4,1,6.59,1440,,1.0,16,0,16
9306,97,4,1,6.59,2332,,,26,2,28
7922,95,4,1,6.59,2144,4.0,5.0,23,10,33
10662,94,4,1,6.59,2210,2.0,1.0,26,7,33
581,96,4,1,6.59,1539,2.0,2.0,16,6,22
4345,87,4,1,6.59,843,2.0,5.0,6,15,21
14187,87,4,1,6.59,1060,1.0,1.0,13,2,15
771,75,4,1,6.59,1399,2.0,3.0,14,16,30
11966,89,4,1,6.59,1315,3.0,,12,19,31
11636,75,4,1,6.59,2544,1.0,,26,8,34
1098,77,4,1,6.58,2172,,3.0,25,7,32
7240,76,4,1,6.58,2078,,,24,0,24
1762,98,4,1,6.58,2948,,1.0,34,0,34
3440,94,4,1,6.58,574,,,5,4,9
12676,99,4,1,6.58,1195,2.0,,13,3,16
6874,82,4,1,6.58,2012,4.0,4.0,24,9,33
6334,81,4,1,6.58,1364,1.0,1.0,16,8,24
13969,99,4,1,6.58,3420,,,38,0,38
8391,97,4,1,6.58,321,,1.0,5,0,5
4743,80,4,1,6.58,1057,3.0,1.0,14,6,20
494,82,4,1,6.58,929,1.0,1.0,8,14,22
9637,76,4,1,6.57,823,,1.0,8,7,15
9908,76,4,1,6.57,1525,1.0,,14,14,28
3356,77,4,1,6.57,343,,2.0,4,3,7
12395,76,4,1,6.57,548,1.0,2.0,5,10,15
11473,85,4,1,6.57,1636,1.0,1.0,20,3,23
9463,97,4,1,6.57,1951,4.0,1.0,21,9,30
8916,88,4,1,6.56,1888,,,23,6,29
4620,75,4,1,6.56,518,1.0,,5,5,10
8335,95,4,1,6.56,1949,2.0,,23,3,26
2817,85,4,1,6.56,747,3.0,1.0,9,5,14
8872,96,4,1,6.56,2369,7.0,2.0,27,8,35
10119,94,4,1,6.56,270,,,3,0,3
551,75,4,1,6.56,200,,,2,4,6
12596,81,4,1,6.55,630,,,7,0,7
9076,100,4,1,6.55,3420,,,38,0,38
8643,80,4,1,6.55,1850,1.0,2.0,22,3,25
11097,85,4,1,6.55,1066,,,11,4,15
2785,94,4,1,6.55,224,1.0,1.0,2,5,7
12246,97,4,1,6.55,2999,,3.0,34,2,36
8164,94,4,1,6.55,1656,1.0,4.0,18,8,26
4492,81,4,1,6.55,2284,2.0,,28,7,35
8447,82,4,1,6.55,505,,,5,4,9
13689,81,4,1,6.55,1789,4.0,,24,2,26
623,80,4,1,6.54,1014,,,13,3,16
5750,100,4,1,6.54,1821,1.0,6.0,21,9,30
9082,76,4,1,6.54,1340,,,14,1,15
1107,90,4,1,6.54,944,4.0,1.0,10,17,27
4860,82,4,1,6.54,717,2.0,1.0,7,8,15
6071,100,4,1,6.54,63,,,1,1,2
12637,80,4,1,6.54,728,,,7,6,13
6472,98,4,1,6.54,335,,,4,1,5
2220,76,4,1,6.54,953,,,9,8,17
9539,88,4,1,6.54,1685,2.0,,17,15,32
4664,81,4,1,6.54,1719,5.0,4.0,20,1,21
10321,80,4,1,6.54,180,,,2,0,2
4249,96,4,1,6.53,134,,,1,2,3
2437,77,4,1,6.53,1105,2.0,,11,10,21
4543,95,4,1,6.53,2195,,2.0,23,4,27
7623,98,4,1,6.53,2140,,1.0,23,11,34
10421,76,4,1,6.53,214,1.0,,1,8,9
9873,98,4,1,6.53,2796,1.0,3.0,36,1,37
3864,88,4,1,6.53,1992,1.0,1.0,22,12,34
1373,89,4,1,6.53,2486,,1.0,28,4,32
8639,82,4,1,6.53,1529,6.0,3.0,16,15,31
10751,87,4,1,6.53,1523,3.0,3.0,17,9,26
13688,96,4,1,6.52,3068,2.0,5.0,35,2,37
13063,80,4,1,6.52,2372,,2.0,28,3,31
13952,99,4,1,6.52,1377,,3.0,15,8,23
9188,76,4,1,6.52,1789,5.0,2.0,24,8,32
1119,90,4,1,6.51,1671,4.0,5.0,19,12,31
11062,96,4,1,6.51,1385,1.0,,15,1,16
11717,98,4,1,6.51,1000,1.0,,11,3,14
11673,82,4,1,6.51,2610,,,29,0,29
12968,75,4,1,6.51,1012,,,12,5,17
1481,98,4,1,6.51,2171,1.0,1.0,24,6,30
418,81,4,1,6.51,1193,,,14,11,25
9587,80,4,1,6.51,2130,1.0,,22,3,25
9808,97,4,1,6.51,2297,,,25,5,30
3663,76,4,1,6.51,1393,2.0,2.0,16,9,25
6569,76,4,1,6.5,2214,3.0,3.0,25,9,34
3884,80,4,1,6.5,1653,,,17,6,23
1767,91,4,1,6.5,165,,1.0,2,1,3
9534,87,4,1,6.5,415,1.0,,4,9,13
10657,77,4,1,6.5,740,4.0,2.0,8,10,18
8608,76,4,1,6.5,1071,3.0,3.0,10,19,29
4989,85,4,1,6.5,1535,,1.0,19,5,24
7833,99,4,1,6.5,2422,1.0,,26,8,34
10426,97,4,1,6.5,655,,1.0,7,3,10
4994,90,4,1,6.5,2466,5.0,2.0,32,5,37
8145,87,4,1,6.5,878,1.0,,10,7,17
7107,85,4,1,6.5,1359,2.0,3.0,15,7,22
12509,81,4,1,6.49,886,1.0,1.0,10,4,14
10567,99,4,1,6.49,1458,2.0,2.0,16,12,28
12745,81,4,1,6.49,601,,,6,5,11
198,77,4,1,6.49,1873,,,22,1,23
2159,96,4,1,6.49,2093,1.0,1.0,25,1,26
7152,82,4,1,6.49,228,,,1,5,6
5188,95,4,1,6.49,1280,2.0,1.0,13,15,28
175,100,4,1,6.49,785,2.0,,8,6,14
12151,77,4,1,6.48,1326,1.0,3.0,15,12,27
14610,94,4,1,6.48,1503,,1.0,16,8,24
4342,85,4,1,6.48,1431,2.0,,18,4,22
11227,80,4,1,6.48,740,1.0,2.0,10,3,13
9905,99,4,1,6.48,1717,,5.0,18,11,29
8388,90,4,1,6.48,2360,2.0,,27,4,31
9026,82,4,1,6.48,93,,,1,1,2
4018,87,4,1,6.47,161,,,3,0,3
12047,82,4,1,6.47,1207,4.0,3.0,14,15,29
9025,80,4,1,6.47,996,,,11,4,15
3893,80,4,1,6.47,2791,2.0,3.0,31,6,37
5606,82,4,1,6.47,2060,,,23,4,27
11005,85,4,1,6.47,584,,,6,7,13
7800,100,4,1,6.47,1534,2.0,,16,11,27
13749,95,4,1,6.46,2275,4.0,1.0,27,6,33
1291,75,4,1,6.46,977,3.0,2.0,10,13,23
2096,100,4,1,6.46,382,,,3,3,6
3042,86,4,1,6.46,733,,2.0,8,7,15
13043,82,4,1,6.46,2007,,1.0,24,5,29
5359,96,4,1,6.46,1719,,,19,1,20
7632,77,4,1,6.45,901,,,9,4,13
12387,94,4,1,6.45,3150,,,35,0,35
617,86,4,1,6.45,25,,,0,1,1
9986,80,4,1,6.45,1415,,1.0,14,13,27
6304,85,4,1,6.45,289,,,2,4,6
7575,98,4,1,6.44,2374,,1.0,26,4,30
7149,77,4,1,6.44,809,2.0,2.0,5,14,19
10111,86,4,1,6.44,1770,,,20,1,21
59,96,4,1,6.44,1071,2.0,,12,6,18
4465,96,4,1,6.44,2186,3.0,,27,5,32
2973,98,4,1,6.44,622,2.0,,4,14,18
13702,76,4,1,6.44,2,,,0,1,1
12158,86,4,1,6.44,1168,3.0,,11,21,32
14240,95,4,1,6.44,441,1.0,,4,5,9
4976,91,4,1,6.44,903,2.0,2.0,10,15,25
1768,96,4,1,6.43,1203,,,15,0,15
12510,96,4,1,6.43,1103,1.0,1.0,13,6,19
12486,98,4,1,6.43,971,1.0,,10,5,15
8232,81,4,1,6.43,581,,,5,7,12
1615,89,4,1,6.43,1818,6.0,,20,14,34
3233,85,4,1,6.42,1493,2.0,3.0,19,4,23
7526,99,4,1,6.42,1888,1.0,,22,10,32
11439,87,4,1,6.42,108,,,1,5,6
9095,88,4,1,6.42,587,1.0,1.0,6,10,16
11552,81,4,1,6.42,1528,,1.0,16,11,27
7873,96,4,1,6.42,776,,,8,2,10
7853,81,4,1,6.42,1022,,,12,2,14
13720,75,4,1,6.42,877,2.0,,9,10,19
14364,99,4,1,6.42,710,4.0,,7,14,21
14629,75,4,1,6.42,144,1.0,,1,3,4
8052,87,4,1,6.41,969,1.0,,8,17,25
10538,97,4,1,6.41,816,1.0,,7,11,18
4502,90,4,1,6.41,528,1.0,,5,9,14
275,85,4,1,6.41,3038,,,35,2,37
12832,75,4,1,6.41,328,,,2,6,8
3674,95,4,1,6.41,1684,,,19,5,24
6369,100,4,1,6.4,812,,1.0,11,5,16
813,82,4,1,6.4,1107,1.0,,13,12,25
9682,87,4,1,6.4,1046,,,11,6,17
9675,98,4,1,6.4,1251,,,13,7,20
6573,89,4,1,6.39,2212,1.0,3.0,26,9,35
4869,77,4,1,6.39,1477,,1.0,17,12,29
13677,96,4,1,6.39,2566,,2.0,30,4,34
10033,85,4,1,6.39,1169,,,14,8,22
4253,87,4,1,6.39,1233,,2.0,14,13,27
8460,80,4,1,6.39,748,,,9,6,15
12050,82,4,1,6.39,834,,2.0,9,9,18
3573,95,4,1,6.39,2254,,3.0,24,7,31
4509,85,4,1,6.39,816,,1.0,7,13,20
6618,86,4,1,6.39,947,3.0,1.0,12,14,26
13432,85,4,1,6.38,1038,2.0,,13,3,16
1364,82,4,1,6.38,1807,2.0,,21,9,30
9251,81,4,1,6.38,518,,,5,12,17
11502,97,4,1,6.38,881,,1.0,11,6,17
2815,80,4,1,6.38,1595,6.0,2.0,19,7,26
1123,97,4,1,6.38,2174,5.0,,25,7,32
11556,98,4,1,6.38,72,,,0,1,1
2446,75,4,1,6.38,1102,,1.0,9,23,32
3920,95,4,1,6.38,825,,,9,15,24
2106,76,4,1,6.37,650,,3.0,8,7,15
4248,85,4,1,6.37,2172,2.0,2.0,24,7,31
624,96,4,1,6.37,869,,,10,2,12
7953,89,4,1,6.37,1637,2.0,1.0,19,17,36
6470,97,4,1,6.37,2672,,1.0,29,2,31
4348,89,4,1,6.37,2040,2.0,2.0,23,13,36
446,98,4,1,6.37,1732,,2.0,18,13,31
11284,80,4,1,6.37,709,1.0,1.0,8,7,15
3413,85,4,1,6.36,1171,,,11,8,19
3490,98,4,1,6.36,2964,1.0,,34,2,36
3213,99,4,1,6.36,402,,,4,5,9
5282,97,4,1,6.36,593,,3.0,6,5,11
12145,81,4,1,6.36,516,2.0,,6,7,13
12570,87,4,1,6.36,308,1.0,1.0,1,11,12
9312,85,4,1,6.36,524,,,6,3,9
7047,90,4,1,6.35,1119,,2.0,11,14,25
7190,85,4,1,6.35,441,,,3,8,11
180,91,4,1,6.35,13,,,0,2,2
2766,80,4,1,6.34,970,1.0,,7,22,29
5002,91,4,1,6.34,65,1.0,1.0,0,8,8
8771,94,4,1,6.34,699,,,8,7,15
9926,96,4,1,6.34,624,,,9,3,12
12062,94,4,1,6.34,713,,,8,5,13
5977,81,4,1,6.34,818,,,8,13,21
12582,96,4,1,6.34,1,,,0,1,1
2939,80,4,1,6.34,1058,8.0,,10,22,32
9384,100,4,1,6.34,354,1.0,,4,3,7
9256,90,4,1,6.34,1591,,,18,10,28
10537,81,4,1,6.34,931,1.0,1.0,8,11,19
220,85,4,1,6.34,724,2.0,,8,8,16
3734,94,4,1,6.34,990,1.0,,10,12,22
4452,100,4,1,6.34,400,,1.0,4,13,17
8435,88,4,1,6.33,174,,,1,6,7
9609,75,4,1,6.33,609,,,6,6,12
3026,98,4,1,6.33,997,3.0,,11,14,25
9323,81,4,1,6.33,1709,2.0,1.0,20,11,31
1669,100,4,1,6.33,80,,,1,0,1
11660,89,4,1,6.33,41,,,0,2,2
2449,80,4,1,6.33,2491,1.0,,30,3,33
12591,90,4,1,6.33,1397,,1.0,14,17,31
9543,94,4,1,6.33,55,,,1,2,3
10243,87,4,1,6.33,990,6.0,,11,17,28
7379,95,4,1,6.33,691,,1.0,7,15,22
3527,75,4,1,6.32,1015,2.0,1.0,10,17,27
12327,97,4,1,6.32,1717,,,21,2,23
10993,94,4,1,6.32,504,1.0,2.0,7,7,14
5547,85,4,1,6.32,648,,,6,10,16
8347,82,4,1,6.32,923,,1.0,9,8,17
3575,95,4,1,6.32,296,,,4,3,7
1109,97,4,1,6.32,3150,,,35,0,35
4025,100,4,1,6.31,919,,,9,11,20
72,97,4,1,6.31,637,2.0,,5,18,23
578,91,4,1,6.31,11,,,0,1,1
14058,95,4,1,6.31,90,,,1,0,1
5112,89,4,1,6.31,922,,1.0,10,6,16
5667,100,4,1,6.31,626,2.0,1.0,5,16,21
4987,97,4,1,6.31,2221,1.0,,24,9,33
3890,81,4,1,6.31,52,1.0,,0,5,5
2139,99,4,1,6.31,63,,,1,1,2
5011,97,4,1,6.31,180,,,2,0,2
8313,89,4,1,6.3,1518,5.0,2.0,18,15,33
7900,97,4,1,6.3,1133,2.0,1.0,13,18,31
4710,90,4,1,6.3,63,,,0,3,3
11834,86,4,1,6.29,489,,,3,15,18
6022,80,4,1,6.29,96,,,1,1,2
8652,88,4,1,6.29,148,1.0,,1,5,6
3799,98,4,1,6.29,807,1.0,1.0,9,6,15
14425,85,4,1,6.28,856,1.0,1.0,8,14,22
5092,91,4,1,6.28,389,4.0,1.0,1,24,25
1151,99,4,1,6.28,312,,,4,3,7
13617,100,4,1,6.28,1197,1.0,,12,24,36
13960,96,4,1,6.28,674,,,6,12,18
9976,99,4,1,6.28,260,,,3,6,9
8315,77,4,1,6.28,667,1.0,,6,9,15
10694,81,4,1,6.27,1160,1.0,1.0,12,12,24
5102,95,4,1,6.27,900,,,11,5,16
9163,88,4,1,6.27,86,,,0,4,4
4335,95,4,1,6.27,1119,2.0,1.0,12,12,24
12132,86,4,1,6.27,777,,,7,12,19
5136,80,4,1,6.26,556,,1.0,7,2,9
12603,90,4,1,6.26,56,,1.0,0,5,5
4679,76,4,1,6.26,2,,,0,1,1
1920,94,4,1,6.26,352,,,4,7,11
6627,77,4,1,6.26,687,,,7,3,10
14320,75,4,1,6.25,141,,,1,5,6
13245,98,4,1,6.25,425,,,3,7,10
3981,98,4,1,6.25,2838,2.0,,35,0,35
13244,82,4,1,6.25,30,,1.0,0,2,2
9696,90,4,1,6.25,445,,,4,12,16
7909,86,4,1,6.25,580,,,5,15,20
1095,94,4,1,6.25,1135,,2.0,11,20,31
13285,91,4,1,6.24,793,1.0,,8,22,30
6401,96,4,1,6.24,1058,,,12,8,20
7423,97,4,1,6.24,543,,,5,5,10
7659,85,4,1,6.23,1575,1.0,2.0,17,9,26
10748,100,4,1,6.23,31,,,0,1,1
13699,89,4,1,6.23,12,,,0,1,1
3305,99,4,1,6.23,516,,,6,13,19
13002,89,4,1,6.22,164,,,1,6,7
5590,96,4,1,6.22,150,,,1,4,5
405,80,4,1,6.22,16,,,0,1,1
4498,94,4,1,6.22,181,,,2,1,3
13660,88,4,1,6.22,499,1.0,,4,21,25
8687,76,4,1,6.22,23,,,0,3,3
8228,81,4,1,6.22,1004,,1.0,11,14,25
10765,94,4,1,6.21,898,1.0,,12,1,13
7916,89,4,1,6.21,724,,,7,14,21
4974,80,4,1,6.21,693,,1.0,6,14,20
4605,100,4,1,6.21,543,,,5,11,16
600,91,4,1,6.21,193,,,2,8,10
11669,99,4,1,6.2,460,2.0,,4,14,18
11566,98,4,1,6.2,363,,,4,5,9
1090,90,4,1,6.2,332,,1.0,3,6,9
3922,97,4,1,6.2,505,,1.0,5,14,19
5177,97,4,1,6.2,1168,2.0,1.0,13,14,27
14037,98,4,1,6.19,549,,,7,11,18
12487,90,4,1,6.19,229,,,1,4,5
13504,75,4,1,6.19,38,,,0,3,3
13599,98,4,1,6.19,133,,,0,8,8
3889,77,4,1,6.19,239,,1.0,2,6,8
4100,95,4,1,6.19,858,1.0,3.0,9,19,28
12994,100,4,1,6.19,76,,,0,8,8
3960,99,4,1,6.19,88,,,1,3,4
14519,89,4,1,6.18,672,,1.0,7,10,17
12306,96,4,1,6.18,815,,,8,8,16
9977,77,4,1,6.18,1541,1.0,,18,14,32
298,97,4,1,6.18,351,1.0,1.0,1,21,22
9555,100,4,1,6.18,61,,,0,3,3
14146,90,4,1,6.18,56,,,0,4,4
3418,91,4,1,6.17,144,,,2,5,7
6480,96,4,1,6.17,203,1.0,1.0,1,10,11
10797,77,4,1,6.16,103,,1.0,0,6,6
4667,96,4,1,6.16,1100,1.0,,13,2,15
8938,94,4,1,6.15,263,,,5,2,7
1629,75,4,1,6.15,237,,,2,7,9
5881,95,4,1,6.15,672,,,7,3,10
7903,89,4,1,6.15,460,,,5,6,11
10755,87,4,1,6.15,23,,,0,3,3
4257,96,4,1,6.14,797,1.0,1.0,7,16,23
12485,98,4,1,6.14,130,,,0,5,5
4948,96,4,1,6.14,198,,,2,3,5
5924,80,4,1,6.14,218,,,2,2,4
9617,95,4,1,6.14,810,,,8,9,17
3959,96,4,1,6.14,102,,,0,8,8
9684,81,4,1,6.14,567,1.0,,6,11,17
10653,96,4,1,6.14,775,,,5,15,20
13917,90,4,1,6.13,301,,,2,7,9
6602,98,4,1,6.13,57,,,0,4,4
1391,95,4,1,6.13,5,,,0,1,1
5100,90,4,1,6.13,424,1.0,,5,4,9
13473,89,4,1,6.13,215,,,2,10,12
14518,82,4,1,6.13,299,,,4,3,7
9591,88,4,1,6.12,237,,,1,19,20
9197,96,4,1,6.12,220,,,3,3,6
539,85,4,1,6.12,6,,,0,1,1
1395,75,4,1,6.12,1,,,0,1,1
6932,94,4,1,6.12,13,,,0,1,1
527,82,4,1,6.12,151,,,2,5,7
9918,97,4,1,6.12,13,,,1,1,2
13713,80,4,1,6.12,27,,,0,2,2
12040,97,4,1,6.11,281,,1.0,3,7,10
5313,95,4,1,6.11,585,1.0,,6,6,12
12148,85,4,1,6.11,189,,,2,5,7
8056,98,4,1,6.1,29,,,0,4,4
9043,90,4,1,6.1,287,,,3,5,8
3014,96,4,1,6.1,228,,,3,3,6
3796,94,4,1,6.09,115,,,1,5,6
12307,99,4,1,6.09,15,,,0,2,2
5151,96,4,1,6.08,695,,,8,7,15
3471,95,4,1,6.08,222,,,0,12,12
4541,96,4,1,6.07,279,,,1,11,12
8325,96,4,1,6.07,105,,,0,6,6
13696,87,4,1,6.07,110,,,2,1,3
2575,90,4,1,6.07,539,1.0,,3,19,22
4504,97,4,1,6.07,46,,,0,2,2
9019,89,4,1,6.06,75,,,0,5,5
6704,89,4,1,6.06,91,,,0,9,9
14110,100,4,1,6.05,30,,,0,5,5
4389,80,4,1,6.04,812,,,7,16,23
7502,91,4,1,6.04,19,,,0,3,3
13930,86,4,1,6.04,21,,,0,5,5
3209,98,4,1,6.04,165,,,1,6,7
1405,77,4,1,6.04,13,,,0,2,2
7348,98,4,1,6.03,9,,,0,1,1
11257,89,4,1,6.03,50,,,0,4,4
11799,98,4,1,6.03,32,,,0,4,4
5233,99,4,1,6.02,137,,,2,1,3
12555,80,4,1,6.02,26,,,0,2,2
8147,100,4,1,6.02,15,,,0,2,2
9707,86,4,1,6.02,26,,,0,2,2
3392,85,4,1,6.01,9,,,0,1,1
9913,89,4,1,6.01,21,,,1,0,1
354,85,4,1,6.0,226,,,3,3,6
1367,85,4,1,6.0,23,,,0,1,1
3652,81,4,1,6.0,1,,,0,1,1
5411,81,4,1,6.0,1,,,0,1,1
9027,88,4,1,6.0,1,,,0,1,1
10039,96,4,1,6.0,2,,,0,1,1
10590,94,4,1,6.0,1,,,0,1,1
13148,88,4,1,6.0,2,,,1,1,2
13332,96,4,1,6.0,1,,,0,1,1
5981,98,4,1,5.99,108,,,1,5,6
3974,81,4,1,5.99,18,,,0,2,2
4709,95,4,1,5.98,36,,,0,1,1
5985,99,4,1,5.98,20,,,0,1,1
10055,98,4,1,5.98,164,,,1,10,11
4365,98,4,1,5.96,66,,,1,1,2
1102,90,4,1,5.94,164,,,1,3,4
7306,95,4,1,5.94,17,,,0,1,1
2554,80,4,1,5.91,14,,,0,1,1
12523,81,4,1,5.91,6,,,0,1,1
8339,81,4,1,5.89,20,,,1,1,2
7543,89,4,1,5.89,33,,,0,1,1
8910,96,4,1,5.88,43,,,0,2,2
1111,96,4,1,5.87,22,,,0,1,1
2108,100,4,1,5.87,90,,,1,0,1
8420,90,4,1,5.86,136,,,2,0,2
4979,97,4,1,5.81,45,,,0,1,1
9247,75,4,1,5.79,7,,,0,1,1
2157,85,4,1,5.78,58,,,1,0,1
586,90,4,1,5.61,90,,,1,0,1
8602,88,4,1,5.33,6,,,1,0,1
565,97,4,1,5.26,90,,,1,0,1
12998,85,4,2,7.54,90,,,1,0,1
8021,86,4,2,7.53,2668,24.0,3.0,31,2,33
7726,91,4,2,7.5,2752,11.0,6.0,32,2,34
5251,86,4,2,7.41,2576,13.0,3.0,32,0,32
11775,75,4,2,7.31,2524,9.0,9.0,29,5,34
9136,86,4,2,7.29,2707,13.0,7.0,34,1,35
3223,84,4,2,7.23,90,1.0,,1,0,1
2605,75,4,2,7.16,2621,12.0,8.0,32,4,36
10120,94,4,2,7.16,1350,,,15,0,15
533,99,4,2,7.14,2530,3.0,,29,0,29
9533,83,4,2,7.14,3141,11.0,3.0,36,0,36
4351,86,4,2,7.12,2105,5.0,6.0,29,1,30
11453,94,4,2,7.12,1977,13.0,9.0,25,3,28
395,84,4,2,7.1,3024,14.0,4.0,34,1,35
273,87,4,2,7.07,2651,5.0,3.0,30,1,31
11784,86,4,2,7.07,22,,,0,1,1
3578,97,4,2,7.07,1437,9.0,3.0,17,0,17
10625,82,4,2,7.06,1914,12.0,2.0,21,8,29
519,86,4,2,7.06,2283,1.0,3.0,28,0,28
3664,76,4,2,7.06,114,1.0,,2,0,2
9993,90,4,2,7.03,2874,,,33,0,33
7150,77,4,2,7.03,2772,11.0,4.0,32,2,34
13349,76,4,2,7.03,2633,12.0,5.0,29,5,34
2443,76,4,2,7.03,2045,10.0,8.0,25,10,35
208,76,4,2,7.01,1903,11.0,7.0,22,9,31
9703,88,4,2,7.01,1974,6.0,1.0,24,4,28
3035,87,4,2,6.99,2451,1.0,1.0,27,2,29
12037,77,4,2,6.99,2338,2.0,5.0,26,4,30
2122,87,4,2,6.99,3234,3.0,,36,0,36
3665,99,4,2,6.98,2893,12.0,4.0,34,1,35
14022,91,4,2,6.98,1990,15.0,3.0,22,3,25
4346,87,4,2,6.98,2207,9.0,2.0,25,8,33
10695,81,4,2,6.97,90,,,1,0,1
5401,86,4,2,6.96,2804,2.0,8.0,35,1,36
13505,85,4,2,6.96,1347,5.0,4.0,17,0,17
4369,77,4,2,6.96,536,,,6,0,6
3805,81,4,2,6.95,2070,,,23,0,23
4654,86,4,2,6.95,2387,3.0,1.0,26,3,29
8202,77,4,2,6.94,2718,6.0,3.0,31,0,31
5015,76,4,2,6.94,1459,12.0,6.0,17,12,29
11046,75,4,2,6.94,2374,15.0,8.0,28,7,35
8332,94,4,2,6.93,1867,8.0,3.0,20,9,29
3715,76,4,2,6.92,2875,6.0,1.0,32,4,36
5057,76,4,2,6.91,2556,1.0,3.0,31,2,33
13365,75,4,2,6.91,2795,5.0,4.0,31,1,32
10425,83,4,2,6.91,1260,1.0,5.0,14,0,14
9280,76,4,2,6.9,2599,,5.0,29,1,30
8507,82,4,2,6.89,2292,5.0,1.0,26,3,29
1910,86,4,2,6.89,1679,,2.0,21,2,23
14375,86,4,2,6.89,3060,,,34,0,34
12359,75,4,2,6.88,2081,6.0,1.0,26,3,29
9630,91,4,2,6.88,2387,8.0,7.0,31,6,37
2174,94,4,2,6.88,3292,3.0,4.0,37,0,37
8034,100,4,2,6.88,2381,6.0,2.0,28,6,34
10107,85,4,2,6.87,1208,5.0,1.0,13,7,20
10108,90,4,2,6.87,1258,4.0,1.0,13,4,17
8581,88,4,2,6.87,2321,5.0,7.0,29,4,33
413,78,4,2,6.87,2979,2.0,4.0,33,2,35
2818,85,4,2,6.86,1438,6.0,2.0,17,2,19
4969,82,4,2,6.86,2288,8.0,3.0,27,4,31
4386,88,4,2,6.86,2784,5.0,6.0,33,5,38
13511,75,4,2,6.85,2830,3.0,3.0,33,3,36
8921,87,4,2,6.85,3011,1.0,4.0,34,2,36
8018,100,4,2,6.84,630,1.0,,7,0,7
12289,94,4,2,6.83,2648,13.0,3.0,30,2,32
2292,87,4,2,6.83,45,,,0,1,1
9945,82,4,2,6.83,2064,1.0,1.0,22,4,26
9492,91,4,2,6.82,1574,1.0,1.0,18,5,23
13115,86,4,2,6.82,1578,1.0,,17,8,25
6033,100,4,2,6.81,2083,,,23,1,24
10297,84,4,2,6.81,3149,2.0,5.0,36,1,37
12042,77,4,2,6.8,1795,10.0,2.0,19,14,33
1943,76,4,2,6.8,2832,,1.0,32,5,37
769,77,4,2,6.8,1893,4.0,2.0,21,9,30
10733,86,4,2,6.79,2860,2.0,3.0,34,3,37
11835,99,4,2,6.78,3065,1.0,7.0,36,1,37
3660,87,4,2,6.78,2318,16.0,4.0,27,6,33
14188,87,4,2,6.78,2603,,7.0,29,5,34
4161,81,4,2,6.78,1260,,,14,0,14
1006,91,4,2,6.78,2603,3.0,,30,0,30
9038,76,4,2,6.77,2426,,,27,0,27
514,76,4,2,6.77,1172,3.0,5.0,12,15,27
11674,82,4,2,6.77,2970,,,33,0,33
10067,75,4,2,6.77,2610,,1.0,29,0,29
3916,86,4,2,6.77,338,,,4,0,4
11971,77,4,2,6.77,2632,1.0,1.0,30,2,32
5860,99,4,2,6.76,2103,3.0,2.0,25,6,31
7954,89,4,2,6.76,1360,2.0,4.0,17,4,21
9610,75,4,2,6.76,1277,2.0,1.0,14,4,18
8768,100,4,2,6.76,1890,,,21,0,21
9189,76,4,2,6.75,2051,6.0,6.0,23,11,34
9164,88,4,2,6.75,1814,,,21,0,21
13145,77,4,2,6.75,2420,1.0,2.0,29,2,31
4462,75,4,2,6.75,2125,4.0,,24,2,26
6729,84,4,2,6.75,2853,1.0,1.0,32,5,37
6533,77,4,2,6.75,2214,,,23,6,29
11752,84,4,2,6.75,1710,2.0,1.0,19,0,19
1484,97,4,2,6.75,2929,5.0,4.0,35,2,37
14359,86,4,2,6.74,899,2.0,,9,7,16
13970,99,4,2,6.74,3240,,,36,0,36
14321,75,4,2,6.74,1413,1.0,2.0,17,7,24
5877,88,4,2,6.74,2700,,,30,0,30
8423,83,4,2,6.74,2223,5.0,,26,3,29
9638,76,4,2,6.74,2470,,4.0,28,6,34
9084,75,4,2,6.74,630,,,7,0,7
5075,91,4,2,6.73,3235,1.0,6.0,36,0,36
2789,82,4,2,6.73,2359,2.0,5.0,27,2,29
1108,90,4,2,6.73,2685,8.0,4.0,36,2,38
5788,75,4,2,6.72,1151,2.0,2.0,13,7,20
595,88,4,2,6.72,2410,,,26,3,29
4728,91,4,2,6.72,2792,,2.0,32,2,34
2648,88,4,2,6.72,721,,,8,1,9
8053,94,4,2,6.72,2646,3.0,5.0,32,2,34
7077,84,4,2,6.71,3240,,,36,0,36
14275,89,4,2,6.71,3420,,,38,0,38
11680,91,4,2,6.71,1939,3.0,2.0,23,5,28
4510,85,4,2,6.71,1296,,1.0,14,4,18
14281,87,4,2,6.7,3150,,,35,0,35
10752,87,4,2,6.7,440,,2.0,4,4,8
10542,100,4,2,6.7,3240,,,36,0,36
1250,94,4,2,6.7,1148,,1.0,14,2,16
9598,86,4,2,6.69,2417,2.0,1.0,27,6,33
10650,84,4,2,6.69,177,,,2,1,3
2303,86,4,2,6.69,1705,,3.0,14,23,37
3359,86,4,2,6.69,1643,4.0,4.0,19,12,31
814,82,4,2,6.69,1899,2.0,5.0,24,6,30
4477,87,4,2,6.69,1834,,4.0,26,3,29
3414,85,4,2,6.69,1636,2.0,,18,6,24
1103,90,4,2,6.68,1490,1.0,,16,5,21
13001,83,4,2,6.68,2716,1.0,1.0,30,3,33
11541,99,4,2,6.68,771,1.0,,9,0,9
10103,84,4,2,6.68,2555,1.0,3.0,32,1,33
552,75,4,2,6.68,1732,1.0,4.0,19,12,31
7241,76,4,2,6.68,990,,,11,0,11
1384,95,4,2,6.68,2760,6.0,6.0,32,2,34
2971,90,4,2,6.68,328,4.0,1.0,2,9,11
1563,82,4,2,6.67,1998,2.0,3.0,23,10,33
1094,82,4,2,6.67,953,3.0,,11,4,15
12133,90,4,2,6.67,2368,1.0,2.0,29,4,33
4358,87,4,2,6.67,2641,4.0,,30,2,32
4226,82,4,2,6.66,1454,,1.0,16,5,21
8694,77,4,2,6.66,2880,,,32,0,32
9544,97,4,2,6.66,1022,,3.0,13,2,15
8327,85,4,2,6.65,3330,,1.0,37,0,37
7369,84,4,2,6.65,1057,1.0,,13,5,18
10828,82,4,2,6.65,2506,,,27,7,34
14453,78,4,2,6.65,1218,2.0,,14,0,14
13682,85,4,2,6.65,2099,3.0,5.0,23,9,32
4861,82,4,2,6.65,370,1.0,2.0,5,1,6
9431,84,4,2,6.65,2226,7.0,2.0,26,3,29
4176,94,4,2,6.65,2171,,3.0,25,0,25
4990,85,4,2,6.64,2442,,,27,6,33
13940,89,4,2,6.64,3052,2.0,3.0,35,2,37
11967,89,4,2,6.64,1828,3.0,2.0,21,10,31
7191,85,4,2,6.64,1497,,,17,5,22
69,83,4,2,6.64,1028,3.0,3.0,13,5,18
14128,100,4,2,6.64,3245,2.0,,37,0,37
1099,87,4,2,6.64,2389,2.0,3.0,28,6,34
4999,78,4,2,6.64,751,4.0,1.0,10,1,11
12031,99,4,2,6.64,2783,1.0,2.0,34,1,35
10756,88,4,2,6.64,1324,,2.0,16,7,23
14010,77,4,2,6.64,2312,,3.0,26,6,32
3441,94,4,2,6.64,2180,1.0,1.0,26,3,29
11098,85,4,2,6.63,2465,1.0,4.0,29,3,32
3230,75,4,2,6.63,2196,1.0,3.0,26,3,29
10730,78,4,2,6.63,1203,5.0,2.0,11,15,26
13446,100,4,2,6.63,2097,,1.0,23,3,26
9933,85,4,2,6.63,2794,5.0,1.0,33,1,34
3927,76,4,2,6.63,950,1.0,1.0,12,10,22
10842,99,4,2,6.62,2615,3.0,2.0,30,3,33
10422,76,4,2,6.62,145,1.0,,0,5,5
4349,89,4,2,6.62,14,1.0,,0,2,2
9066,75,4,2,6.62,68,,,0,1,1
2827,88,4,2,6.62,1546,2.0,2.0,17,12,29
5758,76,4,2,6.62,930,,1.0,9,7,16
5008,94,4,2,6.62,2874,4.0,1.0,34,2,36
9627,90,4,2,6.61,3228,6.0,3.0,37,0,37
13092,91,4,2,6.61,3295,,1.0,38,0,38
1124,97,4,2,6.61,3100,11.0,1.0,37,1,38
2430,75,4,2,6.61,18,1.0,,0,2,2
11691,89,4,2,6.61,2115,2.0,1.0,25,5,30
11354,90,4,2,6.6,1602,,1.0,18,4,22
3245,76,4,2,6.6,1878,2.0,1.0,23,8,31
4229,85,4,2,6.6,675,,1.0,7,3,10
5070,76,4,2,6.6,89,,,1,1,2
8117,91,4,2,6.6,1624,1.0,,19,7,26
11474,85,4,2,6.6,2144,,,25,3,28
7901,97,4,2,6.6,2413,6.0,1.0,30,4,34
8165,94,4,2,6.6,1313,1.0,2.0,15,9,24
12708,76,4,2,6.59,2183,1.0,,25,5,30
12051,82,4,2,6.59,1110,2.0,3.0,13,9,22
13220,85,4,2,6.59,1665,,2.0,19,6,25
8825,75,4,2,6.59,1621,,1.0,19,2,21
10820,89,4,2,6.59,2391,7.0,1.0,30,5,35
4606,100,4,2,6.58,1717,5.0,3.0,19,10,29
12746,81,4,2,6.58,2056,,,23,4,27
9156,89,4,2,6.58,3220,,,36,0,36
11244,90,4,2,6.58,2618,,,30,4,34
12755,81,4,2,6.58,3407,1.0,1.0,38,0,38
1374,89,4,2,6.58,2504,,3.0,30,5,35
574,84,4,2,6.58,1175,,1.0,14,6,20
7178,95,4,2,6.58,680,1.0,,8,4,12
7227,91,4,2,6.58,2118,1.0,,23,1,24
9672,84,4,2,6.58,2310,2.0,,27,0,27
3021,87,4,2,6.58,1189,2.0,,13,4,17
12063,94,4,2,6.57,1216,,2.0,14,4,18
13175,94,4,2,6.57,1740,3.0,4.0,19,14,33
5375,100,4,2,6.57,2241,1.0,1.0,27,8,35
8448,82,4,2,6.57,2068,2.0,1.0,23,3,26
8322,100,4,2,6.56,2602,8.0,4.0,30,7,37
3043,90,4,2,6.56,1535,,,16,8,24
13935,88,4,2,6.56,1676,4.0,3.0,16,19,35
12601,99,4,2,6.56,2407,1.0,2.0,28,4,32
10427,78,4,2,6.56,2357,2.0,3.0,29,4,33
12498,77,4,2,6.56,2550,1.0,1.0,29,1,30
9320,100,4,2,6.56,1801,2.0,2.0,21,8,29
12616,100,4,2,6.56,1990,1.0,3.0,21,8,29
419,81,4,2,6.56,1815,,1.0,22,5,27
1096,94,4,2,6.56,674,3.0,2.0,6,8,14
9693,87,4,2,6.56,226,,,3,0,3
10742,81,4,2,6.55,2564,1.0,1.0,29,8,37
1451,81,4,2,6.55,2046,,,23,3,26
3894,83,4,2,6.55,1178,,1.0,14,2,16
12969,75,4,2,6.55,1172,,1.0,14,6,20
3080,90,4,2,6.55,2060,4.0,3.0,24,10,34
9313,85,4,2,6.55,1085,,,12,3,15
683,87,4,2,6.55,716,1.0,,8,8,16
13242,81,4,2,6.55,872,4.0,,10,3,13
11345,88,4,2,6.55,1610,2.0,,19,1,20
11740,75,4,2,6.55,688,,,8,2,10
2861,77,4,2,6.55,1776,1.0,1.0,20,12,32
12396,84,4,2,6.54,1550,4.0,1.0,18,10,28
4977,91,4,2,6.54,1574,5.0,3.0,14,23,37
12143,100,4,2,6.54,1865,4.0,3.0,22,5,27
9540,88,4,2,6.54,1136,6.0,1.0,8,23,31
1975,100,4,2,6.54,74,,,1,0,1
13686,78,4,2,6.54,2432,1.0,1.0,28,4,32
4017,83,4,2,6.54,2819,,1.0,32,4,36
5078,77,4,2,6.54,1054,5.0,2.0,11,16,27
775,86,4,2,6.54,752,2.0,5.0,6,17,23
5103,95,4,2,6.53,1808,4.0,2.0,20,7,27
8465,82,4,2,6.53,1696,6.0,2.0,21,11,32
1326,83,4,2,6.53,1197,,1.0,14,2,16
5446,94,4,2,6.53,757,4.0,,9,7,16
4355,95,4,2,6.53,1356,1.0,,16,2,18
1493,90,4,2,6.53,1655,,,20,3,23
6875,82,4,2,6.52,1687,3.0,1.0,18,10,28
6180,75,4,2,6.52,143,1.0,,0,4,4
7427,77,4,2,6.52,923,,1.0,9,13,22
543,99,4,2,6.52,14,,,0,1,1
14604,99,4,2,6.52,26,1.0,,0,2,2
276,99,4,2,6.52,2155,,2.0,25,4,29
8917,88,4,2,6.52,1676,,2.0,19,5,24
14462,89,4,2,6.52,2976,1.0,,34,0,34
7910,86,4,2,6.51,773,1.0,2.0,6,17,23
2222,83,4,2,6.51,2915,,1.0,32,2,34
3735,94,4,2,6.51,1778,,2.0,18,13,31
2584,82,4,2,6.5,1084,2.0,1.0,11,12,23
4823,89,4,2,6.5,1118,1.0,,13,6,19
650,91,4,2,6.5,2774,,,31,0,31
2578,100,4,2,6.5,861,1.0,1.0,10,3,13
7854,84,4,2,6.5,2382,,1.0,26,3,29
9613,88,4,2,6.5,2371,2.0,3.0,27,6,33
12552,75,4,2,6.5,1015,1.0,3.0,12,12,24
11925,81,4,2,6.5,1820,,3.0,20,10,30
8740,81,4,2,6.5,709,6.0,1.0,5,9,14
1766,81,4,2,6.5,1767,,1.0,22,2,24
5189,95,4,2,6.5,1488,3.0,3.0,18,8,26
8233,81,4,2,6.49,1909,,1.0,18,13,31
1413,99,4,2,6.49,2134,5.0,,23,12,35
8316,77,4,2,6.49,674,2.0,,7,8,15
7862,95,4,2,6.49,493,,,6,2,8
13664,95,4,2,6.48,1166,,,14,1,15
11618,91,4,2,6.48,630,,,7,0,7
170,88,4,2,6.48,3108,1.0,,37,0,37
7584,87,4,2,6.48,946,2.0,,9,18,27
3236,86,4,2,6.48,935,6.0,3.0,6,26,32
12388,94,4,2,6.48,2070,,,23,0,23
599,90,4,2,6.48,685,,1.0,7,6,13
4254,87,4,2,6.48,1110,1.0,1.0,16,9,25
11360,89,4,2,6.48,1567,2.0,,17,15,32
9307,97,4,2,6.47,2627,1.0,,31,1,32
5762,85,4,2,6.47,865,,,9,1,10
2931,97,4,2,6.47,2024,1.0,,23,7,30
12571,87,4,2,6.47,801,1.0,2.0,4,20,24
3536,84,4,2,6.47,855,,,8,8,16
3564,82,4,2,6.47,523,,,7,2,9
14625,78,4,2,6.47,1947,4.0,5.0,19,11,30
11866,94,4,2,6.47,1745,1.0,1.0,19,10,29
8156,78,4,2,6.47,620,4.0,1.0,5,14,19
9238,86,4,2,6.46,785,5.0,3.0,5,22,27
5656,83,4,2,6.46,1469,2.0,2.0,16,8,24
9194,91,4,2,6.46,1208,,2.0,14,7,21
5944,85,4,2,6.46,1727,,2.0,19,7,26
7527,99,4,2,6.46,1860,,,19,9,28
7153,82,4,2,6.46,655,1.0,,8,3,11
6594,100,4,2,6.46,1815,,1.0,18,17,35
408,81,4,2,6.45,556,1.0,,10,2,12
10568,99,4,2,6.45,375,3.0,,4,6,10
2665,88,4,2,6.45,1662,7.0,1.0,21,10,31
14134,83,4,2,6.45,2132,7.0,1.0,24,12,36
10589,95,4,2,6.45,874,1.0,,11,1,12
9590,81,4,2,6.45,1785,4.0,2.0,18,18,36
13721,75,4,2,6.45,314,,,3,8,11
3234,85,4,2,6.45,606,,1.0,7,4,11
10303,84,4,2,6.44,1145,2.0,2.0,9,15,24
7834,99,4,2,6.44,760,,,8,5,13
13159,84,4,2,6.44,2452,,1.0,30,2,32
4931,90,4,2,6.44,1718,,3.0,20,8,28
9906,99,4,2,6.44,1372,,3.0,15,13,28
173,99,4,2,6.44,1021,,,10,6,16
2438,77,4,2,6.44,902,2.0,1.0,10,12,22
6023,83,4,2,6.44,504,1.0,,6,5,11
14516,81,4,2,6.44,2612,,1.0,30,4,34
5308,76,4,2,6.44,1106,,1.0,10,13,23
13165,83,4,2,6.44,2746,,,31,0,31
4864,78,4,2,6.43,1105,2.0,1.0,11,14,25
7211,86,4,2,6.43,259,,2.0,0,10,10
7380,95,4,2,6.43,1034,1.0,2.0,10,8,18
6415,77,4,2,6.43,431,2.0,,5,5,10
2214,84,4,2,6.43,1126,4.0,1.0,10,19,29
10746,88,4,2,6.43,1558,,,16,4,20
10457,91,4,2,6.43,956,,,11,3,14
13953,99,4,2,6.43,1988,,4.0,21,14,35
12592,90,4,2,6.43,2016,,2.0,22,13,35
11950,83,4,2,6.43,1066,2.0,2.0,13,9,22
8641,75,4,2,6.43,872,6.0,1.0,8,15,23
6481,77,4,2,6.43,344,,,4,3,7
9978,77,4,2,6.43,2234,,1.0,26,10,36
1110,97,4,2,6.42,3150,,,35,0,35
5978,81,4,2,6.42,1228,1.0,1.0,14,17,31
14611,94,4,2,6.42,667,,,6,11,17
8413,97,4,2,6.42,387,,,5,3,8
14059,95,4,2,6.42,361,,,5,0,5
7109,97,4,2,6.42,1347,,2.0,15,1,16
8609,76,4,2,6.42,398,2.0,1.0,2,16,18
11683,83,4,2,6.42,1541,2.0,1.0,18,7,25
1365,82,4,2,6.42,802,2.0,3.0,8,13,21
5222,95,4,2,6.41,1890,,,21,0,21
7691,84,4,2,6.41,1212,,2.0,15,12,27
10663,94,4,2,6.41,965,,1.0,10,12,22
12039,83,4,2,6.41,1149,,4.0,13,0,13
8336,95,4,2,6.41,1993,1.0,,24,3,27
8734,82,4,2,6.41,1550,3.0,3.0,15,18,33
3846,91,4,2,6.41,334,2.0,,4,7,11
10889,75,4,2,6.41,872,6.0,2.0,6,22,28
2819,91,4,2,6.41,307,1.0,,1,12,13
19,84,4,2,6.41,1382,,1.0,17,5,22
4845,78,4,2,6.41,2560,1.0,3.0,25,13,38
6407,91,4,2,6.41,1009,,2.0,11,15,26
9633,78,4,2,6.41,1973,1.0,1.0,19,7,26
3574,95,4,2,6.4,2754,,3.0,30,4,34
12987,81,4,2,6.4,748,1.0,,9,7,16
4680,76,4,2,6.4,4,,,0,1,1
5545,78,4,2,6.4,1345,2.0,,16,5,21
13005,78,4,2,6.4,2790,,,31,0,31
1947,84,4,2,6.4,193,,,0,6,6
1476,87,4,2,6.4,902,4.0,1.0,7,25,32
1396,75,4,2,6.4,178,,,2,0,2
4501,81,4,2,6.39,479,,,5,4,9
12251,82,4,2,6.39,1586,3.0,3.0,16,17,33
13931,90,4,2,6.39,1160,2.0,3.0,10,21,31
11440,87,4,2,6.39,52,,,0,2,2
11851,89,4,2,6.39,7,,1.0,0,1,1
8314,90,4,2,6.39,1367,4.0,1.0,16,9,25
4330,89,4,2,6.39,3295,,1.0,37,0,37
3106,85,4,2,6.38,1944,3.0,2.0,22,10,32
3232,82,4,2,6.38,391,,1.0,4,4,8
5005,78,4,2,6.38,1207,3.0,1.0,14,9,23
2786,97,4,2,6.38,634,1.0,,5,17,22
3039,88,4,2,6.38,1362,1.0,,15,13,28
9676,75,4,2,6.38,32,,,0,1,1
9036,83,4,2,6.38,2324,4.0,2.0,24,12,36
6574,89,4,2,6.38,1287,1.0,1.0,13,16,29
1118,78,4,2,6.38,1000,1.0,1.0,13,5,18
14557,75,4,2,6.38,1468,,2.0,13,17,30
3781,76,4,2,6.38,388,2.0,,3,8,11
4453,100,4,2,6.37,1707,,,20,11,31
3739,78,4,2,6.37,1013,,,12,1,13
2538,94,4,2,6.37,389,,,4,4,8
10539,97,4,2,6.37,1315,2.0,2.0,15,13,28
5003,91,4,2,6.37,156,1.0,,1,8,9
8436,88,4,2,6.37,782,1.0,,8,11,19
5110,81,4,2,6.37,1087,,,14,5,19
9464,97,4,2,6.36,2503,2.0,2.0,27,4,31
7801,100,4,2,6.36,958,,1.0,11,12,23
10198,89,4,2,6.36,1386,,,15,8,23
13162,86,4,2,6.36,44,,1.0,0,4,4
8369,95,4,2,6.36,2098,4.0,3.0,23,10,33
11780,76,4,2,6.36,962,,,10,8,18
2065,95,4,2,6.36,1143,4.0,,12,5,17
11191,77,4,2,6.36,537,2.0,2.0,5,13,18
7108,85,4,2,6.36,839,,,11,1,12
12661,94,4,2,6.35,570,3.0,,3,20,23
7992,95,4,2,6.35,2088,,1.0,25,3,28
3865,88,4,2,6.35,1197,,,11,11,22
5311,87,4,2,6.35,266,,1.0,3,5,8
2027,78,4,2,6.35,630,,,7,0,7
306,89,4,2,6.35,275,,,3,3,6
13692,94,4,2,6.35,516,,,6,7,13
3795,78,4,2,6.35,937,3.0,3.0,10,12,22
12643,77,4,2,6.35,238,1.0,1.0,2,6,8
753,89,4,2,6.35,1633,,2.0,16,15,31
10658,89,4,2,6.34,752,2.0,2.0,4,21,25
8389,90,4,2,6.34,2141,1.0,1.0,23,6,29
4672,83,4,2,6.34,1560,,,16,11,27
14090,84,4,2,6.34,281,2.0,,2,7,9
9700,97,4,2,6.34,987,1.0,,12,3,15
4988,97,4,2,6.34,2269,1.0,,25,6,31
5224,88,4,2,6.34,1073,3.0,1.0,12,16,28
5053,84,4,2,6.34,104,,,1,4,5
11338,95,4,2,6.34,1278,,1.0,16,2,18
14147,90,4,2,6.34,1474,1.0,1.0,14,11,25
12604,90,4,2,6.33,340,1.0,,3,7,10
7531,85,4,2,6.33,496,2.0,,3,12,15
6471,97,4,2,6.33,2086,,5.0,24,1,25
11503,97,4,2,6.33,453,,,5,3,8
5290,89,4,2,6.33,1212,1.0,,17,11,28
4334,85,4,2,6.33,1017,3.0,1.0,10,14,24
12149,89,4,2,6.32,1363,5.0,,12,23,35
10830,77,4,2,6.32,838,1.0,,10,13,23
540,78,4,2,6.31,1611,1.0,,19,8,27
6044,78,4,2,6.31,881,1.0,2.0,13,5,18
13279,94,4,2,6.31,240,1.0,,2,6,8
13584,87,4,2,6.31,1249,,1.0,12,18,30
13013,95,4,2,6.31,682,3.0,,6,9,15
13690,81,4,2,6.31,745,2.0,,8,6,14
2158,85,4,2,6.31,582,,,7,3,10
11450,78,4,2,6.31,940,,,9,16,25
13837,81,4,2,6.3,1096,,1.0,11,4,15
13480,87,4,2,6.3,16,,,0,1,1
9807,82,4,2,6.3,797,,,7,12,19
6956,100,4,2,6.29,1036,1.0,,10,17,27
2467,87,4,2,6.29,380,,1.0,3,7,10
1343,78,4,2,6.29,2709,1.0,,32,0,32
10926,95,4,2,6.29,1763,,,20,2,22
5751,100,4,2,6.29,873,1.0,1.0,9,18,27
5234,99,4,2,6.29,533,,,4,10,14
13258,86,4,2,6.28,151,1.0,,0,10,10
11334,91,4,2,6.28,427,,1.0,4,6,10
7561,100,4,2,6.28,181,1.0,,0,8,8
7977,75,4,2,6.28,2,,,0,1,1
13910,97,4,2,6.28,815,1.0,1.0,8,14,22
4499,97,4,2,6.28,263,,,2,6,8
12533,97,4,2,6.28,531,,,6,11,17
569,90,4,2,6.27,546,,,5,2,7
2969,81,4,2,6.27,263,,,3,4,7
14035,81,4,2,6.27,606,1.0,1.0,4,13,17
4665,81,4,2,6.27,1276,3.0,,15,5,20
3275,94,4,2,6.27,504,2.0,,4,9,13
9124,97,4,2,6.27,1606,,2.0,16,12,28
5281,91,4,2,6.27,384,,,5,4,9
4995,90,4,2,6.26,287,,,4,2,6
3921,95,4,2,6.26,539,,,7,5,12
9619,99,4,2,6.26,539,,,6,7,13
9618,95,4,2,6.26,951,,,11,2,13
580,95,4,2,6.26,924,,2.0,10,7,17
12436,99,4,2,6.26,348,,,2,10,12
11506,90,4,2,6.25,835,,2.0,9,14,23
13700,77,4,2,6.25,188,,,1,8,9
5105,83,4,2,6.25,410,,,2,12,14
10244,87,4,2,6.25,651,,,8,11,19
11483,88,4,2,6.25,801,1.0,1.0,5,28,33
11663,82,4,2,6.25,39,,,0,4,4
9449,78,4,2,6.25,960,,1.0,10,9,19
11996,94,4,2,6.25,143,1.0,,1,6,7
5178,97,4,2,6.25,755,1.0,2.0,7,13,20
3187,99,4,2,6.25,249,,,3,6,9
1935,95,4,2,6.25,1170,,,13,0,13
5093,91,4,2,6.25,792,1.0,,8,20,28
1466,83,4,2,6.24,472,1.0,1.0,5,11,16
12655,89,4,2,6.24,191,,2.0,0,11,11
177,78,4,2,6.24,941,,,10,7,17
13131,85,4,2,6.24,390,,,4,6,10
3979,81,4,2,6.24,1876,1.0,2.0,21,12,33
10152,76,4,2,6.24,375,1.0,,3,11,14
7059,76,4,2,6.24,23,,,0,4,4
3891,95,4,2,6.23,308,,1.0,3,6,9
3419,91,4,2,6.23,73,,,1,1,2
9683,87,4,2,6.23,46,,,1,0,1
6336,90,4,2,6.22,703,,,8,11,19
7451,83,4,2,6.22,807,3.0,,8,12,20
11282,78,4,2,6.22,867,,,13,0,13
7633,77,4,2,6.22,90,,,1,0,1
2656,95,4,2,6.22,1059,1.0,1.0,11,14,25
12046,94,4,2,6.22,49,,,0,4,4
12328,97,4,2,6.22,1517,,,16,10,26
6473,95,4,2,6.21,239,,,4,3,7
302,95,4,2,6.21,726,1.0,,6,12,18
8556,86,4,2,6.21,4,,,0,1,1
10145,90,4,2,6.21,280,1.0,,2,9,11
7807,78,4,2,6.21,34,1.0,,0,5,5
3214,99,4,2,6.2,88,,,0,5,5
12074,84,4,2,6.2,771,,1.0,7,9,16
6490,91,4,2,6.2,418,,,2,20,22
9077,100,4,2,6.2,1530,,,17,0,17
4026,100,4,2,6.2,8,,,0,1,1
10648,77,4,2,6.2,4,,,0,1,1
13789,95,4,2,6.2,452,,,5,3,8
4544,95,4,2,6.2,744,,,8,6,14
3257,86,4,2,6.2,197,,,1,12,13
2137,100,4,2,6.2,186,,,2,6,8
3306,99,4,2,6.19,428,,,5,4,9
9352,83,4,2,6.19,522,1.0,,6,16,22
9869,89,4,2,6.18,205,,,2,4,6
2107,99,4,2,6.18,177,,,2,3,5
1175,95,4,2,6.18,21,,,0,2,2
11315,90,4,2,6.18,39,,,0,2,2
11637,75,4,2,6.18,371,,,4,5,9
5729,95,4,2,6.18,132,,,1,4,5
638,75,4,2,6.17,65,,,0,3,3
11670,99,4,2,6.17,746,1.0,1.0,7,17,24
601,91,4,2,6.17,145,,,1,6,7
10981,100,4,2,6.17,396,2.0,,4,11,15
3218,75,4,2,6.17,74,,,0,6,6
12917,95,4,2,6.16,494,1.0,,5,6,11
1670,100,4,2,6.16,45,,,0,1,1
4949,95,4,2,6.16,14,,,0,1,1
11928,85,4,2,6.16,90,,,1,1,2
3304,83,4,2,6.16,292,,,3,8,11
176,100,4,2,6.16,63,,,1,3,4
5054,90,4,2,6.15,14,,,0,1,1
7233,85,4,2,6.15,107,,,1,3,4
9988,83,4,2,6.15,675,,,7,1,8
13241,77,4,2,6.15,208,,,2,7,9
12379,85,4,2,6.15,277,,,2,10,12
5034,82,4,2,6.15,91,,,0,6,6
4309,83,4,2,6.14,180,,,1,5,6
8395,83,4,2,6.14,485,,,5,7,12
3274,87,4,2,6.14,12,,,0,1,1
7048,90,4,2,6.14,235,,,2,8,10
3923,97,4,2,6.14,165,,,0,11,11
2468,85,4,2,6.14,24,,,0,2,2
2912,85,4,2,6.13,440,,,3,11,14
1114,90,4,2,6.13,9,,,0,1,1
9065,95,4,2,6.13,544,,,5,5,10
3682,86,4,2,6.12,14,,,0,1,1
7522,83,4,2,6.12,18,,,0,1,1
10994,94,4,2,6.12,22,,,0,1,1
13012,99,4,2,6.12,3,,,0,1,1
8042,91,4,2,6.12,21,,,0,3,3
3918,84,4,2,6.11,52,,,0,5,5
3788,85,4,2,6.11,47,,,0,3,3
9809,97,4,2,6.11,141,,,2,0,2
587,97,4,2,6.11,270,,,3,0,3
14365,99,4,2,6.1,154,,,1,9,10
6963,85,4,2,6.1,307,,1.0,5,6,11
2651,84,4,2,6.1,3,,,0,1,1
4466,84,4,2,6.1,32,,,0,2,2
10774,91,4,2,6.1,16,,,0,1,1
8348,89,4,2,6.1,356,,,3,11,14
12595,97,4,2,6.1,442,,,1,26,27
9685,81,4,2,6.09,357,,,3,12,15
372,84,4,2,6.09,103,,,1,5,6
12048,85,4,2,6.09,337,,,3,9,12
13433,85,4,2,6.09,324,3.0,,2,16,18
3023,84,4,2,6.09,4,,,0,1,1
11716,83,4,2,6.09,8,,,0,1,1
7709,75,4,2,6.09,25,,,0,3,3
14456,82,4,2,6.09,41,,,0,4,4
3588,100,4,2,6.08,12,,,0,2,2
13710,82,4,2,6.08,90,,,1,0,1
8305,82,4,2,6.08,22,,,0,2,2
545,78,4,2,6.07,355,,,2,13,15
9446,95,4,2,6.07,1134,,,10,19,29
3975,81,4,2,6.07,4,,,0,1,1
9974,76,4,2,6.06,102,,1.0,0,10,10
7635,83,4,2,6.06,307,,,3,3,6
3131,84,4,2,6.05,52,,,0,6,6
4101,95,4,2,6.05,317,,,4,3,7
4919,84,4,2,6.04,185,,,1,7,8
3675,95,4,2,6.04,50,,,0,4,4
7664,97,4,2,6.03,12,,,0,1,1
8574,83,4,2,6.03,16,,,0,1,1
13206,81,4,2,6.03,407,,1.0,4,8,12
13793,95,4,2,6.03,97,,,0,4,4
9056,78,4,2,6.02,158,,,3,3,6
4970,81,4,2,6.02,4,,,0,1,1
11228,84,4,2,6.02,9,,,0,2,2
7412,97,4,2,6.01,3,,,0,1,1
579,91,4,2,6.01,49,,,0,4,4
8939,97,4,2,6.0,358,,,3,4,7
1422,100,4,2,6.0,1,,,0,1,1
3016,100,4,2,6.0,1,,,1,0,1
5012,97,4,2,6.0,1,,,1,0,1
8155,76,4,2,6.0,1,,,0,1,1
11614,83,4,2,6.0,1,,,1,0,1
12986,78,4,2,6.0,2,,,1,1,2
1127,81,4,2,5.99,4,,,0,1,1
3220,90,4,2,5.99,3,,,0,1,1
8149,87,4,2,5.99,6,,,0,1,1
8843,95,4,2,5.99,2,,,0,1,1
870,85,4,2,5.98,7,,,0,1,1
8229,81,4,2,5.98,5,,,0,1,1
10591,94,4,2,5.98,8,,,0,1,1
14111,100,4,2,5.98,11,,,0,1,1
12146,81,4,2,5.98,36,,,0,2,2
5044,83,4,2,5.97,59,,,0,5,5
9255,100,4,2,5.97,9,,,0,1,1
12995,100,4,2,5.97,7,,,0,1,1
14426,85,4,2,5.97,3,,,0,1,1
9020,89,4,2,5.96,7,,,0,1,1
12890,84,4,2,5.95,33,,,0,3,3
12939,84,4,2,5.95,110,,,1,5,6
4662,75,4,2,5.95,12,,,0,2,2
9440,83,4,2,5.94,221,,,3,1,4
5101,90,4,2,5.94,33,,,1,4,5
7093,87,4,2,5.94,23,,,0,2,2
11016,82,4,2,5.94,360,,,4,0,4
6585,94,4,2,5.93,11,,,0,3,3
10682,77,4,2,5.93,101,,,1,1,2
8653,75,4,2,5.92,86,,,0,4,4
9872,83,4,2,5.89,200,,,3,7,10
10834,87,4,2,5.88,10,,,0,1,1
4900,83,4,2,5.82,23,,,0,1,1
6429,89,4,2,5.82,8,,,0,1,1
4511,75,4,2,5.76,75,,,1,2,3
12597,81,4,2,5.76,90,,,1,0,1
8397,99,4,2,5.51,180,,,2,0,2
7242,76,4,3,7.8,90,,,1,0,1
3017,100,4,3,7.47,90,,,1,0,1
2123,87,4,3,7.35,540,,,6,0,6
1916,84,4,3,7.31,153,,,2,0,2
12706,91,4,3,7.26,2941,12.0,4.0,33,1,34
209,76,4,3,7.24,2266,15.0,5.0,28,3,31
9137,86,4,3,7.24,2299,14.0,4.0,27,5,32
13007,91,4,3,7.19,90,,,1,0,1
9430,76,4,3,7.17,2405,25.0,8.0,32,4,36
3666,99,4,3,7.14,589,3.0,,7,0,7
5252,86,4,3,7.13,1964,5.0,6.0,26,3,29
8022,86,4,3,7.13,2579,12.0,3.0,31,0,31
7727,91,4,3,7.12,1191,5.0,3.0,15,2,17
10633,79,4,3,7.12,2695,6.0,8.0,30,5,35
10241,82,4,3,7.11,2712,19.0,3.0,31,1,32
770,94,4,3,7.09,1397,7.0,3.0,17,5,22
2606,75,4,3,7.08,2490,11.0,9.0,29,5,34
13143,76,4,3,7.08,388,,,4,1,5
12386,76,4,3,7.07,270,,,3,0,3
9704,88,4,3,7.04,2704,8.0,6.0,33,1,34
11776,75,4,3,7.04,2332,8.0,8.0,25,9,34
530,91,4,3,7.03,1926,1.0,,22,0,22
13936,88,4,3,7.03,2396,10.0,3.0,28,1,29
1620,79,4,3,7.03,1259,8.0,1.0,14,1,15
12004,87,4,3,7.03,1094,,1.0,12,1,13
1007,91,4,3,7.03,3406,1.0,3.0,38,0,38
12043,77,4,3,7.02,1889,15.0,4.0,23,7,30
9536,94,4,3,7.01,1792,5.0,5.0,22,5,27
4607,100,4,3,7.01,1971,8.0,3.0,24,1,25
11836,99,4,3,7.01,88,,,1,0,1
7585,87,4,3,7.01,2413,7.0,4.0,28,7,35
9281,76,4,3,6.99,3059,4.0,4.0,34,2,36
10951,88,4,3,6.99,1701,,8.0,22,1,23
13512,75,4,3,6.99,3132,10.0,4.0,36,1,37
11242,82,4,3,6.98,1098,,,12,1,13
4729,91,4,3,6.98,2858,6.0,4.0,32,3,35
2649,88,4,3,6.97,810,,,9,0,9
10734,86,4,3,6.95,2467,3.0,6.0,28,5,33
437,99,4,3,6.95,90,,,1,0,1
7734,89,4,3,6.94,2143,,1.0,24,0,24
12156,82,4,3,6.94,2529,5.0,5.0,29,3,32
7078,86,4,3,6.93,450,,,5,0,5
13971,99,4,3,6.93,3330,,,37,0,37
11675,82,4,3,6.93,270,,,3,0,3
1944,76,4,3,6.92,2647,1.0,2.0,32,2,34
11454,94,4,3,6.92,1420,6.0,3.0,16,8,24
13366,75,4,3,6.92,2699,4.0,3.0,30,3,33
3716,76,4,3,6.92,2888,4.0,1.0,32,5,37
12747,81,4,3,6.92,180,,,2,0,2
1452,81,4,3,6.91,2510,,,29,0,29
3733,82,4,3,6.91,857,1.0,2.0,11,1,12
4352,86,4,3,6.91,2163,4.0,7.0,28,5,33
4655,86,4,3,6.91,1710,,1.0,20,3,23
10109,90,4,3,6.91,1270,4.0,1.0,13,5,18
11819,87,4,3,6.9,1164,8.0,1.0,13,3,16
8922,87,4,3,6.9,2833,2.0,2.0,34,2,36
3806,91,4,3,6.9,324,,,3,1,4
9558,94,4,3,6.89,920,,,11,3,14
520,86,4,3,6.88,2422,1.0,5.0,31,2,33
4821,79,4,3,6.88,2636,6.0,4.0,32,5,37
3909,75,4,3,6.88,1382,,,16,1,17
11176,100,4,3,6.88,1674,1.0,2.0,19,0,19
3415,85,4,3,6.88,2927,2.0,,33,1,34
9039,76,4,3,6.88,3060,,,34,0,34
3565,82,4,3,6.88,3119,,5.0,35,0,35
10728,85,4,3,6.88,1132,,,13,1,14
3360,86,4,3,6.88,1952,7.0,2.0,20,9,29
13116,86,4,3,6.87,1723,3.0,,18,8,26
5959,92,4,3,6.87,417,5.0,,3,9,12
5076,91,4,3,6.87,3330,3.0,2.0,37,0,37
6730,84,4,3,6.87,3042,3.0,,34,2,36
4484,101,4,3,6.86,1368,,,16,0,16
2444,76,4,3,6.86,2080,7.0,7.0,25,11,36
10121,94,4,3,6.85,3420,,,38,0,38
10747,88,4,3,6.85,136,,,2,0,2
13214,75,4,3,6.85,1865,2.0,1.0,21,3,24
12287,91,4,3,6.84,2871,14.0,10.0,35,1,36
14454,78,4,3,6.84,2577,1.0,,31,0,31
9631,91,4,3,6.84,2829,3.0,4.0,34,3,37
20,84,4,3,6.83,3089,,8.0,35,1,36
2582,81,4,3,6.83,508,1.0,,5,3,8
9694,87,4,3,6.83,450,,,5,0,5
7721,87,4,3,6.83,2328,4.0,5.0,26,9,35
2862,77,4,3,6.82,2151,8.0,4.0,26,4,30
1366,82,4,3,6.82,55,,,1,0,1
8054,94,4,3,6.82,1373,3.0,1.0,15,7,22
1251,94,4,3,6.82,3179,2.0,1.0,36,2,38
10626,87,4,3,6.81,1765,3.0,2.0,23,3,26
7236,77,4,3,6.81,2277,,6.0,25,6,31
11832,76,4,3,6.81,2408,,9.0,27,7,34
10651,84,4,3,6.81,2610,,,29,0,29
9493,91,4,3,6.8,2374,,2.0,26,6,32
10821,89,4,3,6.8,3070,11.0,5.0,37,0,37
3155,82,4,3,6.8,3150,,1.0,35,0,35
5217,99,4,3,6.8,2341,1.0,1.0,27,1,28
10757,88,4,3,6.79,2729,,3.0,31,2,33
8969,79,4,3,6.79,2619,,,30,1,31
2175,94,4,3,6.78,2048,4.0,2.0,23,7,30
3024,84,4,3,6.77,27,,,0,1,1
12499,77,4,3,6.77,3011,,1.0,33,2,35
2439,77,4,3,6.77,1051,,4.0,12,5,17
5402,86,4,3,6.77,2410,1.0,4.0,30,2,32
14376,86,4,3,6.77,2970,,,33,0,33
12252,82,4,3,6.77,1937,4.0,3.0,22,7,29
9611,75,4,3,6.76,2155,2.0,,24,2,26
11451,78,4,3,6.76,428,,,5,1,6
8449,82,4,3,6.76,3077,1.0,3.0,35,1,36
11245,90,4,3,6.75,1630,,,19,0,19
12709,76,4,3,6.75,1910,,2.0,23,0,23
2304,86,4,3,6.74,1683,3.0,2.0,15,14,29
5727,101,4,3,6.74,1350,,,15,0,15
3803,78,4,3,6.74,1620,,,18,0,18
4297,101,4,3,6.74,1530,1.0,1.0,17,0,17
12685,99,4,3,6.74,2847,2.0,,32,0,32
4359,87,4,3,6.73,2196,1.0,,26,4,30
13350,87,4,3,6.73,1998,3.0,3.0,23,5,28
603,101,4,3,6.73,1520,1.0,1.0,17,1,18
5759,76,4,3,6.73,2329,,,27,3,30
9165,88,4,3,6.73,2743,1.0,,31,1,32
3246,76,4,3,6.73,2079,4.0,2.0,26,4,30
3848,99,4,3,6.73,1025,4.0,,12,1,13
10298,84,4,3,6.73,3107,2.0,,35,0,35
2422,99,4,3,6.72,1023,1.0,1.0,13,2,15
4177,94,4,3,6.72,3420,,1.0,38,0,38
14276,89,4,3,6.72,3420,,,38,0,38
2579,100,4,3,6.72,1163,2.0,,12,4,16
4762,89,4,3,6.71,2452,,1.0,31,0,31
7764,101,4,3,6.71,1120,1.0,,13,3,16
12751,81,4,3,6.71,2343,8.0,,27,6,33
5009,94,4,3,6.71,3146,2.0,,36,1,37
13687,78,4,3,6.71,2716,,7.0,30,8,38
9698,81,4,3,6.71,2577,1.0,,30,0,30
7855,84,4,3,6.7,2133,3.0,,23,2,25
1375,89,4,3,6.7,2616,,2.0,31,0,31
4693,87,4,3,6.7,1339,3.0,3.0,12,14,26
13093,91,4,3,6.7,2650,,1.0,31,1,32
8485,79,4,3,6.7,2625,3.0,2.0,30,6,36
9903,79,4,3,6.7,718,1.0,2.0,8,3,11
6034,100,4,3,6.7,2965,1.0,,34,0,34
596,88,4,3,6.7,2675,2.0,,31,1,32
6416,77,4,3,6.69,1967,6.0,1.0,24,5,29
246,92,4,3,6.69,1461,1.0,1.0,18,3,21
8323,100,4,3,6.69,2364,12.0,1.0,27,6,33
6314,79,4,3,6.69,1663,,,18,1,19
914,75,4,3,6.69,1107,5.0,,13,3,16
1554,94,4,3,6.68,2432,12.0,2.0,27,5,32
10068,75,4,3,6.68,3295,,,37,0,37
14319,82,4,3,6.68,1235,4.0,6.0,15,11,26
8887,94,4,3,6.68,2580,2.0,1.0,31,3,34
1100,87,4,3,6.68,2222,2.0,3.0,25,8,33
8437,88,4,3,6.68,1060,,4.0,10,12,22
1911,86,4,3,6.68,1585,,1.0,18,5,23
9990,87,4,3,6.68,2970,,,33,0,33
651,91,4,3,6.67,3006,,,34,0,34
3180,91,4,3,6.67,1279,2.0,4.0,13,15,28
9639,76,4,3,6.67,1750,,3.0,19,11,30
174,99,4,3,6.67,1920,1.0,2.0,20,8,28
3012,85,4,3,6.67,2031,,,21,3,24
9614,88,4,3,6.67,3275,1.0,3.0,37,0,37
833,79,4,3,6.66,1650,1.0,3.0,20,8,28
14622,92,4,3,6.66,3315,,,37,0,37
4331,89,4,3,6.66,3420,2.0,,38,0,38
12999,85,4,3,6.66,180,,,2,0,2
5587,79,4,3,6.66,1258,,1.0,14,6,20
10843,99,4,3,6.66,2121,5.0,4.0,23,7,30
3661,87,4,3,6.66,1786,10.0,4.0,21,8,29
4978,91,4,3,6.66,1095,6.0,1.0,11,15,26
9428,92,4,3,6.65,739,3.0,1.0,8,5,13
9770,79,4,3,6.65,1101,2.0,3.0,15,3,18
3928,77,4,3,6.65,1134,1.0,1.0,12,9,21
11972,77,4,3,6.65,3214,1.0,2.0,37,0,37
516,78,4,3,6.65,622,,,7,0,7
14189,87,4,3,6.65,2318,2.0,4.0,27,5,32
2062,88,4,3,6.65,2196,9.0,3.0,27,8,35
3037,82,4,3,6.64,1726,3.0,,22,3,25
10749,82,4,3,6.64,963,1.0,2.0,10,5,15
10661,86,4,3,6.64,433,1.0,1.0,4,7,11
2791,99,4,3,6.64,1159,,,13,2,15
12560,88,4,3,6.64,683,2.0,,7,8,15
13484,89,4,3,6.64,95,,,0,2,2
14360,86,4,3,6.64,1643,3.0,2.0,17,10,27
8826,75,4,3,6.64,1803,,,19,3,22
8162,91,4,3,6.63,1521,1.0,1.0,17,10,27
5052,101,4,3,6.63,753,,,8,4,12
1122,84,4,3,6.63,2860,10.0,1.0,33,3,36
11926,100,4,3,6.63,1080,,,12,0,12
4010,92,4,3,6.63,2946,4.0,,32,2,34
11484,88,4,3,6.63,1088,10.0,1.0,6,24,30
5225,88,4,3,6.63,2234,4.0,2.0,29,8,37
6593,75,4,3,6.63,762,2.0,,8,7,15
6693,101,4,3,6.63,1615,6.0,,19,1,20
536,92,4,3,6.63,540,,,6,0,6
14019,94,4,3,6.63,185,,,1,3,4
7228,91,4,3,6.62,1075,,1.0,12,3,15
13166,90,4,3,6.62,2677,,,30,0,30
4463,75,4,3,6.62,1593,,1.0,19,3,22
4034,94,4,3,6.62,319,,,4,2,6
1231,92,4,3,6.62,2546,6.0,4.0,30,7,37
5376,100,4,3,6.62,2010,1.0,4.0,25,5,30
12397,84,4,3,6.62,385,,2.0,4,5,9
14612,94,4,3,6.62,2266,,2.0,27,4,31
5314,101,4,3,6.61,2870,4.0,2.0,33,2,35
13589,81,4,3,6.61,1119,2.0,3.0,14,8,22
772,75,4,3,6.61,90,,,1,0,1
393,82,4,3,6.61,1280,6.0,1.0,16,8,24
5979,81,4,3,6.61,1392,4.0,1.0,16,4,20
11099,85,4,3,6.61,2404,1.0,3.0,27,1,28
13585,87,4,3,6.61,1638,5.0,2.0,18,12,30
5789,75,4,3,6.61,304,,,4,2,6
3866,88,4,3,6.6,422,,3.0,4,7,11
8203,77,4,3,6.6,982,1.0,1.0,10,6,16
14527,75,4,3,6.6,2510,1.0,6.0,29,6,35
1340,92,4,3,6.6,1200,2.0,,10,15,25
10831,77,4,3,6.6,1212,,2.0,15,7,22
12644,77,4,3,6.6,2303,8.0,4.0,27,9,36
7210,76,4,3,6.59,827,,2.0,7,16,23
12553,75,4,3,6.59,920,3.0,2.0,9,17,26
11634,87,4,3,6.59,2336,1.0,,25,4,29
11664,82,4,3,6.59,2197,1.0,,24,9,33
8345,84,4,3,6.59,163,2.0,,1,5,6
4932,90,4,3,6.59,2762,2.0,4.0,32,1,33
415,79,4,3,6.58,1829,,2.0,20,3,23
9673,84,4,3,6.58,1512,,,19,1,20
13347,89,4,3,6.58,2031,3.0,2.0,23,8,31
6534,77,4,3,6.58,2615,,1.0,29,3,32
9861,84,4,3,6.58,243,2.0,1.0,2,5,7
9855,79,4,3,6.58,1861,,3.0,20,6,26
1494,90,4,3,6.58,2440,1.0,1.0,28,2,30
12752,78,4,3,6.58,3240,1.0,3.0,36,0,36
698,79,4,3,6.58,1035,,,12,3,15
10104,84,4,3,6.58,1487,1.0,,21,2,23
2470,99,4,3,6.57,2660,9.0,3.0,30,6,36
9321,100,4,3,6.57,1386,1.0,1.0,16,9,25
8508,82,4,3,6.57,349,1.0,,4,4,8
3895,92,4,3,6.57,2881,2.0,6.0,34,1,35
11361,89,4,3,6.57,1843,3.0,1.0,21,0,21
4122,77,4,3,6.57,8,,,0,1,1
5111,81,4,3,6.57,2889,,3.0,34,1,35
1873,77,4,3,6.57,1290,3.0,2.0,16,8,24
7192,87,4,3,6.57,462,,,6,1,7
9599,86,4,3,6.56,1784,3.0,2.0,20,9,29
12651,75,4,3,6.56,670,5.0,2.0,7,7,14
14091,84,4,3,6.56,1335,2.0,3.0,16,9,25
10424,78,4,3,6.56,2728,6.0,2.0,33,2,35
9966,101,4,3,6.56,1314,1.0,,15,1,16
10739,77,4,3,6.56,610,1.0,3.0,4,14,18
2045,92,4,3,6.55,2053,,1.0,23,6,29
8466,82,4,3,6.55,1960,5.0,4.0,21,12,33
9190,76,4,3,6.55,1971,3.0,4.0,23,11,34
8269,87,4,3,6.55,1015,,,11,1,12
12144,78,4,3,6.55,3143,10.0,1.0,37,0,37
11392,84,4,3,6.55,1533,1.0,,16,10,26
10761,87,4,3,6.54,1728,2.0,1.0,19,9,28
2138,100,4,3,6.54,386,1.0,2.0,5,4,9
8769,100,4,3,6.54,2250,,,25,0,25
8031,76,4,3,6.54,1151,2.0,1.0,7,24,31
6292,101,4,3,6.54,3128,1.0,,35,0,35
639,75,4,3,6.54,1272,,1.0,14,8,22
7911,86,4,3,6.54,984,2.0,2.0,10,12,22
5412,92,4,3,6.54,1333,3.0,3.0,15,10,25
11356,79,4,3,6.54,2056,7.0,4.0,23,10,33
13447,100,4,3,6.54,1753,1.0,,19,5,24
2972,90,4,3,6.54,1317,3.0,,16,4,20
2967,76,4,3,6.53,254,3.0,,2,8,10
4252,84,4,3,6.53,1696,3.0,3.0,22,3,25
13718,77,4,3,6.53,1179,2.0,2.0,13,8,21
5888,79,4,3,6.52,629,,,7,2,9
10056,101,4,3,6.52,2482,2.0,2.0,29,7,36
9593,92,4,3,6.52,1433,3.0,,19,8,27
13176,94,4,3,6.52,1091,3.0,4.0,12,19,31
1104,90,4,3,6.52,2196,,1.0,25,1,26
3351,92,4,3,6.52,2003,4.0,4.0,23,10,33
12360,75,4,3,6.52,1032,,,10,9,19
7936,75,4,3,6.52,659,,,7,4,11
7060,78,4,3,6.52,1076,1.0,,10,8,18
10543,100,4,3,6.52,180,,,2,0,2
8333,94,4,3,6.51,1636,2.0,1.0,20,5,25
410,87,4,3,6.51,353,,1.0,3,6,9
6492,101,4,3,6.51,702,,,7,1,8
2044,99,4,3,6.51,1187,,,14,5,19
5086,92,4,3,6.51,1204,1.0,,14,3,17
5291,89,4,3,6.51,1067,,,14,4,18
4993,101,4,3,6.51,2525,2.0,,28,5,33
7802,100,4,3,6.51,2510,,1.0,30,3,33
6957,100,4,3,6.51,1412,1.0,2.0,13,10,23
12679,94,4,3,6.51,205,,1.0,2,2,4
8025,92,4,3,6.5,1557,1.0,,18,2,20
12579,87,4,3,6.5,702,3.0,3.0,7,16,23
3228,77,4,3,6.5,631,,1.0,7,4,11
12617,100,4,3,6.5,2329,2.0,3.0,31,5,36
2000,91,4,3,6.5,1174,,1.0,13,13,26
13146,77,4,3,6.49,711,,,7,7,14
6484,100,4,3,6.49,3189,,3.0,36,1,37
178,78,4,3,6.49,1077,1.0,1.0,13,8,21
3797,94,4,3,6.49,1095,4.0,4.0,11,16,27
13045,82,4,3,6.49,180,,,2,0,2
9541,88,4,3,6.49,869,2.0,3.0,7,13,20
8019,100,4,3,6.49,881,1.0,,11,4,15
8778,101,4,3,6.49,692,1.0,1.0,7,7,14
10304,84,4,3,6.48,1904,,1.0,22,8,30
13281,75,4,3,6.48,1181,3.0,4.0,12,16,28
171,88,4,3,6.48,2338,4.0,,26,9,35
8417,81,4,3,6.48,1066,,,12,6,18
420,81,4,3,6.48,2215,1.0,,27,1,28
5235,99,4,3,6.48,1429,3.0,1.0,15,15,30
13943,92,4,3,6.48,1296,,3.0,16,5,21
13221,85,4,3,6.48,1377,2.0,1.0,16,6,22
8234,81,4,3,6.47,2230,2.0,4.0,24,9,33
13683,85,4,3,6.47,2098,,1.0,27,4,31
11677,86,4,3,6.47,971,2.0,2.0,8,18,26
13954,99,4,3,6.47,2319,,6.0,26,7,33
1106,82,4,3,6.47,1443,2.0,1.0,17,8,25
3231,75,4,3,6.47,317,,,4,3,7
12602,99,4,3,6.47,2841,1.0,1.0,34,0,34
9153,82,4,3,6.47,1368,,,14,6,20
6620,86,4,3,6.47,723,2.0,2.0,6,13,19
3237,86,4,3,6.46,1214,5.0,1.0,9,19,28
13160,84,4,3,6.46,2061,,2.0,23,11,34
8051,92,4,3,6.46,90,,,1,0,1
10731,78,4,3,6.46,1278,3.0,1.0,18,9,27
9932,82,4,3,6.45,647,,,6,8,14
7428,77,4,3,6.45,244,1.0,,1,6,7
7562,100,4,3,6.45,1064,2.0,1.0,10,13,23
9975,78,4,3,6.45,2418,1.0,1.0,27,8,35
577,84,4,3,6.45,1715,1.0,,19,12,31
70,85,4,3,6.45,463,1.0,2.0,5,5,10
12978,92,4,3,6.44,3000,4.0,,36,1,37
3081,90,4,3,6.44,2112,5.0,2.0,24,7,31
4866,101,4,3,6.44,2334,3.0,3.0,29,8,37
7385,100,4,3,6.44,1896,3.0,2.0,20,14,34
3740,79,4,3,6.44,2531,1.0,,28,4,32
8695,77,4,3,6.44,2365,,,27,0,27
2369,85,4,3,6.44,1531,6.0,1.0,20,5,25
14463,89,4,3,6.43,1817,1.0,1.0,22,8,30
12052,82,4,3,6.43,829,1.0,1.0,8,10,18
8317,77,4,3,6.43,1066,1.0,,13,5,18
13474,89,4,3,6.43,1158,,4.0,13,8,21
3980,81,4,3,6.43,3225,2.0,1.0,37,0,37
4846,78,4,3,6.43,3063,2.0,,35,2,37
11781,76,4,3,6.43,463,,,2,9,11
9628,90,4,3,6.43,857,,,10,1,11
6873,79,4,3,6.43,538,2.0,,5,8,13
12656,89,4,3,6.43,1947,4.0,2.0,22,14,36
2790,82,4,3,6.43,431,1.0,,5,3,8
576,92,4,3,6.43,775,,,10,0,10
8867,92,4,3,6.42,1833,,2.0,24,6,30
8918,88,4,3,6.42,1410,,1.0,16,9,25
9157,101,4,3,6.42,1119,1.0,,12,4,16
5878,88,4,3,6.42,2610,,,29,0,29
3384,81,4,3,6.42,2880,,,32,0,32
4227,82,4,3,6.42,1116,2.0,,11,15,26
3571,85,4,3,6.42,1946,1.0,,24,4,28
5945,85,4,3,6.42,3169,2.0,3.0,36,0,36
9239,86,4,3,6.42,542,4.0,2.0,5,13,18
12828,79,4,3,6.42,697,,1.0,8,5,13
4791,92,4,3,6.42,266,1.0,2.0,0,10,10
9979,77,4,3,6.42,728,,,9,5,14
5543,76,4,3,6.42,283,2.0,,3,6,9
2976,85,4,3,6.42,1365,5.0,1.0,12,23,35
8311,81,4,3,6.42,2246,6.0,2.0,26,11,37
10743,77,4,3,6.42,899,,1.0,9,6,15
8328,85,4,3,6.42,3240,,,36,0,36
7370,84,4,3,6.41,845,1.0,1.0,8,9,17
3386,94,4,3,6.41,465,,1.0,5,9,14
7989,89,4,3,6.41,2677,1.0,,30,8,38
1002,82,4,3,6.41,1093,1.0,1.0,10,17,27
13307,79,4,3,6.41,578,2.0,2.0,6,7,13
10110,92,4,3,6.41,266,1.0,,3,6,9
11929,85,4,3,6.4,1657,,2.0,17,5,22
9305,77,4,3,6.4,334,,,5,3,8
9308,85,4,3,6.4,545,,,5,6,11
2585,82,4,3,6.4,614,,1.0,5,13,18
815,101,4,3,6.4,959,,,12,4,16
10966,76,4,3,6.4,1126,,,12,6,18
3107,85,4,3,6.4,1463,2.0,3.0,17,10,27
541,78,4,3,6.4,1430,2.0,1.0,16,13,29
4536,88,4,3,6.4,947,3.0,1.0,12,8,20
6337,90,4,3,6.39,972,,,12,2,14
12593,90,4,3,6.39,1474,3.0,,18,3,21
976,85,4,3,6.39,1920,4.0,1.0,25,7,32
4848,89,4,3,6.39,1389,,,16,3,19
3647,87,4,3,6.38,518,,,3,16,19
5000,78,4,3,6.38,999,2.0,4.0,8,20,28
9907,99,4,3,6.38,1108,,,12,5,17
1567,100,4,3,6.38,1246,,1.0,12,15,27
435,79,4,3,6.38,1736,,,21,3,24
2486,85,4,3,6.38,757,,,8,3,11
575,84,4,3,6.38,716,2.0,,8,4,12
373,84,4,3,6.37,896,,,9,4,13
14391,79,4,3,6.37,1152,1.0,1.0,11,15,26
11668,81,4,3,6.37,413,3.0,,5,6,11
14626,78,4,3,6.37,1616,2.0,2.0,19,7,26
12749,99,4,3,6.37,1666,,,20,9,29
9870,89,4,3,6.37,715,,1.0,7,10,17
11923,78,4,3,6.37,1396,3.0,2.0,13,20,33
10428,92,4,3,6.36,660,,,8,7,15
11577,91,4,3,6.36,189,1.0,,1,9,10
8230,81,4,3,6.36,2348,,4.0,27,9,36
12734,84,4,3,6.36,180,,,3,0,3
9033,76,4,3,6.36,982,4.0,2.0,9,20,29
14517,81,4,3,6.36,1514,,1.0,17,5,22
1594,90,4,3,6.36,359,,,3,3,6
9687,78,4,3,6.36,923,,3.0,9,11,20
7528,99,4,3,6.35,1543,1.0,,18,10,28
4370,77,4,3,6.35,1055,,,11,1,12
529,90,4,3,6.35,2608,1.0,,29,5,34
1737,89,4,3,6.35,1730,,,21,9,30
3036,87,4,3,6.35,579,,1.0,6,6,12
12434,81,4,3,6.34,2547,,1.0,29,4,33
9061,76,4,3,6.34,219,,,2,7,9
11616,84,4,3,6.34,630,,,7,0,7
9690,75,4,3,6.34,62,,,1,0,1
8422,79,4,3,6.34,330,1.0,1.0,3,8,11
10592,94,4,3,6.34,1220,2.0,1.0,11,17,28
12783,90,4,3,6.34,736,,,8,1,9
11759,91,4,3,6.34,139,,,1,3,4
11507,90,4,3,6.34,2677,1.0,3.0,32,3,35
12075,101,4,3,6.34,1370,1.0,1.0,14,11,25
1014,92,4,3,6.33,448,1.0,2.0,3,12,15
10763,76,4,3,6.33,344,2.0,2.0,0,14,14
4991,85,4,3,6.33,1060,1.0,,11,6,17
14558,75,4,3,6.33,1575,,2.0,19,10,29
11692,92,4,3,6.33,1109,1.0,1.0,10,19,29
10890,75,4,3,6.33,413,1.0,,5,6,11
4413,79,4,3,6.33,168,,,1,6,7
8390,90,4,3,6.33,875,,,10,4,14
8492,94,4,3,6.33,226,,,2,4,6
9085,75,4,3,6.32,125,,,1,1,2
9880,86,4,3,6.32,808,1.0,2.0,7,19,26
13409,77,4,3,6.32,1146,3.0,2.0,11,20,31
4996,90,4,3,6.32,1654,3.0,2.0,18,16,34
1015,94,4,3,6.32,153,,1.0,2,1,3
11335,91,4,3,6.32,696,,,8,13,21
559,101,4,3,6.32,357,,,5,3,8
14148,90,4,3,6.31,1623,,,19,1,20
8642,75,4,3,6.31,553,2.0,,6,9,15
7564,90,4,3,6.31,640,2.0,,8,3,11
9531,82,4,3,6.31,144,,,2,2,4
11475,85,4,3,6.31,1852,,,24,2,26
11355,90,4,3,6.31,1108,1.0,1.0,12,9,21
12569,77,4,3,6.3,113,1.0,,0,7,7
1344,78,4,3,6.3,2165,,3.0,27,6,33
10888,91,4,3,6.3,36,,,0,4,4
5861,99,4,3,6.3,917,1.0,,9,10,19
4512,75,4,3,6.3,535,,,6,7,13
13693,94,4,3,6.3,815,1.0,1.0,5,26,31
5058,76,4,3,6.29,274,,,4,2,6
12384,100,4,3,6.29,596,,1.0,4,16,20
5752,100,4,3,6.28,738,1.0,,11,1,12
4683,101,4,3,6.28,1641,1.0,2.0,17,7,24
5187,85,4,3,6.28,863,1.0,1.0,8,19,27
13164,90,4,3,6.28,269,1.0,,2,10,12
2154,84,4,3,6.28,722,,,8,6,14
4613,78,4,3,6.27,257,1.0,,2,7,9
9946,82,4,3,6.27,124,,,1,4,5
11346,88,4,3,6.27,605,1.0,,6,5,11
13006,78,4,3,6.27,1170,,,13,0,13
5438,84,4,3,6.26,270,,,3,3,6
13838,81,4,3,6.26,70,,,0,4,4
1093,79,4,3,6.26,589,2.0,,7,11,18
13506,88,4,3,6.26,849,2.0,2.0,8,22,30
12881,99,4,3,6.26,148,,,0,5,5
4542,85,4,3,6.26,1005,,,9,9,18
14294,92,4,3,6.26,1085,,1.0,12,2,14
10982,100,4,3,6.25,895,1.0,,9,13,22
9075,81,4,3,6.25,450,,,5,0,5
1334,85,4,3,6.25,594,1.0,,7,7,14
10664,94,4,3,6.25,532,,,4,8,12
4027,100,4,3,6.25,90,,,0,2,2
10753,87,4,3,6.24,565,,,5,12,17
6768,101,4,3,6.24,1215,1.0,1.0,11,22,33
7378,81,4,3,6.24,377,,,2,15,17
9445,92,4,3,6.24,57,,,1,0,1
13676,90,4,3,6.24,445,,,5,3,8
3649,92,4,3,6.24,433,,,1,20,21
836,99,4,3,6.24,381,1.0,,0,16,16
7955,89,4,3,6.24,609,,1.0,6,9,15
4713,101,4,3,6.24,224,,,3,5,8
11525,79,4,3,6.23,1035,,,12,0,12
6876,82,4,3,6.23,325,,,1,13,14
3044,90,4,3,6.23,1095,,1.0,12,8,20
1414,99,4,3,6.23,1319,2.0,1.0,16,10,26
6483,89,4,3,6.23,498,1.0,,6,7,13
3219,75,4,3,6.23,119,,,1,3,4
6322,84,4,3,6.23,298,,,2,7,9
2215,84,4,3,6.23,543,1.0,3.0,3,15,18
7850,89,4,3,6.22,300,,,2,9,11
9634,78,4,3,6.22,574,,,8,4,12
8157,78,4,3,6.22,426,2.0,,1,25,26
9681,81,4,3,6.22,765,1.0,,8,9,17
4327,79,4,3,6.22,431,,,5,2,7
1220,89,4,3,6.21,127,,,1,2,3
4863,90,4,3,6.21,598,,,7,5,12
8258,84,4,3,6.21,226,,,2,6,8
9623,100,4,3,6.21,4,,,0,1,1
3052,89,4,3,6.21,365,,,2,11,13
11930,88,4,3,6.21,191,,,1,5,6
6842,87,4,3,6.21,208,,,1,4,5
10696,81,4,3,6.21,281,,,2,8,10
3235,85,4,3,6.21,258,,,4,5,9
9450,78,4,3,6.2,182,,,1,4,5
11087,90,4,3,6.2,217,,,1,8,9
2473,101,4,3,6.2,146,,,1,8,9
1382,101,4,3,6.2,1013,,1.0,12,2,14
7660,90,4,3,6.2,178,,1.0,1,8,9
5827,101,4,3,6.2,936,,,10,14,24
871,85,4,3,6.2,7,,,0,2,2
13259,86,4,3,6.19,89,,,0,6,6
10199,89,4,3,6.19,445,,,2,13,15
2820,91,4,3,6.19,204,,,1,17,18
3011,79,4,3,6.19,23,,,1,1,2
277,99,4,3,6.18,648,,,9,11,20
4663,75,4,3,6.18,200,,,1,9,10
1290,89,4,3,6.18,782,1.0,,8,20,28
10764,82,4,3,6.18,343,,,4,5,9
5006,78,4,3,6.18,303,,,1,11,12
8306,87,4,3,6.18,5,,,0,1,1
10153,76,4,3,6.18,21,,,0,1,1
5636,100,4,3,6.18,665,2.0,1.0,4,25,29
6382,84,4,3,6.18,759,1.0,1.0,6,18,24
9073,89,4,3,6.18,71,,,0,2,2
4340,76,4,3,6.18,12,,,0,2,2
5079,77,4,3,6.17,1016,3.0,1.0,9,21,30
5016,76,4,3,6.17,5,,,0,1,1
7710,75,4,3,6.17,11,,,0,1,1
13722,82,4,3,6.17,7,,,0,1,1
12054,75,4,3,6.17,122,,,1,5,6
2499,82,4,3,6.17,404,,,4,5,9
6698,101,4,3,6.17,1121,,,12,4,16
9125,99,4,3,6.17,1361,,,15,14,29
583,99,4,3,6.16,29,,,0,2,2
4874,84,4,3,6.16,29,,,0,2,2
7429,90,4,3,6.16,502,,,6,2,8
7636,89,4,3,6.16,62,,,0,3,3
10147,101,4,3,6.16,355,,,4,6,10
6482,77,4,3,6.16,297,1.0,,3,4,7
10992,81,4,3,6.16,757,,,8,13,21
11968,89,4,3,6.16,295,,,3,8,11
4497,84,4,3,6.16,88,,1.0,1,2,3
7708,90,4,3,6.15,394,,1.0,4,4,8
3919,84,4,3,6.15,165,,,1,2,3
9512,85,4,3,6.15,83,1.0,,0,7,7
14149,75,4,3,6.15,164,,,3,1,4
6073,100,4,3,6.15,85,,,0,6,6
2913,85,4,3,6.15,405,,,4,7,11
2576,101,4,3,6.14,738,2.0,1.0,6,23,29
13972,76,4,3,6.14,58,,,0,3,3
2981,85,4,3,6.14,99,,,0,5,5
5973,81,4,3,6.14,29,,,0,3,3
8656,86,4,3,6.14,10,,,0,1,1
591,79,4,3,6.14,383,,,3,7,10
5800,81,4,3,6.14,106,,1.0,0,12,12
13010,79,4,3,6.14,108,,,0,9,9
14366,99,4,3,6.14,1042,,1.0,10,19,29
2008,101,4,3,6.13,159,,,1,8,9
776,100,4,3,6.13,436,,,6,7,13
10655,78,4,3,6.13,3,,,0,1,1
12996,100,4,3,6.13,110,,,0,9,9
9486,92,4,3,6.13,86,,,0,6,6
8368,88,4,3,6.13,651,1.0,,6,18,24
2943,101,4,3,6.13,495,2.0,,6,4,10
556,79,4,3,6.13,130,1.0,1.0,0,15,15
4862,88,4,3,6.12,140,,,1,8,9
425,76,4,3,6.12,5,,,0,1,1
11192,77,4,3,6.12,17,,,0,2,2
13973,87,4,3,6.12,39,,,0,6,6
2829,85,4,3,6.11,936,1.0,1.0,8,21,29
4314,85,4,3,6.11,68,,,0,3,3
12134,90,4,3,6.11,174,,,0,8,8
14297,92,4,3,6.11,26,,,0,2,2
3976,81,4,3,6.1,173,,,0,15,15
3576,101,4,3,6.1,131,,,1,7,8
5094,91,4,3,6.1,392,1.0,1.0,1,29,30
10146,90,4,3,6.1,101,,,1,7,8
13674,86,4,3,6.1,10,,,0,2,2
14494,92,4,3,6.09,172,,,2,1,3
1826,79,4,3,6.09,48,,,0,4,4
10659,89,4,3,6.09,63,,,1,5,6
12061,101,4,3,6.08,143,,,3,0,3
14036,81,4,3,6.08,72,,,0,6,6
12947,90,4,3,6.08,326,,,4,3,7
825,79,4,3,6.07,9,,,0,2,2
245,92,4,3,6.07,210,,,2,7,9
557,84,4,3,6.07,47,,,1,1,2
12554,94,4,3,6.07,41,,,0,2,2
528,82,4,3,6.06,17,,,0,1,1
11025,88,4,3,6.06,33,,,0,2,2
13243,81,4,3,6.05,102,,,0,5,5
4666,81,4,3,6.05,5,,,0,1,1
9072,79,4,3,6.05,259,,,3,5,8
823,99,4,3,6.05,384,1.0,,4,11,15
1815,76,4,3,6.04,22,,,0,1,1
4479,89,4,3,6.04,14,,,0,1,1
5106,78,4,3,6.04,8,,,0,1,1
11004,79,4,3,6.04,7,,,0,1,1
12605,90,4,3,6.03,462,,,3,14,17
553,75,4,3,6.03,4,,,0,1,1
10596,101,4,3,6.03,82,,,0,2,2
9158,84,4,3,6.02,57,,,0,6,6
3132,84,4,3,6.02,43,,,0,4,4
3914,79,4,3,6.02,720,,,8,0,8
9697,90,4,3,6.02,36,,,0,5,5
1121,90,4,3,6.02,327,,,2,11,13
9934,91,4,3,6.02,31,,,0,6,6
1116,90,4,3,6.01,7,,,0,1,1
13128,90,4,3,6.01,364,,,3,4,7
7357,85,4,3,6.01,11,,,0,2,2
5,99,4,3,6.0,1,,,0,1,1
602,91,4,3,6.0,2,,,0,2,2
8344,81,4,3,6.0,1,,,0,1,1
10775,91,4,3,6.0,1,,,1,0,1
10954,101,4,3,6.0,5,,,0,1,1
13280,94,4,3,6.0,1,,,0,1,1
13707,99,4,3,5.99,9,,,0,1,1
14468,85,4,3,5.99,1,,,0,1,1
1406,101,4,3,5.98,86,,,0,9,9
2011,75,4,3,5.98,2,,,0,1,1
11554,81,4,3,5.98,2,,,0,1,1
7808,78,4,3,5.98,122,,,0,6,6
14136,91,4,3,5.97,11,,,0,1,1
9175,94,4,3,5.95,246,,,2,6,8
3463,87,4,3,5.95,6,,,0,1,1
2842,100,4,3,5.94,14,,,0,2,2
12432,101,4,3,5.93,27,,,0,3,3
4326,84,4,3,5.92,4,,,0,1,1
11852,89,4,3,5.91,25,,,0,4,4
13419,81,4,3,5.91,23,,,0,3,3
8744,82,4,3,5.89,7,,,0,2,2
1467,88,4,3,5.89,7,,,0,1,1
407,79,4,3,5.89,82,,,0,5,5
12437,99,4,3,5.88,2,,,0,1,1
13941,89,4,3,5.86,180,,,2,0,2
5984,81,4,3,5.82,90,,,1,0,1
9651,79,4,3,5.78,266,,,3,5,8
3302,79,4,3,4.96,9,,,0,1,1
1486,110,5,1,8.61,269,1.0,,3,0,3
8254,119,5,1,8.28,2842,16.0,16.0,32,0,32
7939,119,5,1,7.8,2822,29.0,5.0,32,2,34
9335,121,5,1,7.71,1330,9.0,4.0,16,0,16
10576,119,5,1,7.71,1553,13.0,11.0,18,2,20
13035,114,5,1,7.56,66,1.0,,1,0,1
2880,110,5,1,7.44,1552,6.0,5.0,18,0,18
737,111,5,1,7.42,2938,27.0,5.0,34,1,35
11974,109,5,1,7.38,2535,7.0,10.0,28,4,32
8526,111,5,1,7.32,161,,,2,0,2
13329,115,5,1,7.28,2557,12.0,4.0,30,0,30
4035,110,5,1,7.26,3039,5.0,5.0,35,0,35
12263,110,5,1,7.22,1253,5.0,3.0,14,2,16
13338,117,5,1,7.21,1334,6.0,3.0,15,1,16
6617,105,5,1,7.19,90,,,1,0,1
6864,109,5,1,7.18,3179,24.0,4.0,36,1,37
1874,109,5,1,7.16,2919,1.0,1.0,33,1,34
1898,115,5,1,7.15,1710,,,19,0,19
1882,121,5,1,7.15,3084,7.0,10.0,37,0,37
5839,115,5,1,7.15,1306,1.0,3.0,15,0,15
4599,108,5,1,7.13,3064,7.0,9.0,34,4,38
987,121,5,1,7.12,2532,15.0,3.0,29,4,33
4853,117,5,1,7.12,2514,13.0,3.0,28,5,33
507,114,5,1,7.11,2484,8.0,7.0,29,5,34
12762,108,5,1,7.1,3079,7.0,5.0,34,1,35
7769,115,5,1,7.1,1259,,,15,0,15
4967,102,5,1,7.1,81,,,0,1,1
1153,116,5,1,7.09,3153,1.0,1.0,36,0,36
3751,109,5,1,7.08,1056,3.0,4.0,11,11,22
3629,104,5,1,7.08,180,,,2,0,2
2098,124,5,1,7.08,2893,5.0,8.0,32,3,35
6453,121,5,1,7.08,1287,6.0,2.0,13,16,29
6367,123,5,1,7.07,2428,2.0,6.0,29,1,30
13189,105,5,1,7.07,1662,6.0,,20,3,23
14272,114,5,1,7.07,2130,19.0,6.0,28,4,32
4230,116,5,1,7.06,1693,,,19,4,23
10484,124,5,1,7.06,90,,,1,0,1
13033,103,5,1,7.06,838,4.0,3.0,9,4,13
10946,119,5,1,7.04,1554,1.0,5.0,18,5,23
9772,111,5,1,7.04,2778,4.0,7.0,32,4,36
777,112,5,1,7.04,2699,14.0,3.0,32,3,35
5240,123,5,1,7.04,2880,20.0,1.0,32,5,37
10393,103,5,1,7.03,2492,4.0,4.0,29,1,30
11712,108,5,1,7.03,2838,5.0,3.0,31,6,37
8566,116,5,1,7.01,2821,7.0,5.0,30,7,37
13337,110,5,1,7.01,1398,12.0,,17,1,18
13945,112,5,1,7.0,3034,1.0,2.0,34,2,36
4705,105,5,1,7.0,2546,6.0,5.0,29,4,33
8296,108,5,1,6.99,2529,21.0,4.0,29,9,38
11913,111,5,1,6.99,1874,4.0,6.0,21,13,34
11640,105,5,1,6.99,2773,5.0,5.0,32,0,32
5421,117,5,1,6.97,1882,1.0,2.0,22,5,27
10717,117,5,1,6.96,1529,6.0,,17,2,19
6859,112,5,1,6.95,2604,2.0,9.0,32,2,34
6869,108,5,1,6.95,2830,1.0,3.0,33,0,33
3073,117,5,1,6.94,3300,1.0,2.0,37,0,37
14546,120,5,1,6.94,3330,1.0,2.0,37,0,37
11867,124,5,1,6.94,2997,,2.0,34,0,34
137,119,5,1,6.94,2053,5.0,3.0,23,5,28
14435,120,5,1,6.94,2790,,,31,0,31
7644,108,5,1,6.94,3234,1.0,2.0,37,0,37
2069,111,5,1,6.94,1438,5.0,8.0,15,11,26
9086,119,5,1,6.94,2206,,,27,2,29
13964,114,5,1,6.93,2220,1.0,4.0,24,7,31
7596,105,5,1,6.93,1419,,2.0,16,1,17
13344,111,5,1,6.93,1114,6.0,2.0,14,3,17
279,108,5,1,6.92,1288,5.0,5.0,16,4,20
703,123,5,1,6.92,2681,1.0,2.0,31,0,31
2206,114,5,1,6.92,2898,1.0,9.0,32,3,35
7518,111,5,1,6.91,1357,4.0,2.0,15,4,19
6854,109,5,1,6.91,2790,6.0,7.0,32,2,34
3297,111,5,1,6.91,1462,1.0,,17,0,17
10574,106,5,1,6.91,2840,3.0,1.0,33,0,33
7723,117,5,1,6.91,2560,2.0,4.0,30,5,35
4626,120,5,1,6.9,3013,21.0,2.0,34,3,37
1712,120,5,1,6.89,2492,,,29,1,30
9447,125,5,1,6.89,749,,,8,1,9
14525,114,5,1,6.89,3089,2.0,2.0,35,1,36
4213,119,5,1,6.89,1899,3.0,2.0,21,6,27
7382,120,5,1,6.89,2930,6.0,5.0,34,1,35
12254,105,5,1,6.88,1429,6.0,6.0,16,11,27
5019,119,5,1,6.88,3410,,,38,0,38
9276,120,5,1,6.88,2708,7.0,3.0,31,3,34
14501,102,5,1,6.88,1162,6.0,3.0,15,2,17
11433,104,5,1,6.87,867,,,10,0,10
2400,112,5,1,6.87,2497,5.0,4.0,28,9,37
3876,115,5,1,6.87,2530,19.0,5.0,29,4,33
12312,125,5,1,6.87,2360,7.0,5.0,29,3,32
10722,111,5,1,6.86,2995,1.0,3.0,34,0,34
8831,111,5,1,6.86,1602,,1.0,19,2,21
1934,114,5,1,6.86,839,2.0,,9,2,11
4856,121,5,1,6.86,251,2.0,,3,1,4
10277,123,5,1,6.86,1429,1.0,2.0,18,0,18
10953,112,5,1,6.86,2349,6.0,,23,8,31
6953,112,5,1,6.85,2864,4.0,3.0,31,7,38
1754,121,5,1,6.84,1815,2.0,,20,5,25
11778,124,5,1,6.84,1871,5.0,4.0,25,5,30
4764,123,5,1,6.84,1465,,1.0,17,1,18
1665,114,5,1,6.83,3330,3.0,3.0,37,1,38
12562,112,5,1,6.83,1889,2.0,2.0,24,2,26
2117,114,5,1,6.83,1856,12.0,2.0,19,13,32
285,121,5,1,6.83,1962,,6.0,24,4,28
5816,109,5,1,6.83,1785,2.0,1.0,21,2,23
2744,111,5,1,6.82,2050,1.0,2.0,25,5,30
6200,116,5,1,6.82,806,,1.0,8,5,13
759,120,5,1,6.82,1998,4.0,6.0,28,5,33
10305,106,5,1,6.82,3330,,,37,0,37
10500,116,5,1,6.82,60,,,1,0,1
5271,121,5,1,6.82,2531,1.0,4.0,28,3,31
3537,121,5,1,6.82,575,,,7,1,8
12870,119,5,1,6.82,2709,2.0,1.0,31,2,33
6929,117,5,1,6.82,2456,,2.0,27,6,33
2433,112,5,1,6.82,2850,5.0,,32,4,36
1255,108,5,1,6.81,866,1.0,1.0,12,5,17
13203,124,5,1,6.81,3123,2.0,,35,1,36
11405,112,5,1,6.81,2925,,2.0,32,1,33
385,116,5,1,6.81,3330,,,37,0,37
8622,112,5,1,6.81,291,3.0,1.0,2,5,7
4604,125,5,1,6.81,1010,3.0,,11,4,15
10096,124,5,1,6.8,2262,1.0,2.0,26,1,27
4278,108,5,1,6.8,2784,2.0,4.0,32,0,32
9798,124,5,1,6.8,3420,,,38,0,38
181,109,5,1,6.8,1065,1.0,1.0,12,9,21
2125,105,5,1,6.79,2489,,,27,3,30
10256,110,5,1,6.79,3420,1.0,2.0,38,0,38
5728,104,5,1,6.79,1530,,,17,0,17
6719,106,5,1,6.79,2607,4.0,3.0,29,2,31
784,109,5,1,6.79,1611,3.0,,16,5,21
12480,108,5,1,6.79,2897,1.0,1.0,33,0,33
3966,120,5,1,6.79,2390,,3.0,27,2,29
7539,117,5,1,6.79,3240,,,36,0,36
6331,117,5,1,6.79,2873,,,33,1,34
10186,114,5,1,6.78,2200,,3.0,25,4,29
7891,114,5,1,6.78,2079,4.0,2.0,22,9,31
5425,103,5,1,6.78,2141,2.0,2.0,24,6,30
12296,125,5,1,6.77,2669,1.0,1.0,31,1,32
2148,108,5,1,6.77,3330,,,37,0,37
1524,115,5,1,6.76,2419,9.0,3.0,30,6,36
3045,119,5,1,6.76,2411,2.0,,27,6,33
5219,114,5,1,6.76,2160,3.0,,25,1,26
10930,119,5,1,6.76,1133,,3.0,12,7,19
14497,117,5,1,6.76,777,1.0,,8,10,18
9885,117,5,1,6.75,2460,,,28,5,33
13016,111,5,1,6.75,1959,,,22,2,24
828,106,5,1,6.75,2463,,,28,0,28
4288,115,5,1,6.75,1935,5.0,5.0,23,10,33
6547,108,5,1,6.75,508,,1.0,5,6,11
12711,112,5,1,6.74,2219,4.0,1.0,26,7,33
14095,119,5,1,6.74,2461,2.0,3.0,29,7,36
2623,115,5,1,6.74,2696,,2.0,30,0,30
12464,106,5,1,6.74,2036,7.0,3.0,23,11,34
6460,105,5,1,6.73,2080,10.0,3.0,24,8,32
1717,103,5,1,6.73,1137,,,13,2,15
2373,111,5,1,6.73,2986,2.0,,33,1,34
8837,125,5,1,6.73,2672,12.0,3.0,30,4,34
5022,104,5,1,6.73,2263,,,26,0,26
1288,125,5,1,6.73,29,1.0,,0,2,2
13036,117,5,1,6.73,1231,1.0,4.0,14,8,22
7266,104,5,1,6.73,3216,3.0,1.0,35,2,37
8135,112,5,1,6.73,2643,,1.0,30,5,35
11725,116,5,1,6.73,1803,1.0,2.0,22,2,24
1726,117,5,1,6.72,861,,4.0,9,10,19
8375,121,5,1,6.72,1670,2.0,5.0,18,14,32
8008,110,5,1,6.72,2351,,1.0,28,1,29
3283,108,5,1,6.72,2206,4.0,3.0,26,7,33
14142,121,5,1,6.72,1363,,,15,1,16
9269,119,5,1,6.72,2718,2.0,,30,3,33
13372,115,5,1,6.72,535,1.0,1.0,7,2,9
8557,125,5,1,6.71,1097,,1.0,14,1,15
3373,121,5,1,6.71,1116,3.0,1.0,11,15,26
14102,110,5,1,6.71,1607,,,17,1,18
9181,117,5,1,6.71,844,,,11,3,14
1241,109,5,1,6.71,2836,2.0,6.0,34,2,36
1585,121,5,1,6.71,3129,4.0,,35,0,35
1068,109,5,1,6.71,1628,3.0,2.0,18,8,26
13185,121,5,1,6.7,3016,,1.0,34,0,34
9029,105,5,1,6.7,3330,,,37,0,37
14599,124,5,1,6.7,2480,10.0,5.0,28,9,37
4307,124,5,1,6.7,2345,5.0,5.0,24,12,36
6326,116,5,1,6.69,2569,,,30,2,32
29,117,5,1,6.69,1588,1.0,1.0,18,9,27
13482,109,5,1,6.69,2022,2.0,,24,1,25
4891,110,5,1,6.69,2442,,4.0,28,1,29
5296,104,5,1,6.69,1119,,,13,1,14
10945,104,5,1,6.69,2017,5.0,4.0,23,10,33
1313,111,5,1,6.69,2817,,,32,0,32
1212,117,5,1,6.68,781,6.0,1.0,9,5,14
6390,111,5,1,6.68,443,1.0,,4,5,9
720,114,5,1,6.68,3420,,,38,0,38
6838,115,5,1,6.68,1168,,,14,0,14
7519,121,5,1,6.68,973,3.0,2.0,11,6,17
14531,117,5,1,6.68,566,1.0,,6,4,10
6997,115,5,1,6.67,2461,,6.0,26,9,35
1745,110,5,1,6.67,1504,1.0,,17,1,18
10706,116,5,1,6.67,2217,1.0,,26,0,26
3482,112,5,1,6.67,828,4.0,3.0,9,15,24
1730,109,5,1,6.66,2656,3.0,,29,4,33
2549,114,5,1,6.66,446,,1.0,5,3,8
6376,121,5,1,6.66,508,,,6,2,8
11720,104,5,1,6.66,630,,1.0,7,0,7
8235,105,5,1,6.66,3094,,,35,1,36
1333,124,5,1,6.65,3316,2.0,,37,0,37
9850,106,5,1,6.65,2224,1.0,,25,1,26
2479,120,5,1,6.65,688,,,8,1,9
9805,123,5,1,6.65,2018,,,23,3,26
5842,124,5,1,6.65,1376,,,16,1,17
5185,106,5,1,6.65,2244,10.0,3.0,26,11,37
13411,124,5,1,6.65,2363,12.0,1.0,28,8,36
12399,112,5,1,6.65,1232,1.0,1.0,13,7,20
5793,123,5,1,6.65,2301,1.0,1.0,25,3,28
6654,121,5,1,6.65,1418,1.0,,16,0,16
10313,116,5,1,6.64,1936,8.0,2.0,18,18,36
7331,110,5,1,6.64,1656,,,19,1,20
3821,114,5,1,6.64,1060,4.0,1.0,13,6,19
4826,124,5,1,6.63,1258,,1.0,14,4,18
14049,110,5,1,6.63,3330,,,37,0,37
8788,105,5,1,6.63,1825,2.0,,20,11,31
9615,112,5,1,6.63,2113,2.0,4.0,25,8,33
5292,104,5,1,6.63,1660,1.0,2.0,18,9,27
8481,109,5,1,6.63,2880,,,32,0,32
4540,121,5,1,6.62,1685,2.0,2.0,19,11,30
1519,121,5,1,6.62,1862,7.0,3.0,24,6,30
2642,121,5,1,6.62,1007,,,12,1,13
14312,125,5,1,6.62,2422,4.0,2.0,25,9,34
9725,123,5,1,6.61,3420,,,38,0,38
14122,115,5,1,6.61,1644,4.0,1.0,20,7,27
11721,110,5,1,6.61,182,1.0,,1,4,5
11702,119,5,1,6.61,731,,,9,2,11
5753,104,5,1,6.61,1591,1.0,,18,1,19
6408,120,5,1,6.61,1529,3.0,1.0,14,17,31
13389,111,5,1,6.61,2065,1.0,1.0,22,9,31
12450,111,5,1,6.61,1317,,2.0,14,6,20
9451,106,5,1,6.61,3120,,1.0,35,0,35
13430,120,5,1,6.61,1983,,1.0,23,1,24
7187,119,5,1,6.61,1648,1.0,4.0,18,10,28
4877,125,5,1,6.6,2668,,,30,0,30
13394,120,5,1,6.6,1762,,1.0,20,2,22
7652,123,5,1,6.6,2103,10.0,,23,11,34
14586,110,5,1,6.59,1813,,,21,0,21
5942,125,5,1,6.59,1616,2.0,,17,5,22
5242,123,5,1,6.59,1628,3.0,2.0,18,11,29
2004,104,5,1,6.59,3405,2.0,,38,0,38
8242,103,5,1,6.59,166,1.0,,0,7,7
8531,123,5,1,6.59,1763,,1.0,18,8,26
5473,119,5,1,6.59,1155,3.0,4.0,12,13,25
6316,114,5,1,6.58,289,,,3,3,6
2483,106,5,1,6.58,572,,,6,3,9
3357,104,5,1,6.58,124,,,1,1,2
12013,124,5,1,6.58,61,2.0,,0,4,4
2079,120,5,1,6.58,1060,,,13,2,15
7024,109,5,1,6.58,2593,1.0,,30,1,31
14338,103,5,1,6.57,2504,,,30,0,30
3792,106,5,1,6.57,2173,3.0,3.0,26,6,32
8565,123,5,1,6.57,772,1.0,,9,4,13
8284,121,5,1,6.57,90,,1.0,1,0,1
5832,112,5,1,6.57,1022,1.0,,9,13,22
14328,103,5,1,6.57,990,,,11,0,11
5593,116,5,1,6.56,1520,5.0,3.0,16,12,28
10323,102,5,1,6.56,2509,6.0,,30,2,32
756,108,5,1,6.56,597,5.0,3.0,5,15,20
1152,120,5,1,6.56,1040,,,12,1,13
9473,104,5,1,6.56,1302,2.0,2.0,16,7,23
14572,109,5,1,6.55,202,1.0,1.0,3,1,4
2003,115,5,1,6.55,407,,,4,1,5
10353,106,5,1,6.55,1976,7.0,4.0,23,15,38
6920,115,5,1,6.55,2749,1.0,2.0,32,2,34
12005,125,5,1,6.55,1319,4.0,1.0,15,11,26
10309,116,5,1,6.55,2359,5.0,4.0,28,6,34
13424,123,5,1,6.55,1078,,2.0,13,4,17
8055,119,5,1,6.55,49,,1.0,0,3,3
9803,106,5,1,6.55,1457,1.0,,19,6,25
4303,103,5,1,6.55,482,,,6,1,7
6344,105,5,1,6.54,2514,,,27,7,34
12320,117,5,1,6.54,923,4.0,2.0,9,18,27
10674,115,5,1,6.54,1275,2.0,1.0,14,3,17
13182,115,5,1,6.54,1285,4.0,2.0,14,12,26
6347,108,5,1,6.54,90,,,1,0,1
990,112,5,1,6.54,515,,,6,4,10
5405,111,5,1,6.54,353,,1.0,3,4,7
11987,111,5,1,6.54,601,,,6,1,7
3691,114,5,1,6.53,220,1.0,,1,6,7
3145,108,5,1,6.53,1410,1.0,3.0,16,15,31
9801,115,5,1,6.53,1645,,,18,5,23
13586,109,5,1,6.53,1748,,2.0,18,11,29
4793,109,5,1,6.53,832,,,9,9,18
10216,102,5,1,6.53,2457,,,27,3,30
5611,110,5,1,6.53,457,,,5,2,7
10871,105,5,1,6.52,1312,1.0,,16,5,21
4289,115,5,1,6.52,2580,1.0,3.0,29,6,35
3481,123,5,1,6.52,1546,,,18,10,28
4551,116,5,1,6.52,1090,1.0,2.0,11,8,19
1345,117,5,1,6.52,520,,1.0,7,4,11
11489,116,5,1,6.52,2042,,1.0,25,1,26
356,104,5,1,6.51,1603,,,19,1,20
11919,104,5,1,6.51,2427,2.0,1.0,27,7,34
11303,112,5,1,6.51,486,1.0,1.0,4,10,14
12301,123,5,1,6.5,653,,1.0,7,7,14
7477,120,5,1,6.5,1158,2.0,2.0,13,13,26
5317,105,5,1,6.5,2658,2.0,,30,8,38
4182,116,5,1,6.5,1257,3.0,2.0,15,15,30
2116,124,5,1,6.5,1827,4.0,1.0,25,5,30
6324,108,5,1,6.5,807,,,9,12,21
14053,102,5,1,6.5,2463,,2.0,29,2,31
7591,104,5,1,6.49,180,,,2,0,2
14486,106,5,1,6.49,2393,,,25,13,38
6735,111,5,1,6.49,1935,1.0,2.0,21,10,31
10001,102,5,1,6.49,1328,1.0,1.0,15,5,20
1479,112,5,1,6.49,131,,,2,0,2
1739,110,5,1,6.48,749,3.0,,9,6,15
8180,121,5,1,6.48,1330,,1.0,14,12,26
13367,110,5,1,6.48,1451,2.0,2.0,15,12,27
12627,123,5,1,6.48,1633,1.0,1.0,17,12,29
4962,112,5,1,6.48,420,2.0,,6,4,10
9404,108,5,1,6.47,1657,,1.0,17,19,36
14316,121,5,1,6.47,551,,,6,2,8
314,106,5,1,6.47,504,,1.0,6,4,10
14529,102,5,1,6.47,922,,,12,1,13
4857,104,5,1,6.47,1388,3.0,1.0,15,22,37
7465,121,5,1,6.47,317,1.0,,2,12,14
11932,117,5,1,6.47,179,,,1,3,4
2847,111,5,1,6.46,336,,,3,4,7
100,125,5,1,6.46,1317,1.0,2.0,15,4,19
5558,110,5,1,6.46,1569,7.0,1.0,15,22,37
2347,119,5,1,6.46,1188,3.0,2.0,14,12,26
14543,123,5,1,6.46,34,1.0,,0,3,3
5483,105,5,1,6.46,1688,1.0,2.0,19,13,32
9881,106,5,1,6.46,656,1.0,1.0,7,11,18
13179,110,5,1,6.46,1070,2.0,,14,14,28
9496,105,5,1,6.45,1272,2.0,1.0,16,8,24
6543,106,5,1,6.45,2248,1.0,1.0,25,11,36
14182,108,5,1,6.45,638,5.0,,6,15,21
8099,115,5,1,6.45,1189,,,14,13,27
135,105,5,1,6.45,1317,1.0,,15,3,18
7551,104,5,1,6.45,63,,,1,0,1
14408,125,5,1,6.45,1800,1.0,1.0,21,9,30
14150,124,5,1,6.45,662,,,7,4,11
10384,120,5,1,6.44,227,1.0,,2,7,9
8089,109,5,1,6.44,768,,,8,5,13
4430,102,5,1,6.44,707,,,8,3,11
2714,123,5,1,6.44,960,,,12,9,21
2075,105,5,1,6.44,270,,,2,5,7
13271,114,5,1,6.44,726,1.0,3.0,10,8,18
3760,123,5,1,6.44,869,,1.0,9,6,15
12381,125,5,1,6.44,63,,,0,1,1
1977,102,5,1,6.44,696,1.0,,7,10,17
6370,110,5,1,6.44,1067,,,12,3,15
4963,123,5,1,6.44,1580,1.0,1.0,19,1,20
11997,119,5,1,6.43,705,2.0,,6,17,23
6342,123,5,1,6.43,1301,3.0,1.0,16,14,30
14478,125,5,1,6.43,2652,1.0,,31,1,32
9701,117,5,1,6.43,634,1.0,,7,2,9
14267,125,5,1,6.43,1767,4.0,2.0,19,13,32
6433,105,5,1,6.43,298,,1.0,3,3,6
12337,112,5,1,6.43,496,,,6,0,6
7705,114,5,1,6.43,638,3.0,2.0,7,10,17
3519,120,5,1,6.43,1377,,1.0,16,13,29
6631,106,5,1,6.43,254,1.0,,2,7,9
3108,110,5,1,6.43,778,1.0,1.0,8,6,14
5447,111,5,1,6.42,522,1.0,1.0,6,10,16
6333,106,5,1,6.42,22,,,0,1,1
10036,103,5,1,6.42,1980,2.0,,22,2,24
8273,124,5,1,6.42,414,,,4,2,6
12580,116,5,1,6.42,2403,,2.0,27,8,35
2253,117,5,1,6.42,214,,,3,1,4
212,125,5,1,6.41,1600,,1.0,18,2,20
5565,123,5,1,6.41,1306,,2.0,13,13,26
2388,112,5,1,6.41,56,,1.0,0,3,3
5528,120,5,1,6.41,132,,,1,2,3
14500,105,5,1,6.41,359,,2.0,4,2,6
13079,114,5,1,6.4,80,,,0,2,2
11424,103,5,1,6.4,2430,,,27,0,27
7303,104,5,1,6.4,1763,1.0,,20,2,22
6384,111,5,1,6.4,325,,,1,13,14
8001,104,5,1,6.4,1569,1.0,2.0,16,17,33
11258,117,5,1,6.4,1760,,1.0,17,14,31
283,123,5,1,6.39,938,,2.0,10,5,15
7338,110,5,1,6.39,1663,1.0,4.0,20,11,31
11172,102,5,1,6.39,2579,,,29,1,30
13065,103,5,1,6.39,1793,,,21,3,24
2823,102,5,1,6.39,2017,1.0,1.0,25,8,33
357,109,5,1,6.39,353,1.0,,4,4,8
1442,120,5,1,6.39,1003,,2.0,12,11,23
1991,117,5,1,6.39,786,3.0,2.0,5,21,26
14054,124,5,1,6.39,662,,,7,8,15
12442,115,5,1,6.39,17,1.0,,0,3,3
13021,104,5,1,6.39,370,,,4,8,12
10345,116,5,1,6.38,1923,2.0,,22,8,30
13402,125,5,1,6.38,2161,,1.0,25,6,31
736,104,5,1,6.38,583,,1.0,6,1,7
9553,115,5,1,6.38,134,,,1,1,2
14474,110,5,1,6.38,1085,1.0,1.0,11,12,23
5561,103,5,1,6.38,1147,2.0,,15,1,16
41,103,5,1,6.38,1833,5.0,1.0,19,15,34
2619,105,5,1,6.38,1060,,,12,4,16
2113,104,5,1,6.38,180,,,2,0,2
2006,121,5,1,6.37,1200,,1.0,10,17,27
14289,120,5,1,6.37,270,,,3,0,3
1742,112,5,1,6.37,188,1.0,,1,9,10
267,103,5,1,6.37,2248,4.0,1.0,28,6,34
2390,103,5,1,6.37,3097,,,35,1,36
14093,112,5,1,6.37,460,2.0,,5,9,14
4066,112,5,1,6.37,539,,,5,12,17
13293,125,5,1,6.37,509,,,5,3,8
11654,103,5,1,6.36,1424,,3.0,15,11,26
12265,111,5,1,6.36,297,,1.0,3,7,10
4684,123,5,1,6.36,74,,,0,2,2
5792,102,5,1,6.36,2183,,,25,3,28
1783,103,5,1,6.35,2871,,,35,0,35
996,103,5,1,6.35,1245,3.0,1.0,12,13,25
10156,120,5,1,6.35,889,,1.0,6,22,28
986,117,5,1,6.35,228,,,3,0,3
9999,102,5,1,6.35,1357,,,14,12,26
10336,124,5,1,6.35,1222,,1.0,12,11,23
3311,124,5,1,6.35,654,,1.0,7,13,20
11980,116,5,1,6.35,91,,,2,0,2
6385,125,5,1,6.34,233,,1.0,3,3,6
6613,116,5,1,6.34,840,,1.0,9,4,13
7847,106,5,1,6.34,1442,4.0,3.0,16,18,34
12334,114,5,1,6.34,1176,,,14,6,20
9791,120,5,1,6.34,1041,,1.0,11,10,21
7717,115,5,1,6.34,707,,2.0,7,17,24
3342,116,5,1,6.34,796,,,9,6,15
2022,110,5,1,6.34,1183,,1.0,14,11,25
4104,125,5,1,6.34,3194,,,36,2,38
978,111,5,1,6.33,537,1.0,1.0,6,7,13
13573,119,5,1,6.33,265,,1.0,4,1,5
4556,106,5,1,6.33,1695,,1.0,18,8,26
10932,123,5,1,6.33,94,,1.0,0,7,7
6474,111,5,1,6.33,432,,,6,2,8
4878,104,5,1,6.33,1886,2.0,,23,12,35
1718,112,5,1,6.32,117,1.0,,1,6,7
1528,115,5,1,6.32,355,,,3,9,12
13455,102,5,1,6.32,1329,1.0,1.0,14,12,26
10331,111,5,1,6.32,866,3.0,,8,15,23
1936,104,5,1,6.32,1710,,,19,0,19
750,117,5,1,6.32,546,,,7,7,14
4045,115,5,1,6.32,1094,1.0,1.0,11,10,21
9114,116,5,1,6.32,629,1.0,,6,20,26
8808,114,5,1,6.32,713,,,8,5,13
12267,102,5,1,6.31,1091,2.0,2.0,14,5,19
11294,125,5,1,6.31,566,,2.0,6,8,14
4310,103,5,1,6.31,809,,,9,8,17
8741,104,5,1,6.31,1486,6.0,,17,13,30
14156,119,5,1,6.31,919,2.0,,8,18,26
4894,114,5,1,6.31,341,,,3,8,11
8856,115,5,1,6.3,762,1.0,,7,8,15
7335,108,5,1,6.3,162,,,2,6,8
2689,102,5,1,6.29,1901,1.0,,21,5,26
5537,121,5,1,6.29,218,,,1,12,13
10380,114,5,1,6.29,290,3.0,,3,9,12
14530,104,5,1,6.29,1079,,,11,15,26
10180,109,5,1,6.29,640,4.0,1.0,6,21,27
3837,114,5,1,6.29,1176,1.0,,13,10,23
1701,117,5,1,6.29,293,,,3,4,7
8773,114,5,1,6.28,403,,,5,6,11
13198,108,5,1,6.28,6,,,0,1,1
1211,116,5,1,6.28,471,,,6,6,12
6437,106,5,1,6.28,737,1.0,1.0,7,12,19
5808,114,5,1,6.27,1102,,2.0,9,23,32
14347,102,5,1,6.27,276,,,3,5,8
4300,120,5,1,6.27,31,,,0,1,1
7639,104,5,1,6.27,1,,,0,1,1
2310,109,5,1,6.27,472,,,5,14,19
12444,103,5,1,6.26,1056,1.0,2.0,11,16,27
1131,125,5,1,6.26,1626,,2.0,18,9,27
11853,117,5,1,6.26,149,,,2,2,4
7685,102,5,1,6.26,1069,,1.0,13,9,22
12756,116,5,1,6.26,775,,1.0,6,16,22
1904,102,5,1,6.26,2799,,,32,0,32
9015,117,5,1,6.26,180,,,2,0,2
13022,110,5,1,6.25,126,,1.0,0,12,12
5790,108,5,1,6.25,85,,,0,9,9
11265,119,5,1,6.25,364,,,3,11,14
757,117,5,1,6.25,64,,,1,1,2
5525,103,5,1,6.25,422,,,4,3,7
11037,124,5,1,6.25,143,,,1,4,5
13066,106,5,1,6.25,35,,,0,2,2
2451,116,5,1,6.25,482,,,6,6,12
5779,105,5,1,6.25,989,1.0,1.0,11,5,16
9504,102,5,1,6.24,1951,,,22,5,27
12020,102,5,1,6.24,1692,1.0,1.0,16,17,33
12329,102,5,1,6.24,23,,,0,3,3
1455,106,5,1,6.23,218,,,1,4,5
13251,105,5,1,6.23,126,,,1,3,4
13959,115,5,1,6.23,673,2.0,,5,26,31
9666,104,5,1,6.23,803,2.0,1.0,8,11,19
5265,103,5,1,6.23,638,2.0,,8,7,15
8065,123,5,1,6.22,428,3.0,,3,16,19
219,124,5,1,6.22,1073,2.0,1.0,9,25,34
8692,108,5,1,6.22,260,,1.0,3,7,10
9670,121,5,1,6.22,97,1.0,,0,11,11
6830,109,5,1,6.22,272,,,2,10,12
1692,110,5,1,6.22,91,,,0,5,5
8291,103,5,1,6.2,503,1.0,,5,6,11
80,103,5,1,6.2,1359,,,12,9,21
4852,104,5,1,6.2,253,1.0,,3,3,6
5625,125,5,1,6.2,889,2.0,1.0,9,16,25
12887,121,5,1,6.2,22,,,0,1,1
8300,121,5,1,6.2,254,,1.0,2,10,12
9879,102,5,1,6.2,44,,,0,4,4
4235,116,5,1,6.2,225,,,3,3,6
5798,119,5,1,6.2,53,,,0,6,6
7523,123,5,1,6.19,46,,,0,2,2
13756,102,5,1,6.18,136,,,1,2,3
2384,102,5,1,6.18,1791,1.0,,19,5,24
13379,124,5,1,6.18,7,,,0,1,1
7406,103,5,1,6.18,550,,,7,0,7
4850,108,5,1,6.18,20,,,0,2,2
953,125,5,1,6.17,19,,,0,1,1
6634,117,5,1,6.17,177,,,2,4,6
9150,103,5,1,6.16,27,,,0,1,1
9288,120,5,1,6.16,102,,,0,5,5
7941,125,5,1,6.16,211,,,2,4,6
4545,117,5,1,6.15,91,,,1,1,2
13370,104,5,1,6.15,99,,,1,1,2
8277,116,5,1,6.15,84,,,0,9,9
11719,102,5,1,6.15,207,,,2,7,9
3363,125,5,1,6.15,16,,,0,1,1
1368,103,5,1,6.15,15,,,0,3,3
1657,105,5,1,6.15,62,,,0,7,7
11180,103,5,1,6.15,521,,,6,3,9
211,110,5,1,6.14,242,,,1,10,11
3657,112,5,1,6.14,7,,,0,1,1
11982,104,5,1,6.14,105,,1.0,0,11,11
10169,116,5,1,6.14,34,,,0,2,2
778,125,5,1,6.13,73,,,0,3,3
1837,102,5,1,6.13,211,,,2,2,4
12574,120,5,1,6.13,2,,,0,1,1
14351,106,5,1,6.13,54,,,0,6,6
14138,103,5,1,6.13,180,,,1,10,11
2548,110,5,1,6.13,223,,,2,4,6
13215,116,5,1,6.12,62,,,0,5,5
5898,102,5,1,6.12,191,,,1,5,6
10873,120,5,1,6.12,189,,,2,6,8
4398,105,5,1,6.12,278,,,2,11,13
8847,120,5,1,6.12,20,,,0,2,2
5687,103,5,1,6.11,206,,,2,4,6
6354,103,5,1,6.11,266,,,2,8,10
2104,106,5,1,6.11,47,,,0,7,7
7366,110,5,1,6.11,7,,,0,1,1
9381,123,5,1,6.11,8,,,0,1,1
11984,108,5,1,6.11,112,,,0,10,10
9258,125,5,1,6.11,11,,,0,2,2
3786,119,5,1,6.11,580,,,6,7,13
13986,124,5,1,6.11,427,,,2,23,25
13918,120,5,1,6.11,170,,,2,5,7
13792,125,5,1,6.11,91,,,0,8,8
3567,121,5,1,6.11,406,,,4,2,6
10214,120,5,1,6.1,19,,,0,3,3
7455,120,5,1,6.09,208,,,1,13,14
74,116,5,1,6.09,77,,,2,3,5
11381,120,5,1,6.09,630,,,7,0,7
6313,102,5,1,6.09,225,,,2,6,8
5418,105,5,1,6.09,15,,,0,2,2
10387,124,5,1,6.09,21,,,0,2,2
1735,106,5,1,6.08,83,,,0,6,6
375,109,5,1,6.08,248,1.0,,1,14,15
10505,120,5,1,6.08,60,,,0,6,6
14620,103,5,1,6.08,47,,,0,4,4
11183,104,5,1,6.08,22,,,0,3,3
10348,102,5,1,6.07,491,1.0,,5,9,14
5689,119,5,1,6.07,10,,,0,1,1
5194,121,5,1,6.07,10,,,0,2,2
1865,115,5,1,6.06,194,,,1,7,8
7488,105,5,1,6.06,165,,,0,15,15
12889,115,5,1,6.05,35,,,0,2,2
8860,111,5,1,6.05,7,,,0,1,1
4561,102,5,1,6.04,325,,,3,4,7
5734,105,5,1,6.04,225,,,1,9,10
11788,120,5,1,6.04,2,,,0,1,1
13397,115,5,1,6.04,9,,,0,1,1
403,105,5,1,6.04,253,,,2,8,10
3782,120,5,1,6.04,91,,,1,2,3
6216,106,5,1,6.04,21,,,0,2,2
370,121,5,1,6.03,16,,,0,3,3
7657,124,5,1,6.03,357,,,4,7,11
2641,108,5,1,6.02,3,,,0,1,1
5755,112,5,1,6.02,66,,,0,5,5
14344,124,5,1,6.02,64,,,1,2,3
12458,124,5,1,6.01,101,,,0,6,6
740,119,5,1,6.01,10,,,0,1,1
994,109,5,1,6.0,1,,,0,1,1
1112,117,5,1,6.0,1,,,0,1,1
1666,115,5,1,6.0,21,,,0,5,5
10190,111,5,1,6.0,1,,,0,1,1
11286,102,5,1,6.0,55,,,0,1,1
12272,121,5,1,6.0,1,,,1,0,1
12973,109,5,1,6.0,1,,,0,1,1
13375,117,5,1,6.0,1,,,0,1,1
2873,125,5,1,5.99,19,,,0,2,2
14480,102,5,1,5.98,447,,,5,6,11
254,110,5,1,5.98,23,,,0,2,2
5592,108,5,1,5.98,58,,,0,4,4
151,108,5,1,5.98,94,,,0,8,8
10340,102,5,1,5.97,134,,,1,5,6
11352,108,5,1,5.97,22,,,0,3,3
1312,102,5,1,5.97,9,,,0,2,2
3078,123,5,1,5.96,12,,,0,2,2
6217,103,5,1,5.95,23,,,0,2,2
12474,112,5,1,5.92,4,,,0,1,1
4723,112,5,1,5.88,10,,,0,1,1
4726,102,5,1,5.86,541,,,7,0,7
11178,106,5,1,5.82,90,,,1,0,1
9511,125,5,1,5.78,68,,,0,2,2
11497,115,5,1,5.72,12,,,0,1,1
8098,109,5,1,5.66,540,,,6,0,6
2591,124,5,1,5.65,97,,,1,1,2
6454,121,5,2,7.87,111,1.0,,1,1,2
7940,119,5,2,7.71,2160,27.0,7.0,24,5,29
6368,123,5,2,7.62,270,2.0,2.0,3,0,3
9407,106,5,2,7.37,360,,,4,0,4
12255,105,5,2,7.35,2522,8.0,8.0,30,3,33
508,114,5,2,7.3,2155,6.0,6.0,25,0,25
13330,115,5,2,7.28,2777,9.0,6.0,32,0,32
11185,119,5,2,7.28,1510,3.0,8.0,17,9,26
14096,119,5,2,7.23,2130,7.0,4.0,23,5,28
11641,105,5,2,7.22,2521,4.0,,29,0,29
11746,114,5,2,7.21,1080,,,12,0,12
2207,114,5,2,7.17,625,,5.0,7,2,9
4924,113,5,2,7.17,1755,13.0,4.0,20,0,20
3752,109,5,2,7.15,2299,6.0,6.0,25,8,33
8935,119,5,2,7.15,1935,,2.0,21,4,25
14199,114,5,2,7.15,2187,1.0,1.0,24,1,25
5020,119,5,2,7.14,2170,,,25,0,25
4600,108,5,2,7.13,2603,7.0,6.0,29,3,32
10228,114,5,2,7.11,1035,,1.0,11,1,12
11646,112,5,2,7.09,2628,17.0,8.0,30,4,34
7383,120,5,2,7.09,2722,3.0,7.0,31,0,31
6907,105,5,2,7.09,91,1.0,,1,1,2
1875,109,5,2,7.08,2575,4.0,,29,1,30
2076,105,5,2,7.07,2961,,3.0,33,0,33
738,111,5,2,7.07,2308,19.0,2.0,27,2,29
6441,117,5,2,7.06,2011,6.0,6.0,24,4,28
6865,109,5,2,7.05,2641,19.0,4.0,30,4,34
12455,111,5,2,7.05,779,3.0,3.0,10,2,12
2635,107,5,2,7.05,2447,3.0,4.0,28,0,28
9452,106,5,2,7.04,176,1.0,,2,0,2
14526,114,5,2,7.03,2703,4.0,4.0,31,1,32
9773,111,5,2,7.02,3025,1.0,3.0,34,0,34
13326,120,5,2,7.01,2125,6.0,3.0,25,3,28
11981,116,5,2,7.01,540,,,6,0,6
13965,114,5,2,7.01,1649,3.0,1.0,20,0,20
138,119,5,2,7.0,1931,4.0,5.0,20,5,25
8136,112,5,2,7.0,2275,2.0,,26,1,27
11163,115,5,2,7.0,88,1.0,,1,1,2
1713,120,5,2,6.99,1388,1.0,,16,0,16
7597,105,5,2,6.97,2970,2.0,3.0,33,0,33
13491,109,5,2,6.96,2364,1.0,2.0,26,3,29
2126,105,5,2,6.95,2970,1.0,1.0,33,0,33
6860,112,5,2,6.95,2072,3.0,4.0,25,2,27
7094,120,5,2,6.95,1743,1.0,,19,2,21
14498,117,5,2,6.95,363,1.0,,5,1,6
8072,119,5,2,6.94,1472,3.0,4.0,18,5,23
10565,121,5,2,6.94,1028,,,11,2,13
2071,119,5,2,6.94,1381,4.0,7.0,18,7,25
14273,114,5,2,6.94,2323,16.0,2.0,26,6,32
9023,119,5,2,6.93,1114,4.0,5.0,13,6,19
3498,115,5,2,6.93,360,,,4,0,4
9661,113,5,2,6.92,2700,3.0,3.0,30,0,30
1314,111,5,2,6.92,2790,,,31,0,31
13272,114,5,2,6.92,2128,9.0,6.0,25,5,30
5131,119,5,2,6.91,1422,11.0,1.0,16,13,29
14361,124,5,2,6.91,1200,3.0,2.0,13,3,16
10176,110,5,2,6.91,1149,8.0,3.0,14,2,16
8009,110,5,2,6.91,2862,2.0,1.0,32,1,33
3967,120,5,2,6.91,2597,1.0,1.0,29,3,32
13412,124,5,2,6.9,2518,14.0,2.0,28,5,33
7724,117,5,2,6.9,2114,1.0,1.0,25,2,27
10163,115,5,2,6.9,1056,2.0,,12,1,13
76,120,5,2,6.9,196,,,3,0,3
12331,108,5,2,6.9,1923,1.0,3.0,22,3,25
3475,123,5,2,6.9,2188,3.0,6.0,25,6,31
13415,114,5,2,6.9,1324,1.0,1.0,15,0,15
5817,109,5,2,6.89,2467,1.0,1.0,28,2,30
4765,123,5,2,6.89,2495,2.0,,29,3,32
9886,117,5,2,6.88,2663,1.0,2.0,31,1,32
12264,110,5,2,6.88,1453,5.0,1.0,16,1,17
1242,109,5,2,6.88,2583,,8.0,29,2,31
1731,109,5,2,6.88,1697,5.0,2.0,19,2,21
10947,119,5,2,6.88,266,1.0,1.0,2,4,6
6332,117,5,2,6.87,2654,,2.0,30,0,30
1883,121,5,2,6.87,2437,9.0,6.0,29,3,32
5809,114,5,2,6.87,1467,1.0,2.0,16,6,22
13946,112,5,2,6.87,853,,,10,0,10
1746,110,5,2,6.87,147,,,2,0,2
3334,114,5,2,6.87,2142,4.0,,24,1,25
10306,106,5,2,6.87,2700,,,30,0,30
8774,114,5,2,6.87,1620,7.0,4.0,18,10,28
3074,117,5,2,6.87,2844,1.0,1.0,32,0,32
8236,105,5,2,6.86,2679,3.0,,30,0,30
1525,115,5,2,6.86,1254,5.0,3.0,15,5,20
8789,105,5,2,6.86,2039,7.0,3.0,26,6,32
12563,112,5,2,6.85,1729,3.0,,20,1,21
14522,113,5,2,6.85,126,1.0,,2,0,2
6998,115,5,2,6.84,2594,,3.0,30,1,31
9270,119,5,2,6.84,1540,,1.0,18,3,21
14055,124,5,2,6.83,2265,6.0,2.0,25,5,30
744,113,5,2,6.83,2988,,,34,0,34
11914,111,5,2,6.83,1723,1.0,6.0,19,14,33
9336,121,5,2,6.83,1533,7.0,3.0,19,5,24
14157,119,5,2,6.83,1963,2.0,3.0,21,5,26
9802,115,5,2,6.83,999,1.0,1.0,12,0,12
8495,119,5,2,6.82,1917,1.0,1.0,23,4,27
3374,121,5,2,6.82,1626,4.0,4.0,17,14,31
3046,119,5,2,6.82,1993,,,22,4,26
11868,124,5,2,6.81,2927,2.0,,33,0,33
10310,116,5,2,6.8,1794,3.0,5.0,21,1,22
2149,108,5,2,6.8,2970,,,33,0,33
8482,109,5,2,6.8,2970,,,33,0,33
1899,115,5,2,6.8,2700,,1.0,30,0,30
1000,112,5,2,6.8,995,3.0,2.0,10,6,16
5696,110,5,2,6.8,866,1.0,3.0,10,4,14
4881,107,5,2,6.8,2780,2.0,,31,0,31
14094,112,5,2,6.79,922,3.0,2.0,10,8,18
4279,108,5,2,6.79,2714,1.0,3.0,30,1,31
988,121,5,2,6.79,2076,7.0,3.0,24,7,31
10575,106,5,2,6.78,2517,,1.0,28,0,28
11713,108,5,2,6.78,2196,3.0,2.0,24,6,30
4214,119,5,2,6.78,1195,1.0,3.0,14,7,21
7645,108,5,2,6.78,2656,1.0,,30,0,30
2592,124,5,2,6.77,1116,2.0,,12,5,17
13190,105,5,2,6.77,1773,6.0,2.0,20,12,32
11820,119,5,2,6.77,1265,6.0,5.0,13,13,26
10394,109,5,2,6.77,1968,,3.0,23,3,26
1514,119,5,2,6.77,528,,1.0,5,1,6
9382,123,5,2,6.77,2141,1.0,1.0,23,9,32
1576,107,5,2,6.77,2970,,,33,0,33
4827,124,5,2,6.77,2363,,4.0,27,4,31
14547,120,5,2,6.77,2782,4.0,,31,0,31
1193,123,5,2,6.76,831,1.0,,9,2,11
10314,116,5,2,6.76,2018,8.0,2.0,24,5,29
1586,121,5,2,6.76,2300,2.0,,27,1,28
3146,108,5,2,6.76,1498,4.0,2.0,17,8,25
7770,115,5,2,6.76,1930,,2.0,22,1,23
2691,111,5,2,6.75,2222,,3.0,25,3,28
9324,105,5,2,6.75,1871,4.0,4.0,21,12,33
1546,107,5,2,6.75,2690,,,30,0,30
10354,106,5,2,6.75,2563,8.0,4.0,29,4,33
2434,112,5,2,6.75,2209,2.0,2.0,25,0,25
9030,105,5,2,6.74,2878,,,32,0,32
8090,109,5,2,6.74,2672,2.0,,30,2,32
5840,115,5,2,6.74,1457,1.0,2.0,17,2,19
10545,108,5,2,6.74,1567,1.0,2.0,17,8,25
991,112,5,2,6.73,1829,1.0,2.0,21,7,28
5815,112,5,2,6.73,1449,3.0,4.0,15,8,23
9016,117,5,2,6.73,3060,,,34,0,34
10188,120,5,2,6.73,1657,4.0,5.0,19,6,25
7957,113,5,2,6.73,2266,1.0,4.0,26,5,31
10327,115,5,2,6.73,1943,5.0,2.0,24,3,27
11992,112,5,2,6.73,1237,,,14,0,14
5220,114,5,2,6.72,1769,1.0,,21,2,23
8301,121,5,2,6.72,1013,1.0,1.0,12,2,14
4036,121,5,2,6.72,1537,,1.0,19,6,25
4114,111,5,2,6.71,1849,3.0,2.0,21,8,29
10274,117,5,2,6.71,1978,2.0,3.0,24,5,29
6870,108,5,2,6.71,2122,1.0,,26,0,26
2070,111,5,2,6.7,270,,,3,0,3
10392,107,5,2,6.7,1018,4.0,1.0,12,6,18
1940,119,5,2,6.7,1011,1.0,,12,1,13
8376,121,5,2,6.7,16,,,0,1,1
11975,109,5,2,6.7,1468,2.0,2.0,14,16,30
11726,116,5,2,6.69,1289,,1.0,15,1,16
14587,110,5,2,6.69,3060,,,34,0,34
7892,114,5,2,6.69,1196,,2.0,12,14,26
9277,120,5,2,6.69,2180,4.0,3.0,25,2,27
1520,121,5,2,6.69,2154,10.0,1.0,25,5,30
6954,112,5,2,6.69,2184,1.0,2.0,24,5,29
8274,124,5,2,6.69,2650,1.0,1.0,29,2,31
4156,107,5,2,6.69,1943,,,22,0,22
14490,119,5,2,6.68,372,1.0,,4,1,5
14143,121,5,2,6.68,2072,1.0,,23,2,25
10563,111,5,2,6.68,1259,,,15,0,15
10707,116,5,2,6.68,1586,,1.0,17,6,23
13186,121,5,2,6.68,3060,,,34,0,34
785,109,5,2,6.68,2217,,,24,5,29
12460,123,5,2,6.68,718,,1.0,8,2,10
10443,108,5,2,6.68,1056,,1.0,13,3,16
1061,107,5,2,6.68,1105,5.0,,12,7,19
10257,110,5,2,6.68,2205,,,25,0,25
13204,124,5,2,6.67,1514,,1.0,16,6,22
10799,124,5,2,6.67,1273,1.0,1.0,15,7,22
10723,111,5,2,6.67,2129,3.0,1.0,25,0,25
10187,114,5,2,6.67,1044,1.0,2.0,14,6,20
10931,119,5,2,6.67,793,,,9,7,16
829,106,5,2,6.67,1135,,1.0,13,1,14
1755,121,5,2,6.66,1931,,1.0,22,8,30
1788,115,5,2,6.66,2313,,,26,2,28
11406,112,5,2,6.66,2939,,,33,0,33
3109,110,5,2,6.66,1153,1.0,1.0,11,11,22
12338,112,5,2,6.65,121,,,1,1,2
2745,111,5,2,6.65,1752,2.0,1.0,21,4,25
13339,117,5,2,6.65,1961,11.0,2.0,23,7,30
8532,123,5,2,6.65,2723,,1.0,30,1,31
2624,115,5,2,6.65,1222,1.0,,13,7,20
1256,108,5,2,6.64,1382,1.0,2.0,16,13,29
13023,110,5,2,6.64,421,1.0,3.0,5,6,11
14532,117,5,2,6.64,1715,,,20,3,23
11106,111,5,2,6.63,397,2.0,,4,4,8
7474,105,5,2,6.63,874,6.0,5.0,7,18,25
94,107,5,2,6.63,2294,2.0,,27,3,30
5754,110,5,2,6.63,2053,1.0,1.0,23,1,24
130,121,5,2,6.63,105,,,1,2,3
14436,120,5,2,6.62,3060,,,34,0,34
12940,115,5,2,6.62,713,,1.0,9,2,11
3985,112,5,2,6.62,111,1.0,1.0,1,2,3
13373,115,5,2,6.62,345,,,3,3,6
11584,114,5,2,6.62,1980,,,22,0,22
4051,116,5,2,6.62,1999,2.0,,23,2,25
4627,110,5,2,6.62,1255,,,13,5,18
4903,112,5,2,6.62,1458,,,15,11,26
3641,116,5,2,6.61,1783,,,22,3,25
5195,121,5,2,6.61,1229,,2.0,13,11,24
7339,110,5,2,6.61,2253,3.0,2.0,27,5,32
11292,113,5,2,6.61,890,2.0,1.0,9,7,16
386,116,5,2,6.61,2497,,,28,0,28
5422,117,5,2,6.61,1613,2.0,,17,12,29
286,121,5,2,6.61,2146,1.0,2.0,24,6,30
11259,117,5,2,6.61,2004,,,21,9,30
5484,105,5,2,6.61,2355,2.0,,30,3,33
10179,107,5,2,6.61,1394,5.0,1.0,16,6,22
4552,116,5,2,6.61,2091,4.0,4.0,24,5,29
5670,112,5,2,6.61,1626,3.0,3.0,19,11,30
5174,105,5,2,6.61,181,,,2,1,3
3284,108,5,2,6.6,1128,4.0,,13,6,19
11253,110,5,2,6.6,167,,,3,0,3
5243,123,5,2,6.6,2314,3.0,1.0,28,3,31
7540,114,5,2,6.6,635,1.0,,7,7,14
2767,124,5,2,6.59,1950,1.0,3.0,23,9,32
6038,111,5,2,6.59,2370,4.0,2.0,27,0,27
3655,111,5,2,6.59,1992,,,22,2,24
360,115,5,2,6.59,2264,8.0,1.0,27,5,32
7374,123,5,2,6.59,1458,1.0,1.0,17,5,22
14476,107,5,2,6.59,1570,1.0,1.0,18,2,20
6327,116,5,2,6.58,2466,2.0,,28,0,28
10112,119,5,2,6.58,1625,,,17,7,24
38,123,5,2,6.58,1792,2.0,,19,3,22
1693,110,5,2,6.58,903,1.0,1.0,12,2,14
12835,120,5,2,6.58,819,2.0,,8,5,13
10219,117,5,2,6.58,866,1.0,2.0,11,6,17
10337,124,5,2,6.58,1395,1.0,2.0,15,7,22
325,111,5,2,6.57,1433,1.0,4.0,16,7,23
13425,123,5,2,6.57,2052,1.0,1.0,24,3,27
5526,124,5,2,6.57,235,1.0,1.0,2,9,11
8513,115,5,2,6.57,984,1.0,1.0,12,1,13
5245,106,5,2,6.57,1273,1.0,,12,15,27
2643,121,5,2,6.57,1388,1.0,,15,3,18
7566,120,5,2,6.56,1390,4.0,1.0,17,8,25
1253,123,5,2,6.56,1089,,3.0,11,10,21
10097,124,5,2,6.56,1552,,1.0,19,5,24
13080,114,5,2,6.56,1344,,,15,6,21
11304,112,5,2,6.56,766,1.0,,9,6,15
4623,114,5,2,6.56,1697,7.0,5.0,19,10,29
5210,113,5,2,6.56,72,,,0,1,1
117,113,5,2,6.55,923,3.0,2.0,10,7,17
9667,116,5,2,6.55,1044,5.0,,12,10,22
1714,121,5,2,6.55,795,,1.0,9,3,12
6544,106,5,2,6.55,1880,2.0,1.0,22,7,29
14573,109,5,2,6.54,1318,5.0,2.0,16,11,27
3822,114,5,2,6.54,424,2.0,1.0,4,9,13
4298,113,5,2,6.54,1846,,1.0,20,5,25
1214,108,5,2,6.54,1321,1.0,,16,9,25
4290,115,5,2,6.54,1380,,1.0,15,4,19
3874,108,5,2,6.54,1704,9.0,3.0,20,7,27
9793,113,5,2,6.53,1836,,,22,0,22
3983,107,5,2,6.53,1589,5.0,1.0,18,12,30
2414,124,5,2,6.53,759,1.0,2.0,10,6,16
2118,114,5,2,6.53,182,1.0,,2,3,5
6391,111,5,2,6.53,303,1.0,1.0,3,7,10
7168,107,5,2,6.53,2035,,5.0,25,5,30
7333,105,5,2,6.53,468,,,5,7,12
2484,106,5,2,6.53,1069,1.0,1.0,12,7,19
4964,123,5,2,6.53,1093,,,13,0,13
11194,107,5,2,6.52,1032,,,12,2,14
8567,121,5,2,6.52,1568,4.0,1.0,18,11,29
13503,110,5,2,6.51,1317,2.0,1.0,15,5,20
6930,117,5,2,6.51,1809,1.0,,21,7,28
3977,123,5,2,6.51,2090,8.0,1.0,23,5,28
12445,113,5,2,6.51,843,,,9,5,14
9115,116,5,2,6.51,1489,1.0,,18,10,28
103,108,5,2,6.51,811,,,9,2,11
2833,107,5,2,6.51,2099,2.0,2.0,24,6,30
11490,116,5,2,6.5,2603,1.0,1.0,31,1,32
4854,117,5,2,6.5,1914,5.0,2.0,22,12,34
9497,105,5,2,6.5,1182,3.0,2.0,12,18,30
11279,110,5,2,6.5,1048,1.0,1.0,13,2,15
3399,113,5,2,6.5,553,1.0,,7,2,9
12789,119,5,2,6.5,323,,1.0,3,5,8
13849,112,5,2,6.5,906,,,10,3,13
11723,112,5,2,6.5,703,,1.0,8,2,10
7122,120,5,2,6.5,462,1.0,1.0,5,6,11
7835,113,5,2,6.5,863,,2.0,10,3,13
1346,117,5,2,6.5,416,,,4,6,10
6325,112,5,2,6.49,562,1.0,,5,8,13
1725,110,5,2,6.49,438,1.0,,4,7,11
4734,124,5,2,6.49,1434,5.0,2.0,14,15,29
14183,108,5,2,6.49,1015,7.0,1.0,11,16,27
2007,121,5,2,6.49,16,,,0,1,1
11169,120,5,2,6.49,1590,5.0,1.0,18,10,28
182,109,5,2,6.49,408,1.0,,3,14,17
9804,106,5,2,6.49,1310,1.0,,17,4,21
1004,120,5,2,6.48,1352,3.0,1.0,14,14,28
13017,111,5,2,6.48,890,,,10,0,10
1719,112,5,2,6.48,1215,2.0,,15,6,21
12895,106,5,2,6.48,1487,4.0,3.0,17,9,26
14050,110,5,2,6.47,545,1.0,1.0,8,1,9
6720,106,5,2,6.47,2273,,,28,0,28
5211,124,5,2,6.47,3060,,,34,0,34
2348,119,5,2,6.47,1089,2.0,2.0,12,12,24
8287,107,5,2,6.47,1565,,3.0,18,10,28
3298,111,5,2,6.47,721,,,8,2,10
6345,116,5,2,6.46,1350,,,15,4,19
1748,112,5,2,6.46,631,,,6,10,16
12465,114,5,2,6.46,45,,,0,1,1
4183,117,5,2,6.46,1544,6.0,,14,20,34
13037,117,5,2,6.46,501,,,6,4,10
11421,111,5,2,6.46,310,,,4,4,8
5566,123,5,2,6.45,1641,,1.0,18,9,27
7671,113,5,2,6.45,1605,,2.0,18,5,23
6461,105,5,2,6.45,1622,4.0,,19,14,33
7696,113,5,2,6.45,1920,1.0,2.0,21,8,29
4046,115,5,2,6.45,1123,,,11,6,17
4557,106,5,2,6.45,941,1.0,1.0,9,5,14
5851,109,5,2,6.44,777,1.0,1.0,9,8,17
4794,109,5,2,6.44,1264,1.0,,14,11,25
2488,113,5,2,6.44,1388,3.0,1.0,17,12,29
5538,121,5,2,6.44,510,4.0,1.0,4,19,23
1667,115,5,2,6.44,130,,,1,2,3
13283,115,5,2,6.44,621,1.0,,7,9,16
10506,110,5,2,6.44,1243,,,14,1,15
8815,111,5,2,6.43,550,3.0,,4,13,17
830,121,5,2,6.43,595,,,7,4,11
6828,105,5,2,6.43,1194,,1.0,9,22,31
1569,113,5,2,6.43,922,1.0,2.0,10,11,21
14416,107,5,2,6.43,1857,2.0,1.0,21,11,32
13593,116,5,2,6.43,782,1.0,,8,6,14
6921,115,5,2,6.42,2042,1.0,1.0,24,7,31
9268,116,5,2,6.42,150,,,1,6,7
13368,110,5,2,6.42,1515,,2.0,15,11,26
8066,123,5,2,6.42,614,3.0,,5,10,15
14600,124,5,2,6.42,758,3.0,,9,4,13
7718,115,5,2,6.42,1023,3.0,,11,12,23
11936,120,5,2,6.41,1365,1.0,3.0,14,15,29
8593,112,5,2,6.41,782,1.0,,8,7,15
1541,124,5,2,6.41,1604,,1.0,19,8,27
6377,121,5,2,6.41,1450,,1.0,16,7,23
1906,110,5,2,6.41,710,2.0,1.0,7,8,15
3054,113,5,2,6.41,2687,,,30,3,33
3312,124,5,2,6.4,464,,,5,4,9
13644,117,5,2,6.4,399,1.0,1.0,3,10,13
12963,113,5,2,6.4,766,1.0,,9,5,14
9726,123,5,2,6.4,1710,,,19,0,19
1740,110,5,2,6.4,544,4.0,1.0,5,11,16
8857,115,5,2,6.4,6,,,0,1,1
2620,113,5,2,6.4,1620,,,18,1,19
12628,123,5,2,6.4,88,,,1,2,3
14123,115,5,2,6.4,1133,1.0,,13,12,25
14151,124,5,2,6.4,1183,,3.0,12,12,24
12300,116,5,2,6.39,594,,,6,6,12
9792,120,5,2,6.39,158,,,1,4,5
5406,111,5,2,6.39,606,1.0,,6,5,11
10675,116,5,2,6.39,896,,,10,3,13
3793,106,5,2,6.38,1178,2.0,,14,10,24
365,123,5,2,6.38,1350,,,15,0,15
7367,110,5,2,6.38,1078,5.0,3.0,11,19,30
10269,108,5,2,6.38,556,2.0,,2,21,23
11131,113,5,2,6.38,262,,,4,2,6
7332,110,5,2,6.38,1819,,,20,3,23
4892,110,5,2,6.37,969,,1.0,11,8,19
2547,106,5,2,6.37,1179,1.0,,13,1,14
5794,123,5,2,6.37,1660,,,19,3,22
374,106,5,2,6.37,945,,2.0,12,2,14
758,117,5,2,6.36,496,,,4,14,18
7653,123,5,2,6.36,1349,4.0,2.0,15,12,27
1221,106,5,2,6.36,2988,,,33,1,34
6467,123,5,2,6.36,395,2.0,,2,12,14
12451,111,5,2,6.36,917,,1.0,8,9,17
280,108,5,2,6.36,1195,1.0,2.0,13,16,29
14487,106,5,2,6.36,1679,1.0,,17,14,31
13395,120,5,2,6.35,1835,,,22,5,27
1980,106,5,2,6.35,921,1.0,1.0,10,17,27
13431,120,5,2,6.35,1838,,1.0,22,5,27
6455,106,5,2,6.35,249,,1.0,2,4,6
8835,111,5,2,6.35,543,2.0,3.0,4,16,20
5805,113,5,2,6.35,2221,2.0,,25,1,26
9851,106,5,2,6.34,1666,,1.0,20,0,20
4308,124,5,2,6.34,56,,1.0,0,2,2
12899,124,5,2,6.33,369,1.0,,4,8,12
6680,113,5,2,6.33,850,2.0,1.0,10,10,20
1919,120,5,2,6.33,286,,1.0,3,4,7
11127,108,5,2,6.33,40,1.0,1.0,0,4,4
2550,114,5,2,6.32,297,,1.0,3,3,6
75,116,5,2,6.32,598,2.0,1.0,1,22,23
7658,124,5,2,6.32,524,,,7,1,8
6525,108,5,2,6.32,486,,,6,2,8
1341,107,5,2,6.32,767,,2.0,6,17,23
13919,120,5,2,6.32,554,,,7,8,15
1727,117,5,2,6.31,156,,,1,6,7
2311,109,5,2,6.31,62,,,1,1,2
979,111,5,2,6.31,98,,,1,2,3
10346,116,5,2,6.31,1823,,,21,5,26
7576,116,5,2,6.3,802,,1.0,11,1,12
5258,109,5,2,6.3,1290,2.0,,15,11,26
7716,119,5,2,6.3,360,,,4,0,4
1987,112,5,2,6.3,111,,,1,4,5
4211,121,5,2,6.3,356,1.0,,2,13,15
11732,123,5,2,6.29,131,,1.0,1,5,6
13031,111,5,2,6.29,428,1.0,,6,2,8
12581,116,5,2,6.29,1100,1.0,,11,15,26
7336,108,5,2,6.29,57,,,0,2,2
4317,112,5,2,6.28,546,3.0,1.0,5,8,13
4287,108,5,2,6.28,76,,,1,2,3
6371,110,5,2,6.27,478,,,5,6,11
3838,114,5,2,6.27,98,,1.0,0,6,6
11933,117,5,2,6.27,26,,,0,1,1
10245,123,5,2,6.27,625,3.0,1.0,7,11,18
13779,109,5,2,6.27,21,,1.0,0,4,4
13951,117,5,2,6.26,50,,,0,3,3
3877,115,5,2,6.26,13,,,0,1,1
9882,106,5,2,6.26,1227,,,15,8,23
842,117,5,2,6.26,66,,,0,7,7
6456,121,5,2,6.25,4,,,0,1,1
9405,108,5,2,6.25,737,,1.0,7,11,18
943,120,5,2,6.25,477,,,4,12,16
5186,106,5,2,6.25,1018,2.0,1.0,10,16,26
5833,107,5,2,6.24,236,,,3,4,7
10501,116,5,2,6.24,1022,,,11,2,13
9505,107,5,2,6.23,90,,,1,0,1
10920,107,5,2,6.22,17,1.0,,0,6,6
352,110,5,2,6.22,903,2.0,,10,9,19
290,116,5,2,6.22,234,,,2,6,8
12481,108,5,2,6.22,1516,,,17,10,27
1869,116,5,2,6.22,499,,1.0,4,10,14
11167,107,5,2,6.22,388,,,4,9,13
7580,115,5,2,6.22,264,,,0,13,13
8865,124,5,2,6.21,94,,1.0,0,8,8
10388,124,5,2,6.21,114,,,0,8,8
1968,121,5,2,6.21,455,,1.0,2,19,21
2023,110,5,2,6.21,211,,,3,1,4
5523,113,5,2,6.2,123,1.0,,0,9,9
376,109,5,2,6.2,71,,,1,1,2
6621,112,5,2,6.19,432,,,6,6,12
4724,112,5,2,6.19,176,,,2,3,5
10191,111,5,2,6.19,1,,,0,1,1
864,107,5,2,6.19,6,,,0,2,2
14100,109,5,2,6.19,91,,,1,1,2
6736,111,5,2,6.19,252,,,2,4,6
8844,114,5,2,6.18,116,,,1,4,5
14421,120,5,2,6.18,28,,,0,4,4
13592,111,5,2,6.17,290,,,2,9,11
8780,111,5,2,6.17,357,,,4,7,11
136,105,5,2,6.17,120,,,1,3,4
4042,116,5,2,6.17,9,,,0,1,1
5559,110,5,2,6.17,31,,,0,1,1
11798,112,5,2,6.17,24,,,0,1,1
14345,124,5,2,6.17,293,,,3,11,14
8100,115,5,2,6.17,487,,1.0,4,18,22
1682,108,5,2,6.17,57,,,0,7,7
14367,115,5,2,6.17,274,1.0,,1,11,12
269,105,5,2,6.17,48,,1.0,0,7,7
5529,120,5,2,6.16,108,,,1,4,5
9513,121,5,2,6.16,9,,,0,1,1
6688,110,5,2,6.16,198,,,2,5,7
8848,120,5,2,6.15,202,,,1,10,11
9616,112,5,2,6.15,17,,,0,2,2
6321,113,5,2,6.15,109,,,1,5,6
4231,116,5,2,6.15,94,,,1,2,3
997,120,5,2,6.15,307,,,2,9,11
6201,116,5,2,6.14,108,,,0,8,8
12443,115,5,2,6.14,121,,,0,9,9
1778,110,5,2,6.14,151,,,0,5,5
13195,123,5,2,6.14,5,,,0,2,2
2551,120,5,2,6.14,1,,,0,1,1
7092,113,5,2,6.14,749,,,7,6,13
2501,119,5,2,6.13,25,,,0,3,3
5594,116,5,2,6.13,182,,,2,4,6
6499,123,5,2,6.13,688,,,9,9,18
14481,106,5,2,6.12,231,,,2,3,5
5029,111,5,2,6.12,474,1.0,,5,8,13
5419,105,5,2,6.12,8,,,0,2,2
11871,107,5,2,6.11,518,,,6,13,19
12564,107,5,2,6.11,591,1.0,1.0,4,19,23
10381,114,5,2,6.1,80,1.0,,0,9,9
13380,120,5,2,6.1,311,,,3,6,9
204,116,5,2,6.1,9,,,0,1,1
1647,110,5,2,6.1,90,,,1,0,1
12961,107,5,2,6.09,18,,,0,4,4
3881,107,5,2,6.09,243,,,2,8,10
127,123,5,2,6.09,126,,1.0,1,8,9
3692,114,5,2,6.09,155,,,0,10,10
288,111,5,2,6.09,5,,,0,2,2
3085,117,5,2,6.09,16,,,0,1,1
7712,112,5,2,6.09,3,,,0,1,1
12271,117,5,2,6.09,360,,1.0,2,17,19
1921,113,5,2,6.08,273,,,1,11,12
8818,113,5,2,6.08,151,,,1,4,5
5246,113,5,2,6.08,142,,,1,6,7
13191,107,5,2,6.08,215,,1.0,1,11,12
1990,105,5,2,6.07,209,,,1,17,18
5612,110,5,2,6.07,259,,,2,3,5
4136,119,5,2,6.07,46,,,0,3,3
6438,106,5,2,6.07,196,,,1,11,12
12586,109,5,2,6.07,184,,,2,4,6
14349,115,5,2,6.05,12,,,0,1,1
3307,110,5,2,6.04,45,,,0,1,1
8029,119,5,2,6.04,8,,,0,1,1
8861,111,5,2,6.04,7,,,0,1,1
3761,123,5,2,6.03,22,,,0,3,3
3455,111,5,2,6.03,270,,,4,3,7
8510,114,5,2,6.03,6,,,0,1,1
13487,109,5,2,6.03,44,,,0,3,3
315,106,5,2,6.02,53,,,0,5,5
1161,109,5,2,6.02,8,,,0,2,2
3528,121,5,2,6.02,3,,,0,2,2
5474,119,5,2,6.02,9,,,0,1,1
8558,105,5,2,6.02,10,,,0,1,1
10222,106,5,2,6.02,28,,,0,2,2
13040,112,5,2,6.02,16,,,0,2,2
1658,105,5,2,6.01,84,,,0,7,7
129,113,5,2,6.01,196,,,2,4,6
1992,117,5,2,6.01,9,,,0,2,2
196,120,5,2,6.0,77,,,0,9,9
16,109,5,2,6.0,1,,,0,1,1
4875,121,5,2,6.0,1,,,1,0,1
7960,116,5,2,6.0,1,,,0,1,1
10907,112,5,2,6.0,1,,,0,1,1
7848,106,5,2,6.0,165,,,1,6,7
7489,105,5,2,5.99,16,,,0,1,1
5589,109,5,2,5.99,41,,,1,1,2
60,106,5,2,5.98,3,,,0,1,1
1709,109,5,2,5.98,128,,,1,8,9
5459,116,5,2,5.98,10,,,0,2,2
10183,123,5,2,5.97,12,,,0,2,2
13216,116,5,2,5.97,80,,,0,4,4
5657,106,5,2,5.97,93,,,1,2,3
2428,111,5,2,5.95,11,,,0,1,1
5569,109,5,2,5.95,2,,,0,1,1
6348,108,5,2,5.95,90,,,1,0,1
13202,108,5,2,5.94,117,,,1,3,4
5865,106,5,2,5.93,13,,,0,1,1
3321,116,5,2,5.92,23,,,0,1,1
12322,110,5,2,5.92,16,,,0,1,1
8352,110,5,2,5.9,90,,,1,0,1
11988,111,5,2,5.89,270,,,3,0,3
11379,123,5,2,5.87,7,,,0,1,1
255,110,5,2,5.86,31,,,0,1,1
1370,114,5,2,5.86,8,,,0,1,1
5033,110,5,2,5.8,6,,,0,1,1
1781,116,5,2,4.82,9,,,1,0,1
1884,121,5,3,7.99,81,1.0,,1,0,1
1515,119,5,3,7.81,90,,1.0,1,0,1
8275,124,5,3,7.73,90,,,1,0,1
11186,119,5,3,7.65,1737,21.0,6.0,20,9,29
5810,114,5,3,7.55,180,,,2,0,2
984,112,5,3,7.51,1052,10.0,3.0,12,2,14
9394,112,5,3,7.38,2819,21.0,5.0,32,2,34
7728,119,5,3,7.34,920,4.0,3.0,11,3,14
1194,123,5,3,7.33,2857,10.0,3.0,32,0,32
10047,114,5,3,7.31,1240,13.0,2.0,16,0,16
139,119,5,3,7.3,2068,4.0,6.0,24,1,25
11915,111,5,3,7.3,2048,8.0,11.0,22,8,30
2072,119,5,3,7.25,2194,14.0,10.0,27,7,34
4858,104,5,3,7.23,2707,10.0,11.0,31,3,34
3371,119,5,3,7.21,1735,6.0,6.0,18,13,31
6861,117,5,3,7.2,2312,3.0,8.0,27,1,28
4184,117,5,3,7.19,2575,12.0,8.0,30,3,33
274,112,5,3,7.14,2483,9.0,4.0,27,2,29
3476,123,5,3,7.13,2512,6.0,8.0,29,1,30
6603,119,5,3,7.11,1851,3.0,8.0,22,7,29
13359,104,5,3,7.1,180,,,2,0,2
1876,109,5,3,7.09,2693,,3.0,30,0,30
10311,116,5,3,7.08,2626,8.0,10.0,31,1,32
8568,121,5,3,7.08,2302,6.0,8.0,26,3,29
6457,121,5,3,7.07,929,,1.0,11,0,11
8073,119,5,3,7.07,1669,6.0,6.0,19,11,30
8563,105,5,3,7.07,2505,13.0,2.0,29,2,31
2746,111,5,3,7.06,2334,7.0,4.0,27,5,32
4855,117,5,3,7.05,1840,11.0,4.0,20,8,28
8775,114,5,3,7.05,2408,5.0,10.0,27,5,32
11650,112,5,3,7.05,2666,2.0,4.0,30,0,30
3753,109,5,3,7.05,986,4.0,1.0,12,0,12
7267,104,5,3,7.04,2643,6.0,,30,0,30
10948,119,5,3,7.03,1676,1.0,3.0,19,5,24
7646,108,5,3,7.02,1080,,,12,0,12
14097,119,5,3,7.01,2036,5.0,1.0,20,9,29
3968,120,5,3,7.01,1260,,,14,0,14
3335,114,5,3,7.01,2148,6.0,4.0,24,2,26
5423,117,5,3,7.0,2439,2.0,3.0,27,2,29
13416,114,5,3,7.0,2385,4.0,,27,0,27
3456,123,5,3,7.0,2580,2.0,7.0,29,3,32
11714,108,5,3,6.99,1389,4.0,2.0,16,2,18
3555,123,5,3,6.99,2790,,,31,0,31
7958,114,5,3,6.99,2067,2.0,7.0,25,4,29
8594,112,5,3,6.99,2623,7.0,7.0,29,4,33
9024,119,5,3,6.98,620,2.0,4.0,8,4,12
9472,108,5,3,6.98,1260,,,14,0,14
7351,108,5,3,6.97,687,,,8,2,10
5283,104,5,3,6.96,2109,10.0,2.0,26,0,26
6866,109,5,3,6.96,2558,16.0,5.0,28,4,32
3978,123,5,3,6.96,2308,14.0,3.0,27,0,27
3630,104,5,3,6.94,2880,,2.0,32,0,32
7384,120,5,3,6.93,2702,4.0,3.0,31,2,33
9887,117,5,3,6.93,1942,2.0,1.0,22,2,24
13927,123,5,3,6.93,1166,,2.0,14,0,14
7520,123,5,3,6.93,270,,,3,0,3
10546,108,5,3,6.93,1587,8.0,1.0,17,7,24
9271,119,5,3,6.93,1725,2.0,,19,3,22
14533,117,5,3,6.92,1934,3.0,,22,1,23
8238,121,5,3,6.91,1236,1.0,1.0,14,0,14
13966,114,5,3,6.91,2077,1.0,3.0,23,6,29
2768,124,5,3,6.91,2705,1.0,3.0,31,1,32
11386,116,5,3,6.91,416,,,4,1,5
2453,124,5,3,6.91,2593,3.0,1.0,29,2,31
10724,111,5,3,6.91,1905,3.0,1.0,22,2,24
13492,109,5,3,6.9,405,,,4,3,7
5196,123,5,3,6.9,2717,1.0,2.0,30,2,32
509,114,5,3,6.9,1155,3.0,,13,6,19
9017,117,5,3,6.9,3060,,,34,0,34
8790,105,5,3,6.9,2669,5.0,3.0,31,3,34
10502,116,5,3,6.9,1513,,,17,1,18
14437,120,5,3,6.89,3060,,,34,0,34
281,108,5,3,6.89,2626,3.0,7.0,31,2,33
2151,121,5,3,6.89,1530,,,17,0,17
104,108,5,3,6.89,976,,,11,2,13
14631,122,5,3,6.88,2788,9.0,8.0,32,1,33
739,111,5,3,6.88,2061,15.0,2.0,24,6,30
14247,119,5,3,6.88,2131,,1.0,23,5,28
14329,103,5,3,6.88,2970,,,33,0,33
14200,114,5,3,6.87,2093,1.0,2.0,23,4,27
1542,124,5,3,6.87,2698,2.0,2.0,31,1,32
5023,104,5,3,6.87,2284,,1.0,26,3,29
3642,116,5,3,6.87,2317,4.0,2.0,28,0,28
4215,119,5,3,6.87,1923,4.0,5.0,21,9,30
5259,109,5,3,6.87,1767,5.0,3.0,21,4,25
2208,114,5,3,6.87,1933,,6.0,21,6,27
831,121,5,3,6.85,807,,,10,1,11
3529,121,5,3,6.84,1130,1.0,,14,0,14
5132,119,5,3,6.84,1064,10.0,3.0,12,10,22
1521,121,5,3,6.84,2592,17.0,3.0,31,2,33
4828,124,5,3,6.84,2161,,6.0,23,7,30
5414,108,5,3,6.83,450,,,5,0,5
9278,120,5,3,6.83,1694,4.0,2.0,19,0,19
1715,121,5,3,6.83,2079,1.0,3.0,23,6,29
817,117,5,3,6.83,1398,5.0,2.0,17,8,25
8530,111,5,3,6.82,2970,,,33,0,33
5030,111,5,3,6.81,186,2.0,,2,1,3
1753,117,5,3,6.81,932,,,11,2,13
786,109,5,3,6.81,2700,1.0,1.0,30,0,30
13286,117,5,3,6.81,1134,1.0,2.0,12,6,18
11642,105,5,3,6.81,1530,2.0,2.0,17,3,20
1331,121,5,3,6.8,973,,,11,0,11
8137,112,5,3,6.8,2276,,,27,0,27
10229,114,5,3,6.8,1021,1.0,,11,4,15
8539,122,5,3,6.79,1897,12.0,4.0,23,5,28
7334,105,5,3,6.79,1379,,1.0,15,1,16
287,121,5,3,6.79,2755,2.0,2.0,31,2,33
5834,107,5,3,6.78,1905,5.0,4.0,21,8,29
2127,105,5,3,6.78,2417,1.0,,27,0,27
363,114,5,3,6.78,382,1.0,1.0,3,7,10
3823,114,5,3,6.77,1753,6.0,3.0,19,14,33
6871,108,5,3,6.77,2116,,,24,1,25
8002,104,5,3,6.77,2308,5.0,8.0,25,9,34
11627,122,5,3,6.77,2579,1.0,,29,0,29
7567,120,5,3,6.77,2662,11.0,2.0,31,1,32
10308,120,5,3,6.77,1126,,1.0,13,0,13
92,105,5,3,6.77,1712,1.0,,19,3,22
10113,119,5,3,6.77,381,,,4,1,5
8816,111,5,3,6.76,1587,5.0,4.0,16,13,29
5818,109,5,3,6.76,907,,1.0,10,6,16
14056,124,5,3,6.76,2410,5.0,1.0,27,2,29
12332,108,5,3,6.76,1130,1.0,2.0,13,3,16
7598,105,5,3,6.76,2686,3.0,2.0,29,1,30
2150,108,5,3,6.76,1350,,,15,0,15
2392,120,5,3,6.76,2192,,1.0,26,2,28
4882,107,5,3,6.75,2770,2.0,1.0,31,0,31
12256,105,5,3,6.75,1262,6.0,4.0,14,12,26
95,107,5,3,6.75,2331,10.0,1.0,26,2,28
13458,109,5,3,6.75,1926,2.0,,21,9,30
5426,103,5,3,6.75,2849,6.0,1.0,32,0,32
7141,124,5,3,6.75,1683,6.0,3.0,21,7,28
2692,111,5,3,6.75,2370,,4.0,27,2,29
14352,107,5,3,6.75,973,,2.0,9,8,17
14158,119,5,3,6.75,2053,1.0,2.0,23,6,29
5786,112,5,3,6.75,652,,2.0,8,4,12
14362,124,5,3,6.75,2343,5.0,4.0,27,4,31
4399,123,5,3,6.74,1784,4.0,3.0,20,7,27
7095,120,5,3,6.74,1701,1.0,,20,2,22
1941,119,5,3,6.74,2011,1.0,,22,3,25
8302,121,5,3,6.74,2363,3.0,4.0,27,5,32
2636,107,5,3,6.74,1170,,2.0,13,0,13
13947,112,5,3,6.74,1564,3.0,1.0,17,8,25
3656,111,5,3,6.73,1585,1.0,,17,2,19
1732,109,5,3,6.73,2767,4.0,1.0,31,0,31
7640,104,5,3,6.73,1459,,,16,6,22
12732,123,5,3,6.73,2124,6.0,4.0,26,5,31
9668,116,5,3,6.73,2789,9.0,2.0,33,1,34
1526,115,5,3,6.73,1172,4.0,1.0,14,2,16
11869,124,5,3,6.73,624,,1.0,7,0,7
2679,104,5,3,6.72,2495,,1.0,29,2,31
8483,109,5,3,6.72,3060,,,34,0,34
4548,103,5,3,6.72,2679,1.0,2.0,31,2,33
326,111,5,3,6.71,1978,1.0,4.0,20,12,32
1001,112,5,3,6.71,2437,1.0,3.0,27,3,30
4956,112,5,3,6.71,3060,,,34,0,34
11976,109,5,3,6.71,1012,1.0,2.0,12,11,23
10275,117,5,3,6.7,236,3.0,,3,3,6
4904,112,5,3,6.7,2021,,,22,3,25
992,112,5,3,6.7,522,2.0,4.0,8,5,13
9498,105,5,3,6.7,1574,2.0,7.0,18,11,29
12459,116,5,3,6.7,800,1.0,,9,0,9
5244,123,5,3,6.7,2357,4.0,5.0,27,3,30
3546,124,5,3,6.69,2106,,3.0,24,4,28
8118,121,5,3,6.69,1228,1.0,,14,2,16
13331,115,5,3,6.69,2367,2.0,5.0,27,4,31
10167,117,5,3,6.68,856,,,10,2,12
10343,111,5,3,6.68,2725,,,30,1,31
1946,122,5,3,6.68,90,,,1,0,1
13273,114,5,3,6.68,2246,6.0,3.0,27,4,31
5315,103,5,3,6.68,1795,,1.0,21,1,22
6341,103,5,3,6.67,1978,2.0,,26,0,26
7169,107,5,3,6.66,2007,4.0,3.0,23,4,27
6927,103,5,3,6.66,3060,,1.0,34,0,34
944,120,5,3,6.66,1300,,,17,7,24
13920,120,5,3,6.65,2867,1.0,,33,1,34
12790,119,5,3,6.65,802,2.0,2.0,8,12,20
4280,108,5,3,6.65,2547,,1.0,29,0,29
7393,105,5,3,6.65,123,1.0,,2,0,2
8103,122,5,3,6.65,2637,,3.0,29,2,31
14422,120,5,3,6.65,638,1.0,1.0,8,4,12
4813,104,5,3,6.65,1657,1.0,,20,0,20
5021,119,5,3,6.64,2092,,,24,0,24
13014,104,5,3,6.64,1946,3.0,2.0,22,1,23
8862,123,5,3,6.64,2368,,1.0,27,0,27
2119,114,5,3,6.64,1845,6.0,4.0,19,10,29
9224,124,5,3,6.64,2498,1.0,1.0,29,1,30
7373,107,5,3,6.63,954,1.0,2.0,11,0,11
13038,117,5,3,6.63,1050,6.0,4.0,8,20,28
4880,122,5,3,6.63,3060,,,34,0,34
4311,103,5,3,6.63,1905,2.0,3.0,22,10,32
10220,117,5,3,6.63,1639,3.0,4.0,21,6,27
10155,109,5,3,6.63,1140,3.0,2.0,14,10,24
8360,116,5,3,6.62,814,2.0,1.0,8,8,16
7475,105,5,3,6.62,1318,3.0,2.0,13,17,30
3075,117,5,3,6.62,1967,,,21,4,25
7552,121,5,3,6.61,296,,2.0,3,7,10
7676,122,5,3,6.61,9,,,0,1,1
5121,108,5,3,6.61,895,4.0,,12,3,15
9528,109,5,3,6.61,1065,4.0,2.0,12,10,22
5735,122,5,3,6.6,1074,5.0,3.0,13,2,15
10708,116,5,3,6.6,2020,,2.0,23,3,26
6526,108,5,3,6.6,600,1.0,,7,3,10
2654,109,5,3,6.6,639,3.0,1.0,6,8,14
3841,104,5,3,6.6,2356,1.0,3.0,28,0,28
12836,120,5,3,6.6,2526,2.0,3.0,29,1,30
10239,117,5,3,6.6,2195,,,25,2,27
11122,109,5,3,6.6,1286,3.0,3.0,10,20,30
4923,111,5,3,6.6,1433,11.0,6.0,13,21,34
9403,105,5,3,6.59,1682,,,20,2,22
7732,104,5,3,6.59,2142,1.0,2.0,26,4,30
10328,115,5,3,6.58,1119,2.0,1.0,12,3,15
9720,119,5,3,6.58,878,,,9,1,10
4601,108,5,3,6.58,1802,1.0,1.0,22,9,31
12262,105,5,3,6.58,900,3.0,2.0,10,10,20
11181,103,5,3,6.58,253,,,3,0,3
4687,116,5,3,6.58,223,1.0,1.0,3,3,6
387,116,5,3,6.58,1080,,,12,0,12
5795,123,5,3,6.58,2647,1.0,1.0,31,0,31
11854,117,5,3,6.58,11,,,0,2,2
13386,111,5,3,6.57,949,1.0,4.0,9,7,16
1017,108,5,3,6.57,1409,2.0,2.0,16,12,28
3285,108,5,3,6.57,1806,1.0,4.0,20,7,27
1728,117,5,3,6.57,1094,3.0,3.0,11,15,26
8559,105,5,3,6.57,637,,,7,6,13
9506,107,5,3,6.57,1440,,,16,0,16
11747,114,5,3,6.57,1350,,,15,0,15
9031,105,5,3,6.57,2880,,,32,0,32
2589,114,5,3,6.57,1502,,,17,5,22
1315,116,5,3,6.57,1564,,,18,0,18
392,121,5,3,6.56,819,2.0,1.0,9,7,16
2644,121,5,3,6.56,1459,,,17,3,20
2278,103,5,3,6.56,2054,,1.0,25,3,28
4115,111,5,3,6.56,1056,3.0,1.0,13,10,23
10058,121,5,3,6.56,693,,,7,4,11
12456,111,5,3,6.56,737,1.0,3.0,9,4,13
10004,122,5,3,6.56,2305,1.0,2.0,25,1,26
5310,121,5,3,6.56,1681,,,18,8,26
11821,119,5,3,6.55,351,2.0,1.0,2,8,10
14601,124,5,3,6.55,1910,7.0,2.0,22,4,26
124,111,5,3,6.55,1091,1.0,1.0,12,7,19
13594,116,5,3,6.55,513,1.0,2.0,6,6,12
13081,114,5,3,6.55,1025,,1.0,12,9,21
11724,112,5,3,6.55,1602,1.0,3.0,21,6,27
6442,117,5,3,6.55,1055,1.0,1.0,12,9,21
4795,109,5,3,6.55,1788,2.0,,20,10,30
361,115,5,3,6.54,1080,3.0,1.0,13,2,15
1547,107,5,3,6.54,1251,3.0,,16,0,16
6737,116,5,3,6.54,2055,2.0,1.0,23,6,29
10315,116,5,3,6.54,1247,5.0,,11,19,30
13645,117,5,3,6.54,767,1.0,,7,15,22
6925,121,5,3,6.54,1181,,1.0,14,9,23
11585,114,5,3,6.54,1710,,,19,0,19
7577,116,5,3,6.53,2165,1.0,,23,7,30
10444,108,5,3,6.53,590,,1.0,7,3,10
12452,111,5,3,6.53,956,,,12,2,14
10564,111,5,3,6.53,2025,,1.0,25,4,29
989,121,5,3,6.53,1036,3.0,2.0,11,8,19
12763,121,5,3,6.53,846,1.0,1.0,9,7,16
11260,117,5,3,6.53,1775,3.0,1.0,21,8,29
7841,107,5,3,6.52,854,3.0,1.0,10,6,16
10164,115,5,3,6.52,2145,2.0,,24,3,27
12497,123,5,3,6.52,319,2.0,,3,6,9
8496,119,5,3,6.52,876,,,10,6,16
13850,112,5,3,6.52,931,2.0,2.0,10,10,20
11731,115,5,3,6.52,1697,1.0,,20,7,27
6328,116,5,3,6.51,2623,,,30,0,30
10577,109,5,3,6.51,1194,,1.0,14,8,22
13295,111,5,3,6.51,1230,1.0,,13,12,25
10676,116,5,3,6.51,2052,1.0,,23,4,27
4603,122,5,3,6.51,1251,2.0,4.0,13,11,24
11985,108,5,3,6.51,635,2.0,1.0,6,8,14
3343,122,5,3,6.5,2126,,1.0,22,7,29
9774,111,5,3,6.5,571,,,6,3,9
6946,120,5,3,6.5,384,1.0,,6,1,7
1215,108,5,3,6.5,2236,1.0,2.0,27,7,34
4624,114,5,3,6.5,613,4.0,,7,6,13
6882,112,5,3,6.5,795,3.0,3.0,6,22,28
1710,109,5,3,6.49,1149,,1.0,11,13,24
332,109,5,3,6.49,1737,,,20,4,24
10822,115,5,3,6.49,583,,,7,0,7
13059,116,5,3,6.49,1327,1.0,3.0,15,10,25
3970,103,5,3,6.49,1335,1.0,,15,2,17
13076,105,5,3,6.49,438,,,5,2,7
14417,107,5,3,6.49,2111,2.0,,25,6,31
42,105,5,3,6.49,1239,7.0,2.0,14,13,27
6346,116,5,3,6.48,540,,,7,2,9
3362,112,5,3,6.48,1424,,,17,4,21
5803,121,5,3,6.48,464,2.0,1.0,4,9,13
8833,105,5,3,6.48,1148,2.0,3.0,12,15,27
4123,103,5,3,6.48,1629,9.0,,18,10,28
131,121,5,3,6.47,431,2.0,,4,9,13
14152,124,5,3,6.47,1020,1.0,1.0,11,13,24
14491,119,5,3,6.47,184,,,2,2,4
1347,117,5,3,6.47,820,,,8,10,18
8739,108,5,3,6.47,1466,6.0,1.0,16,5,21
6949,114,5,3,6.46,570,1.0,,8,8,16
1257,108,5,3,6.46,1044,1.0,1.0,11,12,23
1654,120,5,3,6.46,1978,,1.0,24,3,27
6300,124,5,3,6.45,1106,,,12,6,18
8288,107,5,3,6.45,2463,,,28,3,31
11789,124,5,3,6.45,454,,1.0,5,8,13
6952,111,5,3,6.45,1556,2.0,,19,8,27
1243,109,5,3,6.45,740,1.0,1.0,10,4,14
1069,109,5,3,6.45,1283,,,16,4,20
4047,115,5,3,6.45,1903,,,21,6,27
10329,121,5,3,6.45,568,1.0,,7,4,11
1673,119,5,3,6.45,180,,,2,0,2
1900,115,5,3,6.44,2700,,,30,0,30
10529,112,5,3,6.44,1045,4.0,4.0,13,9,22
1577,107,5,3,6.44,1620,,,18,0,18
14477,107,5,3,6.43,798,,,9,4,13
5532,119,5,3,6.43,337,1.0,1.0,4,5,9
11491,116,5,3,6.43,2363,,2.0,28,2,30
1181,123,5,3,6.43,537,,,6,4,10
7771,115,5,3,6.43,755,,,8,3,11
8243,103,5,3,6.43,1315,,3.0,14,15,29
3875,112,5,3,6.42,577,3.0,1.0,7,6,13
2391,103,5,3,6.42,270,,,3,0,3
8004,104,5,3,6.42,41,1.0,,0,3,3
11170,120,5,3,6.42,1641,4.0,1.0,20,6,26
9385,122,5,3,6.42,127,,,2,0,2
5485,105,5,3,6.41,2331,1.0,,27,5,32
3673,122,5,3,6.41,2017,1.0,,22,3,25
1881,122,5,3,6.41,1775,1.0,,20,5,25
5293,108,5,3,6.41,401,1.0,,1,16,17
2834,107,5,3,6.4,564,1.0,,6,6,12
8779,107,5,3,6.4,581,,1.0,6,9,15
11920,104,5,3,6.4,721,1.0,,7,6,13
8365,122,5,3,6.4,1045,,1.0,12,12,24
8849,120,5,3,6.4,843,2.0,1.0,5,23,28
1342,107,5,3,6.4,934,,2.0,9,17,26
10918,119,5,3,6.39,76,,,0,2,2
13571,107,5,3,6.39,1110,1.0,,12,8,20
14619,103,5,3,6.39,842,2.0,,8,16,24
6908,105,5,3,6.39,794,,,8,3,11
81,103,5,3,6.38,1511,,,16,3,19
1637,122,5,3,6.38,735,3.0,,8,9,17
13284,115,5,3,6.38,1488,3.0,,17,8,25
5116,121,5,3,6.38,662,,1.0,8,5,13
1756,121,5,3,6.38,480,,1.0,5,5,10
5212,124,5,3,6.38,2545,,1.0,29,0,29
1062,107,5,3,6.38,1451,4.0,1.0,15,12,27
5297,104,5,3,6.38,1047,,,11,6,17
218,104,5,3,6.37,947,4.0,1.0,9,22,31
8806,108,5,3,6.37,1383,,,15,6,21
5175,105,5,3,6.37,180,,,2,0,2
13374,115,5,3,6.37,1018,1.0,,11,5,16
5536,105,5,3,6.36,355,1.0,1.0,4,8,12
13860,124,5,3,6.36,503,,,6,3,9
14540,117,5,3,6.36,202,2.0,1.0,2,9,11
11872,107,5,3,6.36,1056,1.0,,11,16,27
11681,116,5,3,6.36,16,,,0,1,1
5841,115,5,3,6.36,1160,1.0,,15,4,19
5432,120,5,3,6.36,884,,,9,6,15
4735,124,5,3,6.36,1514,5.0,1.0,17,14,31
9116,116,5,3,6.36,953,,1.0,10,10,20
39,123,5,3,6.35,948,1.0,,10,11,21
6541,103,5,3,6.35,1770,1.0,3.0,23,5,28
8812,120,5,3,6.35,108,,,2,1,3
1789,115,5,3,6.34,1803,,,21,1,22
6760,120,5,3,6.34,545,,,5,8,13
13352,104,5,3,6.34,935,2.0,1.0,11,18,29
7816,124,5,3,6.34,497,,,5,1,6
9502,122,5,3,6.33,733,1.0,,9,6,15
14410,103,5,3,6.33,1521,1.0,1.0,16,13,29
4918,114,5,3,6.33,708,3.0,2.0,6,17,23
4618,107,5,3,6.33,596,,,9,1,10
5420,105,5,3,6.33,20,,,0,1,1
12188,112,5,3,6.33,74,,,0,2,2
7719,115,5,3,6.33,1026,,,10,10,20
8514,115,5,3,6.33,716,1.0,,8,2,10
952,112,5,3,6.32,312,,1.0,2,8,10
4232,116,5,3,6.32,263,,,3,4,7
13187,121,5,3,6.32,1487,,,17,1,18
5399,121,5,3,6.32,59,1.0,,0,4,4
3725,105,5,3,6.32,1103,,1.0,12,7,19
5802,112,5,3,6.32,361,,,3,5,8
11195,107,5,3,6.32,995,,,12,2,14
10800,124,5,3,6.32,200,,1.0,2,7,9
13340,117,5,3,6.31,55,1.0,,0,5,5
11434,104,5,3,6.31,1002,,1.0,10,16,26
10709,115,5,3,6.31,447,,,4,5,9
6999,115,5,3,6.31,1899,1.0,,23,3,26
8627,112,5,3,6.31,122,,,2,2,4
1988,112,5,3,6.31,382,1.0,,5,10,15
3839,114,5,3,6.31,68,,,1,2,3
1622,104,5,3,6.31,661,,,7,10,17
10204,121,5,3,6.31,537,2.0,,5,7,12
1170,121,5,3,6.3,373,3.0,,2,15,17
14548,122,5,3,6.29,1032,,,11,5,16
14184,108,5,3,6.29,905,3.0,,11,13,24
13396,120,5,3,6.29,190,,,2,3,5
8845,114,5,3,6.29,7,,,0,1,1
13371,104,5,3,6.29,43,,,0,2,2
14323,117,5,3,6.29,155,,,2,1,3
12900,124,5,3,6.29,1180,4.0,2.0,11,19,30
4157,107,5,3,6.29,2320,,,26,2,28
5542,122,5,3,6.28,817,3.0,1.0,8,12,20
3313,124,5,3,6.28,220,,,2,6,8
321,122,5,3,6.27,1042,,1.0,13,9,22
9790,122,5,3,6.27,763,,,9,2,11
9921,116,5,3,6.27,165,1.0,,1,7,8
4134,109,5,3,6.26,216,,,1,9,10
13327,120,5,3,6.26,749,1.0,,9,8,17
5562,103,5,3,6.26,936,3.0,1.0,8,16,24
972,117,5,3,6.26,44,,,0,2,2
7174,121,5,3,6.26,332,1.0,,3,6,9
3984,107,5,3,6.26,651,,,7,8,15
7893,114,5,3,6.26,496,,,3,16,19
7541,114,5,3,6.26,391,,1.0,5,7,12
10181,109,5,3,6.26,306,2.0,1.0,4,8,12
77,120,5,3,6.25,130,,,1,3,4
11704,119,5,3,6.25,21,,,0,2,2
12461,123,5,3,6.25,1019,,1.0,11,1,12
5409,116,5,3,6.25,337,2.0,,2,17,19
11655,103,5,3,6.24,476,,,3,13,16
13653,108,5,3,6.24,271,,,2,8,10
1210,115,5,3,6.24,611,,,8,1,9
6829,105,5,3,6.24,490,1.0,,5,12,17
11937,120,5,3,6.24,78,,,0,4,4
11685,112,5,3,6.23,677,1.0,2.0,5,14,19
78,123,5,3,6.23,463,1.0,1.0,3,14,17
1993,117,5,3,6.23,76,,,1,1,2
10933,123,5,3,6.23,9,,,0,1,1
14322,115,5,3,6.23,947,,,10,4,14
13932,112,5,3,6.23,101,,,1,3,4
14124,115,5,3,6.23,1110,1.0,1.0,10,20,30
7375,123,5,3,6.23,291,,,2,6,8
4778,104,5,3,6.23,268,,,2,7,9
14581,122,5,3,6.22,796,,,10,2,12
6448,108,5,3,6.22,298,1.0,,1,7,8
10580,120,5,3,6.22,1154,,2.0,10,16,26
5986,103,5,3,6.22,694,,,7,11,18
1738,103,5,3,6.21,525,3.0,,5,13,18
11978,111,5,3,6.21,90,,,1,0,1
9205,103,5,3,6.21,306,,,3,5,8
1228,120,5,3,6.21,170,,,2,4,6
11299,123,5,3,6.2,76,1.0,,1,8,9
10868,124,5,3,6.2,165,2.0,,1,9,10
3281,116,5,3,6.2,89,,,0,12,12
3499,115,5,3,6.2,360,,,4,0,4
3722,124,5,3,6.2,8,,,0,1,1
11188,109,5,3,6.2,5,,,0,1,1
14205,111,5,3,6.2,71,,,1,3,4
12772,123,5,3,6.2,761,1.0,1.0,7,18,25
14141,111,5,3,6.19,7,,,0,1,1
2225,123,5,3,6.18,268,,1.0,3,3,6
6922,115,5,3,6.18,1782,,2.0,21,4,25
9509,122,5,3,6.17,858,,,9,8,17
1833,122,5,3,6.17,523,,,4,9,13
1838,104,5,3,6.17,4,,,0,1,1
11916,108,5,3,6.17,24,,,0,2,2
4553,116,5,3,6.17,241,,,3,6,9
14503,109,5,3,6.17,7,,,0,2,2
9383,123,5,3,6.16,221,,,1,9,10
8836,111,5,3,6.15,31,,,0,2,2
14020,117,5,3,6.15,32,,,0,4,4
14350,115,5,3,6.15,75,,,1,3,4
2005,115,5,3,6.15,298,,,2,6,8
4559,104,5,3,6.14,561,2.0,,4,22,26
8511,114,5,3,6.14,110,,,0,8,8
5595,116,5,3,6.14,231,,,1,10,11
7942,108,5,3,6.14,140,,,2,1,3
9325,108,5,3,6.14,83,,,0,7,7
12766,116,5,3,6.14,11,,,0,2,2
11142,123,5,3,6.13,12,,,0,2,2
8237,112,5,3,6.13,780,,,9,3,12
11164,115,5,3,6.13,354,1.0,1.0,2,10,12
11626,122,5,3,6.13,576,,,7,4,11
10037,124,5,3,6.12,248,,,1,18,19
6468,123,5,3,6.12,182,,,1,12,13
5609,122,5,3,6.12,23,,,0,3,3
10389,124,5,3,6.12,4,,,0,1,1
3762,123,5,3,6.12,87,,,0,10,10
1668,115,5,3,6.11,22,,,0,1,1
9289,120,5,3,6.11,25,,,0,1,1
4022,103,5,3,6.11,32,,,0,2,2
4789,115,5,3,6.11,50,,,0,6,6
7407,103,5,3,6.11,29,,,0,2,2
7713,112,5,3,6.1,2,,,0,1,1
3147,108,5,3,6.1,349,,,3,8,11
3558,122,5,3,6.1,180,,,3,5,8
998,120,5,3,6.09,362,,,2,15,17
5568,122,5,3,6.09,341,,,2,8,10
14621,103,5,3,6.09,342,,,4,6,10
5838,117,5,3,6.08,16,,,0,4,4
1683,121,5,3,6.08,2,,,0,1,1
13336,111,5,3,6.08,1,,,0,1,1
10395,109,5,3,6.08,323,1.0,,3,7,10
11705,103,5,3,6.08,25,,,0,2,2
11107,111,5,3,6.07,68,,,1,0,1
12565,107,5,3,6.07,79,,,0,6,6
4810,120,5,3,6.07,80,,,0,6,6
1659,105,5,3,6.07,24,,,0,2,2
7377,115,5,3,6.06,434,,,4,11,15
7961,122,5,3,6.06,216,,,3,4,7
4291,115,5,3,6.05,1236,,1.0,14,2,16
13192,107,5,3,6.05,284,,,2,6,8
12478,105,5,3,6.05,3,,,0,2,2
10452,121,5,3,6.04,55,,,0,3,3
619,124,5,3,6.04,18,,,0,1,1
12922,103,5,3,6.04,322,,,3,4,7
14475,104,5,3,6.04,4,,,0,2,2
6358,116,5,3,6.03,210,,,2,12,14
4044,112,5,3,6.03,22,,,0,2,2
5688,107,5,3,6.03,228,,,3,9,12
1749,112,5,3,6.02,24,,,0,3,3
5247,120,5,3,6.02,388,,1.0,2,9,11
10178,120,5,3,6.02,9,,,0,2,2
4876,121,5,3,6.01,45,,,0,1,1
6539,122,5,3,6.01,4,,,0,1,1
14197,115,5,3,6.01,398,,,3,5,8
6931,117,5,3,6.01,33,,,0,2,2
13426,123,5,3,6.01,8,,,0,2,2
13356,115,5,3,6.0,180,,,2,2,4
289,111,5,3,6.0,1,,,0,1,1
749,112,5,3,6.0,11,,,0,1,1
1293,122,5,3,6.0,1,,,0,1,1
7971,103,5,3,6.0,7,,,0,2,2
8292,103,5,3,6.0,20,,,0,1,1
10189,120,5,3,6.0,14,,,0,2,2
5284,105,5,3,6.0,28,,,0,4,4
3117,112,5,3,5.99,13,,,1,2,3
10126,123,5,3,5.98,11,,,0,2,2
6462,105,5,3,5.98,101,,,1,1,2
1687,122,5,3,5.97,124,,,1,4,5
12382,104,5,3,5.97,62,,,0,5,5
1229,104,5,3,5.97,11,,,0,2,2
17,109,5,3,5.97,1,,,0,1,1
865,107,5,3,5.97,2,,,0,1,1
7944,121,5,3,5.97,121,,,1,5,6
4786,108,5,3,5.96,10,,,0,1,1
7581,108,5,3,5.96,3,,,0,1,1
4318,112,5,3,5.95,8,,,0,1,1
1469,104,5,3,5.94,13,,,0,3,3
9453,107,5,3,5.94,5,,,0,1,1
12960,115,5,3,5.94,7,,,0,2,2
13120,115,5,3,5.94,241,,,2,5,7
488,111,5,3,5.92,19,,,0,1,1
10582,120,5,3,5.91,45,,,0,4,4
4119,104,5,3,5.9,13,,,0,2,2
8781,111,5,3,5.9,15,,,0,2,2
12466,114,5,3,5.89,96,,,1,2,3
5626,120,5,3,5.89,2,,,0,1,1
7525,123,5,3,5.89,4,,,0,1,1
7478,107,5,3,5.88,3,,,0,1,1
1949,117,5,3,5.87,13,,,0,1,1
2077,105,5,3,5.87,97,,,1,1,2
1750,115,5,3,5.82,429,,,6,1,7
9890,103,5,3,5.81,90,,,1,0,1
11422,111,5,3,5.79,19,,,0,2,2
3882,107,5,3,5.67,26,,,0,1,1
14589,120,5,3,5.46,18,,,0,2,2
